module	label	line	op_offset	code_words_until_next_label	executable_start	inferred_addr	status	known_name	known_addr	before_label	before_addr	before_delta	after_label	after_addr	after_delta	nearest_anchor
ATTRDRNE	ATTRACT_DELTA	73	0	34	1	0x000055C4	backward_extrapolated						LOAD_ATTR_LEG	0x00005A0E	1098	LOAD_ATTR_LEG
ATTRDRNE	aDELTA_LOOP	116	34	2	1	0x000055E6	backward_extrapolated						LOAD_ATTR_LEG	0x00005A0E	1064	LOAD_ATTR_LEG
ATTRDRNE	ADELTA2	120	36	7	1	0x000055E8	backward_extrapolated						LOAD_ATTR_LEG	0x00005A0E	1062	LOAD_ATTR_LEG
ATTRDRNE	ADELTA2A	128	43	3	1	0x000055EF	backward_extrapolated						LOAD_ATTR_LEG	0x00005A0E	1055	LOAD_ATTR_LEG
ATTRDRNE	DELTA_LOOP_ENTRY	134	46	4	1	0x000055F2	backward_extrapolated						LOAD_ATTR_LEG	0x00005A0E	1052	LOAD_ATTR_LEG
ATTRDRNE	sDELTA_LOOP	142	50	6	1	0x000055F6	backward_extrapolated						LOAD_ATTR_LEG	0x00005A0E	1048	LOAD_ATTR_LEG
ATTRDRNE	NO_OBJINS	149	56	4	1	0x000055FC	backward_extrapolated						LOAD_ATTR_LEG	0x00005A0E	1042	LOAD_ATTR_LEG
ATTRDRNE	LOGO_PROC	167	60	20	1	0x00005600	backward_extrapolated						LOAD_ATTR_LEG	0x00005A0E	1038	LOAD_ATTR_LEG
ATTRDRNE	LOGO_LOOP1	192	80	25	1	0x00005614	backward_extrapolated						LOAD_ATTR_LEG	0x00005A0E	1018	LOAD_ATTR_LEG
ATTRDRNE	LOGO2	222	105	24	1	0x0000562D	backward_extrapolated						LOAD_ATTR_LEG	0x00005A0E	993	LOAD_ATTR_LEG
ATTRDRNE	LOGOX	250	129	1	1	0x00005645	backward_extrapolated						LOAD_ATTR_LEG	0x00005A0E	969	LOAD_ATTR_LEG
ATTRDRNE	GET_LIST_ADDR	254	130	4	1	0x00005646	backward_extrapolated						LOAD_ATTR_LEG	0x00005A0E	968	LOAD_ATTR_LEG
ATTRDRNE	INIT_STARTING	314	134	15	1	0x0000564A	backward_extrapolated						LOAD_ATTR_LEG	0x00005A0E	964	LOAD_ATTR_LEG
ATTRDRNE	INIT_WATCH	334	149	6	1	0x00005659	backward_extrapolated						LOAD_ATTR_LEG	0x00005A0E	949	LOAD_ATTR_LEG
ATTRDRNE	INIW1	342	155	6	1	0x0000565F	backward_extrapolated						LOAD_ATTR_LEG	0x00005A0E	943	LOAD_ATTR_LEG
ATTRDRNE	INIW2	349	161	50	1	0x00005665	backward_extrapolated						LOAD_ATTR_LEG	0x00005A0E	937	LOAD_ATTR_LEG
ATTRDRNE	INIT_REVERS_CUP	411	211	15	1	0x00005697	backward_extrapolated						LOAD_ATTR_LEG	0x00005A0E	887	LOAD_ATTR_LEG
ATTRDRNE	INIT_CATCHUP	430	226	15	1	0x000056A6	backward_extrapolated						LOAD_ATTR_LEG	0x00005A0E	872	LOAD_ATTR_LEG
ATTRDRNE	INIT_LEAD	448	241	15	1	0x000056B5	backward_extrapolated						LOAD_ATTR_LEG	0x00005A0E	857	LOAD_ATTR_LEG
ATTRDRNE	INITROAD_VIEW	466	256	22	1	0x000056C4	backward_extrapolated						LOAD_ATTR_LEG	0x00005A0E	842	LOAD_ATTR_LEG
ATTRDRNE	TRY_AGAIN	495	278	6	1	0x000056DA	backward_extrapolated						LOAD_ATTR_LEG	0x00005A0E	820	LOAD_ATTR_LEG
ATTRDRNE	OK_FOUNDIT	502	284	11	1	0x000056E0	backward_extrapolated						LOAD_ATTR_LEG	0x00005A0E	814	LOAD_ATTR_LEG
ATTRDRNE	WATCH_VIEW	521	295	11	1	0x000056EB	backward_extrapolated						LOAD_ATTR_LEG	0x00005A0E	803	LOAD_ATTR_LEG
ATTRDRNE	WV1	534	306	21	1	0x000056F6	backward_extrapolated						LOAD_ATTR_LEG	0x00005A0E	792	LOAD_ATTR_LEG
ATTRDRNE	NO_WHOOSH	556	327	1	1	0x0000570B	backward_extrapolated						LOAD_ATTR_LEG	0x00005A0E	771	LOAD_ATTR_LEG
ATTRDRNE	REV_ROAD_VIEW	563	328	9	1	0x0000570C	backward_extrapolated						LOAD_ATTR_LEG	0x00005A0E	770	LOAD_ATTR_LEG
ATTRDRNE	ROAD_VIEW	578	337	13	1	0x00005715	backward_extrapolated						LOAD_ATTR_LEG	0x00005A0E	761	LOAD_ATTR_LEG
ATTRDRNE	RV1A	595	350	7	1	0x00005722	backward_extrapolated						LOAD_ATTR_LEG	0x00005A0E	748	LOAD_ATTR_LEG
ATTRDRNE	RV1B	604	357	9	1	0x00005729	backward_extrapolated						LOAD_ATTR_LEG	0x00005A0E	741	LOAD_ATTR_LEG
ATTRDRNE	RV1	615	366	4	1	0x00005732	backward_extrapolated						LOAD_ATTR_LEG	0x00005A0E	732	LOAD_ATTR_LEG
ATTRDRNE	LEAD_VIEW	622	370	9	1	0x00005736	backward_extrapolated						LOAD_ATTR_LEG	0x00005A0E	728	LOAD_ATTR_LEG
ATTRDRNE	MOVE_ROAD_CAMERA	636	379	5	1	0x0000573F	backward_extrapolated						LOAD_ATTR_LEG	0x00005A0E	719	LOAD_ATTR_LEG
ATTRDRNE	MRC1	642	384	43	1	0x00005744	backward_extrapolated						LOAD_ATTR_LEG	0x00005A0E	714	LOAD_ATTR_LEG
ATTRDRNE	USE_SLOPE	693	427	30	1	0x0000576F	backward_extrapolated						LOAD_ATTR_LEG	0x00005A0E	671	LOAD_ATTR_LEG
ATTRDRNE	NO_SLOPE	727	457	6	1	0x0000578D	backward_extrapolated						LOAD_ATTR_LEG	0x00005A0E	641	LOAD_ATTR_LEG
ATTRDRNE	MRCX	736	463	1	1	0x00005793	backward_extrapolated						LOAD_ATTR_LEG	0x00005A0E	635	LOAD_ATTR_LEG
ATTRDRNE	NEXT_ROAD	745	464	21	1	0x00005794	backward_extrapolated						LOAD_ATTR_LEG	0x00005A0E	634	LOAD_ATTR_LEG
ATTRDRNE	fcrx	777	485	1	1	0x000057A9	backward_extrapolated						LOAD_ATTR_LEG	0x00005A0E	613	LOAD_ATTR_LEG
ATTRDRNE	GETCAMDIR	786	486	42	1	0x000057AA	backward_extrapolated						LOAD_ATTR_LEG	0x00005A0E	612	LOAD_ATTR_LEG
ATTRDRNE	SET_LANE	838	528	6	1	0x000057D4	backward_extrapolated						LOAD_ATTR_LEG	0x00005A0E	570	LOAD_ATTR_LEG
ATTRDRNE	SL1	845	534	9	1	0x000057DA	backward_extrapolated						LOAD_ATTR_LEG	0x00005A0E	564	LOAD_ATTR_LEG
ATTRDRNE	SL2	856	543	2	1	0x000057E3	backward_extrapolated						LOAD_ATTR_LEG	0x00005A0E	555	LOAD_ATTR_LEG
ATTRDRNE	INIT_LANE	860	545	3	1	0x000057E5	backward_extrapolated						LOAD_ATTR_LEG	0x00005A0E	553	LOAD_ATTR_LEG
ATTRDRNE	DO_LANE_POS	869	548	25	1	0x000057E8	backward_extrapolated						LOAD_ATTR_LEG	0x00005A0E	550	LOAD_ATTR_LEG
ATTRDRNE	GET_ROAD_RADY	904	573	21	1	0x00005801	backward_extrapolated						LOAD_ATTR_LEG	0x00005A0E	525	LOAD_ATTR_LEG
ATTRDRNE	FIND_RACER	937	594	11	1	0x00005816	backward_extrapolated						LOAD_ATTR_LEG	0x00005A0E	504	LOAD_ATTR_LEG
ATTRDRNE	FR0	950	605	3	1	0x00005821	backward_extrapolated						LOAD_ATTR_LEG	0x00005A0E	493	LOAD_ATTR_LEG
ATTRDRNE	FR1	955	608	12	1	0x00005824	backward_extrapolated						LOAD_ATTR_LEG	0x00005A0E	490	LOAD_ATTR_LEG
ATTRDRNE	FR2A	972	620	3	1	0x00005830	backward_extrapolated						LOAD_ATTR_LEG	0x00005A0E	478	LOAD_ATTR_LEG
ATTRDRNE	FR2	976	623	3	1	0x00005833	backward_extrapolated						LOAD_ATTR_LEG	0x00005A0E	475	LOAD_ATTR_LEG
ATTRDRNE	FR2B	980	626	3	1	0x00005836	backward_extrapolated						LOAD_ATTR_LEG	0x00005A0E	472	LOAD_ATTR_LEG
ATTRDRNE	FRX	984	629	9	1	0x00005839	backward_extrapolated						LOAD_ATTR_LEG	0x00005A0E	469	LOAD_ATTR_LEG
ATTRDRNE	FRXX	993	638	2	1	0x00005842	backward_extrapolated						LOAD_ATTR_LEG	0x00005A0E	460	LOAD_ATTR_LEG
ATTRDRNE	FIND_CLOSEST_RACER	1006	640	8	1	0x00005844	backward_extrapolated						LOAD_ATTR_LEG	0x00005A0E	458	LOAD_ATTR_LEG
ATTRDRNE	FCR1	1016	648	31	1	0x0000584C	backward_extrapolated						LOAD_ATTR_LEG	0x00005A0E	450	LOAD_ATTR_LEG
ATTRDRNE	FCRX	1051	679	2	1	0x0000586B	backward_extrapolated						LOAD_ATTR_LEG	0x00005A0E	419	LOAD_ATTR_LEG
ATTRDRNE	FIND_TRACK	1061	681	1	1	0x0000586D	backward_extrapolated						LOAD_ATTR_LEG	0x00005A0E	417	LOAD_ATTR_LEG
ATTRDRNE	FDL	1063	682	6	1	0x0000586E	backward_extrapolated						LOAD_ATTR_LEG	0x00005A0E	416	LOAD_ATTR_LEG
ATTRDRNE	FDLX	1070	688	1	1	0x00005874	backward_extrapolated						LOAD_ATTR_LEG	0x00005A0E	410	LOAD_ATTR_LEG
ATTRDRNE	GET_MAP_CARBLK	1080	689	9	1	0x00005875	backward_extrapolated						LOAD_ATTR_LEG	0x00005A0E	409	LOAD_ATTR_LEG
ATTRDRNE	GMSX	1092	698	2	1	0x0000587E	backward_extrapolated						LOAD_ATTR_LEG	0x00005A0E	400	LOAD_ATTR_LEG
ATTRDRNE	FIND_MAP	1102	700	2	1	0x00005880	backward_extrapolated						LOAD_ATTR_LEG	0x00005A0E	398	LOAD_ATTR_LEG
ATTRDRNE	FIND_LP	1105	702	3	1	0x00005882	backward_extrapolated						LOAD_ATTR_LEG	0x00005A0E	396	LOAD_ATTR_LEG
ATTRDRNE	FINDX	1109	705	2	1	0x00005885	backward_extrapolated						LOAD_ATTR_LEG	0x00005A0E	393	LOAD_ATTR_LEG
ATTRDRNE	INITVIEW1_VIEW	1113	707	8	1	0x00005887	backward_extrapolated						LOAD_ATTR_LEG	0x00005A0E	391	LOAD_ATTR_LEG
ATTRDRNE	CUT_TO_VIEW2	1123	715	11	1	0x0000588F	backward_extrapolated						LOAD_ATTR_LEG	0x00005A0E	383	LOAD_ATTR_LEG
ATTRDRNE	INITVIEW2_VIEW	1137	726	8	1	0x0000589A	backward_extrapolated						LOAD_ATTR_LEG	0x00005A0E	372	LOAD_ATTR_LEG
ATTRDRNE	INITVIEW3_VIEW	1148	734	7	1	0x000058A2	backward_extrapolated						LOAD_ATTR_LEG	0x00005A0E	364	LOAD_ATTR_LEG
ATTRDRNE	FACE_FRONT	1160	741	5	1	0x000058A9	backward_extrapolated						LOAD_ATTR_LEG	0x00005A0E	357	LOAD_ATTR_LEG
ATTRDRNE	FIRST_PERSON	1167	746	37	1	0x000058AE	backward_extrapolated						LOAD_ATTR_LEG	0x00005A0E	352	LOAD_ATTR_LEG
ATTRDRNE	SECOND_PERSON	1215	783	11	1	0x000058D3	backward_extrapolated						LOAD_ATTR_LEG	0x00005A0E	315	LOAD_ATTR_LEG
ATTRDRNE	FFX1	1228	794	1	1	0x000058DE	backward_extrapolated						LOAD_ATTR_LEG	0x00005A0E	304	LOAD_ATTR_LEG
ATTRDRNE	FFX2	1230	795	9	1	0x000058DF	backward_extrapolated						LOAD_ATTR_LEG	0x00005A0E	303	LOAD_ATTR_LEG
ATTRDRNE	FFX3	1243	804	4	1	0x000058E8	backward_extrapolated						LOAD_ATTR_LEG	0x00005A0E	294	LOAD_ATTR_LEG
ATTRDRNE	FFX4	1249	808	8	1	0x000058EC	backward_extrapolated						LOAD_ATTR_LEG	0x00005A0E	290	LOAD_ATTR_LEG
ATTRDRNE	FFX	1260	816	2	1	0x000058F4	backward_extrapolated						LOAD_ATTR_LEG	0x00005A0E	282	LOAD_ATTR_LEG
ATTRDRNE	SMOOTH_VECTOR	1272	818	10	1	0x000058F6	backward_extrapolated						LOAD_ATTR_LEG	0x00005A0E	280	LOAD_ATTR_LEG
ATTRDRNE	SV1	1286	828	2	1	0x00005900	backward_extrapolated						LOAD_ATTR_LEG	0x00005A0E	270	LOAD_ATTR_LEG
ATTRDRNE	SVX	1289	830	1	1	0x00005902	backward_extrapolated						LOAD_ATTR_LEG	0x00005A0E	268	LOAD_ATTR_LEG
ATTRDRNE	SERIOUSLY_NORMALIZE	1292	831	11	1	0x00005903	backward_extrapolated						LOAD_ATTR_LEG	0x00005A0E	267	LOAD_ATTR_LEG
ATTRDRNE	NORM_VECTOR	1304	842	7	1	0x0000590E	backward_extrapolated						LOAD_ATTR_LEG	0x00005A0E	256	LOAD_ATTR_LEG
ATTRDRNE	SET_SMOOTH_VIEW	1316	849	13	1	0x00005915	backward_extrapolated						LOAD_ATTR_LEG	0x00005A0E	249	LOAD_ATTR_LEG
ATTRDRNE	SMOOTH_VIEW	1335	862	28	1	0x00005922	backward_extrapolated						LOAD_ATTR_LEG	0x00005A0E	236	LOAD_ATTR_LEG
ATTRDRNE	SMOOTH_VIEWX	1375	890	1	1	0x0000593E	backward_extrapolated						LOAD_ATTR_LEG	0x00005A0E	208	LOAD_ATTR_LEG
ATTRDRNE	ZOOM_CAMERA	1380	891	17	1	0x0000593F	backward_extrapolated						LOAD_ATTR_LEG	0x00005A0E	207	LOAD_ATTR_LEG
ATTRDRNE	ZOOMLP	1399	908	13	1	0x00005950	backward_extrapolated						LOAD_ATTR_LEG	0x00005A0E	190	LOAD_ATTR_LEG
ATTRDRNE	ZOOM1	1413	921	10	1	0x0000595D	backward_extrapolated						LOAD_ATTR_LEG	0x00005A0E	177	LOAD_ATTR_LEG
ATTRDRNE	ZOOMX	1424	931	1	1	0x00005967	backward_extrapolated						LOAD_ATTR_LEG	0x00005A0E	167	LOAD_ATTR_LEG
ATTRDRNE	UPDATE_CAMERA	1434	932	23	1	0x00005968	backward_extrapolated						LOAD_ATTR_LEG	0x00005A0E	166	LOAD_ATTR_LEG
ATTRDRNE	loopA	1462	955	2	1	0x0000597F	backward_extrapolated						LOAD_ATTR_LEG	0x00005A0E	143	LOAD_ATTR_LEG
ATTRDRNE	SMOOTH_MATRIX	1465	957	7	1	0x00005981	backward_extrapolated						LOAD_ATTR_LEG	0x00005A0E	141	LOAD_ATTR_LEG
ATTRDRNE	loop	1473	964	1	1	0x00005988	backward_extrapolated						LOAD_ATTR_LEG	0x00005A0E	134	LOAD_ATTR_LEG
ATTRDRNE	UPCAMX	1475	965	4	1	0x00005989	backward_extrapolated						LOAD_ATTR_LEG	0x00005A0E	133	LOAD_ATTR_LEG
ATTRDRNE	CAMERA_HORIZON_PROJECTION	1522	969	7	1	0x0000598D	backward_extrapolated						LOAD_ATTR_LEG	0x00005A0E	129	LOAD_ATTR_LEG
ATTRDRNE	INIT_ATTR_LEG	1547	976	8	1	0x00005994	backward_extrapolated						LOAD_ATTR_LEG	0x00005A0E	122	LOAD_ATTR_LEG
ATTRDRNE	DOTEST	1567	984	6	1	0x0000599C	backward_extrapolated						LOAD_ATTR_LEG	0x00005A0E	114	LOAD_ATTR_LEG
ATTRDRNE	NO_MUSIC	1576	990	56	1	0x000059A2	backward_extrapolated						LOAD_ATTR_LEG	0x00005A0E	108	LOAD_ATTR_LEG
ATTRDRNE	ATTR_INIT_GAMELEG	1655	1046	52	1	0x000059DA	backward_extrapolated						LOAD_ATTR_LEG	0x00005A0E	52	LOAD_ATTR_LEG
ATTRDRNE	LOAD_ATTR_LEG	1693	1098	7	1	0x00005A0E	known	LOAD_ATTR_LEG	0x00005A0E	LOAD_ATTR_LEG	0x00005A0E	0	LOAD_ATTR_LEG	0x00005A0E	0	LOAD_ATTR_LEG
AUDITS	COMPUTE_FREEGAMES_PRCNT	64	0	13	1	0x000014B9	backward_extrapolated						AUDIT_DISPLAY	0x000014D0	23	AUDIT_DISPLAY
AUDITS	COMPUTE_GAMETIME	88	13	10	1	0x000014C6	backward_extrapolated						AUDIT_DISPLAY	0x000014D0	10	AUDIT_DISPLAY
AUDITS	AUDIT_DISPLAY	222	23	15	1	0x000014D0	known	AUDIT_DISPLAY	0x000014D0	AUDIT_DISPLAY	0x000014D0	0	AUDIT_DISPLAY	0x000014D0	0	AUDIT_DISPLAY
AUDITS	KKLL	237	38	25	1	0x000014DF	known	KKLL@AUDITS	0x000014DF	KKLL	0x000014DF	0	KKLL	0x000014DF	0	KKLL
AUDITS	LYTL	241	63	8	1	0x000014F8	known	LYTL@AUDITS	0x000014F8	LYTL	0x000014F8	0	LYTL	0x000014F8	0	LYTL
AUDITS	LLTT	246	71	14	1	0x00001500	known	LLTT@AUDITS	0x00001500	LLTT	0x00001500	0	LLTT	0x00001500	0	LLTT
AUDITS	NOCALL	263	85	1	1	0x0000150E	known	NOCALL@AUDITS	0x0000150E	NOCALL	0x0000150E	0	NOCALL	0x0000150E	0	NOCALL
AUDITS	J22AB	265	86	3	1	0x0000150F	known	J22AB@AUDITS	0x0000150F	J22AB	0x0000150F	0	J22AB	0x0000150F	0	J22AB
AUDITS	J22A	268	89	9	1	0x00001512	bounded_ok			J22AB	0x0000150F	3	JJTTA	0x0000151B	9	J22AB
AUDITS	JJTTA	280	98	2	1	0x0000151B	known	JJTTA@AUDITS	0x0000151B	JJTTA	0x0000151B	0	JJTTA	0x0000151B	0	JJTTA
AUDITS	LLRR	282	100	2	1	0x0000151D	known	LLRR@AUDITS	0x0000151D	LLRR	0x0000151D	0	LLRR	0x0000151D	0	LLRR
AUDITS	WL2A	288	102	11	1	0x0000151F	known	WL2A@AUDITS	0x0000151F	WL2A	0x0000151F	0	WL2A	0x0000151F	0	WL2A
AUDITS	NODIPPLOT	316	113	11	1	0x0000152A	known	NODIPPLOT@AUDITS	0x0000152A	NODIPPLOT	0x0000152A	0	NODIPPLOT	0x0000152A	0	NODIPPLOT
AUDITS	NOLOG	332	124	4	1	0x00001535	known	NOLOG@AUDITS	0x00001535	NOLOG	0x00001535	0	NOLOG	0x00001535	0	NOLOG
AUDITS	DBNCE	341	128	4	1	0x00001539	known	DBNCE@AUDITS	0x00001539	DBNCE	0x00001539	0	DBNCE	0x00001539	0	DBNCE
AUDITS	FFB2	346	132	2	1	0x0000153D	known	FFB2@AUDITS	0x0000153D	FFB2	0x0000153D	0	FFB2	0x0000153D	0	FFB2
AUDITS	RB44	349	134	5	1	0x0000153F	known	RB44@AUDITS	0x0000153F	RB44	0x0000153F	0	RB44	0x0000153F	0	RB44
AUDITS	KKLL5	354	139	4	1	0x00001544	known	KKLL5@AUDITS	0x00001544	KKLL5	0x00001544	0	KKLL5	0x00001544	0	KKLL5
AUDITS	KKL	360	143	1	1	0x00001548	known	KKL@AUDITS	0x00001548	KKL	0x00001548	0	KKL	0x00001548	0	KKL
AUDITS	WL266	365	144	4	1	0x00001549	known	WL266@AUDITS	0x00001549	WL266	0x00001549	0	WL266	0x00001549	0	WL266
BACKGRND	FIND_STARTING_VALUES	85	0	6	1	0x00003F80	known	FIND_STARTING_VALUES	0x00003F80	FIND_STARTING_VALUES	0x00003F80	0	FIND_STARTING_VALUES	0x00003F80	0	FIND_STARTING_VALUES
BACKGRND	LPP	94	6	4	1	0x00003F86	bounded_ok			FIND_STARTING_VALUES	0x00003F80	6	NOOVER	0x00003F8A	4	NOOVER
BACKGRND	NOOVER	98	10	3	1	0x00003F8A	known	NOOVER@BACKGRND	0x00003F8A	NOOVER	0x00003F8A	0	NOOVER	0x00003F8A	0	NOOVER
BACKGRND	CNT	101	13	3	1	0x00003F8D	known	CNT@BACKGRND	0x00003F8D	CNT	0x00003F8D	0	CNT	0x00003F8D	0	CNT
BACKGRND	CNTN	104	16	1	1	0x00003F90	known	CNTN@BACKGRND	0x00003F90	CNTN	0x00003F90	0	CNTN	0x00003F90	0	CNTN
BACKGRND	NOWARP	106	17	13	1	0x00003F91	known	NOWARP@BACKGRND	0x00003F91	NOWARP	0x00003F91	0	NOWARP	0x00003F91	0	NOWARP
BACKGRND	BGD_INIT	130	30	8	1	0x00003F9E	known	BGD_INIT	0x00003F9E	BGD_INIT	0x00003F9E	0	BGD_INIT	0x00003F9E	0	BGD_INIT
BACKGRND	REGULAR_START	161	38	11	1	0x00003FA6	bounded_ok			BGD_INIT	0x00003F9E	8	KKTIL	0x00003FB1	11	BGD_INIT
BACKGRND	KKTIL	177	49	22	1	0x00003FB1	known	KKTIL@BACKGRND	0x00003FB1	KKTIL	0x00003FB1	0	KKTIL	0x00003FB1	0	KKTIL
BACKGRND	NOOVERD	202	71	3	1	0x00003FC7	known	NOOVERD@BACKGRND	0x00003FC7	NOOVERD	0x00003FC7	0	NOOVERD	0x00003FC7	0	NOOVERD
BACKGRND	CNT55a	206	74	3	1	0x00003FCA	known	CNT55a@BACKGRND	0x00003FCA	CNT55a	0x00003FCA	0	CNT55a	0x00003FCA	0	CNT55a
BACKGRND	NOO2a	209	77	4	1	0x00003FCD	known	NOO2a@BACKGRND	0x00003FCD	NOO2a	0x00003FCD	0	NOO2a	0x00003FCD	0	NOO2a
BACKGRND	LPP5	221	81	19	1	0x00003FD1	bounded_ok			NOO2a	0x00003FCD	4	NOOVERE	0x00003FE4	19	NOO2a
BACKGRND	NOOVERE	241	100	3	1	0x00003FE4	known	NOOVERE@BACKGRND	0x00003FE4	NOOVERE	0x00003FE4	0	NOOVERE	0x00003FE4	0	NOOVERE
BACKGRND	CNT55d	244	103	3	1	0x00003FE7	known	CNT55d@BACKGRND	0x00003FE7	CNT55d	0x00003FE7	0	CNT55d	0x00003FE7	0	CNT55d
BACKGRND	NOO2d	247	106	8	1	0x00003FEA	known	NOO2d@BACKGRND	0x00003FEA	NOO2d	0x00003FEA	0	NOO2d	0x00003FEA	0	NOO2d
BACKGRND	BGD_SLP	269	114	2	1	0x00003FF2	known	BGD_SLP@BACKGRND	0x00003FF2	BGD_SLP	0x00003FF2	0	BGD_SLP	0x00003FF2	0	BGD_SLP
BACKGRND	BGD_WATCHER	272	116	6	1	0x00003FF4	known	BGD_WATCHER@BACKGRND	0x00003FF4	BGD_WATCHER	0x00003FF4	0	BGD_WATCHER	0x00003FF4	0	BGD_WATCHER
BACKGRND	LLKK	280	122	25	1	0x00003FFA	known	LLKK@BACKGRND	0x00003FFA	LLKK	0x00003FFA	0	LLKK	0x00003FFA	0	LLKK
BACKGRND	NOOVERA	325	147	3	1	0x00004013	known	NOOVERA@BACKGRND	0x00004013	NOOVERA	0x00004013	0	NOOVERA	0x00004013	0	NOOVERA
BACKGRND	CNTFF	328	150	3	1	0x00004016	known	CNTFF@BACKGRND	0x00004016	CNTFF	0x00004016	0	CNTFF	0x00004016	0	CNTFF
BACKGRND	NOO2FF	331	153	1	1	0x00004019	known	NOO2FF@BACKGRND	0x00004019	NOO2FF	0x00004019	0	NOO2FF	0x00004019	0	NOO2FF
BACKGRND	NO_ACTIVATION	342	154	27	1	0x0000401A	known	NO_ACTIVATION@BACKGRND	0x0000401A	NO_ACTIVATION	0x0000401A	0	NO_ACTIVATION	0x0000401A	0	NO_ACTIVATION
BACKGRND	NOOVERB	388	181	3	1	0x00004035	known	NOOVERB@BACKGRND	0x00004035	NOOVERB	0x00004035	0	NOOVERB	0x00004035	0	NOOVERB
BACKGRND	CNT55	391	184	3	1	0x00004038	known	CNT55@BACKGRND	0x00004038	CNT55	0x00004038	0	CNT55	0x00004038	0	CNT55
BACKGRND	NOO2	394	187	1	1	0x0000403B	known	NOO2@BACKGRND	0x0000403B	NOO2	0x0000403B	0	NOO2	0x0000403B	0	NOO2
BACKGRND	NOACT	397	188	14	1	0x0000403C	known	NOACT@BACKGRND	0x0000403C	NOACT	0x0000403C	0	NOACT	0x0000403C	0	NOACT
BACKGRND	GAMECHK	430	202	2	1	0x0000404A	known	GAMECHK@BACKGRND	0x0000404A	GAMECHK	0x0000404A	0	GAMECHK	0x0000404A	0	GAMECHK
BACKGRND	DO_DEL	433	204	14	1	0x0000404C	known	DO_DEL@BACKGRND	0x0000404C	DO_DEL	0x0000404C	0	DO_DEL	0x0000404C	0	DO_DEL
BACKGRND	SHIFT1	463	218	9	1	0x0000405A	known	SHIFT1@BACKGRND	0x0000405A	SHIFT1	0x0000405A	0	SHIFT1	0x0000405A	0	SHIFT1
BACKGRND	LL45	476	227	4	1	0x00004063	known	LL45@BACKGRND	0x00004063	LL45	0x00004063	0	LL45	0x00004063	0	LL45
BACKGRND	NODEACT	480	231	3	1	0x00004067	known	NODEACT@BACKGRND	0x00004067	NODEACT	0x00004067	0	NODEACT	0x00004067	0	NODEACT
BACKGRND	BGD_ACTIVATE_TYCOGROUP	514	234	18	1	0x0000406B	known	BGD_ACTIVATE_TYCOGROUP@BACKGRND	0x0000406B	BGD_ACTIVATE_TYCOGROUP	0x0000406B	0	BGD_ACTIVATE_TYCOGROUP	0x0000406B	0	BGD_ACTIVATE_TYCOGROUP
BACKGRND	NOTCORNFLAKE	566	272	12	1	0x00004091	known	NOTCORNFLAKE@BACKGRND	0x00004091	NOTCORNFLAKE	0x00004091	0	NOTCORNFLAKE	0x00004091	0	NOTCORNFLAKE
BACKGRND	NOVRDD	586	284	7	1	0x0000409D	known	NOVRDD@BACKGRND	0x0000409D	NOVRDD	0x0000409D	0	NOVRDD	0x0000409D	0	NOVRDD
BACKGRND	REG_LD	595	291	5	1	0x000040A4	bounded_ok			NOVRDD	0x0000409D	7	NOEXTRA	0x000040A9	5	NOEXTRA
BACKGRND	NOEXTRA	600	296	15	1	0x000040A9	known	NOEXTRA@BACKGRND	0x000040A9	NOEXTRA	0x000040A9	0	NOEXTRA	0x000040A9	0	NOEXTRA
BACKGRND	L12	626	311	20	1	0x000040B8	known	L12@BACKGRND	0x000040B8	L12	0x000040B8	0	L12	0x000040B8	0	L12
BACKGRND	ISOVER	659	331	32	1	0x000040CC	known	ISOVER@BACKGRND	0x000040CC	ISOVER	0x000040CC	0	ISOVER	0x000040CC	0	ISOVER
BACKGRND	NOTREVERSED	703	363	22	1	0x000040EC	bounded_ok			ISOVER	0x000040CC	32	JOIN_UP	0x00004102	22	JOIN_UP
BACKGRND	JOIN_UP	731	385	14	1	0x00004102	known	JOIN_UP@BACKGRND	0x00004102	JOIN_UP	0x00004102	0	JOIN_UP	0x00004102	0	JOIN_UP
BACKGRND	NOTBIGOBJ	756	399	16	1	0x00004110	known	NOTBIGOBJ@BACKGRND	0x00004110	NOTBIGOBJ	0x00004110	0	NOTBIGOBJ	0x00004110	0	NOTBIGOBJ
BACKGRND	NOTDRIVE	788	415	10	1	0x00004120	known	NOTDRIVE@BACKGRND	0x00004120	NOTDRIVE	0x00004120	0	NOTDRIVE	0x00004120	0	NOTDRIVE
BACKGRND	NOTGROUND	800	425	10	1	0x0000412A	known	NOTGROUND@BACKGRND	0x0000412A	NOTGROUND	0x0000412A	0	NOTGROUND	0x0000412A	0	NOTGROUND
BACKGRND	NOTSIGN	812	435	10	1	0x00004134	known	NOTSIGN@BACKGRND	0x00004134	NOTSIGN	0x00004134	0	NOTSIGN	0x00004134	0	NOTSIGN
BACKGRND	NOTRVSTRK	831	445	13	1	0x0000413E	known	NOTRVSTRK@BACKGRND	0x0000413E	NOTRVSTRK	0x0000413E	0	NOTRVSTRK	0x0000413E	0	NOTRVSTRK
BACKGRND	DONELISTS	854	458	2	1	0x0000414B	known	DONELISTS@BACKGRND	0x0000414B	DONELISTS	0x0000414B	0	DONELISTS	0x0000414B	0	DONELISTS
BACKGRND	ACTIVATE_X	858	460	16	1	0x0000414D	known	ACTIVATE_X@BACKGRND	0x0000414D	ACTIVATE_X	0x0000414D	0	ACTIVATE_X	0x0000414D	0	ACTIVATE_X
BACKGRND	CHECK2	885	476	20	1	0x0000415D	known	CHECK2@BACKGRND	0x0000415D	CHECK2	0x0000415D	0	CHECK2	0x0000415D	0	CHECK2
BACKGRND	UHNO2	912	496	10	1	0x00004171	known	UHNO2@BACKGRND	0x00004171	UHNO2	0x00004171	0	UHNO2	0x00004171	0	UHNO2
BACKGRND	CHECK2II	934	506	19	1	0x0000417B	known	CHECK2II@BACKGRND	0x0000417B	CHECK2II	0x0000417B	0	CHECK2II	0x0000417B	0	CHECK2II
BACKGRND	UHNO	962	525	11	1	0x0000418E	known	UHNO@BACKGRND	0x0000418E	UHNO	0x0000418E	0	UHNO	0x0000418E	0	UHNO
BACKGRND	NOOVERLAYGROUP	984	536	3	1	0x00004199	known	NOOVERLAYGROUP@BACKGRND	0x00004199	NOOVERLAYGROUP	0x00004199	0	NOOVERLAYGROUP	0x00004199	0	NOOVERLAYGROUP
BACKGRND	NO_NEWLOAD	1001	539	12	1	0x0000419C	known	NO_NEWLOAD@BACKGRND	0x0000419C	NO_NEWLOAD	0x0000419C	0	NO_NEWLOAD	0x0000419C	0	NO_NEWLOAD
BACKGRND	ADD_TO_NEWLIST	1036	551	8	1	0x000041A8	known	ADD_TO_NEWLIST@BACKGRND	0x000041A8	ADD_TO_NEWLIST	0x000041A8	0	ADD_TO_NEWLIST	0x000041A8	0	ADD_TO_NEWLIST
BACKGRND	REGADD	1047	559	3	1	0x000041B0	known	REGADD@BACKGRND	0x000041B0	REGADD	0x000041B0	0	REGADD	0x000041B0	0	REGADD
BACKGRND	ADDNOBJL	1052	562	6	1	0x000041B3	known	ADDNOBJL@BACKGRND	0x000041B3	ADDNOBJL	0x000041B3	0	ADDNOBJL	0x000041B3	0	ADDNOBJL
BACKGRND	ADDNOBJ_AT_END	1061	568	9	1	0x000041B9	known	ADDNOBJ_AT_END@BACKGRND	0x000041B9	ADDNOBJ_AT_END	0x000041B9	0	ADDNOBJ_AT_END	0x000041B9	0	ADDNOBJ_AT_END
BACKGRND	ISZERO	1073	577	1	1	0x000041C2	known	ISZERO@BACKGRND	0x000041C2	ISZERO	0x000041C2	0	ISZERO	0x000041C2	0	ISZERO
BACKGRND	FIND_SUBLIST_START_END	1081	578	4	1	0x000041C3	known	FIND_SUBLIST_START_END@BACKGRND	0x000041C3	FIND_SUBLIST_START_END	0x000041C3	0	FIND_SUBLIST_START_END	0x000041C3	0	FIND_SUBLIST_START_END
BACKGRND	FSLP	1090	582	4	1	0x000041C7	known	FSLP@BACKGRND	0x000041C7	FSLP	0x000041C7	0	FSLP	0x000041C7	0	FSLP
BACKGRND	FSDN	1095	586	4	1	0x000041CB	known	FSDN@BACKGRND	0x000041CB	FSDN	0x000041CB	0	FSDN	0x000041CB	0	FSDN
BACKGRND	APPEND_NEWLIST	1124	590	11	1	0x000041CF	known	APPEND_NEWLIST@BACKGRND	0x000041CF	APPEND_NEWLIST	0x000041CF	0	APPEND_NEWLIST	0x000041CF	0	APPEND_NEWLIST
BACKGRND	SHINY_NEWLIST	1141	601	8	1	0x000041DA	known	SHINY_NEWLIST@BACKGRND	0x000041DA	SHINY_NEWLIST	0x000041DA	0	SHINY_NEWLIST	0x000041DA	0	SHINY_NEWLIST
BACKGRND	GROUP_DELETE	1171	609	13	1	0x000041E2	known	GROUP_DELETE@BACKGRND	0x000041E2	GROUP_DELETE	0x000041E2	0	GROUP_DELETE	0x000041E2	0	GROUP_DELETE
BACKGRND	DELLP	1191	622	37	1	0x000041EF	known	DELLP@BACKGRND	0x000041EF	DELLP	0x000041EF	0	DELLP	0x000041EF	0	DELLP
BACKGRND	NXTCHK	1246	659	1	1	0x00004214	known	NXTCHK@BACKGRND	0x00004214	NXTCHK	0x00004214	0	NXTCHK	0x00004214	0	NXTCHK
BACKGRND	GET_XZ_DISTANCE	1264	660	14	1	0x00004215	known	GET_XZ_DISTANCE	0x00004215	GET_XZ_DISTANCE	0x00004215	0	GET_XZ_DISTANCE	0x00004215	0	GET_XZ_DISTANCE
BACKGRND	BGD_OROUTINE	1300	674	5	1	0x00004223	known	BGD_OROUTINE@BACKGRND	0x00004223	BGD_OROUTINE	0x00004223	0	BGD_OROUTINE	0x00004223	0	BGD_OROUTINE
BACKGRND	BGDORLP	1306	679	8	1	0x00004228	known	BGDORLP@BACKGRND	0x00004228	BGDORLP	0x00004228	0	BGDORLP	0x00004228	0	BGDORLP
BACKGRND	BGD_RFND	1314	687	6	1	0x00004230	known	BGD_RFND@BACKGRND	0x00004230	BGD_RFND	0x00004230	0	BGD_RFND	0x00004230	0	BGD_RFND
BACKGRND	OVERCAR	1326	693	24	1	0x00004236	bounded_conflict			BGD_RFND	0x00004230	6	HUNGH_ANI_REENTER	0x0000439F	270	BGD_RFND
BACKGRND	CARFORWARD	1356	717	26	1	0x0000424E	bounded_conflict			BGD_RFND	0x00004230	30	HUNGH_ANI_REENTER	0x0000439F	246	BGD_RFND
BACKGRND	CARSUP	1391	743	28	1	0x00004268	bounded_conflict			BGD_RFND	0x00004230	56	HUNGH_ANI_REENTER	0x0000439F	220	BGD_RFND
BACKGRND	CARFORWARDLP	1428	771	20	1	0x00004284	bounded_conflict			BGD_RFND	0x00004230	84	HUNGH_ANI_REENTER	0x0000439F	192	BGD_RFND
BACKGRND	ROAD_DEBRIS_CREATE_55GAL	1457	791	6	1	0x00004298	bounded_conflict			BGD_RFND	0x00004230	104	HUNGH_ANI_REENTER	0x0000439F	172	BGD_RFND
BACKGRND	ROAD_DEBRIS_CREATE	1464	797	1	1	0x0000429E	bounded_conflict			BGD_RFND	0x00004230	110	HUNGH_ANI_REENTER	0x0000439F	166	BGD_RFND
BACKGRND	SMOKE_STACK	1471	798	9	1	0x0000429F	bounded_conflict			BGD_RFND	0x00004230	111	HUNGH_ANI_REENTER	0x0000439F	165	BGD_RFND
BACKGRND	CAR_FIRE	1483	807	9	1	0x000042A8	bounded_conflict			BGD_RFND	0x00004230	120	HUNGH_ANI_REENTER	0x0000439F	156	BGD_RFND
BACKGRND	DC_MINIFOUNTAIN	1515	816	12	1	0x000042B1	bounded_conflict			BGD_RFND	0x00004230	129	HUNGH_ANI_REENTER	0x0000439F	147	BGD_RFND
BACKGRND	DC_FOUNTAIN	1531	828	12	1	0x000042BD	bounded_conflict			BGD_RFND	0x00004230	141	HUNGH_ANI_REENTER	0x0000439F	135	HUNGH_ANI_REENTER
BACKGRND	WATERFALL	1549	840	14	1	0x000042C9	bounded_conflict			BGD_RFND	0x00004230	153	HUNGH_ANI_REENTER	0x0000439F	123	HUNGH_ANI_REENTER
BACKGRND	J262	1562	854	5	1	0x000042D7	bounded_conflict			BGD_RFND	0x00004230	167	HUNGH_ANI_REENTER	0x0000439F	109	HUNGH_ANI_REENTER
BACKGRND	FWL1A	1567	859	7	1	0x000042DC	bounded_conflict			BGD_RFND	0x00004230	172	HUNGH_ANI_REENTER	0x0000439F	104	HUNGH_ANI_REENTER
BACKGRND	WATERANI_PROC	1585	866	1	1	0x000042E3	bounded_conflict			BGD_RFND	0x00004230	179	HUNGH_ANI_REENTER	0x0000439F	97	HUNGH_ANI_REENTER
BACKGRND	WATERANI_LP	1587	867	10	1	0x000042E4	bounded_conflict			BGD_RFND	0x00004230	180	HUNGH_ANI_REENTER	0x0000439F	96	HUNGH_ANI_REENTER
BACKGRND	WATERFALL_SND	1606	877	12	1	0x000042EE	bounded_conflict			BGD_RFND	0x00004230	190	HUNGH_ANI_REENTER	0x0000439F	86	HUNGH_ANI_REENTER
BACKGRND	WF0	1621	889	3	1	0x000042FA	bounded_conflict			BGD_RFND	0x00004230	202	HUNGH_ANI_REENTER	0x0000439F	74	HUNGH_ANI_REENTER
BACKGRND	WF1	1625	892	14	1	0x000042FD	bounded_conflict			BGD_RFND	0x00004230	205	HUNGH_ANI_REENTER	0x0000439F	71	HUNGH_ANI_REENTER
BACKGRND	AMBIENCE_SOUND	1655	906	7	1	0x0000430B	bounded_conflict			BGD_RFND	0x00004230	219	HUNGH_ANI_REENTER	0x0000439F	57	HUNGH_ANI_REENTER
BACKGRND	IS_T1	1664	913	4	1	0x00004312	bounded_conflict			BGD_RFND	0x00004230	226	HUNGH_ANI_REENTER	0x0000439F	50	HUNGH_ANI_REENTER
BACKGRND	NOT_T1	1670	917	2	1	0x00004316	bounded_conflict			BGD_RFND	0x00004230	230	HUNGH_ANI_REENTER	0x0000439F	46	HUNGH_ANI_REENTER
BACKGRND	IS_T2	1672	919	3	1	0x00004318	bounded_conflict			BGD_RFND	0x00004230	232	HUNGH_ANI_REENTER	0x0000439F	44	HUNGH_ANI_REENTER
BACKGRND	HEND	1677	922	1	1	0x0000431B	bounded_conflict			BGD_RFND	0x00004230	235	HUNGH_ANI_REENTER	0x0000439F	41	HUNGH_ANI_REENTER
BACKGRND	HUNGH_ANI	1711	923	31	1	0x0000431C	bounded_conflict			BGD_RFND	0x00004230	236	HUNGH_ANI_REENTER	0x0000439F	40	HUNGH_ANI_REENTER
BACKGRND	HUNGH_NOPAL	1746	954	9	1	0x0000433B	bounded_conflict			BGD_RFND	0x00004230	267	HUNGH_ANI_REENTER	0x0000439F	9	HUNGH_ANI_REENTER
BACKGRND	HUNGH_ANI_REENTER	1761	963	16	1	0x0000439F	known	HUNGH_ANI_REENTER@BACKGRND	0x0000439F	HUNGH_ANI_REENTER	0x0000439F	0	HUNGH_ANI_REENTER	0x0000439F	0	HUNGH_ANI_REENTER
BACKGRND	PLACE_ON_ROAD	1782	979	12	1	0x000043AF	known	PLACE_ON_ROAD@BACKGRND	0x000043AF	PLACE_ON_ROAD	0x000043AF	0	PLACE_ON_ROAD	0x000043AF	0	PLACE_ON_ROAD
BACKGRND	PORX	1796	991	1	1	0x000043BB	known	PORX@BACKGRND	0x000043BB	PORX	0x000043BB	0	PORX	0x000043BB	0	PORX
BACKGRND	RUT_ANI	1804	992	6	1	0x000043BC	known	RUT_ANI	0x000043BC	RUT_ANI	0x000043BC	0	RUT_ANI	0x000043BC	0	RUT_ANI
BACKGRND	DORUT_ANI	1812	998	14	1	0x000043C2	bounded_ok			RUT_ANI	0x000043BC	6	PLAINANI_PROC_SLOW	0x000043D0	14	RUT_ANI
BACKGRND	PLAINANI_PROC_SLOW	1829	1012	1	1	0x000043D0	known	PLAINANI_PROC_SLOW@BACKGRND	0x000043D0	PLAINANI_PROC_SLOW	0x000043D0	0	PLAINANI_PROC_SLOW	0x000043D0	0	PLAINANI_PROC_SLOW
BACKGRND	PLAINANI_LP_SLOW	1831	1013	11	1	0x000043D1	known	PLAINANI_LP_SLOW@BACKGRND	0x000043D1	PLAINANI_LP_SLOW	0x000043D1	0	PLAINANI_LP_SLOW	0x000043D1	0	PLAINANI_LP_SLOW
BACKGRND	FLAGWAVE_TALL	1847	1024	19	1	0x000043DC	bounded_ok			PLAINANI_LP_SLOW	0x000043D1	11	J2	0x00004406	42	PLAINANI_LP_SLOW
BACKGRND	FLAGWAVE	1869	1043	19	1	0x000043EF	bounded_ok			PLAINANI_LP_SLOW	0x000043D1	30	J2	0x00004406	23	J2
BACKGRND	MAKEPPP	1888	1062	4	1	0x00004402	bounded_ok			PLAINANI_LP_SLOW	0x000043D1	49	J2	0x00004406	4	J2
BACKGRND	J2	1891	1066	5	1	0x00004406	known	J2@BACKGRND	0x00004406	J2	0x00004406	0	J2	0x00004406	0	J2
BACKGRND	FWL1	1896	1071	7	1	0x0000440B	known	FWL1@BACKGRND	0x0000440B	FWL1	0x0000440B	0	FWL1	0x0000440B	0	FWL1
BACKGRND	PLAINANI_PROC	1910	1078	1	1	0x00004412	known	PLAINANI_PROC@BACKGRND	0x00004412	PLAINANI_PROC	0x00004412	0	PLAINANI_PROC	0x00004412	0	PLAINANI_PROC
BACKGRND	PLAINANI_LP	1912	1079	10	1	0x00004413	known	PLAINANI_LP@BACKGRND	0x00004413	PLAINANI_LP	0x00004413	0	PLAINANI_LP	0x00004413	0	PLAINANI_LP
BACKGRND	LOAD_SINGLE_SECTION	1938	1089	15	1	0x0000441D	known	LOAD_SINGLE_SECTION	0x0000441D	LOAD_SINGLE_SECTION	0x0000441D	0	LOAD_SINGLE_SECTION	0x0000441D	0	LOAD_SINGLE_SECTION
BACKGRND	LS_L12	1960	1104	25	1	0x0000442C	known	LS_L12@BACKGRND	0x0000442C	LS_L12	0x0000442C	0	LS_L12	0x0000442C	0	LS_L12
BACKGRND	LS_ACTIVATE_X	1993	1129	12	1	0x00004445	known	LS_ACTIVATE_X@BACKGRND	0x00004445	LS_ACTIVATE_X	0x00004445	0	LS_ACTIVATE_X	0x00004445	0	LS_ACTIVATE_X
BACKGRND	OHARE_PLANE	2149	1141	17	1	0x00004451	bounded_ok			LS_ACTIVATE_X	0x00004445	12	PLANE_FWL	0x00004465	20	LS_ACTIVATE_X
BACKGRND	PLANE_FWRD	2166	1158	3	1	0x00004462	bounded_ok			LS_ACTIVATE_X	0x00004445	29	PLANE_FWL	0x00004465	3	PLANE_FWL
BACKGRND	PLANE_FWL	2173	1161	31	1	0x00004465	known	PLANE_FWL@BACKGRND	0x00004465	PLANE_FWL	0x00004465	0	PLANE_FWL	0x00004465	0	PLANE_FWL
BACKGRND	TRAIN_FWRD_MAKEB	2217	1192	12	1	0x00004484	bounded_ok			PLANE_FWL	0x00004465	31	J87	0x0000449B	23	J87
BACKGRND	TRAIN_FWRD_MAKE	2228	1204	11	1	0x00004490	bounded_ok			PLANE_FWL	0x00004465	43	J87	0x0000449B	11	J87
BACKGRND	J87	2239	1215	4	1	0x0000449B	known	J87@BACKGRND	0x0000449B	J87	0x0000449B	0	J87	0x0000449B	0	J87
BACKGRND	TRAIN_FWRDB	2244	1219	7	1	0x0000449F	bounded_ok			J87	0x0000449B	4	TRAIN_FWL	0x000044A9	10	J87
BACKGRND	TRAIN_FWRD	2254	1226	3	1	0x000044A6	bounded_ok			J87	0x0000449B	11	TRAIN_FWL	0x000044A9	3	TRAIN_FWL
BACKGRND	TRAIN_FWL	2264	1229	27	1	0x000044A9	known	TRAIN_FWL@BACKGRND	0x000044A9	TRAIN_FWL	0x000044A9	0	TRAIN_FWL	0x000044A9	0	TRAIN_FWL
BACKGRND	TRAINX	2298	1256	8	1	0x000044C4	known	TRAINX@BACKGRND	0x000044C4	TRAINX	0x000044C4	0	TRAINX	0x000044C4	0	TRAINX
BACKGRND	LOAD_SINGLE_SECTION_OFFSET	2319	1264	18	1	0x000044CC	bounded_ok			TRAINX	0x000044C4	8	LS_L12O	0x000044DE	18	TRAINX
BACKGRND	LS_L12O	2347	1282	39	1	0x000044DE	known	LS_L12O@BACKGRND	0x000044DE	LS_L12O	0x000044DE	0	LS_L12O	0x000044DE	0	LS_L12O
BACKGRND	LS_ACTIVATE_XO	2400	1321	12	1	0x00004505	known	LS_ACTIVATE_XO@BACKGRND	0x00004505	LS_ACTIVATE_XO	0x00004505	0	LS_ACTIVATE_XO	0x00004505	0	LS_ACTIVATE_XO
BONUS	BONUS_SANFRAN	104	0	5	1	0x00003966	known	BONUS_SANFRAN@BONUS	0x00003966	BONUS_SANFRAN	0x00003966	0	BONUS_SANFRAN	0x00003966	0	BONUS_SANFRAN
BONUS	BONUS_BEVHILLS	109	5	3	1	0x0000396B	bounded_conflict			BONUS_SANFRAN	0x00003966	5	LK	0x00003998	44	BONUS_SANFRAN
BONUS	BONUSNULL	113	8	1	1	0x0000396E	bounded_conflict			BONUS_SANFRAN	0x00003966	8	LK	0x00003998	41	BONUS_SANFRAN
BONUS	BONUS14	130	9	2	1	0x0000396F	bounded_conflict			BONUS_SANFRAN	0x00003966	9	LK	0x00003998	40	BONUS_SANFRAN
BONUS	BONUS13	133	11	3	1	0x00003971	bounded_conflict			BONUS_SANFRAN	0x00003966	11	LK	0x00003998	38	BONUS_SANFRAN
BONUS	BONUS12	137	14	3	1	0x00003974	bounded_conflict			BONUS_SANFRAN	0x00003966	14	LK	0x00003998	35	BONUS_SANFRAN
BONUS	BONUS11	141	17	3	1	0x00003977	bounded_conflict			BONUS_SANFRAN	0x00003966	17	LK	0x00003998	32	BONUS_SANFRAN
BONUS	BONUS10	145	20	3	1	0x0000397A	bounded_conflict			BONUS_SANFRAN	0x00003966	20	LK	0x00003998	29	BONUS_SANFRAN
BONUS	BONUS9	149	23	3	1	0x0000397D	bounded_conflict			BONUS_SANFRAN	0x00003966	23	LK	0x00003998	26	BONUS_SANFRAN
BONUS	BONUS8	153	26	3	1	0x00003980	bounded_conflict			BONUS_SANFRAN	0x00003966	26	LK	0x00003998	23	LK
BONUS	BONUS7	157	29	3	1	0x00003983	bounded_conflict			BONUS_SANFRAN	0x00003966	29	LK	0x00003998	20	LK
BONUS	BONUS6	161	32	3	1	0x00003986	bounded_conflict			BONUS_SANFRAN	0x00003966	32	LK	0x00003998	17	LK
BONUS	BONUS5	165	35	3	1	0x00003989	bounded_conflict			BONUS_SANFRAN	0x00003966	35	LK	0x00003998	14	LK
BONUS	BONUS4	169	38	3	1	0x0000398C	bounded_conflict			BONUS_SANFRAN	0x00003966	38	LK	0x00003998	11	LK
BONUS	BONUS3	173	41	3	1	0x0000398F	bounded_conflict			BONUS_SANFRAN	0x00003966	41	LK	0x00003998	8	LK
BONUS	BONUS2	177	44	3	1	0x00003992	bounded_conflict			BONUS_SANFRAN	0x00003966	44	LK	0x00003998	5	LK
BONUS	BONUS1	181	47	2	1	0x00003995	bounded_conflict			BONUS_SANFRAN	0x00003966	47	LK	0x00003998	2	LK
BONUS	LK	183	49	39	1	0x00003998	known	LK@BONUS	0x00003998	LK	0x00003998	0	LK	0x00003998	0	LK
BONUS	JSUB	248	88	16	1	0x000039BF	known	JSUB@BONUS	0x000039BF	JSUB	0x000039BF	0	JSUB	0x000039BF	0	JSUB
BONUS	DISPLAY_H2H_WINNER	266	104	49	1	0x000039CF	bounded_ok			JSUB	0x000039BF	16	DODIEXXX	0x00003A25	86	JSUB
BONUS	DHHW_LP	341	153	37	1	0x00003A00	bounded_ok			JSUB	0x000039BF	65	DODIEXXX	0x00003A25	37	DODIEXXX
BONUS	DODIEXXX	388	190	6	1	0x00003A25	known	DODIEXXX@BONUS	0x00003A25	DODIEXXX	0x00003A25	0	DODIEXXX	0x00003A25	0	DODIEXXX
BONUS	DODIE	396	196	1	1	0x00003A2B	known	DODIE@BONUS	0x00003A2B	DODIE	0x00003A2B	0	DODIE	0x00003A2B	0	DODIE
BONUS	OBJ_DELETE_HIGH_PRIORITY	402	197	5	1	0x00003A2C	known	OBJ_DELETE_HIGH_PRIORITY@BONUS	0x00003A2C	OBJ_DELETE_HIGH_PRIORITY	0x00003A2C	0	OBJ_DELETE_HIGH_PRIORITY	0x00003A2C	0	OBJ_DELETE_HIGH_PRIORITY
BONUS	DELLP	411	202	16	1	0x00003A31	known	DELLP@BONUS	0x00003A31	DELLP	0x00003A31	0	DELLP	0x00003A31	0	DELLP
BONUS	DELOBJX	432	218	5	1	0x00003A41	known	DELOBJX@BONUS	0x00003A41	DELOBJX	0x00003A41	0	DELOBJX	0x00003A41	0	DELOBJX
BONUS	BONUS_SCREEN	445	223	30	1	0x00003A46	bounded_ok			DELOBJX	0x00003A41	5	DOREG3A	0x00003A68	34	DELOBJX
BONUS	BONSCRN2	488	253	4	1	0x00003A64	bounded_ok			DELOBJX	0x00003A41	35	DOREG3A	0x00003A68	4	DOREG3A
BONUS	DOREG3A	493	257	8	1	0x00003A68	known	DOREG3A@BONUS	0x00003A68	DOREG3A	0x00003A68	0	DOREG3A	0x00003A68	0	DOREG3A
BONUS	CNR_ENTER	513	265	7	1	0x00003A70	known	CNR_ENTER@BONUS	0x00003A70	CNR_ENTER	0x00003A70	0	CNR_ENTER	0x00003A70	0	CNR_ENTER
BONUS	PAPAPA44	542	287	9	1	0x00003A86	known	PAPAPA44@BONUS	0x00003A86	PAPAPA44	0x00003A86	0	PAPAPA44	0x00003A86	0	PAPAPA44
BONUS	JJDDHH	550	296	12	1	0x00003A8F	bounded_ok			PAPAPA44	0x00003A86	9	COOLRET	0x00003A9B	12	PAPAPA44
BONUS	COOLRET	559	308	26	1	0x00003A9B	known	COOLRET@BONUS	0x00003A9B	COOLRET	0x00003A9B	0	COOLRET	0x00003A9B	0	COOLRET
BONUS	ISREC	581	334	3	1	0x00003AB5	known	ISREC@BONUS	0x00003AB5	ISREC	0x00003AB5	0	ISREC	0x00003AB5	0	ISREC
BONUS	NODOHOTTIME	582	337	10	1	0x00003AB8	known	NODOHOTTIME@BONUS	0x00003AB8	NODOHOTTIME	0x00003AB8	0	NODOHOTTIME	0x00003AB8	0	NODOHOTTIME
BONUS	JJAG	597	347	3	1	0x00003AC2	known	JJAG@BONUS	0x00003AC2	JJAG	0x00003AC2	0	JJAG	0x00003AC2	0	JJAG
BONUS	PAPA45	602	350	8	1	0x00003AC5	bounded_ok			JJAG	0x00003AC2	3	PAPA45X	0x00003ACD	8	JJAG
BONUS	PAPA45X	611	358	14	1	0x00003ACD	known	PAPA45X@BONUS	0x00003ACD	PAPA45X	0x00003ACD	0	PAPA45X	0x00003ACD	0	PAPA45X
BONUS	FIXPALLP	628	372	6	1	0x00003ADB	bounded_ok			PAPA45X	0x00003ACD	14	FIXPAL1	0x00003AE1	6	FIXPAL1
BONUS	FIXPAL1	635	378	18	1	0x00003AE1	known	FIXPAL1@BONUS	0x00003AE1	FIXPAL1	0x00003AE1	0	FIXPAL1	0x00003AE1	0	FIXPAL1
BONUS	NOWAY	659	396	14	1	0x00003AF3	known	NOWAY@BONUS	0x00003AF3	NOWAY	0x00003AF3	0	NOWAY	0x00003AF3	0	NOWAY
BONUS	DDF1	678	410	19	1	0x00003B01	known	DDF1@BONUS	0x00003B01	DDF1	0x00003B01	0	DDF1	0x00003B01	0	DDF1
BONUS	NXTNAME	715	429	10	1	0x00003B14	known	NXTNAME@BONUS	0x00003B14	NXTNAME	0x00003B14	0	NXTNAME	0x00003B14	0	NXTNAME
BONUS	NOTNIN2	727	439	1	1	0x00003B1E	known	NOTNIN2@BONUS	0x00003B1E	NOTNIN2	0x00003B1E	0	NOTNIN2	0x00003B1E	0	NOTNIN2
BONUS	PAPA35	734	440	5	1	0x00003B1F	bounded_ok			NOTNIN2	0x00003B1E	1	PAPA35X	0x00003B24	5	NOTNIN2
BONUS	PAPA35X	739	445	14	1	0x00003B24	known	PAPA35X@BONUS	0x00003B24	PAPA35X	0x00003B24	0	PAPA35X	0x00003B24	0	PAPA35X
BONUS	NOENTER	759	459	8	1	0x00003B32	known	NOENTER@BONUS	0x00003B32	NOENTER	0x00003B32	0	NOENTER	0x00003B32	0	NOENTER
BONUS	NOTNIN	773	467	20	1	0x00003B3A	known	NOTNIN@BONUS	0x00003B3A	NOTNIN	0x00003B3A	0	NOTNIN	0x00003B3A	0	NOTNIN
BONUS	ISWRP	809	487	2	1	0x00003B4E	bounded_ok			NOTNIN	0x00003B3A	20	NOT_ATOZ	0x00003B50	2	NOT_ATOZ
BONUS	NOT_ATOZ	811	489	39	1	0x00003B50	known	NOT_ATOZ@BONUS	0x00003B50	NOT_ATOZ	0x00003B50	0	NOT_ATOZ	0x00003B50	0	NOT_ATOZ
BONUS	NOT1ST	865	528	18	1	0x00003B77	known	NOT1ST@BONUS	0x00003B77	NOT1ST	0x00003B77	0	NOT1ST	0x00003B77	0	NOT1ST
BONUS	FINFIN	890	546	82	1	0x00003B89	known	FINFIN@BONUS	0x00003B89	FINFIN	0x00003B89	0	FINFIN	0x00003B89	0	FINFIN
BONUS	CLINTON_SHOW	1015	628	24	1	0x00003BDB	known	CLINTON_SHOW@BONUS	0x00003BDB	CLINTON_SHOW	0x00003BDB	0	CLINTON_SHOW	0x00003BDB	0	CLINTON_SHOW
BONUS	NOCLINTON	1040	652	31	1	0x00003BF3	known	NOCLINTON@BONUS	0x00003BF3	NOCLINTON	0x00003BF3	0	NOCLINTON	0x00003BF3	0	NOCLINTON
BONUS	NOENTR2	1087	683	15	1	0x00003C12	known	NOENTR2@BONUS	0x00003C12	NOENTR2	0x00003C12	0	NOENTR2	0x00003C12	0	NOENTR2
BONUS	BLINK_FREEBE	1119	707	3	1	0x00003C2A	bounded_ok			NOENTR2	0x00003C12	24	TIMED_OUT	0x00003C82	88	NOENTR2
BONUS	BFLP1	1122	710	46	1	0x00003C2D	bounded_ok			NOENTR2	0x00003C12	27	TIMED_OUT	0x00003C82	85	NOENTR2
BONUS	BACKUP_CAMERA	1176	756	20	1	0x00003C5B	bounded_ok			NOENTR2	0x00003C12	73	TIMED_OUT	0x00003C82	39	TIMED_OUT
BONUS	BACKLP	1202	776	19	1	0x00003C6F	bounded_ok			NOENTR2	0x00003C12	93	TIMED_OUT	0x00003C82	19	TIMED_OUT
BONUS	TIMED_OUT	1232	795	9	1	0x00003C82	known	TIMED_OUT	0x00003C82	TIMED_OUT	0x00003C82	0	TIMED_OUT	0x00003C82	0	TIMED_OUT
BONUS	KILL_PLYR_SOUNDS	1248	804	13	1	0x00003C8B	known	KILL_PLYR_SOUNDS@BONUS	0x00003C8B	KILL_PLYR_SOUNDS	0x00003C8B	0	KILL_PLYR_SOUNDS	0x00003C8B	0	KILL_PLYR_SOUNDS
BONUS	FREE_RACE_ANNOUNCE	1285	817	9	1	0x00003C98	bounded_conflict			KILL_PLYR_SOUNDS	0x00003C8B	13	ISFREE	0x00003CE2	30	KILL_PLYR_SOUNDS
BONUS	FRAL1	1297	826	21	1	0x00003CA1	bounded_conflict			KILL_PLYR_SOUNDS	0x00003C8B	22	ISFREE	0x00003CE2	21	ISFREE
BONUS	ISFREE	1319	847	12	1	0x00003CE2	known	ISFREE@BONUS	0x00003CE2	ISFREE	0x00003CE2	0	ISFREE	0x00003CE2	0	ISFREE
BONUS	SHOWLEG_PROC	1348	859	33	1	0x00003CEE	bounded_conflict			ISFREE	0x00003CE2	12	PLACE_FLAG	0x00003D96	165	ISFREE
BONUS	SLLP1	1379	892	31	1	0x00003D0F	bounded_conflict			ISFREE	0x00003CE2	45	PLACE_FLAG	0x00003D96	132	ISFREE
BONUS	SLLP1A	1420	923	18	1	0x00003D2E	bounded_conflict			ISFREE	0x00003CE2	76	PLACE_FLAG	0x00003D96	101	ISFREE
BONUS	SHOWNEXTLEG_PROC	1446	941	34	1	0x00003D40	bounded_conflict			ISFREE	0x00003CE2	94	PLACE_FLAG	0x00003D96	83	PLACE_FLAG
BONUS	SLLP2	1480	975	31	1	0x00003D62	bounded_conflict			ISFREE	0x00003CE2	128	PLACE_FLAG	0x00003D96	49	PLACE_FLAG
BONUS	SLLP2A	1520	1006	18	1	0x00003D81	bounded_conflict			ISFREE	0x00003CE2	159	PLACE_FLAG	0x00003D96	18	PLACE_FLAG
BONUS	PLACE_FLAG	1576	1024	44	1	0x00003D96	known	PLACE_FLAG@BONUS	0x00003D96	PLACE_FLAG	0x00003D96	0	PLACE_FLAG	0x00003D96	0	PLACE_FLAG
BONUS	PLACE_FLAG_PROC	1637	1068	1	1	0x00003DC2	bounded_ok			PLACE_FLAG	0x00003D96	44	ALLDN7	0x00003DDB	25	ALLDN7
BONUS	PFPLP	1639	1069	24	1	0x00003DC3	bounded_ok			PLACE_FLAG	0x00003D96	45	ALLDN7	0x00003DDB	24	ALLDN7
BONUS	ALLDN7	1669	1093	5	1	0x00003DDB	known	ALLDN7@BONUS	0x00003DDB	ALLDN7	0x00003DDB	0	ALLDN7	0x00003DDB	0	ALLDN7
BONUS	BONS_MAXMPH	1685	1098	26	1	0x00003DE0	bounded_ok			ALLDN7	0x00003DDB	5	ISMPHT	0x00003DFA	26	ALLDN7
BONUS	ISMPHT	1718	1124	1	1	0x00003DFA	known	ISMPHT@BONUS	0x00003DFA	ISMPHT	0x00003DFA	0	ISMPHT	0x00003DFA	0	ISMPHT
BONUS	KJL	1719	1125	20	1	0x00003DFB	known	KJL@BONUS	0x00003DFB	KJL	0x00003DFB	0	KJL	0x00003DFB	0	KJL
BONUS	ENTER_HERE	1744	1145	3	1	0x00003E0F	known	ENTER_HERE@BONUS	0x00003E0F	ENTER_HERE	0x00003E0F	0	ENTER_HERE	0x00003E0F	0	ENTER_HERE
BONUS	BML	1748	1148	45	1	0x00003E12	bounded_ok			ENTER_HERE	0x00003E0F	3	KKL	0x00003E3F	45	ENTER_HERE
BONUS	KKL	1811	1193	9	1	0x00003E3F	known	KKL@BONUS	0x00003E3F	KKL	0x00003E3F	0	KKL	0x00003E3F	0	KKL
BONUS	BML2	1820	1202	24	1	0x00003E48	bounded_ok			KKL	0x00003E3F	9	BLAHB	0x00003E9C	84	KKL
BONUS	BONS_RECORDTIME	1856	1226	51	1	0x00003E60	bounded_ok			KKL	0x00003E3F	33	BLAHB	0x00003E9C	60	KKL
BONUS	BONS_HOTTIME_REC	1934	1277	5	1	0x00003E93	bounded_ok			KKL	0x00003E3F	84	BLAHB	0x00003E9C	9	BLAHB
BONUS	BONS_HOTTIME	1940	1282	4	1	0x00003E98	bounded_ok			KKL	0x00003E3F	89	BLAHB	0x00003E9C	4	BLAHB
BONUS	BLAHB	1944	1286	17	1	0x00003E9C	known	BLAHB@BONUS	0x00003E9C	BLAHB	0x00003E9C	0	BLAHB	0x00003E9C	0	BLAHB
BONUS	BONHTLP	1967	1303	23	1	0x00003EAD	known	BONHTLP@BONUS	0x00003EAD	BONHTLP	0x00003EAD	0	BONHTLP	0x00003EAD	0	BONHTLP
BONUS	BONHTLP2	2001	1326	21	1	0x00003EC4	known	BONHTLP2@BONUS	0x00003EC4	BONHTLP2	0x00003EC4	0	BONHTLP2	0x00003EC4	0	BONHTLP2
BONUS	BADA	2030	1347	4	1	0x00003ED9	bounded_ok			BONHTLP2	0x00003EC4	21	TEXTTOG	0x00003EDD	4	TEXTTOG
BONUS	TEXTTOG	2037	1351	6	1	0x00003EDD	known	TEXTTOG@BONUS	0x00003EDD	TEXTTOG	0x00003EDD	0	TEXTTOG	0x00003EDD	0	TEXTTOG
BONUS	GAGA	2046	1357	2	1	0x00003EE3	known	GAGA@BONUS	0x00003EE3	GAGA	0x00003EE3	0	GAGA	0x00003EE3	0	GAGA
BONUS	ISOFF	2050	1359	1	1	0x00003EE5	known	ISOFF@BONUS	0x00003EE5	ISOFF	0x00003EE5	0	ISOFF	0x00003EE5	0	ISOFF
BONUS	IBOIBO	2051	1360	3	1	0x00003EE6	known	IBOIBO@BONUS	0x00003EE6	IBOIBO	0x00003EE6	0	IBOIBO	0x00003EE6	0	IBOIBO
BONUS	BONS_ETIME	2065	1363	22	1	0x00003EE9	bounded_ok			IBOIBO	0x00003EE6	3	DOREG3	0x00003EFF	22	IBOIBO
BONUS	DOREG3	2094	1385	5	1	0x00003EFF	known	DOREG3@BONUS	0x00003EFF	DOREG3	0x00003EFF	0	DOREG3	0x00003EFF	0	DOREG3
BONUS	LREG3	2100	1390	14	1	0x00003F04	known	LREG3@BONUS	0x00003F04	LREG3	0x00003F04	0	LREG3	0x00003F04	0	LREG3
BONUS	BONS_POSITION	2127	1404	6	1	0x00003F12	bounded_ok			LREG3	0x00003F04	14	BPL2	0x00003F2E	28	LREG3
BONUS	BPL1	2137	1410	22	1	0x00003F18	bounded_ok			LREG3	0x00003F04	20	BPL2	0x00003F2E	22	LREG3
BONUS	BPL2	2164	1432	16	1	0x00003F2E	known	BPL2@BONUS	0x00003F2E	BPL2	0x00003F2E	0	BPL2	0x00003F2E	0	BPL2
BONUS	BPL3	2184	1448	21	1	0x00003F3E	bounded_ok			BPL2	0x00003F2E	16	KILL_THEM	0x00003F53	21	BPL2
BONUS	KILL_THEM	2213	1469	14	1	0x00003F53	known	KILL_THEM	0x00003F53	KILL_THEM	0x00003F53	0	KILL_THEM	0x00003F53	0	KILL_THEM
BONUS	FIND_AND_REACTIVATE	2240	1483	3	1	0x00003F61	known	FIND_AND_REACTIVATE@BONUS	0x00003F61	FIND_AND_REACTIVATE	0x00003F61	0	FIND_AND_REACTIVATE	0x00003F61	0	FIND_AND_REACTIVATE
BONUS	FARLP	2245	1486	9	1	0x00003F64	known	FARLP@BONUS	0x00003F64	FARLP	0x00003F64	0	FARLP	0x00003F64	0	FARLP
BONUS	NOTRUT	2258	1495	5	1	0x00003F6D	known	NOTRUT@BONUS	0x00003F6D	NOTRUT	0x00003F6D	0	NOTRUT	0x00003F6D	0	NOTRUT
BONUS	FARX	2267	1500	3	1	0x00003F72	known	FARX@BONUS	0x00003F72	FARX	0x00003F72	0	FARX	0x00003F72	0	FARX
BONUS	KILL_THE_REANIMATORS	2275	1503	4	1	0x00003F75	known	KILL_THE_REANIMATORS@BONUS	0x00003F75	KILL_THE_REANIMATORS	0x00003F75	0	KILL_THE_REANIMATORS	0x00003F75	0	KILL_THE_REANIMATORS
CMOS	HSTDEC	26	0	8	1	0x00009962	known	HSTDEC	0x00009962	HSTDEC	0x00009962	0	HSTDEC	0x00009962	0	HSTDEC
CMOS	CMOS_ON_C	38	8	6	1	0x0000996A	known	CMOS_ON_C	0x0000996A	CMOS_ON_C	0x0000996A	0	CMOS_ON_C	0x0000996A	0	CMOS_ON_C
CMOS	CMOS_OFF_C	45	14	6	1	0x00009970	known	CMOS_OFF_C	0x00009970	CMOS_OFF_C	0x00009970	0	CMOS_OFF_C	0x00009970	0	CMOS_OFF_C
CMOS	CMOS_WPON_C	52	20	8	1	0x00009976	known	CMOS_WPON_C	0x00009976	CMOS_WPON_C	0x00009976	0	CMOS_WPON_C	0x00009976	0	CMOS_WPON_C
CMOS	CMOS_WPOFF_C	63	28	9	1	0x0000997E	known	CMOS_WPOFF_C	0x0000997E	CMOS_WPOFF_C	0x0000997E	0	CMOS_WPOFF_C	0x0000997E	0	CMOS_WPOFF_C
CMOS	VALIDATE_CMOS	88	37	22	1	0x00009987	known	VALIDATE_CMOS	0x00009987	VALIDATE_CMOS	0x00009987	0	VALIDATE_CMOS	0x00009987	0	VALIDATE_CMOS
CMOS	RESET_BOOKKEEPING	119	59	8	1	0x0000999D	known	RESET_BOOKKEEPING	0x0000999D	RESET_BOOKKEEPING	0x0000999D	0	RESET_BOOKKEEPING	0x0000999D	0	RESET_BOOKKEEPING
CMOS	RBLP	130	67	7	1	0x000099A5	bounded_ok			RESET_BOOKKEEPING	0x0000999D	8	VERIFY_ADJUSTMENTS_ACCURACY	0x000099AC	7	VERIFY_ADJUSTMENTS_ACCURACY
CMOS	VERIFY_ADJUSTMENTS_ACCURACY	209	74	10	1	0x000099AC	known	VERIFY_ADJUSTMENTS_ACCURACY@CMOS	0x000099AC	VERIFY_ADJUSTMENTS_ACCURACY	0x000099AC	0	VERIFY_ADJUSTMENTS_ACCURACY	0x000099AC	0	VERIFY_ADJUSTMENTS_ACCURACY
CMOS	VAALP	220	84	9	1	0x000099B6	known	VAALP@CMOS	0x000099B6	VAALP	0x000099B6	0	VAALP	0x000099B6	0	VAALP
CMOS	DORST	233	93	3	1	0x000099BF	known	DORST@CMOS	0x000099BF	DORST	0x000099BF	0	DORST	0x000099BF	0	DORST
CMOS	NORST	237	96	12	1	0x000099C2	known	NORST@CMOS	0x000099C2	NORST	0x000099C2	0	NORST	0x000099C2	0	NORST
CMOS	RESET_ADJUSTMENTS	254	108	9	1	0x000099CE	known	RESET_ADJUSTMENTS	0x000099CE	RESET_ADJUSTMENTS	0x000099CE	0	RESET_ADJUSTMENTS	0x000099CE	0	RESET_ADJUSTMENTS
CMOS	VAALP2	265	117	30	1	0x000099D7	known	VAALP2@CMOS	0x000099D7	VAALP2	0x000099D7	0	VAALP2	0x000099D7	0	VAALP2
CMOS	CHECKSUMGEN_ADJ	326	147	5	1	0x000099F5	known	CHECKSUMGEN_ADJ@CMOS	0x000099F5	CHECKSUMGEN_ADJ	0x000099F5	0	CHECKSUMGEN_ADJ	0x000099F5	0	CHECKSUMGEN_ADJ
CMOS	VAALP3	333	152	11	1	0x000099FA	known	VAALP3@CMOS	0x000099FA	VAALP3	0x000099FA	0	VAALP3	0x000099FA	0	VAALP3
CMOS	AUDIT_INC	393	163	8	1	0x00009A05	known	AUDIT_INC	0x00009A05	AUDIT_INC	0x00009A05	0	AUDIT_INC	0x00009A05	0	AUDIT_INC
CMOS	AUDIT_ADD	414	171	7	1	0x00009A0D	bounded_ok			AUDIT_INC	0x00009A05	8	AUDIT_READ	0x00009A14	7	AUDIT_READ
CMOS	AUDIT_READ	434	178	5	1	0x00009A14	known	AUDIT_READ	0x00009A14	AUDIT_READ	0x00009A14	0	AUDIT_READ	0x00009A14	0	AUDIT_READ
CMOS	ADJUSTMENT_WRITE	451	183	6	1	0x00009A19	known	ADJUSTMENT_WRITE	0x00009A19	ADJUSTMENT_WRITE	0x00009A19	0	ADJUSTMENT_WRITE	0x00009A19	0	ADJUSTMENT_WRITE
CMOS	AUDIT_WRITE_ADJ	478	189	5	1	0x00009A1F	known	AUDIT_WRITE_ADJ@CMOS	0x00009A1F	AUDIT_WRITE_ADJ	0x00009A1F	0	AUDIT_WRITE_ADJ	0x00009A1F	0	AUDIT_WRITE_ADJ
CMOS	_rd_cw	519	194	20	1	0x00009A24	known	_rd_cw	0x00009A24	_rd_cw	0x00009A24	0	_rd_cw	0x00009A24	0	_rd_cw
CMOS	_wr_cw	558	214	19	1	0x00009A38	known	_wr_cw	0x00009A38	_wr_cw	0x00009A38	0	_wr_cw	0x00009A38	0	_wr_cw
CMOS	_rd_cwR	593	233	20	1	0x00009A4B	bounded_conflict			_wr_cw	0x00009A38	19	INIT_LASTHS_TABLE	0x00009AA2	46	_wr_cw
CMOS	_wr_cwR	633	253	26	1	0x00009A5F	bounded_conflict			_wr_cw	0x00009A38	39	INIT_LASTHS_TABLE	0x00009AA2	26	INIT_LASTHS_TABLE
CMOS	INIT_LASTHS_TABLE	712	279	5	1	0x00009AA2	known	INIT_LASTHS_TABLE	0x00009AA2	INIT_LASTHS_TABLE	0x00009AA2	0	INIT_LASTHS_TABLE	0x00009AA2	0	INIT_LASTHS_TABLE
CMOS	ILT_LP	718	284	3	1	0x00009AA7	bounded_ok			INIT_LASTHS_TABLE	0x00009AA2	5	UPDATE_LASTHS	0x00009AAA	3	UPDATE_LASTHS
CMOS	UPDATE_LASTHS	728	287	19	1	0x00009AAA	known	UPDATE_LASTHS@CMOS	0x00009AAA	UPDATE_LASTHS	0x00009AAA	0	UPDATE_LASTHS	0x00009AAA	0	UPDATE_LASTHS
CMOS	CHECK_LASTHS	757	306	7	1	0x00009ABD	bounded_ok			UPDATE_LASTHS	0x00009AAA	19	INIT_HSTD_TABLES	0x00009AC4	7	INIT_HSTD_TABLES
CMOS	INIT_HSTD_TABLES	785	313	2	1	0x00009AC4	known	INIT_HSTD_TABLES	0x00009AC4	INIT_HSTD_TABLES	0x00009AC4	0	INIT_HSTD_TABLES	0x00009AC4	0	INIT_HSTD_TABLES
CMOS	ITL1	788	315	5	1	0x00009AC6	bounded_ok			INIT_HSTD_TABLES	0x00009AC4	2	VALIDATE_HSTD_TABLES	0x00009AD4	14	INIT_HSTD_TABLES
CMOS	ITL2	794	320	9	1	0x00009ACB	bounded_ok			INIT_HSTD_TABLES	0x00009AC4	7	VALIDATE_HSTD_TABLES	0x00009AD4	9	INIT_HSTD_TABLES
CMOS	VALIDATE_HSTD_TABLES	811	329	2	1	0x00009AD4	known	VALIDATE_HSTD_TABLES	0x00009AD4	VALIDATE_HSTD_TABLES	0x00009AD4	0	VALIDATE_HSTD_TABLES	0x00009AD4	0	VALIDATE_HSTD_TABLES
CMOS	ITL1A	814	331	3	1	0x00009AD6	bounded_ok			VALIDATE_HSTD_TABLES	0x00009AD4	2	J1	0x00009AE1	11	VALIDATE_HSTD_TABLES
CMOS	ITL2A	818	334	8	1	0x00009AD9	bounded_ok			VALIDATE_HSTD_TABLES	0x00009AD4	5	J1	0x00009AE1	8	VALIDATE_HSTD_TABLES
CMOS	J1	828	342	6	1	0x00009AE1	known	J1@CMOS	0x00009AE1	J1	0x00009AE1	0	J1	0x00009AE1	0	J1
CMOS	J2	834	348	6	1	0x00009AE7	known	J2@CMOS	0x00009AE7	J2	0x00009AE7	0	J2	0x00009AE7	0	J2
CMOS	J3	841	354	14	1	0x00009AED	known	J3@CMOS	0x00009AED	J3	0x00009AED	0	J3	0x00009AED	0	J3
CMOS	RESETALL	859	368	2	1	0x00009AFB	known	RESETALL@CMOS	0x00009AFB	RESETALL	0x00009AFB	0	RESETALL	0x00009AFB	0	RESETALL
CMOS	GET_TABLE_ADDR	875	370	10	1	0x00009AFD	known	GET_TABLE_ADDR	0x00009AFD	GET_TABLE_ADDR	0x00009AFD	0	GET_TABLE_ADDR	0x00009AFD	0	GET_TABLE_ADDR
CMOS	TABLE_ENTRY_WRITE	901	380	15	1	0x00009B07	known	TABLE_ENTRY_WRITE@CMOS	0x00009B07	TABLE_ENTRY_WRITE	0x00009B07	0	TABLE_ENTRY_WRITE	0x00009B07	0	TABLE_ENTRY_WRITE
CMOS	TABLE_ENTRY_WRITE0	932	395	4	1	0x00009B16	known	TABLE_ENTRY_WRITE0@CMOS	0x00009B16	TABLE_ENTRY_WRITE0	0x00009B16	0	TABLE_ENTRY_WRITE0	0x00009B16	0	TABLE_ENTRY_WRITE0
CMOS	TEWL1	938	399	23	1	0x00009B1A	known	TEWL1@CMOS	0x00009B1A	TEWL1	0x00009B1A	0	TEWL1	0x00009B1A	0	TEWL1
CMOS	TABLE_ENTRY_READ	983	422	18	1	0x00009B31	known	TABLE_ENTRY_READ	0x00009B31	TABLE_ENTRY_READ	0x00009B31	0	TABLE_ENTRY_READ	0x00009B31	0	TABLE_ENTRY_READ
CMOS	CHECK_RACE_TABLE	1023	440	6	1	0x00009B43	known	CHECK_RACE_TABLE	0x00009B43	CHECK_RACE_TABLE	0x00009B43	0	CHECK_RACE_TABLE	0x00009B43	0	CHECK_RACE_TABLE
CMOS	NXTENT	1031	446	8	1	0x00009B49	known	NXTENT@CMOS	0x00009B49	NXTENT	0x00009B49	0	NXTENT	0x00009B49	0	NXTENT
CMOS	INSERT_HERE	1042	454	2	1	0x00009B51	known	INSERT_HERE@CMOS	0x00009B51	INSERT_HERE	0x00009B51	0	INSERT_HERE	0x00009B51	0	INSERT_HERE
CMOS	INSERT_TABLE_ENTRY	1062	456	10	1	0x00009B53	known	INSERT_TABLE_ENTRY	0x00009B53	INSERT_TABLE_ENTRY	0x00009B53	0	INSERT_TABLE_ENTRY	0x00009B53	0	INSERT_TABLE_ENTRY
CMOS	ITEL	1077	466	6	1	0x00009B5D	known	ITEL@CMOS	0x00009B5D	ITEL	0x00009B5D	0	ITEL	0x00009B5D	0	ITEL
CMOS	ITLX	1085	472	10	1	0x00009B63	known	ITLX@CMOS	0x00009B63	ITLX	0x00009B63	0	ITLX	0x00009B63	0	ITLX
COIN	COIN1	26	0	13	1	0x0000733F	backward_extrapolated						GETCOIN	0x000073CB	140	GETCOIN
COIN	COIN2	44	13	15	1	0x0000734C	backward_extrapolated						GETCOIN	0x000073CB	127	GETCOIN
COIN	JAJA3	69	28	6	1	0x0000735B	backward_extrapolated						GETCOIN	0x000073CB	112	GETCOIN
COIN	JAJA5	77	34	2	1	0x00007361	backward_extrapolated						GETCOIN	0x000073CB	106	GETCOIN
COIN	COIN3	85	36	12	1	0x00007363	backward_extrapolated						GETCOIN	0x000073CB	104	GETCOIN
COIN	COIN4	100	48	12	1	0x0000736F	backward_extrapolated						GETCOIN	0x000073CB	92	GETCOIN
COIN	SERV_COIN	114	60	16	1	0x0000737B	backward_extrapolated						GETCOIN	0x000073CB	80	GETCOIN
COIN	CHECK_CREDITS	130	76	11	1	0x0000738B	backward_extrapolated						GETCOIN	0x000073CB	64	GETCOIN
COIN	CHECK_CREDITSLP	146	87	3	1	0x00007396	backward_extrapolated						GETCOIN	0x000073CB	53	GETCOIN
COIN	SKIP_MIN	152	90	22	1	0x00007399	backward_extrapolated						GETCOIN	0x000073CB	50	GETCOIN
COIN	NOINCCRD	177	112	2	1	0x000073AF	backward_extrapolated						GETCOIN	0x000073CB	28	GETCOIN
COIN	NOINC	180	114	25	1	0x000073B1	backward_extrapolated						GETCOIN	0x000073CB	26	GETCOIN
COIN	CHECK_CREDITSX	207	139	1	1	0x000073CA	backward_extrapolated						GETCOIN	0x000073CB	1	GETCOIN
COIN	GETCOIN	223	140	6	1	0x000073CB	known	GETCOIN@COIN	0x000073CB	GETCOIN	0x000073CB	0	GETCOIN	0x000073CB	0	GETCOIN
COIN	USE_STANDARD	230	146	3	1	0x000073D1	known	USE_STANDARD@COIN	0x000073D1	USE_STANDARD	0x000073D1	0	USE_STANDARD	0x000073D1	0	USE_STANDARD
COIN	GET_THIS_COIN	235	149	6	1	0x000073D4	known	GET_THIS_COIN@COIN	0x000073D4	GET_THIS_COIN	0x000073D4	0	GET_THIS_COIN	0x000073D4	0	GET_THIS_COIN
COIN	GETCOINX	244	155	1	1	0x000073DA	known	GETCOINX@COIN	0x000073DA	GETCOINX	0x000073DA	0	GETCOINX	0x000073DA	0	GETCOINX
COIN	GET_THIS_COINTXT	248	156	3	1	0x000073DB	known	GET_THIS_COINTXT@COIN	0x000073DB	GET_THIS_COINTXT	0x000073DB	0	GET_THIS_COINTXT	0x000073DB	0	GET_THIS_COINTXT
COIN	GETCOINTXT	253	159	4	1	0x000073DE	known	GETCOINTXT	0x000073DE	GETCOINTXT	0x000073DE	0	GETCOINTXT	0x000073DE	0	GETCOINTXT
COIN	GETCOIN_DEFAULT	268	163	13	1	0x000073E2	known	GETCOIN_DEFAULT@COIN	0x000073E2	GETCOIN_DEFAULT	0x000073E2	0	GETCOIN_DEFAULT	0x000073E2	0	GETCOIN_DEFAULT
COIN	INVBLP	282	176	18	1	0x000073EF	known	INVBLP@COIN	0x000073EF	INVBLP	0x000073EF	0	INVBLP	0x000073EF	0	INVBLP
COIN	INIT_CUSTOM_COIN	304	194	23	1	0x00007434	known	INIT_CUSTOM_COIN	0x00007434	INIT_CUSTOM_COIN	0x00007434	0	INIT_CUSTOM_COIN	0x00007434	0	INIT_CUSTOM_COIN
COIN	ICCX	334	217	1	1	0x0000744B	bounded_ok			INIT_CUSTOM_COIN	0x00007434	23	INICC	0x0000744C	1	INICC
COIN	INICC	336	218	1	1	0x0000744C	known	INICC@COIN	0x0000744C	INICC	0x0000744C	0	INICC	0x0000744C	0	INICC
COIN	INICC_LP	338	219	11	1	0x0000744D	known	INICC_LP@COIN	0x0000744D	INICC_LP	0x0000744D	0	INICC_LP	0x0000744D	0	INICC_LP
COIN	GET_COIN1	367	230	12	1	0x00C1000F	known	GET_COIN1@COIN	0x00C1000F	GET_COIN1	0x00C1000F	0	GET_COIN1	0x00C1000F	0	GET_COIN1
COIN	GET_COIN2	383	242	13	1	0x00C1001B	known	GET_COIN2@COIN	0x00C1001B	GET_COIN2	0x00C1001B	0	GET_COIN2	0x00C1001B	0	GET_COIN2
COIN	GET_COIN3	400	255	13	1	0x00C10028	known	GET_COIN3@COIN	0x00C10028	GET_COIN3	0x00C10028	0	GET_COIN3	0x00C10028	0	GET_COIN3
COIN	GET_COIN4	417	268	13	1	0x00C10035	known	GET_COIN4@COIN	0x00C10035	GET_COIN4	0x00C10035	0	GET_COIN4	0x00C10035	0	GET_COIN4
COIN	GET_UNITS_PER_CREDIT	434	281	12	1	0x00C10042	known	GET_UNITS_PER_CREDIT@COIN	0x00C10042	GET_UNITS_PER_CREDIT	0x00C10042	0	GET_UNITS_PER_CREDIT	0x00C10042	0	GET_UNITS_PER_CREDIT
COIN	GET_UNITS_FOR_BONUS	451	293	13	1	0x00C1004E	known	GET_UNITS_FOR_BONUS@COIN	0x00C1004E	GET_UNITS_FOR_BONUS	0x00C1004E	0	GET_UNITS_FOR_BONUS	0x00C1004E	0	GET_UNITS_FOR_BONUS
COIN	GET_MIN_UNITS	468	306	13	1	0x00C1005B	known	GET_MIN_UNITS@COIN	0x00C1005B	GET_MIN_UNITS	0x00C1005B	0	GET_MIN_UNITS	0x00C1005B	0	GET_MIN_UNITS
COIN	GET_CREDITS_TO_START	487	319	13	1	0x00C10068	known	GET_CREDITS_TO_START@COIN	0x00C10068	GET_CREDITS_TO_START	0x00C10068	0	GET_CREDITS_TO_START	0x00C10068	0	GET_CREDITS_TO_START
COIN	GET_CREDITS_TO_CONTINUE	505	332	12	1	0x00C10075	known	GET_CREDITS_TO_CONTINUE@COIN	0x00C10075	GET_CREDITS_TO_CONTINUE	0x00C10075	0	GET_CREDITS_TO_CONTINUE	0x00C10075	0	GET_CREDITS_TO_CONTINUE
COIN	GET_SHOW_PARTIAL	521	344	13	1	0x00C10081	known	GET_SHOW_PARTIAL@COIN	0x00C10081	GET_SHOW_PARTIAL	0x00C10081	0	GET_SHOW_PARTIAL	0x00C10081	0	GET_SHOW_PARTIAL
COIN	GET_COIN1_COUNTER	539	357	8	1	0x00C1008E	known	GET_COIN1_COUNTER@COIN	0x00C1008E	GET_COIN1_COUNTER	0x00C1008E	0	GET_COIN1_COUNTER	0x00C1008E	0	GET_COIN1_COUNTER
COIN	GET_COIN2_COUNTER	552	365	9	1	0x00C10096	known	GET_COIN2_COUNTER@COIN	0x00C10096	GET_COIN2_COUNTER	0x00C10096	0	GET_COIN2_COUNTER	0x00C10096	0	GET_COIN2_COUNTER
COIN	GET_COIN3_COUNTER	566	374	9	1	0x00C1009F	known	GET_COIN3_COUNTER@COIN	0x00C1009F	GET_COIN3_COUNTER	0x00C1009F	0	GET_COIN3_COUNTER	0x00C1009F	0	GET_COIN3_COUNTER
COIN	GET_COIN4_COUNTER	580	383	9	1	0x00C100A8	known	GET_COIN4_COUNTER@COIN	0x00C100A8	GET_COIN4_COUNTER	0x00C100A8	0	GET_COIN4_COUNTER	0x00C100A8	0	GET_COIN4_COUNTER
COIN	SET_COINAGE_ADJ	599	392	51	1	0x00007401	known	SET_COINAGE_ADJ@COIN	0x00007401	SET_COINAGE_ADJ	0x00007401	0	SET_COINAGE_ADJ	0x00007401	0	SET_COINAGE_ADJ
COIN	FONT18REDDS	709	447	5	1	0x0000747B	known	FONT18REDDS@COIN	0x0000747B	FONT18REDDS	0x0000747B	0	FONT18REDDS	0x0000747B	0	FONT18REDDS
COIN	INSERT_COINS	728	452	24	1	0x00007489	known	INSERT_COINS	0x00007489	INSERT_COINS	0x00007489	0	INSERT_COINS	0x00007489	0	INSERT_COINS
COIN	SHOW_COINAGE	759	476	13	1	0x000074A1	known	SHOW_COINAGE@COIN	0x000074A1	SHOW_COINAGE	0x000074A1	0	SHOW_COINAGE	0x000074A1	0	SHOW_COINAGE
COIN	NO_START	774	489	2	1	0x000074AE	known	NO_START@COIN	0x000074AE	NO_START	0x000074AE	0	NO_START	0x000074AE	0	NO_START
COIN	SHOW_CREDITS	777	491	10	1	0x000074B0	known	SHOW_CREDITS@COIN	0x000074B0	SHOW_CREDITS	0x000074B0	0	SHOW_CREDITS	0x000074B0	0	SHOW_CREDITS
COIN	GODO_CREDITS	786	501	12	1	0x000074BA	known	GODO_CREDITS@COIN	0x000074BA	GODO_CREDITS	0x000074BA	0	GODO_CREDITS	0x000074BA	0	GODO_CREDITS
COIN	DO_COINAGE	796	513	3	1	0x000074C6	known	DO_COINAGE@COIN	0x000074C6	DO_COINAGE	0x000074C6	0	DO_COINAGE	0x000074C6	0	DO_COINAGE
COIN	INSERT_COINSX	802	516	1	1	0x000074C9	bounded_ok			DO_COINAGE	0x000074C6	3	FLASH_INSERTCOINS	0x000074CA	1	FLASH_INSERTCOINS
COIN	FLASH_INSERTCOINS	809	517	6	1	0x000074CA	known	FLASH_INSERTCOINS@COIN	0x000074CA	FLASH_INSERTCOINS	0x000074CA	0	FLASH_INSERTCOINS	0x000074CA	0	FLASH_INSERTCOINS
COIN	SHOW_INSERTCOINS	818	523	12	1	0x000074D0	known	SHOW_INSERTCOINS@COIN	0x000074D0	SHOW_INSERTCOINS	0x000074D0	0	SHOW_INSERTCOINS	0x000074D0	0	SHOW_INSERTCOINS
COIN	NO_INSERTCOINS	828	535	5	1	0x000074DC	known	NO_INSERTCOINS@COIN	0x000074DC	NO_INSERTCOINS	0x000074DC	0	NO_INSERTCOINS	0x000074DC	0	NO_INSERTCOINS
COIN	FLASH_INSERTCOINSX	835	540	1	1	0x000074E1	known	FLASH_INSERTCOINSX@COIN	0x000074E1	FLASH_INSERTCOINSX	0x000074E1	0	FLASH_INSERTCOINSX	0x000074E1	0	FLASH_INSERTCOINSX
COIN	FLASH_START	841	541	20	1	0x000074E2	known	FLASH_START@COIN	0x000074E2	FLASH_START	0x000074E2	0	FLASH_START	0x000074E2	0	FLASH_START
COIN	START_SKIP	865	561	5	1	0x000074F6	known	START_SKIP@COIN	0x000074F6	START_SKIP	0x000074F6	0	START_SKIP	0x000074F6	0	START_SKIP
COIN	FLASH_STARTX	872	566	1	1	0x000074FB	known	FLASH_STARTX@COIN	0x000074FB	FLASH_STARTX	0x000074FB	0	FLASH_STARTX	0x000074FB	0	FLASH_STARTX
COIN	PRINT_COINAGE	888	567	42	1	0x000074FC	known	PRINT_COINAGE@COIN	0x000074FC	PRINT_COINAGE	0x000074FC	0	PRINT_COINAGE	0x000074FC	0	PRINT_COINAGE
COIN	PRINT_COINAGEX	924	609	1	1	0x00007526	known	PRINT_COINAGEX@COIN	0x00007526	PRINT_COINAGEX	0x00007526	0	PRINT_COINAGEX	0x00007526	0	PRINT_COINAGEX
COIN	GET_COINAGE_HIGHT	935	610	11	1	0x00007527	known	GET_COINAGE_HIGHT@COIN	0x00007527	GET_COINAGE_HIGHT	0x00007527	0	GET_COINAGE_HIGHT	0x00007527	0	GET_COINAGE_HIGHT
COIN	GCHX	947	621	4	1	0x00007532	known	GCHX@COIN	0x00007532	GCHX	0x00007532	0	GCHX	0x00007532	0	GCHX
COIN	WHITE10FNT	955	625	5	1	0x00007536	known	WHITE10FNT@COIN	0x00007536	WHITE10FNT	0x00007536	0	WHITE10FNT	0x00007536	0	WHITE10FNT
COIN	PRINT_CREDITS	968	630	10	1	0x0000753B	known	PRINT_CREDITS@COIN	0x0000753B	PRINT_CREDITS	0x0000753B	0	PRINT_CREDITS	0x0000753B	0	PRINT_CREDITS
COIN	DO_CREDITS	981	640	9	1	0x00007545	known	DO_CREDITS@COIN	0x00007545	DO_CREDITS	0x00007545	0	DO_CREDITS	0x00007545	0	DO_CREDITS
COIN	CHKPCREDITS	994	649	25	1	0x0000754E	known	CHKPCREDITS@COIN	0x0000754E	CHKPCREDITS	0x0000754E	0	CHKPCREDITS	0x0000754E	0	CHKPCREDITS
COIN	NO_PCREDITS	1030	674	8	1	0x00007567	known	NO_PCREDITS@COIN	0x00007567	NO_PCREDITS	0x00007567	0	NO_PCREDITS	0x00007567	0	NO_PCREDITS
COIN	FLASH_TO_START	1046	682	8	1	0x0000756F	known	FLASH_TO_START@COIN	0x0000756F	FLASH_TO_START	0x0000756F	0	FLASH_TO_START	0x0000756F	0	FLASH_TO_START
COIN	NO_TOSTART	1056	690	12	1	0x00007577	known	NO_TOSTART@COIN	0x00007577	NO_TOSTART	0x00007577	0	NO_TOSTART	0x00007577	0	NO_TOSTART
COIN	PRINT_TOSTART	1072	702	11	1	0x00007583	known	PRINT_TOSTART@COIN	0x00007583	PRINT_TOSTART	0x00007583	0	PRINT_TOSTART	0x00007583	0	PRINT_TOSTART
COIN	FLASH_TOSTARTX	1080	713	1	1	0x0000758E	known	FLASH_TOSTARTX@COIN	0x0000758E	FLASH_TOSTARTX	0x0000758E	0	FLASH_TOSTARTX	0x0000758E	0	FLASH_TOSTARTX
COIN	TOSTART_STRING	1084	714	23	1	0x0000758F	known	TOSTART_STRING@COIN	0x0000758F	TOSTART_STRING	0x0000758F	0	TOSTART_STRING	0x0000758F	0	TOSTART_STRING
COIN	TOCONT_STRING	1116	737	23	1	0x000075A6	known	TOCONT_STRING@COIN	0x000075A6	TOCONT_STRING	0x000075A6	0	TOCONT_STRING	0x000075A6	0	TOCONT_STRING
COIN	VOLUME_DISPLAY	1154	760	27	1	0x000075BF	known	VOLUME_DISPLAY	0x000075BF	VOLUME_DISPLAY	0x000075BF	0	VOLUME_DISPLAY	0x000075BF	0	VOLUME_DISPLAY
COIN	INSERT_MORE_COINS	1198	787	15	1	0x000075DA	bounded_ok			VOLUME_DISPLAY	0x000075BF	27	ISMCC	0x000075E9	15	ISMCC
COIN	ISMCC	1214	802	12	1	0x000075E9	known	ISMCC@COIN	0x000075E9	ISMCC	0x000075E9	0	ISMCC	0x000075E9	0	ISMCC
COIN	INSERT_COINSXM	1225	814	2	1	0x000075F5	known	INSERT_COINSXM@COIN	0x000075F5	INSERT_COINSXM	0x000075F5	0	INSERT_COINSXM	0x000075F5	0	INSERT_COINSXM
COIN	FLASH_INSERTCOINSM	1229	816	18	1	0x000075F7	known	FLASH_INSERTCOINSM@COIN	0x000075F7	FLASH_INSERTCOINSM	0x000075F7	0	FLASH_INSERTCOINSM	0x000075F7	0	FLASH_INSERTCOINSM
COIN	NO_INSERTCOINSM	1247	834	5	1	0x00007609	known	NO_INSERTCOINSM@COIN	0x00007609	NO_INSERTCOINSM	0x00007609	0	NO_INSERTCOINSM	0x00007609	0	NO_INSERTCOINSM
COIN	FLASH_INSERTCOINSXM	1254	839	1	1	0x0000760E	known	FLASH_INSERTCOINSXM@COIN	0x0000760E	FLASH_INSERTCOINSXM	0x0000760E	0	FLASH_INSERTCOINSXM	0x0000760E	0	FLASH_INSERTCOINSXM
COIN	PRINT_TOCONT	1260	840	12	1	0x0000760F	known	PRINT_TOCONT@COIN	0x0000760F	PRINT_TOCONT	0x0000760F	0	PRINT_TOCONT	0x0000760F	0	PRINT_TOCONT
COIN	TOCONTX	1270	852	1	1	0x0000761B	bounded_ok			PRINT_TOCONT	0x0000760F	12	COIN_COUNTER	0x0000761C	1	COIN_COUNTER
COIN	COIN_COUNTER	1297	853	24	1	0x0000761C	known	COIN_COUNTER	0x0000761C	COIN_COUNTER	0x0000761C	0	COIN_COUNTER	0x0000761C	0	COIN_COUNTER
COIN	NOINC1	1327	877	6	1	0x00007634	known	NOINC1@COIN	0x00007634	NOINC1	0x00007634	0	NOINC1	0x00007634	0	NOINC1
COIN	NOINC2	1334	883	13	1	0x0000763A	known	NOINC2@COIN	0x0000763A	NOINC2	0x0000763A	0	NOINC2	0x0000763A	0	NOINC2
COIN	CLEARIT	1344	896	17	1	0x00007647	known	CLEARIT@COIN	0x00007647	CLEARIT	0x00007647	0	CLEARIT	0x00007647	0	CLEARIT
COLLA	CAMSCAN	60	0	4	1	0x00001F8B	known	CAMSCAN	0x00001F8B	CAMSCAN	0x00001F8B	0	CAMSCAN	0x00001F8B	0	CAMSCAN
COLLA	CAMSCANS	72	4	5	1	0x00001F8F	known	CAMSCANS@COLLA	0x00001F8F	CAMSCANS	0x00001F8F	0	CAMSCANS	0x00001F8F	0	CAMSCANS
COLLA	CMS0	79	9	3	1	0x00001F94	bounded_ok			CAMSCANS	0x00001F8F	5	CMS2	0x00001FA4	16	CAMSCANS
COLLA	CMS1	83	12	13	1	0x00001F97	bounded_ok			CAMSCANS	0x00001F8F	8	CMS2	0x00001FA4	13	CAMSCANS
COLLA	CMS2	105	25	3	1	0x00001FA4	known	CMS2@COLLA	0x00001FA4	CMS2	0x00001FA4	0	CMS2	0x00001FA4	0	CMS2
COLLA	CMS1L	109	28	6	1	0x00001FA7	known	CMS1L@COLLA	0x00001FA7	CMS1L	0x00001FA7	0	CMS1L	0x00001FA7	0	CMS1L
COLLA	CMSX	118	34	3	1	0x00001FAD	known	CMSX@COLLA	0x00001FAD	CMSX	0x00001FAD	0	CMSX	0x00001FAD	0	CMSX
COLLA	OBJSCAN	130	37	5	1	0x00001FB0	known	OBJSCAN	0x00001FB0	OBJSCAN	0x00001FB0	0	OBJSCAN	0x00001FB0	0	OBJSCAN
COLLA	BOXSCAN	148	42	23	1	0x00001FB6	known	BOXSCAN	0x00001FB6	BOXSCAN	0x00001FB6	0	BOXSCAN	0x00001FB6	0	BOXSCAN
COLLA	BS3X	180	65	2	1	0x00001FCD	known	BS3X@COLLA	0x00001FCD	BS3X	0x00001FCD	0	BS3X	0x00001FCD	0	BS3X
COLLA	BOXSCSUB	190	67	3	1	0x00001FCF	known	BOXSCSUB@COLLA	0x00001FCF	BOXSCSUB	0x00001FCF	0	BOXSCSUB	0x00001FCF	0	BOXSCSUB
COLLA	BS0	194	70	6	1	0x00001FD2	bounded_ok			BOXSCSUB	0x00001FCF	3	BS2	0x00001FE6	20	BOXSCSUB
COLLA	BS1	201	76	14	1	0x00001FD8	bounded_ok			BOXSCSUB	0x00001FCF	9	BS2	0x00001FE6	14	BOXSCSUB
COLLA	BS2	224	90	4	1	0x00001FE6	known	BS2@COLLA	0x00001FE6	BS2	0x00001FE6	0	BS2	0x00001FE6	0	BS2
COLLA	BSRDLP	231	94	4	1	0x00001FEA	bounded_ok			BS2	0x00001FE6	4	BS10	0x00001FEE	4	BS2
COLLA	BS10	237	98	7	1	0x00001FEE	known	BS10@COLLA	0x00001FEE	BS10	0x00001FEE	0	BS10	0x00001FEE	0	BS10
COLLA	BSCX	248	105	1	1	0x00001FF5	known	BSCX@COLLA	0x00001FF5	BSCX	0x00001FF5	0	BSCX	0x00001FF5	0	BSCX
COLLA	CAR_ROAD_COLL	262	106	7	1	0x00001FF6	known	CAR_ROAD_COLL	0x00001FF6	CAR_ROAD_COLL	0x00001FF6	0	CAR_ROAD_COLL	0x00001FF6	0	CAR_ROAD_COLL
COLLA	PC1XX	278	113	6	1	0x00001FFD	bounded_ok			CAR_ROAD_COLL	0x00001FF6	7	PC1X0	0x00002003	6	PC1X0
COLLA	PC1X0	286	119	14	1	0x00002003	known	PC1X0@COLLA	0x00002003	PC1X0	0x00002003	0	PC1X0	0x00002003	0	PC1X0
COLLA	PC1A	309	133	12	1	0x00002011	known	PC1A@COLLA	0x00002011	PC1A	0x00002011	0	PC1A	0x00002011	0	PC1A
COLLA	PC1B	326	145	3	1	0x0000201D	known	PC1B@COLLA	0x0000201D	PC1B	0x0000201D	0	PC1B	0x0000201D	0	PC1B
COLLA	PC2A	331	148	1	1	0x00002020	known	PC2A@COLLA	0x00002020	PC2A	0x00002020	0	PC2A	0x00002020	0	PC2A
COLLA	PC2B	333	149	2	1	0x00002021	bounded_ok			PC2A	0x00002020	1	PC2	0x00002023	2	PC2A
COLLA	PC2	337	151	23	1	0x00002023	known	PC2@COLLA	0x00002023	PC2	0x00002023	0	PC2	0x00002023	0	PC2
COLLA	PCOLLX	369	174	7	1	0x0000203A	bounded_ok			PC2	0x00002023	23	ROADSCAN	0x00002041	7	ROADSCAN
COLLA	ROADSCAN	384	181	24	1	0x00002041	known	ROADSCAN	0x00002041	ROADSCAN	0x00002041	0	ROADSCAN	0x00002041	0	ROADSCAN
COLLA	LOOP	427	205	25	1	0x00002058	known	LOOP@COLLA	0x00002058	LOOP	0x00002058	0	LOOP	0x00002058	0	LOOP
COLLA	PC3A	470	230	2	1	0x00002071	bounded_ok			LOOP	0x00002058	25	PC3X	0x00002073	2	PC3X
COLLA	PC3X	489	232	1	1	0x00002073	known	PC3X@COLLA	0x00002073	PC3X	0x00002073	0	PC3X	0x00002073	0	PC3X
COLLA	RDSCNSUB	498	233	5	1	0x00002074	known	RDSCNSUB@COLLA	0x00002074	RDSCNSUB	0x00002074	0	RDSCNSUB	0x00002074	0	RDSCNSUB
COLLA	RS0	506	238	1	1	0x00002079	bounded_ok			RDSCNSUB	0x00002074	5	RS2	0x0000208B	18	RDSCNSUB
COLLA	RS1	508	239	10	1	0x0000207A	bounded_ok			RDSCNSUB	0x00002074	6	RS2	0x0000208B	17	RDSCNSUB
COLLA	RS1L	521	249	7	1	0x00002084	bounded_ok			RDSCNSUB	0x00002074	16	RS2	0x0000208B	7	RS2
COLLA	RS2	533	256	3	1	0x0000208B	known	RS2@COLLA	0x0000208B	RS2	0x0000208B	0	RS2	0x0000208B	0	RS2
COLLA	RS3LP	537	259	15	1	0x0000208E	bounded_ok			RS2	0x0000208B	3	RS297	0x0000209D	15	RS2
COLLA	RS297	561	274	6	1	0x0000209D	known	RS297@COLLA	0x0000209D	RS297	0x0000209D	0	RS297	0x0000209D	0	RS297
COLLA	RS299	572	280	3	1	0x000020A3	known	RS299@COLLA	0x000020A3	RS299	0x000020A3	0	RS299	0x000020A3	0	RS299
COLLA	RS300	576	283	2	1	0x000020A6	known	RS300@COLLA	0x000020A6	RS300	0x000020A6	0	RS300	0x000020A6	0	RS300
COLLA	RS301	579	285	2	1	0x000020A8	known	RS301@COLLA	0x000020A8	RS301	0x000020A8	0	RS301	0x000020A8	0	RS301
COLLA	RS30	582	287	3	1	0x000020AA	known	RS30@COLLA	0x000020AA	RS30	0x000020AA	0	RS30	0x000020AA	0	RS30
COLLA	RS3L	587	290	6	1	0x000020AD	bounded_ok			RS30	0x000020AA	3	_coll_road	0x000020B4	7	RS30
COLLA	RDSCNX	596	296	1	1	0x000020B3	bounded_ok			RS30	0x000020AA	9	_coll_road	0x000020B4	1	_coll_road
COLLA	_coll_road	607	297	31	1	0x000020B4	known	_coll_road	0x000020B4	_coll_road	0x000020B4	0	_coll_road	0x000020B4	0	_coll_road
COLLA	CRX	654	328	1	1	0x000020D3	known	CRX@COLLA	0x000020D3	CRX	0x000020D3	0	CRX	0x000020D3	0	CRX
COLLA	GETNMAT	663	329	43	1	0x000020D4	known	GETNMAT@COLLA	0x000020D4	GETNMAT	0x000020D4	0	GETNMAT	0x000020D4	0	GETNMAT
COLLA	_obj_coll	770	372	61	1	0x000020FF	known	_obj_coll	0x000020FF	_obj_coll	0x000020FF	0	_obj_coll	0x000020FF	0	_obj_coll
COLLA	EOTV	849	433	9	1	0x00002133	known	EOTV@COLLA	0x00002133	EOTV	0x00002133	0	EOTV	0x00002133	0	EOTV
COLLA	VLINST	874	442	14	1	0x0000213C	bounded_ok			EOTV	0x00002133	9	VLINLP	0x0000216A	46	EOTV
COLLA	VLQUAD	899	456	8	1	0x0000214A	bounded_ok			EOTV	0x00002133	23	VLINLP	0x0000216A	32	EOTV
COLLA	VLTRI	910	464	24	1	0x00002152	bounded_ok			EOTV	0x00002133	31	VLINLP	0x0000216A	24	VLINLP
COLLA	VLINLP	941	488	11	1	0x0000216A	known	VLINLP@COLLA	0x0000216A	VLINLP	0x0000216A	0	VLINLP	0x0000216A	0	VLINLP
COLLA	VLCOLL	954	499	16	1	0x00002175	known	VLCOLL@COLLA	0x00002175	VLCOLL	0x00002175	0	VLCOLL	0x00002175	0	VLCOLL
COLLA	_makbox	982	515	42	1	0x00002185	known	_makbox	0x00002185	_makbox	0x00002185	0	_makbox	0x00002185	0	_makbox
COLLA	MBVL	1034	557	33	1	0x000021AF	known	MBVL@COLLA	0x000021AF	MBVL	0x000021AF	0	MBVL	0x000021AF	0	MBVL
COLLA	COLSCC	1089	590	15	1	0x000021D0	known	COLSCC	0x000021D0	COLSCC	0x000021D0	0	COLSCC	0x000021D0	0	COLSCC
COLLA	COLSCCX	1111	605	1	1	0x000021DF	known	COLSCCX@COLLA	0x000021DF	COLSCCX	0x000021DF	0	COLSCCX	0x000021DF	0	COLSCCX
COLLA	ATTR_COLLISION	1114	606	8	1	0x000021E0	known	ATTR_COLLISION@COLLA	0x000021E0	ATTR_COLLISION	0x000021E0	0	ATTR_COLLISION	0x000021E0	0	ATTR_COLLISION
COLLA	NO_ATTR_COL	1129	614	1	1	0x000021E8	known	NO_ATTR_COL@COLLA	0x000021E8	NO_ATTR_COL	0x000021E8	0	NO_ATTR_COL	0x000021E8	0	NO_ATTR_COL
COLLA	PLYRDEBRIS	1135	615	3	1	0x000021E9	known	PLYRDEBRIS@COLLA	0x000021E9	PLYRDEBRIS	0x000021E9	0	PLYRDEBRIS	0x000021E9	0	PLYRDEBRIS
COLLA	PLYRSIGN	1143	618	3	1	0x000021EC	known	PLYRSIGN@COLLA	0x000021EC	PLYRSIGN	0x000021EC	0	PLYRSIGN	0x000021EC	0	PLYRSIGN
COLLA	DRONDEBRIS	1151	621	2	1	0x000021EF	known	DRONDEBRIS@COLLA	0x000021EF	DRONDEBRIS	0x000021EF	0	DRONDEBRIS	0x000021EF	0	DRONDEBRIS
COLLA	DRONSIGN	1158	623	1	1	0x000021F1	known	DRONSIGN@COLLA	0x000021F1	DRONSIGN	0x000021F1	0	DRONSIGN	0x000021F1	0	DRONSIGN
COLLA	DRONEPT	1161	624	3	1	0x000021F2	known	DRONEPT@COLLA	0x000021F2	DRONEPT	0x000021F2	0	DRONEPT	0x000021F2	0	DRONEPT
COLLA	DRONEPTL	1166	627	14	1	0x000021F5	known	DRONEPTL@COLLA	0x000021F5	DRONEPTL	0x000021F5	0	DRONEPTL	0x000021F5	0	DRONEPTL
COLLA	DRONEPT1	1183	641	4	1	0x00002203	known	DRONEPT1@COLLA	0x00002203	DRONEPT1	0x00002203	0	DRONEPT1	0x00002203	0	DRONEPT1
COLLA	COLPOINT	1201	645	4	1	0x00002207	known	COLPOINT@COLLA	0x00002207	COLPOINT	0x00002207	0	COLPOINT	0x00002207	0	COLPOINT
COLLA	CARSCLP0	1208	649	10	1	0x0000220B	bounded_ok			COLPOINT	0x00002207	4	CARSCL0	0x00002215	10	COLPOINT
COLLA	CARSCL0	1223	659	3	1	0x00002215	known	CARSCL0@COLLA	0x00002215	CARSCL0	0x00002215	0	CARSCL0	0x00002215	0	CARSCL0
COLLA	CARSCL	1227	662	7	1	0x00002218	known	CARSCL@COLLA	0x00002218	CARSCL	0x00002218	0	CARSCL	0x00002218	0	CARSCL
COLLA	COLSGCK	1245	669	20	1	0x0000221F	known	COLSGCK	0x0000221F	COLSGCK	0x0000221F	0	COLSGCK	0x0000221F	0	COLSGCK
COLLA	CSGLNEQ	1276	689	16	1	0x00002233	known	CSGLNEQ@COLLA	0x00002233	CSGLNEQ	0x00002233	0	CSGLNEQ	0x00002233	0	CSGLNEQ
COLLA	HARDCOL	1319	705	14	1	0x00002243	bounded_ok			CSGLNEQ	0x00002233	16	NOTCOCONUT	0x0000225C	25	CSGLNEQ
COLLA	NOTCOCONUT	1349	730	3	1	0x0000225C	known	NOTCOCONUT@COLLA	0x0000225C	NOTCOCONUT	0x0000225C	0	NOTCOCONUT	0x0000225C	0	NOTCOCONUT
COLLA	DOREPEL	1355	733	16	1	0x0000225F	known	DOREPEL@COLLA	0x0000225F	DOREPEL	0x0000225F	0	DOREPEL	0x0000225F	0	DOREPEL
COLLA	HARDCOL00	1378	749	12	1	0x0000226F	known	HARDCOL00@COLLA	0x0000226F	HARDCOL00	0x0000226F	0	HARDCOL00	0x0000226F	0	HARDCOL00
COLLA	HARDCOL1	1396	761	5	1	0x0000227B	known	HARDCOL1@COLLA	0x0000227B	HARDCOL1	0x0000227B	0	HARDCOL1	0x0000227B	0	HARDCOL1
COLLA	HARDCOL2	1404	766	41	1	0x00002280	known	HARDCOL2@COLLA	0x00002280	HARDCOL2	0x00002280	0	HARDCOL2	0x00002280	0	HARDCOL2
COLLA	HARDCOL3	1458	807	3	1	0x000022A9	known	HARDCOL3@COLLA	0x000022A9	HARDCOL3	0x000022A9	0	HARDCOL3	0x000022A9	0	HARDCOL3
COLLA	ROADKILL	1470	810	6	1	0x000022AC	known	ROADKILL@COLLA	0x000022AC	ROADKILL	0x000022AC	0	ROADKILL	0x000022AC	0	ROADKILL
COLLA	FLYCOLL	1487	816	39	1	0x000022B2	known	FLYCOLL@COLLA	0x000022B2	FLYCOLL	0x000022B2	0	FLYCOLL	0x000022B2	0	FLYCOLL
COLLA	CLLL1	1537	855	21	1	0x000022D9	known	CLLL1@COLLA	0x000022D9	CLLL1	0x000022D9	0	CLLL1	0x000022D9	0	CLLL1
COLLA	KLFD	1569	876	8	1	0x000022EE	known	KLFD@COLLA	0x000022EE	KLFD	0x000022EE	0	KLFD	0x000022EE	0	KLFD
COLLA	FLYCOLL1	1579	884	4	1	0x000022F6	known	FLYCOLL1@COLLA	0x000022F6	FLYCOLL1	0x000022F6	0	FLYCOLL1	0x000022F6	0	FLYCOLL1
COLLA	RUNOVER	1593	888	39	1	0x000022FA	known	RUNOVER@COLLA	0x000022FA	RUNOVER	0x000022FA	0	RUNOVER	0x000022FA	0	RUNOVER
COLLA	RUNOV0	1642	927	4	1	0x00002321	known	RUNOV0@COLLA	0x00002321	RUNOV0	0x00002321	0	RUNOV0	0x00002321	0	RUNOV0
COLLA	RUNOV00	1648	931	4	1	0x00002325	known	RUNOV00@COLLA	0x00002325	RUNOV00	0x00002325	0	RUNOV00	0x00002325	0	RUNOV00
COLLA	COLSGCX0	1654	935	1	1	0x00002329	known	COLSGCX0@COLLA	0x00002329	COLSGCX0	0x00002329	0	COLSGCX0	0x00002329	0	COLSGCX0
COLLA	COLSGCX	1659	936	3	1	0x0000232A	known	COLSGCX@COLLA	0x0000232A	COLSGCX	0x0000232A	0	COLSGCX	0x0000232A	0	COLSGCX
COLLA	FLYCOLLP	1673	939	15	1	0x0000232D	bounded_conflict			COLSGCX	0x0000232A	3	FLYCOLP0	0x00002343	15	COLSGCX
COLLA	FLYCOLP0	1696	954	2	1	0x00002343	known	FLYCOLP0@COLLA	0x00002343	FLYCOLP0	0x00002343	0	FLYCOLP0	0x00002343	0	FLYCOLP0
COLLA	FLYCOLPL	1707	956	18	1	0x00002345	bounded_ok			FLYCOLP0	0x00002343	2	FLYCSLP	0x0000237E	57	FLYCOLP0
COLLA	FLYROAD	1733	974	39	1	0x00002357	bounded_ok			FLYCOLP0	0x00002343	20	FLYCSLP	0x0000237E	39	FLYCOLP0
COLLA	FLYCSLP	1791	1013	3	1	0x0000237E	known	FLYCSLP@COLLA	0x0000237E	FLYCSLP	0x0000237E	0	FLYCSLP	0x0000237E	0	FLYCSLP
COLLA	FLYSTOP	1794	1016	10	1	0x00002381	known	FLYSTOP@COLLA	0x00002381	FLYSTOP	0x00002381	0	FLYSTOP	0x00002381	0	FLYSTOP
COLLA	NOT_ROADKILL	1806	1026	1	1	0x0000238B	known	NOT_ROADKILL@COLLA	0x0000238B	NOT_ROADKILL	0x0000238B	0	NOT_ROADKILL	0x0000238B	0	NOT_ROADKILL
COLLA	DEBSCAN	1813	1027	2	1	0x0000238C	known	DEBSCAN@COLLA	0x0000238C	DEBSCAN	0x0000238C	0	DEBSCAN	0x0000238C	0	DEBSCAN
COLLA	DEBSCL0	1816	1029	9	1	0x0000238E	known	DEBSCL0@COLLA	0x0000238E	DEBSCL0	0x0000238E	0	DEBSCL0	0x0000238E	0	DEBSCL0
COLLA	DEBSCL	1828	1038	1	1	0x00002397	known	DEBSCL@COLLA	0x00002397	DEBSCL	0x00002397	0	DEBSCL	0x00002397	0	DEBSCL
COLLA	DEBSCL1	1830	1039	3	1	0x00002398	known	DEBSCL1@COLLA	0x00002398	DEBSCL1	0x00002398	0	DEBSCL1	0x00002398	0	DEBSCL1
COLLA	SIGNFALL	1843	1042	1	1	0x0000239B	bounded_conflict			DEBSCL1	0x00002398	3	SIGNFALP	0x0000239D	1	SIGNFALP
COLLA	SIGNFALP	1845	1043	6	1	0x0000239D	known	SIGNFALP@COLLA	0x0000239D	SIGNFALP	0x0000239D	0	SIGNFALP	0x0000239D	0	SIGNFALP
COLLA	SIGNFALP0	1852	1049	12	1	0x000023A3	known	SIGNFALP0@COLLA	0x000023A3	SIGNFALP0	0x000023A3	0	SIGNFALP0	0x000023A3	0	SIGNFALP0
COLLA	TREESHAK	1875	1061	11	1	0x000023AF	bounded_conflict			SIGNFALP0	0x000023A3	12	TREESHKL	0x000023BB	11	TREESHKL
COLLA	TREESHKL	1896	1072	10	1	0x000023BB	known	TREESHKL@COLLA	0x000023BB	TREESHKL	0x000023BB	0	TREESHKL	0x000023BB	0	TREESHKL
COLLA	TREESHKL1	1910	1082	12	1	0x000023C5	bounded_ok			TREESHKL	0x000023BB	10	FREESIGN	0x000023D1	12	TREESHKL
COLLA	FREESIGN	1933	1094	3	1	0x000023D1	known	FREESIGN@COLLA	0x000023D1	FREESIGN	0x000023D1	0	FREESIGN	0x000023D1	0	FREESIGN
COLLA	SFREELP	1939	1097	17	1	0x000023D4	known	SFREELP@COLLA	0x000023D4	SFREELP	0x000023D4	0	SFREELP	0x000023D4	0	SFREELP
COLLA	ADDSIGN	1971	1114	8	1	0x000023E5	bounded_conflict			SFREELP	0x000023D4	17	FLYCAR	0x000023EF	8	FLYCAR
COLLA	FLYCAR	1993	1122	12	1	0x000023EF	known	FLYCAR@COLLA	0x000023EF	FLYCAR	0x000023EF	0	FLYCAR	0x000023EF	0	FLYCAR
COLLA	NOTLINKED	2010	1134	10	1	0x000023FB	known	NOTLINKED@COLLA	0x000023FB	NOTLINKED	0x000023FB	0	NOTLINKED	0x000023FB	0	NOTLINKED
COLLA	FLYCAR0	2024	1144	9	1	0x00002405	known	FLYCAR0@COLLA	0x00002405	FLYCAR0	0x00002405	0	FLYCAR0	0x00002405	0	FLYCAR0
COLLA	FLYCAR1	2038	1153	31	1	0x0000240E	known	FLYCAR1	0x0000240E	FLYCAR1	0x0000240E	0	FLYCAR1	0x0000240E	0	FLYCAR1
COLLA	L78G	2083	1184	19	1	0x0000242D	known	L78G@COLLA	0x0000242D	L78G	0x0000242D	0	L78G	0x0000242D	0	L78G
COLLA	FLY0	2107	1203	5	1	0x00002440	known	FLY0@COLLA	0x00002440	FLY0	0x00002440	0	FLY0	0x00002440	0	FLY0
COLLA	FLY1	2117	1208	6	1	0x00002445	known	FLY1@COLLA	0x00002445	FLY1	0x00002445	0	FLY1	0x00002445	0	FLY1
COLLA	FLY3	2125	1214	9	1	0x0000244B	known	FLY3@COLLA	0x0000244B	FLY3	0x0000244B	0	FLY3	0x0000244B	0	FLY3
COLLA	FLYCARX	2136	1223	4	1	0x00002454	known	FLYCARX@COLLA	0x00002454	FLYCARX	0x00002454	0	FLYCARX	0x00002454	0	FLYCARX
COLLA	FLYCARXX	2143	1227	5	1	0x00002458	known	FLYCARXX@COLLA	0x00002458	FLYCARXX	0x00002458	0	FLYCARXX	0x00002458	0	FLYCARXX
COLLA	FC00	2149	1232	3	1	0x0000245D	known	FC00@COLLA	0x0000245D	FC00	0x0000245D	0	FC00	0x0000245D	0	FC00
COLLA	FC01	2153	1235	2	1	0x00002460	known	FC01@COLLA	0x00002460	FC01	0x00002460	0	FC01	0x00002460	0	FC01
COLLA	FC02	2156	1237	1	1	0x00002462	known	FC02@COLLA	0x00002462	FC02	0x00002462	0	FC02	0x00002462	0	FC02
COLLA	FC03	2158	1238	6	1	0x00002463	known	FC03@COLLA	0x00002463	FC03	0x00002463	0	FC03	0x00002463	0	FC03
COLLA	FLYCARP	2187	1244	13	1	0x00002469	bounded_conflict			FC03	0x00002463	6	FLYCARP0	0x00002485	13	FC03
COLLA	FLYCARP0	2208	1257	45	1	0x00002485	known	FLYCARP0@COLLA	0x00002485	FLYCARP0	0x00002485	0	FLYCARP0	0x00002485	0	FLYCARP0
COLLA	FLYCROAD	2278	1302	10	1	0x000024B2	bounded_ok			FLYCARP0	0x00002485	45	FLYCARSLP	0x000024CA	24	FLYCARSLP
COLLA	FLYCROAD1	2296	1312	14	1	0x000024BC	bounded_ok			FLYCARP0	0x00002485	55	FLYCARSLP	0x000024CA	14	FLYCARSLP
COLLA	FLYCARSLP	2329	1326	5	1	0x000024CA	known	FLYCARSLP@COLLA	0x000024CA	FLYCARSLP	0x000024CA	0	FLYCARSLP	0x000024CA	0	FLYCARSLP
COLLA	FLYCARSTOP	2341	1331	70	1	0x000024CF	known	FLYCARSTOP@COLLA	0x000024CF	FLYCARSTOP	0x000024CF	0	FLYCARSTOP	0x000024CF	0	FLYCARSTOP
COLLA	FLYCSTP00	2444	1401	2	1	0x00002515	known	FLYCSTP00@COLLA	0x00002515	FLYCSTP00	0x00002515	0	FLYCSTP00	0x00002515	0	FLYCSTP00
COLLA	FLYCSTP	2447	1403	2	1	0x00002517	bounded_ok			FLYCSTP00	0x00002515	2	FLYCSTP0	0x00002519	2	FLYCSTP00
COLLA	FLYCSTP0	2453	1405	4	1	0x00002519	known	FLYCSTP0@COLLA	0x00002519	FLYCSTP0	0x00002519	0	FLYCSTP0	0x00002519	0	FLYCSTP0
COLLA	FLYCSTP1	2460	1409	1	1	0x0000251D	bounded_ok			FLYCSTP0	0x00002519	4	FLYCSTP2	0x0000251E	1	FLYCSTP2
COLLA	FLYCSTP2	2462	1410	18	1	0x0000251E	known	FLYCSTP2@COLLA	0x0000251E	FLYCSTP2	0x0000251E	0	FLYCSTP2	0x0000251E	0	FLYCSTP2
COLLA	FLYCSTL	2484	1428	2	1	0x00002530	known	FLYCSTL@COLLA	0x00002530	FLYCSTL	0x00002530	0	FLYCSTL	0x00002530	0	FLYCSTL
COLLA	FLYCCC	2488	1430	12	1	0x00002532	known	FLYCCC@COLLA	0x00002532	FLYCCC	0x00002532	0	FLYCCC	0x00002532	0	FLYCCC
COLLA	FLYSTOPSLP	2507	1442	5	1	0x0000253E	known	FLYSTOPSLP@COLLA	0x0000253E	FLYSTOPSLP	0x0000253E	0	FLYSTOPSLP	0x0000253E	0	FLYSTOPSLP
COLLA	FLYCARSTP	2513	1447	7	1	0x00002543	known	FLYCARSTP@COLLA	0x00002543	FLYCARSTP	0x00002543	0	FLYCARSTP	0x00002543	0	FLYCARSTP
COLLA	FLYCARWT	2533	1454	14	1	0x0000254A	known	FLYCARWT@COLLA	0x0000254A	FLYCARWT	0x0000254A	0	FLYCARWT	0x0000254A	0	FLYCARWT
COLLA	FLYCARPXX	2567	1468	6	1	0x00002558	known	FLYCARPXX@COLLA	0x00002558	FLYCARPXX	0x00002558	0	FLYCARPXX	0x00002558	0	FLYCARPXX
COLLA	FLYCARPXXX	2577	1474	2	1	0x0000255E	known	FLYCARPXXX@COLLA	0x0000255E	FLYCARPXXX	0x0000255E	0	FLYCARPXXX	0x0000255E	0	FLYCARPXXX
COLLA	FLYCARPXXXX	2582	1476	10	1	0x00002560	known	FLYCARPXXXX@COLLA	0x00002560	FLYCARPXXXX	0x00002560	0	FLYCARPXXXX	0x00002560	0	FLYCARPXXXX
COLLA	DEADCAR	2600	1486	17	1	0x0000256A	known	DEADCAR@COLLA	0x0000256A	DEADCAR	0x0000256A	0	DEADCAR	0x0000256A	0	DEADCAR
COLLA	DEADLP	2622	1503	7	1	0x0000257B	known	DEADLP@COLLA	0x0000257B	DEADLP	0x0000257B	0	DEADLP	0x0000257B	0	DEADLP
COLLA	DEADSLP	2632	1510	5	1	0x00002582	bounded_ok			DEADLP	0x0000257B	7	SEND_FLY_KILL	0x00002587	5	SEND_FLY_KILL
COLLA	SEND_FLY_KILL	2643	1515	8	1	0x00002587	known	SEND_FLY_KILL	0x00002587	SEND_FLY_KILL	0x00002587	0	SEND_FLY_KILL	0x00002587	0	SEND_FLY_KILL
COLLA	DECODE_FLY_KILL	2656	1523	5	1	0x0000258F	bounded_ok			SEND_FLY_KILL	0x00002587	8	DRKX	0x00002594	5	DRKX
COLLA	DRKX	2664	1528	1	1	0x00002594	known	DRKX@COLLA	0x00002594	DRKX	0x00002594	0	DRKX	0x00002594	0	DRKX
COLLA	SEND_FLY_XSFER	2676	1529	17	1	0x00002597	known	SEND_FLY_XSFER@COLLA	0x00002597	SEND_FLY_XSFER	0x00002597	0	SEND_FLY_XSFER	0x00002597	0	SEND_FLY_XSFER
COLLA	SENDP	2699	1546	5	1	0x000025A8	known	SENDP@COLLA	0x000025A8	SENDP	0x000025A8	0	SENDP	0x000025A8	0	SENDP
COLLA	DECODE_FLY_XSFER	2710	1551	14	1	0x000025AD	bounded_ok			SENDP	0x000025A8	5	DECP	0x000025BB	14	SENDP
COLLA	DECP	2731	1565	20	1	0x000025BB	known	DECP@COLLA	0x000025BB	DECP	0x000025BB	0	DECP	0x000025BB	0	DECP
COLLA	DFX1	2760	1585	2	1	0x000025CF	known	DFX1@COLLA	0x000025CF	DFX1	0x000025CF	0	DFX1	0x000025CF	0	DFX1
COLLA	DFXX	2763	1587	2	1	0x000025D1	known	DFXX@COLLA	0x000025D1	DFXX	0x000025D1	0	DFXX	0x000025D1	0	DFXX
COLLA	GETFLYMAT	2784	1589	18	1	0x000025D6	known	GETFLYMAT	0x000025D6	GETFLYMAT	0x000025D6	0	GETFLYMAT	0x000025D6	0	GETFLYMAT
COLLA	COLSCAN	2841	1607	4	1	0x000025E8	known	COLSCAN	0x000025E8	COLSCAN	0x000025E8	0	COLSCAN	0x000025E8	0	COLSCAN
COLLA	COLSCLP0	2848	1611	24	1	0x000025EC	bounded_ok			COLSCAN	0x000025E8	4	COLSCL0	0x00002604	24	COLSCAN
COLLA	COLSCL0	2881	1635	4	1	0x00002604	known	COLSCL0@COLLA	0x00002604	COLSCL0	0x00002604	0	COLSCL0	0x00002604	0	COLSCL0
COLLA	COLSCL	2886	1639	6	1	0x00002608	known	COLSCL@COLLA	0x00002608	COLSCL	0x00002608	0	COLSCL	0x00002608	0	COLSCL
COLLA	CLDSCAN	2905	1645	6	1	0x0000260E	known	CLDSCAN@COLLA	0x0000260E	CLDSCAN	0x0000260E	0	CLDSCAN	0x0000260E	0	CLDSCAN
COLLA	CLDSCLP0	2915	1651	13	1	0x00002614	bounded_ok			CLDSCAN	0x0000260E	6	CLDSCL	0x00002628	20	CLDSCAN
COLLA	CLDSCL0	2934	1664	7	1	0x00002621	bounded_ok			CLDSCAN	0x0000260E	19	CLDSCL	0x00002628	7	CLDSCL
COLLA	CLDSCL	2943	1671	5	1	0x00002628	known	CLDSCL@COLLA	0x00002628	CLDSCL	0x00002628	0	CLDSCL	0x00002628	0	CLDSCL
COLLA	CLDSCL1	2950	1676	6	1	0x0000262D	known	CLDSCL1@COLLA	0x0000262D	CLDSCL1	0x0000262D	0	CLDSCL1	0x0000262D	0	CLDSCL1
COLLA	REPELL	2970	1682	18	1	0x00002633	known	REPELL@COLLA	0x00002633	REPELL	0x00002633	0	REPELL	0x00002633	0	REPELL
COLLA	COLDISP	3001	1700	20	1	0x00002645	known	COLDISP@COLLA	0x00002645	COLDISP	0x00002645	0	COLDISP	0x00002645	0	COLDISP
COLLA	NOTHELI	3028	1720	6	1	0x00002659	known	NOTHELI@COLLA	0x00002659	NOTHELI	0x00002659	0	NOTHELI	0x00002659	0	NOTHELI
COLLA	NTRN	3035	1726	67	1	0x0000265F	known	NTRN@COLLA	0x0000265F	NTRN	0x0000265F	0	NTRN	0x0000265F	0	NTRN
COLLA	COLDISP0	3148	1793	8	1	0x000026A2	known	COLDISP0@COLLA	0x000026A2	COLDISP0	0x000026A2	0	COLDISP0	0x000026A2	0	COLDISP0
COLLA	COLIN1	3161	1801	82	1	0x000026AA	known	COLIN1@COLLA	0x000026AA	COLIN1	0x000026AA	0	COLIN1	0x000026AA	0	COLIN1
COLLA	ZZZ1	3313	1883	29	1	0x000026FC	known	ZZZ1@COLLA	0x000026FC	ZZZ1	0x000026FC	0	ZZZ1	0x000026FC	0	ZZZ1
COLLA	COLDSP30	3385	1912	13	1	0x00002719	bounded_ok			ZZZ1	0x000026FC	29	SPINROT	0x00002727	14	SPINROT
COLLA	COLDSPX	3399	1925	1	1	0x00002726	bounded_ok			ZZZ1	0x000026FC	42	SPINROT	0x00002727	1	SPINROT
COLLA	SPINROT	3421	1926	77	1	0x00002727	known	SPINROT@COLLA	0x00002727	SPINROT	0x00002727	0	SPINROT	0x00002727	0	SPINROT
COLLA	PLYRSPIN	3546	2003	6	1	0x00002774	bounded_ok			SPINROT	0x00002727	77	PLSPIN1	0x0000277A	6	PLSPIN1
COLLA	PLSPIN1	3555	2009	7	1	0x0000277A	known	PLSPIN1@COLLA	0x0000277A	PLSPIN1	0x0000277A	0	PLSPIN1	0x0000277A	0	PLSPIN1
COLLA	PLSPIN2	3564	2016	6	1	0x00002781	known	PLSPIN2@COLLA	0x00002781	PLSPIN2	0x00002781	0	PLSPIN2	0x00002781	0	PLSPIN2
COLLA	PLBIG	3571	2022	8	1	0x00002787	known	PLBIG@COLLA	0x00002787	PLBIG	0x00002787	0	PLBIG	0x00002787	0	PLBIG
COLLA	BEHINDCK	3584	2030	20	1	0x0000278F	known	BEHINDCK@COLLA	0x0000278F	BEHINDCK	0x0000278F	0	BEHINDCK	0x0000278F	0	BEHINDCK
COLLA	PSPINNIT	3612	2050	3	1	0x000027A3	known	PSPINNIT@COLLA	0x000027A3	PSPINNIT	0x000027A3	0	PSPINNIT	0x000027A3	0	PSPINNIT
COLLA	SPINBOUNCE	3617	2053	16	1	0x000027A6	known	SPINBOUNCE@COLLA	0x000027A6	SPINBOUNCE	0x000027A6	0	SPINBOUNCE	0x000027A6	0	SPINBOUNCE
COLLA	DRONESPIN	3647	2069	13	1	0x000027B6	known	DRONESPIN@COLLA	0x000027B6	DRONESPIN	0x000027B6	0	DRONESPIN	0x000027B6	0	DRONESPIN
COLLA	DSPIN	3668	2082	12	1	0x000027C3	known	DSPIN@COLLA	0x000027C3	DSPIN	0x000027C3	0	DSPIN	0x000027C3	0	DSPIN
COLLA	DSPIN1	3682	2094	9	1	0x000027CF	known	DSPIN1@COLLA	0x000027CF	DSPIN1	0x000027CF	0	DSPIN1	0x000027CF	0	DSPIN1
COLLA	DSPIN0	3694	2103	4	1	0x000027D8	known	DSPIN0@COLLA	0x000027D8	DSPIN0	0x000027D8	0	DSPIN0	0x000027D8	0	DSPIN0
COLLA	SPINNIT	3703	2107	9	1	0x000027DC	known	SPINNIT@COLLA	0x000027DC	SPINNIT	0x000027DC	0	SPINNIT	0x000027DC	0	SPINNIT
COLLA	SPINTM0	3714	2116	11	1	0x000027E5	known	SPINTM0@COLLA	0x000027E5	SPINTM0	0x000027E5	0	SPINTM0	0x000027E5	0	SPINTM0
COLLA	SPINTM1	3730	2127	7	1	0x000027F0	known	SPINTM1@COLLA	0x000027F0	SPINTM1	0x000027F0	0	SPINTM1	0x000027F0	0	SPINTM1
COLLA	SPINBUMP	3743	2134	18	1	0x000027F7	known	SPINBUMP@COLLA	0x000027F7	SPINBUMP	0x000027F7	0	SPINBUMP	0x000027F7	0	SPINBUMP
COLLA	SPINB0	3767	2152	6	1	0x00002809	known	SPINB0@COLLA	0x00002809	SPINB0	0x00002809	0	SPINB0	0x00002809	0	SPINB0
COLLA	SPINBUMP1	3776	2158	5	1	0x0000280F	known	SPINBUMP1@COLLA	0x0000280F	SPINBUMP1	0x0000280F	0	SPINBUMP1	0x0000280F	0	SPINBUMP1
COLLA	SPINBX	3784	2163	2	1	0x00002814	known	SPINBX@COLLA	0x00002814	SPINBX	0x00002814	0	SPINBX	0x00002814	0	SPINBX
COLLA	SPINX	3787	2165	1	1	0x00002816	known	SPINX@COLLA	0x00002816	SPINX	0x00002816	0	SPINX	0x00002816	0	SPINX
COLLA	SPINXX	3789	2166	5	1	0x00002817	known	SPINXX@COLLA	0x00002817	SPINXX	0x00002817	0	SPINXX	0x00002817	0	SPINXX
COLLA	SPINXXX	3796	2171	1	1	0x0000281C	known	SPINXXX@COLLA	0x0000281C	SPINXXX	0x0000281C	0	SPINXXX	0x0000281C	0	SPINXXX
COLLA	ANGMOM	3803	2172	6	1	0x0000281D	known	ANGMOM@COLLA	0x0000281D	ANGMOM	0x0000281D	0	ANGMOM	0x0000281D	0	ANGMOM
COLLA	ANGM1	3810	2178	1	1	0x00002823	known	ANGM1@COLLA	0x00002823	ANGM1	0x00002823	0	ANGM1	0x00002823	0	ANGM1
COLLA	CKBOUNCE	3820	2179	15	1	0x00002824	known	CKBOUNCE@COLLA	0x00002824	CKBOUNCE	0x00002824	0	CKBOUNCE	0x00002824	0	CKBOUNCE
COLLA	CKBNCX	3839	2194	2	1	0x00002833	known	CKBNCX@COLLA	0x00002833	CKBNCX	0x00002833	0	CKBNCX	0x00002833	0	CKBNCX
COLLA	COLSND	3849	2196	22	1	0x00002835	known	COLSND@COLLA	0x00002835	COLSND	0x00002835	0	COLSND	0x00002835	0	COLSND
COLLA	COLSND1	3875	2218	4	1	0x0000284B	known	COLSND1@COLLA	0x0000284B	COLSND1	0x0000284B	0	COLSND1	0x0000284B	0	COLSND1
COLLA	DRCOLSND	3884	2222	4	1	0x0000284F	known	DRCOLSND@COLLA	0x0000284F	DRCOLSND	0x0000284F	0	DRCOLSND	0x0000284F	0	DRCOLSND
COLLA	COLSNDX	3889	2226	5	1	0x00002853	known	COLSNDX@COLLA	0x00002853	COLSNDX	0x00002853	0	COLSNDX	0x00002853	0	COLSNDX
COLLA	COLCHK	3920	2231	23	1	0x00002863	known	COLCHK	0x00002863	COLCHK	0x00002863	0	COLCHK	0x00002863	0	COLCHK
COLLA	PLANEQ	3955	2254	5	1	0x00002879	known	PLANEQ@COLLA	0x00002879	PLANEQ	0x00002879	0	PLANEQ	0x00002879	0	PLANEQ
COLLA	PNTCKL0	3964	2259	10	1	0x0000287E	bounded_conflict			PLANEQ	0x00002879	5	EQCHK0	0x00002887	10	PLANEQ
COLLA	EQCHK0	3976	2269	2	1	0x00002887	known	EQCHK0@COLLA	0x00002887	EQCHK0	0x00002887	0	EQCHK0	0x00002887	0	EQCHK0
COLLA	PNTNXT0	3978	2271	6	1	0x00002889	known	PNTNXT0@COLLA	0x00002889	PNTNXT0	0x00002889	0	PNTNXT0	0x00002889	0	PNTNXT0
COLLA	PNTCKL1	3989	2277	10	1	0x0000288F	bounded_conflict			PNTNXT0	0x00002889	6	EQCHK1	0x00002898	10	PNTNXT0
COLLA	EQCHK1	4001	2287	2	1	0x00002898	known	EQCHK1@COLLA	0x00002898	EQCHK1	0x00002898	0	EQCHK1	0x00002898	0	EQCHK1
COLLA	PNTNXT1	4003	2289	5	1	0x0000289A	known	PNTNXT1@COLLA	0x0000289A	PNTNXT1	0x0000289A	0	PNTNXT1	0x0000289A	0	PNTNXT1
COLLA	COLCHKX	4009	2294	5	1	0x0000289F	known	COLCHKX@COLLA	0x0000289F	COLCHKX	0x0000289F	0	COLCHKX	0x0000289F	0	COLCHKX
COLLA	GOTCOL	4015	2299	4	1	0x000028A4	known	GOTCOL@COLLA	0x000028A4	GOTCOL	0x000028A4	0	GOTCOL	0x000028A4	0	GOTCOL
COLLA	GETBOX	4030	2303	6	1	0x000028A8	known	GETBOX@COLLA	0x000028A8	GETBOX	0x000028A8	0	GETBOX	0x000028A8	0	GETBOX
COLLA	GETBOX0	4037	2309	72	1	0x000028AE	known	GETBOX0@COLLA	0x000028AE	GETBOX0	0x000028AE	0	GETBOX0	0x000028AE	0	GETBOX0
COLLA	EOCV	4141	2381	5	1	0x000028E2	known	EOCV@COLLA	0x000028E2	EOCV	0x000028E2	0	EOCV	0x000028E2	0	EOCV
COMM	COMM_INIT	51	0	16	1	0x00007F3F	known	COMM_INIT	0x00007F3F	COMM_INIT	0x00007F3F	0	COMM_INIT	0x00007F3F	0	COMM_INIT
COMM	COMM_ENABLE_INT2	84	16	9	1	0x00007F51	known	COMM_ENABLE_INT2	0x00007F51	COMM_ENABLE_INT2	0x00007F51	0	COMM_ENABLE_INT2	0x00007F51	0	COMM_ENABLE_INT2
COMM	BABA	101	25	4	1	0x00007F5A	known	BABA@COMM	0x00007F5A	BABA	0x00007F5A	0	BABA	0x00007F5A	0	BABA
COMM	COMM_MASTER_SEND_SYNC	111	29	29	1	0x00007F5E	known	COMM_MASTER_SEND_SYNC	0x00007F5E	COMM_MASTER_SEND_SYNC	0x00007F5E	0	COMM_MASTER_SEND_SYNC	0x00007F5E	0	COMM_MASTER_SEND_SYNC
COMM	SETONE	147	58	11	1	0x00007F7B	bounded_ok			COMM_MASTER_SEND_SYNC	0x00007F5E	29	CLRONE	0x00007F86	11	CLRONE
COMM	CLRONE	167	69	10	1	0x00007F86	known	CLRONE	0x00007F86	CLRONE	0x00007F86	0	CLRONE	0x00007F86	0	CLRONE
COMM	ONEX	183	79	6	1	0x00007F90	known	ONEX@COMM	0x00007F90	ONEX	0x00007F90	0	ONEX	0x00007F90	0	ONEX
COMM	COMM_ROUTINE	196	85	11	1	0x00007F96	known	COMM_ROUTINE	0x00007F96	COMM_ROUTINE	0x00007F96	0	COMM_ROUTINE	0x00007F96	0	COMM_ROUTINE
COMM	COMM_HOLDFORA2D	211	96	7	1	0x00007FA1	known	COMM_HOLDFORA2D@COMM	0x00007FA1	COMM_HOLDFORA2D	0x00007FA1	0	COMM_HOLDFORA2D	0x00007FA1	0	COMM_HOLDFORA2D
COMM	COMM_MASTER	225	103	5	1	0x00007FA8	bounded_ok			COMM_HOLDFORA2D	0x00007FA1	7	CM1	0x00007FAD	5	CM1
COMM	CM1	234	108	20	1	0x00007FAD	known	CM1@COMM	0x00007FAD	CM1	0x00007FAD	0	CM1	0x00007FAD	0	CM1
COMM	WTLPMI	264	128	8	1	0x00007FC1	known	WTLPMI@COMM	0x00007FC1	WTLPMI	0x00007FC1	0	WTLPMI	0x00007FC1	0	WTLPMI
COMM	CM2	274	136	5	1	0x00007FC9	known	CM2@COMM	0x00007FC9	CM2	0x00007FC9	0	CM2	0x00007FC9	0	CM2
COMM	CM3	282	141	8	1	0x00007FCE	known	CM3@COMM	0x00007FCE	CM3	0x00007FCE	0	CM3	0x00007FCE	0	CM3
COMM	WTLPMI2	293	149	15	1	0x00007FD6	known	WTLPMI2@COMM	0x00007FD6	WTLPMI2	0x00007FD6	0	WTLPMI2	0x00007FD6	0	WTLPMI2
COMM	WTLPMI3	314	164	48	1	0x00007FE5	known	WTLPMI3@COMM	0x00007FE5	WTLPMI3	0x00007FE5	0	WTLPMI3	0x00007FE5	0	WTLPMI3
COMM	MSDLP	390	212	36	1	0x00008015	bounded_ok			WTLPMI3	0x00007FE5	48	CML1XX	0x00008039	36	CML1XX
COMM	CML1XX	440	248	14	1	0x00008039	known	CML1XX@COMM	0x00008039	CML1XX	0x00008039	0	CML1XX	0x00008039	0	CML1XX
COMM	PWL2M	466	262	7	1	0x00008047	bounded_ok			CML1XX	0x00008039	14	COMM_MASTER_ERR_X	0x000080A8	97	CML1XX
COMM	PWL3M	476	269	8	1	0x0000804E	bounded_ok			CML1XX	0x00008039	21	COMM_MASTER_ERR_X	0x000080A8	90	CML1XX
COMM	PWL4M	487	277	7	1	0x00008056	bounded_ok			CML1XX	0x00008039	29	COMM_MASTER_ERR_X	0x000080A8	82	CML1XX
COMM	PWL5M	497	284	31	1	0x0000805D	bounded_ok			CML1XX	0x00008039	36	COMM_MASTER_ERR_X	0x000080A8	75	CML1XX
COMM	WL2M	542	315	9	1	0x0000807C	bounded_ok			CML1XX	0x00008039	67	COMM_MASTER_ERR_X	0x000080A8	44	COMM_MASTER_ERR_X
COMM	WL3M	555	324	11	1	0x00008085	bounded_ok			CML1XX	0x00008039	76	COMM_MASTER_ERR_X	0x000080A8	35	COMM_MASTER_ERR_X
COMM	WL2MC	573	335	7	1	0x00008090	bounded_ok			CML1XX	0x00008039	87	COMM_MASTER_ERR_X	0x000080A8	24	COMM_MASTER_ERR_X
COMM	WL3MC	583	342	13	1	0x00008097	bounded_ok			CML1XX	0x00008039	94	COMM_MASTER_ERR_X	0x000080A8	17	COMM_MASTER_ERR_X
COMM	COMM_MASTER_X	602	355	4	1	0x000080A4	bounded_ok			CML1XX	0x00008039	107	COMM_MASTER_ERR_X	0x000080A8	4	COMM_MASTER_ERR_X
COMM	COMM_MASTER_ERR_X	607	359	11	1	0x000080A8	known	COMM_MASTER_ERR_X@COMM	0x000080A8	COMM_MASTER_ERR_X	0x000080A8	0	COMM_MASTER_ERR_X	0x000080A8	0	COMM_MASTER_ERR_X
COMM	CMERROR1	625	370	1	1	0x000080B3	bounded_ok			COMM_MASTER_ERR_X	0x000080A8	11	CMERROR3	0x000080B5	2	CMERROR3
COMM	CMERROR2	626	371	1	1	0x000080B4	bounded_ok			COMM_MASTER_ERR_X	0x000080A8	12	CMERROR3	0x000080B5	1	CMERROR3
COMM	CMERROR3	627	372	1	1	0x000080B5	known	CMERROR3@COMM	0x000080B5	CMERROR3	0x000080B5	0	CMERROR3	0x000080B5	0	CMERROR3
COMM	CMERROR4	628	373	1	1	0x000080B6	bounded_ok			CMERROR3	0x000080B5	1	CMERROR8	0x000080BA	4	CMERROR3
COMM	CMERROR5	629	374	1	1	0x000080B7	bounded_ok			CMERROR3	0x000080B5	2	CMERROR8	0x000080BA	3	CMERROR3
COMM	CMERROR6	630	375	1	1	0x000080B8	bounded_ok			CMERROR3	0x000080B5	3	CMERROR8	0x000080BA	2	CMERROR8
COMM	CMERROR7	631	376	1	1	0x000080B9	bounded_ok			CMERROR3	0x000080B5	4	CMERROR8	0x000080BA	1	CMERROR8
COMM	CMERROR8	632	377	1	1	0x000080BA	known	CMERROR8@COMM	0x000080BA	CMERROR8	0x000080BA	0	CMERROR8	0x000080BA	0	CMERROR8
COMM	CMERROR9	633	378	1	1	0x000080BB	bounded_ok			CMERROR8	0x000080BA	1	CMERROR10	0x000080BC	1	CMERROR8
COMM	CMERROR10	634	379	1	1	0x000080BC	known	CMERROR10@COMM	0x000080BC	CMERROR10	0x000080BC	0	CMERROR10	0x000080BC	0	CMERROR10
COMM	CMERRORL	635	380	1	1	0x000080BD	known	CMERRORL@COMM	0x000080BD	CMERRORL	0x000080BD	0	CMERRORL	0x000080BD	0	CMERRORL
COMM	CMERRORDEAD	637	381	3	1	0x000080BE	known	CMERRORDEAD@COMM	0x000080BE	CMERRORDEAD	0x000080BE	0	CMERRORDEAD	0x000080BE	0	CMERRORDEAD
COMM	COMM_MASTER_ERROR	642	384	8	1	0x000080C1	known	COMM_MASTER_ERROR@COMM	0x000080C1	COMM_MASTER_ERROR	0x000080C1	0	COMM_MASTER_ERROR	0x000080C1	0	COMM_MASTER_ERROR
COMM	COMM_IRQ	662	392	12	1	0x000080C9	bounded_ok			COMM_MASTER_ERROR	0x000080C1	8	DO_SLAVE_SYNC	0x000080D5	12	COMM_MASTER_ERROR
COMM	DO_SLAVE_SYNC	680	404	13	1	0x000080D5	known	DO_SLAVE_SYNC@COMM	0x000080D5	DO_SLAVE_SYNC	0x000080D5	0	DO_SLAVE_SYNC	0x000080D5	0	DO_SLAVE_SYNC
COMM	WTLP	703	417	24	1	0x000080E2	known	WTLP@COMM	0x000080E2	WTLP	0x000080E2	0	WTLP	0x000080E2	0	WTLP
COMM	COMM_SLAVE	755	441	8	1	0x000080FA	known	COMM_SLAVE@COMM	0x000080FA	COMM_SLAVE	0x000080FA	0	COMM_SLAVE	0x000080FA	0	COMM_SLAVE
COMM	CS1	770	449	6	1	0x00008102	known	CS1@COMM	0x00008102	CS1	0x00008102	0	CS1	0x00008102	0	CS1
COMM	CS2	780	455	7	1	0x00008108	known	CS2@COMM	0x00008108	CS2	0x00008108	0	CS2	0x00008108	0	CS2
COMM	CS20	788	462	5	1	0x0000810F	known	CS20@COMM	0x0000810F	CS20	0x0000810F	0	CS20	0x0000810F	0	CS20
COMM	WTLPI	796	467	10	1	0x00008114	known	WTLPI@COMM	0x00008114	WTLPI	0x00008114	0	WTLPI	0x00008114	0	WTLPI
COMM	WTLPI2	811	477	5	1	0x0000811E	bounded_ok			WTLPI	0x00008114	10	CS3	0x00008123	5	CS3
COMM	CS3	822	482	14	1	0x00008123	known	CS3@COMM	0x00008123	CS3	0x00008123	0	CS3	0x00008123	0	CS3
COMM	PWL2	845	496	7	1	0x00008131	bounded_ok			CS3	0x00008123	14	CML1S	0x00008191	96	CS3
COMM	PWL3	855	503	8	1	0x00008138	bounded_ok			CS3	0x00008123	21	CML1S	0x00008191	89	CS3
COMM	PWL4	866	511	7	1	0x00008140	bounded_ok			CS3	0x00008123	29	CML1S	0x00008191	81	CS3
COMM	PWL5	876	518	29	1	0x00008147	bounded_ok			CS3	0x00008123	36	CML1S	0x00008191	74	CS3
COMM	WL2	917	547	9	1	0x00008164	bounded_ok			CS3	0x00008123	65	CML1S	0x00008191	45	CML1S
COMM	WL3	930	556	11	1	0x0000816D	bounded_ok			CS3	0x00008123	74	CML1S	0x00008191	36	CML1S
COMM	WL2C	948	567	7	1	0x00008178	bounded_ok			CS3	0x00008123	85	CML1S	0x00008191	25	CML1S
COMM	WL3C	958	574	18	1	0x0000817F	bounded_ok			CS3	0x00008123	92	CML1S	0x00008191	18	CML1S
COMM	CML1S	992	592	54	1	0x00008191	known	CML1S@COMM	0x00008191	CML1S	0x00008191	0	CML1S	0x00008191	0	CML1S
COMM	SSDLP	1079	646	32	1	0x000081C7	bounded_ok			CML1S	0x00008191	54	CML1WT	0x000081E8	33	CML1WT
COMM	LENGTHOF0	1124	678	1	1	0x000081E7	bounded_ok			CML1S	0x00008191	86	CML1WT	0x000081E8	1	CML1WT
COMM	CML1WT	1127	679	6	1	0x000081E8	known	CML1WT@COMM	0x000081E8	CML1WT	0x000081E8	0	CML1WT	0x000081E8	0	CML1WT
COMM	COMM_SLAVE_X	1134	685	4	1	0x000081EE	bounded_ok			CML1WT	0x000081E8	6	COMM_SLAVE_ERR_X	0x000081F2	4	COMM_SLAVE_ERR_X
COMM	COMM_SLAVE_ERR_X	1139	689	11	1	0x000081F2	known	COMM_SLAVE_ERR_X@COMM	0x000081F2	COMM_SLAVE_ERR_X	0x000081F2	0	COMM_SLAVE_ERR_X	0x000081F2	0	COMM_SLAVE_ERR_X
COMM	CSERROR1	1157	700	1	1	0x000081FD	bounded_ok			COMM_SLAVE_ERR_X	0x000081F2	11	CSERROR3	0x000081FF	2	CSERROR3
COMM	CSERROR2	1158	701	1	1	0x000081FE	bounded_ok			COMM_SLAVE_ERR_X	0x000081F2	12	CSERROR3	0x000081FF	1	CSERROR3
COMM	CSERROR3	1159	702	1	1	0x000081FF	known	CSERROR3@COMM	0x000081FF	CSERROR3	0x000081FF	0	CSERROR3	0x000081FF	0	CSERROR3
COMM	CSERROR4	1160	703	1	1	0x00008200	bounded_ok			CSERROR3	0x000081FF	1	CSERROR8	0x00008204	4	CSERROR3
COMM	CSERROR5	1161	704	1	1	0x00008201	bounded_ok			CSERROR3	0x000081FF	2	CSERROR8	0x00008204	3	CSERROR3
COMM	CSERROR6	1162	705	1	1	0x00008202	bounded_ok			CSERROR3	0x000081FF	3	CSERROR8	0x00008204	2	CSERROR8
COMM	CSERROR7	1163	706	1	1	0x00008203	bounded_ok			CSERROR3	0x000081FF	4	CSERROR8	0x00008204	1	CSERROR8
COMM	CSERROR8	1164	707	1	1	0x00008204	known	CSERROR8@COMM	0x00008204	CSERROR8	0x00008204	0	CSERROR8	0x00008204	0	CSERROR8
COMM	CSERROR9	1165	708	1	1	0x00008205	known	CSERROR9@COMM	0x00008205	CSERROR9	0x00008205	0	CSERROR9	0x00008205	0	CSERROR9
COMM	CSERROR11	1166	709	1	1	0x00008206	known	CSERROR11@COMM	0x00008206	CSERROR11	0x00008206	0	CSERROR11	0x00008206	0	CSERROR11
COMM	CSERRORDEAD	1168	710	3	1	0x00008207	known	CSERRORDEAD@COMM	0x00008207	CSERRORDEAD	0x00008207	0	CSERRORDEAD	0x00008207	0	CSERRORDEAD
COMM	COMM_SLAVE_ERROR	1173	713	8	1	0x0000820A	known	COMM_SLAVE_ERROR@COMM	0x0000820A	COMM_SLAVE_ERROR	0x0000820A	0	COMM_SLAVE_ERROR	0x0000820A	0	COMM_SLAVE_ERROR
COMMDRNE	COMM_DRONE	74	0	9	1	0x0000A699	backward_extrapolated						COMM_DRONE_PTR_SORT	0x0000A723	138	COMM_DRONE_PTR_SORT
COMMDRNE	DOGENRLB	91	9	86	1	0x0000A6A2	backward_extrapolated						COMM_DRONE_PTR_SORT	0x0000A723	129	COMM_DRONE_PTR_SORT
COMMDRNE	NNDDF3	238	95	28	1	0x0000A6F8	backward_extrapolated						COMM_DRONE_PTR_SORT	0x0000A723	43	COMM_DRONE_PTR_SORT
COMMDRNE	NOTPLYR	286	123	1	1	0x0000A714	backward_extrapolated						COMM_DRONE_PTR_SORT	0x0000A723	15	COMM_DRONE_PTR_SORT
COMMDRNE	COMMDRNE_LP	293	124	14	1	0x0000A715	backward_extrapolated						COMM_DRONE_PTR_SORT	0x0000A723	14	COMM_DRONE_PTR_SORT
COMMDRNE	COMM_DRONE_PTR_SORT	315	138	2	1	0x0000A723	known	COMM_DRONE_PTR_SORT	0x0000A723	COMM_DRONE_PTR_SORT	0x0000A723	0	COMM_DRONE_PTR_SORT	0x0000A723	0	COMM_DRONE_PTR_SORT
COMMDRNE	REGULAR	320	140	30	1	0x0000A725	bounded_ok			COMM_DRONE_PTR_SORT	0x0000A723	2	OM_DRONE	0x0000A743	30	COMM_DRONE_PTR_SORT
COMMDRNE	OM_DRONE	366	170	2	1	0x0000A743	known	OM_DRONE	0x0000A743	OM_DRONE	0x0000A743	0	OM_DRONE	0x0000A743	0	OM_DRONE
COMMDRNE	OM_DRONEL	372	172	21	1	0x0000A745	known	OM_DRONEL@COMMDRNE	0x0000A745	OM_DRONEL	0x0000A745	0	OM_DRONEL	0x0000A745	0	OM_DRONEL
COMMDRNE	DRONELL	401	193	1	1	0x0000A75A	known	DRONELL@COMMDRNE	0x0000A75A	DRONELL	0x0000A75A	0	DRONELL	0x0000A75A	0	DRONELL
COMMQ	CLEAR_LINK	73	0	18	1	0x0000766B	known	CLEAR_LINK	0x0000766B	CLEAR_LINK	0x0000766B	0	CLEAR_LINK	0x0000766B	0	CLEAR_LINK
COMMQ	DECODE_BUFFER	101	18	13	1	0x0000767D	known	DECODE_BUFFER	0x0000767D	DECODE_BUFFER	0x0000767D	0	DECODE_BUFFER	0x0000767D	0	DECODE_BUFFER
COMMQ	DECODE_LP	120	31	8	1	0x0000768A	known	DECODE_LP@COMMQ	0x0000768A	DECODE_LP	0x0000768A	0	DECODE_LP	0x0000768A	0	DECODE_LP
COMMQ	DECLPX	137	39	2	1	0x00007692	known	DECLPX@COMMQ	0x00007692	DECLPX	0x00007692	0	DECLPX	0x00007692	0	DECLPX
COMMQ	ISDONE	141	41	3	1	0x00007694	known	ISDONE@COMMQ	0x00007694	ISDONE	0x00007694	0	ISDONE	0x00007694	0	ISDONE
COMMQ	COMMQ_PACKET_INIT	216	44	3	1	0x000076BB	known	COMMQ_PACKET_INIT	0x000076BB	COMMQ_PACKET_INIT	0x000076BB	0	COMMQ_PACKET_INIT	0x000076BB	0	COMMQ_PACKET_INIT
COMMQ	CMQIX	226	47	3	1	0x000076BE	bounded_ok			COMMQ_PACKET_INIT	0x000076BB	3	COMMQ_READY_TO_SEND	0x000076C1	3	COMMQ_PACKET_INIT
COMMQ	COMMQ_READY_TO_SEND	241	50	9	1	0x000076C1	known	COMMQ_READY_TO_SEND	0x000076C1	COMMQ_READY_TO_SEND	0x000076C1	0	COMMQ_READY_TO_SEND	0x000076C1	0	COMMQ_READY_TO_SEND
COMMQ	MESSAGE_ADD	270	59	17	1	0x000076CA	known	MESSAGE_ADD	0x000076CA	MESSAGE_ADD	0x000076CA	0	MESSAGE_ADD	0x000076CA	0	MESSAGE_ADD
COMMQ	JJAG	304	76	1	1	0x000076DB	known	JJAG@COMMQ	0x000076DB	JJAG	0x000076DB	0	JJAG	0x000076DB	0	JJAG
COMMQ	MESSADDX	307	77	5	1	0x000076DC	known	MESSADDX@COMMQ	0x000076DC	MESSADDX	0x000076DC	0	MESSADDX	0x000076DC	0	MESSADDX
COMMQ	MESSAGE_ADD_SB	322	82	13	1	0x000076E1	known	MESSAGE_ADD_SB	0x000076E1	MESSAGE_ADD_SB	0x000076E1	0	MESSAGE_ADD_SB	0x000076E1	0	MESSAGE_ADD_SB
COMMQ	MASBX	351	95	3	1	0x000076EE	known	MASBX@COMMQ	0x000076EE	MASBX	0x000076EE	0	MASBX	0x000076EE	0	MASBX
COMMQ	DECODE_NULL	357	98	1	1	0x000076F1	bounded_ok			MASBX	0x000076EE	3	DC_M_NOP	0x0000774B	90	MASBX
COMMQ	SEND_WAVEFL_READY	364	99	2	1	0x000076F2	bounded_ok			MASBX	0x000076EE	4	DC_M_NOP	0x0000774B	89	MASBX
COMMQ	SEND_WAVEFL_SET	367	101	2	1	0x000076F4	bounded_ok			MASBX	0x000076EE	6	DC_M_NOP	0x0000774B	87	MASBX
COMMQ	SEND_WAVEFL_GO	370	103	4	1	0x000076F6	bounded_ok			MASBX	0x000076EE	8	DC_M_NOP	0x0000774B	85	MASBX
COMMQ	DECODE_WAVEFL_READY	379	107	3	1	0x000076FA	bounded_ok			MASBX	0x000076EE	12	DC_M_NOP	0x0000774B	81	MASBX
COMMQ	DECODE_WAVEFL_SET	383	110	3	1	0x000076FD	bounded_ok			MASBX	0x000076EE	15	DC_M_NOP	0x0000774B	78	MASBX
COMMQ	DECODE_WAVEFL_GO	387	113	5	1	0x00007700	bounded_ok			MASBX	0x000076EE	18	DC_M_NOP	0x0000774B	75	MASBX
COMMQ	SEND_LINKEDT	399	118	5	1	0x00007705	bounded_ok			MASBX	0x000076EE	23	DC_M_NOP	0x0000774B	70	MASBX
COMMQ	SEND_LINKEDF	405	123	5	1	0x0000770A	bounded_ok			MASBX	0x000076EE	28	DC_M_NOP	0x0000774B	65	MASBX
COMMQ	DECODE_LINKEDT	412	128	5	1	0x0000770F	bounded_ok			MASBX	0x000076EE	33	DC_M_NOP	0x0000774B	60	MASBX
COMMQ	DECODE_LINKEDF	418	133	5	1	0x00007714	bounded_ok			MASBX	0x000076EE	38	DC_M_NOP	0x0000774B	55	MASBX
COMMQ	DECODE_MODE	428	138	50	1	0x00007719	bounded_ok			MASBX	0x000076EE	43	DC_M_NOP	0x0000774B	50	MASBX
COMMQ	DC_M_NOP	497	188	9	1	0x0000774B	known	DC_M_NOP@COMMQ	0x0000774B	DC_M_NOP	0x0000774B	0	DC_M_NOP	0x0000774B	0	DC_M_NOP
COMMQ	DWAI	518	197	16	1	0x00007754	known	DWAI@COMMQ	0x00007754	DWAI	0x00007754	0	DWAI	0x00007754	0	DWAI
COMMQ	DCMX	543	213	4	1	0x00007764	known	DCMX@COMMQ	0x00007764	DCMX	0x00007764	0	DCMX	0x00007764	0	DCMX
COMMQ	SEND_CHECKPOINT	559	217	7	1	0x00007768	known	SEND_CHECKPOINT	0x00007768	SEND_CHECKPOINT	0x00007768	0	SEND_CHECKPOINT	0x00007768	0	SEND_CHECKPOINT
COMMQ	SEND_FINISH	571	224	4	1	0x0000776F	bounded_ok			SEND_CHECKPOINT	0x00007768	7	SEND_MODE	0x00007773	4	SEND_MODE
COMMQ	SEND_MODE	581	228	27	1	0x00007773	known	SEND_MODE	0x00007773	SEND_MODE	0x00007773	0	SEND_MODE	0x00007773	0	SEND_MODE
COMMQ	DECODE_LINKCANCELLED	625	255	3	1	0x0000778E	bounded_ok			SEND_MODE	0x00007773	27	SEND_RACENUM	0x000077CA	60	SEND_MODE
COMMQ	SEND_LINKCANCELLED	632	258	2	1	0x00007791	bounded_ok			SEND_MODE	0x00007773	30	SEND_RACENUM	0x000077CA	57	SEND_MODE
COMMQ	SEND_START_GAME	644	260	10	1	0x00007793	bounded_ok			SEND_MODE	0x00007773	32	SEND_RACENUM	0x000077CA	55	SEND_MODE
COMMQ	DECODE_START_GAME	661	270	24	1	0x0000779D	bounded_ok			SEND_MODE	0x00007773	42	SEND_RACENUM	0x000077CA	45	SEND_MODE
COMMQ	NOPE	691	294	5	1	0x000077B5	bounded_ok			SEND_MODE	0x00007773	66	SEND_RACENUM	0x000077CA	21	SEND_RACENUM
COMMQ	SEND_END_GAME	703	299	2	1	0x000077BA	bounded_ok			SEND_MODE	0x00007773	71	SEND_RACENUM	0x000077CA	16	SEND_RACENUM
COMMQ	DECODE_END_GAME	710	301	3	1	0x000077BC	bounded_ok			SEND_MODE	0x00007773	73	SEND_RACENUM	0x000077CA	14	SEND_RACENUM
COMMQ	SEND_TIMECODE	721	304	11	1	0x000077BF	bounded_ok			SEND_MODE	0x00007773	76	SEND_RACENUM	0x000077CA	11	SEND_RACENUM
COMMQ	SEND_RACENUM	740	315	11	1	0x000077CA	known	SEND_RACENUM	0x000077CA	SEND_RACENUM	0x000077CA	0	SEND_RACENUM	0x000077CA	0	SEND_RACENUM
COMMQ	DECODE_RACENUM	761	326	13	1	0x000077D5	bounded_ok			SEND_RACENUM	0x000077CA	11	SEND_PLAYERS_POS	0x0000780D	56	SEND_RACENUM
COMMQ	NOTHIDDEN	777	339	2	1	0x000077E2	bounded_ok			SEND_RACENUM	0x000077CA	24	SEND_PLAYERS_POS	0x0000780D	43	SEND_RACENUM
COMMQ	DECODE_VEHICLE	785	341	5	1	0x000077E4	bounded_ok			SEND_RACENUM	0x000077CA	26	SEND_PLAYERS_POS	0x0000780D	41	SEND_RACENUM
COMMQ	SEND_VEHICLE	795	346	7	1	0x000077E9	bounded_ok			SEND_RACENUM	0x000077CA	31	SEND_PLAYERS_POS	0x0000780D	36	SEND_RACENUM
COMMQ	DECODE_TIMECODE	809	353	17	1	0x000077F0	bounded_ok			SEND_RACENUM	0x000077CA	38	SEND_PLAYERS_POS	0x0000780D	29	SEND_PLAYERS_POS
COMMQ	SEND_RHO_POS	844	370	8	1	0x00007801	bounded_ok			SEND_RACENUM	0x000077CA	55	SEND_PLAYERS_POS	0x0000780D	12	SEND_PLAYERS_POS
COMMQ	SEND_RACER_POS	863	378	4	1	0x00007809	bounded_ok			SEND_RACENUM	0x000077CA	63	SEND_PLAYERS_POS	0x0000780D	4	SEND_PLAYERS_POS
COMMQ	SEND_PLAYERS_POS	870	382	1	1	0x0000780D	known	SEND_PLAYERS_POS	0x0000780D	SEND_PLAYERS_POS	0x0000780D	0	SEND_PLAYERS_POS	0x0000780D	0	SEND_PLAYERS_POS
COMMQ	SEND_CAR_POS	877	383	4	1	0x0000780E	known	SEND_CAR_POS@COMMQ	0x0000780E	SEND_CAR_POS	0x0000780E	0	SEND_CAR_POS	0x0000780E	0	SEND_CAR_POS
COMMQ	SEND_CP0	888	387	11	1	0x00007812	known	SEND_CP0@COMMQ	0x00007812	SEND_CP0	0x00007812	0	SEND_CP0	0x00007812	0	SEND_CP0
COMMQ	SENDXYZ	905	398	10	1	0x0000781D	known	SENDXYZ@COMMQ	0x0000781D	SENDXYZ	0x0000781D	0	SENDXYZ	0x0000781D	0	SENDXYZ
COMMQ	MATLP	920	408	48	1	0x00007827	known	MATLP@COMMQ	0x00007827	MATLP	0x00007827	0	MATLP	0x00007827	0	MATLP
COMMQ	SEND_RHO_CREATE	1009	456	13	1	0x00007857	bounded_conflict			MATLP	0x00007827	48	FIND_DRONE	0x00007866	13	FIND_DRONE
COMMQ	FIND_DRONE	1040	469	5	1	0x00007866	known	FIND_DRONE	0x00007866	FIND_DRONE	0x00007866	0	FIND_DRONE	0x00007866	0	FIND_DRONE
COMMQ	FDL	1051	474	4	1	0x0000786B	bounded_ok			FIND_DRONE	0x00007866	5	FD1	0x0000786F	4	FD1
COMMQ	FD1	1057	478	6	1	0x0000786F	known	FD1@COMMQ	0x0000786F	FD1	0x0000786F	0	FD1	0x0000786F	0	FD1
COMMQ	DECODE_RHO_UPDATE	1071	484	6	1	0x00007875	bounded_ok			FD1	0x0000786F	6	SEND_CHANGE_MUSIC	0x00007939	196	FD1
COMMQ	DECODE_RACER_UPDATE	1084	490	15	1	0x0000787B	bounded_ok			FD1	0x0000786F	12	SEND_CHANGE_MUSIC	0x00007939	190	FD1
COMMQ	DECODE_CAR_UPDATE	1109	505	8	1	0x0000788A	bounded_ok			FD1	0x0000786F	27	SEND_CHANGE_MUSIC	0x00007939	175	FD1
COMMQ	DECODE_CAR_UP0	1126	513	15	1	0x00007892	bounded_ok			FD1	0x0000786F	35	SEND_CHANGE_MUSIC	0x00007939	167	FD1
COMMQ	GETXYZ	1148	528	13	1	0x000078A1	bounded_ok			FD1	0x0000786F	50	SEND_CHANGE_MUSIC	0x00007939	152	FD1
COMMQ	GETMAT	1168	541	50	1	0x000078AE	bounded_ok			FD1	0x0000786F	63	SEND_CHANGE_MUSIC	0x00007939	139	FD1
COMMQ	DECCARX	1248	591	2	1	0x000078E0	bounded_ok			FD1	0x0000786F	113	SEND_CHANGE_MUSIC	0x00007939	89	SEND_CHANGE_MUSIC
COMMQ	DECODE_RHO_CREATE	1259	593	17	1	0x000078E2	bounded_ok			FD1	0x0000786F	115	SEND_CHANGE_MUSIC	0x00007939	87	SEND_CHANGE_MUSIC
COMMQ	DCRHOX	1279	610	2	1	0x000078F3	bounded_ok			FD1	0x0000786F	132	SEND_CHANGE_MUSIC	0x00007939	70	SEND_CHANGE_MUSIC
COMMQ	DECODE_RACER_KILL	1285	612	11	1	0x000078F5	bounded_ok			FD1	0x0000786F	134	SEND_CHANGE_MUSIC	0x00007939	68	SEND_CHANGE_MUSIC
COMMQ	DECRKX	1302	623	1	1	0x00007900	bounded_ok			FD1	0x0000786F	145	SEND_CHANGE_MUSIC	0x00007939	57	SEND_CHANGE_MUSIC
COMMQ	DCRKX	1304	624	2	1	0x00007901	bounded_ok			FD1	0x0000786F	146	SEND_CHANGE_MUSIC	0x00007939	56	SEND_CHANGE_MUSIC
COMMQ	DECODE_OM_TRACK	1310	626	15	1	0x00007903	bounded_ok			FD1	0x0000786F	148	SEND_CHANGE_MUSIC	0x00007939	54	SEND_CHANGE_MUSIC
COMMQ	SEND_OM_TRACK	1332	641	22	1	0x00007912	bounded_ok			FD1	0x0000786F	163	SEND_CHANGE_MUSIC	0x00007939	39	SEND_CHANGE_MUSIC
COMMQ	SEND_BSYNC3	1378	663	3	1	0x00007928	bounded_ok			FD1	0x0000786F	185	SEND_CHANGE_MUSIC	0x00007939	17	SEND_CHANGE_MUSIC
COMMQ	SBLS	1382	666	1	1	0x0000792B	bounded_ok			FD1	0x0000786F	188	SEND_CHANGE_MUSIC	0x00007939	14	SEND_CHANGE_MUSIC
COMMQ	DECODE_BSYNC3	1396	667	3	1	0x0000792C	bounded_ok			FD1	0x0000786F	189	SEND_CHANGE_MUSIC	0x00007939	13	SEND_CHANGE_MUSIC
COMMQ	DECODE_CHANGE_MUSIC	1404	670	10	1	0x0000792F	bounded_ok			FD1	0x0000786F	192	SEND_CHANGE_MUSIC	0x00007939	10	SEND_CHANGE_MUSIC
COMMQ	SEND_CHANGE_MUSIC	1422	680	8	1	0x00007939	known	SEND_CHANGE_MUSIC	0x00007939	SEND_CHANGE_MUSIC	0x00007939	0	SEND_CHANGE_MUSIC	0x00007939	0	SEND_CHANGE_MUSIC
COMMQ	DECODE_COINDROP	1438	688	3	1	0x00007941	forward_extrapolated			SEND_CHANGE_MUSIC	0x00007939	8				SEND_CHANGE_MUSIC
COMMQ	SEND_COINDROP	1446	691	2	1	0x00007944	forward_extrapolated			SEND_CHANGE_MUSIC	0x00007939	11				SEND_CHANGE_MUSIC
COMMQ	DECODE_DIAGNOSTIC	1461	693	8	1	0x00007946	forward_extrapolated			SEND_CHANGE_MUSIC	0x00007939	13				SEND_CHANGE_MUSIC
COMMQ	SEND_DIAGNOSTIC	1475	701	14	1	0x0000794E	forward_extrapolated			SEND_CHANGE_MUSIC	0x00007939	21				SEND_CHANGE_MUSIC
COMMQ	DECODE_ATTRSND	1498	715	8	1	0x0000795C	forward_extrapolated			SEND_CHANGE_MUSIC	0x00007939	35				SEND_CHANGE_MUSIC
COMMQ	NO_MUSIC	1505	723	3	1	0x00007964	forward_extrapolated			SEND_CHANGE_MUSIC	0x00007939	43				SEND_CHANGE_MUSIC
COMMQ	SEND_ATTRSND	1513	726	2	1	0x00007967	forward_extrapolated			SEND_CHANGE_MUSIC	0x00007939	46				SEND_CHANGE_MUSIC
COMP	INPUT_BITS	132	0	10	1	0x0000A2DB	known	INPUT_BITS@COMP	0x0000A2DB	INPUT_BITS	0x0000A2DB	0	INPUT_BITS	0x0000A2DB	0	INPUT_BITS
COMP	MULTIWORD	144	10	15	1	0x0000A2E5	known	MULTIWORD@COMP	0x0000A2E5	MULTIWORD	0x0000A2E5	0	MULTIWORD	0x0000A2E5	0	MULTIWORD
COMP	PUTC	178	25	34	1	0x0000A2F4	known	PUTC@COMP	0x0000A2F4	PUTC	0x0000A2F4	0	PUTC	0x0000A2F4	0	PUTC
COMP	WVWRLP2	255	59	14	1	0x0000A316	known	WVWRLP2@COMP	0x0000A316	WVWRLP2	0x0000A316	0	WVWRLP2	0x0000A316	0	WVWRLP2
COMP	DECOMPRESS	287	73	28	1	0x0000A324	known	DECOMPRESS	0x0000A324	DECOMPRESS	0x0000A324	0	DECOMPRESS	0x0000A324	0	DECOMPRESS
COMP	NOHARDLOAD	327	101	2	1	0x0000A340	known	NOHARDLOAD@COMP	0x0000A340	NOHARDLOAD	0x0000A340	0	NOHARDLOAD	0x0000A340	0	NOHARDLOAD
COMP	DECOMPRESS_TOPLP	335	103	9	1	0x0000A342	known	DECOMPRESS_TOPLP@COMP	0x0000A342	DECOMPRESS_TOPLP	0x0000A342	0	DECOMPRESS_TOPLP	0x0000A342	0	DECOMPRESS_TOPLP
COMP	CONT	361	112	3	1	0x0000A34B	known	CONT@COMP	0x0000A34B	CONT	0x0000A34B	0	CONT	0x0000A34B	0	CONT
COMP	DECOMPRESS_PROC	371	115	15	1	0x0000A34E	known	DECOMPRESS_PROC	0x0000A34E	DECOMPRESS_PROC	0x0000A34E	0	DECOMPRESS_PROC	0x0000A34E	0	DECOMPRESS_PROC
COMP	DECOMPRESS_TOPLP2	404	130	2	1	0x0000A35D	bounded_ok			DECOMPRESS_PROC	0x0000A34E	15	DECOMPRESS_TOPLP3	0x0000A35F	2	DECOMPRESS_TOPLP3
COMP	DECOMPRESS_TOPLP3	409	132	14	1	0x0000A35F	known	DECOMPRESS_TOPLP3@COMP	0x0000A35F	DECOMPRESS_TOPLP3	0x0000A35F	0	DECOMPRESS_TOPLP3	0x0000A35F	0	DECOMPRESS_TOPLP3
COMP	DECOMPRESSLP	433	146	10	1	0x0000A36D	known	DECOMPRESSLP@COMP	0x0000A36D	DECOMPRESSLP	0x0000A36D	0	DECOMPRESSLP	0x0000A36D	0	DECOMPRESSLP
COMP	NOBUMP	448	156	9	1	0x0000A377	known	NOBUMP@COMP	0x0000A377	NOBUMP	0x0000A377	0	NOBUMP	0x0000A377	0	NOBUMP
COMP	NODS	464	165	1	1	0x0000A380	bounded_ok			NOBUMP	0x0000A377	9	NODSRT	0x0000A381	1	NODSRT
COMP	NODSRT	467	166	2	1	0x0000A381	known	NODSRT@COMP	0x0000A381	NODSRT	0x0000A381	0	NODSRT	0x0000A381	0	NODSRT
COMP	DECODEL3i	472	168	7	1	0x0000A383	known	DECODEL3i@COMP	0x0000A383	DECODEL3i	0x0000A383	0	DECODEL3i	0x0000A383	0	DECODEL3i
COMP	DECODEL1i	481	175	8	1	0x0000A38A	known	DECODEL1i@COMP	0x0000A38A	DECODEL1i	0x0000A38A	0	DECODEL1i	0x0000A38A	0	DECODEL1i
COMP	BLOOPER	494	183	7	1	0x0000A392	known	BLOOPER@COMP	0x0000A392	BLOOPER	0x0000A392	0	BLOOPER	0x0000A392	0	BLOOPER
COMP	DECOMPRESSX	505	190	5	1	0x0000A399	known	DECOMPRESSX@COMP	0x0000A399	DECOMPRESSX	0x0000A399	0	DECOMPRESSX	0x0000A399	0	DECOMPRESSX
COMP	SAVE_DECOMP_REGS	518	195	24	1	0x0000A39F	known	SAVE_DECOMP_REGS@COMP	0x0000A39F	SAVE_DECOMP_REGS	0x0000A39F	0	SAVE_DECOMP_REGS	0x0000A39F	0	SAVE_DECOMP_REGS
COMP	RESTORE_DECOMP_REGS	552	219	24	1	0x0000A3B7	known	RESTORE_DECOMP_REGS@COMP	0x0000A3B7	RESTORE_DECOMP_REGS	0x0000A3B7	0	RESTORE_DECOMP_REGS	0x0000A3B7	0	RESTORE_DECOMP_REGS
COMP	BOOT_PACIFY_SCREEN	597	243	23	1	0x0000A3D0	known	BOOT_PACIFY_SCREEN@COMP	0x0000A3D0	BOOT_PACIFY_SCREEN	0x0000A3D0	0	BOOT_PACIFY_SCREEN	0x0000A3D0	0	BOOT_PACIFY_SCREEN
COMP	LL	632	266	4	1	0x0000A3E7	known	LL@COMP	0x0000A3E7	LL	0x0000A3E7	0	LL	0x0000A3E7	0	LL
COMP	LLL	637	270	2	1	0x0000A3EB	known	LLL@COMP	0x0000A3EB	LLL	0x0000A3EB	0	LLL	0x0000A3EB	0	LLL
COMP	LOAD_SECTION_REQ	654	272	15	1	0x0000A3ED	known	LOAD_SECTION_REQ	0x0000A3ED	LOAD_SECTION_REQ	0x0000A3ED	0	LOAD_SECTION_REQ	0x0000A3ED	0	LOAD_SECTION_REQ
COMP	NOWTLD	673	287	3	1	0x0000A3FC	known	NOWTLD@COMP	0x0000A3FC	NOWTLD	0x0000A3FC	0	NOWTLD	0x0000A3FC	0	NOWTLD
COMP	NOLOAD	685	290	3	1	0x0000A3FF	known	NOLOAD@COMP	0x0000A3FF	NOLOAD	0x0000A3FF	0	NOLOAD	0x0000A3FF	0	NOLOAD
COMP	REQWAIT	693	293	7	1	0x0000A402	known	REQWAIT@COMP	0x0000A402	REQWAIT	0x0000A402	0	REQWAIT	0x0000A402	0	REQWAIT
CUSA	_c_int00	153	0	50	1	0x00004AE6	known	_c_int00	0x00004AE6	_c_int00	0x00004AE6	0	_c_int00	0x00004AE6	0	_c_int00
CUSA	LD_RAM	241	50	33	1	0x00004B18	known	LD_RAM@CUSA	0x00004B18	LD_RAM	0x00004B18	0	LD_RAM	0x00004B18	0	LD_RAM
CUSA	DIAG_RETURN	304	83	3	1	0x00004B39	known	DIAG_RETURN	0x00004B39	DIAG_RETURN	0x00004B39	0	DIAG_RETURN	0x00004B39	0	DIAG_RETURN
CUSA	DR1	308	86	20	1	0x00004B3C	known	DR1@CUSA	0x00004B3C	DR1	0x00004B3C	0	DR1	0x00004B3C	0	DR1
CUSA	LD_RAM2	330	106	94	1	0x00004B50	known	LD_RAM2@CUSA	0x00004B50	LD_RAM2	0x00004B50	0	LD_RAM2	0x00004B50	0	LD_RAM2
CUSA	NOPEIT	454	200	28	1	0x00004BAE	known	NOPEIT@CUSA	0x00004BAE	NOPEIT	0x00004BAE	0	NOPEIT	0x00004BAE	0	NOPEIT
CUSA	NODO1	487	228	7	1	0x00004BCA	known	NODO1@CUSA	0x00004BCA	NODO1	0x00004BCA	0	NODO1	0x00004BCA	0	NODO1
CUSA	MAINLOOP	498	235	14	1	0x00004BD1	known	MAINLOOP@CUSA	0x00004BD1	MAINLOOP	0x00004BD1	0	MAINLOOP	0x00004BD1	0	MAINLOOP
CUSA	MWAIT0	507	249	6	1	0x00004BDF	known	MWAIT0@CUSA	0x00004BDF	MWAIT0	0x00004BDF	0	MWAIT0	0x00004BDF	0	MWAIT0
CUSA	MWAIT	515	255	2	1	0x00004BE5	known	MWAIT@CUSA	0x00004BE5	MWAIT	0x00004BE5	0	MWAIT	0x00004BE5	0	MWAIT
CUSA	ENTER2	518	257	26	1	0x00004BE7	known	ENTER2@CUSA	0x00004BE7	ENTER2	0x00004BE7	0	ENTER2	0x00004BE7	0	ENTER2
CUSA	DOIT8	555	283	1	1	0x00004C01	known	DOIT8@CUSA	0x00004C01	DOIT8	0x00004C01	0	DOIT8	0x00004C01	0	DOIT8
CUSA	NHUD	556	284	12	1	0x00004C02	known	NHUD@CUSA	0x00004C02	NHUD	0x00004C02	0	NHUD	0x00004C02	0	NHUD
CUSA	NODO555	572	296	30	1	0x00004C0E	known	NODO555@CUSA	0x00004C0E	NODO555	0x00004C0E	0	NODO555	0x00004C0E	0	NODO555
CUSA	COLD_ENTER	631	326	15	1	0x00004C2C	known	COLD_ENTER	0x00004C2C	COLD_ENTER	0x00004C2C	0	COLD_ENTER	0x00004C2C	0	COLD_ENTER
CUSA	C_WAIT	641	341	9	1	0x00004C3B	known	C_WAIT@CUSA	0x00004C3B	C_WAIT	0x00004C3B	0	C_WAIT	0x00004C3B	0	C_WAIT
CUSA	ENABLEGIE	667	350	1	1	0x0000A75C	known	ENABLEGIE	0x0000A75C	ENABLEGIE	0x0000A75C	0	ENABLEGIE	0x0000A75C	0	ENABLEGIE
CUSA	INT0	670	351	68	1	0x0000A75D	bounded_conflict			ENABLEGIE	0x0000A75C	1	REGIT	0x00004C89	68	ENABLEGIE
CUSA	REGIT	745	419	3	1	0x00004C89	known	REGIT@CUSA	0x00004C89	REGIT	0x00004C89	0	REGIT	0x00004C89	0	REGIT
CUSA	NTEST	748	422	18	1	0x00004C8C	known	NTEST@CUSA	0x00004C8C	NTEST	0x00004C8C	0	NTEST	0x00004C8C	0	NTEST
CUSA	PAGE1	779	440	2	1	0x00004C9E	known	PAGE1@CUSA	0x00004C9E	PAGE1	0x00004C9E	0	PAGE1	0x00004C9E	0	PAGE1
CUSA	NCLRSCR	782	442	5	1	0x00004CA0	known	NCLRSCR@CUSA	0x00004CA0	NCLRSCR	0x00004CA0	0	NCLRSCR	0x00004CA0	0	NCLRSCR
CUSA	NOSTOPWUPDT	787	447	22	1	0x00004CA5	known	NOSTOPWUPDT@CUSA	0x00004CA5	NOSTOPWUPDT	0x00004CA5	0	NOSTOPWUPDT	0x00004CA5	0	NOSTOPWUPDT
CUSA	JJ88	810	469	11	1	0x00004CBB	known	JJ88@CUSA	0x00004CBB	JJ88	0x00004CBB	0	JJ88	0x00004CBB	0	JJ88
CUSA	NOTINGAME	838	483	54	1	0x00004CC9	bounded_conflict			JJ88	0x00004CBB	14	READIO	0x00004D00	54	JJ88
CUSA	READIO	912	537	56	1	0x00004D00	known	READIO@CUSA	0x00004D00	READIO	0x00004D00	0	READIO	0x00004D00	0	READIO
CUSA	NIGY	993	593	1	1	0x00004D38	known	NIGY@CUSA	0x00004D38	NIGY	0x00004D38	0	NIGY	0x00004D38	0	NIGY
CUSA	VOL_MINUS	1001	594	21	1	0x00004D39	known	VOL_MINUS@CUSA	0x00004D39	VOL_MINUS	0x00004D39	0	VOL_MINUS	0x00004D39	0	VOL_MINUS
CUSA	VOL_PLUS	1027	615	20	1	0x00004D4E	known	VOL_PLUS@CUSA	0x00004D4E	VOL_PLUS	0x00004D4E	0	VOL_PLUS	0x00004D4E	0	VOL_PLUS
CUSA	VOLJN	1049	635	16	1	0x00004D62	known	VOLJN@CUSA	0x00004D62	VOLJN	0x00004D62	0	VOLJN	0x00004D62	0	VOLJN
CUSA	DIAG_TOGGLE	1068	651	12	1	0x00004D72	known	DIAG_TOGGLE@CUSA	0x00004D72	DIAG_TOGGLE	0x00004D72	0	DIAG_TOGGLE	0x00004D72	0	DIAG_TOGGLE
CUSA	DTXX	1082	663	2	1	0x00004D7E	known	DTXX@CUSA	0x00004D7E	DTXX	0x00004D7E	0	DTXX	0x00004D7E	0	DTXX
CUSA	ATODINT	1089	665	44	1	0x00004D80	bounded_ok			DTXX	0x00004D7E	2	EXITR	0x00004DEA	106	DTXX
CUSA	NOSMOOTH1	1149	709	15	1	0x00004DAC	bounded_ok			DTXX	0x00004D7E	46	EXITR	0x00004DEA	62	DTXX
CUSA	RDFOOT	1171	724	32	1	0x00004DBB	bounded_ok			DTXX	0x00004D7E	61	EXITR	0x00004DEA	47	EXITR
CUSA	RDBRAKE	1214	756	15	1	0x00004DDB	bounded_ok			DTXX	0x00004D7E	93	EXITR	0x00004DEA	15	EXITR
CUSA	EXITR	1236	771	13	1	0x00004DEA	known	EXITR@CUSA	0x00004DEA	EXITR	0x00004DEA	0	EXITR	0x00004DEA	0	EXITR
CUSA	SWDISP	1257	784	7	1	0x00004DF7	known	SWDISP@CUSA	0x00004DF7	SWDISP	0x00004DF7	0	SWDISP	0x00004DF7	0	SWDISP
CUSA	SWTLP	1268	791	10	1	0x00004DFE	known	SWTLP@CUSA	0x00004DFE	SWTLP	0x00004DFE	0	SWTLP	0x00004DFE	0	SWTLP
CUSA	NOGPROC	1281	801	2	1	0x00004E08	known	NOGPROC@CUSA	0x00004E08	NOGPROC	0x00004E08	0	NOGPROC	0x00004E08	0	NOGPROC
CUSA	SWSTX	1283	803	1	1	0x00004E0A	known	SWSTX@CUSA	0x00004E0A	SWSTX	0x00004E0A	0	SWSTX	0x00004E0A	0	SWSTX
CUSA	CHECKDIAG	1331	804	3	1	0x00004E2C	known	CHECKDIAG	0x00004E2C	CHECKDIAG	0x00004E2C	0	CHECKDIAG	0x00004E2C	0	CHECKDIAG
CUSA	CLR_PBSS	1345	807	11	1	0x00004E31	known	CLR_PBSS@CUSA	0x00004E31	CLR_PBSS	0x00004E31	0	CLR_PBSS	0x00004E31	0	CLR_PBSS
CUSA	PRAMCLP	1359	818	8	1	0x00004E3C	known	PRAMCLP@CUSA	0x00004E3C	PRAMCLP	0x00004E3C	0	PRAMCLP	0x00004E3C	0	PRAMCLP
CUSA	CLR_RAM	1383	826	11	1	0x00004E46	known	CLR_RAM	0x00004E46	CLR_RAM	0x00004E46	0	CLR_RAM	0x00004E46	0	CLR_RAM
CUSA	RAMCLP	1397	837	7	1	0x00004E51	known	RAMCLP@CUSA	0x00004E51	RAMCLP	0x00004E51	0	RAMCLP	0x00004E51	0	RAMCLP
CUSA	CLEAR_ONCHIPRAM	1411	844	8	1	0x00004E58	known	CLEAR_ONCHIPRAM@CUSA	0x00004E58	CLEAR_ONCHIPRAM	0x00004E58	0	CLEAR_ONCHIPRAM	0x00004E58	0	CLEAR_ONCHIPRAM
CUSA	BUTTONS	1429	852	14	1	0x00004E60	known	BUTTONS@CUSA	0x00004E60	BUTTONS	0x00004E60	0	BUTTONS	0x00004E60	0	BUTTONS
CUSA	JUSTGOON	1445	866	4	1	0x00004E6E	known	JUSTGOON@CUSA	0x00004E6E	JUSTGOON	0x00004E6E	0	JUSTGOON	0x00004E6E	0	JUSTGOON
CUSA	BUT3	1453	870	17	1	0x00004E72	known	BUT3@CUSA	0x00004E72	BUT3	0x00004E72	0	BUT3	0x00004E72	0	BUT3
CUSA	NOSTART	1476	887	4	1	0x00004E83	known	NOSTART@CUSA	0x00004E83	NOSTART	0x00004E83	0	NOSTART	0x00004E83	0	NOSTART
CUSA	PAPAFFD	1481	891	1	1	0x00004E87	known	PAPAFFD@CUSA	0x00004E87	PAPAFFD	0x00004E87	0	PAPAFFD	0x00004E87	0	PAPAFFD
CUSA	BUTLITE	1483	892	21	1	0x00004E88	known	BUTLITE@CUSA	0x00004E88	BUTLITE	0x00004E88	0	BUTLITE	0x00004E88	0	BUTLITE
CUSA	KKDAK	1505	913	2	1	0x00004E9D	known	KKDAK@CUSA	0x00004E9D	KKDAK	0x00004E9D	0	KKDAK	0x00004E9D	0	KKDAK
CUSA	FDDDA	1507	915	13	1	0x00004E9F	known	FDDDA@CUSA	0x00004E9F	FDDDA	0x00004E9F	0	FDDDA	0x00004E9F	0	FDDDA
CUSA	DIAG_BUTTONS	1523	928	17	1	0x00004EAC	known	DIAG_BUTTONS@CUSA	0x00004EAC	DIAG_BUTTONS	0x00004EAC	0	DIAG_BUTTONS	0x00004EAC	0	DIAG_BUTTONS
CUSA	DGBT	1544	945	27	1	0x00004EBD	known	DGBT@CUSA	0x00004EBD	DGBT	0x00004EBD	0	DGBT	0x00004EBD	0	DGBT
CUSA	WAIT_FOR_VBLANK	1581	972	1	1	0x00004ED8	known	WAIT_FOR_VBLANK	0x00004ED8	WAIT_FOR_VBLANK	0x00004ED8	0	WAIT_FOR_VBLANK	0x00004ED8	0	WAIT_FOR_VBLANK
CUSA	WAIT1	1583	973	3	1	0x00004ED9	known	WAIT1@CUSA	0x00004ED9	WAIT1	0x00004ED9	0	WAIT1	0x00004ED9	0	WAIT1
CUSA	CRT_REG_SETUP	1626	976	12	1	0x00004EDD	known	CRT_REG_SETUP@CUSA	0x00004EDD	CRT_REG_SETUP	0x00004EDD	0	CRT_REG_SETUP	0x00004EDD	0	CRT_REG_SETUP
CUSA	CRTRGLP	1634	988	6	1	0x00004EE9	known	CRTRGLP@CUSA	0x00004EE9	CRTRGLP	0x00004EE9	0	CRTRGLP	0x00004EE9	0	CRTRGLP
CUSA	ERROR_TRAP	1645	994	5	1	0x00004EEF	bounded_ok			CRTRGLP	0x00004EE9	6	FIFO_RESET	0x00004EF4	5	FIFO_RESET
CUSA	FIFO_RESET	1659	999	22	1	0x00004EF4	known	FIFO_RESET	0x00004EF4	FIFO_RESET	0x00004EF4	0	FIFO_RESET	0x00004EF4	0	FIFO_RESET
CUSA	TIMER_RESET	1769	1021	9	1	0x00004F0A	known	TIMER_RESET	0x00004F0A	TIMER_RESET	0x00004F0A	0	TIMER_RESET	0x00004F0A	0	TIMER_RESET
CUSA	TIMER_READ	1783	1030	5	1	0x00004F13	known	TIMER_READ	0x00004F13	TIMER_READ	0x00004F13	0	TIMER_READ	0x00004F13	0	TIMER_READ
CUSA	TIMERESET	1800	1035	19	1	0x00004F19	known	TIMERESET@CUSA	0x00004F19	TIMERESET	0x00004F19	0	TIMERESET	0x00004F19	0	TIMERESET
CUSA	TIMELP	1829	1054	3	1	0x00004F2C	known	TIMELP@CUSA	0x00004F2C	TIMELP	0x00004F2C	0	TIMELP	0x00004F2C	0	TIMELP
CUSA	TIMEL1	1834	1057	9	1	0x00004F2F	known	TIMEL1@CUSA	0x00004F2F	TIMEL1	0x00004F2F	0	TIMEL1	0x00004F2F	0	TIMEL1
CUSA	TIMEREC	1849	1066	11	1	0x00004F38	known	TIMEREC@CUSA	0x00004F38	TIMEREC	0x00004F38	0	TIMEREC	0x00004F38	0	TIMEREC
CUSA	MESSAGE1	1865	1077	61	1	0x00004F43	known	MESSAGE1@CUSA	0x00004F43	MESSAGE1	0x00004F43	0	MESSAGE1	0x00004F43	0	MESSAGE1
CUSA	DODOIBO	1910	1138	3	1	0x00004F80	known	DODOIBO@CUSA	0x00004F80	DODOIBO	0x00004F80	0	DODOIBO	0x00004F80	0	DODOIBO
CUSA	HJSADF	1913	1141	3	1	0x00004F83	known	HJSADF@CUSA	0x00004F83	HJSADF	0x00004F83	0	HJSADF	0x00004F83	0	HJSADF
CUSA	COMMPAL	1922	1144	25	1	0x00990000	known	COMMPAL	0x00990000	COMMPAL	0x00990000	0	COMMPAL	0x00990000	0	COMMPAL
CUSA	MSG1	1956	1169	18	1	0x00004F9F	known	MSG1@CUSA	0x00004F9F	MSG1	0x00004F9F	0	MSG1	0x00004F9F	0	MSG1
CUSA	MSG2	1963	1187	10	1	0x00004FB1	known	MSG2@CUSA	0x00004FB1	MSG2	0x00004FB1	0	MSG2	0x00004FB1	0	MSG2
CUSA	MSG3	1974	1197	10	1	0x00004FC0	known	MSG3@CUSA	0x00004FC0	MSG3	0x00004FC0	0	MSG3	0x00004FC0	0	MSG3
CUSA	CHECK_STATE	2004	1207	25	1	0x00004FD3	known	CHECK_STATE@CUSA	0x00004FD3	CHECK_STATE	0x00004FD3	0	CHECK_STATE	0x00004FD3	0	CHECK_STATE
CUSA	NEXTSTATE	2038	1232	8	1	0x00004FEC	known	NEXTSTATE@CUSA	0x00004FEC	NEXTSTATE	0x00004FEC	0	NEXTSTATE	0x00004FEC	0	NEXTSTATE
CUSA	DODIAG	2048	1240	4	1	0x00004FF4	known	DODIAG@CUSA	0x00004FF4	DODIAG	0x00004FF4	0	DODIAG	0x00004FF4	0	DODIAG
CUSA	ABORT_STATE	2058	1244	4	1	0x00004FF8	known	ABORT_STATE@CUSA	0x00004FF8	ABORT_STATE	0x00004FF8	0	ABORT_STATE	0x00004FF8	0	ABORT_STATE
CUSA	DASHLIGHT	2072	1248	19	1	0x00005001	known	DASHLIGHT@CUSA	0x00005001	DASHLIGHT	0x00005001	0	DASHLIGHT	0x00005001	0	DASHLIGHT
CUSA	CMOS_ERROR	2099	1267	1	1	0x00005014	known	CMOS_ERROR@CUSA	0x00005014	CMOS_ERROR	0x00005014	0	CMOS_ERROR	0x00005014	0	CMOS_ERROR
CUSA	FLASH_LP	2101	1268	7	1	0x00005015	bounded_ok			CMOS_ERROR	0x00005014	1	VERSION_UPDATE	0x0000502B	22	CMOS_ERROR
CUSA	FLASH_LP1	2109	1275	15	1	0x0000501C	bounded_ok			CMOS_ERROR	0x00005014	8	VERSION_UPDATE	0x0000502B	15	CMOS_ERROR
CUSA	VERSION_UPDATE	2125	1290	1	1	0x0000502B	known	VERSION_UPDATE@CUSA	0x0000502B	VERSION_UPDATE	0x0000502B	0	VERSION_UPDATE	0x0000502B	0	VERSION_UPDATE
CUSA	VFLASH_LP	2127	1291	7	1	0x0000502C	bounded_ok			VERSION_UPDATE	0x0000502B	1	FAKEDIAG	0x00005045	25	VERSION_UPDATE
CUSA	VFLASH_LP1	2135	1298	18	1	0x00005033	bounded_ok			VERSION_UPDATE	0x0000502B	8	FAKEDIAG	0x00005045	18	VERSION_UPDATE
CUSA	FAKEDIAG	2157	1316	9	1	0x00005045	known	FAKEDIAG	0x00005045	FAKEDIAG	0x00005045	0	FAKEDIAG	0x00005045	0	FAKEDIAG
CUSA	FEED_WATCHDOG	2172	1325	19	1	0x0000504E	known	FEED_WATCHDOG	0x0000504E	FEED_WATCHDOG	0x0000504E	0	FEED_WATCHDOG	0x0000504E	0	FEED_WATCHDOG
CUSA	FEED_WATCHDOG_HARD	2201	1344	19	1	0x00005061	bounded_conflict			FEED_WATCHDOG	0x0000504E	19	VERIFY_CODE_INTEGRITY	0x00005075	19	FEED_WATCHDOG
CUSA	VERIFY_CODE_INTEGRITY	2231	1363	1	1	0x00005075	known	VERIFY_CODE_INTEGRITY	0x00005075	VERIFY_CODE_INTEGRITY	0x00005075	0	VERIFY_CODE_INTEGRITY	0x00005075	0	VERIFY_CODE_INTEGRITY
DELTA	DELTA_OINIT	36	0	40	1	0x0000AE6A	known	DELTA_OINIT	0x0000AE6A	DELTA_OINIT	0x0000AE6A	0	DELTA_OINIT	0x0000AE6A	0	DELTA_OINIT
DELTA	NOTDEGRADE	88	40	7	1	0x0000AE92	known	NOTDEGRADE@DELTA	0x0000AE92	NOTDEGRADE	0x0000AE92	0	NOTDEGRADE	0x0000AE92	0	NOTDEGRADE
DELTA	NODYNAX1	99	47	1	1	0x0000AE99	known	NODYNAX1@DELTA	0x0000AE99	NODYNAX1	0x0000AE99	0	NODYNAX1	0x0000AE99	0	NODYNAX1
DELTA	DDYNA_INIT	117	48	33	1	0x0000AE9A	known	DDYNA_INIT@DELTA	0x0000AE9A	DDYNA_INIT	0x0000AE9A	0	DDYNA_INIT	0x0000AE9A	0	DDYNA_INIT
DELTA	WHEELLP	161	81	21	1	0x0000AEBB	known	WHEELLP@DELTA	0x0000AEBB	WHEELLP	0x0000AEBB	0	WHEELLP	0x0000AEBB	0	WHEELLP
DELTA	VANIX	190	102	7	1	0x0000AED0	known	VANIX@DELTA	0x0000AED0	VANIX	0x0000AED0	0	VANIX	0x0000AED0	0	VANIX
DELTA	DRONE_DANI_PROC	224	109	5	1	0x0000AED7	bounded_conflict			VANIX	0x0000AED0	7	CARPROCL	0x0000AEDD	5	CARPROCL
DELTA	CARPROCL	233	114	15	1	0x0000AEDD	known	CARPROCL@DELTA	0x0000AEDD	CARPROCL	0x0000AEDD	0	CARPROCL	0x0000AEDD	0	CARPROCL
DELTA	CDTOP	262	129	13	1	0x0000AEEC	known	CDTOP@DELTA	0x0000AEEC	CDTOP	0x0000AEEC	0	CDTOP	0x0000AEEC	0	CDTOP
DELTA	CARSLP	283	142	3	1	0x0000AEF8	known	CARSLP@DELTA	0x0000AEF8	CARSLP	0x0000AEF8	0	CARSLP	0x0000AEF8	0	CARSLP
DIAG	WT_S1	28	0	4	1	0x000005F6	known	WT_S1@DIAG	0x000005F6	WT_S1	0x000005F6	0	WT_S1	0x000005F6	0	WT_S1
DIAG	WT_NS1	36	4	4	1	0x000005FA	known	WT_NS1@DIAG	0x000005FA	WT_NS1	0x000005FA	0	WT_NS1	0x000005FA	0	WT_NS1
DIAG	KEYPAUSE	42	8	2	1	0x000005FE	known	KEYPAUSE@DIAG	0x000005FE	KEYPAUSE	0x000005FE	0	KEYPAUSE	0x000005FE	0	KEYPAUSE
DIAG	BEEP	47	10	2	1	0x00000600	known	BEEP@DIAG	0x00000600	BEEP	0x00000600	0	BEEP	0x00000600	0	BEEP
DIAG	MAKE_WINDOW	57	12	38	1	0x00000602	known	MAKE_WINDOW	0x00000602	MAKE_WINDOW	0x00000602	0	MAKE_WINDOW	0x00000602	0	MAKE_WINDOW
DIAG	MAKE_IWINDOW	105	50	38	1	0x00000628	known	MAKE_IWINDOW	0x00000628	MAKE_IWINDOW	0x00000628	0	MAKE_IWINDOW	0x00000628	0	MAKE_IWINDOW
DIAG	HARD_LOAD_DIAGPAL	182	88	6	1	0x0000065F	known	HARD_LOAD_DIAGPAL	0x0000065F	HARD_LOAD_DIAGPAL	0x0000065F	0	HARD_LOAD_DIAGPAL	0x0000065F	0	HARD_LOAD_DIAGPAL
DIAG	LODLP	187	94	4	1	0x00000665	bounded_ok			HARD_LOAD_DIAGPAL	0x0000065F	6	HIDDEN_DIAG	0x00000669	4	HIDDEN_DIAG
DIAG	HIDDEN_DIAG	199	98	15	1	0x00000669	known	HIDDEN_DIAG	0x00000669	HIDDEN_DIAG	0x00000669	0	HIDDEN_DIAG	0x00000669	0	HIDDEN_DIAG
DIAG	ENTER_DIAG_INIT	225	113	33	1	0x00000678	known	ENTER_DIAG_INIT@DIAG	0x00000678	ENTER_DIAG_INIT	0x00000678	0	ENTER_DIAG_INIT	0x00000678	0	ENTER_DIAG_INIT
DIAG	ENTER_DIAG	262	146	1	1	0x00000699	known	ENTER_DIAG	0x00000699	ENTER_DIAG	0x00000699	0	ENTER_DIAG	0x00000699	0	ENTER_DIAG
DIAG	ENTER_DIAG2	265	147	8	1	0x0000069A	bounded_ok			ENTER_DIAG	0x00000699	1	TOEXIT	0x000006A8	14	ENTER_DIAG
DIAG	RETURN_TO_MAINMENU	276	155	6	1	0x000006A2	bounded_ok			ENTER_DIAG	0x00000699	9	TOEXIT	0x000006A8	6	TOEXIT
DIAG	TOEXIT	289	161	6	1	0x000006A8	known	TOEXIT	0x000006A8	TOEXIT	0x000006A8	0	TOEXIT	0x000006A8	0	TOEXIT
DIAG	MONITOR_DIAGNOSTICS	317	167	34	1	0x000006AE	bounded_conflict			TOEXIT	0x000006A8	6	COLORBARS	0x000006ED	58	TOEXIT
DIAG	LINLOP	365	201	12	1	0x000006D0	bounded_conflict			TOEXIT	0x000006A8	40	COLORBARS	0x000006ED	24	COLORBARS
DIAG	VLINLOP	382	213	12	1	0x000006DC	bounded_conflict			TOEXIT	0x000006A8	52	COLORBARS	0x000006ED	12	COLORBARS
DIAG	COLORBARS	404	225	15	1	0x000006ED	known	COLORBARS@DIAG	0x000006ED	COLORBARS	0x000006ED	0	COLORBARS	0x000006ED	0	COLORBARS
DIAG	GREYLP	421	240	7	1	0x000006FC	known	GREYLP@DIAG	0x000006FC	GREYLP	0x000006FC	0	GREYLP	0x000006FC	0	GREYLP
DIAG	REDLP	429	247	7	1	0x00000703	known	REDLP@DIAG	0x00000703	REDLP	0x00000703	0	REDLP	0x00000703	0	REDLP
DIAG	GREENLP	437	254	5	1	0x0000070A	known	GREENLP@DIAG	0x0000070A	GREENLP	0x0000070A	0	GREENLP	0x0000070A	0	GREENLP
DIAG	BLUELP	443	259	4	1	0x0000070F	known	BLUELP@DIAG	0x0000070F	BLUELP	0x0000070F	0	BLUELP	0x0000070F	0	BLUELP
DIAG	WHOLELP	450	263	2	1	0x00000713	bounded_conflict			BLUELP	0x0000070F	4	SSLP	0x0000081D	265	BLUELP
DIAG	GROUPLP	453	265	3	1	0x00000715	bounded_conflict			BLUELP	0x0000070F	6	SSLP	0x0000081D	263	BLUELP
DIAG	LINELP	457	268	1	1	0x00000718	bounded_conflict			BLUELP	0x0000070F	9	SSLP	0x0000081D	260	BLUELP
DIAG	BLOCKLP	458	269	10	1	0x00000719	bounded_conflict			BLUELP	0x0000070F	10	SSLP	0x0000081D	259	BLUELP
DIAG	SHOWSWITCH	484	279	249	1	0x00000723	bounded_conflict			BLUELP	0x0000070F	20	SSLP	0x0000081D	249	BLUELP
DIAG	SSLP	529	528	87	1	0x0000081D	known	SSLP@DIAG	0x0000081D	SSLP	0x0000081D	0	SSLP	0x0000081D	0	SSLP
DIAG	NOWTOEXIT	621	615	10	1	0x00000874	known	NOWTOEXIT@DIAG	0x00000874	NOWTOEXIT	0x00000874	0	NOWTOEXIT	0x00000874	0	NOWTOEXIT
DIAG	BBD5	634	625	3	1	0x0000087E	bounded_ok			NOWTOEXIT	0x00000874	10	JJ	0x00000891	19	NOWTOEXIT
DIAG	ASCII_TO_BINARY	653	628	4	1	0x00000881	bounded_ok			NOWTOEXIT	0x00000874	13	JJ	0x00000891	16	NOWTOEXIT
DIAG	ATBLP	659	632	12	1	0x00000885	bounded_ok			NOWTOEXIT	0x00000874	17	JJ	0x00000891	12	JJ
DIAG	JJ	676	644	4	1	0x00000891	known	JJ@DIAG	0x00000891	JJ	0x00000891	0	JJ	0x00000891	0	JJ
DIAG	DISPLAY_SWITCH_STATUS	688	648	19	1	0x00000895	known	DISPLAY_SWITCH_STATUS@DIAG	0x00000895	DISPLAY_SWITCH_STATUS	0x00000895	0	DISPLAY_SWITCH_STATUS	0x00000895	0	DISPLAY_SWITCH_STATUS
DIAG	DSS	704	667	15	1	0x000008A8	known	DSS@DIAG	0x000008A8	DSS	0x000008A8	0	DSS	0x000008A8	0	DSS
DIAG	NOPLOT	720	682	1	1	0x000008B7	bounded_ok			DSS	0x000008A8	15	DONEDSS	0x000008B8	1	DONEDSS
DIAG	DONEDSS	722	683	1	1	0x000008B8	known	DONEDSS@DIAG	0x000008B8	DONEDSS	0x000008B8	0	DONEDSS	0x000008B8	0	DONEDSS
DIAG	DISPLAY_SHIFTER	753	684	41	1	0x000008BA	known	DISPLAY_SHIFTER@DIAG	0x000008BA	DISPLAY_SHIFTER	0x000008BA	0	DISPLAY_SHIFTER	0x000008BA	0	DISPLAY_SHIFTER
DIAG	NOT1ST	781	725	9	1	0x000008E3	known	NOT1ST@DIAG	0x000008E3	NOT1ST	0x000008E3	0	NOT1ST	0x000008E3	0	NOT1ST
DIAG	NOT2ND	787	734	9	1	0x000008EC	known	NOT2ND@DIAG	0x000008EC	NOT2ND	0x000008EC	0	NOT2ND	0x000008EC	0	NOT2ND
DIAG	NOT3RD	793	743	9	1	0x000008F5	known	NOT3RD@DIAG	0x000008F5	NOT3RD	0x000008F5	0	NOT3RD	0x000008F5	0	NOT3RD
DIAG	NOT4TH	799	752	1	1	0x000008FE	known	NOT4TH@DIAG	0x000008FE	NOT4TH	0x000008FE	0	NOT4TH	0x000008FE	0	NOT4TH
DIAG	DISPPOTS	809	753	17	1	0x000008FF	known	DISPPOTS@DIAG	0x000008FF	DISPPOTS	0x000008FF	0	DISPPOTS	0x000008FF	0	DISPPOTS
DIAG	NOPLOTpot0	825	770	17	1	0x00000910	known	NOPLOTpot0@DIAG	0x00000910	NOPLOTpot0	0x00000910	0	NOPLOTpot0	0x00000910	0	NOPLOTpot0
DIAG	NOPLOTpot1	843	787	17	1	0x00000921	known	NOPLOTpot1@DIAG	0x00000921	NOPLOTpot1	0x00000921	0	NOPLOTpot1	0x00000921	0	NOPLOTpot1
DIAG	NOPLOTpot2	861	804	1	1	0x00000932	known	NOPLOTpot2@DIAG	0x00000932	NOPLOTpot2	0x00000932	0	NOPLOTpot2	0x00000932	0	NOPLOTpot2
DIAG	SHOW_DIPSWITCH	884	805	9	1	0x00000933	bounded_ok			NOPLOTpot2	0x00000932	1	DIPLP	0x0000093C	9	NOPLOTpot2
DIAG	DIPLP	895	814	6	1	0x0000093C	known	DIPLP@DIAG	0x0000093C	DIPLP	0x0000093C	0	DIPLP	0x0000093C	0	DIPLP
DIAG	SHOW_DIPSWITCH_STATUS	928	820	2	1	0x00000942	known	SHOW_DIPSWITCH_STATUS@DIAG	0x00000942	SHOW_DIPSWITCH_STATUS	0x00000942	0	SHOW_DIPSWITCH_STATUS	0x00000942	0	SHOW_DIPSWITCH_STATUS
DIAG	SDS_LP	931	822	22	1	0x00000944	bounded_ok			SHOW_DIPSWITCH_STATUS	0x00000942	2	DISPLAY_DIPSWITCH_STATUS	0x0000095A	22	SHOW_DIPSWITCH_STATUS
DIAG	DISPLAY_DIPSWITCH_STATUS	965	844	79	1	0x0000095A	known	DISPLAY_DIPSWITCH_STATUS@DIAG	0x0000095A	DISPLAY_DIPSWITCH_STATUS	0x0000095A	0	DISPLAY_DIPSWITCH_STATUS	0x0000095A	0	DISPLAY_DIPSWITCH_STATUS
DIAG	DONE_MODE_MSG	1119	1042	7	1	0x00000A20	known	DONE_MODE_MSG@DIAG	0x00000A20	DONE_MODE_MSG	0x00000A20	0	DONE_MODE_MSG	0x00000A20	0	DONE_MODE_MSG
DIAG	RUN_MOTION_MENU	1197	1057	4	1	0x00000A2F	bounded_conflict			DONE_MODE_MSG	0x00000A20	15	HANDLE_MENU	0x00000A4F	20	DONE_MODE_MSG
DIAG	RUN_ADJUSTMENT_MENU	1205	1061	4	1	0x00000A33	bounded_conflict			DONE_MODE_MSG	0x00000A20	19	HANDLE_MENU	0x00000A4F	16	HANDLE_MENU
DIAG	PRINT_ADJUSTMENT	1239	1065	5	1	0x00000A37	bounded_conflict			DONE_MODE_MSG	0x00000A20	23	HANDLE_MENU	0x00000A4F	12	HANDLE_MENU
DIAG	RUN_UTILITIES_MENU	1249	1070	4	1	0x00000A3C	bounded_conflict			DONE_MODE_MSG	0x00000A20	28	HANDLE_MENU	0x00000A4F	7	HANDLE_MENU
DIAG	RUN_DIAG_MENU	1258	1074	3	1	0x00000A40	bounded_conflict			DONE_MODE_MSG	0x00000A20	32	HANDLE_MENU	0x00000A4F	3	HANDLE_MENU
DIAG	HANDLE_MENU	1273	1077	3	1	0x00000A4F	known	HANDLE_MENU@DIAG	0x00000A4F	HANDLE_MENU	0x00000A4F	0	HANDLE_MENU	0x00000A4F	0	HANDLE_MENU
DIAG	HMER	1280	1080	24	1	0x00000A52	known	HMER@DIAG	0x00000A52	HMER	0x00000A52	0	HMER	0x00000A52	0	HMER
DIAG	HMSTAND	1301	1104	5	1	0x00000A6A	known	HMSTAND@DIAG	0x00000A6A	HMSTAND	0x00000A6A	0	HMSTAND	0x00000A6A	0	HMSTAND
DIAG	HMNOTSTAND	1303	1109	9	1	0x00000A6F	known	HMNOTSTAND@DIAG	0x00000A6F	HMNOTSTAND	0x00000A6F	0	HMNOTSTAND	0x00000A6F	0	HMNOTSTAND
DIAG	HANMENL	1316	1118	11	1	0x00000A78	known	HANMENL@DIAG	0x00000A78	HANMENL	0x00000A78	0	HANMENL	0x00000A78	0	HANMENL
DIAG	HANMENL_PLOT	1335	1129	26	1	0x00000A83	bounded_ok			HANMENL	0x00000A78	11	JAJA5	0x00000A9D	26	HANMENL
DIAG	JAJA5	1375	1155	12	1	0x00000A9D	known	JAJA5@DIAG	0x00000A9D	JAJA5	0x00000A9D	0	JAJA5	0x00000A9D	0	JAJA5
DIAG	HM_NOTUP	1395	1167	6	1	0x00000AA9	known	HM_NOTUP@DIAG	0x00000AA9	HM_NOTUP	0x00000AA9	0	HM_NOTUP	0x00000AA9	0	HM_NOTUP
DIAG	HM_WT	1404	1173	1	1	0x00000AAF	known	HM_WT@DIAG	0x00000AAF	HM_WT	0x00000AAF	0	HM_WT	0x00000AAF	0	HM_WT
DIAG	wta	1407	1174	9	1	0x00000AB0	known	wta@DIAG	0x00000AB0	wta	0x00000AB0	0	wta	0x00000AB0	0	wta
DIAG	wtta	1419	1183	2	1	0x00000AB9	known	wtta@DIAG	0x00000AB9	wtta	0x00000AB9	0	wtta	0x00000AB9	0	wtta
DIAG	HM_NOTDOWN	1425	1185	10	1	0x00000ABB	known	HM_NOTDOWN@DIAG	0x00000ABB	HM_NOTDOWN	0x00000ABB	0	HM_NOTDOWN	0x00000ABB	0	HM_NOTDOWN
DIAG	GO_SCROLL	1437	1195	9	1	0x00000AC5	known	GO_SCROLL@DIAG	0x00000AC5	GO_SCROLL	0x00000AC5	0	GO_SCROLL	0x00000AC5	0	GO_SCROLL
DIAG	NO_SCROLL	1447	1204	1	1	0x00000ACE	known	NO_SCROLL@DIAG	0x00000ACE	NO_SCROLL	0x00000ACE	0	NO_SCROLL	0x00000ACE	0	NO_SCROLL
DIAG	HM_EXECUTE	1451	1205	17	1	0x00000ACF	known	HM_EXECUTE@DIAG	0x00000ACF	HM_EXECUTE	0x00000ACF	0	HM_EXECUTE	0x00000ACF	0	HM_EXECUTE
DIAG	XIT_MENU_TO_MAIN	1479	1222	9	1	0x00000AE0	known	XIT_MENU_TO_MAIN@DIAG	0x00000AE0	XIT_MENU_TO_MAIN	0x00000AE0	0	XIT_MENU_TO_MAIN	0x00000AE0	0	XIT_MENU_TO_MAIN
DIAG	SETUP_DIAG_SCREEN	1496	1231	7	1	0x00000AE9	known	SETUP_DIAG_SCREEN	0x00000AE9	SETUP_DIAG_SCREEN	0x00000AE9	0	SETUP_DIAG_SCREEN	0x00000AE9	0	SETUP_DIAG_SCREEN
DIAG	SOUND_BOARD_TEST	1528	1238	24	1	0x00000AF0	bounded_conflict			SETUP_DIAG_SCREEN	0x00000AE9	7	SBT_UPDT	0x00000B1A	24	SETUP_DIAG_SCREEN
DIAG	SBT_UPDT	1546	1262	20	1	0x00000B1A	known	SBT_UPDT@DIAG	0x00000B1A	SBT_UPDT	0x00000B1A	0	SBT_UPDT	0x00000B1A	0	SBT_UPDT
DIAG	NUPDT	1562	1282	20	1	0x00000B2E	known	NUPDT@DIAG	0x00000B2E	NUPDT	0x00000B2E	0	NUPDT	0x00000B2E	0	NUPDT
DIAG	SBT_LP	1581	1302	5	1	0x00000B42	known	SBT_LP@DIAG	0x00000B42	SBT_LP	0x00000B42	0	SBT_LP	0x00000B42	0	SBT_LP
DIAG	NOXIT	1590	1307	3	1	0x00000B47	known	NOXIT@DIAG	0x00000B47	NOXIT	0x00000B47	0	NOXIT	0x00000B47	0	NOXIT
DIAG	SBTLP2	1596	1310	9	1	0x00000B4A	known	SBTLP2@DIAG	0x00000B4A	SBTLP2	0x00000B4A	0	SBTLP2	0x00000B4A	0	SBTLP2
DIAG	NONEXTT	1606	1319	3	1	0x00000B53	known	NONEXTT@DIAG	0x00000B53	NONEXTT	0x00000B53	0	NONEXTT	0x00000B53	0	NONEXTT
DIAG	SBTLP1	1613	1322	9	1	0x00000B56	known	SBTLP1@DIAG	0x00000B56	SBTLP1	0x00000B56	0	SBTLP1	0x00000B56	0	SBTLP1
DIAG	NONEXTE	1624	1331	6	1	0x00000B5F	known	NONEXTE@DIAG	0x00000B5F	NONEXTE	0x00000B5F	0	NONEXTE	0x00000B5F	0	NONEXTE
DIAG	STEERING_WHEEL_TEST	1637	1337	12	1	0x00000B65	bounded_conflict			NONEXTE	0x00000B5F	6	BURNIN_TEST	0x00000BA5	63	NONEXTE
DIAG	SWTLP1	1648	1349	23	1	0x00000B71	bounded_conflict			NONEXTE	0x00000B5F	18	BURNIN_TEST	0x00000BA5	51	NONEXTE
DIAG	SWTLP3	1672	1372	18	1	0x00000B88	bounded_conflict			NONEXTE	0x00000B5F	41	BURNIN_TEST	0x00000BA5	28	BURNIN_TEST
DIAG	AMODESND	1699	1390	10	1	0x00000B9A	bounded_conflict			NONEXTE	0x00000B5F	59	BURNIN_TEST	0x00000BA5	10	BURNIN_TEST
DIAG	BURNIN_TEST	1714	1400	21	1	0x00000BA5	known	BURNIN_TEST@DIAG	0x00000BA5	BURNIN_TEST	0x00000BA5	0	BURNIN_TEST	0x00000BA5	0	BURNIN_TEST
DIAG	RUN_COUNTRY	1985	1421	14	1	0x00000BBA	bounded_conflict			BURNIN_TEST	0x00000BA5	21	DONE_MSG	0x00000C26	74	BURNIN_TEST
DIAG	MAKE_STANDARW	2006	1435	11	1	0x00000BC8	bounded_conflict			BURNIN_TEST	0x00000BA5	35	DONE_MSG	0x00000C26	60	BURNIN_TEST
DIAG	PRINT_STANDARD	2013	1446	49	1	0x00000BD3	bounded_conflict			BURNIN_TEST	0x00000BA5	46	DONE_MSG	0x00000C26	49	BURNIN_TEST
DIAG	DONE_MSG	2055	1495	49	1	0x00000C26	known	DONE_MSG@DIAG	0x00000C26	DONE_MSG	0x00000C26	0	DONE_MSG	0x00000C26	0	DONE_MSG
DIAG	PS_SKIPMENU	2069	1544	10	1	0x00000C57	known	PS_SKIPMENU@DIAG	0x00000C57	PS_SKIPMENU	0x00000C57	0	PS_SKIPMENU	0x00000C57	0	PS_SKIPMENU
DIAG	PSLP	2084	1554	26	1	0x00000C61	known	PSLP@DIAG	0x00000C61	PSLP	0x00000C61	0	PSLP	0x00000C61	0	PSLP
DIAG	PSLP1	2113	1580	1	1	0x00000C7B	known	PSLP1@DIAG	0x00000C7B	PSLP1	0x00000C7B	0	PSLP1	0x00000C7B	0	PSLP1
DIAG	PSLP1_CHECK	2117	1581	25	1	0x00000C7C	known	PSLP1_CHECK@DIAG	0x00000C7C	PSLP1_CHECK	0x00000C7C	0	PSLP1_CHECK	0x00000C7C	0	PSLP1_CHECK
DIAG	PSLPX	2155	1606	2	1	0x00000C95	known	PSLPX@DIAG	0x00000C95	PSLPX	0x00000C95	0	PSLPX	0x00000C95	0	PSLPX
DIAG	PRINT_SPYN	2160	1608	7	1	0x00000C97	known	PRINT_SPYN@DIAG	0x00000C97	PRINT_SPYN	0x00000C97	0	PRINT_SPYN	0x00000C97	0	PRINT_SPYN
DIAG	SET_CONTROLS	2206	1615	94	1	0x00000CC0	known	SET_CONTROLS	0x00000CC0	SET_CONTROLS	0x00000CC0	0	SET_CONTROLS	0x00000CC0	0	SET_CONTROLS
DIAG	DADA5	2288	1709	1	1	0x00000D1E	known	DADA5@DIAG	0x00000D1E	DADA5	0x00000D1E	0	DADA5	0x00000D1E	0	DADA5
DIAG	SET_VOLUME	2304	1710	103	1	0x00000D1F	bounded_ok			DADA5	0x00000D1E	1	SETVOL_LP	0x00000D86	103	DADA5
DIAG	SETVOL_LP	2338	1813	10	1	0x00000D86	known	SETVOL_LP@DIAG	0x00000D86	SETVOL_LP	0x00000D86	0	SETVOL_LP	0x00000D86	0	SETVOL_LP
DIAG	SETNN	2358	1823	7	1	0x00000D90	known	SETNN@DIAG	0x00000D90	SETNN	0x00000D90	0	SETNN	0x00000D90	0	SETNN
DIAG	NOTRET	2369	1830	18	1	0x00000D97	known	NOTRET@DIAG	0x00000D97	NOTRET	0x00000D97	0	NOTRET	0x00000D97	0	NOTRET
DIAG	NOTUPA	2397	1848	16	1	0x00000DA9	known	NOTUPA@DIAG	0x00000DA9	NOTUPA	0x00000DA9	0	NOTUPA	0x00000DA9	0	NOTUPA
DIAG	NOTDOWNA	2421	1864	1	1	0x00000DB9	known	NOTDOWNA@DIAG	0x00000DB9	NOTDOWNA	0x00000DB9	0	NOTDOWNA	0x00000DB9	0	NOTDOWNA
DIAG	SHOW_VOLUME	2424	1865	15	1	0x00000DBA	known	SHOW_VOLUME@DIAG	0x00000DBA	SHOW_VOLUME	0x00000DBA	0	SHOW_VOLUME	0x00000DBA	0	SHOW_VOLUME
DIAG	FFRSUB	2455	1885	12	1	0x00000DCE	known	FFRSUB	0x00000DCE	FFRSUB	0x00000DCE	0	FFRSUB	0x00000DCE	0	FFRSUB
DIAG	FREEPLAYONOFF	2540	1925	10	1	0x00000DF6	bounded_conflict			FFRSUB	0x00000DCE	40	MESSAGE_BOX	0x00000E62	85	FFRSUB
DIAG	FREEGAMEONOFF	2557	1935	10	1	0x00000E00	bounded_conflict			FFRSUB	0x00000DCE	50	MESSAGE_BOX	0x00000E62	75	FFRSUB
DIAG	HIGHSCORE_ENTRY	2575	1945	10	1	0x00000E0A	bounded_conflict			FFRSUB	0x00000DCE	60	MESSAGE_BOX	0x00000E62	65	FFRSUB
DIAG	GIRLS_ONOFF	2592	1955	10	1	0x00000E14	bounded_conflict			FFRSUB	0x00000DCE	70	MESSAGE_BOX	0x00000E62	55	MESSAGE_BOX
DIAG	CLINTON_ONOFF	2608	1965	10	1	0x00000E1E	bounded_conflict			FFRSUB	0x00000DCE	80	MESSAGE_BOX	0x00000E62	45	MESSAGE_BOX
DIAG	ROADKILL_ONOFF	2623	1975	10	1	0x00000E28	bounded_conflict			FFRSUB	0x00000DCE	90	MESSAGE_BOX	0x00000E62	35	MESSAGE_BOX
DIAG	MILES_OR_KILO	2646	1985	12	1	0x00000E32	bounded_conflict			FFRSUB	0x00000DCE	100	MESSAGE_BOX	0x00000E62	25	MESSAGE_BOX
DIAG	CLEAR_CREDITS	2674	1997	13	1	0x00000E3E	bounded_conflict			FFRSUB	0x00000DCE	112	MESSAGE_BOX	0x00000E62	13	MESSAGE_BOX
DIAG	MESSAGE_BOX	2694	2010	17	1	0x00000E62	known	MESSAGE_BOX@DIAG	0x00000E62	MESSAGE_BOX	0x00000E62	0	MESSAGE_BOX	0x00000E62	0	MESSAGE_BOX
DIAG	ABLP	2705	2027	3	1	0x00000E73	bounded_ok			MESSAGE_BOX	0x00000E62	17	CLEAR_YES_NO	0x00000E76	3	CLEAR_YES_NO
DIAG	CLEAR_YES_NO	2728	2030	1	1	0x00000E76	known	CLEAR_YES_NO@DIAG	0x00000E76	CLEAR_YES_NO	0x00000E76	0	CLEAR_YES_NO	0x00000E76	0	CLEAR_YES_NO
DIAG	ASK_YES_NO	2730	2031	3	1	0x00000E77	known	ASK_YES_NO@DIAG	0x00000E77	ASK_YES_NO	0x00000E77	0	ASK_YES_NO	0x00000E77	0	ASK_YES_NO
DIAG	DUAL_ON_OFF	2736	2034	3	1	0x00000E7A	known	DUAL_ON_OFF@DIAG	0x00000E7A	DUAL_ON_OFF	0x00000E7A	0	DUAL_ON_OFF	0x00000E7A	0	DUAL_ON_OFF
DIAG	DUAL_VALUE	2741	2037	40	1	0x00000E7D	known	DUAL_VALUE@DIAG	0x00000E7D	DUAL_VALUE	0x00000E7D	0	DUAL_VALUE	0x00000E7D	0	DUAL_VALUE
DIAG	CYNLOOP	2772	2077	22	1	0x00000EA5	known	CYNLOOP@DIAG	0x00000EA5	CYNLOOP	0x00000EA5	0	CYNLOOP	0x00000EA5	0	CYNLOOP
DIAG	CHNG	2800	2099	3	1	0x00000EBB	known	CHNG@DIAG	0x00000EBB	CHNG	0x00000EBB	0	CHNG	0x00000EBB	0	CHNG
DIAG	NCHNG	2803	2102	5	1	0x00000EBE	known	NCHNG@DIAG	0x00000EBE	NCHNG	0x00000EBE	0	NCHNG	0x00000EBE	0	NCHNG
DIAG	DOEXIT	2808	2107	2	1	0x00000EC3	known	DOEXIT@DIAG	0x00000EC3	DOEXIT	0x00000EC3	0	DOEXIT	0x00000EC3	0	DOEXIT
DIAG	CYN_NO	2811	2109	2	1	0x00000EC5	bounded_ok			DOEXIT	0x00000EC3	2	CYN_YES	0x00000EC7	2	DOEXIT
DIAG	CYN_YES	2815	2111	2	1	0x00000EC7	known	CYN_YES@DIAG	0x00000EC7	CYN_YES	0x00000EC7	0	CYN_YES	0x00000EC7	0	CYN_YES
DIAG	SET_STEERING_SENSITIVITY	2824	2113	14	1	0x00000ECB	known	SET_STEERING_SENSITIVITY@DIAG	0x00000ECB	SET_STEERING_SENSITIVITY	0x00000ECB	0	SET_STEERING_SENSITIVITY	0x00000ECB	0	SET_STEERING_SENSITIVITY
DIAG	SET_HIGHSCORE_RESET	2847	2127	14	1	0x00000ED9	bounded_conflict			SET_STEERING_SENSITIVITY	0x00000ECB	14	MULTI_VALUE_STEP	0x00000F5B	115	SET_STEERING_SENSITIVITY
DIAG	SET_GAME_DIFFICULTY	2900	2141	14	1	0x00000EE7	bounded_conflict			SET_STEERING_SENSITIVITY	0x00000ECB	28	MULTI_VALUE_STEP	0x00000F5B	101	SET_STEERING_SENSITIVITY
DIAG	GAMEDIFF_CVT	2920	2155	7	1	0x00000EF5	bounded_conflict			SET_STEERING_SENSITIVITY	0x00000ECB	42	MULTI_VALUE_STEP	0x00000F5B	87	SET_STEERING_SENSITIVITY
DIAG	SET_TIME_TO_START	2937	2162	13	1	0x00000EFC	bounded_conflict			SET_STEERING_SENSITIVITY	0x00000ECB	49	MULTI_VALUE_STEP	0x00000F5B	80	SET_STEERING_SENSITIVITY
DIAG	TIME_CVT	2956	2175	9	1	0x00000F09	bounded_conflict			SET_STEERING_SENSITIVITY	0x00000ECB	62	MULTI_VALUE_STEP	0x00000F5B	67	SET_STEERING_SENSITIVITY
DIAG	SET_CHECKPOINT_BONUS	2973	2184	13	1	0x00000F12	bounded_conflict			SET_STEERING_SENSITIVITY	0x00000ECB	71	MULTI_VALUE_STEP	0x00000F5B	58	MULTI_VALUE_STEP
DIAG	CHECKPOINT_BONUS_CVT	2989	2197	7	1	0x00000F1F	bounded_conflict			SET_STEERING_SENSITIVITY	0x00000ECB	84	MULTI_VALUE_STEP	0x00000F5B	45	MULTI_VALUE_STEP
DIAG	SET_MAX_CREDITS	3003	2204	13	1	0x00000F26	bounded_conflict			SET_STEERING_SENSITIVITY	0x00000ECB	91	MULTI_VALUE_STEP	0x00000F5B	38	MULTI_VALUE_STEP
DIAG	SET_MIN_VOL_LEVEL	3027	2217	17	1	0x00000F33	bounded_conflict			SET_STEERING_SENSITIVITY	0x00000ECB	104	MULTI_VALUE_STEP	0x00000F5B	25	MULTI_VALUE_STEP
DIAG	SET_MIN_VOL_LEVEL_CVT	3051	2234	7	1	0x00000F44	bounded_conflict			SET_STEERING_SENSITIVITY	0x00000ECB	121	MULTI_VALUE_STEP	0x00000F5B	8	MULTI_VALUE_STEP
DIAG	MULTI_VALUE	3087	2241	1	1	0x00000F4B	bounded_conflict			SET_STEERING_SENSITIVITY	0x00000ECB	128	MULTI_VALUE_STEP	0x00000F5B	1	MULTI_VALUE_STEP
DIAG	MULTI_VALUE_STEP	3089	2242	54	1	0x00000F5B	known	MULTI_VALUE_STEP@DIAG	0x00000F5B	MULTI_VALUE_STEP	0x00000F5B	0	MULTI_VALUE_STEP	0x00000F5B	0	MULTI_VALUE_STEP
DIAG	DVLOOP	3135	2296	28	1	0x00000F91	known	DVLOOP@DIAG	0x00000F91	DVLOOP	0x00000F91	0	DVLOOP	0x00000F91	0	DVLOOP
DIAG	CHNGDV	3168	2324	3	1	0x00000FAD	known	CHNGDV@DIAG	0x00000FAD	CHNGDV	0x00000FAD	0	CHNGDV	0x00000FAD	0	CHNGDV
DIAG	NCHNGDV	3172	2327	1	1	0x00000FB0	known	NCHNGDV@DIAG	0x00000FB0	NCHNGDV	0x00000FB0	0	NCHNGDV	0x00000FB0	0	NCHNGDV
DIAG	WT5	3175	2328	6	1	0x00000FB1	known	WT5@DIAG	0x00000FB1	WT5	0x00000FB1	0	WT5	0x00000FB1	0	WT5
DIAG	WTT5	3183	2334	6	1	0x00000FB7	known	WTT5@DIAG	0x00000FB7	WTT5	0x00000FB7	0	WTT5	0x00000FB7	0	WTT5
DIAG	WTTT5	3190	2340	5	1	0x00000FBD	known	WTTT5@DIAG	0x00000FBD	WTTT5	0x00000FBD	0	WTTT5	0x00000FBD	0	WTTT5
DIAG	DOEXITDV	3198	2345	1	1	0x00000FC2	known	DOEXITDV@DIAG	0x00000FC2	DOEXITDV	0x00000FC2	0	DOEXITDV	0x00000FC2	0	DOEXITDV
DIAG	RUN_STANDARD_PRICING	3204	2346	4	1	0x00000FC3	bounded_conflict			DOEXITDV	0x00000FC2	1	PRINT_VALUE	0x0000105B	102	DOEXITDV
DIAG	PRICE_YES_NO	3215	2350	25	1	0x00000FC7	bounded_conflict			DOEXITDV	0x00000FC2	5	PRINT_VALUE	0x0000105B	98	DOEXITDV
DIAG	RUN_CUSTOM_PRICING	3260	2375	4	1	0x00000FE0	bounded_conflict			DOEXITDV	0x00000FC2	30	PRINT_VALUE	0x0000105B	73	DOEXITDV
DIAG	FRACTION_YES_NO	3272	2379	11	1	0x00000FE4	bounded_conflict			DOEXITDV	0x00000FC2	34	PRINT_VALUE	0x0000105B	69	DOEXITDV
DIAG	CUSTOM_YES_NO	3292	2390	17	1	0x00000FEF	bounded_conflict			DOEXITDV	0x00000FC2	45	PRINT_VALUE	0x0000105B	58	DOEXITDV
DIAG	CUSTOM_NO	3311	2407	1	1	0x00001000	bounded_conflict			DOEXITDV	0x00000FC2	62	PRINT_VALUE	0x0000105B	41	PRINT_VALUE
DIAG	SET_SLOT	3330	2408	6	1	0x00001001	bounded_conflict			DOEXITDV	0x00000FC2	63	PRINT_VALUE	0x0000105B	40	PRINT_VALUE
DIAG	SET_SLOT1	3337	2414	20	1	0x00001007	bounded_conflict			DOEXITDV	0x00000FC2	69	PRINT_VALUE	0x0000105B	34	PRINT_VALUE
DIAG	SET_SLOT2	3363	2434	9	1	0x0000101B	bounded_conflict			DOEXITDV	0x00000FC2	89	PRINT_VALUE	0x0000105B	14	PRINT_VALUE
DIAG	PRINT_SLOT	3402	2443	5	1	0x00001024	bounded_conflict			DOEXITDV	0x00000FC2	98	PRINT_VALUE	0x0000105B	5	PRINT_VALUE
DIAG	PRINT_VALUE	3409	2448	11	1	0x0000105B	known	PRINT_VALUE@DIAG	0x0000105B	PRINT_VALUE	0x0000105B	0	PRINT_VALUE	0x0000105B	0	PRINT_VALUE
DIAG	PRINT_VALUEX	3429	2459	5	1	0x00001066	known	PRINT_VALUEX@DIAG	0x00001066	PRINT_VALUEX	0x00001066	0	PRINT_VALUEX	0x00001066	0	PRINT_VALUEX
DIAG	PRINT_VOL	3451	2464	16	1	0x0000106B	bounded_ok			PRINT_VALUEX	0x00001066	5	GETSTR_LENGTH	0x0000107B	16	PRINT_VALUEX
DIAG	GETSTR_LENGTH	3472	2480	5	1	0x0000107B	known	GETSTR_LENGTH@DIAG	0x0000107B	GETSTR_LENGTH	0x0000107B	0	GETSTR_LENGTH	0x0000107B	0	GETSTR_LENGTH
DIAG	GSLP	3479	2485	2	1	0x00001080	known	GSLP@DIAG	0x00001080	GSLP	0x00001080	0	GSLP	0x00001080	0	GSLP
DIAG	GSLP1	3482	2487	9	1	0x00001082	known	GSLP1@DIAG	0x00001082	GSLP1	0x00001082	0	GSLP1	0x00001082	0	GSLP1
DIAG	GSLDONE	3492	2496	5	1	0x0000108B	known	GSLDONE@DIAG	0x0000108B	GSLDONE	0x0000108B	0	GSLDONE	0x0000108B	0	GSLDONE
DIAG	PRINT_COINMODE	3499	2501	14	1	0x00001090	bounded_conflict			GSLDONE	0x0000108B	5	RUN_LAMP_TEST	0x00001155	71	GSLDONE
DIAG	PRINT_CUSTOM_SELECTED	3514	2515	6	1	0x0000109E	bounded_conflict			GSLDONE	0x0000108B	19	RUN_LAMP_TEST	0x00001155	57	GSLDONE
DIAG	PRINT_TIME	3524	2521	2	1	0x000010A4	bounded_conflict			GSLDONE	0x0000108B	25	RUN_LAMP_TEST	0x00001155	51	GSLDONE
DIAG	PRINT_NUMBER	3528	2523	23	1	0x000010A6	bounded_conflict			GSLDONE	0x0000108B	27	RUN_LAMP_TEST	0x00001155	49	GSLDONE
DIAG	PRINT_YN_INV	3556	2546	2	1	0x000010BD	bounded_conflict			GSLDONE	0x0000108B	50	RUN_LAMP_TEST	0x00001155	26	RUN_LAMP_TEST
DIAG	PRINT_YN	3559	2548	7	1	0x000010BF	bounded_conflict			GSLDONE	0x0000108B	52	RUN_LAMP_TEST	0x00001155	24	RUN_LAMP_TEST
DIAG	PRINT_ONOFF_INV	3568	2555	2	1	0x000010C6	bounded_conflict			GSLDONE	0x0000108B	59	RUN_LAMP_TEST	0x00001155	17	RUN_LAMP_TEST
DIAG	PRINT_ONOFF	3571	2557	7	1	0x000010C8	bounded_conflict			GSLDONE	0x0000108B	61	RUN_LAMP_TEST	0x00001155	15	RUN_LAMP_TEST
DIAG	PRINT_MPH_INV	3580	2564	2	1	0x000010CF	bounded_conflict			GSLDONE	0x0000108B	68	RUN_LAMP_TEST	0x00001155	8	RUN_LAMP_TEST
DIAG	PRINT_MPH	3583	2566	6	1	0x000010D1	bounded_conflict			GSLDONE	0x0000108B	70	RUN_LAMP_TEST	0x00001155	6	RUN_LAMP_TEST
DIAG	RUN_LAMP_TEST	3695	2572	4	1	0x00001155	known	RUN_LAMP_TEST@DIAG	0x00001155	RUN_LAMP_TEST	0x00001155	0	RUN_LAMP_TEST	0x00001155	0	RUN_LAMP_TEST
DIAG	LAMPSOFF	3700	2576	2	1	0x00001159	known	LAMPSOFF@DIAG	0x00001159	LAMPSOFF	0x00001159	0	LAMPSOFF	0x00001159	0	LAMPSOFF
DIAG	LAMPSALL	3703	2578	2	1	0x0000115B	bounded_ok			LAMPSOFF	0x00001159	2	LJIN	0x0000116C	17	LAMPSOFF
DIAG	LAMPS	3706	2580	2	1	0x0000115D	bounded_ok			LAMPSOFF	0x00001159	4	LJIN	0x0000116C	15	LAMPSOFF
DIAG	LAMPV1	3708	2582	2	1	0x0000115F	bounded_ok			LAMPSOFF	0x00001159	6	LJIN	0x0000116C	13	LAMPSOFF
DIAG	LAMPV2	3710	2584	2	1	0x00001161	bounded_ok			LAMPSOFF	0x00001159	8	LJIN	0x0000116C	11	LAMPSOFF
DIAG	LAMPV3	3712	2586	2	1	0x00001163	bounded_ok			LAMPSOFF	0x00001159	10	LJIN	0x0000116C	9	LJIN
DIAG	LAMPLT	3714	2588	2	1	0x00001165	bounded_ok			LAMPSOFF	0x00001159	12	LJIN	0x0000116C	7	LJIN
DIAG	LAMPRT	3716	2590	2	1	0x00001167	bounded_ok			LAMPSOFF	0x00001159	14	LJIN	0x0000116C	5	LJIN
DIAG	LAMPLF	3718	2592	2	1	0x00001169	bounded_ok			LAMPSOFF	0x00001159	16	LJIN	0x0000116C	3	LJIN
DIAG	LAMPRF	3720	2594	1	1	0x0000116B	bounded_ok			LAMPSOFF	0x00001159	18	LJIN	0x0000116C	1	LJIN
DIAG	LJIN	3722	2595	4	1	0x0000116C	known	LJIN@DIAG	0x0000116C	LJIN	0x0000116C	0	LJIN	0x0000116C	0	LJIN
DIAG	MOTION_CHECK_SAFETY_CODES	3730	2599	12	1	0x00001170	known	MOTION_CHECK_SAFETY_CODES@DIAG	0x00001170	MOTION_CHECK_SAFETY_CODES	0x00001170	0	MOTION_CHECK_SAFETY_CODES	0x00001170	0	MOTION_CHECK_SAFETY_CODES
DIAG	MCSC_LP	3746	2611	11	1	0x0000117C	known	MCSC_LP@DIAG	0x0000117C	MCSC_LP	0x0000117C	0	MCSC_LP	0x0000117C	0	MCSC_LP
DIAG	JJDDA	3760	2622	2	1	0x00001187	known	JJDDA@DIAG	0x00001187	JJDDA	0x00001187	0	JJDDA	0x00001187	0	JJDDA
DIAG	NO_ERRORS	3764	2624	10	1	0x00001189	known	NO_ERRORS@DIAG	0x00001189	NO_ERRORS	0x00001189	0	NO_ERRORS	0x00001189	0	NO_ERRORS
DIAG	ALL_DONE	3769	2634	5	1	0x00001193	known	ALL_DONE@DIAG	0x00001193	ALL_DONE	0x00001193	0	ALL_DONE	0x00001193	0	ALL_DONE
DIAG	MSC_BOARD_NOTPLUGGED	3797	2639	11	1	0x00001198	bounded_conflict			ALL_DONE	0x00001193	5	DRAW_MOTION_SAFETY_DIAG	0x000012DD	300	ALL_DONE
DIAG	MSC_MAT_STEPPED	3804	2650	24	1	0x000011A3	bounded_conflict			ALL_DONE	0x00001193	16	DRAW_MOTION_SAFETY_DIAG	0x000012DD	289	ALL_DONE
DIAG	NM1	3820	2674	8	1	0x000011BB	bounded_conflict			ALL_DONE	0x00001193	40	DRAW_MOTION_SAFETY_DIAG	0x000012DD	265	ALL_DONE
DIAG	NM2	3823	2682	8	1	0x000011C3	bounded_conflict			ALL_DONE	0x00001193	48	DRAW_MOTION_SAFETY_DIAG	0x000012DD	257	ALL_DONE
DIAG	NM3	3826	2690	8	1	0x000011CB	bounded_conflict			ALL_DONE	0x00001193	56	DRAW_MOTION_SAFETY_DIAG	0x000012DD	249	ALL_DONE
DIAG	NM4	3829	2698	1	1	0x000011D3	bounded_conflict			ALL_DONE	0x00001193	64	DRAW_MOTION_SAFETY_DIAG	0x000012DD	241	ALL_DONE
DIAG	MSC_MAT_NOTPLUGGED	3834	2699	24	1	0x000011D4	bounded_conflict			ALL_DONE	0x00001193	65	DRAW_MOTION_SAFETY_DIAG	0x000012DD	240	ALL_DONE
DIAG	NM1A	3850	2723	8	1	0x000011EC	bounded_conflict			ALL_DONE	0x00001193	89	DRAW_MOTION_SAFETY_DIAG	0x000012DD	216	ALL_DONE
DIAG	NM2A	3853	2731	8	1	0x000011F4	bounded_conflict			ALL_DONE	0x00001193	97	DRAW_MOTION_SAFETY_DIAG	0x000012DD	208	ALL_DONE
DIAG	NM3A	3856	2739	8	1	0x000011FC	bounded_conflict			ALL_DONE	0x00001193	105	DRAW_MOTION_SAFETY_DIAG	0x000012DD	200	ALL_DONE
DIAG	NM4A	3859	2747	1	1	0x00001204	bounded_conflict			ALL_DONE	0x00001193	113	DRAW_MOTION_SAFETY_DIAG	0x000012DD	192	ALL_DONE
DIAG	MSC_OPTO_PATH	3864	2748	11	1	0x00001205	bounded_conflict			ALL_DONE	0x00001193	114	DRAW_MOTION_SAFETY_DIAG	0x000012DD	191	ALL_DONE
DIAG	MSC_OPTO_LED	3873	2759	24	1	0x00001210	bounded_conflict			ALL_DONE	0x00001193	125	DRAW_MOTION_SAFETY_DIAG	0x000012DD	180	ALL_DONE
DIAG	NJ1	3889	2783	8	1	0x00001228	bounded_conflict			ALL_DONE	0x00001193	149	DRAW_MOTION_SAFETY_DIAG	0x000012DD	156	ALL_DONE
DIAG	NJ2	3893	2791	8	1	0x00001230	bounded_conflict			ALL_DONE	0x00001193	157	DRAW_MOTION_SAFETY_DIAG	0x000012DD	148	DRAW_MOTION_SAFETY_DIAG
DIAG	NJ3	3897	2799	8	1	0x00001238	bounded_conflict			ALL_DONE	0x00001193	165	DRAW_MOTION_SAFETY_DIAG	0x000012DD	140	DRAW_MOTION_SAFETY_DIAG
DIAG	NJ4	3900	2807	1	1	0x00001240	bounded_conflict			ALL_DONE	0x00001193	173	DRAW_MOTION_SAFETY_DIAG	0x000012DD	132	DRAW_MOTION_SAFETY_DIAG
DIAG	MSC_OPTO_DETECTOR	3908	2808	24	1	0x00001241	bounded_conflict			ALL_DONE	0x00001193	174	DRAW_MOTION_SAFETY_DIAG	0x000012DD	131	DRAW_MOTION_SAFETY_DIAG
DIAG	NJ1A	3925	2832	8	1	0x00001259	bounded_conflict			ALL_DONE	0x00001193	198	DRAW_MOTION_SAFETY_DIAG	0x000012DD	107	DRAW_MOTION_SAFETY_DIAG
DIAG	NJ2A	3929	2840	8	1	0x00001261	bounded_conflict			ALL_DONE	0x00001193	206	DRAW_MOTION_SAFETY_DIAG	0x000012DD	99	DRAW_MOTION_SAFETY_DIAG
DIAG	NJ3A	3933	2848	8	1	0x00001269	bounded_conflict			ALL_DONE	0x00001193	214	DRAW_MOTION_SAFETY_DIAG	0x000012DD	91	DRAW_MOTION_SAFETY_DIAG
DIAG	NJ4A	3936	2856	1	1	0x00001271	bounded_conflict			ALL_DONE	0x00001193	222	DRAW_MOTION_SAFETY_DIAG	0x000012DD	83	DRAW_MOTION_SAFETY_DIAG
DIAG	MSC_FAILSAFE_OK	3943	2857	24	1	0x00001272	bounded_conflict			ALL_DONE	0x00001193	223	DRAW_MOTION_SAFETY_DIAG	0x000012DD	82	DRAW_MOTION_SAFETY_DIAG
DIAG	NM4B	3959	2881	8	1	0x0000128A	bounded_conflict			ALL_DONE	0x00001193	247	DRAW_MOTION_SAFETY_DIAG	0x000012DD	58	DRAW_MOTION_SAFETY_DIAG
DIAG	NM1B	3962	2889	8	1	0x00001292	bounded_conflict			ALL_DONE	0x00001193	255	DRAW_MOTION_SAFETY_DIAG	0x000012DD	50	DRAW_MOTION_SAFETY_DIAG
DIAG	NM2B	3965	2897	1	1	0x0000129A	bounded_conflict			ALL_DONE	0x00001193	263	DRAW_MOTION_SAFETY_DIAG	0x000012DD	42	DRAW_MOTION_SAFETY_DIAG
DIAG	MSC_FAILSAFE_NOTCONNECTED	3967	2898	24	1	0x0000129B	bounded_conflict			ALL_DONE	0x00001193	264	DRAW_MOTION_SAFETY_DIAG	0x000012DD	41	DRAW_MOTION_SAFETY_DIAG
DIAG	NM4BA	3982	2922	8	1	0x000012B3	bounded_conflict			ALL_DONE	0x00001193	288	DRAW_MOTION_SAFETY_DIAG	0x000012DD	17	DRAW_MOTION_SAFETY_DIAG
DIAG	NM1BA	3985	2930	8	1	0x000012BB	bounded_conflict			ALL_DONE	0x00001193	296	DRAW_MOTION_SAFETY_DIAG	0x000012DD	9	DRAW_MOTION_SAFETY_DIAG
DIAG	NM2BA	3988	2938	1	1	0x000012C3	bounded_conflict			ALL_DONE	0x00001193	304	DRAW_MOTION_SAFETY_DIAG	0x000012DD	1	DRAW_MOTION_SAFETY_DIAG
DIAG	DRAW_MOTION_SAFETY_DIAG	3997	2939	157	1	0x000012DD	known	DRAW_MOTION_SAFETY_DIAG@DIAG	0x000012DD	DRAW_MOTION_SAFETY_DIAG	0x000012DD	0	DRAW_MOTION_SAFETY_DIAG	0x000012DD	0	DRAW_MOTION_SAFETY_DIAG
DIAG	CLEAR_MATS	4060	3096	91	1	0x0000137A	known	CLEAR_MATS@DIAG	0x0000137A	CLEAR_MATS	0x0000137A	0	CLEAR_MATS	0x0000137A	0	CLEAR_MATS
DIAG	MOTION_SAFETY_SWITCHES_DIAG	4101	3187	12	1	0x000013D5	bounded_ok			CLEAR_MATS	0x0000137A	91	MSSD_LP	0x000013E1	12	MSSD_LP
DIAG	MSSD_LP	4118	3199	17	1	0x000013E1	known	MSSD_LP@DIAG	0x000013E1	MSSD_LP	0x000013E1	0	MSSD_LP	0x000013E1	0	MSSD_LP
DIAG	MSOFF	4135	3216	6	1	0x000013F2	known	MSOFF@DIAG	0x000013F2	MSOFF	0x000013F2	0	MSOFF	0x000013F2	0	MSOFF
DIAG	MSFX	4136	3222	33	1	0x000013F8	known	MSFX@DIAG	0x000013F8	MSFX	0x000013F8	0	MSFX	0x000013F8	0	MSFX
DIRQ	DIRQ	131	0	45	1	0x00000064	known	DIRQ	0x00000064	DIRQ	0x00000064	0	DIRQ	0x00000064	0	DIRQ
DIRQ	NEXTOBJ	226	45	6	1	0x00000091	known	NEXTOBJ@DIRQ	0x00000091	NEXTOBJ	0x00000091	0	NEXTOBJ	0x00000091	0	NEXTOBJ
DIRQ	NOBREAK_CONTINUE	234	51	12	1	0x00000097	known	NOBREAK_CONTINUE@DIRQ	0x00000097	NOBREAK_CONTINUE	0x00000097	0	NOBREAK_CONTINUE	0x00000097	0	NOBREAK_CONTINUE
DIRQ	TRU_UNIV	260	63	3	1	0x000000A3	bounded_ok			NOBREAK_CONTINUE	0x00000097	12	TRANS_RET	0x000000A6	3	TRANS_RET
DIRQ	TRANS_RET	265	66	10	1	0x000000A6	known	TRANS_RET@DIRQ	0x000000A6	TRANS_RET	0x000000A6	0	TRANS_RET	0x000000A6	0	TRANS_RET
DIRQ	UNIV_ROT	302	76	19	1	0x000000B0	bounded_conflict			TRANS_RET	0x000000A6	10	TRIVIAL_REJECTION	0x000000BA	19	TRANS_RET
DIRQ	TRIVIAL_REJECTION	328	95	11	1	0x000000BA	known	TRIVIAL_REJECTION@DIRQ	0x000000BA	TRIVIAL_REJECTION	0x000000BA	0	TRIVIAL_REJECTION	0x000000BA	0	TRIVIAL_REJECTION
DIRQ	NO_DEGRADE	345	106	49	1	0x000000C5	known	NO_DEGRADE@DIRQ	0x000000C5	NO_DEGRADE	0x000000C5	0	NO_DEGRADE	0x000000C5	0	NO_DEGRADE
DIRQ	ROT3D	423	155	7	1	0x000000F6	known	ROT3D@DIRQ	0x000000F6	ROT3D	0x000000F6	0	ROT3D	0x000000F6	0	ROT3D
DIRQ	CHECKTHEREG	446	162	9	1	0x000000FD	known	CHECKTHEREG@DIRQ	0x000000FD	CHECKTHEREG	0x000000FD	0	CHECKTHEREG	0x000000FD	0	CHECKTHEREG
DIRQ	REGULAR	467	171	12	1	0x00000106	known	REGULAR@DIRQ	0x00000106	REGULAR	0x00000106	0	REGULAR	0x00000106	0	REGULAR
DIRQ	IDENTITY_ROTATION	492	183	3	1	0x00000112	known	IDENTITY_ROTATION@DIRQ	0x00000112	IDENTITY_ROTATION	0x00000112	0	IDENTITY_ROTATION	0x00000112	0	IDENTITY_ROTATION
DIRQ	SELF_ORIENTING	510	186	20	1	0x00000115	bounded_conflict			IDENTITY_ROTATION	0x00000112	3	INLP1	0x00000124	20	IDENTITY_ROTATION
DIRQ	INLP1	537	206	1	1	0x00000124	known	INLP1@DIRQ	0x00000124	INLP1	0x00000124	0	INLP1	0x00000124	0	INLP1
DIRQ	VECTOR_TRANSFORMATION	545	207	3	1	0x00000125	bounded_ok			INLP1	0x00000124	1	VECTORTRANSFULL	0x00000128	3	INLP1
DIRQ	VECTORTRANSFULL	552	210	1	1	0x00000128	known	VECTORTRANSFULL@DIRQ	0x00000128	VECTORTRANSFULL	0x00000128	0	VECTORTRANSFULL	0x00000128	0	VECTORTRANSFULL
DIRQ	VT	555	211	14	1	0x00000129	known	VT@DIRQ	0x00000129	VT	0x00000129	0	VT	0x00000129	0	VT
DIRQ	VTL	584	225	44	1	0x00000140	known	VTL@DIRQ	0x00000140	VTL	0x00000140	0	VTL	0x00000140	0	VTL
DIRQ	EOVCTR	676	269	1	1	0x00000162	known	EOVCTR@DIRQ	0x00000162	EOVCTR	0x00000162	0	EOVCTR	0x00000162	0	EOVCTR
DIRQ	POLYPOLY_ENTER	679	270	3	1	0x00000163	known	POLYPOLY_ENTER@DIRQ	0x00000163	POLYPOLY_ENTER	0x00000163	0	POLYPOLY_ENTER	0x00000163	0	POLYPOLY_ENTER
DIRQ	DISPLAY	685	273	2	1	0x00000166	known	DISPLAY@DIRQ	0x00000166	DISPLAY	0x00000166	0	DISPLAY	0x00000166	0	DISPLAY
DIRQ	DISPLAYX	689	275	1	1	0x00000168	bounded_ok			DISPLAY	0x00000166	2	TRANS2D	0x00000169	1	TRANS2D
DIRQ	TRANS2D	697	276	12	1	0x00000169	known	TRANS2D@DIRQ	0x00000169	TRANS2D	0x00000169	0	TRANS2D	0x00000169	0	TRANS2D
DIRQ	SELF_ORIENTING2	738	288	18	1	0x00000175	bounded_conflict			TRANS2D	0x00000169	12	VTL2	0x000001A0	30	TRANS2D
DIRQ	VECTOR_TRANSFORMATION2	767	306	1	1	0x00000187	bounded_conflict			TRANS2D	0x00000169	30	VTL2	0x000001A0	12	VTL2
DIRQ	VT2	770	307	11	1	0x00000188	bounded_conflict			TRANS2D	0x00000169	31	VTL2	0x000001A0	11	VTL2
DIRQ	VTL2	785	318	31	1	0x000001A0	known	VTL2@DIRQ	0x000001A0	VTL2	0x000001A0	0	VTL2	0x000001A0	0	VTL2
DIRQ	EOVCTR2	829	349	2	1	0x000001BA	known	EOVCTR2@DIRQ	0x000001BA	EOVCTR2	0x000001BA	0	EOVCTR2	0x000001BA	0	EOVCTR2
DIRQ	DYNAMIC_OBJECT	840	351	18	1	0x000001BC	known	DYNAMIC_OBJECT@DIRQ	0x000001BC	DYNAMIC_OBJECT	0x000001BC	0	DYNAMIC_OBJECT	0x000001BC	0	DYNAMIC_OBJECT
DIRQ	DYNALOOP	910	369	2	1	0x000001CE	known	DYNALOOP@DIRQ	0x000001CE	DYNALOOP	0x000001CE	0	DYNALOOP	0x000001CE	0	DYNALOOP
DIRQ	DYNREG	917	371	54	1	0x000001D0	known	DYNREG@DIRQ	0x000001D0	DYNREG	0x000001D0	0	DYNREG	0x000001D0	0	DYNREG
DIRQ	DYNLP1	997	425	12	1	0x000001F7	known	DYNLP1@DIRQ	0x000001F7	DYNLP1	0x000001F7	0	DYNLP1	0x000001F7	0	DYNLP1
DIRQ	DYNALP	1034	437	48	1	0x00000220	known	DYNALP@DIRQ	0x00000220	DYNALP	0x00000220	0	DYNALP	0x00000220	0	DYNALP
DIRQ	EODVCTR	1114	485	1	1	0x00000246	known	EODVCTR@DIRQ	0x00000246	EODVCTR	0x00000246	0	EODVCTR	0x00000246	0	EODVCTR
DIRQ	DYNALPX	1116	486	9	1	0x00000247	known	DYNALPX@DIRQ	0x00000247	DYNALPX	0x00000247	0	DYNALPX	0x00000247	0	DYNALPX
DIRQ	DYNASHD	1153	495	60	1	0x00000250	bounded_conflict			DYNALPX	0x00000247	9	EOSVCTR	0x00000282	60	DYNALPX
DIRQ	EOSVCTR	1259	555	3	1	0x00000282	known	EOSVCTR@DIRQ	0x00000282	EOSVCTR	0x00000282	0	EOSVCTR	0x00000282	0	EOSVCTR
DIRQ	NOSHAD	1265	558	8	1	0x00000285	known	NOSHAD@DIRQ	0x00000285	NOSHAD	0x00000285	0	NOSHAD	0x00000285	0	NOSHAD
DIRQ	PLOTPOLY	1298	566	11	1	0x0000028D	known	PLOTPOLY@DIRQ	0x0000028D	PLOTPOLY	0x0000028D	0	PLOTPOLY	0x0000028D	0	PLOTPOLY
DIRQ	PLOTPOLY0	1325	577	13	1	0x00000298	bounded_conflict			PLOTPOLY	0x0000028D	11	PLOTPOLYLP	0x000002C0	13	PLOTPOLY
DIRQ	PLOTPOLYLP	1345	590	2	1	0x000002C0	known	PLOTPOLYLP@DIRQ	0x000002C0	PLOTPOLYLP	0x000002C0	0	PLOTPOLYLP	0x000002C0	0	PLOTPOLYLP
DIRQ	PLOTPOLYLP1	1351	592	19	1	0x000002C2	bounded_conflict			PLOTPOLYLP	0x000002C0	2	POLYLP	0x000002FD	66	PLOTPOLYLP
DIRQ	INBNDS	1383	611	20	1	0x000002D5	bounded_conflict			PLOTPOLYLP	0x000002C0	21	POLYLP	0x000002FD	47	PLOTPOLYLP
DIRQ	LOF1X	1419	631	8	1	0x000002E9	bounded_conflict			PLOTPOLYLP	0x000002C0	41	POLYLP	0x000002FD	27	POLYLP
DIRQ	BLOWOUT	1437	639	19	1	0x000002F1	bounded_conflict			PLOTPOLYLP	0x000002C0	49	POLYLP	0x000002FD	19	POLYLP
DIRQ	POLYLP	1469	658	6	1	0x000002FD	known	POLYLP@DIRQ	0x000002FD	POLYLP	0x000002FD	0	POLYLP	0x000002FD	0	POLYLP
DIRQ	CLIPIT	1479	664	6	1	0x00000303	bounded_ok			POLYLP	0x000002FD	6	CLIPCK	0x00000309	6	POLYLP
DIRQ	CLIPCK	1497	670	20	1	0x00000309	known	CLIPCK@DIRQ	0x00000309	CLIPCK	0x00000309	0	CLIPCK	0x00000309	0	CLIPCK
DIRQ	LPP2	1528	690	17	1	0x00000316	known	LPP2@DIRQ	0x00000316	LPP2	0x00000316	0	LPP2	0x00000316	0	LPP2
DIRQ	CKLP	1555	707	10	1	0x00000325	known	CKLP@DIRQ	0x00000325	CKLP	0x00000325	0	CKLP	0x00000325	0	CKLP
DIRQ	CLIP	1580	717	64	1	0x0000032F	known	CLIP@DIRQ	0x0000032F	CLIP	0x0000032F	0	CLIP	0x0000032F	0	CLIP
DIRQ	CLIPOP	1699	781	1	1	0x0000036F	known	CLIPOP@DIRQ	0x0000036F	CLIPOP	0x0000036F	0	CLIPOP	0x0000036F	0	CLIPOP
DIRQ	CLIP0	1707	782	43	1	0x00000370	known	CLIP0@DIRQ	0x00000370	CLIP0	0x00000370	0	CLIP0	0x00000370	0	CLIP0
DIRQ	CLCKLP	1795	825	8	1	0x00000399	known	CLCKLP@DIRQ	0x00000399	CLCKLP	0x00000399	0	CLCKLP	0x00000399	0	CLCKLP
DIRQ	PCWT	1810	833	33	1	0x000003A1	known	PCWT@DIRQ	0x000003A1	PCWT	0x000003A1	0	PCWT	0x000003A1	0	PCWT
DIRQ	BUSTUP	1867	866	3	1	0x000003BD	known	BUSTUP@DIRQ	0x000003BD	BUSTUP	0x000003BD	0	BUSTUP	0x000003BD	0	BUSTUP
DIRQ	BUSTUP0	1889	869	140	1	0x000003C0	known	BUSTUP0@DIRQ	0x000003C0	BUSTUP0	0x000003C0	0	BUSTUP0	0x000003C0	0	BUSTUP0
DIRQ	CLIPX	2079	1009	2	1	0x0000044C	bounded_conflict			BUSTUP0	0x000003C0	140	CLIPDONE	0x0000044A	2	CLIPDONE
DIRQ	CLIPDONE	2082	1011	9	1	0x0000044A	known	CLIPDONE@DIRQ	0x0000044A	CLIPDONE	0x0000044A	0	CLIPDONE	0x0000044A	0	CLIPDONE
DIRQ	PLTPOLY	2109	1020	5	1	0x00000453	bounded_conflict			CLIPDONE	0x0000044A	9	PLTPOLYLP	0x000002C0	5	PLTPOLYLP
DIRQ	PLTPOLYLP	2122	1025	3	1	0x000002C0	known	PLTPOLYLP@DIRQ	0x000002C0	PLTPOLYLP	0x000002C0	0	PLTPOLYLP	0x000002C0	0	PLTPOLYLP
DIRQ	PLTPOLYLP1	2126	1028	7	1	0x000002C3	bounded_conflict			PLTPOLYLP	0x000002C0	3	PLTPOLL	0x0000048F	55	PLTPOLYLP
DIRQ	PLTWT	2136	1035	48	1	0x000002CA	bounded_conflict			PLTPOLYLP	0x000002C0	10	PLTPOLL	0x0000048F	48	PLTPOLYLP
DIRQ	PLTPOLL	2209	1083	2	1	0x0000048F	known	PLTPOLL@DIRQ	0x0000048F	PLTPOLL	0x0000048F	0	PLTPOLL	0x0000048F	0	PLTPOLL
DIRQ	PLTLP1	2215	1085	6	1	0x00000491	bounded_conflict			PLTPOLL	0x0000048F	2	PLOTPOLYLP_1	0x000004C0	23	PLTPOLL
DIRQ	PLTXX	2223	1091	1	1	0x00000497	bounded_conflict			PLTPOLL	0x0000048F	8	PLOTPOLYLP_1	0x000004C0	17	PLTPOLL
DIRQ	PLOT1PAL	2237	1092	16	1	0x00000498	bounded_conflict			PLTPOLL	0x0000048F	9	PLOTPOLYLP_1	0x000004C0	16	PLTPOLL
DIRQ	PLOTPOLYLP_1	2264	1108	2	1	0x000004C0	known	PLOTPOLYLP_1@DIRQ	0x000004C0	PLOTPOLYLP_1	0x000004C0	0	PLOTPOLYLP_1	0x000004C0	0	PLOTPOLYLP_1
DIRQ	PLOTPOLYLP1_1	2270	1110	19	1	0x000004C2	bounded_conflict			PLOTPOLYLP_1	0x000004C0	2	POLYLP_1	0x000004FC	64	PLOTPOLYLP_1
DIRQ	INBNDS_1	2304	1129	20	1	0x000004D5	bounded_conflict			PLOTPOLYLP_1	0x000004C0	21	POLYLP_1	0x000004FC	45	PLOTPOLYLP_1
DIRQ	LOF2X	2341	1149	6	1	0x000004E9	bounded_conflict			PLOTPOLYLP_1	0x000004C0	41	POLYLP_1	0x000004FC	25	POLYLP_1
DIRQ	BLOWOUT_1	2361	1155	19	1	0x000004EF	bounded_conflict			PLOTPOLYLP_1	0x000004C0	47	POLYLP_1	0x000004FC	19	POLYLP_1
DIRQ	POLYLP_1	2393	1174	6	1	0x000004FC	known	POLYLP_1@DIRQ	0x000004FC	POLYLP_1	0x000004FC	0	POLYLP_1	0x000004FC	0	POLYLP_1
DIRQ	CLIPIT_1	2403	1180	4	1	0x00000502	bounded_ok			POLYLP_1	0x000004FC	6	PLT1PAL1	0x00000515	19	POLYLP_1
DIRQ	PLT1PAL	2421	1184	15	1	0x00000506	bounded_ok			POLYLP_1	0x000004FC	10	PLT1PAL1	0x00000515	15	POLYLP_1
DIRQ	PLT1PAL1	2444	1199	5	1	0x00000515	known	PLT1PAL1@DIRQ	0x00000515	PLT1PAL1	0x00000515	0	PLT1PAL1	0x00000515	0	PLT1PAL1
DIRQ	PLTPOLYLP_2	2453	1204	3	1	0x00000520	known	PLTPOLYLP_2@DIRQ	0x00000520	PLTPOLYLP_2	0x00000520	0	PLTPOLYLP_2	0x00000520	0	PLTPOLYLP_2
DIRQ	PLTPOLYLP1_2	2457	1207	7	1	0x00000523	bounded_conflict			PLTPOLYLP_2	0x00000520	3	PLTPOLL_2	0x0000054E	53	PLTPOLYLP_2
DIRQ	PLTWT_2	2467	1214	46	1	0x0000052A	bounded_conflict			PLTPOLYLP_2	0x00000520	10	PLTPOLL_2	0x0000054E	46	PLTPOLYLP_2
DIRQ	PLTPOLL_2	2538	1260	2	1	0x0000054E	known	PLTPOLL_2@DIRQ	0x0000054E	PLTPOLL_2	0x0000054E	0	PLTPOLL_2	0x0000054E	0	PLTPOLL_2
DIRQ	PLTLP1_2	2542	1262	7	1	0x00000550	bounded_ok			PLTPOLL_2	0x0000054E	2	PLTG1PAL	0x00000557	7	PLTPOLL_2
DIRQ	PLTG1PAL	2555	1269	5	1	0x00000557	known	PLTG1PAL@DIRQ	0x00000557	PLTG1PAL	0x00000557	0	PLTG1PAL	0x00000557	0	PLTG1PAL
DIRQ	PLTGPOLYLP_2	2565	1274	3	1	0x00000560	known	PLTGPOLYLP_2@DIRQ	0x00000560	PLTGPOLYLP_2	0x00000560	0	PLTGPOLYLP_2	0x00000560	0	PLTGPOLYLP_2
DIRQ	PLTGPOLYLP1_2	2569	1277	10	1	0x00000563	bounded_conflict			PLTGPOLYLP_2	0x00000560	3	PLTGPOLL_2	0x00000595	61	PLTGPOLYLP_2
DIRQ	PLTGWT_2	2584	1287	20	1	0x0000056D	bounded_conflict			PLTGPOLYLP_2	0x00000560	13	PLTGPOLL_2	0x00000595	51	PLTGPOLYLP_2
DIRQ	LOF4X	2619	1307	31	1	0x00000581	bounded_conflict			PLTGPOLYLP_2	0x00000560	33	PLTGPOLL_2	0x00000595	31	PLTGPOLL_2
DIRQ	PLTGPOLL_2	2663	1338	2	1	0x00000595	known	PLTGPOLL_2@DIRQ	0x00000595	PLTGPOLL_2	0x00000595	0	PLTGPOLL_2	0x00000595	0	PLTGPOLL_2
DIRQ	PLTGLP1_2	2666	1340	7	1	0x00000597	known	PLTGLP1_2@DIRQ	0x00000597	PLTGLP1_2	0x00000597	0	PLTGLP1_2	0x00000597	0	PLTGLP1_2
DIRQ	PLOTILLUM	2693	1347	9	1	0x0000059E	bounded_conflict			PLTGLP1_2	0x00000597	7	ILLUMFF	0x000005D8	66	PLTGLP1_2
DIRQ	ILLUM_PLOTPOLYLP	2709	1356	20	1	0x000005A7	bounded_conflict			PLTGLP1_2	0x00000597	16	ILLUMFF	0x000005D8	57	PLTGLP1_2
DIRQ	ILLUM1	2742	1376	37	1	0x000005BB	bounded_conflict			PLTGLP1_2	0x00000597	36	ILLUMFF	0x000005D8	37	PLTGLP1_2
DIRQ	ILLUMFF	2797	1413	17	1	0x000005D8	known	ILLUMFF@DIRQ	0x000005D8	ILLUMFF	0x000005D8	0	ILLUMFF	0x000005D8	0	ILLUMFF
DIRQ	LP1	2819	1430	2	1	0x000005E8	known	LP1@DIRQ	0x000005E8	LP1	0x000005E8	0	LP1	0x000005E8	0	LP1
DIRQ	ILLUM_POLYLP	2823	1432	3	1	0x000005EA	bounded_ok			LP1	0x000005E8	2	ZCLIP	0x000005ED	3	LP1
DIRQ	ZCLIP	2828	1435	4	1	0x000005ED	known	ZCLIP@DIRQ	0x000005ED	ZCLIP	0x000005ED	0	ZCLIP	0x000005ED	0	ZCLIP
DIRQ	ZCLIP1	2833	1439	4	1	0x000005F1	forward_extrapolated			ZCLIP	0x000005ED	4				ZCLIP
DRONES	POSITION_FINDER	58	0	6	1	0x000065CA	backward_extrapolated						FIND_PLAYERS_POSITION	0x000065D0	6	FIND_PLAYERS_POSITION
DRONES	FIND_PLAYERS_POSITION	79	6	7	1	0x000065D0	known	FIND_PLAYERS_POSITION	0x000065D0	FIND_PLAYERS_POSITION	0x000065D0	0	FIND_PLAYERS_POSITION	0x000065D0	0	FIND_PLAYERS_POSITION
DRONES	FPPLP	93	13	7	1	0x000065D7	known	FPPLP@DRONES	0x000065D7	FPPLP	0x000065D7	0	FPPLP	0x000065D7	0	FPPLP
DRONES	NNEG	101	20	22	1	0x000065DE	known	NNEG@DRONES	0x000065DE	NNEG	0x000065DE	0	NNEG	0x000065DE	0	NNEG
DRONES	FPP1	144	42	8	1	0x000065F4	known	FPP1@DRONES	0x000065F4	FPP1	0x000065F4	0	FPP1	0x000065F4	0	FPP1
DRONES	FPP2	160	50	19	1	0x000065FC	known	FPP2@DRONES	0x000065FC	FPP2	0x000065FC	0	FPP2	0x000065FC	0	FPP2
DRONES	KKDKA	192	69	1	1	0x0000660F	bounded_ok			FPP2	0x000065FC	19	NXTLP1	0x00006610	1	NXTLP1
DRONES	NXTLP1	196	70	2	1	0x00006610	known	NXTLP1@DRONES	0x00006610	NXTLP1	0x00006610	0	NXTLP1	0x00006610	0	NXTLP1
DRONES	NXTLP	199	72	3	1	0x00006612	known	NXTLP@DRONES	0x00006612	NXTLP	0x00006612	0	NXTLP	0x00006612	0	NXTLP
DRONES	FPPX	203	75	3	1	0x00006615	known	FPPX@DRONES	0x00006615	FPPX	0x00006615	0	FPPX	0x00006615	0	FPPX
DRONES	SIGMA_DISPATCHER	220	78	3	1	0x00006618	bounded_ok			FPPX	0x00006615	3	SET_DRONE_PAL	0x000066B7	159	FPPX
DRONES	CONTIN	224	81	2	1	0x0000661B	bounded_ok			FPPX	0x00006615	6	SET_DRONE_PAL	0x000066B7	156	FPPX
DRONES	SIGDSP_LP	227	83	5	1	0x0000661D	bounded_ok			FPPX	0x00006615	8	SET_DRONE_PAL	0x000066B7	154	FPPX
DRONES	SG_DISP_S	233	88	21	1	0x00006622	bounded_ok			FPPX	0x00006615	13	SET_DRONE_PAL	0x000066B7	149	FPPX
DRONES	OV1	261	109	5	1	0x00006637	bounded_ok			FPPX	0x00006615	34	SET_DRONE_PAL	0x000066B7	128	FPPX
DRONES	OV2	268	114	2	1	0x0000663C	bounded_ok			FPPX	0x00006615	39	SET_DRONE_PAL	0x000066B7	123	FPPX
DRONES	DOIT	271	116	5	1	0x0000663E	bounded_ok			FPPX	0x00006615	41	SET_DRONE_PAL	0x000066B7	121	FPPX
DRONES	NOTYET	278	121	16	1	0x00006643	bounded_ok			FPPX	0x00006615	46	SET_DRONE_PAL	0x000066B7	116	FPPX
DRONES	DRONE_PTR_ADD	314	137	14	1	0x00006653	bounded_ok			FPPX	0x00006615	62	SET_DRONE_PAL	0x000066B7	100	FPPX
DRONES	DRONE_CLR	336	151	3	1	0x00006661	bounded_ok			FPPX	0x00006615	76	SET_DRONE_PAL	0x000066B7	86	FPPX
DRONES	RHO_DISPATCHER	353	154	12	1	0x00006664	bounded_ok			FPPX	0x00006615	79	SET_DRONE_PAL	0x000066B7	83	FPPX
DRONES	RHOPSL	373	166	14	1	0x00006670	bounded_ok			FPPX	0x00006615	91	SET_DRONE_PAL	0x000066B7	71	SET_DRONE_PAL
DRONES	RHO_DLP	393	180	5	1	0x0000667E	bounded_ok			FPPX	0x00006615	105	SET_DRONE_PAL	0x000066B7	57	SET_DRONE_PAL
DRONES	NKLD	399	185	4	1	0x00006683	bounded_ok			FPPX	0x00006615	110	SET_DRONE_PAL	0x000066B7	52	SET_DRONE_PAL
DRONES	TF_DISP_S	404	189	20	1	0x00006687	bounded_ok			FPPX	0x00006615	114	SET_DRONE_PAL	0x000066B7	48	SET_DRONE_PAL
DRONES	OV1R	430	209	5	1	0x0000669B	bounded_ok			FPPX	0x00006615	134	SET_DRONE_PAL	0x000066B7	28	SET_DRONE_PAL
DRONES	OV2R	437	214	2	1	0x000066A0	bounded_ok			FPPX	0x00006615	139	SET_DRONE_PAL	0x000066B7	23	SET_DRONE_PAL
DRONES	DOITR	440	216	9	1	0x000066A2	bounded_ok			FPPX	0x00006615	141	SET_DRONE_PAL	0x000066B7	21	SET_DRONE_PAL
DRONES	CK_LINK_DISP	458	225	8	1	0x000066AB	bounded_ok			FPPX	0x00006615	150	SET_DRONE_PAL	0x000066B7	12	SET_DRONE_PAL
DRONES	NOGO	470	233	2	1	0x000066B3	bounded_ok			FPPX	0x00006615	158	SET_DRONE_PAL	0x000066B7	4	SET_DRONE_PAL
DRONES	GODISP	473	235	2	1	0x000066B5	bounded_ok			FPPX	0x00006615	160	SET_DRONE_PAL	0x000066B7	2	SET_DRONE_PAL
DRONES	SET_DRONE_PAL	479	237	24	1	0x000066B7	known	SET_DRONE_PAL	0x000066B7	SET_DRONE_PAL	0x000066B7	0	SET_DRONE_PAL	0x000066B7	0	SET_DRONE_PAL
DRONES	NO_EPALS	505	261	3	1	0x000066CF	known	NO_EPALS@DRONES	0x000066CF	NO_EPALS	0x000066CF	0	NO_EPALS	0x000066CF	0	NO_EPALS
DRONES	GET_LANES	521	264	7	1	0x000066D2	known	GET_LANES	0x000066D2	GET_LANES	0x000066D2	0	GET_LANES	0x000066D2	0	GET_LANES
DRONES	GL_LP	530	271	8	1	0x000066D9	bounded_ok			GET_LANES	0x000066D2	7	GL_FND	0x000066E1	8	GET_LANES
DRONES	GL_FND	539	279	6	1	0x000066E1	known	GL_FND@DRONES	0x000066E1	GL_FND	0x000066E1	0	GL_FND	0x000066E1	0	GL_FND
DRONES	DIST_TO_PLYR	559	285	20	1	0x000066E7	known	DIST_TO_PLYR	0x000066E7	DIST_TO_PLYR	0x000066E7	0	DIST_TO_PLYR	0x000066E7	0	DIST_TO_PLYR
DRONES	INIT_TRACKING_PIECE	593	305	3	1	0x000066FB	bounded_ok			DIST_TO_PLYR	0x000066E7	20	GET_TRACK_POS	0x0000671E	35	DIST_TO_PLYR
DRONES	LPP	598	308	8	1	0x000066FE	bounded_ok			DIST_TO_PLYR	0x000066E7	23	GET_TRACK_POS	0x0000671E	32	DIST_TO_PLYR
DRONES	GET_TRACK_POS_RVS_XLANE	633	316	8	1	0x00006706	bounded_ok			DIST_TO_PLYR	0x000066E7	31	GET_TRACK_POS	0x0000671E	24	GET_TRACK_POS
DRONES	GET_TRACK_POS_RVS	642	324	8	1	0x0000670E	bounded_ok			DIST_TO_PLYR	0x000066E7	39	GET_TRACK_POS	0x0000671E	16	GET_TRACK_POS
DRONES	DELTA_GET_TRACK_POS	651	332	8	1	0x00006716	bounded_ok			DIST_TO_PLYR	0x000066E7	47	GET_TRACK_POS	0x0000671E	8	GET_TRACK_POS
DRONES	GET_TRACK_POS	659	340	6	1	0x0000671E	known	GET_TRACK_POS	0x0000671E	GET_TRACK_POS	0x0000671E	0	GET_TRACK_POS	0x0000671E	0	GET_TRACK_POS
DRONES	TRACK_PIECE	665	346	1	1	0x00006724	bounded_ok			GET_TRACK_POS	0x0000671E	6	TRKP2	0x00006725	1	TRKP2
DRONES	TRKP2	668	347	8	1	0x00006725	known	TRKP2@DRONES	0x00006725	TRKP2	0x00006725	0	TRKP2	0x00006725	0	TRKP2
DRONES	DISTANCE_OK	685	355	6	1	0x0000672D	bounded_ok			TRKP2	0x00006725	8	SF_ENTER2	0x00006740	19	TRKP2
DRONES	SUB_FUNCTION_RVS	790	361	7	1	0x00006733	bounded_ok			TRKP2	0x00006725	14	SF_ENTER2	0x00006740	13	SF_ENTER2
DRONES	SUB_FUNCTION	800	368	6	1	0x0000673A	bounded_ok			TRKP2	0x00006725	21	SF_ENTER2	0x00006740	6	SF_ENTER2
DRONES	SF_ENTER2	807	374	20	1	0x00006740	known	SF_ENTER2@DRONES	0x00006740	SF_ENTER2	0x00006740	0	SF_ENTER2	0x00006740	0	SF_ENTER2
DRONES	DELTA_JOININ	836	394	16	1	0x00006754	known	DELTA_JOININ@DRONES	0x00006754	DELTA_JOININ	0x00006754	0	DELTA_JOININ	0x00006754	0	DELTA_JOININ
DRONES	SUB_FUNCTION_RVS_XLANE	857	410	7	1	0x00006764	bounded_ok			DELTA_JOININ	0x00006754	16	DELTA_SUB_FUNCTION	0x0000676B	7	DELTA_SUB_FUNCTION
DRONES	DELTA_SUB_FUNCTION	867	417	6	1	0x0000676B	known	DELTA_SUB_FUNCTION	0x0000676B	DELTA_SUB_FUNCTION	0x0000676B	0	DELTA_SUB_FUNCTION	0x0000676B	0	DELTA_SUB_FUNCTION
DRONES	SFENTER66	874	423	14	1	0x00006771	known	SFENTER66@DRONES	0x00006771	SFENTER66	0x00006771	0	SFENTER66	0x00006771	0	SFENTER66
DRONES	INIT_DRONES	934	437	14	1	0x0000677F	known	INIT_DRONES	0x0000677F	INIT_DRONES	0x0000677F	0	INIT_DRONES	0x0000677F	0	INIT_DRONES
DRONES	ADD_DRONE	963	451	9	1	0x0000678D	known	ADD_DRONE	0x0000678D	ADD_DRONE	0x0000678D	0	ADD_DRONE	0x0000678D	0	ADD_DRONE
DRONES	FREE_DRONE	981	460	5	1	0x00006796	known	FREE_DRONE	0x00006796	FREE_DRONE	0x00006796	0	FREE_DRONE	0x00006796	0	FREE_DRONE
DRONES	FREELP	989	465	10	1	0x0000679B	known	FREELP@DRONES	0x0000679B	FREELP	0x0000679B	0	FREELP	0x0000679B	0	FREELP
DRONES	FREEDR_X	1006	475	4	1	0x000067A5	known	FREEDR_X@DRONES	0x000067A5	FREEDR_X	0x000067A5	0	FREEDR_X	0x000067A5	0	FREEDR_X
DRONES	EXP_PUFF	1019	479	27	1	0x000067A9	bounded_ok			FREEDR_X	0x000067A5	4	EXP_PUFFLP	0x000067C4	27	FREEDR_X
DRONES	EXP_PUFFLP	1053	506	19	1	0x000067C4	known	EXP_PUFFLP@DRONES	0x000067C4	EXP_PUFFLP	0x000067C4	0	EXP_PUFFLP	0x000067C4	0	EXP_PUFFLP
DRONES	EXP_DIE	1078	525	3	1	0x000067D7	known	EXP_DIE@DRONES	0x000067D7	EXP_DIE	0x000067D7	0	EXP_DIE	0x000067D7	0	EXP_DIE
DRONES	PRECOLLIDE_PLYR	1204	528	47	1	0x000067DB	known	PRECOLLIDE_PLYR	0x000067DB	PRECOLLIDE_PLYR	0x000067DB	0	PRECOLLIDE_PLYR	0x000067DB	0	PRECOLLIDE_PLYR
DRONES	IS_IMMINENT	1279	575	2	1	0x0000680A	bounded_ok			PRECOLLIDE_PLYR	0x000067DB	47	NOT_IMMINENT	0x0000680C	2	NOT_IMMINENT
DRONES	NOT_IMMINENT	1283	577	2	1	0x0000680C	known	NOT_IMMINENT@DRONES	0x0000680C	NOT_IMMINENT	0x0000680C	0	NOT_IMMINENT	0x0000680C	0	NOT_IMMINENT
DRONES	DRONE_RIDE_RIGHT	1315	579	9	1	0x0000680E	known	DRONE_RIDE_RIGHT	0x0000680E	DRONE_RIDE_RIGHT	0x0000680E	0	DRONE_RIDE_RIGHT	0x0000680E	0	DRONE_RIDE_RIGHT
DRONES	PLYR_RIDE_RIGHT	1326	588	12	1	0x00006817	known	PLYR_RIDE_RIGHT	0x00006817	PLYR_RIDE_RIGHT	0x00006817	0	PLYR_RIDE_RIGHT	0x00006817	0	PLYR_RIDE_RIGHT
DRONES	RIDE_RIGHT_JOININ	1340	600	30	1	0x00006823	known	RIDE_RIGHT_JOININ@DRONES	0x00006823	RIDE_RIGHT_JOININ	0x00006823	0	RIDE_RIGHT_JOININ	0x00006823	0	RIDE_RIGHT_JOININ
DRONES	PRR_NONRITE	1380	630	2	1	0x00006841	bounded_ok			RIDE_RIGHT_JOININ	0x00006823	30	PRR_ONRITE	0x00006843	2	PRR_ONRITE
DRONES	PRR_ONRITE	1383	632	1	1	0x00006843	known	PRR_ONRITE@DRONES	0x00006843	PRR_ONRITE	0x00006843	0	PRR_ONRITE	0x00006843	0	PRR_ONRITE
DRONES	PRR_X	1385	633	9	1	0x00006844	known	PRR_X@DRONES	0x00006844	PRR_X	0x00006844	0	PRR_X	0x00006844	0	PRR_X
DRONES	SMOKE_PUFF	1405	642	31	1	0x0000684D	bounded_conflict			PRR_X	0x00006844	9	AHEAD_OF_PLAYER_P	0x0000691F	194	PRR_X
DRONES	SMOKE_PUFFLP	1447	673	21	1	0x0000686C	bounded_conflict			PRR_X	0x00006844	40	AHEAD_OF_PLAYER_P	0x0000691F	163	PRR_X
DRONES	SMOKE_DIE	1474	694	6	1	0x00006881	bounded_conflict			PRR_X	0x00006844	61	AHEAD_OF_PLAYER_P	0x0000691F	142	PRR_X
DRONES	DROP_COCONUTS	1524	700	29	1	0x00006887	bounded_conflict			PRR_X	0x00006844	67	AHEAD_OF_PLAYER_P	0x0000691F	136	PRR_X
DRONES	NSND1	1558	729	29	1	0x000068A4	bounded_conflict			PRR_X	0x00006844	96	AHEAD_OF_PLAYER_P	0x0000691F	107	PRR_X
DRONES	DROPLP	1592	758	36	1	0x000068C1	bounded_conflict			PRR_X	0x00006844	125	AHEAD_OF_PLAYER_P	0x0000691F	78	AHEAD_OF_PLAYER_P
DRONES	NOTINITIAL	1640	794	8	1	0x000068E5	bounded_conflict			PRR_X	0x00006844	161	AHEAD_OF_PLAYER_P	0x0000691F	42	AHEAD_OF_PLAYER_P
DRONES	LLKK	1651	802	20	1	0x000068ED	bounded_conflict			PRR_X	0x00006844	169	AHEAD_OF_PLAYER_P	0x0000691F	34	AHEAD_OF_PLAYER_P
DRONES	FRSL	1680	822	3	1	0x00006901	bounded_conflict			PRR_X	0x00006844	189	AHEAD_OF_PLAYER_P	0x0000691F	14	AHEAD_OF_PLAYER_P
DRONES	HOLDTOSLEEP	1683	825	5	1	0x00006904	bounded_conflict			PRR_X	0x00006844	192	AHEAD_OF_PLAYER_P	0x0000691F	11	AHEAD_OF_PLAYER_P
DRONES	DROPCOCOKILL	1689	830	6	1	0x00006909	bounded_conflict			PRR_X	0x00006844	197	AHEAD_OF_PLAYER_P	0x0000691F	6	AHEAD_OF_PLAYER_P
DRONES	AHEAD_OF_PLAYER_P	1770	836	29	1	0x0000691F	known	AHEAD_OF_PLAYER_P	0x0000691F	AHEAD_OF_PLAYER_P	0x0000691F	0	AHEAD_OF_PLAYER_P	0x0000691F	0	AHEAD_OF_PLAYER_P
DRONES	ISBEHIND	1808	865	5	1	0x0000693C	known	ISBEHIND@DRONES	0x0000693C	ISBEHIND	0x0000693C	0	ISBEHIND	0x0000693C	0	ISBEHIND
DRONES	AHEADOF	1814	870	5	1	0x00006941	known	AHEADOF@DRONES	0x00006941	AHEADOF	0x00006941	0	AHEADOF	0x00006941	0	AHEADOF
EFFECTS	SCREENWIPE_OPEN	60	0	6	1	0x0000B09F	known	SCREENWIPE_OPEN	0x0000B09F	SCREENWIPE_OPEN	0x0000B09F	0	SCREENWIPE_OPEN	0x0000B09F	0	SCREENWIPE_OPEN
EFFECTS	SCREENWIPE_CLOSE	69	6	6	1	0x0000B0A5	forward_extrapolated			SCREENWIPE_OPEN	0x0000B09F	6				SCREENWIPE_OPEN
EFFECTS	SCREENWIPE_OPEN_PRC_FAST	78	12	3	1	0x0000B0AB	forward_extrapolated			SCREENWIPE_OPEN	0x0000B09F	12				SCREENWIPE_OPEN
EFFECTS	SCREENWIPE_OPEN_PRC	86	15	2	1	0x0000B0AE	forward_extrapolated			SCREENWIPE_OPEN	0x0000B09F	15				SCREENWIPE_OPEN
EFFECTS	L55	91	17	7	1	0x0000B0B0	forward_extrapolated			SCREENWIPE_OPEN	0x0000B09F	17				SCREENWIPE_OPEN
EFFECTS	SWCL1	101	24	79	1	0x0000B0B7	forward_extrapolated			SCREENWIPE_OPEN	0x0000B09F	24				SCREENWIPE_OPEN
EFFECTS	SCREENWIPE_CLOSE_PRC	217	103	5	1	0x0000B106	forward_extrapolated			SCREENWIPE_OPEN	0x0000B09F	103				SCREENWIPE_OPEN
EFFECTS	SWCL1C	229	108	65	1	0x0000B10B	forward_extrapolated			SCREENWIPE_OPEN	0x0000B09F	108				SCREENWIPE_OPEN
EFFECTS	GET_EFFECTS_OBJS	327	173	70	1	0x0000B14C	forward_extrapolated			SCREENWIPE_OPEN	0x0000B09F	173				SCREENWIPE_OPEN
EFFECTS	MEMCPY	428	243	6	1	0x0000B192	forward_extrapolated			SCREENWIPE_OPEN	0x0000B09F	243				SCREENWIPE_OPEN
EFFECTS	MEMCPYL	436	249	5	1	0x0000B198	forward_extrapolated			SCREENWIPE_OPEN	0x0000B09F	249				SCREENWIPE_OPEN
ERROR	ERROR_LOG	62	0	79	1	0x0000AB4A	known	ERROR_LOG	0x0000AB4A	ERROR_LOG	0x0000AB4A	0	ERROR_LOG	0x0000AB4A	0	ERROR_LOG
ERROR	ERROR_X	157	79	16	1	0x0000AB99	known	ERROR_X@ERROR	0x0000AB99	ERROR_X	0x0000AB99	0	ERROR_X	0x0000AB99	0	ERROR_X
ERROR	ERROR_LOG_DISPLAY	186	95	19	1	0x0000ABA9	known	ERROR_LOG_DISPLAY	0x0000ABA9	ERROR_LOG_DISPLAY	0x0000ABA9	0	ERROR_LOG_DISPLAY	0x0000ABA9	0	ERROR_LOG_DISPLAY
ERROR	ERRLOG_D	200	114	4	1	0x0000ABBC	known	ERRLOG_D@ERROR	0x0000ABBC	ERRLOG_D	0x0000ABBC	0	ERRLOG_D	0x0000ABBC	0	ERRLOG_D
ERROR	NEXT_PAGE	206	118	17	1	0x0000ABC0	known	NEXT_PAGE@ERROR	0x0000ABC0	NEXT_PAGE	0x0000ABC0	0	NEXT_PAGE	0x0000ABC0	0	NEXT_PAGE
ERROR	ERRLOG_D2	218	135	3	1	0x0000ABD1	known	ERRLOG_D2@ERROR	0x0000ABD1	ERRLOG_D2	0x0000ABD1	0	ERRLOG_D2	0x0000ABD1	0	ERRLOG_D2
ERROR	BIGLOOP	223	138	21	1	0x0000ABD4	known	BIGLOOP@ERROR	0x0000ABD4	BIGLOOP	0x0000ABD4	0	BIGLOOP	0x0000ABD4	0	BIGLOOP
ERROR	ONE_LOG	271	167	16	1	0x0000ABF1	bounded_ok			BIGLOOP	0x0000ABD4	29	ION	0x0000AC01	16	ION
ERROR	ION	293	183	7	1	0x0000AC01	known	ION@ERROR	0x0000AC01	ION	0x0000AC01	0	ION	0x0000AC01	0	ION
ERROR	LLPPT	306	190	15	1	0x0000AC08	known	LLPPT@ERROR	0x0000AC08	LLPPT	0x0000AC08	0	LLPPT	0x0000AC08	0	LLPPT
ERROR	NOCLEAR	327	205	9	1	0x0000AC17	known	NOCLEAR@ERROR	0x0000AC17	NOCLEAR	0x0000AC17	0	NOCLEAR	0x0000AC17	0	NOCLEAR
ERROR	NOT_NEXT_PAGE	340	214	3	1	0x0000AC20	known	NOT_NEXT_PAGE@ERROR	0x0000AC20	NOT_NEXT_PAGE	0x0000AC20	0	NOT_NEXT_PAGE	0x0000AC20	0	NOT_NEXT_PAGE
ERROR	BOOKX2	347	217	5	1	0x0000AC23	known	BOOKX2@ERROR	0x0000AC23	BOOKX2	0x0000AC23	0	BOOKX2	0x0000AC23	0	BOOKX2
ERROR	BOOKX	354	222	4	1	0x0000AC28	known	BOOKX@ERROR	0x0000AC28	BOOKX	0x0000AC28	0	BOOKX	0x0000AC28	0	BOOKX
FLAME	FLAME_PRC	45	0	47	1	0x0000ADC3	backward_extrapolated						FLAMESORT	0x0000AE35	114	FLAMESORT
FLAME	FLAME_ANI_LOOP	104	47	23	1	0x0000ADF2	backward_extrapolated						FLAMESORT	0x0000AE35	67	FLAMESORT
FLAME	FLAME_ANIX	131	70	6	1	0x0000AE09	backward_extrapolated						FLAMESORT	0x0000AE35	44	FLAMESORT
FLAME	FLAME_DIE	140	76	1	1	0x0000AE0F	backward_extrapolated						FLAMESORT	0x0000AE35	38	FLAMESORT
FLAME	set_frame	155	77	37	1	0x0000AE10	backward_extrapolated						FLAMESORT	0x0000AE35	37	FLAMESORT
FLAME	FLAMESORT	206	114	3	1	0x0000AE35	known	FLAMESORT	0x0000AE35	FLAMESORT	0x0000AE35	0	FLAMESORT	0x0000AE35	0	FLAMESORT
FLAME	FLMSORT_LOOP	210	117	22	1	0x0000AE38	bounded_ok			FLAMESORT	0x0000AE35	3	FLMSORTX	0x0000AE4E	22	FLAMESORT
FLAME	FLMSORTX	238	139	1	1	0x0000AE4E	known	FLMSORTX@FLAME	0x0000AE4E	FLMSORTX	0x0000AE4E	0	FLMSORTX	0x0000AE4E	0	FLMSORTX
FLAME	GETCARBODY	249	140	1	1	0x0000AE4F	known	GETCARBODY	0x0000AE4F	GETCARBODY	0x0000AE4F	0	GETCARBODY	0x0000AE4F	0	GETCARBODY
FLAME	FBLOOP	252	141	5	1	0x0000AE50	known	FBLOOP@FLAME	0x0000AE50	FBLOOP	0x0000AE50	0	FBLOOP	0x0000AE50	0	FBLOOP
FLAME	FOUND_BODY	258	146	2	1	0x0000AE55	known	FOUND_BODY@FLAME	0x0000AE55	FOUND_BODY	0x0000AE55	0	FOUND_BODY	0x0000AE55	0	FOUND_BODY
FLAME	FIND_NEXT_OBJ	262	148	4	1	0x0000AE57	known	FIND_NEXT_OBJ	0x0000AE57	FIND_NEXT_OBJ	0x0000AE57	0	FIND_NEXT_OBJ	0x0000AE57	0	FIND_NEXT_OBJ
FLAME	OFN	269	152	7	1	0x0000AE5B	known	OFN@FLAME	0x0000AE5B	OFN	0x0000AE5B	0	OFN	0x0000AE5B	0	OFN
FLAME	OFNX	276	159	4	1	0x0000AE62	known	OFNX@FLAME	0x0000AE62	OFNX	0x0000AE62	0	OFNX	0x0000AE62	0	OFNX
FLAME	OFNX1	281	163	4	1	0x0000AE66	known	OFNX1@FLAME	0x0000AE66	OFNX1	0x0000AE66	0	OFNX1	0x0000AE66	0	OFNX1
FONT1A	ENABLEGIE	34	0	1	1	0x0000A75C	known	ENABLEGIE	0x0000A75C	ENABLEGIE	0x0000A75C	0	ENABLEGIE	0x0000A75C	0	ENABLEGIE
FONT1A	_ftoa	41	1	27	1	0x0000A75D	bounded_conflict			ENABLEGIE	0x0000A75C	1	_itoaLZ	0x0000A779	27	ENABLEGIE
FONT1A	_itoaLZ	85	28	20	1	0x0000A779	known	_itoaLZ	0x0000A779	_itoaLZ	0x0000A779	0	_itoaLZ	0x0000A779	0	_itoaLZ
FONT1A	_itoa	110	48	17	1	0x0000A78D	known	_itoa	0x0000A78D	_itoa	0x0000A78D	0	_itoa	0x0000A78D	0	_itoa
FONT1A	itoa1	132	65	16	1	0x0000A79E	known	itoa1@FONT1A	0x0000A79E	itoa1	0x0000A79E	0	itoa1	0x0000A79E	0	itoa1
FONT1A	NOLEADINGZERO	152	81	6	1	0x0000A7AE	known	NOLEADINGZERO@FONT1A	0x0000A7AE	NOLEADINGZERO	0x0000A7AE	0	NOLEADINGZERO	0x0000A7AE	0	NOLEADINGZERO
FONT1A	LOOP2	163	87	9	1	0x0000A7B4	known	LOOP2@FONT1A	0x0000A7B4	LOOP2	0x0000A7B4	0	LOOP2	0x0000A7B4	0	LOOP2
FONT1A	DALOP	173	96	7	1	0x0000A7BD	known	DALOP@FONT1A	0x0000A7BD	DALOP	0x0000A7BD	0	DALOP	0x0000A7BD	0	DALOP
FONT1A	itoaX	183	103	11	1	0x0000A7C4	known	itoaX@FONT1A	0x0000A7C4	itoaX	0x0000A7C4	0	itoaX	0x0000A7C4	0	itoaX
FONT1A	ISZERO2	196	114	4	1	0x0000A7CF	bounded_ok			itoaX	0x0000A7C4	11	HEX2ASC	0x0000A7D7	8	HEX2ASC
FONT1A	ISZERO	203	118	4	1	0x0000A7D3	bounded_ok			itoaX	0x0000A7C4	15	HEX2ASC	0x0000A7D7	4	HEX2ASC
FONT1A	HEX2ASC	221	122	13	1	0x0000A7D7	known	HEX2ASC	0x0000A7D7	HEX2ASC	0x0000A7D7	0	HEX2ASC	0x0000A7D7	0	HEX2ASC
FONT1A	htoa1	240	135	6	1	0x0000A7E4	known	htoa1@FONT1A	0x0000A7E4	htoa1	0x0000A7E4	0	htoa1	0x0000A7E4	0	htoa1
FONT1A	DDJ	247	141	1	1	0x0000A7EA	known	DDJ@FONT1A	0x0000A7EA	DDJ	0x0000A7EA	0	DDJ	0x0000A7EA	0	DDJ
FONT1A	JJK	249	142	6	1	0x0000A7EB	known	JJK@FONT1A	0x0000A7EB	JJK	0x0000A7EB	0	JJK	0x0000A7EB	0	JJK
FONT1A	LOOP2H	257	148	9	1	0x0000A7F1	known	LOOP2H@FONT1A	0x0000A7F1	LOOP2H	0x0000A7F1	0	LOOP2H	0x0000A7F1	0	LOOP2H
FONT1A	HDALOP	267	157	7	1	0x0000A7FA	known	HDALOP@FONT1A	0x0000A7FA	HDALOP	0x0000A7FA	0	HDALOP	0x0000A7FA	0	HDALOP
FONT1A	htoaX	277	164	11	1	0x0000A801	known	htoaX@FONT1A	0x0000A801	htoaX	0x0000A801	0	htoaX	0x0000A801	0	htoaX
FONT1A	ISZEROH	289	175	4	1	0x0000A80C	bounded_ok			htoaX	0x0000A801	11	_fill	0x0000A810	4	_fill
FONT1A	_fill	313	179	1	1	0x0000A810	known	_fill	0x0000A810	_fill	0x0000A810	0	_fill	0x0000A810	0	_fill
FONT1A	FILLLP1	315	180	14	1	0x0000A811	known	FILLLP1@FONT1A	0x0000A811	FILLLP1	0x0000A811	0	FILLLP1	0x0000A811	0	FILLLP1
FONT1A	_outtextxyc	350	194	4	1	0x0000A81F	known	_outtextxyc	0x0000A81F	_outtextxyc	0x0000A81F	0	_outtextxyc	0x0000A81F	0	_outtextxyc
FONT1A	OLP	356	198	4	1	0x0000A823	known	OLP@FONT1A	0x0000A823	OLP	0x0000A823	0	OLP	0x0000A823	0	OLP
FONT1A	REGLP	360	202	12	1	0x0000A827	known	REGLP@FONT1A	0x0000A827	REGLP	0x0000A827	0	REGLP	0x0000A827	0	REGLP
FONT1A	OUTRLP	377	214	3	1	0x0000A833	known	OUTRLP@FONT1A	0x0000A833	OUTRLP	0x0000A833	0	OUTRLP	0x0000A833	0	OUTRLP
FONT1A	LOOP1	381	217	12	1	0x0000A836	known	LOOP1@FONT1A	0x0000A836	LOOP1	0x0000A836	0	LOOP1	0x0000A836	0	LOOP1
FONT1A	NPLOT	398	229	8	1	0x0000A842	known	NPLOT@FONT1A	0x0000A842	NPLOT	0x0000A842	0	NPLOT	0x0000A842	0	NPLOT
FONT1A	NXTCHAR	409	237	2	1	0x0000A84A	known	NXTCHAR@FONT1A	0x0000A84A	NXTCHAR	0x0000A84A	0	NXTCHAR	0x0000A84A	0	NXTCHAR
FONT1A	oucX	412	239	3	1	0x0000A84C	known	oucX@FONT1A	0x0000A84C	oucX	0x0000A84C	0	oucX	0x0000A84C	0	oucX
FONT1A	_pixel	436	242	28	1	0x0000A84F	known	_pixel	0x0000A84F	_pixel	0x0000A84F	0	_pixel	0x0000A84F	0	_pixel
HPMATH	_HPsin	18	0	16	1	0x0000B04A	known	_HPsin	0x0000B04A	_HPsin	0x0000B04A	0	_HPsin	0x0000B04A	0	_HPsin
HPMATH	LL3	51	16	22	1	0x0000B05A	known	LL3@HPMATH	0x0000B05A	LL3	0x0000B05A	0	LL3	0x0000B05A	0	LL3
HPMATH	_HPcos	89	40	39	1	0x0000B072	known	_HPcos	0x0000B072	_HPcos	0x0000B072	0	_HPcos	0x0000B072	0	_HPcos
HSTDP	ENTER_INITIALS	108	0	6	1	0x000031A6	backward_extrapolated						INSERT_INITS	0x000032DD	311	INSERT_INITS
HSTDP	GOODENOUGH	112	6	4	1	0x000031AC	backward_extrapolated						INSERT_INITS	0x000032DD	305	INSERT_INITS
HSTDP	MSLP2	119	10	5	1	0x000031B0	backward_extrapolated						INSERT_INITS	0x000032DD	301	INSERT_INITS
HSTDP	MSLP3	125	15	3	1	0x000031B5	backward_extrapolated						INSERT_INITS	0x000032DD	296	INSERT_INITS
HSTDP	MSLPX	128	18	125	1	0x000031B8	backward_extrapolated						INSERT_INITS	0x000032DD	293	INSERT_INITS
HSTDP	EIML	293	143	10	1	0x00003235	backward_extrapolated						INSERT_INITS	0x000032DD	168	INSERT_INITS
HSTDP	TOSLP2	306	153	3	1	0x0000323F	backward_extrapolated						INSERT_INITS	0x000032DD	158	INSERT_INITS
HSTDP	TOSLP3	310	156	34	1	0x00003242	backward_extrapolated						INSERT_INITS	0x000032DD	155	INSERT_INITS
HSTDP	EMIL1	353	190	1	1	0x00003264	backward_extrapolated						INSERT_INITS	0x000032DD	121	INSERT_INITS
HSTDP	EMIL1A	355	191	11	1	0x00003265	backward_extrapolated						INSERT_INITS	0x000032DD	120	INSERT_INITS
HSTDP	TRIGPOTCHK	375	202	5	1	0x00003270	backward_extrapolated						INSERT_INITS	0x000032DD	109	INSERT_INITS
HSTDP	DOTRIG	386	207	4	1	0x00003275	backward_extrapolated						INSERT_INITS	0x000032DD	104	INSERT_INITS
HSTDP	DT1	391	211	16	1	0x00003279	backward_extrapolated						INSERT_INITS	0x000032DD	100	INSERT_INITS
HSTDP	DORUB	412	227	6	1	0x00003289	backward_extrapolated						INSERT_INITS	0x000032DD	84	INSERT_INITS
HSTDP	NOTBCKSPC	425	233	18	1	0x0000328F	backward_extrapolated						INSERT_INITS	0x000032DD	78	INSERT_INITS
HSTDP	NOTRIG	459	251	5	1	0x000032A1	backward_extrapolated						INSERT_INITS	0x000032DD	60	INSERT_INITS
HSTDP	DONE_ENTRY	465	256	4	1	0x000032A6	backward_extrapolated						INSERT_INITS	0x000032DD	55	INSERT_INITS
HSTDP	DE1	470	260	8	1	0x000032AA	backward_extrapolated						INSERT_INITS	0x000032DD	51	INSERT_INITS
HSTDP	ENTERTEXT	481	268	12	1	0x000032B2	backward_extrapolated						INSERT_INITS	0x000032DD	43	INSERT_INITS
HSTDP	ET0	496	280	3	1	0x000032BE	backward_extrapolated						INSERT_INITS	0x000032DD	31	INSERT_INITS
HSTDP	CREATE_ENTERTEXT	504	283	6	1	0x000032C1	backward_extrapolated						INSERT_INITS	0x000032DD	28	INSERT_INITS
HSTDP	MAKE_CENTER	513	289	9	1	0x000032C7	backward_extrapolated						INSERT_INITS	0x000032DD	22	INSERT_INITS
HSTDP	HSTD_TIMER	521	298	13	1	0x000032D0	backward_extrapolated						INSERT_INITS	0x000032DD	13	INSERT_INITS
HSTDP	INSERT_INITS	536	311	10	1	0x000032DD	known	INSERT_INITS@HSTDP	0x000032DD	INSERT_INITS	0x000032DD	0	INSERT_INITS	0x000032DD	0	INSERT_INITS
HSTDP	INTO_TABLE_P	554	321	16	1	0x000032E7	known	INTO_TABLE_P	0x000032E7	INTO_TABLE_P	0x000032E7	0	INTO_TABLE_P	0x000032E7	0	INTO_TABLE_P
HSTDP	ITP1	576	337	2	1	0x000032F7	known	ITP1@HSTDP	0x000032F7	ITP1	0x000032F7	0	ITP1	0x000032F7	0	ITP1
HSTDP	ITP2	579	339	2	1	0x000032F9	known	ITP2@HSTDP	0x000032F9	ITP2	0x000032F9	0	ITP2	0x000032F9	0	ITP2
HSTDP	CHECK_FIRST_TIME	587	341	6	1	0x000032FB	bounded_ok			ITP2	0x000032F9	2	NOT_FIRST_TIME	0x00003301	6	ITP2
HSTDP	NOT_FIRST_TIME	594	347	5	1	0x00003301	known	NOT_FIRST_TIME@HSTDP	0x00003301	NOT_FIRST_TIME	0x00003301	0	NOT_FIRST_TIME	0x00003301	0	NOT_FIRST_TIME
HSTDP	NFTLP	601	352	6	1	0x00003306	known	NFTLP@HSTDP	0x00003306	NFTLP	0x00003306	0	NFTLP	0x00003306	0	NFTLP
HSTDP	NFTX	608	358	2	1	0x0000330C	known	NFTX@HSTDP	0x0000330C	NFTX	0x0000330C	0	NFTX	0x0000330C	0	NFTX
HSTDP	CALC_TOTAL_ELAPSED	622	360	6	1	0x0000330E	known	CALC_TOTAL_ELAPSED@HSTDP	0x0000330E	CALC_TOTAL_ELAPSED	0x0000330E	0	CALC_TOTAL_ELAPSED	0x0000330E	0	CALC_TOTAL_ELAPSED
HSTDP	CTELP	629	366	7	1	0x00003314	bounded_ok			CALC_TOTAL_ELAPSED	0x0000330E	6	CTEX	0x0000331B	7	CALC_TOTAL_ELAPSED
HSTDP	CTEX	637	373	4	1	0x0000331B	known	CTEX@HSTDP	0x0000331B	CTEX	0x0000331B	0	CTEX	0x0000331B	0	CTEX
HSTDP	PRESS_CODE_ENTRY	661	377	18	1	0x0000331F	bounded_ok			CTEX	0x0000331B	4	NOINS0	0x00003331	18	CTEX
HSTDP	NOINS0	682	395	14	1	0x00003331	known	NOINS0@HSTDP	0x00003331	NOINS0	0x00003331	0	NOINS0	0x00003331	0	NOINS0
HSTDP	NOINS1	698	409	12	1	0x0000333F	known	NOINS1@HSTDP	0x0000333F	NOINS1	0x0000333F	0	NOINS1	0x0000333F	0	NOINS1
HSTDP	NOINS2	711	421	6	1	0x0000334B	known	NOINS2@HSTDP	0x0000334B	NOINS2	0x0000334B	0	NOINS2	0x0000334B	0	NOINS2
HSTDP	PAPA35	718	427	8	1	0x00003351	bounded_ok			NOINS2	0x0000334B	6	PAPA35X	0x00003359	8	NOINS2
HSTDP	PAPA35X	725	435	3	1	0x00003359	known	PAPA35X@HSTDP	0x00003359	PAPA35X	0x00003359	0	PAPA35X	0x00003359	0	PAPA35X
HSTDP	PRESS_CODE	731	438	46	1	0x0000335C	bounded_ok			PAPA35X	0x00003359	3	PRA0	0x0000338A	46	PAPA35X
HSTDP	PRA0	792	484	6	1	0x0000338A	known	PRA0@HSTDP	0x0000338A	PRA0	0x0000338A	0	PRA0	0x0000338A	0	PRA0
HSTDP	PRA	799	490	30	1	0x00003390	known	PRA@HSTDP	0x00003390	PRA	0x00003390	0	PRA	0x00003390	0	PRA
HSTDP	PRA1	838	520	5	1	0x000033AE	known	PRA1@HSTDP	0x000033AE	PRA1	0x000033AE	0	PRA1	0x000033AE	0	PRA1
HSTDP	PRA2	844	525	14	1	0x000033B3	known	PRA2@HSTDP	0x000033B3	PRA2	0x000033B3	0	PRA2	0x000033B3	0	PRA2
HSTDP	PR0A	868	539	6	1	0x000033C1	known	PR0A@HSTDP	0x000033C1	PR0A	0x000033C1	0	PR0A	0x000033C1	0	PR0A
HSTDP	PR0A2	875	545	4	1	0x000033C7	known	PR0A2@HSTDP	0x000033C7	PR0A2	0x000033C7	0	PR0A2	0x000033C7	0	PR0A2
HSTDP	PR0	882	549	23	1	0x000033CB	known	PR0@HSTDP	0x000033CB	PR0	0x000033CB	0	PR0	0x000033CB	0	PR0
HSTDP	PR1	918	572	9	1	0x000033E2	known	PR1@HSTDP	0x000033E2	PR1	0x000033E2	0	PR1	0x000033E2	0	PR1
HSTDP	PR1A1	927	581	5	1	0x000033EB	known	PR1A1@HSTDP	0x000033EB	PR1A1	0x000033EB	0	PR1A1	0x000033EB	0	PR1A1
HSTDP	PR1A2	933	586	5	1	0x000033F0	known	PR1A2@HSTDP	0x000033F0	PR1A2	0x000033F0	0	PR1A2	0x000033F0	0	PR1A2
HSTDP	PR1A3	939	591	1	1	0x000033F5	known	PR1A3@HSTDP	0x000033F5	PR1A3	0x000033F5	0	PR1A3	0x000033F5	0	PR1A3
HSTDP	PR1A	942	592	24	1	0x000033F6	bounded_ok			PR1A3	0x000033F5	1	PR1ZZZ	0x0000340E	24	PR1A3
HSTDP	PR1ZZZ	978	616	1	1	0x0000340E	known	PR1ZZZ@HSTDP	0x0000340E	PR1ZZZ	0x0000340E	0	PR1ZZZ	0x0000340E	0	PR1ZZZ
HSTDP	PR2	980	617	21	1	0x0000340F	known	PR2@HSTDP	0x0000340F	PR2	0x0000340F	0	PR2	0x0000340F	0	PR2
HSTDP	PR2A	1012	638	2	1	0x00003424	known	PR2A@HSTDP	0x00003424	PR2A	0x00003424	0	PR2A	0x00003424	0	PR2A
HSTDP	ROT_FRAMES	1017	640	9	1	0x00003426	bounded_ok			PR2A	0x00003424	2	PR2A1	0x0000345F	57	PR2A
HSTDP	PR2AA	1029	649	45	1	0x0000342F	bounded_ok			PR2A	0x00003424	11	PR2A1	0x0000345F	48	PR2A
HSTDP	zoomout_stop	1092	694	3	1	0x0000345C	bounded_ok			PR2A	0x00003424	56	PR2A1	0x0000345F	3	PR2A1
HSTDP	PR2A1	1097	697	51	1	0x0000345F	known	PR2A1@HSTDP	0x0000345F	PR2A1	0x0000345F	0	PR2A1	0x0000345F	0	PR2A1
HSTDP	PR2A2	1178	748	5	1	0x00003492	known	PR2A2@HSTDP	0x00003492	PR2A2	0x00003492	0	PR2A2	0x00003492	0	PR2A2
HSTDP	PR2A3	1187	753	36	1	0x00003497	known	PR2A3@HSTDP	0x00003497	PR2A3	0x00003497	0	PR2A3	0x00003497	0	PR2A3
HSTDP	PLACE_ENDRADX	1235	789	3	1	0x000034BB	bounded_ok			PR2A3	0x00003497	36	PR3A	0x000034DC	33	PR3A
HSTDP	PR3	1246	792	30	1	0x000034BE	bounded_ok			PR2A3	0x00003497	39	PR3A	0x000034DC	30	PR3A
HSTDP	PR3A	1279	822	45	1	0x000034DC	known	PR3A@HSTDP	0x000034DC	PR3A	0x000034DC	0	PR3A	0x000034DC	0	PR3A
HSTDP	PR3B	1332	867	13	1	0x00003509	known	PR3B@HSTDP	0x00003509	PR3B	0x00003509	0	PR3B	0x00003509	0	PR3B
HSTDP	PR3BA	1352	880	5	1	0x00003516	known	PR3BA@HSTDP	0x00003516	PR3BA	0x00003516	0	PR3BA	0x00003516	0	PR3BA
HSTDP	PR4A	1365	885	14	1	0x0000351B	known	PR4A@HSTDP	0x0000351B	PR4A	0x0000351B	0	PR4A	0x0000351B	0	PR4A
HSTDP	PR5A	1382	899	19	1	0x00003529	known	PR5A@HSTDP	0x00003529	PR5A	0x00003529	0	PR5A	0x00003529	0	PR5A
HSTDP	PRESS_CODEX	1412	918	4	1	0x0000353C	bounded_ok			PR5A	0x00003529	19	PRESSCODEX2	0x00003540	4	PRESSCODEX2
HSTDP	PRESSCODEX2	1419	922	29	1	0x00003540	known	PRESSCODEX2@HSTDP	0x00003540	PRESSCODEX2	0x00003540	0	PRESSCODEX2	0x00003540	0	PRESSCODEX2
HSTDP	INIT_PRESS_OBJECTS	1470	951	18	1	0x0000355D	bounded_ok			PRESSCODEX2	0x00003540	29	FPO	0x0000356F	18	FPO
HSTDP	FPO	1491	969	15	1	0x0000356F	known	FPO@HSTDP	0x0000356F	FPO	0x0000356F	0	FPO	0x0000356F	0	FPO
HSTDP	FPO1	1508	984	6	1	0x0000357E	known	FPO1@HSTDP	0x0000357E	FPO1	0x0000357E	0	FPO1	0x0000357E	0	FPO1
HSTDP	FPO1A	1516	990	8	1	0x00003584	known	FPO1A@HSTDP	0x00003584	FPO1A	0x00003584	0	FPO1A	0x00003584	0	FPO1A
HSTDP	FPO3	1526	998	4	1	0x0000358C	known	FPO3@HSTDP	0x0000358C	FPO3	0x0000358C	0	FPO3	0x0000358C	0	FPO3
HSTDP	FPO4	1531	1002	6	1	0x00003590	known	FPO4@HSTDP	0x00003590	FPO4	0x00003590	0	FPO4	0x00003590	0	FPO4
HSTDP	FPO6	1538	1008	1	1	0x00003596	known	FPO6@HSTDP	0x00003596	FPO6	0x00003596	0	FPO6	0x00003596	0	FPO6
HSTDP	FPLE	1544	1009	1	1	0x00003597	known	FPLE@HSTDP	0x00003597	FPLE	0x00003597	0	FPLE	0x00003597	0	FPLE
HSTDP	FPOX	1546	1010	3	1	0x00003598	known	FPOX@HSTDP	0x00003598	FPOX	0x00003598	0	FPOX	0x00003598	0	FPOX
HSTDP	MAKE_NEW_MARQ	1554	1013	9	1	0x0000359B	known	MAKE_NEW_MARQ@HSTDP	0x0000359B	MAKE_NEW_MARQ	0x0000359B	0	MAKE_NEW_MARQ	0x0000359B	0	MAKE_NEW_MARQ
HSTDP	MOVE_PRESSB	1601	1022	32	1	0x000035A4	known	MOVE_PRESSB@HSTDP	0x000035A4	MOVE_PRESSB	0x000035A4	0	MOVE_PRESSB	0x000035A4	0	MOVE_PRESSB
HSTDP	MOVE_BIGLET_PRESS	1638	1054	34	1	0x000035C4	known	MOVE_BIGLET_PRESS@HSTDP	0x000035C4	MOVE_BIGLET_PRESS	0x000035C4	0	MOVE_BIGLET_PRESS	0x000035C4	0	MOVE_BIGLET_PRESS
HSTDP	MPB	1681	1088	15	1	0x000035E6	known	MPB@HSTDP	0x000035E6	MPB	0x000035E6	0	MPB	0x000035E6	0	MPB
HSTDP	POS_SCROLLB	1713	1103	18	1	0x000035F5	bounded_conflict			MPB	0x000035E6	15	ADJUST_ROLLERS	0x0000362E	19	MPB
HSTDP	POSBX	1732	1121	1	1	0x00003607	bounded_conflict			MPB	0x000035E6	33	ADJUST_ROLLERS	0x0000362E	1	ADJUST_ROLLERS
HSTDP	ADJUST_ROLLERS	1742	1122	4	1	0x0000362E	known	ADJUST_ROLLERS@HSTDP	0x0000362E	ADJUST_ROLLERS	0x0000362E	0	ADJUST_ROLLERS	0x0000362E	0	ADJUST_ROLLERS
HSTDP	ADJRL	1747	1126	20	1	0x00003632	known	ADJRL@HSTDP	0x00003632	ADJRL	0x00003632	0	ADJRL	0x00003632	0	ADJRL
HSTDP	FIND_ROLLER	1775	1146	6	1	0x00003646	known	FIND_ROLLER@HSTDP	0x00003646	FIND_ROLLER	0x00003646	0	FIND_ROLLER	0x00003646	0	FIND_ROLLER
HSTDP	FRL	1782	1152	11	1	0x0000364C	known	FRL@HSTDP	0x0000364C	FRL	0x0000364C	0	FRL	0x0000364C	0	FRL
HSTDP	SPIN_ROLLERS	1800	1163	2	1	0x00003657	known	SPIN_ROLLERS@HSTDP	0x00003657	SPIN_ROLLERS	0x00003657	0	SPIN_ROLLERS	0x00003657	0	SPIN_ROLLERS
HSTDP	SR0	1803	1165	16	1	0x00003659	known	SR0@HSTDP	0x00003659	SR0	0x00003659	0	SR0	0x00003659	0	SR0
HSTDP	MOVE_PLAYERS_LETTERS	1832	1181	15	1	0x00003669	known	MOVE_PLAYERS_LETTERS@HSTDP	0x00003669	MOVE_PLAYERS_LETTERS	0x00003669	0	MOVE_PLAYERS_LETTERS	0x00003669	0	MOVE_PLAYERS_LETTERS
HSTDP	MPL1	1850	1196	11	1	0x00003678	known	MPL1@HSTDP	0x00003678	MPL1	0x00003678	0	MPL1	0x00003678	0	MPL1
HSTDP	MPL2	1864	1207	2	1	0x00003683	known	MPL2@HSTDP	0x00003683	MPL2	0x00003683	0	MPL2	0x00003683	0	MPL2
HSTDP	MPLX	1867	1209	3	1	0x00003685	known	MPLX@HSTDP	0x00003685	MPLX	0x00003685	0	MPLX	0x00003685	0	MPLX
HSTDP	MAKE_PLAYERS_PLATE	1873	1212	13	1	0x00003688	known	MAKE_PLAYERS_PLATE@HSTDP	0x00003688	MAKE_PLAYERS_PLATE	0x00003688	0	MAKE_PLAYERS_PLATE	0x00003688	0	MAKE_PLAYERS_PLATE
HSTDP	INI_PLAYERS_BOLTS	1893	1225	4	1	0x00003695	known	INI_PLAYERS_BOLTS@HSTDP	0x00003695	INI_PLAYERS_BOLTS	0x00003695	0	INI_PLAYERS_BOLTS	0x00003695	0	INI_PLAYERS_BOLTS
HSTDP	IPB1	1898	1229	6	1	0x00003699	bounded_ok			INI_PLAYERS_BOLTS	0x00003695	4	IPBX	0x0000369F	6	INI_PLAYERS_BOLTS
HSTDP	IPBX	1905	1235	1	1	0x0000369F	known	IPBX@HSTDP	0x0000369F	IPBX	0x0000369F	0	IPBX	0x0000369F	0	IPBX
HSTDP	FLY_BOLT	1912	1236	3	1	0x000036A0	bounded_ok			IPBX	0x0000369F	1	OBJ_FIND	0x000036B3	19	IPBX
HSTDP	FBL	1916	1239	16	1	0x000036A3	bounded_ok			IPBX	0x0000369F	4	OBJ_FIND	0x000036B3	16	IPBX
HSTDP	OBJ_FIND	1955	1255	5	1	0x000036B3	known	OBJ_FIND@HSTDP	0x000036B3	OBJ_FIND	0x000036B3	0	OBJ_FIND	0x000036B3	0	OBJ_FIND
HSTDP	OFIND	1963	1260	9	1	0x000036B8	known	OFIND@HSTDP	0x000036B8	OFIND	0x000036B8	0	OFIND	0x000036B8	0	OFIND
HSTDP	O_FOUND	1972	1269	4	1	0x000036C1	known	O_FOUND@HSTDP	0x000036C1	O_FOUND	0x000036C1	0	O_FOUND	0x000036C1	0	O_FOUND
HSTDP	OH_NO	1977	1273	2	1	0x000036C5	known	OH_NO@HSTDP	0x000036C5	OH_NO	0x000036C5	0	OH_NO	0x000036C5	0	OH_NO
HSTDP	OBJ_FIND_NEXT	1991	1275	4	1	0x000036C7	known	OBJ_FIND_NEXT@HSTDP	0x000036C7	OBJ_FIND_NEXT	0x000036C7	0	OBJ_FIND_NEXT	0x000036C7	0	OBJ_FIND_NEXT
HSTDP	OFN	1998	1279	8	1	0x000036CB	known	OFN@HSTDP	0x000036CB	OFN	0x000036CB	0	OFN	0x000036CB	0	OFN
HSTDP	OFNX	2006	1287	4	1	0x000036D3	known	OFNX@HSTDP	0x000036D3	OFNX	0x000036D3	0	OFNX	0x000036D3	0	OFNX
HSTDP	OFNX1	2011	1291	4	1	0x000036D7	known	OFNX1@HSTDP	0x000036D7	OFNX1	0x000036D7	0	OFNX1	0x000036D7	0	OFNX1
HSTDP	OBJ_GFIND	2025	1295	5	1	0x000036DB	known	OBJ_GFIND@HSTDP	0x000036DB	OBJ_GFIND	0x000036DB	0	OBJ_GFIND	0x000036DB	0	OBJ_GFIND
HSTDP	OGFIND	2033	1300	8	1	0x000036E0	known	OGFIND@HSTDP	0x000036E0	OGFIND	0x000036E0	0	OGFIND	0x000036E0	0	OGFIND
HSTDP	O_GFOUND	2041	1308	4	1	0x000036E8	known	O_GFOUND@HSTDP	0x000036E8	O_GFOUND	0x000036E8	0	O_GFOUND	0x000036E8	0	O_GFOUND
HSTDP	OH_GNO	2046	1312	3	1	0x000036EC	known	OH_GNO@HSTDP	0x000036EC	OH_GNO	0x000036EC	0	OH_GNO	0x000036EC	0	OH_GNO
HSTDP	OBJ_GFIND_NEXT	2062	1315	4	1	0x000036EF	known	OBJ_GFIND_NEXT@HSTDP	0x000036EF	OBJ_GFIND_NEXT	0x000036EF	0	OBJ_GFIND_NEXT	0x000036EF	0	OBJ_GFIND_NEXT
HSTDP	OGFN	2069	1319	7	1	0x000036F3	known	OGFN@HSTDP	0x000036F3	OGFN	0x000036F3	0	OGFN	0x000036F3	0	OGFN
HSTDP	OGFNX	2076	1326	4	1	0x000036FA	known	OGFNX@HSTDP	0x000036FA	OGFNX	0x000036FA	0	OGFNX	0x000036FA	0	OGFNX
HSTDP	OGFNX1	2081	1330	4	1	0x000036FE	known	OGFNX1@HSTDP	0x000036FE	OGFNX1	0x000036FE	0	OGFNX1	0x000036FE	0	OGFNX1
HSTDP	OTAG0	2093	1334	6	1	0x00003702	known	OTAG0@HSTDP	0x00003702	OTAG0	0x00003702	0	OTAG0	0x00003702	0	OTAG0
HSTDP	OTAG1	2100	1340	5	1	0x00003708	known	OTAG1@HSTDP	0x00003708	OTAG1	0x00003708	0	OTAG1	0x00003708	0	OTAG1
HSTDP	OTAG	2106	1345	4	1	0x0000370D	known	OTAG@HSTDP	0x0000370D	OTAG	0x0000370D	0	OTAG	0x0000370D	0	OTAG
HSTDP	OTAGX	2111	1349	1	1	0x00003711	known	OTAGX@HSTDP	0x00003711	OTAGX	0x00003711	0	OTAGX	0x00003711	0	OTAGX
HSTDP	OBJ_TAGALL	2118	1350	5	1	0x00003712	known	OBJ_TAGALL@HSTDP	0x00003712	OBJ_TAGALL	0x00003712	0	OBJ_TAGALL	0x00003712	0	OBJ_TAGALL
HSTDP	OTA1	2124	1355	6	1	0x00003717	known	OTA1@HSTDP	0x00003717	OTA1	0x00003717	0	OTA1	0x00003717	0	OTA1
HSTDP	OTAX	2131	1361	1	1	0x0000371D	known	OTAX@HSTDP	0x0000371D	OTAX	0x0000371D	0	OTAX	0x0000371D	0	OTAX
HSTDP	OBJ_MOVY_GROUP	2140	1362	7	1	0x0000371E	known	OBJ_MOVY_GROUP@HSTDP	0x0000371E	OBJ_MOVY_GROUP	0x0000371E	0	OBJ_MOVY_GROUP	0x0000371E	0	OBJ_MOVY_GROUP
HSTDP	OMYG1	2149	1369	6	1	0x00003725	known	OMYG1@HSTDP	0x00003725	OMYG1	0x00003725	0	OMYG1	0x00003725	0	OMYG1
HSTDP	OMYG	2156	1375	3	1	0x0000372B	known	OMYG@HSTDP	0x0000372B	OMYG	0x0000372B	0	OMYG	0x0000372B	0	OMYG
HSTDP	OBJ_DEL_GROUP	2166	1378	4	1	0x0000372E	known	OBJ_DEL_GROUP@HSTDP	0x0000372E	OBJ_DEL_GROUP	0x0000372E	0	OBJ_DEL_GROUP	0x0000372E	0	OBJ_DEL_GROUP
HSTDP	ODG1	2171	1382	5	1	0x00003732	known	ODG1@HSTDP	0x00003732	ODG1	0x00003732	0	ODG1	0x00003732	0	ODG1
HSTDP	ODG	2177	1387	1	1	0x00003737	known	ODG@HSTDP	0x00003737	ODG	0x00003737	0	ODG	0x00003737	0	ODG
HSTDP	FIND_ALL_PLATES	2181	1388	4	1	0x00003738	known	FIND_ALL_PLATES@HSTDP	0x00003738	FIND_ALL_PLATES	0x00003738	0	FIND_ALL_PLATES	0x00003738	0	FIND_ALL_PLATES
HSTDP	FIND_PLATES	2196	1392	6	1	0x0000373C	known	FIND_PLATES@HSTDP	0x0000373C	FIND_PLATES	0x0000373C	0	FIND_PLATES	0x0000373C	0	FIND_PLATES
HSTDP	MP0	2204	1398	14	1	0x00003742	known	MP0@HSTDP	0x00003742	MP0	0x00003742	0	MP0	0x00003742	0	MP0
HSTDP	MP2	2226	1412	5	1	0x00003750	known	MP2@HSTDP	0x00003750	MP2	0x00003750	0	MP2	0x00003750	0	MP2
HSTDP	MP1	2234	1417	10	1	0x00003755	known	MP1@HSTDP	0x00003755	MP1	0x00003755	0	MP1	0x00003755	0	MP1
HSTDP	MAKE_NUMBERS	2258	1427	17	1	0x0000375F	bounded_ok			MP1	0x00003755	10	MAKE_TIME	0x00003788	41	MP1
HSTDP	MNLOOP	2280	1444	24	1	0x00003770	bounded_ok			MP1	0x00003755	27	MAKE_TIME	0x00003788	24	MAKE_TIME
HSTDP	MAKE_TIME	2323	1468	26	1	0x00003788	known	MAKE_TIME@HSTDP	0x00003788	MAKE_TIME	0x00003788	0	MAKE_TIME	0x00003788	0	MAKE_TIME
HSTDP	MTLOOP	2355	1494	6	1	0x000037A2	bounded_ok			MAKE_TIME	0x00003788	26	MT1	0x000037A8	6	MT1
HSTDP	MT1	2363	1500	4	1	0x000037A8	known	MT1@HSTDP	0x000037A8	MT1	0x000037A8	0	MT1	0x000037A8	0	MT1
HSTDP	MT2	2368	1504	4	1	0x000037AC	known	MT2@HSTDP	0x000037AC	MT2	0x000037AC	0	MT2	0x000037AC	0	MT2
HSTDP	MT3	2373	1508	18	1	0x000037B0	known	MT3@HSTDP	0x000037B0	MT3	0x000037B0	0	MT3	0x000037B0	0	MT3
HSTDP	FORMAT_NUM	2402	1526	3	1	0x000037C2	known	FORMAT_NUM@HSTDP	0x000037C2	FORMAT_NUM	0x000037C2	0	FORMAT_NUM	0x000037C2	0	FORMAT_NUM
HSTDP	FORMN_LOOP	2406	1529	3	1	0x000037C5	known	FORMN_LOOP@HSTDP	0x000037C5	FORMN_LOOP	0x000037C5	0	FORMN_LOOP	0x000037C5	0	FORMN_LOOP
HSTDP	FORMNA	2410	1532	13	1	0x000037C8	known	FORMNA@HSTDP	0x000037C8	FORMNA	0x000037C8	0	FORMNA	0x000037C8	0	FORMNA
HSTDP	FORMN	2424	1545	2	1	0x000037D5	known	FORMN@HSTDP	0x000037D5	FORMN	0x000037D5	0	FORMN	0x000037D5	0	FORMN
HSTDP	FN_PAD	2427	1547	4	1	0x000037D7	known	FN_PAD@HSTDP	0x000037D7	FN_PAD	0x000037D7	0	FN_PAD	0x000037D7	0	FN_PAD
HSTDP	FORMN1	2433	1551	9	1	0x000037DB	known	FORMN1@HSTDP	0x000037DB	FORMN1	0x000037DB	0	FORMN1	0x000037DB	0	FORMN1
HSTDP	FORMN2	2443	1560	1	1	0x000037E4	known	FORMN2@HSTDP	0x000037E4	FORMN2	0x000037E4	0	FORMN2	0x000037E4	0	FORMN2
HSTDP	FORMNX	2444	1561	1	1	0x000037E5	known	FORMNX@HSTDP	0x000037E5	FORMNX	0x000037E5	0	FORMNX	0x000037E5	0	FORMNX
HSTDP	CREATE_LETTERS	2455	1562	8	1	0x000037E6	known	CREATE_LETTERS@HSTDP	0x000037E6	CREATE_LETTERS	0x000037E6	0	CREATE_LETTERS	0x000037E6	0	CREATE_LETTERS
HSTDP	CRLLOOP	2466	1570	36	1	0x000037EE	known	CRLLOOP@HSTDP	0x000037EE	CRLLOOP	0x000037EE	0	CRLLOOP	0x000037EE	0	CRLLOOP
HSTDP	CRLX	2508	1606	1	1	0x00003812	known	CRLX@HSTDP	0x00003812	CRLX	0x00003812	0	CRLX	0x00003812	0	CRLX
HSTDP	ASCII_TO_OBJ	2511	1607	6	1	0x00003813	known	ASCII_TO_OBJ@HSTDP	0x00003813	ASCII_TO_OBJ	0x00003813	0	ASCII_TO_OBJ	0x00003813	0	ASCII_TO_OBJ
HSTDP	CRLL	2518	1613	2	1	0x00003819	known	CRLL@HSTDP	0x00003819	CRLL	0x00003819	0	CRLL	0x00003819	0	CRLL
HSTDP	CRL1	2521	1615	9	1	0x0000381B	known	CRL1@HSTDP	0x0000381B	CRL1	0x0000381B	0	CRL1	0x0000381B	0	CRL1
HSTDP	PRINT3D	2541	1624	4	1	0x00003824	known	PRINT3D@HSTDP	0x00003824	PRINT3D	0x00003824	0	PRINT3D	0x00003824	0	PRINT3D
HSTDP	PR3DFS	2546	1628	7	1	0x00003828	known	PR3DFS@HSTDP	0x00003828	PR3DFS	0x00003828	0	PR3DFS	0x00003828	0	PR3DFS
HSTDP	PR3DA	2554	1635	9	1	0x0000382F	known	PR3DA@HSTDP	0x0000382F	PR3DA	0x0000382F	0	PR3DA	0x0000382F	0	PR3DA
HSTDP	PR3DLOOP	2566	1644	29	1	0x00003838	known	PR3DLOOP@HSTDP	0x00003838	PR3DLOOP	0x00003838	0	PR3DLOOP	0x00003838	0	PR3DLOOP
HSTDP	PR3DNEXT	2605	1673	3	1	0x00003855	known	PR3DNEXT@HSTDP	0x00003855	PR3DNEXT	0x00003855	0	PR3DNEXT	0x00003855	0	PR3DNEXT
HSTDP	PR3DX	2609	1676	1	1	0x00003858	known	PR3DX@HSTDP	0x00003858	PR3DX	0x00003858	0	PR3DX	0x00003858	0	PR3DX
HSTDP	DISPLAY_HIGH_SCORES	2633	1677	16	1	0x00003859	bounded_ok			PR3DX	0x00003858	1	DHSLOOP	0x00003869	16	PR3DX
HSTDP	DHSLOOP	2657	1693	7	1	0x00003869	known	DHSLOOP@HSTDP	0x00003869	DHSLOOP	0x00003869	0	DHSLOOP	0x00003869	0	DHSLOOP
HSTDP	DHSWAIT	2670	1700	9	1	0x00003870	bounded_ok			DHSLOOP	0x00003869	7	DHSNOBUT	0x00003879	9	DHSLOOP
HSTDP	DHSNOBUT	2687	1709	7	1	0x00003879	known	DHSNOBUT@HSTDP	0x00003879	DHSNOBUT	0x00003879	0	DHSNOBUT	0x00003879	0	DHSNOBUT
HSTDP	DHSLOOPX	2697	1716	1	1	0x00003880	known	DHSLOOPX@HSTDP	0x00003880	DHSLOOPX	0x00003880	0	DHSLOOPX	0x00003880	0	DHSLOOPX
HSTDP	DHSNEXT	2699	1717	8	1	0x00003881	known	DHSNEXT@HSTDP	0x00003881	DHSNEXT	0x00003881	0	DHSNEXT	0x00003881	0	DHSNEXT
HSTDP	DISPLAY_HS	2710	1725	37	1	0x00003889	bounded_ok			DHSNEXT	0x00003881	8	DHS0	0x000038AE	37	DHSNEXT
HSTDP	DHS0	2760	1762	10	1	0x000038AE	known	DHS0@HSTDP	0x000038AE	DHS0	0x000038AE	0	DHS0	0x000038AE	0	DHS0
HSTDP	DHS1	2771	1772	19	1	0x000038B8	bounded_conflict			DHS0	0x000038AE	10	DELETE_PRESS_OBJECTS	0x000038F3	53	DHS0
HSTDP	FLASH_LETTERS_PROC	2805	1791	9	1	0x000038CB	bounded_conflict			DHS0	0x000038AE	29	DELETE_PRESS_OBJECTS	0x000038F3	34	DHS0
HSTDP	FLASH_LOOP	2816	1800	12	1	0x000038D4	bounded_conflict			DHS0	0x000038AE	38	DELETE_PRESS_OBJECTS	0x000038F3	25	DELETE_PRESS_OBJECTS
HSTDP	FLASH_LOCK	2829	1812	3	1	0x000038E0	bounded_conflict			DHS0	0x000038AE	50	DELETE_PRESS_OBJECTS	0x000038F3	13	DELETE_PRESS_OBJECTS
HSTDP	FLASH_LETTERS	2836	1815	5	1	0x000038E3	bounded_conflict			DHS0	0x000038AE	53	DELETE_PRESS_OBJECTS	0x000038F3	10	DELETE_PRESS_OBJECTS
HSTDP	FLASH_LP	2842	1820	4	1	0x000038E8	bounded_conflict			DHS0	0x000038AE	58	DELETE_PRESS_OBJECTS	0x000038F3	5	DELETE_PRESS_OBJECTS
HSTDP	FLASHX	2847	1824	1	1	0x000038EC	bounded_conflict			DHS0	0x000038AE	62	DELETE_PRESS_OBJECTS	0x000038F3	1	DELETE_PRESS_OBJECTS
HSTDP	DELETE_PRESS_OBJECTS	2857	1825	6	1	0x000038F3	known	DELETE_PRESS_OBJECTS@HSTDP	0x000038F3	DELETE_PRESS_OBJECTS	0x000038F3	0	DELETE_PRESS_OBJECTS	0x000038F3	0	DELETE_PRESS_OBJECTS
HSTDP	FIX_PLATES	2869	1831	5	1	0x000038F9	known	FIX_PLATES@HSTDP	0x000038F9	FIX_PLATES	0x000038F9	0	FIX_PLATES	0x000038F9	0	FIX_PLATES
HSTDP	FIXPL	2875	1836	7	1	0x000038FE	known	FIXPL@HSTDP	0x000038FE	FIXPL	0x000038FE	0	FIXPL	0x000038FE	0	FIXPL
HSTDP	FIXPL1	2884	1843	4	1	0x00003905	bounded_ok			FIXPL	0x000038FE	7	FIXPL2	0x00003909	4	FIXPL2
HSTDP	FIXPL2	2889	1847	3	1	0x00003909	known	FIXPL2@HSTDP	0x00003909	FIXPL2	0x00003909	0	FIXPL2	0x00003909	0	FIXPL2
HSTDP	FIXPL3	2893	1850	7	1	0x0000390C	known	FIXPL3@HSTDP	0x0000390C	FIXPL3	0x0000390C	0	FIXPL3	0x0000390C	0	FIXPL3
HSTDP	FLY_PLATES	2907	1857	4	1	0x00003913	known	FLY_PLATES@HSTDP	0x00003913	FLY_PLATES	0x00003913	0	FLY_PLATES	0x00003913	0	FLY_PLATES
HSTDP	FLPL	2912	1861	11	1	0x00003917	known	FLPL@HSTDP	0x00003917	FLPL	0x00003917	0	FLPL	0x00003917	0	FLPL
HSTDP	FLPL1	2925	1872	4	1	0x00003922	bounded_ok			FLPL	0x00003917	11	FLPL2	0x00003926	4	FLPL2
HSTDP	FLPL2	2930	1876	3	1	0x00003926	known	FLPL2@HSTDP	0x00003926	FLPL2	0x00003926	0	FLPL2	0x00003926	0	FLPL2
HSTDP	FLPL3	2934	1879	5	1	0x00003929	known	FLPL3@HSTDP	0x00003929	FLPL3	0x00003929	0	FLPL3	0x00003929	0	FLPL3
HSTDP	DISPLAY_HSTEXT	2945	1884	2	1	0x0000392E	known	DISPLAY_HSTEXT@HSTDP	0x0000392E	DISPLAY_HSTEXT	0x0000392E	0	DISPLAY_HSTEXT	0x0000392E	0	DISPLAY_HSTEXT
HSTDP	ENTER_HSTEXT	2948	1886	1	1	0x00003930	known	ENTER_HSTEXT@HSTDP	0x00003930	ENTER_HSTEXT	0x00003930	0	ENTER_HSTEXT	0x00003930	0	ENTER_HSTEXT
HSTDP	RACE_TEXT	2950	1887	8	1	0x00003931	known	RACE_TEXT@HSTDP	0x00003931	RACE_TEXT	0x00003931	0	RACE_TEXT	0x00003931	0	RACE_TEXT
HSTDP	INIT_LOGO	2964	1895	18	1	0x00003939	bounded_ok			RACE_TEXT	0x00003931	8	LOGOX	0x0000394B	18	RACE_TEXT
HSTDP	LOGOX	2983	1913	1	1	0x0000394B	known	LOGOX@HSTDP	0x0000394B	LOGOX	0x0000394B	0	LOGOX	0x0000394B	0	LOGOX
HSTDP	RBMATTR_CHECK	2995	1914	6	1	0x0000394C	bounded_ok			LOGOX	0x0000394B	1	RBMCX	0x00003952	6	LOGOX
HSTDP	RBMCX	3003	1920	1	1	0x00003952	known	RBMCX@HSTDP	0x00003952	RBMCX	0x00003952	0	RBMCX	0x00003952	0	RBMCX
HUD	MOVEIN_HUD_EQUIP	58	0	2	1	0x00009D0E	known	MOVEIN_HUD_EQUIP	0x00009D0E	MOVEIN_HUD_EQUIP	0x00009D0E	0	MOVEIN_HUD_EQUIP	0x00009D0E	0	MOVEIN_HUD_EQUIP
HUD	LIU8	62	2	6	1	0x00009D10	known	LIU8@HUD	0x00009D10	LIU8	0x00009D10	0	LIU8	0x00009D10	0	LIU8
HUD	M2L	69	8	1	1	0x00009D16	known	M2L@HUD	0x00009D16	M2L	0x00009D16	0	M2L	0x00009D16	0	M2L
HUD	MIHEL	70	9	9	1	0x00009D17	bounded_ok			M2L	0x00009D16	1	MOVEOUT_HUD_EQUIP	0x00009D20	9	M2L
HUD	MOVEOUT_HUD_EQUIP	86	18	1	1	0x00009D20	known	MOVEOUT_HUD_EQUIP	0x00009D20	MOVEOUT_HUD_EQUIP	0x00009D20	0	MOVEOUT_HUD_EQUIP	0x00009D20	0	MOVEOUT_HUD_EQUIP
HUD	MIHEL2	89	19	9	1	0x00009D21	bounded_ok			MOVEOUT_HUD_EQUIP	0x00009D20	1	HUD	0x00009D2A	9	MOVEOUT_HUD_EQUIP
HUD	HUD	110	28	10	1	0x00009D2A	known	HUD	0x00009D2A	HUD	0x00009D2A	0	HUD	0x00009D2A	0	HUD
HUD	NOMOTIONMSGS	156	51	22	1	0x00009D41	known	NOMOTIONMSGS@HUD	0x00009D41	NOMOTIONMSGS	0x00009D41	0	NOMOTIONMSGS	0x00009D41	0	NOMOTIONMSGS
HUD	NOTLOST	185	73	12	1	0x00009D57	known	NOTLOST@HUD	0x00009D57	NOTLOST	0x00009D57	0	NOTLOST	0x00009D57	0	NOTLOST
HUD	OFJN	194	85	13	1	0x00009D63	known	OFJN@HUD	0x00009D63	OFJN	0x00009D63	0	OFJN	0x00009D63	0	OFJN
HUD	NOT_OFFROAD	205	98	16	1	0x00009D70	known	NOT_OFFROAD@HUD	0x00009D70	NOT_OFFROAD	0x00009D70	0	NOT_OFFROAD	0x00009D70	0	NOT_OFFROAD
HUD	ISAUTOTRNS	232	114	6	1	0x00009D80	known	ISAUTOTRNS@HUD	0x00009D80	ISAUTOTRNS	0x00009D80	0	ISAUTOTRNS	0x00009D80	0	ISAUTOTRNS
HUD	DNDNL	239	120	11	1	0x00009D86	known	DNDNL@HUD	0x00009D86	DNDNL	0x00009D86	0	DNDNL	0x00009D86	0	DNDNL
HUD	ISMPHT	293	148	6	1	0x00009DA2	known	ISMPHT@HUD	0x00009DA2	ISMPHT	0x00009DA2	0	ISMPHT	0x00009DA2	0	ISMPHT
HUD	ISDNN	301	154	37	1	0x00009DA8	known	ISDNN@HUD	0x00009DA8	ISDNN	0x00009DA8	0	ISDNN	0x00009DA8	0	ISDNN
HUD	NOINITBP	353	191	8	1	0x00009DCD	known	NOINITBP@HUD	0x00009DCD	NOINITBP	0x00009DCD	0	NOINITBP	0x00009DCD	0	NOINITBP
HUD	NBEEP	362	199	8	1	0x00009DD5	known	NBEEP@HUD	0x00009DD5	NBEEP	0x00009DD5	0	NBEEP	0x00009DD5	0	NBEEP
HUD	ISMPH	380	207	1	1	0x00009DDD	known	ISMPH@HUD	0x00009DDD	ISMPH	0x00009DDD	0	ISMPH	0x00009DDD	0	ISMPH
HUD	ISKPH	381	208	58	1	0x00009DDE	known	ISKPH@HUD	0x00009DDE	ISKPH	0x00009DDE	0	ISKPH	0x00009DDE	0	ISKPH
HUD	HARDalloc_section	519	275	3	1	0x00009E21	known	HARDalloc_section	0x00009E21	HARDalloc_section	0x00009E21	0	HARDalloc_section	0x00009E21	0	HARDalloc_section
HUD	alloc_LPA	524	278	5	1	0x00009E24	bounded_ok			HARDalloc_section	0x00009E21	3	dealloc_section	0x00009E29	5	HARDalloc_section
HUD	dealloc_section	541	283	6	1	0x00009E29	known	dealloc_section	0x00009E29	dealloc_section	0x00009E29	0	dealloc_section	0x00009E29	0	dealloc_section
HUD	deal_LP	548	289	8	1	0x00009E2F	bounded_conflict			dealloc_section	0x00009E29	6	TACHOMETER_ANIMATE	0x00009E4D	8	dealloc_section
HUD	TACHOMETER_ANIMATE	567	297	5	1	0x00009E4D	known	TACHOMETER_ANIMATE@HUD	0x00009E4D	TACHOMETER_ANIMATE	0x00009E4D	0	TACHOMETER_ANIMATE	0x00009E4D	0	TACHOMETER_ANIMATE
HUD	LP89	575	302	42	1	0x00009E52	known	LP89@HUD	0x00009E52	LP89	0x00009E52	0	LP89	0x00009E52	0	LP89
HUD	FILL_DITHER	657	344	10	1	0x00009E84	known	FILL_DITHER	0x00009E84	FILL_DITHER	0x00009E84	0	FILL_DITHER	0x00009E84	0	FILL_DITHER
HUD	FILL_PLOT	673	354	5	1	0x00009E8E	bounded_ok			FILL_DITHER	0x00009E84	10	ENTER2	0x00009E93	5	ENTER2
HUD	ENTER2	684	359	19	1	0x00009E93	known	ENTER2@HUD	0x00009E93	ENTER2	0x00009E93	0	ENTER2	0x00009E93	0	ENTER2
INFIN	FIND_HIGHEST_ROADY	39	0	13	1	0x00008212	known	FIND_HIGHEST_ROADY@INFIN	0x00008212	FIND_HIGHEST_ROADY	0x00008212	0	FIND_HIGHEST_ROADY	0x00008212	0	FIND_HIGHEST_ROADY
INFIN	FHRYLP	58	13	49	1	0x0000821F	known	FHRYLP@INFIN	0x0000821F	FHRYLP	0x0000821F	0	FHRYLP	0x0000821F	0	FHRYLP
INFIN	NOCHANCE	131	62	8	1	0x0000824D	known	NOCHANCE@INFIN	0x0000824D	NOCHANCE	0x0000824D	0	NOCHANCE	0x0000824D	0	NOCHANCE
INFIN	FHRY_X	147	70	8	1	0x00008255	known	FHRY_X@INFIN	0x00008255	FHRY_X	0x00008255	0	FHRY_X	0x00008255	0	FHRY_X
INFIN	INFINITY	185	78	12	1	0x00008264	known	INFINITY	0x00008264	INFINITY	0x00008264	0	INFINITY	0x00008264	0	INFINITY
INFIN	INFF0	202	90	5	1	0x00008270	known	INFF0@INFIN	0x00008270	INFF0	0x00008270	0	INFF0	0x00008270	0	INFF0
INFIN	INFF1	208	95	6	1	0x00008275	known	INFF1@INFIN	0x00008275	INFF1	0x00008275	0	INFF1	0x00008275	0	INFF1
INFIN	OK23	220	101	3	1	0x0000827B	known	OK23@INFIN	0x0000827B	OK23	0x0000827B	0	OK23	0x0000827B	0	OK23
INFIN	OK554	225	104	37	1	0x0000827E	known	OK554@INFIN	0x0000827E	OK554	0x0000827E	0	OK554	0x0000827E	0	OK554
INFIN	LOOP	292	141	45	1	0x000082A3	known	LOOP@INFIN	0x000082A3	LOOP	0x000082A3	0	LOOP	0x000082A3	0	LOOP
INFIN	II33	378	186	2	1	0x000082D0	known	II33@INFIN	0x000082D0	II33	0x000082D0	0	II33	0x000082D0	0	II33
INFIN	II	380	188	1	1	0x000082D2	known	II@INFIN	0x000082D2	II	0x000082D2	0	II	0x000082D2	0	II
INFIN	III44	381	189	51	1	0x000082D3	known	III44@INFIN	0x000082D3	III44	0x000082D3	0	III44	0x000082D3	0	III44
INFIN	NOCLIPPING	451	240	30	1	0x00008306	known	NOCLIPPING@INFIN	0x00008306	NOCLIPPING	0x00008306	0	NOCLIPPING	0x00008306	0	NOCLIPPING
INFIN	PLOT_CONSTANTS	491	270	8	1	0x00008324	known	PLOT_CONSTANTS@INFIN	0x00008324	PLOT_CONSTANTS	0x00008324	0	PLOT_CONSTANTS	0x00008324	0	PLOT_CONSTANTS
INFIN	LOOP1A	507	278	1	1	0x0000832C	bounded_ok			PLOT_CONSTANTS	0x00008324	8	LOOP1	0x0000832D	1	LOOP1
INFIN	LOOP1	508	279	39	1	0x0000832D	known	LOOP1@INFIN	0x0000832D	LOOP1	0x0000832D	0	LOOP1	0x0000832D	0	LOOP1
INFIN	TRANS_PTS	628	318	1	1	0x000083D4	known	TRANS_PTS@INFIN	0x000083D4	TRANS_PTS	0x000083D4	0	TRANS_PTS	0x000083D4	0	TRANS_PTS
INFIN	TRANS_LP	645	319	7	1	0x000083D5	bounded_ok			TRANS_PTS	0x000083D4	1	LKJ2	0x000083DC	7	TRANS_PTS
INFIN	LKJ2	654	326	26	1	0x000083DC	known	LKJ2@INFIN	0x000083DC	LKJ2	0x000083DC	0	LKJ2	0x000083DC	0	LKJ2
INFIN	LKJ25	687	352	20	1	0x000083F6	known	LKJ25@INFIN	0x000083F6	LKJ25	0x000083F6	0	LKJ25	0x000083F6	0	LKJ25
INFIN	WATER_INFINITY	724	372	7	1	0x0000840A	known	WATER_INFINITY@INFIN	0x0000840A	WATER_INFINITY	0x0000840A	0	WATER_INFINITY	0x0000840A	0	WATER_INFINITY
INFIN	ok23a	736	379	4	1	0x00008411	known	ok23a@INFIN	0x00008411	ok23a	0x00008411	0	ok23a	0x00008411	0	ok23a
INFIN	ok24a	742	383	42	1	0x00008415	known	ok24a@INFIN	0x00008415	ok24a	0x00008415	0	ok24a	0x00008415	0	ok24a
INFIN	LOOPA	808	425	42	1	0x0000843F	known	LOOPA@INFIN	0x0000843F	LOOPA	0x0000843F	0	LOOPA	0x0000843F	0	LOOPA
INTRO	HEAD2HEAD_LOGO_WAIT	54	0	2	1	0x0000154B	backward_extrapolated						CNR_ENTER	0x000017A7	604	CNR_ENTER
INTRO	HEAD2HEAD_LOGO	57	2	1	1	0x0000154D	backward_extrapolated						CNR_ENTER	0x000017A7	602	CNR_ENTER
INTRO	H2HLE	59	3	50	1	0x0000154E	backward_extrapolated						CNR_ENTER	0x000017A7	601	CNR_ENTER
INTRO	H2HLLP	127	53	24	1	0x00001580	backward_extrapolated						CNR_ENTER	0x000017A7	551	CNR_ENTER
INTRO	NOSND1	159	77	37	1	0x00001598	backward_extrapolated						CNR_ENTER	0x000017A7	527	CNR_ENTER
INTRO	WFC	194	114	2	1	0x000015BD	backward_extrapolated						CNR_ENTER	0x000017A7	490	CNR_ENTER
INTRO	WFCLP342	199	116	11	1	0x000015BF	backward_extrapolated						CNR_ENTER	0x000017A7	488	CNR_ENTER
INTRO	NOMSGG	210	127	4	1	0x000015CA	backward_extrapolated						CNR_ENTER	0x000017A7	477	CNR_ENTER
INTRO	KABOSH	229	131	4	1	0x000015CE	backward_extrapolated						CNR_ENTER	0x000017A7	473	CNR_ENTER
INTRO	KABOSHP	240	135	14	1	0x000015D2	backward_extrapolated						CNR_ENTER	0x000017A7	469	CNR_ENTER
INTRO	FKABOSH	258	149	2	1	0x000015E0	backward_extrapolated						CNR_ENTER	0x000017A7	455	CNR_ENTER
INTRO	TKABOSH	262	151	2	1	0x000015E2	backward_extrapolated						CNR_ENTER	0x000017A7	453	CNR_ENTER
INTRO	JINMSG	268	153	11	1	0x000015E4	backward_extrapolated						CNR_ENTER	0x000017A7	451	CNR_ENTER
INTRO	NOJINMSG	278	164	1	1	0x000015EF	backward_extrapolated						CNR_ENTER	0x000017A7	440	CNR_ENTER
INTRO	THROBIT	300	167	1	1	0x000015F2	backward_extrapolated						CNR_ENTER	0x000017A7	437	CNR_ENTER
INTRO	THROBLP1	303	168	15	1	0x000015F3	backward_extrapolated						CNR_ENTER	0x000017A7	436	CNR_ENTER
INTRO	NOSND2	319	183	1	1	0x00001602	backward_extrapolated						CNR_ENTER	0x000017A7	421	CNR_ENTER
INTRO	KKGKG	323	184	7	1	0x00001603	backward_extrapolated						CNR_ENTER	0x000017A7	420	CNR_ENTER
INTRO	THROBLP2	330	191	9	1	0x0000160A	backward_extrapolated						CNR_ENTER	0x000017A7	413	CNR_ENTER
INTRO	ENDTHROB	339	200	4	1	0x00001613	backward_extrapolated						CNR_ENTER	0x000017A7	404	CNR_ENTER
INTRO	WAIT_FOR_CHALLENGER	357	204	13	1	0x00001617	backward_extrapolated						CNR_ENTER	0x000017A7	400	CNR_ENTER
INTRO	CHAHC	383	217	9	1	0x00001624	backward_extrapolated						CNR_ENTER	0x000017A7	387	CNR_ENTER
INTRO	WFCLP	400	226	7	1	0x0000162D	backward_extrapolated						CNR_ENTER	0x000017A7	378	CNR_ENTER
INTRO	NOWORRY	409	233	7	1	0x00001634	backward_extrapolated						CNR_ENTER	0x000017A7	371	CNR_ENTER
INTRO	JJFHF	418	240	5	1	0x0000163B	backward_extrapolated						CNR_ENTER	0x000017A7	364	CNR_ENTER
INTRO	BABAB	427	245	4	1	0x00001640	backward_extrapolated						CNR_ENTER	0x000017A7	359	CNR_ENTER
INTRO	HHFBF	433	249	23	1	0x00001644	backward_extrapolated						CNR_ENTER	0x000017A7	355	CNR_ENTER
INTRO	NOMSG768	457	272	5	1	0x0000165B	backward_extrapolated						CNR_ENTER	0x000017A7	332	CNR_ENTER
INTRO	BABAHH	466	277	8	1	0x00001660	backward_extrapolated						CNR_ENTER	0x000017A7	327	CNR_ENTER
INTRO	JJFJFJ	487	285	14	1	0x00001668	backward_extrapolated						CNR_ENTER	0x000017A7	319	CNR_ENTER
INTRO	NOMSG123	502	299	3	1	0x00001676	backward_extrapolated						CNR_ENTER	0x000017A7	305	CNR_ENTER
INTRO	WFCLPXXX	507	302	7	1	0x00001679	backward_extrapolated						CNR_ENTER	0x000017A7	302	CNR_ENTER
INTRO	WAITX	517	309	12	1	0x00001680	backward_extrapolated						CNR_ENTER	0x000017A7	295	CNR_ENTER
INTRO	CHECK_ENDBONUS	550	321	14	1	0x0000168C	backward_extrapolated						CNR_ENTER	0x000017A7	283	CNR_ENTER
INTRO	CEBT	570	335	2	1	0x0000169A	backward_extrapolated						CNR_ENTER	0x000017A7	269	CNR_ENTER
INTRO	WAIT_FOR_ENDBONUS	577	337	68	1	0x0000169C	backward_extrapolated						CNR_ENTER	0x000017A7	267	CNR_ENTER
INTRO	LKJASDFGD	657	408	3	1	0x000016E3	backward_extrapolated						CNR_ENTER	0x000017A7	196	CNR_ENTER
INTRO	WAIT_FOR_ENDBONUS_LP	660	411	25	1	0x000016E6	backward_extrapolated						CNR_ENTER	0x000017A7	193	CNR_ENTER
INTRO	ISGAME5	686	436	26	1	0x000016FF	backward_extrapolated						CNR_ENTER	0x000017A7	168	CNR_ENTER
INTRO	NOJHASD	708	462	3	1	0x00001719	backward_extrapolated						CNR_ENTER	0x000017A7	142	CNR_ENTER
INTRO	IURENDFL	712	465	4	1	0x0000171C	backward_extrapolated						CNR_ENTER	0x000017A7	139	CNR_ENTER
INTRO	ISSUE_STARTGAME_TSEL	718	469	2	1	0x00001720	backward_extrapolated						CNR_ENTER	0x000017A7	135	CNR_ENTER
INTRO	ISSUE_STARTGAME	721	471	1	1	0x00001722	backward_extrapolated						CNR_ENTER	0x000017A7	133	CNR_ENTER
INTRO	LKAS534	723	472	14	1	0x00001723	backward_extrapolated						CNR_ENTER	0x000017A7	132	CNR_ENTER
INTRO	NOTNND	748	486	8	1	0x00001731	backward_extrapolated						CNR_ENTER	0x000017A7	118	CNR_ENTER
INTRO	DOIT6	769	494	6	1	0x00001739	backward_extrapolated						CNR_ENTER	0x000017A7	110	CNR_ENTER
INTRO	NODOIT6	771	500	13	1	0x0000173F	backward_extrapolated						CNR_ENTER	0x000017A7	104	CNR_ENTER
INTRO	DOITANY4	820	513	6	1	0x0000174C	backward_extrapolated						CNR_ENTER	0x000017A7	91	CNR_ENTER
INTRO	WTFORRETVAL	831	519	18	1	0x00001752	backward_extrapolated						CNR_ENTER	0x000017A7	85	CNR_ENTER
INTRO	NOGAME	864	543	11	1	0x0000176A	backward_extrapolated						CNR_ENTER	0x000017A7	61	CNR_ENTER
INTRO	PLYR_INTRO	879	554	46	1	0x00001775	backward_extrapolated						CNR_ENTER	0x000017A7	50	CNR_ENTER
INTRO	NOULOG	916	600	4	1	0x000017A3	backward_extrapolated						CNR_ENTER	0x000017A7	4	CNR_ENTER
INTRO	CNR_ENTER	923	604	7	1	0x000017A7	known	CNR_ENTER@INTRO	0x000017A7	CNR_ENTER	0x000017A7	0	CNR_ENTER	0x000017A7	0	CNR_ENTER
INTRO	CONTINUE	930	611	46	1	0x000017AE	known	CONTINUE@INTRO	0x000017AE	CONTINUE	0x000017AE	0	CONTINUE	0x000017AE	0	CONTINUE
INTRO	WFSNP	977	657	4	1	0x000017DC	known	WFSNP@INTRO	0x000017DC	WFSNP	0x000017DC	0	WFSNP	0x000017DC	0	WFSNP
INTRO	ALL_JOINUP	981	661	44	1	0x000017E0	known	ALL_JOINUP@INTRO	0x000017E0	ALL_JOINUP	0x000017E0	0	ALL_JOINUP	0x000017E0	0	ALL_JOINUP
INTRO	CHOOSE_NEXT_RACE	1051	705	19	1	0x0000180C	known	CHOOSE_NEXT_RACE	0x0000180C	CHOOSE_NEXT_RACE	0x0000180C	0	CHOOSE_NEXT_RACE	0x0000180C	0	CHOOSE_NEXT_RACE
INTRO	LOAD_NEW_SELECTION	1083	724	34	1	0x0000181F	known	LOAD_NEW_SELECTION@INTRO	0x0000181F	LOAD_NEW_SELECTION	0x0000181F	0	LOAD_NEW_SELECTION	0x0000181F	0	LOAD_NEW_SELECTION
INTRO	WATCH_PLYRS_CAR	1140	758	24	1	0x00001841	known	WATCH_PLYRS_CAR@INTRO	0x00001841	WATCH_PLYRS_CAR	0x00001841	0	WATCH_PLYRS_CAR	0x00001841	0	WATCH_PLYRS_CAR
INTRO	INIT_GAMELEG	1175	782	67	1	0x00001859	known	INIT_GAMELEG	0x00001859	INIT_GAMELEG	0x00001859	0	INIT_GAMELEG	0x00001859	0	INIT_GAMELEG
INTRO	BABA66	1230	849	4	1	0x0000189C	known	BABA66@INTRO	0x0000189C	BABA66	0x0000189C	0	BABA66	0x0000189C	0	BABA66
INTRO	CHOOSECAR	1298	853	29	1	0x000018A0	bounded_conflict			BABA66	0x0000189C	4	JT75	0x000018C3	29	BABA66
INTRO	JT75	1333	882	5	1	0x000018C3	known	JT75@INTRO	0x000018C3	JT75	0x000018C3	0	JT75	0x000018C3	0	JT75
INTRO	KIBO	1337	887	2	1	0x000018C8	known	KIBO@INTRO	0x000018C8	KIBO	0x000018C8	0	KIBO	0x000018C8	0	KIBO
INTRO	LANESIZE	1358	894	7	1	0x000018CF	bounded_ok			KIBO	0x000018C8	7	BABA	0x000018D6	7	KIBO
INTRO	BABA	1371	901	11	1	0x000018D6	known	BABA@INTRO	0x000018D6	BABA	0x000018D6	0	BABA	0x000018D6	0	BABA
INTRO	NLD	1390	912	18	1	0x000018E1	known	NLD@INTRO	0x000018E1	NLD	0x000018E1	0	NLD	0x000018E1	0	NLD
INTRO	LNNN	1414	930	33	1	0x000018F3	bounded_ok			NLD	0x000018E1	18	NOHIDE	0x00001914	33	NLD
INTRO	NOHIDE	1461	963	5	1	0x00001914	known	NOHIDE@INTRO	0x00001914	NOHIDE	0x00001914	0	NOHIDE	0x00001914	0	NOHIDE
INTRO	TMP886	1468	968	13	1	0x00001919	known	TMP886@INTRO	0x00001919	TMP886	0x00001919	0	TMP886	0x00001919	0	TMP886
INTRO	JAJAKKA	1482	981	28	1	0x00001926	known	JAJAKKA@INTRO	0x00001926	JAJAKKA	0x00001926	0	JAJAKKA	0x00001926	0	JAJAKKA
INTRO	THE_CAR_CHOICE_PROC	1515	1009	6	1	0x00001942	bounded_ok			JAJAKKA	0x00001926	28	CCLP	0x00001948	6	CCLP
INTRO	CCLP	1527	1015	18	1	0x00001948	known	CCLP@INTRO	0x00001948	CCLP	0x00001948	0	CCLP	0x00001948	0	CCLP
INTRO	CCLPX	1552	1033	3	1	0x0000195A	known	CCLPX@INTRO	0x0000195A	CCLPX	0x0000195A	0	CCLPX	0x0000195A	0	CCLPX
INTRO	RAISE_DOOR	1569	1036	7	1	0x0000195D	bounded_ok			CCLPX	0x0000195A	3	DOALL1	0x000019A2	69	CCLPX
INTRO	RDLP	1579	1043	7	1	0x00001964	bounded_ok			CCLPX	0x0000195A	10	DOALL1	0x000019A2	62	CCLPX
INTRO	ZTCLP	1627	1060	45	1	0x00001975	bounded_ok			CCLPX	0x0000195A	27	DOALL1	0x000019A2	45	CCLPX
INTRO	DOALL1	1690	1105	1	1	0x000019A2	known	DOALL1@INTRO	0x000019A2	DOALL1	0x000019A2	0	DOALL1	0x000019A2	0	DOALL1
INTRO	IBO45A	1692	1106	33	1	0x000019A3	known	IBO45A@INTRO	0x000019A3	IBO45A	0x000019A3	0	IBO45A	0x000019A3	0	IBO45A
INTRO	NDO	1746	1139	24	1	0x000019C4	known	NDO@INTRO	0x000019C4	NDO	0x000019C4	0	NDO	0x000019C4	0	NDO
INTRO	NDO2	1781	1163	29	1	0x000019DC	known	NDO2@INTRO	0x000019DC	NDO2	0x000019DC	0	NDO2	0x000019DC	0	NDO2
INTRO	MOVELOOP	1830	1192	16	1	0x000019F9	known	MOVELOOP@INTRO	0x000019F9	MOVELOOP	0x000019F9	0	MOVELOOP	0x000019F9	0	MOVELOOP
INTRO	BABADUY	1854	1208	14	1	0x00001A09	known	BABADUY@INTRO	0x00001A09	BABADUY	0x00001A09	0	BABADUY	0x00001A09	0	BABADUY
INTRO	IBODONE	1871	1222	11	1	0x00001A17	known	IBODONE@INTRO	0x00001A17	IBODONE	0x00001A17	0	IBODONE	0x00001A17	0	IBODONE
INTRO	BABADUY4	1888	1233	5	1	0x00001A22	known	BABADUY4@INTRO	0x00001A22	BABADUY4	0x00001A22	0	BABADUY4	0x00001A22	0	BABADUY4
INTRO	GETTHECARS	1903	1238	6	1	0x00001A27	bounded_ok			BABADUY4	0x00001A22	5	LISTLP	0x00001A2D	6	BABADUY4
INTRO	LISTLP	1911	1244	42	1	0x00001A2D	known	LISTLP@INTRO	0x00001A2D	LISTLP	0x00001A2D	0	LISTLP	0x00001A2D	0	LISTLP
INTRO	SHOW_CAR_STATISTICS	1976	1286	11	1	0x00001A5C	known	SHOW_CAR_STATISTICS	0x00001A5C	SHOW_CAR_STATISTICS	0x00001A5C	0	SHOW_CAR_STATISTICS	0x00001A5C	0	SHOW_CAR_STATISTICS
INTRO	GBERLP	1990	1297	14	1	0x00001A67	bounded_conflict			SHOW_CAR_STATISTICS	0x00001A5C	11	CLEANUP_DIMCAR_PALS	0x00001A8A	33	SHOW_CAR_STATISTICS
INTRO	GNNERLP	2008	1311	19	1	0x00001A75	bounded_conflict			SHOW_CAR_STATISTICS	0x00001A5C	25	CLEANUP_DIMCAR_PALS	0x00001A8A	19	CLEANUP_DIMCAR_PALS
INTRO	CLEANUP_DIMCAR_PALS	2054	1330	21	1	0x00001A8A	known	CLEANUP_DIMCAR_PALS@INTRO	0x00001A8A	CLEANUP_DIMCAR_PALS	0x00001A8A	0	CLEANUP_DIMCAR_PALS	0x00001A8A	0	CLEANUP_DIMCAR_PALS
INTRO	GETTHECAR	2127	1351	17	1	0x00001A9F	known	GETTHECAR@INTRO	0x00001A9F	GETTHECAR	0x00001A9F	0	GETTHECAR	0x00001A9F	0	GETTHECAR
INTRO	ROUNDER	2152	1368	53	1	0x00001AB0	bounded_ok			GETTHECAR	0x00001A9F	17	ROUNDERLP	0x00001AE5	53	GETTHECAR
INTRO	ROUNDERLP	2225	1421	13	1	0x00001AE5	known	ROUNDERLP@INTRO	0x00001AE5	ROUNDERLP	0x00001AE5	0	ROUNDERLP	0x00001AE5	0	ROUNDERLP
INTRO	NODO56	2242	1434	29	1	0x00001AF2	known	NODO56@INTRO	0x00001AF2	NODO56	0x00001AF2	0	NODO56	0x00001AF2	0	NODO56
INTRO	RLL	2279	1463	4	1	0x00001B0F	known	RLL@INTRO	0x00001B0F	RLL	0x00001B0F	0	RLL	0x00001B0F	0	RLL
INTRO	AFFECT_THE_CARS	2300	1467	17	1	0x00001B13	known	AFFECT_THE_CARS@INTRO	0x00001B13	AFFECT_THE_CARS	0x00001B13	0	AFFECT_THE_CARS	0x00001B13	0	AFFECT_THE_CARS
INTRO	HIDDEN_VEHICLES	2336	1484	2	1	0x00001B24	bounded_conflict			AFFECT_THE_CARS	0x00001B13	17	AFFECTED_CAR	0x00001B59	48	AFFECT_THE_CARS
INTRO	HIDDEN_VEHICLES_LP	2340	1486	5	1	0x00001B26	bounded_conflict			AFFECT_THE_CARS	0x00001B13	19	AFFECTED_CAR	0x00001B59	46	AFFECT_THE_CARS
INTRO	NSCD	2346	1491	4	1	0x00001B2B	bounded_conflict			AFFECT_THE_CARS	0x00001B13	24	AFFECTED_CAR	0x00001B59	41	AFFECT_THE_CARS
INTRO	SETAS_HIDDEN	2353	1495	17	1	0x00001B2F	bounded_conflict			AFFECT_THE_CARS	0x00001B13	28	AFFECTED_CAR	0x00001B59	37	AFFECT_THE_CARS
INTRO	SETAS_ORIGINALS	2379	1512	7	1	0x00001B40	bounded_conflict			AFFECT_THE_CARS	0x00001B13	45	AFFECTED_CAR	0x00001B59	20	AFFECTED_CAR
INTRO	RESET_ORIGINAL	2394	1519	13	1	0x00001B47	bounded_conflict			AFFECT_THE_CARS	0x00001B13	52	AFFECTED_CAR	0x00001B59	13	AFFECTED_CAR
INTRO	AFFECTED_CAR	2427	1532	52	1	0x00001B59	known	AFFECTED_CAR@INTRO	0x00001B59	AFFECTED_CAR	0x00001B59	0	AFFECTED_CAR	0x00001B59	0	AFFECTED_CAR
INTRO	DOALL	2487	1584	3	1	0x00001B8D	known	DOALL@INTRO	0x00001B8D	DOALL	0x00001B8D	0	DOALL	0x00001B8D	0	DOALL
INTRO	IBO45	2491	1587	4	1	0x00001B90	known	IBO45@INTRO	0x00001B90	IBO45	0x00001B90	0	IBO45	0x00001B90	0	IBO45
INTRO	IBOIBO	2496	1591	8	1	0x00001B94	known	IBOIBO@INTRO	0x00001B94	IBOIBO	0x00001B94	0	IBOIBO	0x00001B94	0	IBOIBO
INTRO	N12	2507	1599	1	1	0x00001B9C	known	N12@INTRO	0x00001B9C	N12	0x00001B9C	0	N12	0x00001B9C	0	N12
INTRO	CAR_DIMMER	2519	1600	9	1	0x00001B9D	known	CAR_DIMMER@INTRO	0x00001B9D	CAR_DIMMER	0x00001B9D	0	CAR_DIMMER	0x00001B9D	0	CAR_DIMMER
INTRO	LIGHT_INIT	2535	1609	13	1	0x00001C27	known	LIGHT_INIT@INTRO	0x00001C27	LIGHT_INIT	0x00001C27	0	LIGHT_INIT	0x00001C27	0	LIGHT_INIT
INTRO	LIGHT_OFF	2562	1622	22	1	0x00001C34	known	LIGHT_OFF@INTRO	0x00001C34	LIGHT_OFF	0x00001C34	0	LIGHT_OFF	0x00001C34	0	LIGHT_OFF
INTRO	LIGHT_ON	2594	1644	17	1	0x00001C4A	known	LIGHT_ON@INTRO	0x00001C4A	LIGHT_ON	0x00001C4A	0	LIGHT_ON	0x00001C4A	0	LIGHT_ON
INTRO	INIT_PEDALCHK	2621	1661	7	1	0x00001C5B	known	INIT_PEDALCHK	0x00001C5B	INIT_PEDALCHK	0x00001C5B	0	INIT_PEDALCHK	0x00001C5B	0	INIT_PEDALCHK
INTRO	GETCHOICE	2633	1668	17	1	0x00001C62	known	GETCHOICE	0x00001C62	GETCHOICE	0x00001C62	0	GETCHOICE	0x00001C62	0	GETCHOICE
INTRO	GETCHA	2654	1685	14	1	0x00001C73	known	GETCHA@INTRO	0x00001C73	GETCHA	0x00001C73	0	GETCHA	0x00001C73	0	GETCHA
INTRO	GETCH1	2672	1699	1	1	0x00001C81	known	GETCH1@INTRO	0x00001C81	GETCH1	0x00001C81	0	GETCH1	0x00001C81	0	GETCH1
INTRO	GETCHX	2673	1700	3	1	0x00001C82	known	GETCHX@INTRO	0x00001C82	GETCHX	0x00001C82	0	GETCHX	0x00001C82	0	GETCHX
INTRO	PEDALCHK	2689	1703	9	1	0x00001C85	known	PEDALCHK	0x00001C85	PEDALCHK	0x00001C85	0	PEDALCHK	0x00001C85	0	PEDALCHK
INTRO	PEDALFALSE	2702	1712	2	1	0x00001C8E	bounded_ok			PEDALCHK	0x00001C85	9	PEDALTRUE	0x00001C90	2	PEDALTRUE
INTRO	PEDALTRUE	2706	1714	2	1	0x00001C90	known	PEDALTRUE@INTRO	0x00001C90	PEDALTRUE	0x00001C90	0	PEDALTRUE	0x00001C90	0	PEDALTRUE
INTRO	WAVEFLAG	2730	1716	24	1	0x00001C92	bounded_conflict			PEDALTRUE	0x00001C90	2	INTROTIMER	0x00001D41	166	PEDALTRUE
INTRO	FGLL	2756	1740	9	1	0x00001CAA	bounded_conflict			PEDALTRUE	0x00001C90	26	INTROTIMER	0x00001D41	142	PEDALTRUE
INTRO	NOBABE	2769	1749	6	1	0x00001CB3	bounded_conflict			PEDALTRUE	0x00001C90	35	INTROTIMER	0x00001D41	133	PEDALTRUE
INTRO	H2HWTLP	2779	1755	6	1	0x00001CB9	bounded_conflict			PEDALTRUE	0x00001C90	41	INTROTIMER	0x00001D41	127	PEDALTRUE
INTRO	NOHEAD2HEAD	2785	1761	4	1	0x00001CBF	bounded_conflict			PEDALTRUE	0x00001C90	47	INTROTIMER	0x00001D41	121	PEDALTRUE
INTRO	WAVEFLAGLP	2796	1765	5	1	0x00001CC3	bounded_conflict			PEDALTRUE	0x00001C90	51	INTROTIMER	0x00001D41	117	PEDALTRUE
INTRO	JFF	2804	1770	8	1	0x00001CC8	bounded_conflict			PEDALTRUE	0x00001C90	56	INTROTIMER	0x00001D41	112	PEDALTRUE
INTRO	NXTSTAT	2811	1778	3	1	0x00001CD0	bounded_conflict			PEDALTRUE	0x00001C90	64	INTROTIMER	0x00001D41	104	PEDALTRUE
INTRO	JDJFF	2814	1781	2	1	0x00001CD3	bounded_conflict			PEDALTRUE	0x00001C90	67	INTROTIMER	0x00001D41	101	PEDALTRUE
INTRO	KKLFF	2816	1783	18	1	0x00001CD5	bounded_conflict			PEDALTRUE	0x00001C90	69	INTROTIMER	0x00001D41	99	PEDALTRUE
INTRO	BABAD	2841	1801	4	1	0x00001CE7	bounded_conflict			PEDALTRUE	0x00001C90	87	INTROTIMER	0x00001D41	81	INTROTIMER
INTRO	JUMPOUT	2848	1805	24	1	0x00001CEB	bounded_conflict			PEDALTRUE	0x00001C90	91	INTROTIMER	0x00001D41	77	INTROTIMER
INTRO	BABAD666	2875	1829	16	1	0x00001D03	bounded_conflict			PEDALTRUE	0x00001C90	115	INTROTIMER	0x00001D41	53	INTROTIMER
INTRO	NOERR	2905	1848	4	1	0x00001D16	bounded_conflict			PEDALTRUE	0x00001C90	134	INTROTIMER	0x00001D41	34	INTROTIMER
INTRO	NANAD	2911	1852	16	1	0x00001D1A	bounded_conflict			PEDALTRUE	0x00001C90	138	INTROTIMER	0x00001D41	30	INTROTIMER
INTRO	NOTHHHH	2932	1868	5	1	0x00001D2A	bounded_conflict			PEDALTRUE	0x00001C90	154	INTROTIMER	0x00001D41	14	INTROTIMER
INTRO	RACESEL_TIMER	2944	1873	7	1	0x00001D2F	bounded_conflict			PEDALTRUE	0x00001C90	159	INTROTIMER	0x00001D41	9	INTROTIMER
INTRO	WAITINTROTIMER	2954	1880	2	1	0x00001D36	bounded_conflict			PEDALTRUE	0x00001C90	166	INTROTIMER	0x00001D41	2	INTROTIMER
INTRO	INTROTIMER	2957	1882	1	1	0x00001D41	known	INTROTIMER	0x00001D41	INTROTIMER	0x00001D41	0	INTROTIMER	0x00001D41	0	INTROTIMER
INTRO	LKJAFSD	2959	1883	7	1	0x00001D42	bounded_ok			INTROTIMER	0x00001D41	1	DIAL_ROUT	0x00001D52	16	INTROTIMER
INTRO	IT_E2	2967	1890	9	1	0x00001D49	bounded_ok			INTROTIMER	0x00001D41	8	DIAL_ROUT	0x00001D52	9	INTROTIMER
INTRO	DIAL_ROUT	2985	1899	7	1	0x00001D52	known	DIAL_ROUT	0x00001D52	DIAL_ROUT	0x00001D52	0	DIAL_ROUT	0x00001D52	0	DIAL_ROUT
INTRO	ENDPLAYER	3007	1906	31	1	0x00001D59	known	ENDPLAYER	0x00001D59	ENDPLAYER	0x00001D59	0	ENDPLAYER	0x00001D59	0	ENDPLAYER
INTRO	KK5	3040	1937	7	1	0x00001D78	known	KK5@INTRO	0x00001D78	KK5	0x00001D78	0	KK5	0x00001D78	0	KK5
INTRO	GAME_AVAILABLEP	3077	1944	11	1	0x00001D7F	known	GAME_AVAILABLEP@INTRO	0x00001D7F	GAME_AVAILABLEP	0x00001D7F	0	GAME_AVAILABLEP	0x00001D7F	0	GAME_AVAILABLEP
INTRO	GA_TRUE	3094	1955	4	1	0x00001D8A	known	GA_TRUE@INTRO	0x00001D8A	GA_TRUE	0x00001D8A	0	GA_TRUE	0x00001D8A	0	GA_TRUE
INTRO	GA_FALSE	3100	1959	4	1	0x00001D8E	known	GA_FALSE@INTRO	0x00001D8E	GA_FALSE	0x00001D8E	0	GA_FALSE	0x00001D8E	0	GA_FALSE
INTRO	_start	3114	1963	12	1	0x00001D92	bounded_ok			GA_FALSE	0x00001D8E	4	CN	0x00001D9E	12	GA_FALSE
INTRO	CN	3130	1975	3	1	0x00001D9E	known	CN@INTRO	0x00001D9E	CN	0x00001D9E	0	CN	0x00001D9E	0	CN
INTRO	NOTINSRT	3135	1978	12	1	0x00001DA1	bounded_ok			CN	0x00001D9E	3	CANSTART	0x00001DAD	12	CN
INTRO	CANSTART	3152	1990	10	1	0x00001DAD	known	CANSTART@INTRO	0x00001DAD	CANSTART	0x00001DAD	0	CANSTART	0x00001DAD	0	CANSTART
INTRO	startgame	3166	2000	11	1	0x00001DB7	bounded_ok			CANSTART	0x00001DAD	10	_startX	0x00001DC2	11	CANSTART
INTRO	_startX	3207	2011	1	1	0x00001DC2	known	_startX@INTRO	0x00001DC2	_startX	0x00001DC2	0	_startX	0x00001DC2	0	_startX
INTRO	ULTRA_PROC	3219	2012	1	1	0x00001DC3	bounded_ok			_startX	0x00001DC2	1	UPLP	0x00001DC4	1	_startX
INTRO	UPLP	3221	2013	11	1	0x00001DC4	known	UPLP@INTRO	0x00001DC4	UPLP	0x00001DC4	0	UPLP	0x00001DC4	0	UPLP
INTRO	ULTRA_LOGO	3237	2024	26	1	0x00001DCF	bounded_ok			UPLP	0x00001DC4	11	SET_ATTR	0x00001E17	72	UPLP
INTRO	LOGO_SMALL	3269	2050	46	1	0x00001DE9	bounded_ok			UPLP	0x00001DC4	37	SET_ATTR	0x00001E17	46	UPLP
INTRO	SET_ATTR	3331	2096	5	1	0x00001E17	known	SET_ATTR	0x00001E17	SET_ATTR	0x00001E17	0	SET_ATTR	0x00001E17	0	SET_ATTR
INTRO	_debug	3339	2101	10	1	0x00001E1C	forward_extrapolated			SET_ATTR	0x00001E17	5				SET_ATTR
INTRO	_timeout	3360	2111	3	1	0x00001E26	forward_extrapolated			SET_ATTR	0x00001E17	15				SET_ATTR
INTRO	INSMORE	3381	2114	9	1	0x00001E29	forward_extrapolated			SET_ATTR	0x00001E17	18				SET_ATTR
INTRO	KFFDA	3395	2123	57	1	0x00001E32	forward_extrapolated			SET_ATTR	0x00001E17	27				SET_ATTR
INTRO	INSMORE_LP	3467	2180	8	1	0x00001E6B	forward_extrapolated			SET_ATTR	0x00001E17	84				SET_ATTR
INTRO	NOINCTIM	3478	2188	11	1	0x00001E73	forward_extrapolated			SET_ATTR	0x00001E17	92				SET_ATTR
INTRO	FREEP	3497	2199	6	1	0x00001E7E	forward_extrapolated			SET_ATTR	0x00001E17	103				SET_ATTR
INTRO	JUSTGOON	3505	2205	2	1	0x00001E84	forward_extrapolated			SET_ATTR	0x00001E17	109				SET_ATTR
INTRO	TOSLP	3513	2207	6	1	0x00001E86	forward_extrapolated			SET_ATTR	0x00001E17	111				SET_ATTR
INTRO	NRST	3521	2213	11	1	0x00001E8C	forward_extrapolated			SET_ATTR	0x00001E17	117				SET_ATTR
INTRO	TOSLP2	3536	2224	10	1	0x00001E97	forward_extrapolated			SET_ATTR	0x00001E17	128				SET_ATTR
INTRO	CHECKHIT	3568	2245	11	1	0x00001EAC	forward_extrapolated			SET_ATTR	0x00001E17	149				SET_ATTR
INTRO	NOSECRET_CRUISE	3587	2256	25	1	0x00001EB7	forward_extrapolated			SET_ATTR	0x00001E17	160				SET_ATTR
INTRO	RETURNTOPLYR	3624	2281	13	1	0x00001ED0	forward_extrapolated			SET_ATTR	0x00001E17	185				SET_ATTR
INTRO	COIN_CNTDOWN	3645	2294	1	1	0x00001EDD	forward_extrapolated			SET_ATTR	0x00001E17	198				SET_ATTR
INTRO	COIN_CNTDOWN_LP	3648	2295	17	1	0x00001EDE	forward_extrapolated			SET_ATTR	0x00001E17	199				SET_ATTR
INTRO	LOAD_SHARED	3670	2312	14	1	0x00001EEF	forward_extrapolated			SET_ATTR	0x00001E17	216				SET_ATTR
INTRO	TRAFFIC_LIGHT	3695	2326	3	1	0x00001EFD	forward_extrapolated			SET_ATTR	0x00001E17	230				SET_ATTR
INTRO	TLT_LP	3698	2329	4	1	0x00001F00	forward_extrapolated			SET_ATTR	0x00001E17	233				SET_ATTR
INTRO	NSSD	3704	2333	5	1	0x00001F04	forward_extrapolated			SET_ATTR	0x00001E17	237				SET_ATTR
INTRO	CCC	3711	2338	8	1	0x00001F09	forward_extrapolated			SET_ATTR	0x00001E17	242				SET_ATTR
INTRO	CPOINT_LIGHT	3724	2346	6	1	0x00001F11	forward_extrapolated			SET_ATTR	0x00001E17	250				SET_ATTR
INTRO	SDASDFA	3732	2352	1	1	0x00001F17	forward_extrapolated			SET_ATTR	0x00001E17	256				SET_ATTR
INTRO	CPL_LP	3734	2353	8	1	0x00001F18	forward_extrapolated			SET_ATTR	0x00001E17	257				SET_ATTR
INTRO	CNT	3746	2361	3	1	0x00001F20	forward_extrapolated			SET_ATTR	0x00001E17	265				SET_ATTR
INTRO	SHOW_RACE_NAME	3789	2364	17	1	0x00001F23	forward_extrapolated			SET_ATTR	0x00001E17	268				SET_ATTR
INTRO	SLLP1	3807	2381	19	1	0x00001F34	forward_extrapolated			SET_ATTR	0x00001E17	285				SET_ATTR
INTRO	SLLP1A	3832	2400	12	1	0x00001F47	forward_extrapolated			SET_ATTR	0x00001E17	304				SET_ATTR
LINE	_rectangle	18	0	33	1	0x0000AC2C	known	_rectangle	0x0000AC2C	_rectangle	0x0000AC2C	0	_rectangle	0x0000AC2C	0	_rectangle
LINE	_line	89	39	43	1	0x0000AC53	known	_line	0x0000AC53	_line	0x0000AC53	0	_line	0x0000AC53	0	_line
LINE	L38	351	197	1	1	0x0000ACF1	known	L38@LINE	0x0000ACF1	L38	0x0000ACF1	0	L38	0x0000ACF1	0	L38
MAP	UNFOLDMAP	82	0	1	1	0x00005E0B	backward_extrapolated						CLEAR_MAP_PALS	0x00005FCC	449	CLEAR_MAP_PALS
MAP	UNFOLDMAP_NOPAL	84	1	73	1	0x00005E0C	backward_extrapolated						CLEAR_MAP_PALS	0x00005FCC	448	CLEAR_MAP_PALS
MAP	UNFOLD_LP	180	74	150	1	0x00005E55	backward_extrapolated						CLEAR_MAP_PALS	0x00005FCC	375	CLEAR_MAP_PALS
MAP	FOLDMAP	411	224	72	1	0x00005EEB	backward_extrapolated						CLEAR_MAP_PALS	0x00005FCC	225	CLEAR_MAP_PALS
MAP	FOLD_LP	505	296	153	1	0x00005F33	backward_extrapolated						CLEAR_MAP_PALS	0x00005FCC	153	CLEAR_MAP_PALS
MAP	CLEAR_MAP_PALS	731	449	5	1	0x00005FCC	known	CLEAR_MAP_PALS	0x00005FCC	CLEAR_MAP_PALS	0x00005FCC	0	CLEAR_MAP_PALS	0x00005FCC	0	CLEAR_MAP_PALS
MAP	IBOIBO	741	454	6	1	0x00005FD1	known	IBOIBO@MAP	0x00005FD1	IBOIBO	0x00005FD1	0	IBOIBO	0x00005FD1	0	IBOIBO
MAP	MAPPAL_ILLUM_INIT	756	460	12	1	0x00005FD7	bounded_conflict			IBOIBO	0x00005FD1	6	MAPPAL_ILLUM	0x00005FFD	37	IBOIBO
MAP	L342	771	472	9	1	0x00005FE3	bounded_conflict			IBOIBO	0x00005FD1	18	MAPPAL_ILLUM	0x00005FFD	25	IBOIBO
MAP	MAP_ILLUM_COMPUTE	808	481	16	1	0x00005FEC	bounded_conflict			IBOIBO	0x00005FD1	27	MAPPAL_ILLUM	0x00005FFD	16	MAPPAL_ILLUM
MAP	MAPPAL_ILLUM	835	497	24	1	0x00005FFD	known	MAPPAL_ILLUM@MAP	0x00005FFD	MAPPAL_ILLUM	0x00005FFD	0	MAPPAL_ILLUM	0x00005FFD	0	MAPPAL_ILLUM
MAP	L894	865	521	73	1	0x00006015	bounded_ok			MAPPAL_ILLUM	0x00005FFD	24	JAJA4	0x0000605E	73	MAPPAL_ILLUM
MAP	JAJA4	950	594	10	1	0x0000605E	known	JAJA4@MAP	0x0000605E	JAJA4	0x0000605E	0	JAJA4	0x0000605E	0	JAJA4
MAP	L894D	971	604	73	1	0x00006068	bounded_ok			JAJA4	0x0000605E	10	JAJA5	0x000060B1	73	JAJA4
MAP	JAJA5	1056	677	15	1	0x000060B1	known	JAJA5@MAP	0x000060B1	JAJA5	0x000060B1	0	JAJA5	0x000060B1	0	JAJA5
MAP	TIME2STR	1103	692	33	1	0x000060C4	known	TIME2STR	0x000060C4	TIME2STR	0x000060C4	0	TIME2STR	0x000060C4	0	TIME2STR
MAP	CVTTIME	1166	725	34	1	0x000060E8	known	CVTTIME	0x000060E8	CVTTIME	0x000060E8	0	CVTTIME	0x000060E8	0	CVTTIME
MAP	RADAR_PLOT	1246	759	30	1	0x0000610A	known	RADAR_PLOT	0x0000610A	RADAR_PLOT	0x0000610A	0	RADAR_PLOT	0x0000610A	0	RADAR_PLOT
MAP	RADAR_LP	1289	789	89	1	0x00006128	known	RADAR_LP@MAP	0x00006128	RADAR_LP	0x00006128	0	RADAR_LP	0x00006128	0	RADAR_LP
MAP	GL14	1424	878	22	1	0x00006181	known	GL14@MAP	0x00006181	GL14	0x00006181	0	GL14	0x00006181	0	GL14
MAP	GL15	1451	900	18	1	0x00006197	known	GL15@MAP	0x00006197	GL15	0x00006197	0	GL15	0x00006197	0	GL15
MAP	ISBEHIND	1491	918	7	1	0x000061A9	known	ISBEHIND@MAP	0x000061A9	ISBEHIND	0x000061A9	0	ISBEHIND	0x000061A9	0	ISBEHIND
MAP	DADA4	1507	925	4	1	0x000061B0	known	DADA4@MAP	0x000061B0	DADA4	0x000061B0	0	DADA4	0x000061B0	0	DADA4
MAP	NOTTHEOPLYR	1513	929	26	1	0x000061B4	known	NOTTHEOPLYR@MAP	0x000061B4	NOTTHEOPLYR	0x000061B4	0	NOTTHEOPLYR	0x000061B4	0	NOTTHEOPLYR
MAP	RADAR_X	1553	955	29	1	0x000061CE	known	RADAR_X@MAP	0x000061CE	RADAR_X	0x000061CE	0	RADAR_X	0x000061CE	0	RADAR_X
MAP	NODOAP	1590	984	1	1	0x000061EB	known	NODOAP@MAP	0x000061EB	NODOAP	0x000061EB	0	NODOAP	0x000061EB	0	NODOAP
MATH	_COSI	36	0	3	1	0x0000952D	known	_COSI	0x0000952D	_COSI	0x0000952D	0	_COSI	0x0000952D	0	_COSI
MATH	_SINE	47	3	1	1	0x00009530	known	_SINE	0x00009530	_SINE	0x00009530	0	_SINE	0x00009530	0	_SINE
MATH	SINE0	50	4	4	1	0x00009531	known	SINE0@MATH	0x00009531	SINE0	0x00009531	0	SINE0	0x00009531	0	SINE0
MATH	NOTNEG	56	8	11	1	0x00009535	known	NOTNEG@MATH	0x00009535	NOTNEG	0x00009535	0	NOTNEG	0x00009535	0	NOTNEG
MATH	PERFECT2	70	19	5	1	0x00009540	known	PERFECT2@MATH	0x00009540	PERFECT2	0x00009540	0	PERFECT2	0x00009540	0	PERFECT2
MATH	ALLOK	77	24	4	1	0x00009545	known	ALLOK@MATH	0x00009545	ALLOK	0x00009545	0	ALLOK	0x00009545	0	ALLOK
MATH	PERFECT	84	28	5	1	0x00009549	known	PERFECT@MATH	0x00009549	PERFECT	0x00009549	0	PERFECT	0x00009549	0	PERFECT
MATH	NORMITS	152	33	8	1	0x00009556	known	NORMITS	0x00009556	NORMITS	0x00009556	0	NORMITS	0x00009556	0	NORMITS
MATH	NMS1	161	41	3	1	0x0000955E	known	NMS1@MATH	0x0000955E	NMS1	0x0000955E	0	NMS1	0x0000955E	0	NMS1
MATH	NORMIT	174	44	6	1	0x00009561	known	NORMIT	0x00009561	NORMIT	0x00009561	0	NORMIT	0x00009561	0	NORMIT
MATH	NORMCHKL	181	50	1	1	0x00009567	bounded_ok			NORMIT	0x00009561	6	ATF0	0x0000957B	20	NORMIT
MATH	_arctanf	198	51	19	1	0x00009568	bounded_ok			NORMIT	0x00009561	7	ATF0	0x0000957B	19	NORMIT
MATH	ATF0	224	70	2	1	0x0000957B	known	ATF0@MATH	0x0000957B	ATF0	0x0000957B	0	ATF0	0x0000957B	0	ATF0
MATH	AT1	228	72	17	1	0x0000957D	known	AT1@MATH	0x0000957D	AT1	0x0000957D	0	AT1	0x0000957D	0	AT1
MATH	FIND_MATRIX	316	89	17	1	0x0000958E	bounded_conflict			AT1	0x0000957D	17	FM1	0x000095A2	17	AT1
MATH	FM1	338	106	41	1	0x000095A2	known	FM1@MATH	0x000095A2	FM1	0x000095A2	0	FM1	0x000095A2	0	FM1
MATH	FIND_XMATRIX	394	147	19	1	0x000095C5	known	FIND_XMATRIX	0x000095C5	FIND_XMATRIX	0x000095C5	0	FIND_XMATRIX	0x000095C5	0	FIND_XMATRIX
MATH	_find_Ymatrix	428	166	19	1	0x000095D8	bounded_ok			FIND_XMATRIX	0x000095C5	19	HPFIND_YMATRIX	0x000095EB	19	FIND_XMATRIX
MATH	HPFIND_YMATRIX	460	185	39	1	0x000095EB	known	HPFIND_YMATRIX	0x000095EB	HPFIND_YMATRIX	0x000095EB	0	HPFIND_YMATRIX	0x000095EB	0	HPFIND_YMATRIX
MATH	FIND_ZMATRIX	518	224	19	1	0x00009612	known	FIND_ZMATRIX	0x00009612	FIND_ZMATRIX	0x00009612	0	FIND_ZMATRIX	0x00009612	0	FIND_ZMATRIX
MATH	INITMAT	548	243	17	1	0x00009625	known	INITMAT	0x00009625	INITMAT	0x00009625	0	INITMAT	0x00009625	0	INITMAT
MATH	VECTLEN	580	260	9	1	0x00009636	known	VECTLEN	0x00009636	VECTLEN	0x00009636	0	VECTLEN	0x00009636	0	VECTLEN
MATH	CPYMAT	603	269	13	1	0x0000963F	known	CPYMAT	0x0000963F	CPYMAT	0x0000963F	0	CPYMAT	0x0000963F	0	CPYMAT
MATH	CPYIMAT	631	282	26	1	0x0000964B	known	CPYIMAT	0x0000964B	CPYIMAT	0x0000964B	0	CPYIMAT	0x0000964B	0	CPYIMAT
MATH	CLR_VECTORA	671	308	10	1	0x00009662	known	CLR_VECTORA	0x00009662	CLR_VECTORA	0x00009662	0	CLR_VECTORA	0x00009662	0	CLR_VECTORA
MATH	MATRIX_MUL	698	318	35	1	0x0000966C	known	MATRIX_MUL	0x0000966C	MATRIX_MUL	0x0000966C	0	MATRIX_MUL	0x0000966C	0	MATRIX_MUL
MATH	NORMALIZE	747	353	17	1	0x00009689	known	NORMALIZE	0x00009689	NORMALIZE	0x00009689	0	NORMALIZE	0x00009689	0	NORMALIZE
MATH	NORMAT	780	370	17	1	0x0000969A	bounded_ok			NORMALIZE	0x00009689	17	NORMROW	0x000096AB	17	NORMALIZE
MATH	NORMROW	804	387	9	1	0x000096AB	known	NORMROW@MATH	0x000096AB	NORMROW	0x000096AB	0	NORMROW	0x000096AB	0	NORMROW
MATH	GEN_NORMAL	829	396	25	1	0x000096B4	known	GEN_NORMAL	0x000096B4	GEN_NORMAL	0x000096B4	0	GEN_NORMAL	0x000096B4	0	GEN_NORMAL
MATH	CONCATMATV	882	421	2	1	0x000096CD	known	CONCATMATV	0x000096CD	CONCATMATV	0x000096CD	0	CONCATMATV	0x000096CD	0	CONCATMATV
MATH	CONCAT201	886	423	22	1	0x000096CF	known	CONCAT201	0x000096CF	CONCAT201	0x000096CF	0	CONCAT201	0x000096CF	0	CONCAT201
MATH	INLP2	917	445	2	1	0x000096E0	known	INLP2@MATH	0x000096E0	INLP2	0x000096E0	0	INLP2	0x000096E0	0	INLP2
MATH	CONCATMAT	938	447	19	1	0x000096E2	known	CONCATMAT	0x000096E2	CONCATMAT	0x000096E2	0	CONCATMAT	0x000096E2	0	CONCATMAT
MATH	GETTHETADIFF	974	466	10	1	0x000096F5	known	GETTHETADIFF	0x000096F5	GETTHETADIFF	0x000096F5	0	GETTHETADIFF	0x000096F5	0	GETTHETADIFF
MATH	ISNEG	988	476	1	1	0x000096FF	bounded_ok			GETTHETADIFF	0x000096F5	10	NONEG	0x00009700	1	NONEG
MATH	NONEG	989	477	2	1	0x00009700	known	NONEG@MATH	0x00009700	NONEG	0x00009700	0	NONEG	0x00009700	0	NONEG
MATH	DIST_PT2LINE	1017	479	21	1	0x00009702	known	DIST_PT2LINE	0x00009702	DIST_PT2LINE	0x00009702	0	DIST_PT2LINE	0x00009702	0	DIST_PT2LINE
MATH	GETLINE_EQ_2D	1056	500	26	1	0x00009717	known	GETLINE_EQ_2D	0x00009717	GETLINE_EQ_2D	0x00009717	0	GETLINE_EQ_2D	0x00009717	0	GETLINE_EQ_2D
MATH	SCALE_MATRIX	1117	526	32	1	0x00009731	forward_extrapolated			GETLINE_EQ_2D	0x00009717	26				GETLINE_EQ_2D
MEMTEST	TEST_STATIC_CHIPS	227	0	11	1	0x00006300	known	TEST_STATIC_CHIPS	0x00006300	TEST_STATIC_CHIPS	0x00006300	0	TEST_STATIC_CHIPS	0x00006300	0	TEST_STATIC_CHIPS
MEMTEST	TSTBL1A	235	11	23	1	0x0000630B	bounded_ok			TEST_STATIC_CHIPS	0x00006300	11	GET_AR4_DIGITS	0x00006322	23	TEST_STATIC_CHIPS
MEMTEST	GET_AR4_DIGITS	268	34	19	1	0x00006322	known	GET_AR4_DIGITS@MEMTEST	0x00006322	GET_AR4_DIGITS	0x00006322	0	GET_AR4_DIGITS	0x00006322	0	GET_AR4_DIGITS
MEMTEST	R1R2ZER	290	53	1	1	0x00006335	known	R1R2ZER@MEMTEST	0x00006335	R1R2ZER	0x00006335	0	R1R2ZER	0x00006335	0	R1R2ZER
MEMTEST	R3ZERO	291	54	1	1	0x00006336	known	R3ZERO@MEMTEST	0x00006336	R3ZERO	0x00006336	0	R3ZERO	0x00006336	0	R3ZERO
MEMTEST	NZERO	292	55	1	1	0x00006337	known	NZERO@MEMTEST	0x00006337	NZERO	0x00006337	0	NZERO	0x00006337	0	NZERO
MEMTEST	BLINK_AND_CONTINUE	299	56	17	1	0x00006338	known	BLINK_AND_CONTINUE@MEMTEST	0x00006338	BLINK_AND_CONTINUE	0x00006338	0	BLINK_AND_CONTINUE	0x00006338	0	BLINK_AND_CONTINUE
MEMTEST	IS_STATIC_ERROR	321	73	1	1	0x00006349	bounded_ok			BLINK_AND_CONTINUE	0x00006338	17	ELOOP	0x0000634A	1	ELOOP
MEMTEST	ELOOP	324	74	2	1	0x0000634A	known	ELOOP@MEMTEST	0x0000634A	ELOOP	0x0000634A	0	ELOOP	0x0000634A	0	ELOOP
MEMTEST	LLED_ON	339	76	7	1	0x0000634C	known	LLED_ON@MEMTEST	0x0000634C	LLED_ON	0x0000634C	0	LLED_ON	0x0000634C	0	LLED_ON
MEMTEST	LLED_OFF	348	83	7	1	0x00006353	known	LLED_OFF@MEMTEST	0x00006353	LLED_OFF	0x00006353	0	LLED_OFF	0x00006353	0	LLED_OFF
MEMTEST	BLINK_DIGITS	357	90	9	1	0x0000635A	known	BLINK_DIGITS@MEMTEST	0x0000635A	BLINK_DIGITS	0x0000635A	0	BLINK_DIGITS	0x0000635A	0	BLINK_DIGITS
MEMTEST	BDL1	368	99	13	1	0x00006363	bounded_ok			BLINK_DIGITS	0x0000635A	9	BDL1X	0x00006370	13	BLINK_DIGITS
MEMTEST	BDL1X	380	112	9	1	0x00006370	known	BDL1X@MEMTEST	0x00006370	BDL1X	0x00006370	0	BDL1X	0x00006370	0	BDL1X
MEMTEST	BDL2	393	121	13	1	0x00006379	bounded_ok			BDL1X	0x00006370	9	BDL2X	0x00006386	13	BDL1X
MEMTEST	BDL2X	404	134	9	1	0x00006386	known	BDL2X@MEMTEST	0x00006386	BDL2X	0x00006386	0	BDL2X	0x00006386	0	BDL2X
MEMTEST	BDL3	415	143	13	1	0x0000638F	bounded_ok			BDL2X	0x00006386	9	BDL3X	0x0000639C	13	BDL2X
MEMTEST	BDL3X	425	156	16	1	0x0000639C	known	BDL3X@MEMTEST	0x0000639C	BDL3X	0x0000639C	0	BDL3X	0x0000639C	0	BDL3X
MEMTEST	TEST_CHIPS	447	172	24	1	0x000063AC	known	TEST_CHIPS	0x000063AC	TEST_CHIPS	0x000063AC	0	TEST_CHIPS	0x000063AC	0	TEST_CHIPS
MEMTEST	TESTLP1	470	196	14	1	0x000063C4	known	TESTLP1@MEMTEST	0x000063C4	TESTLP1	0x000063C4	0	TESTLP1	0x000063C4	0	TESTLP1
MEMTEST	CHECK_AS_RAM	495	210	17	1	0x000063D2	known	CHECK_AS_RAM@MEMTEST	0x000063D2	CHECK_AS_RAM	0x000063D2	0	CHECK_AS_RAM	0x000063D2	0	CHECK_AS_RAM
MEMTEST	DN_CHK	519	227	24	1	0x000063E3	known	DN_CHK@MEMTEST	0x000063E3	DN_CHK	0x000063E3	0	DN_CHK	0x000063E3	0	DN_CHK
MEMTEST	TEST_CHIPSX	548	251	2	1	0x000063FB	known	TEST_CHIPSX@MEMTEST	0x000063FB	TEST_CHIPSX	0x000063FB	0	TEST_CHIPSX	0x000063FB	0	TEST_CHIPSX
MEMTEST	PLOT_OUTLINE_OF_CHIPS	557	253	1	1	0x000063FD	known	PLOT_OUTLINE_OF_CHIPS@MEMTEST	0x000063FD	PLOT_OUTLINE_OF_CHIPS	0x000063FD	0	PLOT_OUTLINE_OF_CHIPS	0x000063FD	0	PLOT_OUTLINE_OF_CHIPS
MEMTEST	POOCL	559	254	25	1	0x000063FE	known	POOCL@MEMTEST	0x000063FE	POOCL	0x000063FE	0	POOCL	0x000063FE	0	POOCL
MEMTEST	CMOS_CHIP_DISPLAY	592	279	23	1	0x00006417	known	CMOS_CHIP_DISPLAY@MEMTEST	0x00006417	CMOS_CHIP_DISPLAY	0x00006417	0	CMOS_CHIP_DISPLAY	0x00006417	0	CMOS_CHIP_DISPLAY
MEMTEST	CMOS_CHIP_TEST	621	302	16	1	0x0000642E	known	CMOS_CHIP_TEST@MEMTEST	0x0000642E	CMOS_CHIP_TEST	0x0000642E	0	CMOS_CHIP_TEST	0x0000642E	0	CMOS_CHIP_TEST
MEMTEST	KKLL1	639	318	19	1	0x0000643E	bounded_ok			CMOS_CHIP_TEST	0x0000642E	16	RND2	0x00006451	19	CMOS_CHIP_TEST
MEMTEST	RND2	667	337	5	1	0x00006451	known	RND2@MEMTEST	0x00006451	RND2	0x00006451	0	RND2	0x00006451	0	RND2
MEMTEST	CM_ISERROR	677	342	2	1	0x00006456	known	CM_ISERROR@MEMTEST	0x00006456	CM_ISERROR	0x00006456	0	CM_ISERROR	0x00006456	0	CM_ISERROR
MEMTEST	KKJJ	680	344	32	1	0x00006458	known	KKJJ@MEMTEST	0x00006458	KKJJ	0x00006458	0	KKJJ	0x00006458	0	KKJJ
MEMTEST	TEST_BASICS	736	376	3	1	0x00006478	known	TEST_BASICS@MEMTEST	0x00006478	TEST_BASICS	0x00006478	0	TEST_BASICS	0x00006478	0	TEST_BASICS
MEMTEST	TSTBL1	741	379	100	1	0x0000647B	bounded_ok			TEST_BASICS	0x00006478	3	RAMTEST	0x00006527	172	TEST_BASICS
MEMTEST	TSTBL2	806	495	29	1	0x000064EF	bounded_ok			TEST_BASICS	0x00006478	119	RAMTEST	0x00006527	56	RAMTEST
MEMTEST	TSTBL2C	845	524	27	1	0x0000650C	bounded_ok			TEST_BASICS	0x00006478	148	RAMTEST	0x00006527	27	RAMTEST
MEMTEST	RAMTEST	908	551	2	1	0x00006527	known	RAMTEST@MEMTEST	0x00006527	RAMTEST	0x00006527	0	RAMTEST	0x00006527	0	RAMTEST
MEMTEST	RAMTEST_REAL	916	553	24	1	0x00006529	bounded_conflict			RAMTEST	0x00006527	2	COPY_RAMTEST	0x00006573	73	RAMTEST
MEMTEST	RAMTST0	939	577	2	1	0x00006541	bounded_conflict			RAMTEST	0x00006527	26	COPY_RAMTEST	0x00006573	49	RAMTEST
MEMTEST	RAMTST1	945	579	9	1	0x00006543	bounded_conflict			RAMTEST	0x00006527	28	COPY_RAMTEST	0x00006573	47	RAMTEST
MEMTEST	LKKK	958	588	10	1	0x0000654C	bounded_conflict			RAMTEST	0x00006527	37	COPY_RAMTEST	0x00006573	38	RAMTEST
MEMTEST	RAMTST3	977	598	14	1	0x00006556	bounded_conflict			RAMTEST	0x00006527	47	COPY_RAMTEST	0x00006573	28	COPY_RAMTEST
MEMTEST	JJJH	998	612	3	1	0x00006564	bounded_conflict			RAMTEST	0x00006527	61	COPY_RAMTEST	0x00006573	14	COPY_RAMTEST
MEMTEST	RAMRPT	1003	615	2	1	0x00006567	bounded_conflict			RAMTEST	0x00006527	64	COPY_RAMTEST	0x00006573	11	COPY_RAMTEST
MEMTEST	ENDING	1008	617	7	1	0x00006569	bounded_conflict			RAMTEST	0x00006527	66	COPY_RAMTEST	0x00006573	9	COPY_RAMTEST
MEMTEST	RAMERR	1017	624	2	1	0x00006570	bounded_conflict			RAMTEST	0x00006527	73	COPY_RAMTEST	0x00006573	2	COPY_RAMTEST
MEMTEST	COPY_RAMTEST	1027	626	8	1	0x00006573	known	COPY_RAMTEST@MEMTEST	0x00006573	COPY_RAMTEST	0x00006573	0	COPY_RAMTEST	0x00006573	0	COPY_RAMTEST
MEMTEST	BBCP	1038	634	2	1	0x0000657B	bounded_ok			COPY_RAMTEST	0x00006573	8	GENERATE_CHECKSUM	0x0000657D	2	GENERATE_CHECKSUM
MEMTEST	GENERATE_CHECKSUM	1060	636	18	1	0x0000657D	known	GENERATE_CHECKSUM@MEMTEST	0x0000657D	GENERATE_CHECKSUM	0x0000657D	0	GENERATE_CHECKSUM	0x0000657D	0	GENERATE_CHECKSUM
MEMTEST	CHKSUMG	1073	654	7	1	0x0000658F	forward_extrapolated			GENERATE_CHECKSUM	0x0000657D	18				GENERATE_CHECKSUM
MOTION	INITIALIZATION_MOTION_CHECK	71	0	18	1	0x00004541	known	INITIALIZATION_MOTION_CHECK	0x00004541	INITIALIZATION_MOTION_CHECK	0x00004541	0	INITIALIZATION_MOTION_CHECK	0x00004541	0	INITIALIZATION_MOTION_CHECK
MOTION	JAJA66	136	41	1	1	0x0000456A	known	JAJA66@MOTION	0x0000456A	JAJA66	0x0000456A	0	JAJA66	0x0000456A	0	JAJA66
MOTION	JAJA887	137	42	3	1	0x0000456B	known	JAJA887@MOTION	0x0000456B	JAJA887	0x0000456B	0	JAJA887	0x0000456B	0	JAJA887
MOTION	GLLLT	143	45	3	1	0x0000456E	bounded_ok			JAJA887	0x0000456B	3	SAFETY_ERROR_CHK	0x00004571	3	JAJA887
MOTION	SAFETY_ERROR_CHK	154	48	1	1	0x00004571	known	SAFETY_ERROR_CHK@MOTION	0x00004571	SAFETY_ERROR_CHK	0x00004571	0	SAFETY_ERROR_CHK	0x00004571	0	SAFETY_ERROR_CHK
MOTION	MILOOP2	157	49	19	1	0x00004572	bounded_ok			SAFETY_ERROR_CHK	0x00004571	1	NO_ERRORMIL	0x00004585	19	SAFETY_ERROR_CHK
MOTION	NO_ERRORMIL	178	68	13	1	0x00004585	known	NO_ERRORMIL@MOTION	0x00004585	NO_ERRORMIL	0x00004585	0	NO_ERRORMIL	0x00004585	0	NO_ERRORMIL
MOTION	LLLT	192	81	7	1	0x00004592	bounded_ok			NO_ERRORMIL	0x00004585	13	NO_UP_LIM_YET	0x000045AE	28	NO_ERRORMIL
MOTION	MILOOP1	201	88	21	1	0x00004599	bounded_ok			NO_ERRORMIL	0x00004585	20	NO_UP_LIM_YET	0x000045AE	21	NO_ERRORMIL
MOTION	NO_UP_LIM_YET	235	109	8	1	0x000045AE	known	NO_UP_LIM_YET@MOTION	0x000045AE	NO_UP_LIM_YET	0x000045AE	0	NO_UP_LIM_YET	0x000045AE	0	NO_UP_LIM_YET
MOTION	NO_UP_SAFETY_ERROR	247	117	2	1	0x000045B6	known	NO_UP_SAFETY_ERROR@MOTION	0x000045B6	NO_UP_SAFETY_ERROR	0x000045B6	0	NO_UP_SAFETY_ERROR	0x000045B6	0	NO_UP_SAFETY_ERROR
MOTION	GOT_ALL_UPPERS	254	119	12	1	0x000045B8	known	GOT_ALL_UPPERS@MOTION	0x000045B8	GOT_ALL_UPPERS	0x000045B8	0	GOT_ALL_UPPERS	0x000045B8	0	GOT_ALL_UPPERS
MOTION	LLLLT	290	140	3	1	0x000045CD	bounded_ok			GOT_ALL_UPPERS	0x000045B8	21	NO_LO_LIM_YET	0x000045E5	24	GOT_ALL_UPPERS
MOTION	MILOOP1LOW	297	143	21	1	0x000045D0	bounded_ok			GOT_ALL_UPPERS	0x000045B8	24	NO_LO_LIM_YET	0x000045E5	21	NO_LO_LIM_YET
MOTION	NO_LO_LIM_YET	330	164	8	1	0x000045E5	known	NO_LO_LIM_YET@MOTION	0x000045E5	NO_LO_LIM_YET	0x000045E5	0	NO_LO_LIM_YET	0x000045E5	0	NO_LO_LIM_YET
MOTION	NO_LO_SAFETY_ERROR	343	172	2	1	0x000045ED	known	NO_LO_SAFETY_ERROR@MOTION	0x000045ED	NO_LO_SAFETY_ERROR	0x000045ED	0	NO_LO_SAFETY_ERROR	0x000045ED	0	NO_LO_SAFETY_ERROR
MOTION	GOT_ALL_LOWERS	350	174	6	1	0x000045EF	known	GOT_ALL_LOWERS@MOTION	0x000045EF	GOT_ALL_LOWERS	0x000045EF	0	GOT_ALL_LOWERS	0x000045EF	0	GOT_ALL_LOWERS
MOTION	LLLTA	365	180	39	1	0x000045F5	bounded_ok			GOT_ALL_LOWERS	0x000045EF	6	SEND_MOTOR_OFF_NO_RESET	0x00004626	49	GOT_ALL_LOWERS
MOTION	SEND_MOTOR_OFF	471	219	10	1	0x0000461C	bounded_ok			GOT_ALL_LOWERS	0x000045EF	45	SEND_MOTOR_OFF_NO_RESET	0x00004626	10	SEND_MOTOR_OFF_NO_RESET
MOTION	SEND_MOTOR_OFF_NO_RESET	489	229	12	1	0x00004626	known	SEND_MOTOR_OFF_NO_RESET@MOTION	0x00004626	SEND_MOTOR_OFF_NO_RESET	0x00004626	0	SEND_MOTOR_OFF_NO_RESET	0x00004626	0	SEND_MOTOR_OFF_NO_RESET
MOTION	MOTOFF_LOOP	501	241	28	1	0x00004632	known	MOTOFF_LOOP@MOTION	0x00004632	MOTOFF_LOOP	0x00004632	0	MOTOFF_LOOP	0x00004632	0	MOTOFF_LOOP
MOTION	MOTOFF_DONE	530	269	7	1	0x0000464E	known	MOTOFF_DONE@MOTION	0x0000464E	MOTOFF_DONE	0x0000464E	0	MOTOFF_DONE	0x0000464E	0	MOTOFF_DONE
MOTION	INIT_MOTION_ERROROUT	536	276	11	1	0x00004655	known	INIT_MOTION_ERROROUT@MOTION	0x00004655	INIT_MOTION_ERROROUT	0x00004655	0	INIT_MOTION_ERROROUT	0x00004655	0	INIT_MOTION_ERROROUT
MOTION	GDLPAA	548	287	37	1	0x00004660	bounded_ok			INIT_MOTION_ERROROUT	0x00004655	11	NNE1	0x00004685	37	INIT_MOTION_ERROROUT
MOTION	NNE1	577	324	7	1	0x00004685	known	NNE1@MOTION	0x00004685	NNE1	0x00004685	0	NNE1	0x00004685	0	NNE1
MOTION	FFFD	586	331	9	1	0x0000468C	known	FFFD@MOTION	0x0000468C	FFFD	0x0000468C	0	FFFD	0x0000468C	0	FFFD
MOTION	WAIT500	641	340	8	1	0x0000469A	known	WAIT500@MOTION	0x0000469A	WAIT500	0x0000469A	0	WAIT500	0x0000469A	0	WAIT500
MOTION	WT500X	651	348	2	1	0x000046A2	known	WT500X@MOTION	0x000046A2	WT500X	0x000046A2	0	WT500X	0x000046A2	0	WT500X
MOTION	CHECK_MOTION_DIP	659	350	10	1	0x000046A4	known	CHECK_MOTION_DIP	0x000046A4	CHECK_MOTION_DIP	0x000046A4	0	CHECK_MOTION_DIP	0x000046A4	0	CHECK_MOTION_DIP
MOTION	CHECK_MOTION_PRESENT	674	360	4	1	0x000046AE	known	CHECK_MOTION_PRESENT	0x000046AE	CHECK_MOTION_PRESENT	0x000046AE	0	CHECK_MOTION_PRESENT	0x000046AE	0	CHECK_MOTION_PRESENT
MOTION	DIAG_MOTION_TESTZ	679	364	2	1	0x000046B2	bounded_ok			CHECK_MOTION_PRESENT	0x000046AE	4	PLMOTION	0x0000473B	137	CHECK_MOTION_PRESENT
MOTION	DIAG_MOTION_TESTX	682	366	2	1	0x000046B4	bounded_ok			CHECK_MOTION_PRESENT	0x000046AE	6	PLMOTION	0x0000473B	135	CHECK_MOTION_PRESENT
MOTION	DIAG_MOTION_TESTY	685	368	2	1	0x000046B6	bounded_ok			CHECK_MOTION_PRESENT	0x000046AE	8	PLMOTION	0x0000473B	133	CHECK_MOTION_PRESENT
MOTION	DIAG_MOTION_BURNIN	689	370	1	1	0x000046B8	bounded_ok			CHECK_MOTION_PRESENT	0x000046AE	10	PLMOTION	0x0000473B	131	CHECK_MOTION_PRESENT
MOTION	MOTION_BURNIN_J	692	371	22	1	0x000046B9	bounded_ok			CHECK_MOTION_PRESENT	0x000046AE	11	PLMOTION	0x0000473B	130	CHECK_MOTION_PRESENT
MOTION	MBI_LP	720	393	11	1	0x000046CF	bounded_ok			CHECK_MOTION_PRESENT	0x000046AE	33	PLMOTION	0x0000473B	108	CHECK_MOTION_PRESENT
MOTION	JAJA	734	404	6	1	0x000046DA	bounded_ok			CHECK_MOTION_PRESENT	0x000046AE	44	PLMOTION	0x0000473B	97	CHECK_MOTION_PRESENT
MOTION	JJ5	744	410	6	1	0x000046E0	bounded_ok			CHECK_MOTION_PRESENT	0x000046AE	50	PLMOTION	0x0000473B	91	CHECK_MOTION_PRESENT
MOTION	JJ6	752	416	6	1	0x000046E6	bounded_ok			CHECK_MOTION_PRESENT	0x000046AE	56	PLMOTION	0x0000473B	85	CHECK_MOTION_PRESENT
MOTION	JJ7	760	422	79	1	0x000046EC	bounded_ok			CHECK_MOTION_PRESENT	0x000046AE	62	PLMOTION	0x0000473B	79	CHECK_MOTION_PRESENT
MOTION	PLMOTION	841	501	13	1	0x0000473B	known	PLMOTION	0x0000473B	PLMOTION	0x0000473B	0	PLMOTION	0x0000473B	0	PLMOTION
MOTION	NO_NEW_MOTION_ERRORS	902	529	14	1	0x00004757	known	NO_NEW_MOTION_ERRORS@MOTION	0x00004757	NO_NEW_MOTION_ERRORS	0x00004757	0	NO_NEW_MOTION_ERRORS	0x00004757	0	NO_NEW_MOTION_ERRORS
MOTION	NO_PREVMOTION_ERRORS	941	549	10	1	0x0000476B	known	NO_PREVMOTION_ERRORS@MOTION	0x0000476B	NO_PREVMOTION_ERRORS	0x0000476B	0	NO_PREVMOTION_ERRORS	0x0000476B	0	NO_PREVMOTION_ERRORS
MOTION	KKGK	984	559	16	1	0x00004775	bounded_ok			NO_PREVMOTION_ERRORS	0x0000476B	10	LEVEL_THE_MOTION	0x00004845	208	NO_PREVMOTION_ERRORS
MOTION	NO_MOTION_ERRORS	1080	623	68	1	0x000047B5	bounded_ok			NO_PREVMOTION_ERRORS	0x0000476B	74	LEVEL_THE_MOTION	0x00004845	144	NO_PREVMOTION_ERRORS
MOTION	MOTION_SCALE_ENTER	1211	691	11	1	0x000047F9	bounded_ok			NO_PREVMOTION_ERRORS	0x0000476B	142	LEVEL_THE_MOTION	0x00004845	76	LEVEL_THE_MOTION
MOTION	N76	1273	724	21	1	0x0000481A	bounded_ok			NO_PREVMOTION_ERRORS	0x0000476B	175	LEVEL_THE_MOTION	0x00004845	43	LEVEL_THE_MOTION
MOTION	N77	1301	745	21	1	0x0000482F	bounded_ok			NO_PREVMOTION_ERRORS	0x0000476B	196	LEVEL_THE_MOTION	0x00004845	22	LEVEL_THE_MOTION
MOTION	N78	1329	766	1	1	0x00004844	bounded_ok			NO_PREVMOTION_ERRORS	0x0000476B	217	LEVEL_THE_MOTION	0x00004845	1	LEVEL_THE_MOTION
MOTION	LEVEL_THE_MOTION	1336	767	51	1	0x00004845	known	LEVEL_THE_MOTION	0x00004845	LEVEL_THE_MOTION	0x00004845	0	LEVEL_THE_MOTION	0x00004845	0	LEVEL_THE_MOTION
MOTION	IBO654	1460	818	7	1	0x000048D5	known	IBO654@MOTION	0x000048D5	IBO654	0x000048D5	0	IBO654	0x000048D5	0	IBO654
MOTION	DNF	1470	825	7	1	0x000048DC	known	DNF@MOTION	0x000048DC	DNF	0x000048DC	0	DNF	0x000048DC	0	DNF
MOTION	SEND_CMD	1516	832	28	1	0x000048E3	known	SEND_CMD	0x000048E3	SEND_CMD	0x000048E3	0	SEND_CMD	0x000048E3	0	SEND_CMD
MOTION	LLKK	1544	860	4	1	0x000048FF	known	LLKK@MOTION	0x000048FF	LLKK	0x000048FF	0	LLKK	0x000048FF	0	LLKK
MOTION	REGLP	1548	864	15	1	0x00004903	known	REGLP@MOTION	0x00004903	REGLP	0x00004903	0	REGLP	0x00004903	0	REGLP
MOTION	KKKII	1566	879	10	1	0x00004912	known	KKKII@MOTION	0x00004912	KKKII	0x00004912	0	KKKII	0x00004912	0	KKKII
MOTION	RESET_GALIL	1583	889	43	1	0x0000491C	known	RESET_GALIL	0x0000491C	RESET_GALIL	0x0000491C	0	RESET_GALIL	0x0000491C	0	RESET_GALIL
MOTION	ABORT_RESET_GALIL	1639	932	30	1	0x00004947	known	ABORT_RESET_GALIL	0x00004947	ABORT_RESET_GALIL	0x00004947	0	ABORT_RESET_GALIL	0x00004947	0	ABORT_RESET_GALIL
MOTION	MOTION_DLPROG	1683	962	13	1	0x00004965	known	MOTION_DLPROG	0x00004965	MOTION_DLPROG	0x00004965	0	MOTION_DLPROG	0x00004965	0	MOTION_DLPROG
MOTION	GALIL_ERR1	1707	975	6	1	0x00004972	bounded_ok			MOTION_DLPROG	0x00004965	13	WAITMSEC	0x000049A2	48	MOTION_DLPROG
MOTION	GDLP	1713	981	18	1	0x00004978	bounded_ok			MOTION_DLPROG	0x00004965	19	WAITMSEC	0x000049A2	42	MOTION_DLPROG
MOTION	GALIL_ERROR	1733	999	6	1	0x0000498A	bounded_ok			MOTION_DLPROG	0x00004965	37	WAITMSEC	0x000049A2	24	WAITMSEC
MOTION	GLP	1746	1005	18	1	0x00004990	bounded_ok			MOTION_DLPROG	0x00004965	43	WAITMSEC	0x000049A2	18	WAITMSEC
MOTION	WAITMSEC	1767	1023	1	1	0x000049A2	known	WAITMSEC@MOTION	0x000049A2	WAITMSEC	0x000049A2	0	WAITMSEC	0x000049A2	0	WAITMSEC
MOTION	WTMLP	1769	1024	3	1	0x000049A3	known	WTMLP@MOTION	0x000049A3	WTMLP	0x000049A3	0	WTMLP	0x000049A3	0	WTMLP
MOTION	CHECK_MOTION_ERROR	1786	1027	13	1	0x000049A7	known	CHECK_MOTION_ERROR@MOTION	0x000049A7	CHECK_MOTION_ERROR	0x000049A7	0	CHECK_MOTION_ERROR	0x000049A7	0	CHECK_MOTION_ERROR
MOTION	CME_NO_MOTION_ERRORS	1803	1040	4	1	0x000049B4	known	CME_NO_MOTION_ERRORS@MOTION	0x000049B4	CME_NO_MOTION_ERRORS	0x000049B4	0	CME_NO_MOTION_ERRORS	0x000049B4	0	CME_NO_MOTION_ERRORS
MOTION	CLEAR_LATCH_ERROR	1813	1044	10	1	0x000049B8	known	CLEAR_LATCH_ERROR	0x000049B8	CLEAR_LATCH_ERROR	0x000049B8	0	CLEAR_LATCH_ERROR	0x000049B8	0	CLEAR_LATCH_ERROR
MOTION	LATCH_ERROR	1820	1054	7	1	0x000049C2	known	LATCH_ERROR	0x000049C2	LATCH_ERROR	0x000049C2	0	LATCH_ERROR	0x000049C2	0	LATCH_ERROR
MOTION	G_READY	1835	1061	22	1	0x000049C9	known	G_READY@MOTION	0x000049C9	G_READY	0x000049C9	0	G_READY	0x000049C9	0	G_READY
MOTION	G_CHAR	1865	1083	28	1	0x000049DF	known	G_CHAR@MOTION	0x000049DF	G_CHAR	0x000049DF	0	G_CHAR	0x000049DF	0	G_CHAR
MOTION	GS0	1903	1111	11	1	0x000049FB	known	GS0@MOTION	0x000049FB	GS0	0x000049FB	0	GS0	0x000049FB	0	GS0
MOTION	NOTPERR	1918	1122	11	1	0x00004A06	known	NOTPERR@MOTION	0x00004A06	NOTPERR	0x00004A06	0	NOTPERR	0x00004A06	0	NOTPERR
MOTION	NOTQSTATUS	1932	1133	4	1	0x00004A11	known	NOTQSTATUS@MOTION	0x00004A11	NOTQSTATUS	0x00004A11	0	NOTQSTATUS	0x00004A11	0	NOTQSTATUS
MOTION	NOTQQERRORX	1940	1137	4	1	0x00004A15	known	NOTQQERRORX@MOTION	0x00004A15	NOTQQERRORX	0x00004A15	0	NOTQQERRORX	0x00004A15	0	NOTQQERRORX
MOTION	NOTQQERRORY	1946	1141	4	1	0x00004A19	known	NOTQQERRORY@MOTION	0x00004A19	NOTQQERRORY	0x00004A19	0	NOTQQERRORY	0x00004A19	0	NOTQQERRORY
MOTION	SHOWENCODER	1963	1145	15	1	0x00004A1D	known	SHOWENCODER@MOTION	0x00004A1D	SHOWENCODER	0x00004A1D	0	SHOWENCODER	0x00004A1D	0	SHOWENCODER
MOTION	NOTQQERROR	1986	1160	6	1	0x00004A2C	bounded_ok			SHOWENCODER	0x00004A1D	15	GS1	0x00004A32	6	GS1
MOTION	GS1	1993	1166	6	1	0x00004A32	known	GS1@MOTION	0x00004A32	GS1	0x00004A32	0	GS1	0x00004A32	0	GS1
MOTION	GS2	2000	1172	6	1	0x00004A38	known	GS2@MOTION	0x00004A38	GS2	0x00004A38	0	GS2	0x00004A38	0	GS2
MOTION	GSX	2007	1178	1	1	0x00004A3E	known	GSX@MOTION	0x00004A3E	GSX	0x00004A3E	0	GSX	0x00004A3E	0	GSX
MOTION	G_HEX	2019	1179	17	1	0x00004A3F	known	G_HEX@MOTION	0x00004A3F	G_HEX	0x00004A3F	0	G_HEX	0x00004A3F	0	G_HEX
MOTION	GHX	2041	1196	2	1	0x00004A50	known	GHX@MOTION	0x00004A50	GHX	0x00004A50	0	GHX	0x00004A50	0	GHX
MOTION	ASCIIHEX	2052	1198	9	1	0x00004A52	known	ASCIIHEX@MOTION	0x00004A52	ASCIIHEX	0x00004A52	0	ASCIIHEX	0x00004A52	0	ASCIIHEX
MOTION	AH1	2065	1207	2	1	0x00004A5B	known	AH1@MOTION	0x00004A5B	AH1	0x00004A5B	0	AH1	0x00004A5B	0	AH1
MOTION	ASCERR	2068	1209	2	1	0x00004A5D	known	ASCERR@MOTION	0x00004A5D	ASCERR	0x00004A5D	0	ASCERR	0x00004A5D	0	ASCERR
MOTION	WAIT_ACK	2076	1211	7	1	0x00004A5F	known	WAIT_ACK	0x00004A5F	WAIT_ACK	0x00004A5F	0	WAIT_ACK	0x00004A5F	0	WAIT_ACK
MOTION	WAIT_ACK_LOOP	2081	1218	9	1	0x00004A66	known	WAIT_ACK_LOOP@MOTION	0x00004A66	WAIT_ACK_LOOP	0x00004A66	0	WAIT_ACK_LOOP	0x00004A66	0	WAIT_ACK_LOOP
MOTION	EXITL2	2094	1227	2	1	0x00004A6F	known	EXITL2@MOTION	0x00004A6F	EXITL2	0x00004A6F	0	EXITL2	0x00004A6F	0	EXITL2
MOTION	NO_RESPONSE	2101	1229	5	1	0x00004A71	known	NO_RESPONSE@MOTION	0x00004A71	NO_RESPONSE	0x00004A71	0	NO_RESPONSE	0x00004A71	0	NO_RESPONSE
MOTION	WAIT_ACK_REAL	2110	1234	1	1	0x00004A76	known	WAIT_ACK_REAL@MOTION	0x00004A76	WAIT_ACK_REAL	0x00004A76	0	WAIT_ACK_REAL	0x00004A76	0	WAIT_ACK_REAL
MOTION	WAR0	2113	1235	5	1	0x00004A77	known	WAR0@MOTION	0x00004A77	WAR0	0x00004A77	0	WAR0	0x00004A77	0	WAR0
MOTION	WAR1	2119	1240	1	1	0x00004A7C	known	WAR1@MOTION	0x00004A7C	WAR1	0x00004A7C	0	WAR1	0x00004A7C	0	WAR1
MOTION	WAR1L	2121	1241	5	1	0x00004A7D	known	WAR1L@MOTION	0x00004A7D	WAR1L	0x00004A7D	0	WAR1L	0x00004A7D	0	WAR1L
MOTION	EXITL2A	2129	1246	1	1	0x00004A82	known	EXITL2A@MOTION	0x00004A82	EXITL2A	0x00004A82	0	EXITL2A	0x00004A82	0	EXITL2A
MOTION	UPPER_LIMIT_ERROR	2139	1247	5	1	0x00004A83	known	UPPER_LIMIT_ERROR@MOTION	0x00004A83	UPPER_LIMIT_ERROR	0x00004A83	0	UPPER_LIMIT_ERROR	0x00004A83	0	UPPER_LIMIT_ERROR
MOTION	ULLERR	2155	1252	20	1	0x00004A88	bounded_ok			UPPER_LIMIT_ERROR	0x00004A83	5	ULL1	0x00004A9C	20	UPPER_LIMIT_ERROR
MOTION	ULL1	2169	1272	7	1	0x00004A9C	known	ULL1@MOTION	0x00004A9C	ULL1	0x00004A9C	0	ULL1	0x00004A9C	0	ULL1
MOTION	ULL2	2174	1279	7	1	0x00004AA3	known	ULL2@MOTION	0x00004AA3	ULL2	0x00004AA3	0	ULL2	0x00004AA3	0	ULL2
MOTION	ULL3	2179	1286	4	1	0x00004AAA	known	ULL3@MOTION	0x00004AAA	ULL3	0x00004AAA	0	ULL3	0x00004AAA	0	ULL3
MOTION	LOWER_LIMIT_ERROR	2190	1290	11	1	0x00004AAE	known	LOWER_LIMIT_ERROR@MOTION	0x00004AAE	LOWER_LIMIT_ERROR	0x00004AAE	0	LOWER_LIMIT_ERROR	0x00004AAE	0	LOWER_LIMIT_ERROR
MOTION	LLLERR	2208	1301	20	1	0x00004AB9	bounded_ok			LOWER_LIMIT_ERROR	0x00004AAE	11	LLL1	0x00004ACD	20	LOWER_LIMIT_ERROR
MOTION	LLL1	2224	1321	7	1	0x00004ACD	known	LLL1@MOTION	0x00004ACD	LLL1	0x00004ACD	0	LLL1	0x00004ACD	0	LLL1
MOTION	LLL2	2229	1328	7	1	0x00004AD4	known	LLL2@MOTION	0x00004AD4	LLL2	0x00004AD4	0	LLL2	0x00004AD4	0	LLL2
MOTION	LLL3	2234	1335	4	1	0x00004ADB	known	LLL3@MOTION	0x00004ADB	LLL3	0x00004ADB	0	LLL3	0x00004ADB	0	LLL3
MPROC	PRC_DEBUG_CHECK	40	0	1	1	0x0000A86E	backward_extrapolated						PRC_CREATE	0x0000A86F	1	PRC_CREATE
MPROC	PRC_CREATE	73	1	13	1	0x0000A86F	known	PRC_CREATE	0x0000A86F	PRC_CREATE	0x0000A86F	0	PRC_CREATE	0x0000A86F	0	PRC_CREATE
MPROC	GETPROC0	80	14	21	1	0x0000A87C	known	GETPROC0@MPROC	0x0000A87C	GETPROC0	0x0000A87C	0	GETPROC0	0x0000A87C	0	GETPROC0
MPROC	GETPROCX	118	35	2	1	0x0000A891	known	GETPROCX@MPROC	0x0000A891	GETPROCX	0x0000A891	0	GETPROCX	0x0000A891	0	GETPROCX
MPROC	PRC_CREATE_CHILD	132	37	10	1	0x0000A893	known	PRC_CREATE_CHILD	0x0000A893	PRC_CREATE_CHILD	0x0000A893	0	PRC_CREATE_CHILD	0x0000A893	0	PRC_CREATE_CHILD
MPROC	DISPPROC	170	47	2	1	0x0000A89D	bounded_ok			PRC_CREATE_CHILD	0x0000A893	10	SLEEP	0x0000A89F	2	SLEEP
MPROC	SLEEP	183	49	13	1	0x0000A89F	known	SLEEP	0x0000A89F	SLEEP	0x0000A89F	0	SLEEP	0x0000A89F	0	SLEEP
MPROC	NEXTPRC	223	62	1	1	0x0000A8AC	known	NEXTPRC@MPROC	0x0000A8AC	NEXTPRC	0x0000A8AC	0	NEXTPRC	0x0000A8AC	0	NEXTPRC
MPROC	NP1	224	63	8	1	0x0000A8AD	bounded_ok			NEXTPRC	0x0000A8AC	1	SUICIDE	0x0000A8C1	20	NEXTPRC
MPROC	EXEC	236	71	11	1	0x0000A8B5	bounded_ok			NEXTPRC	0x0000A8AC	9	SUICIDE	0x0000A8C1	12	NEXTPRC
MPROC	DISPPRCX	255	82	1	1	0x0000A8C0	bounded_ok			NEXTPRC	0x0000A8AC	20	SUICIDE	0x0000A8C1	1	SUICIDE
MPROC	SUICIDE	269	83	5	1	0x0000A8C1	known	SUICIDE	0x0000A8C1	SUICIDE	0x0000A8C1	0	SUICIDE	0x0000A8C1	0	SUICIDE
MPROC	DIELP	305	88	17	1	0x0000A8C6	known	DIELP@MPROC	0x0000A8C6	DIELP	0x0000A8C6	0	DIELP	0x0000A8C6	0	DIELP
MPROC	PRC_KILL	329	105	13	1	0x0000A8D7	known	PRC_KILL	0x0000A8D7	PRC_KILL	0x0000A8D7	0	PRC_KILL	0x0000A8D7	0	PRC_KILL
MPROC	KILLP	338	118	19	1	0x0000A8E4	known	KILLP@MPROC	0x0000A8E4	KILLP	0x0000A8E4	0	KILLP	0x0000A8E4	0	KILLP
MPROC	KILL_X	355	137	3	1	0x0000A8F7	known	KILL_X@MPROC	0x0000A8F7	KILL_X	0x0000A8F7	0	KILL_X	0x0000A8F7	0	KILL_X
MPROC	PRC_KILLALL	385	140	4	1	0x0000A8FA	known	PRC_KILLALL	0x0000A8FA	PRC_KILLALL	0x0000A8FA	0	PRC_KILLALL	0x0000A8FA	0	PRC_KILLALL
MPROC	KILLALLP	390	144	1	1	0x0000A8FE	known	KILLALLP@MPROC	0x0000A8FE	KILLALLP	0x0000A8FE	0	KILLALLP	0x0000A8FE	0	KILLALLP
MPROC	KLP0	392	145	15	1	0x0000A8FF	known	KLP0@MPROC	0x0000A8FF	KLP0	0x0000A8FF	0	KLP0	0x0000A8FF	0	KLP0
MPROC	KADONE	425	160	3	1	0x0000A90E	known	KADONE@MPROC	0x0000A90E	KADONE	0x0000A90E	0	KADONE	0x0000A90E	0	KADONE
MPROC	PRC_EXISTP	451	163	5	1	0x0000A911	bounded_ok			KADONE	0x0000A90E	3	PRC_INIT	0x0000A920	15	KADONE
MPROC	EXPL	457	168	8	1	0x0000A916	bounded_ok			KADONE	0x0000A90E	8	PRC_INIT	0x0000A920	10	KADONE
MPROC	EXDONE	467	176	2	1	0x0000A91E	bounded_ok			KADONE	0x0000A90E	16	PRC_INIT	0x0000A920	2	PRC_INIT
MPROC	PRC_INIT	476	178	12	1	0x0000A920	known	PRC_INIT	0x0000A920	PRC_INIT	0x0000A920	0	PRC_INIT	0x0000A920	0	PRC_INIT
MPROC	PINITL	491	190	7	1	0x0000A92C	known	PINITL@MPROC	0x0000A92C	PINITL	0x0000A92C	0	PINITL	0x0000A92C	0	PINITL
MPROC	PRC_XFER	520	197	6	1	0x0000A933	bounded_ok			PINITL	0x0000A92C	7	PRC_FIND	0x0000A93D	10	PINITL
MPROC	PRC_FINDNEXT	559	203	4	1	0x0000A939	bounded_ok			PINITL	0x0000A92C	13	PRC_FIND	0x0000A93D	4	PRC_FIND
MPROC	PRC_FIND	566	207	4	1	0x0000A93D	known	PRC_FIND	0x0000A93D	PRC_FIND	0x0000A93D	0	PRC_FIND	0x0000A93D	0	PRC_FIND
MPROC	FINDLP	572	211	2	1	0x0000A941	bounded_ok			PRC_FIND	0x0000A93D	4	FINDE	0x0000A943	2	FINDE
MPROC	FINDE	576	213	5	1	0x0000A943	known	FINDE@MPROC	0x0000A943	FINDE	0x0000A943	0	FINDE	0x0000A943	0	FINDE
MPROC	FINDPROCX	583	218	2	1	0x0000A948	known	FINDPROCX@MPROC	0x0000A948	FINDPROCX	0x0000A948	0	FINDPROCX	0x0000A948	0	FINDPROCX
MPROC	PRC_FOLLOW	599	220	5	1	0x0000A94A	known	PRC_FOLLOW	0x0000A94A	PRC_FOLLOW	0x0000A94A	0	PRC_FOLLOW	0x0000A94A	0	PRC_FOLLOW
MPROC	PFOLLP	606	225	18	1	0x0000A94F	known	PFOLLP@MPROC	0x0000A94F	PFOLLP	0x0000A94F	0	PFOLLP	0x0000A94F	0	PFOLLP
MPROC	PROC_FOLLOW_X	621	243	5	1	0x0000A961	known	PROC_FOLLOW_X@MPROC	0x0000A961	PROC_FOLLOW_X	0x0000A961	0	PROC_FOLLOW_X	0x0000A961	0	PROC_FOLLOW_X
OBJ	OBJ_INIT	43	0	24	1	0x00007016	known	OBJ_INIT	0x00007016	OBJ_INIT	0x00007016	0	OBJ_INIT	0x00007016	0	OBJ_INIT
OBJ	OINITL	76	24	7	1	0x0000702E	known	OINITL@OBJ	0x0000702E	OINITL	0x0000702E	0	OINITL	0x0000702E	0	OINITL
OBJ	OBJ_GETE	103	31	13	1	0x00007035	known	OBJ_GETE	0x00007035	OBJ_GETE	0x00007035	0	OBJ_GETE	0x00007035	0	OBJ_GETE
OBJ	NOT_ILLUM	122	44	10	1	0x00007042	known	NOT_ILLUM@OBJ	0x00007042	NOT_ILLUM	0x00007042	0	NOT_ILLUM	0x00007042	0	NOT_ILLUM
OBJ	NOT_1PAL	135	54	4	1	0x0000704C	known	NOT_1PAL@OBJ	0x0000704C	NOT_1PAL	0x0000704C	0	NOT_1PAL	0x0000704C	0	NOT_1PAL
OBJ	OBJ_GET	158	58	40	1	0x00007050	known	OBJ_GET	0x00007050	OBJ_GET	0x00007050	0	OBJ_GET	0x00007050	0	OBJ_GET
OBJ	NOOBJ	207	98	11	1	0x00007078	known	NOOBJ@OBJ	0x00007078	NOOBJ	0x00007078	0	NOOBJ	0x00007078	0	NOOBJ
OBJ	GETDIST	225	109	24	1	0x00007083	known	GETDIST@OBJ	0x00007083	GETDIST	0x00007083	0	GETDIST	0x00007083	0	GETDIST
OBJ	OBJ_INSERTP	265	133	10	1	0x0000709B	known	OBJ_INSERTP	0x0000709B	OBJ_INSERTP	0x0000709B	0	OBJ_INSERTP	0x0000709B	0	OBJ_INSERTP
OBJ	INSOBJLP	279	143	6	1	0x000070A5	known	INSOBJLP@OBJ	0x000070A5	INSOBJLP	0x000070A5	0	INSOBJLP	0x000070A5	0	INSOBJLP
OBJ	INS_AT_ENDP	288	149	7	1	0x000070AB	known	INS_AT_ENDP@OBJ	0x000070AB	INS_AT_ENDP	0x000070AB	0	INS_AT_ENDP	0x000070AB	0	INS_AT_ENDP
OBJ	OBJ_INSERTLP	312	156	6	1	0x000070B2	bounded_ok			INS_AT_ENDP	0x000070AB	7	OBJ_INSERTHP	0x000070B8	6	OBJ_INSERTHP
OBJ	OBJ_INSERTHP	333	162	6	1	0x000070B8	known	OBJ_INSERTHP	0x000070B8	OBJ_INSERTHP	0x000070B8	0	OBJ_INSERTHP	0x000070B8	0	OBJ_INSERTHP
OBJ	OBJ_INSERT	351	168	10	1	0x000070BE	known	OBJ_INSERT	0x000070BE	OBJ_INSERT	0x000070BE	0	OBJ_INSERT	0x000070BE	0	OBJ_INSERT
OBJ	INSIDLE	365	178	8	1	0x000070C8	known	INSIDLE@OBJ	0x000070C8	INSIDLE	0x000070C8	0	INSIDLE	0x000070C8	0	INSIDLE
OBJ	INSACT	378	186	5	1	0x000070D0	known	INSACT@OBJ	0x000070D0	INSACT	0x000070D0	0	INSACT	0x000070D0	0	INSACT
OBJ	INSOBJL	386	191	6	1	0x000070D5	known	INSOBJL@OBJ	0x000070D5	INSOBJL	0x000070D5	0	INSOBJL	0x000070D5	0	INSOBJL
OBJ	INS_AT_END	395	197	2	1	0x000070DB	known	INS_AT_END@OBJ	0x000070DB	INS_AT_END	0x000070DB	0	INS_AT_END	0x000070DB	0	INS_AT_END
OBJ	INSOBJX	398	199	6	1	0x000070DD	known	INSOBJX@OBJ	0x000070DD	INSOBJX	0x000070DD	0	INSOBJX	0x000070DD	0	INSOBJX
OBJ	OBJ_FIND_FIRST_PRIORITY	419	205	3	1	0x000070E3	known	OBJ_FIND_FIRST_PRIORITY	0x000070E3	OBJ_FIND_FIRST_PRIORITY	0x000070E3	0	OBJ_FIND_FIRST_PRIORITY	0x000070E3	0	OBJ_FIND_FIRST_PRIORITY
OBJ	OBJ_FIND_FIRST	424	208	2	1	0x000070E6	known	OBJ_FIND_FIRST	0x000070E6	OBJ_FIND_FIRST	0x000070E6	0	OBJ_FIND_FIRST	0x000070E6	0	OBJ_FIND_FIRST
OBJ	L89	428	210	2	1	0x000070E8	known	L89@OBJ	0x000070E8	L89	0x000070E8	0	L89	0x000070E8	0	L89
OBJ	FF_LP	430	212	5	1	0x000070EA	known	FF_LP@OBJ	0x000070EA	FF_LP	0x000070EA	0	FF_LP	0x000070EA	0	FF_LP
OBJ	FF_ERR	436	217	3	1	0x000070EF	known	FF_ERR@OBJ	0x000070EF	FF_ERR	0x000070EF	0	FF_ERR	0x000070EF	0	FF_ERR
OBJ	FF_OK	440	220	3	1	0x000070F2	known	FF_OK@OBJ	0x000070F2	FF_OK	0x000070F2	0	FF_OK	0x000070F2	0	FF_OK
OBJ	OBJ_FREE_GROUND	449	223	5	1	0x000070F5	known	OBJ_FREE_GROUND	0x000070F5	OBJ_FREE_GROUND	0x000070F5	0	OBJ_FREE_GROUND	0x000070F5	0	OBJ_FREE_GROUND
OBJ	OBJ_FREE_SIGN	458	228	4	1	0x000070FA	known	OBJ_FREE_SIGN	0x000070FA	OBJ_FREE_SIGN	0x000070FA	0	OBJ_FREE_SIGN	0x000070FA	0	OBJ_FREE_SIGN
OBJ	DELSLP	464	232	15	1	0x000070FE	known	DELSLP@OBJ	0x000070FE	DELSLP	0x000070FE	0	DELSLP	0x000070FE	0	DELSLP
OBJ	NOT_ON_SUPPXLIST	474	247	3	1	0x0000710D	known	NOT_ON_SUPPXLIST@OBJ	0x0000710D	NOT_ON_SUPPXLIST	0x0000710D	0	NOT_ON_SUPPXLIST	0x0000710D	0	NOT_ON_SUPPXLIST
OBJ	OBJ_FREE_DRIVE	482	250	4	1	0x00007110	known	OBJ_FREE_DRIVE	0x00007110	OBJ_FREE_DRIVE	0x00007110	0	OBJ_FREE_DRIVE	0x00007110	0	OBJ_FREE_DRIVE
OBJ	DELRLP	488	254	15	1	0x00007114	known	DELRLP@OBJ	0x00007114	DELRLP	0x00007114	0	DELRLP	0x00007114	0	DELRLP
OBJ	NOT_ON_SUPPROADLIST	498	269	3	1	0x00007123	known	NOT_ON_SUPPROADLIST@OBJ	0x00007123	NOT_ON_SUPPROADLIST	0x00007123	0	NOT_ON_SUPPROADLIST	0x00007123	0	NOT_ON_SUPPROADLIST
OBJ	OBJ_FREE_PROC	507	272	5	1	0x00007126	known	OBJ_FREE_PROC	0x00007126	OBJ_FREE_PROC	0x00007126	0	OBJ_FREE_PROC	0x00007126	0	OBJ_FREE_PROC
OBJ	OBJ_DELETE	527	277	9	1	0x0000712B	known	OBJ_DELETE	0x0000712B	OBJ_DELETE	0x0000712B	0	OBJ_DELETE	0x0000712B	0	OBJ_DELETE
OBJ	DYNDEL	551	286	7	1	0x00007134	known	DYNDEL@OBJ	0x00007134	DYNDEL	0x00007134	0	DYNDEL	0x00007134	0	DYNDEL
OBJ	NOTDYNAMIC	563	293	22	1	0x0000713B	known	NOTDYNAMIC@OBJ	0x0000713B	NOTDYNAMIC	0x0000713B	0	NOTDYNAMIC	0x0000713B	0	NOTDYNAMIC
OBJ	DELLP	616	315	24	1	0x00007151	known	DELLP@OBJ	0x00007151	DELLP	0x00007151	0	DELLP	0x00007151	0	DELLP
OBJ	DELOBJX	638	339	5	1	0x00007169	known	DELOBJX@OBJ	0x00007169	DELOBJX	0x00007169	0	DELOBJX	0x00007169	0	DELOBJX
OBJ	OBJ_DELETE_CLASS	658	344	8	1	0x0000716E	bounded_ok			DELOBJX	0x00007169	5	ODC	0x00007176	8	DELOBJX
OBJ	ODC	669	352	3	1	0x00007176	known	ODC@OBJ	0x00007176	ODC	0x00007176	0	ODC	0x00007176	0	ODC
OBJ	ODCL2	673	355	10	1	0x00007179	known	ODCL2@OBJ	0x00007179	ODCL2	0x00007179	0	ODCL2	0x00007179	0	ODCL2
OBJ	ODCX	684	365	7	1	0x00007183	known	ODCX@OBJ	0x00007183	ODCX	0x00007183	0	ODCX	0x00007183	0	ODCX
OBJ	OBJ_PULL	706	372	11	1	0x0000718A	known	OBJ_PULL	0x0000718A	OBJ_PULL	0x0000718A	0	OBJ_PULL	0x0000718A	0	OBJ_PULL
OBJ	PULLP	722	383	18	1	0x00007195	known	PULLP@OBJ	0x00007195	PULLP	0x00007195	0	PULLP	0x00007195	0	PULLP
OBJ	PULOBJ_X	738	401	5	1	0x000071A7	known	PULOBJ_X@OBJ	0x000071A7	PULOBJ_X	0x000071A7	0	PULOBJ_X	0x000071A7	0	PULOBJ_X
OBJ	OBJ_FREE	754	406	6	1	0x000071AC	bounded_ok			PULOBJ_X	0x000071A7	5	ZSORTWT	0x000071B2	6	PULOBJ_X
OBJ	ZSORTWT	773	412	2	1	0x000071B2	known	ZSORTWT	0x000071B2	ZSORTWT	0x000071B2	0	ZSORTWT	0x000071B2	0	ZSORTWT
OBJ	ZSORTWL	777	414	8	1	0x000071B4	known	ZSORTWL@OBJ	0x000071B4	ZSORTWL	0x000071B4	0	ZSORTWL	0x000071B4	0	ZSORTWL
OBJ	ZSWTLP	788	422	6	1	0x000071BC	bounded_ok			ZSORTWL	0x000071B4	8	ZWPRIOK	0x000071CE	18	ZSORTWL
OBJ	DOSWAP	798	428	12	1	0x000071C2	bounded_ok			ZSORTWL	0x000071B4	14	ZWPRIOK	0x000071CE	12	ZWPRIOK
OBJ	ZWPRIOK	818	440	6	1	0x000071CE	known	ZWPRIOK@OBJ	0x000071CE	ZWPRIOK	0x000071CE	0	ZWPRIOK	0x000071CE	0	ZWPRIOK
OBJ	ZSWTXX	827	446	10	1	0x000071D4	known	ZSWTXX@OBJ	0x000071D4	ZSWTXX	0x000071D4	0	ZSWTXX	0x000071D4	0	ZSWTXX
OBJ	PLYRDLINK	849	456	1	1	0x000071DE	known	PLYRDLINK@OBJ	0x000071DE	PLYRDLINK	0x000071DE	0	PLYRDLINK	0x000071DE	0	PLYRDLINK
OBJ	PSORTNXT	851	457	5	1	0x000071DF	known	PSORTNXT@OBJ	0x000071DF	PSORTNXT	0x000071DF	0	PSORTNXT	0x000071DF	0	PSORTNXT
OBJ	PSORTL	859	462	4	1	0x000071E4	bounded_ok			PSORTNXT	0x000071DF	5	PLYRSORT	0x000071EA	6	PSORTNXT
OBJ	PDLINKX	867	466	2	1	0x000071E8	bounded_ok			PSORTNXT	0x000071DF	9	PLYRSORT	0x000071EA	2	PLYRSORT
OBJ	PLYRSORT	881	468	9	1	0x000071EA	known	PLYRSORT@OBJ	0x000071EA	PLYRSORT	0x000071EA	0	PLYRSORT	0x000071EA	0	PLYRSORT
OBJ	PSRT1L	894	477	12	1	0x000071F3	bounded_ok			PLYRSORT	0x000071EA	9	PSRT2A	0x000071FF	12	PLYRSORT
OBJ	PSRT2A	910	489	4	1	0x000071FF	known	PSRT2A@OBJ	0x000071FF	PSRT2A	0x000071FF	0	PSRT2A	0x000071FF	0	PSRT2A
OBJ	PSRT2	915	493	5	1	0x00007203	known	PSRT2@OBJ	0x00007203	PSRT2	0x00007203	0	PSRT2	0x00007203	0	PSRT2
OBJ	PSRT1NXT	921	498	6	1	0x00007208	known	PSRT1NXT@OBJ	0x00007208	PSRT1NXT	0x00007208	0	PSRT1NXT	0x00007208	0	PSRT1NXT
OBJ	PSORTX	931	504	1	1	0x0000720E	bounded_ok			PSRT1NXT	0x00007208	6	DRONESORT	0x0000720F	1	DRONESORT
OBJ	DRONESORT	947	505	4	1	0x0000720F	known	DRONESORT@OBJ	0x0000720F	DRONESORT	0x0000720F	0	DRONESORT	0x0000720F	0	DRONESORT
OBJ	DSORTL	955	509	8	1	0x00007213	bounded_ok			DRONESORT	0x0000720F	4	DSORTNXT	0x0000721B	8	DRONESORT
OBJ	DSORTNXT	967	517	5	1	0x0000721B	known	DSORTNXT@OBJ	0x0000721B	DSORTNXT	0x0000721B	0	DSORTNXT	0x0000721B	0	DSORTNXT
OBJ	DSORTX	976	522	2	1	0x00007220	bounded_ok			DSORTNXT	0x0000721B	5	NXTDRONE	0x00007222	2	NXTDRONE
OBJ	NXTDRONE	984	524	44	1	0x00007222	known	NXTDRONE@OBJ	0x00007222	NXTDRONE	0x00007222	0	NXTDRONE	0x00007222	0	NXTDRONE
OBJ	DSORTL1	1043	568	2	1	0x0000724E	known	DSORTL1@OBJ	0x0000724E	DSORTL1	0x0000724E	0	DSORTL1	0x0000724E	0	DSORTL1
OBJ	DSORTL1X	1046	570	6	1	0x00007250	known	DSORTL1X@OBJ	0x00007250	DSORTL1X	0x00007250	0	DSORTL1X	0x00007250	0	DSORTL1X
OBJ	DSORTL2	1054	576	3	1	0x00007256	known	DSORTL2@OBJ	0x00007256	DSORTL2	0x00007256	0	DSORTL2	0x00007256	0	DSORTL2
OBJ	DZSORTUP	1064	579	8	1	0x00007259	known	DZSORTUP@OBJ	0x00007259	DZSORTUP	0x00007259	0	DZSORTUP	0x00007259	0	DZSORTUP
OBJ	DSLP1	1074	587	4	1	0x00007261	bounded_ok			DZSORTUP	0x00007259	8	DSL000	0x00007265	4	DSL000
OBJ	DSL000	1079	591	2	1	0x00007265	known	DSL000@OBJ	0x00007265	DSL000	0x00007265	0	DSL000	0x00007265	0	DSL000
OBJ	DSL00	1082	593	1	1	0x00007267	known	DSL00@OBJ	0x00007267	DSL00	0x00007267	0	DSL00	0x00007267	0	DSL00
OBJ	DSL11	1084	594	6	1	0x00007268	known	DSL11@OBJ	0x00007268	DSL11	0x00007268	0	DSL11	0x00007268	0	DSL11
OBJ	DZSORTUP1	1097	600	2	1	0x0000726E	known	DZSORTUP1@OBJ	0x0000726E	DZSORTUP1	0x0000726E	0	DZSORTUP1	0x0000726E	0	DZSORTUP1
OBJ	DSLP	1100	602	2	1	0x00007270	bounded_ok			DZSORTUP1	0x0000726E	2	DSL1	0x00007272	2	DZSORTUP1
OBJ	DSL1	1103	604	5	1	0x00007272	known	DSL1@OBJ	0x00007272	DSL1	0x00007272	0	DSL1	0x00007272	0	DSL1
OBJ	DSDONE	1110	609	3	1	0x00007277	known	DSDONE@OBJ	0x00007277	DSDONE	0x00007277	0	DSDONE	0x00007277	0	DSDONE
OBJ	DSORTLLL	1116	612	2	1	0x0000727A	bounded_ok			DSDONE	0x00007277	3	DSORTXX	0x0000727C	2	DSORTXX
OBJ	DSORTXX	1120	614	1	1	0x0000727C	known	DSORTXX@OBJ	0x0000727C	DSORTXX	0x0000727C	0	DSORTXX	0x0000727C	0	DSORTXX
OBJ	OSCAN	1134	615	4	1	0x0000727F	known	OSCAN	0x0000727F	OSCAN	0x0000727F	0	OSCAN	0x0000727F	0	OSCAN
OBJ	OSCANL	1140	619	8	1	0x00007283	bounded_ok			OSCAN	0x0000727F	4	OSCANACT	0x0000728B	8	OSCAN
OBJ	OSCANACT	1154	627	9	1	0x0000728B	known	OSCANACT@OBJ	0x0000728B	OSCANACT	0x0000728B	0	OSCANACT	0x0000728B	0	OSCANACT
OBJ	OSCANNXT	1167	636	6	1	0x00007294	known	OSCANNXT@OBJ	0x00007294	OSCANNXT	0x00007294	0	OSCANNXT	0x00007294	0	OSCANNXT
OBJ	ISCAN	1184	642	11	1	0x0000729A	known	ISCAN	0x0000729A	ISCAN	0x0000729A	0	ISCAN	0x0000729A	0	ISCAN
OBJ	ISCANL	1199	653	15	1	0x000072A5	bounded_ok			ISCAN	0x0000729A	11	ISCANNXT	0x000072BD	24	ISCAN
OBJ	ISCANACT	1221	668	9	1	0x000072B4	bounded_ok			ISCAN	0x0000729A	26	ISCANNXT	0x000072BD	9	ISCANNXT
OBJ	ISCANNXT	1233	677	6	1	0x000072BD	known	ISCANNXT@OBJ	0x000072BD	ISCANNXT	0x000072BD	0	ISCANNXT	0x000072BD	0	ISCANNXT
OBJ	RESCAN	1250	683	8	1	0x000072C3	known	RESCAN	0x000072C3	RESCAN	0x000072C3	0	RESCAN	0x000072C3	0	RESCAN
OBJ	RESCAN0	1262	691	12	1	0x000072CB	known	RESCAN0@OBJ	0x000072CB	RESCAN0	0x000072CB	0	RESCAN0	0x000072CB	0	RESCAN0
OBJ	RESCAN1	1279	703	7	1	0x000072D7	known	RESCAN1@OBJ	0x000072D7	RESCAN1	0x000072D7	0	RESCAN1	0x000072D7	0	RESCAN1
OBJ	ZSORTA1P	1295	710	9	1	0x000072DE	known	ZSORTA1P@OBJ	0x000072DE	ZSORTA1P	0x000072DE	0	ZSORTA1P	0x000072DE	0	ZSORTA1P
OBJ	ZSLPP	1306	719	13	1	0x000072E7	known	ZSLPP@OBJ	0x000072E7	ZSLPP	0x000072E7	0	ZSLPP	0x000072E7	0	ZSLPP
OBJ	PRIOKP	1324	732	6	1	0x000072F4	known	PRIOKP@OBJ	0x000072F4	PRIOKP	0x000072F4	0	PRIOKP	0x000072F4	0	PRIOKP
OBJ	ZSORTXP	1332	738	3	1	0x000072FA	known	ZSORTXP@OBJ	0x000072FA	ZSORTXP	0x000072FA	0	ZSORTXP	0x000072FA	0	ZSORTXP
OBJ	ZSORTA1	1343	741	9	1	0x000072FD	known	ZSORTA1@OBJ	0x000072FD	ZSORTA1	0x000072FD	0	ZSORTA1	0x000072FD	0	ZSORTA1
OBJ	ZSLP	1354	750	13	1	0x00007306	known	ZSLP@OBJ	0x00007306	ZSLP	0x00007306	0	ZSLP	0x00007306	0	ZSLP
OBJ	PRIOK	1372	763	6	1	0x00007313	known	PRIOK@OBJ	0x00007313	PRIOK	0x00007313	0	PRIOK	0x00007313	0	PRIOK
OBJ	ZSORTX	1379	769	3	1	0x00007319	known	ZSORTX@OBJ	0x00007319	ZSORTX	0x00007319	0	ZSORTX	0x00007319	0	ZSORTX
OBJ	OBJ_MAKE	1400	772	24	1	0x0000731C	bounded_ok			ZSORTX	0x00007319	3	OBJ_QMAKE	0x00007334	24	ZSORTX
OBJ	OBJ_QMAKE	1436	796	11	1	0x00007334	known	OBJ_QMAKE	0x00007334	OBJ_QMAKE	0x00007334	0	OBJ_QMAKE	0x00007334	0	OBJ_QMAKE
OVERLAY	SECTION_ROUTINE	38	0	6	1	0x0000ACFA	known	SECTION_ROUTINE	0x0000ACFA	SECTION_ROUTINE	0x0000ACFA	0	SECTION_ROUTINE	0x0000ACFA	0	SECTION_ROUTINE
OVERLAY	OVERLOCK	104	6	1	1	0x0000AD00	bounded_conflict			SECTION_ROUTINE	0x0000ACFA	6	CHECKPOINT_HIT_R	0x0000AD30	1	CHECKPOINT_HIT_R
OVERLAY	CHECKPOINT_HIT_R	119	7	3	1	0x0000AD30	known	CHECKPOINT_HIT_R	0x0000AD30	CHECKPOINT_HIT_R	0x0000AD30	0	CHECKPOINT_HIT_R	0x0000AD30	0	CHECKPOINT_HIT_R
OVERLAY	CHECKPOINT_HIT	125	10	7	1	0x0000AD33	known	CHECKPOINT_HIT	0x0000AD33	CHECKPOINT_HIT	0x0000AD33	0	CHECKPOINT_HIT	0x0000AD33	0	CHECKPOINT_HIT
OVERLAY	JJGH	133	17	13	1	0x0000AD3A	known	JJGH@OVERLAY	0x0000AD3A	JJGH	0x0000AD3A	0	JJGH	0x0000AD3A	0	JJGH
OVERLAY	CPHX	149	30	3	1	0x0000AD47	known	CPHX@OVERLAY	0x0000AD47	CPHX	0x0000AD47	0	CPHX	0x0000AD47	0	CPHX
OVERLAY	WATERON	157	33	4	1	0x0000AD4A	bounded_ok			CPHX	0x0000AD47	3	BRIDGE_OFF	0x0000AD62	24	CPHX
OVERLAY	WATEROFF	166	37	4	1	0x0000AD4E	bounded_ok			CPHX	0x0000AD47	7	BRIDGE_OFF	0x0000AD62	20	CPHX
OVERLAY	HELISTART	174	41	6	1	0x0000AD52	bounded_ok			CPHX	0x0000AD47	11	BRIDGE_OFF	0x0000AD62	16	CPHX
OVERLAY	HELIEND	180	47	3	1	0x0000AD58	bounded_ok			CPHX	0x0000AD47	17	BRIDGE_OFF	0x0000AD62	10	BRIDGE_OFF
OVERLAY	RAILPRIME	189	50	4	1	0x0000AD5B	bounded_ok			CPHX	0x0000AD47	20	BRIDGE_OFF	0x0000AD62	7	BRIDGE_OFF
OVERLAY	RR_UNFREEZE	194	54	3	1	0x0000AD5F	bounded_ok			CPHX	0x0000AD47	24	BRIDGE_OFF	0x0000AD62	3	BRIDGE_OFF
OVERLAY	BRIDGE_OFF	203	57	4	1	0x0000AD62	known	BRIDGE_OFF@OVERLAY	0x0000AD62	BRIDGE_OFF	0x0000AD62	0	BRIDGE_OFF	0x0000AD62	0	BRIDGE_OFF
OVERLAY	BRIDGE_ON	208	61	4	1	0x0000AD66	forward_extrapolated			BRIDGE_OFF	0x0000AD62	4				BRIDGE_OFF
OVERLAY	BOFFNC	217	65	2	1	0x0000AD6A	forward_extrapolated			BRIDGE_OFF	0x0000AD62	8				BRIDGE_OFF
OVERLAY	TUNNEL_ON	224	67	4	1	0x0000AD6C	forward_extrapolated			BRIDGE_OFF	0x0000AD62	10				BRIDGE_OFF
OVERLAY	TUNNEL_OFF	233	71	4	1	0x0000AD70	forward_extrapolated			BRIDGE_OFF	0x0000AD62	14				BRIDGE_OFF
OVERLAY	START_SANFRAN	242	75	1	1	0x0000AD74	forward_extrapolated			BRIDGE_OFF	0x0000AD62	18				BRIDGE_OFF
OVERLAY	BEACHON	248	76	10	1	0x0000AD75	forward_extrapolated			BRIDGE_OFF	0x0000AD62	19				BRIDGE_OFF
OVERLAY	REDWOOD_START	265	86	11	1	0x0000AD7F	forward_extrapolated			BRIDGE_OFF	0x0000AD62	29				BRIDGE_OFF
OVERLAY	LOOK_SANFRANCISCO	282	97	3	1	0x0000AD8A	forward_extrapolated			BRIDGE_OFF	0x0000AD62	40				BRIDGE_OFF
OVERLAY	LOOK_REDWOOD	285	100	3	1	0x0000AD8D	forward_extrapolated			BRIDGE_OFF	0x0000AD62	43				BRIDGE_OFF
OVERLAY	LOOK_MIDWEST	288	103	3	1	0x0000AD90	forward_extrapolated			BRIDGE_OFF	0x0000AD62	46				BRIDGE_OFF
OVERLAY	LOOK_MTRUSHMORE	291	106	3	1	0x0000AD93	forward_extrapolated			BRIDGE_OFF	0x0000AD62	49				BRIDGE_OFF
OVERLAY	LOOK_DEATHVALLEY	294	109	3	1	0x0000AD96	forward_extrapolated			BRIDGE_OFF	0x0000AD62	52				BRIDGE_OFF
OVERLAY	LOOK_GCANYON	297	112	3	1	0x0000AD99	forward_extrapolated			BRIDGE_OFF	0x0000AD62	55				BRIDGE_OFF
OVERLAY	LOOK_HOLLYWOOD	300	115	3	1	0x0000AD9C	forward_extrapolated			BRIDGE_OFF	0x0000AD62	58				BRIDGE_OFF
OVERLAY	CHANGE_TUNE	307	118	2	1	0x0000AD9F	forward_extrapolated			BRIDGE_OFF	0x0000AD62	61				BRIDGE_OFF
OVERLAY	SET_BGNDCOL2BROWN	314	120	8	1	0x0000ADA1	forward_extrapolated			BRIDGE_OFF	0x0000AD62	63				BRIDGE_OFF
OVERLAY	TURNOFF_INFINITY	323	128	4	1	0x0000ADA9	forward_extrapolated			BRIDGE_OFF	0x0000AD62	71				BRIDGE_OFF
OVERLAY	TURNON_INFINITY	329	132	4	1	0x0000ADAD	forward_extrapolated			BRIDGE_OFF	0x0000AD62	75				BRIDGE_OFF
OVERLAY	TOWER_PAL_LD	338	136	7	1	0x0000ADB1	forward_extrapolated			BRIDGE_OFF	0x0000AD62	79				BRIDGE_OFF
OVERLAY	TOWER_PAL_RESTORE	349	143	8	1	0x0000ADB8	forward_extrapolated			BRIDGE_OFF	0x0000AD62	86				BRIDGE_OFF
OVERLAY	END_OF_GAME	365	151	3	1	0x0000ADC0	forward_extrapolated			BRIDGE_OFF	0x0000AD62	94				BRIDGE_OFF
PALL	PAL_INIT	43	0	23	1	0x00009EAB	known	PAL_INIT	0x00009EAB	PAL_INIT	0x00009EAB	0	PAL_INIT	0x00009EAB	0	PAL_INIT
PALL	PAL_XFER	89	23	6	1	0x00009EC2	known	PAL_XFER	0x00009EC2	PAL_XFER	0x00009EC2	0	PAL_XFER	0x00009EC2	0	PAL_XFER
PALL	NOTCLR	99	29	2	1	0x00009EC8	known	NOTCLR@PALL	0x00009EC8	NOTCLR	0x00009EC8	0	NOTCLR	0x00009EC8	0	NOTCLR
PALL	PALTR0	102	31	5	1	0x00009ECA	known	PALTR0@PALL	0x00009ECA	PALTR0	0x00009ECA	0	PALTR0	0x00009ECA	0	PALTR0
PALL	I889	110	36	15	1	0x00009ECF	known	I889@PALL	0x00009ECF	I889	0x00009ECF	0	I889	0x00009ECF	0	I889
PALL	PACBLK	153	51	2	1	0x00009EDE	known	PACBLK@PALL	0x00009EDE	PACBLK	0x00009EDE	0	PACBLK	0x00009EDE	0	PACBLK
PALL	NOT_PACKED_PAL	156	53	7	1	0x00009EE0	known	NOT_PACKED_PAL@PALL	0x00009EE0	NOT_PACKED_PAL	0x00009EE0	0	NOT_PACKED_PAL	0x00009EE0	0	NOT_PACKED_PAL
PALL	REGDOIT	175	60	6	1	0x00009EE7	known	REGDOIT@PALL	0x00009EE7	REGDOIT	0x00009EE7	0	REGDOIT	0x00009EE7	0	REGDOIT
PALL	PALTRX	184	66	1	1	0x00009EEC	known	PALTRX@PALL	0x00009EEC	PALTRX	0x00009EEC	0	PALTRX	0x00009EEC	0	PALTRX
PALL	PAL_OVERWRITE	200	67	11	1	0x00009EED	known	PAL_OVERWRITE	0x00009EED	PAL_OVERWRITE	0x00009EED	0	PAL_OVERWRITE	0x00009EED	0	PAL_OVERWRITE
PALL	PAL_FIND	229	78	9	1	0x00009EF8	known	PAL_FIND	0x00009EF8	PAL_FIND	0x00009EF8	0	PAL_FIND	0x00009EF8	0	PAL_FIND
PALL	FPLX	239	87	2	1	0x00009F01	bounded_ok			PAL_FIND	0x00009EF8	9	FPLXEX	0x00009F03	2	FPLXEX
PALL	FPLXEX	242	89	3	1	0x00009F03	known	FPLXEX@PALL	0x00009F03	FPLXEX	0x00009F03	0	FPLXEX	0x00009F03	0	FPLXEX
PALL	PAL_FIND_RAW	269	92	4	1	0x00009F06	known	PAL_FIND_RAW	0x00009F06	PAL_FIND_RAW	0x00009F06	0	PAL_FIND_RAW	0x00009F06	0	PAL_FIND_RAW
PALL	FINDRLP	275	96	9	1	0x00009F0A	known	FINDRLP@PALL	0x00009F0A	FINDRLP	0x00009F0A	0	FINDRLP	0x00009F0A	0	FINDRLP
PALL	FOUNDRAW	290	105	4	1	0x00009F13	known	FOUNDRAW@PALL	0x00009F13	FOUNDRAW	0x00009F13	0	FOUNDRAW	0x00009F13	0	FOUNDRAW
PALL	PAL_DELETE_RAW	307	109	14	1	0x00009F17	known	PAL_DELETE_RAW	0x00009F17	PAL_DELETE_RAW	0x00009F17	0	PAL_DELETE_RAW	0x00009F17	0	PAL_DELETE_RAW
PALL	PAL_ALLOC	343	123	12	1	0x00009F25	known	PAL_ALLOC	0x00009F25	PAL_ALLOC	0x00009F25	0	PAL_ALLOC	0x00009F25	0	PAL_ALLOC
PALL	GPL0	359	135	6	1	0x00009F31	known	GPL0@PALL	0x00009F31	GPL0	0x00009F31	0	GPL0	0x00009F31	0	GPL0
PALL	GPLP	368	141	1	1	0x00009F37	known	GPLP@PALL	0x00009F37	GPLP	0x00009F37	0	GPLP	0x00009F37	0	GPLP
PALL	GPERR	369	142	9	1	0x00009F38	bounded_ok			GPLP	0x00009F37	1	GETPL	0x00009F41	9	GPLP
PALL	GETPL	377	151	17	1	0x00009F41	known	GETPL@PALL	0x00009F41	GETPL	0x00009F41	0	GETPL	0x00009F41	0	GETPL
PALL	GPLX	398	168	8	1	0x00009F52	known	GPLX@PALL	0x00009F52	GPLX	0x00009F52	0	GPLX	0x00009F52	0	GPLX
PALL	PAL_ALLOC_RAW	418	176	11	1	0x00009F5A	known	PAL_ALLOC_RAW	0x00009F5A	PAL_ALLOC_RAW	0x00009F5A	0	PAL_ALLOC_RAW	0x00009F5A	0	PAL_ALLOC_RAW
PALL	RPLP	429	187	10	1	0x00009F65	known	RPLP@PALL	0x00009F65	RPLP	0x00009F65	0	RPLP	0x00009F65	0	RPLP
PALL	RAWPL	438	197	12	1	0x00009F6F	known	RAWPL@PALL	0x00009F6F	RAWPL	0x00009F6F	0	RAWPL	0x00009F6F	0	RAWPL
PALL	RPLX	453	209	5	1	0x00009F7B	bounded_ok			RAWPL	0x00009F6F	12	RAWPEX	0x00009F80	5	RAWPEX
PALL	RAWPEX	460	214	7	1	0x00009F80	known	RAWPEX@PALL	0x00009F80	RAWPEX	0x00009F80	0	RAWPEX	0x00009F80	0	RAWPEX
PALL	PAL_SET	478	221	19	1	0x00009F87	known	PAL_SET	0x00009F87	PAL_SET	0x00009F87	0	PAL_SET	0x00009F87	0	PAL_SET
PALL	PALXFER_INIT	546	240	11	1	0x00009F9D	known	PALXFER_INIT@PALL	0x00009F9D	PALXFER_INIT	0x00009F9D	0	PALXFER_INIT	0x00009F9D	0	PALXFER_INIT
PALL	PXIL	561	251	7	1	0x00009FA8	known	PXIL@PALL	0x00009FA8	PXIL	0x00009FA8	0	PXIL	0x00009FA8	0	PXIL
PALL	PALXFER_GET	579	258	11	1	0x00009FAF	known	PALXFER_GET@PALL	0x00009FAF	PALXFER_GET	0x00009FAF	0	PALXFER_GET	0x00009FAF	0	PALXFER_GET
PALL	PALXFER_DEL	610	269	3	1	0x00009FBA	known	PALXFER_DEL@PALL	0x00009FBA	PALXFER_DEL	0x00009FBA	0	PALXFER_DEL	0x00009FBA	0	PALXFER_DEL
PALL	PXFLP	615	272	10	1	0x00009FBD	known	PXFLP@PALL	0x00009FBD	PXFLP	0x00009FBD	0	PXFLP	0x00009FBD	0	PXFLP
PALL	PXXX	631	282	3	1	0x00009FC7	known	PXXX@PALL	0x00009FC7	PXXX	0x00009FC7	0	PXXX	0x00009FC7	0	PXXX
PALL	PAL_DELETE	646	285	13	1	0x00009FCA	known	PAL_DELETE	0x00009FCA	PAL_DELETE	0x00009FCA	0	PAL_DELETE	0x00009FCA	0	PAL_DELETE
PALL	DELP1	671	298	7	1	0x00009FD7	bounded_ok			PAL_DELETE	0x00009FCA	13	DELP2	0x00009FDE	7	DELP2
PALL	DELP2	678	305	3	1	0x00009FDE	known	DELP2@PALL	0x00009FDE	DELP2	0x00009FDE	0	DELP2	0x00009FDE	0	DELP2
PALL	PAL_DIMMER	701	308	14	1	0x00009FE1	known	PAL_DIMMER	0x00009FE1	PAL_DIMMER	0x00009FE1	0	PAL_DIMMER	0x00009FE1	0	PAL_DIMMER
PALL	PDMLP	716	322	65	1	0x00009FEF	forward_extrapolated			PAL_DIMMER	0x00009FE1	14				PAL_DIMMER
PLYR	GETCARPARAM	153	0	12	1	0x00002939	known	GETCARPARAM@PLYR	0x00002939	GETCARPARAM	0x00002939	0	GETCARPARAM	0x00002939	0	GETCARPARAM
PLYR	_CARV0	176	12	46	1	0x00002945	known	_CARV0	0x00002945	_CARV0	0x00002945	0	_CARV0	0x00002945	0	_CARV0
PLYR	CARV_ERR	236	58	3	1	0x00002973	known	CARV_ERR@PLYR	0x00002973	CARV_ERR	0x00002973	0	CARV_ERR	0x00002973	0	CARV_ERR
PLYR	BONUS_WAIT_LOOP	242	61	7	1	0x00002976	known	BONUS_WAIT_LOOP	0x00002976	BONUS_WAIT_LOOP	0x00002976	0	BONUS_WAIT_LOOP	0x00002976	0	BONUS_WAIT_LOOP
PLYR	BONUS_WAIT_LP	253	68	10	1	0x0000297D	known	BONUS_WAIT_LP@PLYR	0x0000297D	BONUS_WAIT_LP	0x0000297D	0	BONUS_WAIT_LP	0x0000297D	0	BONUS_WAIT_LP
PLYR	PLYR_CAR_INIT	272	78	15	1	0x00002987	known	PLYR_CAR_INIT	0x00002987	PLYR_CAR_INIT	0x00002987	0	PLYR_CAR_INIT	0x00002987	0	PLYR_CAR_INIT
PLYR	DOGENRLB	292	93	34	1	0x00002996	known	DOGENRLB@PLYR	0x00002996	DOGENRLB	0x00002996	0	DOGENRLB	0x00002996	0	DOGENRLB
PLYR	PLYR_INTRO_ENTER	344	127	54	1	0x000029B8	known	PLYR_INTRO_ENTER	0x000029B8	PLYR_INTRO_ENTER	0x000029B8	0	PLYR_INTRO_ENTER	0x000029B8	0	PLYR_INTRO_ENTER
PLYR	PLYR_ENTER	427	181	41	1	0x000029EE	known	PLYR_ENTER@PLYR	0x000029EE	PLYR_ENTER	0x000029EE	0	PLYR_ENTER	0x000029EE	0	PLYR_ENTER
PLYR	LANESIZE	506	222	7	1	0x00002A17	bounded_ok			PLYR_ENTER	0x000029EE	41	BABA	0x00002A1E	7	BABA
PLYR	BABA	519	229	33	1	0x00002A1E	known	BABA@PLYR	0x00002A1E	BABA	0x00002A1E	0	BABA	0x00002A1E	0	BABA
PLYR	PLYR_INTRO_JOIN	571	262	18	1	0x00002A3F	known	PLYR_INTRO_JOIN@PLYR	0x00002A3F	PLYR_INTRO_JOIN	0x00002A3F	0	PLYR_INTRO_JOIN	0x00002A3F	0	PLYR_INTRO_JOIN
PLYR	L883	605	280	11	1	0x00002A51	bounded_ok			PLYR_INTRO_JOIN	0x00002A3F	18	PLYRLP	0x00002A5C	11	PLYRLP
PLYR	PLYRLP	621	291	11	1	0x00002A5C	known	PLYRLP@PLYR	0x00002A5C	PLYRLP	0x00002A5C	0	PLYRLP	0x00002A5C	0	PLYRLP
PLYR	DONT_TIMEOUT	634	302	6	1	0x00002A67	bounded_ok			PLYRLP	0x00002A5C	11	PLYRSPD	0x00002A72	11	PLYRLP
PLYR	PLYRSPD00	653	308	5	1	0x00002A6D	bounded_ok			PLYRLP	0x00002A5C	17	PLYRSPD	0x00002A72	5	PLYRSPD
PLYR	PLYRSPD	662	313	26	1	0x00002A72	known	PLYRSPD@PLYR	0x00002A72	PLYRSPD	0x00002A72	0	PLYRSPD	0x00002A72	0	PLYRSPD
PLYR	PLYRSPD0	700	339	1	1	0x00002A8C	known	PLYRSPD0@PLYR	0x00002A8C	PLYRSPD0	0x00002A8C	0	PLYRSPD0	0x00002A8C	0	PLYRSPD0
PLYR	PLYRSPD01	702	340	12	1	0x00002A8D	known	PLYRSPD01@PLYR	0x00002A8D	PLYRSPD01	0x00002A8D	0	PLYRSPD01	0x00002A8D	0	PLYRSPD01
PLYR	NOTGO	732	352	13	1	0x00002A99	known	NOTGO@PLYR	0x00002A99	NOTGO	0x00002A99	0	NOTGO	0x00002A99	0	NOTGO
PLYR	GSKD1	753	365	39	1	0x00002AA6	known	GSKD1@PLYR	0x00002AA6	GSKD1	0x00002AA6	0	GSKD1	0x00002AA6	0	GSKD1
PLYR	PAIRB	817	404	11	1	0x00002ACD	known	PAIRB@PLYR	0x00002ACD	PAIRB	0x00002ACD	0	PAIRB	0x00002ACD	0	PAIRB
PLYR	PLYRCAM	835	415	3	1	0x00002AD8	known	PLYRCAM@PLYR	0x00002AD8	PLYRCAM	0x00002AD8	0	PLYRCAM	0x00002AD8	0	PLYRCAM
PLYR	CAM1ST	843	418	32	1	0x00002ADB	bounded_ok			PLYRCAM	0x00002AD8	3	CAM3RD	0x00002AFB	32	PLYRCAM
PLYR	CAM3RD	894	450	43	1	0x00002AFB	known	CAM3RD@PLYR	0x00002AFB	CAM3RD	0x00002AFB	0	CAM3RD	0x00002AFB	0	CAM3RD
PLYR	CAM3RD0	957	493	6	1	0x00002B26	known	CAM3RD0@PLYR	0x00002B26	CAM3RD0	0x00002B26	0	CAM3RD0	0x00002B26	0	CAM3RD0
PLYR	CAMOK	966	499	14	1	0x00002B2C	known	CAMOK@PLYR	0x00002B2C	CAMOK	0x00002B2C	0	CAMOK	0x00002B2C	0	CAMOK
PLYR	CAM3RDX	988	513	23	1	0x00002B3A	known	CAM3RDX@PLYR	0x00002B3A	CAM3RDX	0x00002B3A	0	CAM3RDX	0x00002B3A	0	CAM3RDX
PLYR	PLYS1	1029	536	6	1	0x00002B51	known	PLYS1@PLYR	0x00002B51	PLYS1	0x00002B51	0	PLYS1	0x00002B51	0	PLYS1
PLYR	PLYSLP	1037	542	7	1	0x00002B57	bounded_ok			PLYS1	0x00002B51	6	NOPLINK	0x00002B5E	7	PLYS1
PLYR	NOPLINK	1047	549	3	1	0x00002B5E	known	NOPLINK@PLYR	0x00002B5E	NOPLINK	0x00002B5E	0	NOPLINK	0x00002B5E	0	NOPLINK
PLYR	CCK1	1093	578	18	1	0x00002B7B	known	CCK1@PLYR	0x00002B7B	CCK1	0x00002B7B	0	CCK1	0x00002B7B	0	CCK1
PLYR	CCKX	1119	596	2	1	0x00002B8D	known	CCKX@PLYR	0x00002B8D	CCKX	0x00002B8D	0	CCKX	0x00002B8D	0	CCKX
PLYR	CAMCHKL	1139	598	2	1	0x00002B93	known	CAMCHKL@PLYR	0x00002B93	CAMCHKL	0x00002B93	0	CAMCHKL	0x00002B93	0	CAMCHKL
PLYR	CAMCHKR	1142	600	1	1	0x00002B95	known	CAMCHKR@PLYR	0x00002B95	CAMCHKR	0x00002B95	0	CAMCHKR	0x00002B95	0	CAMCHKR
PLYR	CAMCHK0	1144	601	20	1	0x00002B96	known	CAMCHK0@PLYR	0x00002B96	CAMCHK0	0x00002B96	0	CAMCHK0	0x00002B96	0	CAMCHK0
PLYR	CAMCHKRX	1177	621	5	1	0x00002BAA	bounded_ok			CAMCHK0	0x00002B96	20	CAMCHKLR	0x00002BAF	5	CAMCHKLR
PLYR	CAMCHKLR	1195	626	8	1	0x00002BAF	known	CAMCHKLR@PLYR	0x00002BAF	CAMCHKLR	0x00002BAF	0	CAMCHKLR	0x00002BAF	0	CAMCHKLR
PLYR	CAMCHK	1219	634	6	1	0x00002BB7	known	CAMCHK@PLYR	0x00002BB7	CAMCHK	0x00002BB7	0	CAMCHK	0x00002BB7	0	CAMCHK
PLYR	CAMROT	1234	640	11	1	0x00002BBD	known	CAMROT@PLYR	0x00002BBD	CAMROT	0x00002BBD	0	CAMROT	0x00002BBD	0	CAMROT
PLYR	CAMROT1	1246	651	3	1	0x00002BC8	known	CAMROT1@PLYR	0x00002BC8	CAMROT1	0x00002BC8	0	CAMROT1	0x00002BC8	0	CAMROT1
PLYR	CAMROT2	1250	654	4	1	0x00002BCB	known	CAMROT2@PLYR	0x00002BCB	CAMROT2	0x00002BCB	0	CAMROT2	0x00002BCB	0	CAMROT2
PLYR	GETCAMPOS	1262	658	22	1	0x00002BCF	known	GETCAMPOS@PLYR	0x00002BCF	GETCAMPOS	0x00002BCF	0	GETCAMPOS	0x00002BCF	0	GETCAMPOS
PLYR	CAMYADJ	1296	680	15	1	0x00002BE5	known	CAMYADJ	0x00002BE5	CAMYADJ	0x00002BE5	0	CAMYADJ	0x00002BE5	0	CAMYADJ
PLYR	CAM1XX	1316	695	1	1	0x00002BF4	known	CAM1XX@PLYR	0x00002BF4	CAM1XX	0x00002BF4	0	CAM1XX	0x00002BF4	0	CAM1XX
PLYR	PLYONRD	1323	696	35	1	0x00002BF5	known	PLYONRD@PLYR	0x00002BF5	PLYONRD	0x00002BF5	0	PLYONRD	0x00002BF5	0	PLYONRD
PLYR	DRONEGO	1387	731	32	1	0x00002C18	known	DRONEGO	0x00002C18	DRONEGO	0x00002C18	0	DRONEGO	0x00002C18	0	DRONEGO
PLYR	DAIRB	1440	763	1	1	0x00002C38	known	DAIRB@PLYR	0x00002C38	DAIRB	0x00002C38	0	DAIRB	0x00002C38	0	DAIRB
PLYR	DRONESTOP	1444	764	13	1	0x00002C39	bounded_conflict			DAIRB	0x00002C38	1	GETREV	0x00002C4C	13	DAIRB
PLYR	GETREV	1477	777	7	1	0x00002C4C	known	GETREV@PLYR	0x00002C4C	GETREV	0x00002C4C	0	GETREV	0x00002C4C	0	GETREV
PLYR	REV0	1489	784	14	1	0x00002C53	known	REV0@PLYR	0x00002C53	REV0	0x00002C53	0	REV0	0x00002C53	0	REV0
PLYR	REV1	1508	798	4	1	0x00002C61	known	REV1@PLYR	0x00002C61	REV1	0x00002C61	0	REV1	0x00002C61	0	REV1
PLYR	REV3	1513	802	32	1	0x00002C65	known	REV3@PLYR	0x00002C65	REV3	0x00002C65	0	REV3	0x00002C65	0	REV3
PLYR	REV4	1563	834	12	1	0x00002C85	known	REV4@PLYR	0x00002C85	REV4	0x00002C85	0	REV4	0x00002C85	0	REV4
PLYR	REV5	1579	846	1	1	0x00002C91	known	REV5@PLYR	0x00002C91	REV5	0x00002C91	0	REV5	0x00002C91	0	REV5
PLYR	GETRPM	1589	847	10	1	0x00002C92	known	GETRPM	0x00002C92	GETRPM	0x00002C92	0	GETRPM	0x00002C92	0	GETRPM
PLYR	GETSKID	1609	857	4	1	0x00002C9C	known	GETSKID@PLYR	0x00002C9C	GETSKID	0x00002C9C	0	GETSKID	0x00002C9C	0	GETSKID
PLYR	GETSK00	1616	861	8	1	0x00002CA0	known	GETSK00@PLYR	0x00002CA0	GETSK00	0x00002CA0	0	GETSK00	0x00002CA0	0	GETSK00
PLYR	GETSK0	1629	869	27	1	0x00002CA8	known	GETSK0@PLYR	0x00002CA8	GETSK0	0x00002CA8	0	GETSK0	0x00002CA8	0	GETSK0
PLYR	GETSK1	1671	896	11	1	0x00002CC3	known	GETSK1@PLYR	0x00002CC3	GETSK1	0x00002CC3	0	GETSK1	0x00002CC3	0	GETSK1
PLYR	GETSKX	1692	907	3	1	0x00002CCE	bounded_ok			GETSK1	0x00002CC3	11	GETSKXX	0x00002CD1	3	GETSKXX
PLYR	GETSKXX	1696	910	2	1	0x00002CD1	known	GETSKXX@PLYR	0x00002CD1	GETSKXX	0x00002CD1	0	GETSKXX	0x00002CD1	0	GETSKXX
PLYR	CKOFRD	1705	912	15	1	0x00002CD3	known	CKOFRD@PLYR	0x00002CD3	CKOFRD	0x00002CD3	0	CKOFRD	0x00002CD3	0	CKOFRD
PLYR	OFFRLP	1722	927	6	1	0x00002CE2	known	OFFRLP@PLYR	0x00002CE2	OFFRLP	0x00002CE2	0	OFFRLP	0x00002CE2	0	OFFRLP
PLYR	NOTOFF	1729	933	2	1	0x00002CE8	known	NOTOFF@PLYR	0x00002CE8	NOTOFF	0x00002CE8	0	NOTOFF	0x00002CE8	0	NOTOFF
PLYR	NOTOFFX	1732	935	1	1	0x00002CEA	known	NOTOFFX@PLYR	0x00002CEA	NOTOFFX	0x00002CEA	0	NOTOFFX	0x00002CEA	0	NOTOFFX
PLYR	GETDIR	1745	936	6	1	0x00002CEB	known	GETDIR@PLYR	0x00002CEB	GETDIR	0x00002CEB	0	GETDIR	0x00002CEB	0	GETDIR
PLYR	GETDIR1	1753	942	29	1	0x00002CF1	known	GETDIR1@PLYR	0x00002CF1	GETDIR1	0x00002CF1	0	GETDIR1	0x00002CF1	0	GETDIR1
PLYR	GETDIR2	1797	971	2	1	0x00002D0E	known	GETDIR2@PLYR	0x00002D0E	GETDIR2	0x00002D0E	0	GETDIR2	0x00002D0E	0	GETDIR2
PLYR	CARSPIN	1803	973	13	1	0x00002D10	known	CARSPIN@PLYR	0x00002D10	CARSPIN	0x00002D10	0	CARSPIN	0x00002D10	0	CARSPIN
PLYR	SPINL0	1822	986	24	1	0x00002D1D	known	SPINL0@PLYR	0x00002D1D	SPINL0	0x00002D1D	0	SPINL0	0x00002D1D	0	SPINL0
PLYR	DRONESPIN	1855	1010	1	1	0x00002D35	known	DRONESPIN@PLYR	0x00002D35	DRONESPIN	0x00002D35	0	DRONESPIN	0x00002D35	0	DRONESPIN
PLYR	REGSPIN	1858	1011	6	1	0x00002D36	known	REGSPIN@PLYR	0x00002D36	REGSPIN	0x00002D36	0	REGSPIN	0x00002D36	0	REGSPIN
PLYR	SPINL	1866	1017	1	1	0x00002D3C	known	SPINL@PLYR	0x00002D3C	SPINL	0x00002D3C	0	SPINL	0x00002D3C	0	SPINL
PLYR	SPINLX	1868	1018	2	1	0x00002D3D	known	SPINLX@PLYR	0x00002D3D	SPINLX	0x00002D3D	0	SPINLX	0x00002D3D	0	SPINLX
PLYR	SPINREC0	1874	1020	1	1	0x00002D3F	known	SPINREC0@PLYR	0x00002D3F	SPINREC0	0x00002D3F	0	SPINREC0	0x00002D3F	0	SPINREC0
PLYR	SPINREC	1876	1021	10	1	0x00002D40	known	SPINREC@PLYR	0x00002D40	SPINREC	0x00002D40	0	SPINREC	0x00002D40	0	SPINREC
PLYR	GETCARROT	1890	1031	18	1	0x00002D4A	known	GETCARROT@PLYR	0x00002D4A	GETCARROT	0x00002D4A	0	GETCARROT	0x00002D4A	0	GETCARROT
PLYR	GETC0	1914	1049	1	1	0x00002D5C	bounded_ok			GETCARROT	0x00002D4A	18	GETC1	0x00002D5D	1	GETC1
PLYR	GETC1	1916	1050	5	1	0x00002D5D	known	GETC1@PLYR	0x00002D5D	GETC1	0x00002D5D	0	GETC1	0x00002D5D	0	GETC1
PLYR	GETSPD	1951	1055	9	1	0x00002D83	known	GETSPD	0x00002D83	GETSPD	0x00002D83	0	GETSPD	0x00002D83	0	GETSPD
PLYR	GETSPD1	1965	1064	5	1	0x00002D8C	known	GETSPD1@PLYR	0x00002D8C	GETSPD1	0x00002D8C	0	GETSPD1	0x00002D8C	0	GETSPD1
PLYR	GETSPD10	1974	1069	59	1	0x00002D91	known	GETSPD10@PLYR	0x00002D91	GETSPD10	0x00002D91	0	GETSPD10	0x00002D91	0	GETSPD10
PLYR	FRICLP	2058	1128	9	1	0x00002DCC	known	FRICLP@PLYR	0x00002DCC	FRICLP	0x00002DCC	0	FRICLP	0x00002DCC	0	FRICLP
PLYR	FRL1	2069	1137	12	1	0x00002DD5	known	FRL1@PLYR	0x00002DD5	FRL1	0x00002DD5	0	FRL1	0x00002DD5	0	FRL1
PLYR	FRIC0	2090	1149	1	1	0x00002DE1	known	FRIC0@PLYR	0x00002DE1	FRIC0	0x00002DE1	0	FRIC0	0x00002DE1	0	FRIC0
PLYR	FRIC1	2094	1150	22	1	0x00002DE2	known	FRIC1@PLYR	0x00002DE2	FRIC1	0x00002DE2	0	FRIC1	0x00002DE2	0	FRIC1
PLYR	GETSP22	2122	1172	1	1	0x00002DF8	bounded_ok			FRIC1	0x00002DE2	22	GETSPD2	0x00002DF9	1	GETSPD2
PLYR	GETSPD2	2126	1173	10	1	0x00002DF9	known	GETSPD2@PLYR	0x00002DF9	GETSPD2	0x00002DF9	0	GETSPD2	0x00002DF9	0	GETSPD2
PLYR	GSL0	2143	1183	9	1	0x00002E03	known	GSL0@PLYR	0x00002E03	GSL0	0x00002E03	0	GSL0	0x00002E03	0	GSL0
PLYR	GETBRAKE	2159	1192	19	1	0x00002E0C	known	GETBRAKE@PLYR	0x00002E0C	GETBRAKE	0x00002E0C	0	GETBRAKE	0x00002E0C	0	GETBRAKE
PLYR	BRAKEOFF	2184	1211	5	1	0x00002E1F	known	BRAKEOFF@PLYR	0x00002E1F	BRAKEOFF	0x00002E1F	0	BRAKEOFF	0x00002E1F	0	BRAKEOFF
PLYR	GETBXX	2191	1216	1	1	0x00002E24	known	GETBXX@PLYR	0x00002E24	GETBXX	0x00002E24	0	GETBXX	0x00002E24	0	GETBXX
PLYR	GETBX	2192	1217	2	1	0x00002E25	known	GETBX@PLYR	0x00002E25	GETBX	0x00002E25	0	GETBX	0x00002E25	0	GETBX
PLYR	_off_brake	2213	1219	10	1	0x00002E31	known	_off_brake	0x00002E31	_off_brake	0x00002E31	0	_off_brake	0x00002E31	0	_off_brake
PLYR	_on_brake	2224	1229	9	1	0x00002E3B	known	_on_brake	0x00002E3B	_on_brake	0x00002E3B	0	_on_brake	0x00002E3B	0	_on_brake
PLYR	L888	2235	1238	12	1	0x00002E44	known	L888@PLYR	0x00002E44	L888	0x00002E44	0	L888	0x00002E44	0	L888
PLYR	BRAK_X	2256	1250	5	1	0x00002E50	known	BRAK_X@PLYR	0x00002E50	BRAK_X	0x00002E50	0	BRAK_X	0x00002E50	0	BRAK_X
PLYR	NO_COLORS	2261	1255	2	1	0x00002E55	known	NO_COLORS@PLYR	0x00002E55	NO_COLORS	0x00002E55	0	NO_COLORS	0x00002E55	0	NO_COLORS
PLYR	GETPEDAL	2267	1257	10	1	0x00002E57	known	GETPEDAL@PLYR	0x00002E57	GETPEDAL	0x00002E57	0	GETPEDAL	0x00002E57	0	GETPEDAL
PLYR	GETGEAR	2283	1267	7	1	0x00002E61	known	GETGEAR@PLYR	0x00002E61	GETGEAR	0x00002E61	0	GETGEAR	0x00002E61	0	GETGEAR
PLYR	GETMAN	2293	1274	11	1	0x00002E68	known	GETMAN@PLYR	0x00002E68	GETMAN	0x00002E68	0	GETMAN	0x00002E68	0	GETMAN
PLYR	GETAUTO	2310	1285	20	1	0x00002E73	known	GETAUTO	0x00002E73	GETAUTO	0x00002E73	0	GETAUTO	0x00002E73	0	GETAUTO
PLYR	GETSTEER	2339	1305	44	1	0x00002E88	known	GETSTEER@PLYR	0x00002E88	GETSTEER	0x00002E88	0	GETSTEER	0x00002E88	0	GETSTEER
PLYR	_VIEW0	2404	1349	5	1	0x00002EB4	bounded_ok			GETSTEER	0x00002E88	44	ZOOM	0x00002EC2	14	ZOOM
PLYR	_VIEW1	2410	1354	5	1	0x00002EB9	bounded_ok			GETSTEER	0x00002E88	49	ZOOM	0x00002EC2	9	ZOOM
PLYR	_VIEW2	2416	1359	4	1	0x00002EBE	bounded_ok			GETSTEER	0x00002E88	54	ZOOM	0x00002EC2	4	ZOOM
PLYR	ZOOM	2426	1363	34	1	0x00002EC2	known	ZOOM	0x00002EC2	ZOOM	0x00002EC2	0	ZOOM	0x00002EC2	0	ZOOM
PLYR	ZOOMX	2471	1397	2	1	0x00002EE4	known	ZOOMX@PLYR	0x00002EE4	ZOOMX	0x00002EE4	0	ZOOMX	0x00002EE4	0	ZOOMX
PLYR	ZOOMUP	2476	1399	9	1	0x00002EE6	known	ZOOMUP@PLYR	0x00002EE6	ZOOMUP	0x00002EE6	0	ZOOMUP	0x00002EE6	0	ZOOMUP
PLYR	ZOOMUP1	2489	1408	2	1	0x00002EEF	bounded_ok			ZOOMUP	0x00002EE6	9	ZOOMDN	0x00002EF1	2	ZOOMDN
PLYR	ZOOMDN	2493	1410	4	1	0x00002EF1	known	ZOOMDN@PLYR	0x00002EF1	ZOOMDN	0x00002EF1	0	ZOOMDN	0x00002EF1	0	ZOOMDN
PLYR	ZOOMDN1	2499	1414	5	1	0x00002EF5	known	ZOOMDN1@PLYR	0x00002EF5	ZOOMDN1	0x00002EF5	0	ZOOMDN1	0x00002EF5	0	ZOOMDN1
PLYR	ZOOMUP3	2504	1419	2	1	0x00002EFA	known	ZOOMUP3@PLYR	0x00002EFA	ZOOMUP3	0x00002EFA	0	ZOOMUP3	0x00002EFA	0	ZOOMUP3
PLYR	ZOOMUPX	2506	1421	1	1	0x00002EFC	known	ZOOMUPX@PLYR	0x00002EFC	ZOOMUPX	0x00002EFC	0	ZOOMUPX	0x00002EFC	0	ZOOMUPX
PLYR	GETTRAK	2516	1422	10	1	0x00002EFD	known	GETTRAK	0x00002EFD	GETTRAK	0x00002EFD	0	GETTRAK	0x00002EFD	0	GETTRAK
PLYR	GETRK	2529	1432	8	1	0x00002F07	bounded_ok			GETTRAK	0x00002EFD	10	GETRKX	0x00002F16	15	GETTRAK
PLYR	GETRKL	2540	1440	7	1	0x00002F0F	bounded_ok			GETTRAK	0x00002EFD	18	GETRKX	0x00002F16	7	GETRKX
PLYR	GETRKX	2550	1447	1	1	0x00002F16	known	GETRKX@PLYR	0x00002F16	GETRKX	0x00002F16	0	GETRKX	0x00002F16	0	GETRKX
PLYR	BACKCK	2557	1448	12	1	0x00002F17	known	BACKCK@PLYR	0x00002F17	BACKCK	0x00002F17	0	BACKCK	0x00002F17	0	BACKCK
PLYR	BACKCK1	2573	1460	6	1	0x00002F23	bounded_ok			BACKCK	0x00002F17	12	BACKCKX	0x00002F2B	8	BACKCKX
PLYR	BACKCK2	2582	1466	2	1	0x00002F29	bounded_ok			BACKCK	0x00002F17	18	BACKCKX	0x00002F2B	2	BACKCKX
PLYR	BACKCKX	2585	1468	1	1	0x00002F2B	known	BACKCKX@PLYR	0x00002F2B	BACKCKX	0x00002F2B	0	BACKCKX	0x00002F2B	0	BACKCKX
PLYR	CKBND	2598	1469	13	1	0x00002F2C	known	CKBND@PLYR	0x00002F2C	CKBND	0x00002F2C	0	CKBND	0x00002F2C	0	CKBND
PLYR	CURBCKL	2614	1482	6	1	0x00002F39	known	CURBCKL@PLYR	0x00002F39	CURBCKL	0x00002F39	0	CURBCKL	0x00002F39	0	CURBCKL
PLYR	CURBCKX	2622	1488	4	1	0x00002F3F	known	CURBCKX@PLYR	0x00002F3F	CURBCKX	0x00002F3F	0	CURBCKX	0x00002F3F	0	CURBCKX
PLYR	TUNCHK	2632	1492	31	1	0x00002F43	known	TUNCHK@PLYR	0x00002F43	TUNCHK	0x00002F43	0	TUNCHK	0x00002F43	0	TUNCHK
PLYR	TUNCHKX	2669	1523	1	1	0x00002F62	bounded_ok			TUNCHK	0x00002F43	31	INBOUNDZ	0x00002F63	1	INBOUNDZ
PLYR	INBOUNDZ	2677	1524	7	1	0x00002F63	known	INBOUNDZ	0x00002F63	INBOUNDZ	0x00002F63	0	INBOUNDZ	0x00002F63	0	INBOUNDZ
PLYR	CURBCKLX	2687	1531	1	1	0x00002F6A	bounded_ok			INBOUNDZ	0x00002F63	7	DRONINBZ	0x00002F6B	1	DRONINBZ
PLYR	DRONINBZ	2694	1532	9	1	0x00002F6B	known	DRONINBZ	0x00002F6B	DRONINBZ	0x00002F6B	0	DRONINBZ	0x00002F6B	0	DRONINBZ
PLYR	DRONINBX	2706	1541	1	1	0x00002F74	known	DRONINBX@PLYR	0x00002F74	DRONINBX	0x00002F74	0	DRONINBX	0x00002F74	0	DRONINBX
PLYR	CURBCOL0	2711	1542	11	1	0x00002F75	known	CURBCOL0@PLYR	0x00002F75	CURBCOL0	0x00002F75	0	CURBCOL0	0x00002F75	0	CURBCOL0
PLYR	CURBCOLP	2728	1553	3	1	0x00002F80	known	CURBCOLP@PLYR	0x00002F80	CURBCOLP	0x00002F80	0	CURBCOLP	0x00002F80	0	CURBCOLP
PLYR	CURBCOL	2732	1556	42	1	0x00002F83	known	CURBCOL@PLYR	0x00002F83	CURBCOL	0x00002F83	0	CURBCOL	0x00002F83	0	CURBCOL
PLYR	CURBCOL1	2795	1598	3	1	0x00002FAD	bounded_ok			CURBCOL	0x00002F83	42	CURBCOL1A	0x00002FB0	3	CURBCOL1A
PLYR	CURBCOL1A	2802	1601	11	1	0x00002FB0	known	CURBCOL1A@PLYR	0x00002FB0	CURBCOL1A	0x00002FB0	0	CURBCOL1A	0x00002FB0	0	CURBCOL1A
PLYR	CURBCOL2A	2817	1612	5	1	0x00002FBB	known	CURBCOL2A@PLYR	0x00002FBB	CURBCOL2A	0x00002FBB	0	CURBCOL2A	0x00002FBB	0	CURBCOL2A
PLYR	CURBCOL2	2823	1617	4	1	0x00002FC0	known	CURBCOL2@PLYR	0x00002FC0	CURBCOL2	0x00002FC0	0	CURBCOL2	0x00002FC0	0	CURBCOL2
PLYR	CURBSPIN	2829	1621	11	1	0x00002FC4	known	CURBSPIN@PLYR	0x00002FC4	CURBSPIN	0x00002FC4	0	CURBSPIN	0x00002FC4	0	CURBSPIN
PLYR	CURBSPIN1	2842	1632	12	1	0x00002FCF	bounded_ok			CURBSPIN	0x00002FC4	11	CURBCLX	0x00002FDB	12	CURBSPIN
PLYR	CURBCLX	2860	1644	1	1	0x00002FDB	known	CURBCLX@PLYR	0x00002FDB	CURBCLX	0x00002FDB	0	CURBCLX	0x00002FDB	0	CURBCLX
PLYR	CURBSPN	2863	1645	12	1	0x00002FDC	known	CURBSPN@PLYR	0x00002FDC	CURBSPN	0x00002FDC	0	CURBSPN	0x00002FDC	0	CURBSPN
PLYR	SOFTCURB	2883	1657	25	1	0x00002FE8	known	SOFTCURB@PLYR	0x00002FE8	SOFTCURB	0x00002FE8	0	SOFTCURB	0x00002FE8	0	SOFTCURB
PLYR	SOFTCRB00	2917	1682	4	1	0x00003001	known	SOFTCRB00@PLYR	0x00003001	SOFTCRB00	0x00003001	0	SOFTCRB00	0x00003001	0	SOFTCRB00
PLYR	SOFTCURB0	2924	1686	10	1	0x00003005	known	SOFTCURB0@PLYR	0x00003005	SOFTCURB0	0x00003005	0	SOFTCURB0	0x00003005	0	SOFTCURB0
PLYR	SOFT10	2938	1696	4	1	0x0000300F	bounded_ok			SOFTCURB0	0x00003005	10	SOFT11	0x00003013	4	SOFT11
PLYR	SOFT11	2944	1700	2	1	0x00003013	known	SOFT11@PLYR	0x00003013	SOFT11	0x00003013	0	SOFT11	0x00003013	0	SOFT11
PLYR	SOFTVEL	2949	1702	14	1	0x00003015	known	SOFTVEL@PLYR	0x00003015	SOFTVEL	0x00003015	0	SOFTVEL	0x00003015	0	SOFTVEL
PLYR	SOFTV1	2966	1716	7	1	0x00003023	known	SOFTV1@PLYR	0x00003023	SOFTV1	0x00003023	0	SOFTV1	0x00003023	0	SOFTV1
PLYR	SOFT20	2975	1723	4	1	0x0000302A	bounded_ok			SOFTV1	0x00003023	7	SOFT21	0x0000302E	4	SOFT21
PLYR	SOFT21	2980	1727	2	1	0x0000302E	known	SOFT21@PLYR	0x0000302E	SOFT21	0x0000302E	0	SOFT21	0x0000302E	0	SOFT21
PLYR	SOFTVELX	2982	1729	1	1	0x00003030	known	SOFTVELX@PLYR	0x00003030	SOFTVELX	0x00003030	0	SOFTVELX	0x00003030	0	SOFTVELX
PLYR	GETNXTRDIR	2987	1730	4	1	0x00003031	known	GETNXTRDIR	0x00003031	GETNXTRDIR	0x00003031	0	GETNXTRDIR	0x00003031	0	GETNXTRDIR
PLYR	GETRDCAR	2997	1734	2	1	0x00003035	bounded_ok			GETNXTRDIR	0x00003031	4	ROADIR	0x00003037	2	ROADIR
PLYR	ROADIR	3004	1736	3	1	0x00003037	known	ROADIR	0x00003037	ROADIR	0x00003037	0	ROADIR	0x00003037	0	ROADIR
PLYR	GETRDIR	3012	1739	1	1	0x0000303A	known	GETRDIR	0x0000303A	GETRDIR	0x0000303A	0	GETRDIR	0x0000303A	0	GETRDIR
PLYR	GETRD1	3014	1740	14	1	0x0000303B	known	GETRD1@PLYR	0x0000303B	GETRD1	0x0000303B	0	GETRD1	0x0000303B	0	GETRD1
PLYR	ROADIRX	3029	1754	1	1	0x00003049	known	ROADIRX@PLYR	0x00003049	ROADIRX	0x00003049	0	ROADIRX	0x00003049	0	ROADIRX
PLYR	PLYRWHL	3037	1755	12	1	0x0000304A	known	PLYRWHL@PLYR	0x0000304A	PLYRWHL	0x0000304A	0	PLYRWHL	0x0000304A	0	PLYRWHL
PLYR	PWHL0	3050	1767	7	1	0x00003056	known	PWHL0@PLYR	0x00003056	PWHL0	0x00003056	0	PWHL0	0x00003056	0	PWHL0
PLYR	PWHL1	3057	1774	16	1	0x0000305D	known	PWHL1@PLYR	0x0000305D	PWHL1	0x0000305D	0	PWHL1	0x0000305D	0	PWHL1
PLYR	PWHLX	3075	1790	3	1	0x0000306D	known	PWHLX@PLYR	0x0000306D	PWHLX	0x0000306D	0	PWHLX	0x0000306D	0	PWHLX
PLYR	PWHLX0	3080	1793	1	1	0x00003070	known	PWHLX0@PLYR	0x00003070	PWHLX0	0x00003070	0	PWHLX0	0x00003070	0	PWHLX0
PLYR	PWHLXX	3081	1794	19	1	0x00003071	known	PWHLXX@PLYR	0x00003071	PWHLXX	0x00003071	0	PWHLXX	0x00003071	0	PWHLXX
PLYR	WHLOFFX	3106	1813	1	1	0x00003084	known	WHLOFFX@PLYR	0x00003084	WHLOFFX	0x00003084	0	WHLOFFX	0x00003084	0	WHLOFFX
PLYR	PLYR_SNDS	3136	1814	13	1	0x00003097	known	PLYR_SNDS@PLYR	0x00003097	PLYR_SNDS	0x00003097	0	PLYR_SNDS	0x00003097	0	PLYR_SNDS
PLYR	PSND0	3151	1827	10	1	0x000030A4	known	PSND0@PLYR	0x000030A4	PSND0	0x000030A4	0	PSND0	0x000030A4	0	PSND0
PLYR	PSND1	3166	1837	3	1	0x000030AE	known	PSND1@PLYR	0x000030AE	PSND1	0x000030AE	0	PSND1	0x000030AE	0	PSND1
PLYR	PSND2	3170	1840	1	1	0x000030B1	known	PSND2@PLYR	0x000030B1	PSND2	0x000030B1	0	PSND2	0x000030B1	0	PSND2
PLYR	BACKREV	3174	1841	7	1	0x000030B2	known	BACKREV@PLYR	0x000030B2	BACKREV	0x000030B2	0	BACKREV	0x000030B2	0	BACKREV
PLYR	BACKREV1	3183	1848	2	1	0x000030B9	known	BACKREV1@PLYR	0x000030B9	BACKREV1	0x000030B9	0	BACKREV1	0x000030B9	0	BACKREV1
PLYR	PLAIR	3187	1850	11	1	0x000030BB	known	PLAIR@PLYR	0x000030BB	PLAIR	0x000030BB	0	PLAIR	0x000030BB	0	PLAIR
PLYR	PLYRSND1A	3205	1861	2	1	0x000030C6	known	PLYRSND1A@PLYR	0x000030C6	PLYRSND1A	0x000030C6	0	PLYRSND1A	0x000030C6	0	PLYRSND1A
PLYR	PLYRSND1B	3208	1863	8	1	0x000030C8	known	PLYRSND1B@PLYR	0x000030C8	PLYRSND1B	0x000030C8	0	PLYRSND1B	0x000030C8	0	PLYRSND1B
PLYR	NOBOTTOM	3221	1871	1	1	0x000030D0	known	NOBOTTOM@PLYR	0x000030D0	NOBOTTOM	0x000030D0	0	NOBOTTOM	0x000030D0	0	NOBOTTOM
PLYR	BOTX	3223	1872	6	1	0x000030D1	known	BOTX@PLYR	0x000030D1	BOTX	0x000030D1	0	BOTX	0x000030D1	0	BOTX
PLYR	NO_SMOKE	3229	1878	23	1	0x000030D7	known	NO_SMOKE@PLYR	0x000030D7	NO_SMOKE	0x000030D7	0	NO_SMOKE	0x000030D7	0	NO_SMOKE
PLYR	NO_FLAME	3256	1901	4	1	0x000030EE	known	NO_FLAME@PLYR	0x000030EE	NO_FLAME	0x000030EE	0	NO_FLAME	0x000030EE	0	NO_FLAME
PLYR	SKIDAMP	3262	1905	3	1	0x000030F2	known	SKIDAMP@PLYR	0x000030F2	SKIDAMP	0x000030F2	0	SKIDAMP	0x000030F2	0	SKIDAMP
PLYR	SKIDAMP1	3266	1908	2	1	0x000030F5	known	SKIDAMP1@PLYR	0x000030F5	SKIDAMP1	0x000030F5	0	SKIDAMP1	0x000030F5	0	SKIDAMP1
PLYR	SKIDAMP10	3269	1910	6	1	0x000030F7	known	SKIDAMP10@PLYR	0x000030F7	SKIDAMP10	0x000030F7	0	SKIDAMP10	0x000030F7	0	SKIDAMP10
PLYR	NOSKID	3277	1916	4	1	0x000030FD	known	NOSKID@PLYR	0x000030FD	NOSKID	0x000030FD	0	NOSKID	0x000030FD	0	NOSKID
PLYR	SKIDX	3283	1920	12	1	0x00003101	known	SKIDX@PLYR	0x00003101	SKIDX	0x00003101	0	SKIDX	0x00003101	0	SKIDX
PLYR	NOBRAKSND	3299	1932	2	1	0x0000310D	known	NOBRAKSND@PLYR	0x0000310D	NOBRAKSND	0x0000310D	0	NOBRAKSND	0x0000310D	0	NOBRAKSND
PLYR	BRAKSNDX	3302	1934	14	1	0x0000310F	known	BRAKSNDX@PLYR	0x0000310F	BRAKSNDX	0x0000310F	0	BRAKSNDX	0x0000310F	0	BRAKSNDX
PLYR	NOSPUTSND	3324	1948	2	1	0x0000311D	known	NOSPUTSND@PLYR	0x0000311D	NOSPUTSND	0x0000311D	0	NOSPUTSND	0x0000311D	0	NOSPUTSND
PLYR	SPUTSNDX	3327	1950	11	1	0x0000311F	known	SPUTSNDX@PLYR	0x0000311F	SPUTSNDX	0x0000311F	0	SPUTSNDX	0x0000311F	0	SPUTSNDX
PLYR	TUNOFF	3343	1961	2	1	0x0000312A	known	TUNOFF@PLYR	0x0000312A	TUNOFF	0x0000312A	0	TUNOFF	0x0000312A	0	TUNOFF
PLYR	TUNSNDX	3345	1963	12	1	0x0000312C	known	TUNSNDX@PLYR	0x0000312C	TUNSNDX	0x0000312C	0	TUNSNDX	0x0000312C	0	TUNSNDX
PLYR	GRAVEL	3362	1975	5	1	0x00003138	bounded_ok			TUNSNDX	0x0000312C	12	NOGRAV	0x0000313D	5	NOGRAV
PLYR	NOGRAV	3370	1980	5	1	0x0000313D	known	NOGRAV@PLYR	0x0000313D	NOGRAV	0x0000313D	0	NOGRAV	0x0000313D	0	NOGRAV
PLYR	PLSNDX	3376	1985	1	1	0x00003142	bounded_ok			NOGRAV	0x0000313D	5	MKFXSND	0x00003143	1	MKFXSND
PLYR	MKFXSND	3382	1986	4	1	0x00003143	known	MKFXSND	0x00003143	MKFXSND	0x00003143	0	MKFXSND	0x00003143	0	MKFXSND
PLYR	MKFXSNDX	3387	1990	1	1	0x00003147	bounded_ok			MKFXSND	0x00003143	4	MKVFXSND	0x00003148	1	MKVFXSND
PLYR	MKVFXSND	3394	1991	9	1	0x00003148	known	MKVFXSND@PLYR	0x00003148	MKVFXSND	0x00003148	0	MKVFXSND	0x00003148	0	MKVFXSND
PLYR	MKVFX1	3406	2000	8	1	0x00003151	known	MKVFX1@PLYR	0x00003151	MKVFX1	0x00003151	0	MKVFX1	0x00003151	0	MKVFX1
PLYR	RANDSND	3423	2008	7	1	0x00003159	known	RANDSND	0x00003159	RANDSND	0x00003159	0	RANDSND	0x00003159	0	RANDSND
PLYR	RANDVSND	3437	2015	8	1	0x00003160	known	RANDVSND	0x00003160	RANDVSND	0x00003160	0	RANDVSND	0x00003160	0	RANDVSND
PLYR	DRONESND	3454	2023	6	1	0x00003168	known	DRONESND	0x00003168	DRONESND	0x00003168	0	DRONESND	0x00003168	0	DRONESND
PLYR	DRONESND1	3461	2029	13	1	0x0000316E	known	DRONESND1	0x0000316E	DRONESND1	0x0000316E	0	DRONESND1	0x0000316E	0	DRONESND1
PLYR	GETCMOS_VALUES	3500	2042	10	1	0x0000317C	known	GETCMOS_VALUES	0x0000317C	GETCMOS_VALUES	0x0000317C	0	GETCMOS_VALUES	0x0000317C	0	GETCMOS_VALUES
PLYR	CMOSALP	3511	2052	6	1	0x00003186	known	CMOSALP@PLYR	0x00003186	CMOSALP	0x00003186	0	CMOSALP	0x00003186	0	CMOSALP
PLYR	CAMMATSAV	3520	2058	10	1	0x0000318C	known	CAMMATSAV@PLYR	0x0000318C	CAMMATSAV	0x0000318C	0	CAMMATSAV	0x0000318C	0	CAMMATSAV
PLYR	CAMMATAVG	3538	2068	14	1	0x00003195	known	CAMMATAVG@PLYR	0x00003195	CAMMATAVG	0x00003195	0	CAMMATAVG	0x00003195	0	CAMMATAVG
PLYR	CAMAVG	3558	2082	1	1	0x000031A3	known	CAMAVG@PLYR	0x000031A3	CAMAVG	0x000031A3	0	CAMAVG	0x000031A3	0	CAMAVG
PLYR	CAMMATX	3559	2083	2	1	0x000031A4	known	CAMMATX@PLYR	0x000031A4	CAMMATX	0x000031A4	0	CAMMATX	0x000031A4	0	CAMMATX
RACER	DIFF_CHANGE	64	0	10	1	0x000050B5	known	DIFF_CHANGE	0x000050B5	DIFF_CHANGE	0x000050B5	0	DIFF_CHANGE	0x000050B5	0	DIFF_CHANGE
RACER	GETDIFF	81	10	15	1	0x000050BF	bounded_conflict			DIFF_CHANGE	0x000050B5	10	COMPTRAK	0x0000528D	447	DIFF_CHANGE
RACER	GD1	106	25	19	1	0x000050CE	bounded_conflict			DIFF_CHANGE	0x000050B5	25	COMPTRAK	0x0000528D	432	DIFF_CHANGE
RACER	RACER_DRONE	166	44	17	1	0x000050E1	bounded_conflict			DIFF_CHANGE	0x000050B5	44	COMPTRAK	0x0000528D	413	DIFF_CHANGE
RACER	NOTLINKED	194	61	1	1	0x000050F2	bounded_conflict			DIFF_CHANGE	0x000050B5	61	COMPTRAK	0x0000528D	396	DIFF_CHANGE
RACER	JJKK	196	62	24	1	0x000050F3	bounded_conflict			DIFF_CHANGE	0x000050B5	62	COMPTRAK	0x0000528D	395	DIFF_CHANGE
RACER	NOOTHERPAL	230	86	69	1	0x0000510B	bounded_conflict			DIFF_CHANGE	0x000050B5	86	COMPTRAK	0x0000528D	371	DIFF_CHANGE
RACER	RACER_LP	341	155	6	1	0x00005150	bounded_conflict			DIFF_CHANGE	0x000050B5	155	COMPTRAK	0x0000528D	302	DIFF_CHANGE
RACER	RACE_ON	350	161	6	1	0x00005156	bounded_conflict			DIFF_CHANGE	0x000050B5	161	COMPTRAK	0x0000528D	296	DIFF_CHANGE
RACER	CKSTEALTH	359	167	34	1	0x0000515C	bounded_conflict			DIFF_CHANGE	0x000050B5	167	COMPTRAK	0x0000528D	290	DIFF_CHANGE
RACER	NUTRACK	408	201	7	1	0x0000517E	bounded_conflict			DIFF_CHANGE	0x000050B5	201	COMPTRAK	0x0000528D	256	DIFF_CHANGE
RACER	ONTRACK	422	208	18	1	0x00005185	bounded_conflict			DIFF_CHANGE	0x000050B5	208	COMPTRAK	0x0000528D	249	DIFF_CHANGE
RACER	ROADTRAK1	447	226	27	1	0x00005197	bounded_conflict			DIFF_CHANGE	0x000050B5	226	COMPTRAK	0x0000528D	231	DIFF_CHANGE
RACER	NODIV	492	253	25	1	0x000051B2	bounded_conflict			DIFF_CHANGE	0x000050B5	253	COMPTRAK	0x0000528D	204	COMPTRAK
RACER	NOTURN	533	278	8	1	0x000051CB	bounded_conflict			DIFF_CHANGE	0x000050B5	278	COMPTRAK	0x0000528D	179	COMPTRAK
RACER	RACER_SLP	543	286	2	1	0x000051D3	bounded_conflict			DIFF_CHANGE	0x000050B5	286	COMPTRAK	0x0000528D	171	COMPTRAK
RACER	NOTLINKED4	549	288	3	1	0x000051D5	bounded_conflict			DIFF_CHANGE	0x000050B5	288	COMPTRAK	0x0000528D	169	COMPTRAK
RACER	RACE_FIN	555	291	12	1	0x000051D8	bounded_conflict			DIFF_CHANGE	0x000050B5	291	COMPTRAK	0x0000528D	166	COMPTRAK
RACER	RACFIN1	569	303	7	1	0x000051E4	bounded_conflict			DIFF_CHANGE	0x000050B5	303	COMPTRAK	0x0000528D	154	COMPTRAK
RACER	RACEDONE	577	310	12	1	0x000051EB	bounded_conflict			DIFF_CHANGE	0x000050B5	310	COMPTRAK	0x0000528D	147	COMPTRAK
RACER	RD0	590	322	9	1	0x000051F7	bounded_conflict			DIFF_CHANGE	0x000050B5	322	COMPTRAK	0x0000528D	135	COMPTRAK
RACER	RDL	602	331	10	1	0x00005200	bounded_conflict			DIFF_CHANGE	0x000050B5	331	COMPTRAK	0x0000528D	126	COMPTRAK
RACER	CKPCOL	620	341	19	1	0x0000520A	bounded_conflict			DIFF_CHANGE	0x000050B5	341	COMPTRAK	0x0000528D	116	COMPTRAK
RACER	CKPX	645	360	1	1	0x0000521D	bounded_conflict			DIFF_CHANGE	0x000050B5	360	COMPTRAK	0x0000528D	97	COMPTRAK
RACER	HI_STEALTH	650	361	7	1	0x0000521E	bounded_conflict			DIFF_CHANGE	0x000050B5	361	COMPTRAK	0x0000528D	96	COMPTRAK
RACER	HI_STLP	660	368	17	1	0x00005225	bounded_conflict			DIFF_CHANGE	0x000050B5	368	COMPTRAK	0x0000528D	89	COMPTRAK
RACER	HI_ST_END	689	385	5	1	0x00005236	bounded_conflict			DIFF_CHANGE	0x000050B5	385	COMPTRAK	0x0000528D	72	COMPTRAK
RACER	LO_STEALTH	699	390	7	1	0x0000523B	bounded_conflict			DIFF_CHANGE	0x000050B5	390	COMPTRAK	0x0000528D	67	COMPTRAK
RACER	LO_STLP	709	397	16	1	0x00005242	bounded_conflict			DIFF_CHANGE	0x000050B5	397	COMPTRAK	0x0000528D	60	COMPTRAK
RACER	REENTER	735	413	25	1	0x00005252	bounded_conflict			DIFF_CHANGE	0x000050B5	413	COMPTRAK	0x0000528D	44	COMPTRAK
RACER	CKTRANSLO	774	438	4	1	0x0000526B	bounded_conflict			DIFF_CHANGE	0x000050B5	438	COMPTRAK	0x0000528D	19	COMPTRAK
RACER	CKTLX	779	442	1	1	0x0000526F	bounded_conflict			DIFF_CHANGE	0x000050B5	442	COMPTRAK	0x0000528D	15	COMPTRAK
RACER	CKTRANSHI	783	443	4	1	0x00005270	bounded_conflict			DIFF_CHANGE	0x000050B5	443	COMPTRAK	0x0000528D	14	COMPTRAK
RACER	CKTHX	788	447	1	1	0x00005274	bounded_conflict			DIFF_CHANGE	0x000050B5	447	COMPTRAK	0x0000528D	10	COMPTRAK
RACER	CKRANGE	793	448	7	1	0x00005275	bounded_conflict			DIFF_CHANGE	0x000050B5	448	COMPTRAK	0x0000528D	9	COMPTRAK
RACER	CKRFAIL	801	455	2	1	0x0000527C	bounded_conflict			DIFF_CHANGE	0x000050B5	455	COMPTRAK	0x0000528D	2	COMPTRAK
RACER	COMPTRAK	810	457	7	1	0x0000528D	known	COMPTRAK	0x0000528D	COMPTRAK	0x0000528D	0	COMPTRAK	0x0000528D	0	COMPTRAK
RACER	SEND_RACER_XSFER	824	464	9	1	0x00005294	bounded_conflict			COMPTRAK	0x0000528D	7	CKAHEAD	0x0000539A	259	COMPTRAK
RACER	DECODE_RACER_XSFER	852	473	34	1	0x0000529D	bounded_conflict			COMPTRAK	0x0000528D	16	CKAHEAD	0x0000539A	250	COMPTRAK
RACER	LINKREC1	900	507	8	1	0x000052BF	bounded_conflict			COMPTRAK	0x0000528D	50	CKAHEAD	0x0000539A	216	COMPTRAK
RACER	LINKREC3	910	515	2	1	0x000052C7	bounded_conflict			COMPTRAK	0x0000528D	58	CKAHEAD	0x0000539A	208	COMPTRAK
RACER	LINKRECX	914	517	1	1	0x000052C9	bounded_conflict			COMPTRAK	0x0000528D	60	CKAHEAD	0x0000539A	206	COMPTRAK
RACER	ACTIVE_XSFER	925	518	16	1	0x000052CA	bounded_conflict			COMPTRAK	0x0000528D	61	CKAHEAD	0x0000539A	205	COMPTRAK
RACER	STEALTH_UPDATE	953	534	20	1	0x000052DA	bounded_conflict			COMPTRAK	0x0000528D	77	CKAHEAD	0x0000539A	189	COMPTRAK
RACER	STLUP1	985	554	24	1	0x000052EE	bounded_conflict			COMPTRAK	0x0000528D	97	CKAHEAD	0x0000539A	169	COMPTRAK
RACER	GETPOWER	1022	578	22	1	0x00005306	bounded_conflict			COMPTRAK	0x0000528D	121	CKAHEAD	0x0000539A	145	COMPTRAK
RACER	PDIST	1052	600	5	1	0x0000531C	bounded_conflict			COMPTRAK	0x0000528D	143	CKAHEAD	0x0000539A	123	CKAHEAD
RACER	PDIST1	1059	605	13	1	0x00005321	bounded_conflict			COMPTRAK	0x0000528D	148	CKAHEAD	0x0000539A	118	CKAHEAD
RACER	PDIST1A	1077	618	2	1	0x0000532E	bounded_conflict			COMPTRAK	0x0000528D	161	CKAHEAD	0x0000539A	105	CKAHEAD
RACER	PDIST1B	1080	620	9	1	0x00005330	bounded_conflict			COMPTRAK	0x0000528D	163	CKAHEAD	0x0000539A	103	CKAHEAD
RACER	PDIST2	1092	629	3	1	0x00005339	bounded_conflict			COMPTRAK	0x0000528D	172	CKAHEAD	0x0000539A	94	CKAHEAD
RACER	GETSURGE	1097	632	12	1	0x0000533C	bounded_conflict			COMPTRAK	0x0000528D	175	CKAHEAD	0x0000539A	91	CKAHEAD
RACER	POWERX	1112	644	5	1	0x00005348	bounded_conflict			COMPTRAK	0x0000528D	187	CKAHEAD	0x0000539A	79	CKAHEAD
RACER	GETSTSPD	1133	649	39	1	0x0000534D	bounded_conflict			COMPTRAK	0x0000528D	192	CKAHEAD	0x0000539A	74	CKAHEAD
RACER	GETSP22	1188	688	1	1	0x00005374	bounded_conflict			COMPTRAK	0x0000528D	231	CKAHEAD	0x0000539A	35	CKAHEAD
RACER	GETSPD2	1193	689	8	1	0x00005375	bounded_conflict			COMPTRAK	0x0000528D	232	CKAHEAD	0x0000539A	34	CKAHEAD
RACER	GSL0	1209	697	5	1	0x0000537D	bounded_conflict			COMPTRAK	0x0000528D	240	CKAHEAD	0x0000539A	26	CKAHEAD
RACER	FIND_DYNA	1227	702	1	1	0x00005382	bounded_conflict			COMPTRAK	0x0000528D	245	CKAHEAD	0x0000539A	21	CKAHEAD
RACER	FDL	1229	703	10	1	0x00005383	bounded_conflict			COMPTRAK	0x0000528D	246	CKAHEAD	0x0000539A	20	CKAHEAD
RACER	FDLX	1240	713	1	1	0x0000538D	bounded_conflict			COMPTRAK	0x0000528D	256	CKAHEAD	0x0000539A	10	CKAHEAD
RACER	FIND_MAP	1260	714	2	1	0x0000538E	bounded_conflict			COMPTRAK	0x0000528D	257	CKAHEAD	0x0000539A	9	CKAHEAD
RACER	FIND_LP	1263	716	3	1	0x00005390	bounded_conflict			COMPTRAK	0x0000528D	259	CKAHEAD	0x0000539A	7	CKAHEAD
RACER	FINDX	1267	719	4	1	0x00005393	bounded_conflict			COMPTRAK	0x0000528D	262	CKAHEAD	0x0000539A	4	CKAHEAD
RACER	CKAHEAD	1290	723	23	1	0x0000539A	known	CKAHEAD	0x0000539A	CKAHEAD	0x0000539A	0	CKAHEAD	0x0000539A	0	CKAHEAD
RACER	CARSCAN	1336	746	2	1	0x000053B1	bounded_conflict			CKAHEAD	0x0000539A	23	SPOS_INIT	0x00005522	366	CKAHEAD
RACER	OBSCL	1339	748	8	1	0x000053B3	bounded_conflict			CKAHEAD	0x0000539A	25	SPOS_INIT	0x00005522	364	CKAHEAD
RACER	OBSCLP	1350	756	2	1	0x000053BB	bounded_conflict			CKAHEAD	0x0000539A	33	SPOS_INIT	0x00005522	356	CKAHEAD
RACER	OBSCX	1353	758	1	1	0x000053BD	bounded_conflict			CKAHEAD	0x0000539A	35	SPOS_INIT	0x00005522	354	CKAHEAD
RACER	PLSCAN	1360	759	6	1	0x000053BE	bounded_conflict			CKAHEAD	0x0000539A	36	SPOS_INIT	0x00005522	353	CKAHEAD
RACER	OBSTABINIT	1379	765	22	1	0x000053C4	bounded_conflict			CKAHEAD	0x0000539A	42	SPOS_INIT	0x00005522	347	CKAHEAD
RACER	OILP00	1411	787	2	1	0x000053DA	bounded_conflict			CKAHEAD	0x0000539A	64	SPOS_INIT	0x00005522	325	CKAHEAD
RACER	OI1	1413	789	5	1	0x000053DC	bounded_conflict			CKAHEAD	0x0000539A	66	SPOS_INIT	0x00005522	323	CKAHEAD
RACER	OI10	1419	794	3	1	0x000053E1	bounded_conflict			CKAHEAD	0x0000539A	71	SPOS_INIT	0x00005522	318	CKAHEAD
RACER	OILP0	1423	797	2	1	0x000053E4	bounded_conflict			CKAHEAD	0x0000539A	74	SPOS_INIT	0x00005522	315	CKAHEAD
RACER	OI2	1425	799	11	1	0x000053E6	bounded_conflict			CKAHEAD	0x0000539A	76	SPOS_INIT	0x00005522	313	CKAHEAD
RACER	OI4	1442	810	9	1	0x000053F1	bounded_conflict			CKAHEAD	0x0000539A	87	SPOS_INIT	0x00005522	302	CKAHEAD
RACER	OILP	1455	819	1	1	0x000053FA	bounded_conflict			CKAHEAD	0x0000539A	96	SPOS_INIT	0x00005522	293	CKAHEAD
RACER	OIX	1457	820	1	1	0x000053FB	bounded_conflict			CKAHEAD	0x0000539A	97	SPOS_INIT	0x00005522	292	CKAHEAD
RACER	GETRDOFFSET	1474	821	34	1	0x000053FC	bounded_conflict			CKAHEAD	0x0000539A	98	SPOS_INIT	0x00005522	291	CKAHEAD
RACER	S000	1531	855	6	1	0x0000541E	bounded_conflict			CKAHEAD	0x0000539A	132	SPOS_INIT	0x00005522	257	CKAHEAD
RACER	SR00	1543	861	3	1	0x00005424	bounded_conflict			CKAHEAD	0x0000539A	138	SPOS_INIT	0x00005522	251	CKAHEAD
RACER	SR0	1548	864	8	1	0x00005427	bounded_conflict			CKAHEAD	0x0000539A	141	SPOS_INIT	0x00005522	248	CKAHEAD
RACER	FOUNDR	1560	872	2	1	0x0000542F	bounded_conflict			CKAHEAD	0x0000539A	149	SPOS_INIT	0x00005522	240	CKAHEAD
RACER	LEFTSCAN	1566	874	14	1	0x00005431	bounded_conflict			CKAHEAD	0x0000539A	151	SPOS_INIT	0x00005522	238	CKAHEAD
RACER	SL00	1587	888	1	1	0x0000543F	bounded_conflict			CKAHEAD	0x0000539A	165	SPOS_INIT	0x00005522	224	CKAHEAD
RACER	SL0	1589	889	8	1	0x00005440	bounded_conflict			CKAHEAD	0x0000539A	166	SPOS_INIT	0x00005522	223	CKAHEAD
RACER	FOUNDL	1604	897	2	1	0x00005448	bounded_conflict			CKAHEAD	0x0000539A	174	SPOS_INIT	0x00005522	215	CKAHEAD
RACER	DONE	1611	899	21	1	0x0000544A	bounded_conflict			CKAHEAD	0x0000539A	176	SPOS_INIT	0x00005522	213	CKAHEAD
RACER	ROXX	1642	920	1	1	0x0000545F	bounded_conflict			CKAHEAD	0x0000539A	197	SPOS_INIT	0x00005522	192	SPOS_INIT
RACER	FAIL	1644	921	1	1	0x00005460	bounded_conflict			CKAHEAD	0x0000539A	198	SPOS_INIT	0x00005522	191	SPOS_INIT
RACER	OK	1646	922	2	1	0x00005461	bounded_conflict			CKAHEAD	0x0000539A	199	SPOS_INIT	0x00005522	190	SPOS_INIT
RACER	CARCHEK	1664	924	29	1	0x00005463	bounded_conflict			CKAHEAD	0x0000539A	201	SPOS_INIT	0x00005522	188	SPOS_INIT
RACER	SIDECKX	1705	953	44	1	0x00005480	bounded_conflict			CKAHEAD	0x0000539A	230	SPOS_INIT	0x00005522	159	SPOS_INIT
RACER	GOTONE	1774	997	27	1	0x000054AC	bounded_conflict			CKAHEAD	0x0000539A	274	SPOS_INIT	0x00005522	115	SPOS_INIT
RACER	LOADLP	1814	1024	1	1	0x000054C7	bounded_conflict			CKAHEAD	0x0000539A	301	SPOS_INIT	0x00005522	88	SPOS_INIT
RACER	LOADLPX	1815	1025	2	1	0x000054C8	bounded_conflict			CKAHEAD	0x0000539A	302	SPOS_INIT	0x00005522	87	SPOS_INIT
RACER	CARCHKX	1819	1027	2	1	0x000054CA	bounded_conflict			CKAHEAD	0x0000539A	304	SPOS_INIT	0x00005522	85	SPOS_INIT
RACER	GETPV	1836	1029	11	1	0x000054CC	bounded_conflict			CKAHEAD	0x0000539A	306	SPOS_INIT	0x00005522	83	SPOS_INIT
RACER	GETWIDTH	1861	1040	22	1	0x000054D7	bounded_conflict			CKAHEAD	0x0000539A	317	SPOS_INIT	0x00005522	72	SPOS_INIT
RACER	RPASS	1899	1062	6	1	0x000054ED	bounded_conflict			CKAHEAD	0x0000539A	339	SPOS_INIT	0x00005522	50	SPOS_INIT
RACER	RPASS1	1907	1068	17	1	0x000054F3	bounded_conflict			CKAHEAD	0x0000539A	345	SPOS_INIT	0x00005522	44	SPOS_INIT
RACER	RPASS2	1928	1085	5	1	0x00005504	bounded_conflict			CKAHEAD	0x0000539A	362	SPOS_INIT	0x00005522	27	SPOS_INIT
RACER	RPASS3	1934	1090	18	1	0x00005509	bounded_conflict			CKAHEAD	0x0000539A	367	SPOS_INIT	0x00005522	22	SPOS_INIT
RACER	RPASS4	1955	1108	3	1	0x0000551B	bounded_conflict			CKAHEAD	0x0000539A	385	SPOS_INIT	0x00005522	4	SPOS_INIT
RACER	RPASSX	1959	1111	1	1	0x0000551E	bounded_conflict			CKAHEAD	0x0000539A	388	SPOS_INIT	0x00005522	1	SPOS_INIT
RACER	SPOS_INIT	1975	1112	10	1	0x00005522	known	SPOS_INIT	0x00005522	SPOS_INIT	0x00005522	0	SPOS_INIT	0x00005522	0	SPOS_INIT
RACER	LOOP56	1991	1122	18	1	0x0000552C	known	LOOP56@RACER	0x0000552C	LOOP56	0x0000552C	0	LOOP56	0x0000552C	0	LOOP56
RACER	LOOP56A	2016	1140	13	1	0x0000553E	known	LOOP56A@RACER	0x0000553E	LOOP56A	0x0000553E	0	LOOP56A	0x0000553E	0	LOOP56A
RACER	OFFANDDONE	2034	1153	1	1	0x0000554B	known	OFFANDDONE@RACER	0x0000554B	OFFANDDONE	0x0000554B	0	OFFANDDONE	0x0000554B	0	OFFANDDONE
RACER	L874	2037	1154	28	1	0x0000554C	bounded_ok			OFFANDDONE	0x0000554B	1	WRECKST	0x00005568	28	OFFANDDONE
RACER	WRECKST	2082	1182	12	1	0x00005568	known	WRECKST	0x00005568	WRECKST	0x00005568	0	WRECKST	0x00005568	0	WRECKST
RACER	WRKST1	2096	1194	24	1	0x00005574	bounded_ok			WRECKST	0x00005568	12	WRECK	0x0000558C	24	WRECKST
RACER	WRECK	2154	1218	37	1	0x0000558C	known	WRECK	0x0000558C	WRECK	0x0000558C	0	WRECK	0x0000558C	0	WRECK
RACER	WRECK1	2208	1255	17	1	0x000055B1	known	WRECK1@RACER	0x000055B1	WRECK1	0x000055B1	0	WRECK1	0x000055B1	0	WRECK1
RACER	WRECKSLP	2233	1272	1	1	0x000055C2	known	WRECKSLP@RACER	0x000055C2	WRECKSLP	0x000055C2	0	WRECKSLP	0x000055C2	0	WRECKSLP
RHO	RHO_START	105	0	4	1	0x0000978C	backward_extrapolated						RHO_DIE	0x000098CC	320	RHO_DIE
RHO	RHO_DRONE	112	4	4	1	0x00009790	backward_extrapolated						RHO_DIE	0x000098CC	316	RHO_DIE
RHO	IBOIBO	118	8	13	1	0x00009794	backward_extrapolated						RHO_DIE	0x000098CC	312	RHO_DIE
RHO	NONOLONG	135	21	83	1	0x000097A1	backward_extrapolated						RHO_DIE	0x000098CC	299	RHO_DIE
RHO	NOT_WEAVER	260	104	8	1	0x000097F4	backward_extrapolated						RHO_DIE	0x000098CC	216	RHO_DIE
RHO	RHO_LP	288	114	17	1	0x000097FE	backward_extrapolated						RHO_DIE	0x000098CC	206	RHO_DIE
RHO	ABORTWEAVE	345	131	7	1	0x0000980F	backward_extrapolated						RHO_DIE	0x000098CC	189	RHO_DIE
RHO	DONTABORT	353	138	12	1	0x00009816	backward_extrapolated						RHO_DIE	0x000098CC	182	RHO_DIE
RHO	III	372	150	6	1	0x00009822	backward_extrapolated						RHO_DIE	0x000098CC	170	RHO_DIE
RHO	III4	380	156	8	1	0x00009828	backward_extrapolated						RHO_DIE	0x000098CC	164	RHO_DIE
RHO	NOT_WEAVER_LP	395	164	22	1	0x00009830	backward_extrapolated						RHO_DIE	0x000098CC	156	RHO_DIE
RHO	NONOISE	435	186	2	1	0x00009846	backward_extrapolated						RHO_DIE	0x000098CC	134	RHO_DIE
RHO	CHECK_DIST	446	188	7	1	0x00009848	backward_extrapolated						RHO_DIE	0x000098CC	132	RHO_DIE
RHO	ALLOK66	459	195	8	1	0x0000984F	backward_extrapolated						RHO_DIE	0x000098CC	125	RHO_DIE
RHO	NOT_WEAVER_LP2	472	203	1	1	0x00009857	backward_extrapolated						RHO_DIE	0x000098CC	117	RHO_DIE
RHO	L9999	475	204	10	1	0x00009858	backward_extrapolated						RHO_DIE	0x000098CC	116	RHO_DIE
RHO	THIS_PIECE	493	214	15	1	0x00009862	backward_extrapolated						RHO_DIE	0x000098CC	106	RHO_DIE
RHO	JOINUP998	510	229	8	1	0x00009871	backward_extrapolated						RHO_DIE	0x000098CC	91	RHO_DIE
RHO	NODIV	524	237	33	1	0x00009879	backward_extrapolated						RHO_DIE	0x000098CC	83	RHO_DIE
RHO	NOLOAD	570	270	5	1	0x0000989A	backward_extrapolated						RHO_DIE	0x000098CC	50	RHO_DIE
RHO	LLL88	575	275	8	1	0x0000989F	backward_extrapolated						RHO_DIE	0x000098CC	45	RHO_DIE
RHO	NOTPRECOL	585	283	10	1	0x000098A7	backward_extrapolated						RHO_DIE	0x000098CC	37	RHO_DIE
RHO	L99	599	293	4	1	0x000098B1	backward_extrapolated						RHO_DIE	0x000098CC	27	RHO_DIE
RHO	RHO_SLP	606	297	7	1	0x000098B5	backward_extrapolated						RHO_DIE	0x000098CC	23	RHO_DIE
RHO	CKCAROFF	622	304	12	1	0x000098BC	backward_extrapolated						RHO_DIE	0x000098CC	16	RHO_DIE
RHO	CKCXFAIL	637	316	2	1	0x000098C8	backward_extrapolated						RHO_DIE	0x000098CC	4	RHO_DIE
RHO	CKCXPASS	640	318	2	1	0x000098CA	backward_extrapolated						RHO_DIE	0x000098CC	2	RHO_DIE
RHO	RHO_DIE	648	320	6	1	0x000098CC	known	RHO_DIE	0x000098CC	RHO_DIE	0x000098CC	0	RHO_DIE	0x000098CC	0	RHO_DIE
RHO	RHO_DIE0	659	326	2	1	0x000098D2	known	RHO_DIE0@RHO	0x000098D2	RHO_DIE0	0x000098D2	0	RHO_DIE0	0x000098D2	0	RHO_DIE0
RHO	RHO_DIE1	664	328	13	1	0x000098D4	known	RHO_DIE1@RHO	0x000098D4	RHO_DIE1	0x000098D4	0	RHO_DIE1	0x000098D4	0	RHO_DIE1
RHO	NODYNALEAN	684	341	3	1	0x000098E1	known	NODYNALEAN@RHO	0x000098E1	NODYNALEAN	0x000098E1	0	NODYNALEAN	0x000098E1	0	NODYNALEAN
RHO	RHO_ISHIT	713	344	13	1	0x000098E4	bounded_ok			NODYNALEAN	0x000098E1	3	SEND_RHO_XSFER	0x0000990F	43	NODYNALEAN
RHO	RHO_ISHITLP	726	357	9	1	0x000098F1	bounded_ok			NODYNALEAN	0x000098E1	16	SEND_RHO_XSFER	0x0000990F	30	NODYNALEAN
RHO	NOSMK	735	366	16	1	0x000098FA	bounded_ok			NODYNALEAN	0x000098E1	25	SEND_RHO_XSFER	0x0000990F	21	SEND_RHO_XSFER
RHO	RHOISHIT_SLP	768	382	5	1	0x0000990A	bounded_ok			NODYNALEAN	0x000098E1	41	SEND_RHO_XSFER	0x0000990F	5	SEND_RHO_XSFER
RHO	SEND_RHO_XSFER	784	387	14	1	0x0000990F	known	SEND_RHO_XSFER@RHO	0x0000990F	SEND_RHO_XSFER	0x0000990F	0	SEND_RHO_XSFER	0x0000990F	0	SEND_RHO_XSFER
RHO	DECODE_RHO_XSFER	820	401	12	1	0x0000991D	bounded_ok			SEND_RHO_XSFER	0x0000990F	14	DECRHOX2	0x00009929	12	DECRHOX2
RHO	DECRHOX2	839	413	2	1	0x00009929	known	DECRHOX2@RHO	0x00009929	DECRHOX2	0x00009929	0	DECRHOX2	0x00009929	0	DECRHOX2
RHO	DECRHOX	842	415	2	1	0x0000992B	known	DECRHOX@RHO	0x0000992B	DECRHOX	0x0000992B	0	DECRHOX	0x0000992B	0	DECRHOX
RHO	RHO_ACTIVE_XSFER	849	417	33	1	0x0000992D	bounded_conflict			DECRHOX	0x0000992B	2	SEND_RHO_KILL	0x0000994F	33	DECRHOX
RHO	SEND_RHO_KILL	898	450	7	1	0x0000994F	known	SEND_RHO_KILL@RHO	0x0000994F	SEND_RHO_KILL	0x0000994F	0	SEND_RHO_KILL	0x0000994F	0	SEND_RHO_KILL
RHO	DECODE_RHO_KILL	911	457	7	1	0x00009956	forward_extrapolated			SEND_RHO_KILL	0x0000994F	7				SEND_RHO_KILL
RHO	DRKX	921	464	1	1	0x0000995D	forward_extrapolated			SEND_RHO_KILL	0x0000994F	14				SEND_RHO_KILL
RHO	DRKXX	923	465	2	1	0x0000995E	forward_extrapolated			SEND_RHO_KILL	0x0000994F	15				SEND_RHO_KILL
ROADBLCK	INIT_RDDEBRIS	52	0	3	1	0x0000AF85	known	INIT_RDDEBRIS	0x0000AF85	INIT_RDDEBRIS	0x0000AF85	0	INIT_RDDEBRIS	0x0000AF85	0	INIT_RDDEBRIS
ROADBLCK	ADD_RDDEBRIS	75	3	14	1	0x0000AF88	known	ADD_RDDEBRIS	0x0000AF88	ADD_RDDEBRIS	0x0000AF88	0	ADD_RDDEBRIS	0x0000AF88	0	ADD_RDDEBRIS
ROADBLCK	FREE_RDDEBRIS	108	17	4	1	0x0000AF96	known	FREE_RDDEBRIS	0x0000AF96	FREE_RDDEBRIS	0x0000AF96	0	FREE_RDDEBRIS	0x0000AF96	0	FREE_RDDEBRIS
ROADBLCK	FREELP	115	21	7	1	0x0000AF9A	known	FREELP@ROADBLCK	0x0000AF9A	FREELP	0x0000AF9A	0	FREELP	0x0000AF9A	0	FREELP
ROADBLCK	FREEDR_X	127	28	3	1	0x0000AFA1	known	FREEDR_X@ROADBLCK	0x0000AFA1	FREEDR_X	0x0000AFA1	0	FREEDR_X	0x0000AFA1	0	FREEDR_X
ROADBLCK	DEBRIS_SORT	143	31	4	1	0x0000AFA5	known	DEBRIS_SORT	0x0000AFA5	DEBRIS_SORT	0x0000AFA5	0	DEBRIS_SORT	0x0000AFA5	0	DEBRIS_SORT
ROADBLCK	DSORTL	152	35	8	1	0x0000AFA9	bounded_ok			DEBRIS_SORT	0x0000AFA5	4	DSORTNXT	0x0000AFB1	8	DEBRIS_SORT
ROADBLCK	DSORTNXT	166	43	5	1	0x0000AFB1	known	DSORTNXT@ROADBLCK	0x0000AFB1	DSORTNXT	0x0000AFB1	0	DSORTNXT	0x0000AFB1	0	DSORTNXT
ROADBLCK	DSORTX	173	48	6	1	0x0000AFB6	bounded_ok			DSORTNXT	0x0000AFB1	5	GETRK0	0x0000AFC2	12	DSORTNXT
ROADBLCK	DBINSLP	186	54	6	1	0x0000AFBC	bounded_ok			DSORTNXT	0x0000AFB1	11	GETRK0	0x0000AFC2	6	GETRK0
ROADBLCK	GETRK0	193	60	2	1	0x0000AFC2	known	GETRK0@ROADBLCK	0x0000AFC2	GETRK0	0x0000AFC2	0	GETRK0	0x0000AFC2	0	GETRK0
ROADBLCK	GETRK	196	62	8	1	0x0000AFC4	bounded_ok			GETRK0	0x0000AFC2	2	GETLINK	0x0000AFD4	16	GETRK0
ROADBLCK	GETRKL	207	70	8	1	0x0000AFCC	bounded_ok			GETRK0	0x0000AFC2	10	GETLINK	0x0000AFD4	8	GETLINK
ROADBLCK	GETLINK	220	78	9	1	0x0000AFD4	known	GETLINK@ROADBLCK	0x0000AFD4	GETLINK	0x0000AFD4	0	GETLINK	0x0000AFD4	0	GETLINK
ROADBLCK	SHLOOP	235	87	11	1	0x0000AFDD	known	SHLOOP@ROADBLCK	0x0000AFDD	SHLOOP	0x0000AFDD	0	SHLOOP	0x0000AFDD	0	SHLOOP
ROADBLCK	SHDONE	248	98	5	1	0x0000AFE8	known	SHDONE@ROADBLCK	0x0000AFE8	SHDONE	0x0000AFE8	0	SHDONE	0x0000AFE8	0	SHDONE
ROADBLCK	IDB1	257	103	4	1	0x0000AFED	bounded_ok			SHDONE	0x0000AFE8	5	IDBX	0x0000AFF1	4	IDBX
ROADBLCK	IDBX	263	107	1	1	0x0000AFF1	known	IDBX@ROADBLCK	0x0000AFF1	IDBX	0x0000AFF1	0	IDBX	0x0000AFF1	0	IDBX
ROADKILL	PLYRROADKILL	53	0	6	1	0x00006946	known	PLYRROADKILL	0x00006946	PLYRROADKILL	0x00006946	0	PLYRROADKILL	0x00006946	0	PLYRROADKILL
ROADKILL	FINDLP	61	6	7	1	0x0000694C	known	FINDLP@ROADKILL	0x0000694C	FINDLP	0x0000694C	0	FINDLP	0x0000694C	0	FINDLP
ROADKILL	PLYRKX	69	13	4	1	0x00006953	known	PLYRKX@ROADKILL	0x00006953	PLYRKX	0x00006953	0	PLYRKX	0x00006953	0	PLYRKX
ROADKILL	CHECK_COLLISION	78	17	16	1	0x00006957	known	CHECK_COLLISION@ROADKILL	0x00006957	CHECK_COLLISION	0x00006957	0	CHECK_COLLISION	0x00006957	0	CHECK_COLLISION
ROADKILL	CCOLLX	96	33	1	1	0x00006967	known	CCOLLX@ROADKILL	0x00006967	CCOLLX	0x00006967	0	CCOLLX	0x00006967	0	CCOLLX
ROADKILL	CHECK_OFFSET	102	34	26	1	0x00006968	known	CHECK_OFFSET@ROADKILL	0x00006968	CHECK_OFFSET	0x00006968	0	CHECK_OFFSET	0x00006968	0	CHECK_OFFSET
ROADKILL	COFFX	136	60	2	1	0x00006982	known	COFFX@ROADKILL	0x00006982	COFFX	0x00006982	0	COFFX	0x00006982	0	COFFX
ROADKILL	ROADKILL_FLYERP	150	62	11	1	0x00006984	known	ROADKILL_FLYERP	0x00006984	ROADKILL_FLYERP	0x00006984	0	ROADKILL_FLYERP	0x00006984	0	ROADKILL_FLYERP
ROADKILL	NORMAL_ROADKILL	163	73	8	1	0x0000698F	known	NORMAL_ROADKILL@ROADKILL	0x0000698F	NORMAL_ROADKILL	0x0000698F	0	NORMAL_ROADKILL	0x0000698F	0	NORMAL_ROADKILL
ROADKILL	RKFP	175	81	1	1	0x00006997	known	RKFP@ROADKILL	0x00006997	RKFP	0x00006997	0	RKFP	0x00006997	0	RKFP
ROADKILL	RKFPX	177	82	4	1	0x00006998	known	RKFPX@ROADKILL	0x00006998	RKFPX	0x00006998	0	RKFPX	0x00006998	0	RKFPX
ROADKILL	ROADKILL_HIT	192	86	27	1	0x0000699C	known	ROADKILL_HIT	0x0000699C	ROADKILL_HIT	0x0000699C	0	ROADKILL_HIT	0x0000699C	0	ROADKILL_HIT
ROADKILL	DO_PLYR	224	113	6	1	0x000069B7	known	DO_PLYR@ROADKILL	0x000069B7	DO_PLYR	0x000069B7	0	DO_PLYR	0x000069B7	0	DO_PLYR
ROADKILL	PKQ	243	119	5	1	0x000069BD	known	PKQ@ROADKILL	0x000069BD	PKQ	0x000069BD	0	PKQ	0x000069BD	0	PKQ
ROADKILL	ROADKILL_SETKILL	259	124	12	1	0x000069C2	known	ROADKILL_SETKILL	0x000069C2	ROADKILL_SETKILL	0x000069C2	0	ROADKILL_SETKILL	0x000069C2	0	ROADKILL_SETKILL
ROADKILL	RS1	275	136	2	1	0x000069CE	bounded_ok			ROADKILL_SETKILL	0x000069C2	12	NNWAY	0x000069D0	2	NNWAY
ROADKILL	NNWAY	278	138	3	1	0x000069D0	known	NNWAY@ROADKILL	0x000069D0	NNWAY	0x000069D0	0	NNWAY	0x000069D0	0	NNWAY
ROADKILL	OBJ_MOVE_GROUND	293	141	24	1	0x000069D3	known	OBJ_MOVE_GROUND	0x000069D3	OBJ_MOVE_GROUND	0x000069D3	0	OBJ_MOVE_GROUND	0x000069D3	0	OBJ_MOVE_GROUND
ROADKILL	OMGX	321	165	1	1	0x000069EB	known	OMGX@ROADKILL	0x000069EB	OMGX	0x000069EB	0	OMGX	0x000069EB	0	OMGX
ROADKILL	GET_ROADKILL_TRACK	328	166	4	1	0x000069EC	known	GET_ROADKILL_TRACK	0x000069EC	GET_ROADKILL_TRACK	0x000069EC	0	GET_ROADKILL_TRACK	0x000069EC	0	GET_ROADKILL_TRACK
ROADKILL	GRT_FF	333	170	5	1	0x000069F0	bounded_ok			GET_ROADKILL_TRACK	0x000069EC	4	OUT_OF_TRACK	0x000069F5	5	GET_ROADKILL_TRACK
ROADKILL	OUT_OF_TRACK	339	175	12	1	0x000069F5	known	OUT_OF_TRACK@ROADKILL	0x000069F5	OUT_OF_TRACK	0x000069F5	0	OUT_OF_TRACK	0x000069F5	0	OUT_OF_TRACK
ROADKILL	PROC_COUNT	361	187	3	1	0x00006A01	known	PROC_COUNT	0x00006A01	PROC_COUNT	0x00006A01	0	PROC_COUNT	0x00006A01	0	PROC_COUNT
ROADKILL	PCLP	365	190	5	1	0x00006A04	known	PCLP@ROADKILL	0x00006A04	PCLP	0x00006A04	0	PCLP	0x00006A04	0	PCLP
ROADKILL	PC1	371	195	3	1	0x00006A09	known	PC1@ROADKILL	0x00006A09	PC1	0x00006A09	0	PC1	0x00006A09	0	PC1
ROADKILL	COW_SPAWNER_PROC	392	198	11	1	0x00006A0C	bounded_ok			PC1	0x00006A09	3	CSPSLEEP	0x00006A17	11	PC1
ROADKILL	CSPSLEEP	405	209	5	1	0x00006A17	known	CSPSLEEP@ROADKILL	0x00006A17	CSPSLEEP	0x00006A17	0	CSPSLEEP	0x00006A17	0	CSPSLEEP
ROADKILL	CSPLP	411	214	13	1	0x00006A1C	known	CSPLP@ROADKILL	0x00006A1C	CSPLP	0x00006A1C	0	CSPLP	0x00006A1C	0	CSPLP
ROADKILL	CSPX	424	227	1	1	0x00006A29	known	CSPX@ROADKILL	0x00006A29	CSPX	0x00006A29	0	CSPX	0x00006A29	0	CSPX
ROADKILL	COW_PROC	432	228	7	1	0x00006A2A	bounded_ok			CSPX	0x00006A29	1	COW_WAIT	0x00006A31	7	CSPX
ROADKILL	COW_WAIT	440	235	19	1	0x00006A31	known	COW_WAIT@ROADKILL	0x00006A31	COW_WAIT	0x00006A31	0	COW_WAIT	0x00006A31	0	COW_WAIT
ROADKILL	COW_SLEEP	460	254	3	1	0x00006A44	known	COW_SLEEP@ROADKILL	0x00006A44	COW_SLEEP	0x00006A44	0	COW_SLEEP	0x00006A44	0	COW_SLEEP
ROADKILL	COW_DIE	464	257	1	1	0x00006A47	known	COW_DIE@ROADKILL	0x00006A47	COW_DIE	0x00006A47	0	COW_DIE	0x00006A47	0	COW_DIE
ROADKILL	DEER_SPAWNER_PROC	487	258	9	1	0x00006A48	known	DEER_SPAWNER_PROC	0x00006A48	DEER_SPAWNER_PROC	0x00006A48	0	DEER_SPAWNER_PROC	0x00006A48	0	DEER_SPAWNER_PROC
ROADKILL	DSPLP	496	267	13	1	0x00006A51	known	DSPLP@ROADKILL	0x00006A51	DSPLP	0x00006A51	0	DSPLP	0x00006A51	0	DSPLP
ROADKILL	DSPX	509	280	1	1	0x00006A5E	known	DSPX@ROADKILL	0x00006A5E	DSPX	0x00006A5E	0	DSPX	0x00006A5E	0	DSPX
ROADKILL	DEER_PROC	516	281	4	1	0x00006A5F	bounded_ok			DSPX	0x00006A5E	1	DEERANI_LOOP	0x00006A63	4	DSPX
ROADKILL	DEERANI_LOOP	521	285	4	1	0x00006A63	known	DEERANI_LOOP@ROADKILL	0x00006A63	DEERANI_LOOP	0x00006A63	0	DEERANI_LOOP	0x00006A63	0	DEERANI_LOOP
ROADKILL	DEER_SLEEP	529	289	3	1	0x00006A67	bounded_ok			DEERANI_LOOP	0x00006A63	4	DEER_DIE	0x00006A6A	3	DEER_DIE
ROADKILL	DEER_DIE	532	292	1	1	0x00006A6A	known	DEER_DIE@ROADKILL	0x00006A6A	DEER_DIE	0x00006A6A	0	DEER_DIE	0x00006A6A	0	DEER_DIE
ROADKILL	INIT_DEER	540	293	2	1	0x00006A6B	known	INIT_DEER@ROADKILL	0x00006A6B	INIT_DEER	0x00006A6B	0	INIT_DEER	0x00006A6B	0	INIT_DEER
ROADKILL	INIT_COW	544	295	35	1	0x00006A6D	known	INIT_COW@ROADKILL	0x00006A6D	INIT_COW	0x00006A6D	0	INIT_COW	0x00006A6D	0	INIT_COW
ROADKILL	INIT_DEERX	591	330	1	1	0x00006A90	known	INIT_DEERX@ROADKILL	0x00006A90	INIT_DEERX	0x00006A90	0	INIT_DEERX	0x00006A90	0	INIT_DEERX
ROADKILL	DEER_EXPLODE	614	331	11	1	0x00006A91	known	DEER_EXPLODE	0x00006A91	DEER_EXPLODE	0x00006A91	0	DEER_EXPLODE	0x00006A91	0	DEER_EXPLODE
ROADKILL	MAKE_PARTSLP	629	342	23	1	0x00006A9C	known	MAKE_PARTSLP@ROADKILL	0x00006A9C	MAKE_PARTSLP	0x00006A9C	0	MAKE_PARTSLP	0x00006A9C	0	MAKE_PARTSLP
ROADKILL	DEER_EXPX	659	365	14	1	0x00006AB3	known	DEER_EXPX@ROADKILL	0x00006AB3	DEER_EXPX	0x00006AB3	0	DEER_EXPX	0x00006AB3	0	DEER_EXPX
ROADKILL	NO_NEG	674	379	11	1	0x00006AC1	known	NO_NEG@ROADKILL	0x00006AC1	NO_NEG	0x00006AC1	0	NO_NEG	0x00006AC1	0	NO_NEG
ROADKILL	NO_SPINOUT	688	390	5	1	0x00006ACC	known	NO_SPINOUT@ROADKILL	0x00006ACC	NO_SPINOUT	0x00006ACC	0	NO_SPINOUT	0x00006ACC	0	NO_SPINOUT
ROADKILL	MAKE_NOCOLL	697	395	6	1	0x00006AD1	known	MAKE_NOCOLL@ROADKILL	0x00006AD1	MAKE_NOCOLL	0x00006AD1	0	MAKE_NOCOLL	0x00006AD1	0	MAKE_NOCOLL
ROADKILL	DEER_BLOOD_PROC	717	401	29	1	0x00006AD7	bounded_ok			MAKE_NOCOLL	0x00006AD1	6	FLYING_PARTS	0x00006AFE	39	MAKE_NOCOLL
ROADKILL	DBP_LP	751	430	7	1	0x00006AF4	bounded_ok			MAKE_NOCOLL	0x00006AD1	35	FLYING_PARTS	0x00006AFE	10	FLYING_PARTS
ROADKILL	DBP_DONE	758	437	2	1	0x00006AFB	bounded_ok			MAKE_NOCOLL	0x00006AD1	42	FLYING_PARTS	0x00006AFE	3	FLYING_PARTS
ROADKILL	DBP_DIE	761	439	1	1	0x00006AFD	bounded_ok			MAKE_NOCOLL	0x00006AD1	44	FLYING_PARTS	0x00006AFE	1	FLYING_PARTS
ROADKILL	FLYING_PARTS	767	440	6	1	0x00006AFE	known	FLYING_PARTS	0x00006AFE	FLYING_PARTS	0x00006AFE	0	FLYING_PARTS	0x00006AFE	0	FLYING_PARTS
ROADKILL	FLY_PARTS	783	446	58	1	0x00006B04	known	FLY_PARTS@ROADKILL	0x00006B04	FLY_PARTS	0x00006B04	0	FLY_PARTS	0x00006B04	0	FLY_PARTS
ROADKILL	FLY_PARTSX	861	504	1	1	0x00006B3E	known	FLY_PARTSX@ROADKILL	0x00006B3E	FLY_PARTSX	0x00006B3E	0	FLY_PARTSX	0x00006B3E	0	FLY_PARTSX
ROADKILL	GEESE_SPAWNER	903	505	7	1	0x00006B3F	bounded_conflict			FLY_PARTSX	0x00006B3E	1	DBSLP	0x00006C7D	316	FLY_PARTSX
ROADKILL	GOOSE_ME	910	512	17	1	0x00006B46	bounded_conflict			FLY_PARTSX	0x00006B3E	8	DBSLP	0x00006C7D	309	FLY_PARTSX
ROADKILL	GEESE_PROC	941	529	40	1	0x00006B57	bounded_conflict			FLY_PARTSX	0x00006B3E	25	DBSLP	0x00006C7D	292	FLY_PARTSX
ROADKILL	NO_XOFFSET	996	569	8	1	0x00006B7F	bounded_conflict			FLY_PARTSX	0x00006B3E	65	DBSLP	0x00006C7D	252	FLY_PARTSX
ROADKILL	GEESERST	1007	577	1	1	0x00006B87	bounded_conflict			FLY_PARTSX	0x00006B3E	73	DBSLP	0x00006C7D	244	FLY_PARTSX
ROADKILL	GEESELP	1010	578	44	1	0x00006B88	bounded_conflict			FLY_PARTSX	0x00006B3E	74	DBSLP	0x00006C7D	243	FLY_PARTSX
ROADKILL	OFF_MAP	1064	622	17	1	0x00006BB4	bounded_conflict			FLY_PARTSX	0x00006B3E	118	DBSLP	0x00006C7D	199	FLY_PARTSX
ROADKILL	GEESE_SLEEP	1086	639	53	1	0x00006BC5	bounded_conflict			FLY_PARTSX	0x00006B3E	135	DBSLP	0x00006C7D	182	FLY_PARTSX
ROADKILL	NO_SPLAT	1147	692	1	1	0x00006BFA	bounded_conflict			FLY_PARTSX	0x00006B3E	188	DBSLP	0x00006C7D	129	DBSLP
ROADKILL	GEESE_DONE	1150	693	4	1	0x00006BFB	bounded_conflict			FLY_PARTSX	0x00006B3E	189	DBSLP	0x00006C7D	128	DBSLP
ROADKILL	GEESE_DIE	1155	697	1	1	0x00006BFF	bounded_conflict			FLY_PARTSX	0x00006B3E	193	DBSLP	0x00006C7D	124	DBSLP
ROADKILL	BUG_SPAWNER_PROC	1171	698	9	1	0x00006C00	bounded_conflict			FLY_PARTSX	0x00006B3E	194	DBSLP	0x00006C7D	123	DBSLP
ROADKILL	BSPLP	1181	707	20	1	0x00006C09	bounded_conflict			FLY_PARTSX	0x00006B3E	203	DBSLP	0x00006C7D	114	DBSLP
ROADKILL	BSPX	1198	727	1	1	0x00006C1D	bounded_conflict			FLY_PARTSX	0x00006B3E	223	DBSLP	0x00006C7D	94	DBSLP
ROADKILL	SPLAT_PROC	1205	728	24	1	0x00006C1E	bounded_conflict			FLY_PARTSX	0x00006B3E	224	DBSLP	0x00006C7D	93	DBSLP
ROADKILL	SPLAT_LP	1236	752	24	1	0x00006C36	bounded_conflict			FLY_PARTSX	0x00006B3E	248	DBSLP	0x00006C7D	69	DBSLP
ROADKILL	SPLAT_LP1	1262	776	15	1	0x00006C4E	bounded_conflict			FLY_PARTSX	0x00006B3E	272	DBSLP	0x00006C7D	45	DBSLP
ROADKILL	SPLAT_LP2	1279	791	25	1	0x00006C5D	bounded_conflict			FLY_PARTSX	0x00006B3E	287	DBSLP	0x00006C7D	30	DBSLP
ROADKILL	SPLAT_DONE	1310	816	2	1	0x00006C76	bounded_conflict			FLY_PARTSX	0x00006B3E	312	DBSLP	0x00006C7D	5	DBSLP
ROADKILL	SPLAT_DIE	1313	818	3	1	0x00006C78	bounded_conflict			FLY_PARTSX	0x00006B3E	314	DBSLP	0x00006C7D	3	DBSLP
ROADKILL	DBSLP	1319	821	6	1	0x00006C7D	known	DBSLP@ROADKILL	0x00006C7D	DBSLP	0x00006C7D	0	DBSLP	0x00006C7D	0	DBSLP
ROADKILL	DBSX	1326	827	1	1	0x00006C83	known	DBSX@ROADKILL	0x00006C83	DBSX	0x00006C83	0	DBSX	0x00006C83	0	DBSX
ROADKILL	NEXT_ROAD	1338	828	3	1	0x00006C84	forward_extrapolated			DBSX	0x00006C83	1				DBSX
ROADKILL	NEXT_ROADLP	1342	831	24	1	0x00006C87	forward_extrapolated			DBSX	0x00006C83	4				DBSX
ROADKILL	NEXTRX	1369	855	2	1	0x00006C9F	forward_extrapolated			DBSX	0x00006C83	28				DBSX
ROADKILL	GET_ROAD_RADY	1378	857	15	1	0x00006CA1	forward_extrapolated			DBSX	0x00006C83	30				DBSX
ROADKILL	FIND_MAP	1401	872	2	1	0x00006CB0	forward_extrapolated			DBSX	0x00006C83	45				DBSX
ROADKILL	FIND_LP	1404	874	3	1	0x00006CB2	forward_extrapolated			DBSX	0x00006C83	47				DBSX
ROADKILL	FINDX	1408	877	2	1	0x00006CB5	forward_extrapolated			DBSX	0x00006C83	50				DBSX
ROUTS	DIV_F30	68	0	40	1	0x0000A534	known	DIV_F30	0x0000A534	DIV_F30	0x0000A534	0	DIV_F30	0x0000A534	0	DIV_F30
ROUTS	DIV_I30	185	40	23	1	0x0000A55C	known	DIV_I30	0x0000A55C	DIV_I30	0x0000A55C	0	DIV_I30	0x0000A55C	0	DIV_I30
ROUTS	return	230	63	6	1	0x0000A573	known	return@ROUTS	0x0000A573	return	0x0000A573	0	return	0x0000A573	0	return
ROUTS	div_32	243	69	4	1	0x0000A579	bounded_ok			return	0x0000A573	6	DIV_U30	0x0000A57F	6	return
ROUTS	zero	250	73	2	1	0x0000A57D	bounded_ok			return	0x0000A573	10	DIV_U30	0x0000A57F	2	DIV_U30
ROUTS	DIV_U30	281	75	23	1	0x0000A57F	known	DIV_U30	0x0000A57F	DIV_U30	0x0000A57F	0	DIV_U30	0x0000A57F	0	DIV_U30
ROUTS	div_32b	334	98	22	1	0x0000A596	bounded_ok			DIV_U30	0x0000A57F	23	zerob	0x0000A5AE	24	DIV_U30
ROUTS	one	383	120	2	1	0x0000A5AC	bounded_ok			DIV_U30	0x0000A57F	45	zerob	0x0000A5AE	2	zerob
ROUTS	zerob	389	122	2	1	0x0000A5AE	known	zerob@ROUTS	0x0000A5AE	zerob	0x0000A5AE	0	zerob	0x0000A5AE	0	zerob
ROUTS	INV_F30	429	124	36	1	0x0000A5B0	known	INV_F30	0x0000A5B0	INV_F30	0x0000A5B0	0	INV_F30	0x0000A5B0	0	INV_F30
ROUTS	MOD_I30	526	160	22	1	0x0000A5D4	known	MOD_I30	0x0000A5D4	MOD_I30	0x0000A5D4	0	MOD_I30	0x0000A5D4	0	MOD_I30
ROUTS	returnc	568	182	6	1	0x0000A5EA	bounded_ok			MOD_I30	0x0000A5D4	22	MOD_U30	0x0000A5F4	10	MOD_U30
ROUTS	mod_32	581	188	4	1	0x0000A5F0	bounded_ok			MOD_I30	0x0000A5D4	28	MOD_U30	0x0000A5F4	4	MOD_U30
ROUTS	MOD_U30	611	192	22	1	0x0000A5F4	known	MOD_U30	0x0000A5F4	MOD_U30	0x0000A5F4	0	MOD_U30	0x0000A5F4	0	MOD_U30
ROUTS	mod_32c	662	214	14	1	0x0000A60A	bounded_ok			MOD_U30	0x0000A5F4	22	SQRT	0x0000A61C	18	SQRT
ROUTS	onec	701	228	2	1	0x0000A618	bounded_ok			MOD_U30	0x0000A5F4	36	SQRT	0x0000A61C	4	SQRT
ROUTS	zeroc	707	230	2	1	0x0000A61A	bounded_ok			MOD_U30	0x0000A5F4	38	SQRT	0x0000A61C	2	SQRT
ROUTS	SQRT	738	232	46	1	0x0000A61C	known	SQRT	0x0000A61C	SQRT	0x0000A61C	0	SQRT	0x0000A61C	0	SQRT
RROAD	RRSTART_ENGINE	38	0	57	1	0x00009B17	backward_extrapolated						FLYTRAIN	0x00009C1A	259	FLYTRAIN
RROAD	RRSTART_BOXCAR	114	57	20	1	0x00009B50	backward_extrapolated						FLYTRAIN	0x00009C1A	202	FLYTRAIN
RROAD	CARFORWARD	143	77	5	1	0x00009B64	backward_extrapolated						FLYTRAIN	0x00009C1A	182	FLYTRAIN
RROAD	CARFORWARD_ENGINE	151	82	12	1	0x00009B69	backward_extrapolated						FLYTRAIN	0x00009C1A	177	FLYTRAIN
RROAD	KKG	167	94	26	1	0x00009B75	backward_extrapolated						FLYTRAIN	0x00009C1A	165	FLYTRAIN
RROAD	CARFLP	205	120	31	1	0x00009B8F	backward_extrapolated						FLYTRAIN	0x00009C1A	139	FLYTRAIN
RROAD	REGULAR	246	151	32	1	0x00009BAE	backward_extrapolated						FLYTRAIN	0x00009C1A	108	FLYTRAIN
RROAD	SLOWDOWN	291	183	6	1	0x00009BCE	backward_extrapolated						FLYTRAIN	0x00009C1A	76	FLYTRAIN
RROAD	NOCHANGE	301	189	12	1	0x00009BD4	backward_extrapolated						FLYTRAIN	0x00009C1A	70	FLYTRAIN
RROAD	NOTLEAD	314	201	34	1	0x00009BE0	backward_extrapolated						FLYTRAIN	0x00009C1A	58	FLYTRAIN
RROAD	NLSLP	365	235	3	1	0x00009C02	backward_extrapolated						FLYTRAIN	0x00009C1A	24	FLYTRAIN
RROAD	RAMPDOWNTRAINSND	374	238	4	1	0x00009C05	backward_extrapolated						FLYTRAIN	0x00009C1A	21	FLYTRAIN
RROAD	RAMPDOWNTRAINSND_PROC	382	242	2	1	0x00009C09	backward_extrapolated						FLYTRAIN	0x00009C1A	17	FLYTRAIN
RROAD	RAMPDOWNTRAINSND_LP	387	244	8	1	0x00009C0B	backward_extrapolated						FLYTRAIN	0x00009C1A	15	FLYTRAIN
RROAD	RDT1	398	252	4	1	0x00009C13	backward_extrapolated						FLYTRAIN	0x00009C1A	7	FLYTRAIN
RROAD	RAMPDOWNTRAINSND_DEATH	403	256	2	1	0x00009C17	backward_extrapolated						FLYTRAIN	0x00009C1A	3	FLYTRAIN
RROAD	RDTX	406	258	1	1	0x00009C19	backward_extrapolated						FLYTRAIN	0x00009C1A	1	FLYTRAIN
RROAD	FLYTRAIN	421	259	17	1	0x00009C1A	known	FLYTRAIN	0x00009C1A	FLYTRAIN	0x00009C1A	0	FLYTRAIN	0x00009C1A	0	FLYTRAIN
RROAD	IS_FLYING	446	276	11	1	0x00009C2B	forward_extrapolated			FLYTRAIN	0x00009C1A	17				FLYTRAIN
RROAD	FLYCAR0A	462	287	28	1	0x00009C36	forward_extrapolated			FLYTRAIN	0x00009C1A	28				FLYTRAIN
RROAD	FLYDONE	502	315	3	1	0x00009C52	forward_extrapolated			FLYTRAIN	0x00009C1A	56				FLYTRAIN
RROAD	FLY1A	506	318	13	1	0x00009C55	forward_extrapolated			FLYTRAIN	0x00009C1A	59				FLYTRAIN
RROAD	FLYCARXA	525	331	6	1	0x00009C62	forward_extrapolated			FLYTRAIN	0x00009C1A	72				FLYTRAIN
RROAD	FLYTRAINP	554	337	13	1	0x00009C68	forward_extrapolated			FLYTRAIN	0x00009C1A	78				FLYTRAIN
RROAD	FLYCARP0A	575	350	38	1	0x00009C75	forward_extrapolated			FLYTRAIN	0x00009C1A	91				FLYTRAIN
RROAD	FLYCROADA	632	388	7	1	0x00009C9B	forward_extrapolated			FLYTRAIN	0x00009C1A	129				FLYTRAIN
RROAD	FLYCROAD1A	646	395	14	1	0x00009CA2	forward_extrapolated			FLYTRAIN	0x00009C1A	136				FLYTRAIN
RROAD	FLYCARSLPA	666	409	3	1	0x00009CB0	forward_extrapolated			FLYTRAIN	0x00009C1A	150				FLYTRAIN
RROAD	FLYCARSTOPA	674	412	66	1	0x00009CB3	forward_extrapolated			FLYTRAIN	0x00009C1A	153				FLYTRAIN
RROAD	FLYCSTP00A	764	478	2	1	0x00009CF5	forward_extrapolated			FLYTRAIN	0x00009C1A	219				FLYTRAIN
RROAD	FLYCSTPA	767	480	2	1	0x00009CF7	forward_extrapolated			FLYTRAIN	0x00009C1A	221				FLYTRAIN
RROAD	FLYCSTP0A	773	482	4	1	0x00009CF9	forward_extrapolated			FLYTRAIN	0x00009C1A	223				FLYTRAIN
RROAD	FLYCSTP1A	780	486	1	1	0x00009CFD	forward_extrapolated			FLYTRAIN	0x00009C1A	227				FLYTRAIN
RROAD	FLYCSTP2A	782	487	18	1	0x00009CFE	forward_extrapolated			FLYTRAIN	0x00009C1A	228				FLYTRAIN
RROAD	FLYCSTLA	804	505	2	1	0x00009D10	forward_extrapolated			FLYTRAIN	0x00009C1A	246				FLYTRAIN
RROAD	FLYCCCA	808	507	13	1	0x00009D12	forward_extrapolated			FLYTRAIN	0x00009C1A	248				FLYTRAIN
RROAD	FLYCARSTPA	828	520	7	1	0x00009D1F	forward_extrapolated			FLYTRAIN	0x00009C1A	261				FLYTRAIN
RROAD	FLYCARWTA	844	527	11	1	0x00009D26	forward_extrapolated			FLYTRAIN	0x00009C1A	268				FLYTRAIN
RROAD	RROAD_DIE	861	538	11	1	0x00009D31	forward_extrapolated			FLYTRAIN	0x00009C1A	279				FLYTRAIN
RROAD	DEADCARA	880	549	17	1	0x00009D3C	forward_extrapolated			FLYTRAIN	0x00009C1A	290				FLYTRAIN
RROAD	DEADLPA	901	566	6	1	0x00009D4D	forward_extrapolated			FLYTRAIN	0x00009C1A	307				FLYTRAIN
RROAD	DEADSLPA	910	572	3	1	0x00009D53	forward_extrapolated			FLYTRAIN	0x00009C1A	313				FLYTRAIN
RROAD	GETFLYMAT_TRAIN	929	575	12	1	0x00009D56	forward_extrapolated			FLYTRAIN	0x00009C1A	316				FLYTRAIN
SIGMA	SIGMA_DRONE	78	0	5	1	0x0000A42A	known	SIGMA_DRONE	0x0000A42A	SIGMA_DRONE	0x0000A42A	0	SIGMA_DRONE	0x0000A42A	0	SIGMA_DRONE
SIGMA	GOAHEAD	83	5	4	1	0x0000A42F	known	GOAHEAD@SIGMA	0x0000A42F	GOAHEAD	0x0000A42F	0	GOAHEAD	0x0000A42F	0	GOAHEAD
SIGMA	WORIT	95	9	13	1	0x0000A433	known	WORIT@SIGMA	0x0000A433	WORIT	0x0000A433	0	WORIT	0x0000A433	0	WORIT
SIGMA	DONTWORRY	119	22	60	1	0x0000A440	known	DONTWORRY@SIGMA	0x0000A440	DONTWORRY	0x0000A440	0	DONTWORRY	0x0000A440	0	DONTWORRY
SIGMA	SIGMA_LP	206	82	24	1	0x0000A47C	known	SIGMA_LP@SIGMA	0x0000A47C	SIGMA_LP	0x0000A47C	0	SIGMA_LP	0x0000A47C	0	SIGMA_LP
SIGMA	NOTPSYCHO_LP	257	106	19	1	0x0000A494	known	NOTPSYCHO_LP@SIGMA	0x0000A494	NOTPSYCHO_LP	0x0000A494	0	NOTPSYCHO_LP	0x0000A494	0	NOTPSYCHO_LP
SIGMA	NOSL2DIE	278	125	2	1	0x0000A4A7	known	NOSL2DIE@SIGMA	0x0000A4A7	NOSL2DIE	0x0000A4A7	0	NOSL2DIE	0x0000A4A7	0	NOSL2DIE
SIGMA	NOSL2DIE2	281	127	7	1	0x0000A4A9	known	NOSL2DIE2@SIGMA	0x0000A4A9	NOSL2DIE2	0x0000A4A9	0	NOSL2DIE2	0x0000A4A9	0	NOSL2DIE2
SIGMA	NOBUMP	293	134	26	1	0x0000A4B0	known	NOBUMP@SIGMA	0x0000A4B0	NOBUMP	0x0000A4B0	0	NOBUMP	0x0000A4B0	0	NOBUMP
SIGMA	NOYELL	333	160	12	1	0x0000A4CA	known	NOYELL@SIGMA	0x0000A4CA	NOYELL	0x0000A4CA	0	NOYELL	0x0000A4CA	0	NOYELL
SIGMA	CHECK_DIST	364	172	20	1	0x0000A4D6	known	CHECK_DIST@SIGMA	0x0000A4D6	CHECK_DIST	0x0000A4D6	0	CHECK_DIST	0x0000A4D6	0	CHECK_DIST
SIGMA	THIS_PIECE	396	192	15	1	0x0000A4EA	known	THIS_PIECE@SIGMA	0x0000A4EA	THIS_PIECE	0x0000A4EA	0	THIS_PIECE	0x0000A4EA	0	THIS_PIECE
SIGMA	JOINUP998	413	207	8	1	0x0000A4F9	bounded_ok			THIS_PIECE	0x0000A4EA	15	NODIV	0x0000A501	8	NODIV
SIGMA	NODIV	427	215	7	1	0x0000A501	known	NODIV@SIGMA	0x0000A501	NODIV	0x0000A501	0	NODIV	0x0000A501	0	NODIV
SIGMA	NOTPRECOL	439	222	8	1	0x0000A508	known	NOTPRECOL@SIGMA	0x0000A508	NOTPRECOL	0x0000A508	0	NOTPRECOL	0x0000A508	0	NOTPRECOL
SIGMA	L99	451	230	6	1	0x0000A510	known	L99@SIGMA	0x0000A510	L99	0x0000A510	0	L99	0x0000A510	0	L99
SIGMA	SIGMASLP	463	236	3	1	0x0000A516	known	SIGMASLP@SIGMA	0x0000A516	SIGMASLP	0x0000A516	0	SIGMASLP	0x0000A516	0	SIGMASLP
SIGMA	BREAKDOWN	477	239	4	1	0x0000A519	known	BREAKDOWN@SIGMA	0x0000A519	BREAKDOWN	0x0000A519	0	BREAKDOWN	0x0000A519	0	BREAKDOWN
SIGMA	BREAKDOWNLP	488	243	9	1	0x0000A51D	known	BREAKDOWNLP@SIGMA	0x0000A51D	BREAKDOWNLP	0x0000A51D	0	BREAKDOWNLP	0x0000A51D	0	BREAKDOWNLP
SIGMA	NOSMK	497	252	10	1	0x0000A526	known	NOSMK@SIGMA	0x0000A526	NOSMK	0x0000A526	0	NOSMK	0x0000A526	0	NOSMK
SIGMA	BREAKDNSLP	512	262	3	1	0x0000A530	known	BREAKDNSLP@SIGMA	0x0000A530	BREAKDNSLP	0x0000A530	0	BREAKDNSLP	0x0000A530	0	BREAKDNSLP
SIGMA	SIGMA_DIE	520	265	1	1	0x0000A533	known	SIGMA_DIE@SIGMA	0x0000A533	SIGMA_DIE	0x0000A533	0	SIGMA_DIE	0x0000A533	0	SIGMA_DIE
SMOKE	SMOKE_PROC	43	0	12	1	0x000084B8	backward_extrapolated						SORT_SMOKE	0x00008574	188	SORT_SMOKE
SMOKE	SMOKE_PUFFLP	59	12	3	1	0x000084C4	backward_extrapolated						SORT_SMOKE	0x00008574	176	SORT_SMOKE
SMOKE	SMPUFFLP1	63	15	40	1	0x000084C7	backward_extrapolated						SORT_SMOKE	0x00008574	173	SORT_SMOKE
SMOKE	SMPUFF1	111	55	4	1	0x000084EF	backward_extrapolated						SORT_SMOKE	0x00008574	133	SORT_SMOKE
SMOKE	SMOKE_CONT	116	59	2	1	0x000084F3	backward_extrapolated						SORT_SMOKE	0x00008574	129	SORT_SMOKE
SMOKE	SMOKELP_ENTRY	119	61	6	1	0x000084F5	backward_extrapolated						SORT_SMOKE	0x00008574	127	SORT_SMOKE
SMOKE	SMOKEN	128	67	1	1	0x000084FB	backward_extrapolated						SORT_SMOKE	0x00008574	121	SORT_SMOKE
SMOKE	KLUDGE_MO	130	68	4	1	0x000084FC	backward_extrapolated						SORT_SMOKE	0x00008574	120	SORT_SMOKE
SMOKE	SMOKE_DONE	134	72	7	1	0x00008500	backward_extrapolated						SORT_SMOKE	0x00008574	116	SORT_SMOKE
SMOKE	SMOKEX	142	79	2	1	0x00008507	backward_extrapolated						SORT_SMOKE	0x00008574	109	SORT_SMOKE
SMOKE	SMOKE_DIE	145	81	1	1	0x00008509	backward_extrapolated						SORT_SMOKE	0x00008574	107	SORT_SMOKE
SMOKE	CREATE_SMOKE_OBJ	157	82	9	1	0x0000850A	backward_extrapolated						SORT_SMOKE	0x00008574	106	SORT_SMOKE
SMOKE	CHECK_SKID	169	91	3	1	0x00008513	backward_extrapolated						SORT_SMOKE	0x00008574	97	SORT_SMOKE
SMOKE	OK_SMOKE	173	94	3	1	0x00008516	backward_extrapolated						SORT_SMOKE	0x00008574	94	SORT_SMOKE
SMOKE	DO_SMOKE	177	97	30	1	0x00008519	backward_extrapolated						SORT_SMOKE	0x00008574	91	SORT_SMOKE
SMOKE	CSOX	213	127	1	1	0x00008537	backward_extrapolated						SORT_SMOKE	0x00008574	61	SORT_SMOKE
SMOKE	NO_SMOKE	215	128	2	1	0x00008538	backward_extrapolated						SORT_SMOKE	0x00008574	60	SORT_SMOKE
SMOKE	GET_OTHER_REAR	225	130	2	1	0x0000853A	backward_extrapolated						SORT_SMOKE	0x00008574	58	SORT_SMOKE
SMOKE	GET_REAR	228	132	1	1	0x0000853C	backward_extrapolated						SORT_SMOKE	0x00008574	56	SORT_SMOKE
SMOKE	FBLOOP	231	133	6	1	0x0000853D	backward_extrapolated						SORT_SMOKE	0x00008574	55	SORT_SMOKE
SMOKE	FOUND_REAR	238	139	1	1	0x00008543	backward_extrapolated						SORT_SMOKE	0x00008574	49	SORT_SMOKE
SMOKE	INIT_SMOKE	249	140	10	1	0x00008544	backward_extrapolated						SORT_SMOKE	0x00008574	48	SORT_SMOKE
SMOKE	INSM1	262	150	38	1	0x0000854E	backward_extrapolated						SORT_SMOKE	0x00008574	38	SORT_SMOKE
SMOKE	SORT_SMOKE	316	188	7	1	0x00008574	known	SORT_SMOKE	0x00008574	SORT_SMOKE	0x00008574	0	SORT_SMOKE	0x00008574	0	SORT_SMOKE
SMOKE	SSLOOP	324	195	12	1	0x0000857B	known	SSLOOP@SMOKE	0x0000857B	SSLOOP	0x0000857B	0	SSLOOP	0x0000857B	0	SSLOOP
SMOKE	UNLINK	340	207	2	1	0x00008587	known	UNLINK@SMOKE	0x00008587	UNLINK	0x00008587	0	UNLINK	0x00008587	0	UNLINK
SMOKE	LINK	343	209	6	1	0x00008589	known	LINK@SMOKE	0x00008589	LINK	0x00008589	0	LINK	0x00008589	0	LINK
SMOKE	SSLOOPEND	350	215	3	1	0x0000858F	known	SSLOOPEND@SMOKE	0x0000858F	SSLOOPEND	0x0000858F	0	SSLOOPEND	0x0000858F	0	SSLOOPEND
SMOKE	SORT_SMOKEX	354	218	1	1	0x00008592	known	SORT_SMOKEX@SMOKE	0x00008592	SORT_SMOKEX	0x00008592	0	SORT_SMOKEX	0x00008592	0	SORT_SMOKEX
SMOKE	INIT_SPARK	384	219	17	1	0x00008593	known	INIT_SPARK	0x00008593	INIT_SPARK	0x00008593	0	INIT_SPARK	0x00008593	0	INIT_SPARK
SMOKE	IS_LOOP	403	236	51	1	0x000085A4	known	IS_LOOP@SMOKE	0x000085A4	IS_LOOP	0x000085A4	0	IS_LOOP	0x000085A4	0	IS_LOOP
SMOKE	IS_LOOPX	467	287	3	1	0x000085D7	known	IS_LOOPX@SMOKE	0x000085D7	IS_LOOPX	0x000085D7	0	IS_LOOPX	0x000085D7	0	IS_LOOPX
SMOKE	INIT_SPARKX	473	290	2	1	0x000085DA	known	INIT_SPARKX@SMOKE	0x000085DA	INIT_SPARKX	0x000085DA	0	INIT_SPARKX	0x000085DA	0	INIT_SPARKX
SMOKE	REPLICATE_SPARK	482	292	6	1	0x000085DC	known	REPLICATE_SPARK@SMOKE	0x000085DC	REPLICATE_SPARK	0x000085DC	0	REPLICATE_SPARK	0x000085DC	0	REPLICATE_SPARK
SMOKE	FIND_LAST_SPARKLP	489	298	57	1	0x000085E2	known	FIND_LAST_SPARKLP@SMOKE	0x000085E2	FIND_LAST_SPARKLP	0x000085E2	0	FIND_LAST_SPARKLP	0x000085E2	0	FIND_LAST_SPARKLP
SMOKE	REPSPARKX	564	355	1	1	0x0000861B	known	REPSPARKX@SMOKE	0x0000861B	REPSPARKX	0x0000861B	0	REPSPARKX	0x0000861B	0	REPSPARKX
SMOKE	SPARK_PROC	572	356	2	1	0x0000861C	bounded_ok			REPSPARKX	0x0000861B	1	SSANI_LOOP	0x0000861E	2	REPSPARKX
SMOKE	SSANI_LOOP	575	358	2	1	0x0000861E	known	SSANI_LOOP@SMOKE	0x0000861E	SSANI_LOOP	0x0000861E	0	SSANI_LOOP	0x0000861E	0	SSANI_LOOP
SMOKE	SS1	579	360	51	1	0x00008620	known	SS1@SMOKE	0x00008620	SS1	0x00008620	0	SS1	0x00008620	0	SS1
SMOKE	NEXT_SPARK	643	411	12	1	0x00008653	known	NEXT_SPARK@SMOKE	0x00008653	NEXT_SPARK	0x00008653	0	NEXT_SPARK	0x00008653	0	NEXT_SPARK
SMOKE	KLUDGE_MOFO	656	423	1	1	0x0000865F	known	KLUDGE_MOFO@SMOKE	0x0000865F	KLUDGE_MOFO	0x0000865F	0	KLUDGE_MOFO	0x0000865F	0	KLUDGE_MOFO
SMOKE	SPARK_DIE	659	424	1	1	0x00008660	known	SPARK_DIE@SMOKE	0x00008660	SPARK_DIE	0x00008660	0	SPARK_DIE	0x00008660	0	SPARK_DIE
SMOKE	SPARK_ANIX	662	425	12	1	0x00008661	known	SPARK_ANIX@SMOKE	0x00008661	SPARK_ANIX	0x00008661	0	SPARK_ANIX	0x00008661	0	SPARK_ANIX
SMOKE	NO_OBJ	678	437	1	1	0x0000866D	known	NO_OBJ@SMOKE	0x0000866D	NO_OBJ	0x0000866D	0	NO_OBJ	0x0000866D	0	NO_OBJ
SMOKE	INIT_COLLA_OBJS	685	438	1	1	0x0000866E	known	INIT_COLLA_OBJS@SMOKE	0x0000866E	INIT_COLLA_OBJS	0x0000866E	0	INIT_COLLA_OBJS	0x0000866E	0	INIT_COLLA_OBJS
SMOKE	ICO_LOOP	687	439	48	1	0x0000866F	known	ICO_LOOP@SMOKE	0x0000866F	ICO_LOOP	0x0000866F	0	ICO_LOOP	0x0000866F	0	ICO_LOOP
SMOKE	ICO_LOOPX	751	487	4	1	0x0000869F	known	ICO_LOOPX@SMOKE	0x0000869F	ICO_LOOPX	0x0000869F	0	ICO_LOOPX	0x0000869F	0	ICO_LOOPX
SMOKE	INIT_SPARK_KILL	757	491	4	1	0x000086A3	known	INIT_SPARK_KILL@SMOKE	0x000086A3	INIT_SPARK_KILL	0x000086A3	0	INIT_SPARK_KILL	0x000086A3	0	INIT_SPARK_KILL
SMOKE	WALL_SPARK	770	495	38	1	0x000086A7	known	WALL_SPARK	0x000086A7	WALL_SPARK	0x000086A7	0	WALL_SPARK	0x000086A7	0	WALL_SPARK
SMOKE	FACINGFRONT	818	533	2	1	0x000086CD	known	FACINGFRONT@SMOKE	0x000086CD	FACINGFRONT	0x000086CD	0	FACINGFRONT	0x000086CD	0	FACINGFRONT
SMOKE	RIGHT_SIDE	821	535	5	1	0x000086CF	bounded_ok			FACINGFRONT	0x000086CD	2	LEFT_SIDE	0x000086D4	5	FACINGFRONT
SMOKE	LEFT_SIDE	827	540	4	1	0x000086D4	known	LEFT_SIDE@SMOKE	0x000086D4	LEFT_SIDE	0x000086D4	0	LEFT_SIDE	0x000086D4	0	LEFT_SIDE
SMOKE	WALLS1	832	544	10	1	0x000086D8	known	WALLS1@SMOKE	0x000086D8	WALLS1	0x000086D8	0	WALLS1	0x000086D8	0	WALLS1
SMOKE	WALL_SPARKX	848	554	2	1	0x000086E2	known	WALL_SPARKX@SMOKE	0x000086E2	WALL_SPARKX	0x000086E2	0	WALL_SPARKX	0x000086E2	0	WALL_SPARKX
SMOKE	IMPACT_SPARK	858	556	11	1	0x000086E4	known	IMPACT_SPARK	0x000086E4	IMPACT_SPARK	0x000086E4	0	IMPACT_SPARK	0x000086E4	0	IMPACT_SPARK
SMOKE	IMPACTED_PLAYER	873	567	22	1	0x000086EF	known	IMPACTED_PLAYER@SMOKE	0x000086EF	IMPACTED_PLAYER	0x000086EF	0	IMPACTED_PLAYER	0x000086EF	0	IMPACTED_PLAYER
SMOKE	IMPACT_SPARKX	903	589	2	1	0x00008705	known	IMPACT_SPARKX@SMOKE	0x00008705	IMPACT_SPARKX	0x00008705	0	IMPACT_SPARKX	0x00008705	0	IMPACT_SPARKX
SMOKE	ROAD_IMPACT_SPARK	913	591	1	1	0x00008707	known	ROAD_IMPACT_SPARK	0x00008707	ROAD_IMPACT_SPARK	0x00008707	0	ROAD_IMPACT_SPARK	0x00008707	0	ROAD_IMPACT_SPARK
SMOKE	SKID_SPARK	949	592	1	1	0x00008708	known	SKID_SPARK	0x00008708	SKID_SPARK	0x00008708	0	SKID_SPARK	0x00008708	0	SKID_SPARK
SMOKE	TOO_MANY_SPARKS	983	593	3	1	0x00008709	known	TOO_MANY_SPARKS@SMOKE	0x00008709	TOO_MANY_SPARKS	0x00008709	0	TOO_MANY_SPARKS	0x00008709	0	TOO_MANY_SPARKS
SMOKE	TMS_LP	987	596	8	1	0x0000870C	known	TMS_LP@SMOKE	0x0000870C	TMS_LP	0x0000870C	0	TMS_LP	0x0000870C	0	TMS_LP
SMOKE	TMSLPE	996	604	6	1	0x00008714	known	TMSLPE@SMOKE	0x00008714	TMSLPE	0x00008714	0	TMSLPE	0x00008714	0	TMSLPE
SMOKE	TMSXCC	1004	610	2	1	0x0000871A	known	TMSXCC@SMOKE	0x0000871A	TMSXCC	0x0000871A	0	TMSXCC	0x0000871A	0	TMSXCC
SMOKE	OBJ_MOVE	1009	612	20	1	0x0000871C	known	OBJ_MOVE	0x0000871C	OBJ_MOVE	0x0000871C	0	OBJ_MOVE	0x0000871C	0	OBJ_MOVE
SND	RADIO_SHOW	62	0	23	1	0x000090E1	backward_extrapolated						CHANGE_STATION	0x00009105	36	CHANGE_STATION
SND	KILLME	89	23	3	1	0x000090F8	backward_extrapolated						CHANGE_STATION	0x00009105	13	CHANGE_STATION
SND	RADIO_BUT	97	26	5	1	0x000090FB	backward_extrapolated						CHANGE_STATION	0x00009105	10	CHANGE_STATION
SND	RBMGAME	105	31	2	1	0x00009100	backward_extrapolated						CHANGE_STATION	0x00009105	5	CHANGE_STATION
SND	SET_STATION	116	33	3	1	0x00009102	backward_extrapolated						CHANGE_STATION	0x00009105	3	CHANGE_STATION
SND	CHANGE_STATION	133	36	9	1	0x00009105	known	CHANGE_STATION	0x00009105	CHANGE_STATION	0x00009105	0	CHANGE_STATION	0x00009105	0	CHANGE_STATION
SND	SET_TUNE_LINKED	152	45	5	1	0x0000910E	bounded_ok			CHANGE_STATION	0x00009105	9	RESUME_TUNE	0x00009118	10	CHANGE_STATION
SND	SET_TUNE	159	50	5	1	0x00009113	bounded_ok			CHANGE_STATION	0x00009105	14	RESUME_TUNE	0x00009118	5	RESUME_TUNE
SND	RESUME_TUNE	166	55	3	1	0x00009118	known	RESUME_TUNE	0x00009118	RESUME_TUNE	0x00009118	0	RESUME_TUNE	0x00009118	0	RESUME_TUNE
SND	L987	171	58	9	1	0x0000911B	bounded_ok			RESUME_TUNE	0x00009118	3	ISTHERE	0x00009124	9	RESUME_TUNE
SND	ISTHERE	181	67	9	1	0x00009124	known	ISTHERE@SND	0x00009124	ISTHERE	0x00009124	0	ISTHERE	0x00009124	0	ISTHERE
SND	NOOMUS	197	76	3	1	0x0000912D	known	NOOMUS@SND	0x0000912D	NOOMUS	0x0000912D	0	NOOMUS	0x0000912D	0	NOOMUS
SND	RESUME_TUNE_NT	207	79	7	1	0x00009130	known	RESUME_TUNE_NT	0x00009130	RESUME_TUNE_NT	0x00009130	0	RESUME_TUNE_NT	0x00009130	0	RESUME_TUNE_NT
SND	SET_MASTER_VOL	223	86	5	1	0x00009137	known	SET_MASTER_VOL	0x00009137	SET_MASTER_VOL	0x00009137	0	SET_MASTER_VOL	0x00009137	0	SET_MASTER_VOL
SND	SET_TRACK_VOL	230	91	12	1	0x0000913C	known	SET_TRACK_VOL	0x0000913C	SET_TRACK_VOL	0x0000913C	0	SET_TRACK_VOL	0x0000913C	0	SET_TRACK_VOL
SND	JI1	246	103	17	1	0x00009148	known	JI1@SND	0x00009148	JI1	0x00009148	0	JI1	0x00009148	0	JI1
SND	RESET_SNDBRD	275	120	39	1	0x00009159	known	RESET_SNDBRD	0x00009159	RESET_SNDBRD	0x00009159	0	RESET_SNDBRD	0x00009159	0	RESET_SNDBRD
SND	WAITIT	327	159	14	1	0x00009180	known	WAITIT@SND	0x00009180	WAITIT	0x00009180	0	WAITIT	0x00009180	0	WAITIT
SND	SILENT	348	173	15	1	0x0000918E	known	SILENT	0x0000918E	SILENT	0x0000918E	0	SILENT	0x0000918E	0	SILENT
SND	CLRSNDDB	373	188	9	1	0x0000919E	known	CLRSNDDB	0x0000919E	CLRSNDDB	0x0000919E	0	CLRSNDDB	0x0000919E	0	CLRSNDDB
SND	GETPRI	393	197	7	1	0x000091A7	bounded_ok			CLRSNDDB	0x0000919E	9	VOLSNDFX	0x000091AE	7	VOLSNDFX
SND	VOLSNDFX	413	204	2	1	0x000091AE	known	VOLSNDFX	0x000091AE	VOLSNDFX	0x000091AE	0	VOLSNDFX	0x000091AE	0	VOLSNDFX
SND	ONESNDFX	433	206	1	1	0x000091B0	known	ONESNDFX	0x000091B0	ONESNDFX	0x000091B0	0	ONESNDFX	0x000091B0	0	ONESNDFX
SND	SNDFX	439	207	29	1	0x000091B1	known	SNDFX@SND	0x000091B1	SNDFX	0x000091B1	0	SNDFX	0x000091B1	0	SNDFX
SND	ONESNDFX2	475	236	9	1	0x000091CE	known	ONESNDFX2@SND	0x000091CE	ONESNDFX2	0x000091CE	0	ONESNDFX2	0x000091CE	0	ONESNDFX2
SND	NOVOL	489	245	9	1	0x000091D7	known	NOVOL@SND	0x000091D7	NOVOL	0x000091D7	0	NOVOL	0x000091D7	0	NOVOL
SND	SNDLDXFX	500	254	1	1	0x000091E0	known	SNDLDXFX@SND	0x000091E0	SNDLDXFX	0x000091E0	0	SNDLDXFX	0x000091E0	0	SNDLDXFX
SND	L88	502	255	6	1	0x000091E1	known	L88@SND	0x000091E1	L88	0x000091E1	0	L88	0x000091E1	0	L88
SND	NOSOUND_FX	509	261	2	1	0x000091E7	known	NOSOUND_FX@SND	0x000091E7	NOSOUND_FX	0x000091E7	0	NOSOUND_FX	0x000091E7	0	NOSOUND_FX
SND	KILLSNDFX	527	263	6	1	0x000091E9	known	KILLSNDFX	0x000091E9	KILLSNDFX	0x000091E9	0	KILLSNDFX	0x000091E9	0	KILLSNDFX
SND	KILSFX1	533	269	6	1	0x000091EF	known	KILSFX1@SND	0x000091EF	KILSFX1	0x000091EF	0	KILSFX1	0x000091EF	0	KILSFX1
SND	KILSFX2	539	275	1	1	0x000091F5	known	KILSFX2@SND	0x000091F5	KILSFX2	0x000091F5	0	KILSFX2	0x000091F5	0	KILSFX2
SND	KILSFX3	541	276	2	1	0x000091F6	known	KILSFX3@SND	0x000091F6	KILSFX3	0x000091F6	0	KILSFX3	0x000091F6	0	KILSFX3
SND	PLYR_ENGINE	557	278	10	1	0x000091F8	known	PLYR_ENGINE	0x000091F8	PLYR_ENGINE	0x000091F8	0	PLYR_ENGINE	0x000091F8	0	PLYR_ENGINE
SND	HARDSND	580	288	6	1	0x00009202	known	HARDSND	0x00009202	HARDSND	0x00009202	0	HARDSND	0x00009202	0	HARDSND
SND	ONESND	598	294	26	1	0x00009208	known	ONESND	0x00009208	ONESND	0x00009208	0	ONESND	0x00009208	0	ONESND
SND	SNDLD1	642	320	8	1	0x00009222	known	SNDLD1@SND	0x00009222	SNDLD1	0x00009222	0	SNDLD1	0x00009222	0	SNDLD1
SND	NOTRESETVOL	654	328	8	1	0x0000922A	known	NOTRESETVOL@SND	0x0000922A	NOTRESETVOL	0x0000922A	0	NOTRESETVOL	0x0000922A	0	NOTRESETVOL
SND	SNDLDX	664	336	7	1	0x00009232	known	SNDLDX@SND	0x00009232	SNDLDX	0x00009232	0	SNDLDX	0x00009232	0	SNDLDX
SND	SENDSND	694	343	6	1	0x00009239	known	SENDSND	0x00009239	SENDSND	0x00009239	0	SENDSND	0x00009239	0	SENDSND
SND	NIRM	701	349	48	1	0x0000923F	known	NIRM@SND	0x0000923F	NIRM	0x0000923F	0	NIRM	0x0000923F	0	NIRM
SND	RESETMUNGE	764	397	74	1	0x0000926F	known	RESETMUNGE@SND	0x0000926F	RESETMUNGE	0x0000926F	0	RESETMUNGE	0x0000926F	0	RESETMUNGE
SND	NOT_F2	857	471	15	1	0x000092B9	bounded_ok			RESETMUNGE	0x0000926F	74	NOT_F4	0x000092C8	15	NOT_F4
SND	NOT_F4	877	486	10	1	0x000092C8	known	NOT_F4@SND	0x000092C8	NOT_F4	0x000092C8	0	NOT_F4	0x000092C8	0	NOT_F4
SND	RESETMUNGE_X	893	496	3	1	0x000092D2	known	RESETMUNGE_X@SND	0x000092D2	RESETMUNGE_X	0x000092D2	0	RESETMUNGE_X	0x000092D2	0	RESETMUNGE_X
SND	SND_RESET_QUIET	901	499	6	1	0x000092D5	known	SND_RESET_QUIET	0x000092D5	SND_RESET_QUIET	0x000092D5	0	SND_RESET_QUIET	0x000092D5	0	SND_RESET_QUIET
SND	SNDPROC	914	505	9	1	0x000092DB	known	SNDPROC	0x000092DB	SNDPROC	0x000092DB	0	SNDPROC	0x000092DB	0	SNDPROC
SND	SNDLP	925	514	5	1	0x000092E4	known	SNDLP@SND	0x000092E4	SNDLP	0x000092E4	0	SNDLP	0x000092E4	0	SNDLP
SND	SNDPLP	932	519	6	1	0x000092E9	known	SNDPLP@SND	0x000092E9	SNDPLP	0x000092E9	0	SNDPLP	0x000092E9	0	SNDPLP
SND	SNDUPD	948	525	11	1	0x000092EF	known	SNDUPD@SND	0x000092EF	SNDUPD	0x000092EF	0	SNDUPD	0x000092EF	0	SNDUPD
SND	JUSTGO	974	536	7	1	0x000092FA	known	JUSTGO@SND	0x000092FA	JUSTGO	0x000092FA	0	JUSTGO	0x000092FA	0	JUSTGO
SND	SNDCLRE	984	543	4	1	0x00009301	known	SNDCLRE@SND	0x00009301	SNDCLRE	0x00009301	0	SNDCLRE	0x00009301	0	SNDCLRE
SND	SNDUPX	989	547	2	1	0x00009305	known	SNDUPX@SND	0x00009305	SNDUPX	0x00009305	0	SNDUPX	0x00009305	0	SNDUPX
TEXT	TEXT_INIT	45	0	9	1	0x00007973	known	TEXT_INIT	0x00007973	TEXT_INIT	0x00007973	0	TEXT_INIT	0x00007973	0	TEXT_INIT
TEXT	TEXT_ADDDS	72	9	14	1	0x0000797C	known	TEXT_ADDDS	0x0000797C	TEXT_ADDDS	0x0000797C	0	TEXT_ADDDS	0x0000797C	0	TEXT_ADDDS
TEXT	TEXT_ADD1	88	23	1	1	0x0000798A	bounded_ok			TEXT_ADDDS	0x0000797C	14	TEXT_ADD	0x0000798B	1	TEXT_ADD
TEXT	TEXT_ADD	90	24	22	1	0x0000798B	known	TEXT_ADD	0x0000798B	TEXT_ADD	0x0000798B	0	TEXT_ADD	0x0000798B	0	TEXT_ADD
TEXT	SETSMDIGITFONT	129	46	10	1	0x000079A1	known	SETSMDIGITFONT	0x000079A1	SETSMDIGITFONT	0x000079A1	0	SETSMDIGITFONT	0x000079A1	0	SETSMDIGITFONT
TEXT	SETSMDIGITFONTDS	143	56	14	1	0x000079AB	known	SETSMDIGITFONTDS	0x000079AB	SETSMDIGITFONTDS	0x000079AB	0	SETSMDIGITFONTDS	0x000079AB	0	SETSMDIGITFONTDS
TEXT	SETLGDIGITFONT	166	70	10	1	0x000079B9	bounded_ok			SETSMDIGITFONTDS	0x000079AB	14	SETLGDIGITFONTDS	0x000079C3	10	SETLGDIGITFONTDS
TEXT	SETLGDIGITFONTDS	180	80	14	1	0x000079C3	known	SETLGDIGITFONTDS	0x000079C3	SETLGDIGITFONTDS	0x000079C3	0	SETLGDIGITFONTDS	0x000079C3	0	SETLGDIGITFONTDS
TEXT	SETN43FONT	204	94	10	1	0x000079D2	known	SETN43FONT	0x000079D2	SETN43FONT	0x000079D2	0	SETN43FONT	0x000079D2	0	SETN43FONT
TEXT	SETN43FONTDS	218	104	14	1	0x000079DC	bounded_ok			SETN43FONT	0x000079D2	10	SET40FONT	0x000079EA	14	SETN43FONT
TEXT	SET40FONT	242	118	10	1	0x000079EA	known	SET40FONT	0x000079EA	SET40FONT	0x000079EA	0	SET40FONT	0x000079EA	0	SET40FONT
TEXT	SET40FONTDS	257	128	14	1	0x000079F4	known	SET40FONTDS	0x000079F4	SET40FONTDS	0x000079F4	0	SET40FONTDS	0x000079F4	0	SET40FONTDS
TEXT	SET12FONT	282	142	10	1	0x00007A03	known	SET12FONT	0x00007A03	SET12FONT	0x00007A03	0	SET12FONT	0x00007A03	0	SET12FONT
TEXT	SET12FONTDS	297	152	14	1	0x00007A0D	known	SET12FONTDS	0x00007A0D	SET12FONTDS	0x00007A0D	0	SET12FONTDS	0x00007A0D	0	SET12FONTDS
TEXT	SET18FONT	319	166	10	1	0x00007A1B	known	SET18FONT	0x00007A1B	SET18FONT	0x00007A1B	0	SET18FONT	0x00007A1B	0	SET18FONT
TEXT	SET18FONTDS	334	176	14	1	0x00007A25	known	SET18FONTDS	0x00007A25	SET18FONTDS	0x00007A25	0	SET18FONTDS	0x00007A25	0	SET18FONTDS
TEXT	SETFIXEDFONT	356	190	10	1	0x00007A33	bounded_ok			SET18FONTDS	0x00007A25	14	SETFIXEDFONTDS	0x00007A3D	10	SETFIXEDFONTDS
TEXT	SETFIXEDFONTDS	371	200	14	1	0x00007A3D	known	SETFIXEDFONTDS	0x00007A3D	SETFIXEDFONTDS	0x00007A3D	0	SETFIXEDFONTDS	0x00007A3D	0	SETFIXEDFONTDS
TEXT	STRLEN	409	214	8	1	0x00007A4B	known	STRLEN@TEXT	0x00007A4B	STRLEN	0x00007A4B	0	STRLEN	0x00007A4B	0	STRLEN
TEXT	STRLP	420	222	4	1	0x00007A53	known	STRLP@TEXT	0x00007A53	STRLP	0x00007A53	0	STRLP	0x00007A53	0	STRLP
TEXT	STLP2	424	226	21	1	0x00007A57	known	STLP2@TEXT	0x00007A57	STLP2	0x00007A57	0	STLP2	0x00007A57	0	STLP2
TEXT	STRLENNCHAR	453	247	2	1	0x00007A6C	known	STRLENNCHAR@TEXT	0x00007A6C	STRLENNCHAR	0x00007A6C	0	STRLENNCHAR	0x00007A6C	0	STRLENNCHAR
TEXT	STRLENX	457	249	7	1	0x00007A6E	known	STRLENX@TEXT	0x00007A6E	STRLENX	0x00007A6E	0	STRLENX	0x00007A6E	0	STRLENX
TEXT	TEXT_OUTPUT	469	256	8	1	0x00007A75	known	TEXT_OUTPUT	0x00007A75	TEXT_OUTPUT	0x00007A75	0	TEXT_OUTPUT	0x00007A75	0	TEXT_OUTPUT
TEXT	TEXTLP	482	264	11	1	0x00007A7D	known	TEXTLP@TEXT	0x00007A7D	TEXTLP	0x00007A7D	0	TEXTLP	0x00007A7D	0	TEXTLP
TEXT	NO_CENTER	497	275	4	1	0x00007A88	known	NO_CENTER@TEXT	0x00007A88	NO_CENTER	0x00007A88	0	NO_CENTER	0x00007A88	0	NO_CENTER
TEXT	TEXT_RET	505	279	1	1	0x00007A8C	known	TEXT_RET@TEXT	0x00007A8C	TEXT_RET	0x00007A8C	0	TEXT_RET	0x00007A8C	0	TEXT_RET
TEXT	OLP	508	280	4	1	0x00007A8D	known	OLP@TEXT	0x00007A8D	OLP	0x00007A8D	0	OLP	0x00007A8D	0	OLP
TEXT	REGLP	512	284	17	1	0x00007A91	known	REGLP@TEXT	0x00007A91	REGLP	0x00007A91	0	REGLP	0x00007A91	0	REGLP
TEXT	IBO1	537	301	1	1	0x00007AA2	known	IBO1@TEXT	0x00007AA2	IBO1	0x00007AA2	0	IBO1	0x00007AA2	0	IBO1
TEXT	IBO2	538	302	46	1	0x00007AA3	known	IBO2@TEXT	0x00007AA3	IBO2	0x00007AA3	0	IBO2	0x00007AA3	0	IBO2
TEXT	NXTCHAR	602	348	2	1	0x00007AD1	known	NXTCHAR@TEXT	0x00007AD1	NXTCHAR	0x00007AD1	0	NXTCHAR	0x00007AD1	0	NXTCHAR
TEXT	OUCX	606	350	8	1	0x00007AD3	known	OUCX@TEXT	0x00007AD3	OUCX	0x00007AD3	0	OUCX	0x00007AD3	0	OUCX
TEXT	ISFROZEN	616	358	8	1	0x00007ADB	known	ISFROZEN@TEXT	0x00007ADB	ISFROZEN	0x00007ADB	0	ISFROZEN	0x00007ADB	0	ISFROZEN
TEXT	DELLP	629	366	16	1	0x00007AE3	known	DELLP@TEXT	0x00007AE3	DELLP	0x00007AE3	0	DELLP	0x00007AE3	0	DELLP
TEXT	NODELETE	655	382	1	1	0x00007AF3	known	NODELETE@TEXT	0x00007AF3	NODELETE	0x00007AF3	0	NODELETE	0x00007AF3	0	NODELETE
TEXT	NXTGRP	658	383	2	1	0x00007AF4	known	NXTGRP@TEXT	0x00007AF4	NXTGRP	0x00007AF4	0	NXTGRP	0x00007AF4	0	NXTGRP
TEXT	TXTOUT	661	385	6	1	0x00007AF6	known	TXTOUT@TEXT	0x00007AF6	TXTOUT	0x00007AF6	0	TXTOUT	0x00007AF6	0	TXTOUT
TEXT	STRCPY	681	391	5	1	0x00007AFC	known	STRCPY	0x00007AFC	STRCPY	0x00007AFC	0	STRCPY	0x00007AFC	0	STRCPY
TEXT	SCPLP0	690	396	5	1	0x00007B01	known	SCPLP0@TEXT	0x00007B01	SCPLP0	0x00007B01	0	SCPLP0	0x00007B01	0	SCPLP0
TEXT	REGPLP0	695	401	12	1	0x00007B06	known	REGPLP0@TEXT	0x00007B06	REGPLP0	0x00007B06	0	REGPLP0	0x00007B06	0	REGPLP0
TEXT	STRCAT	723	413	11	1	0x00007B12	known	STRCAT	0x00007B12	STRCAT	0x00007B12	0	STRCAT	0x00007B12	0	STRCAT
TEXT	SCLP0	738	424	4	1	0x00007B1D	known	SCLP0@TEXT	0x00007B1D	SCLP0	0x00007B1D	0	SCLP0	0x00007B1D	0	SCLP0
TEXT	REGLP0	742	428	8	1	0x00007B21	known	REGLP0@TEXT	0x00007B21	REGLP0	0x00007B21	0	REGLP0	0x00007B21	0	REGLP0
TEXT	SCLP1	756	436	4	1	0x00007B29	known	SCLP1@TEXT	0x00007B29	SCLP1	0x00007B29	0	SCLP1	0x00007B29	0	SCLP1
TEXT	REGLP1	760	440	16	1	0x00007B2D	known	REGLP1@TEXT	0x00007B2D	REGLP1	0x00007B2D	0	REGLP1	0x00007B2D	0	REGLP1
TEXT	REGLP2	780	456	13	1	0x00007B3D	known	REGLP2@TEXT	0x00007B3D	REGLP2	0x00007B3D	0	REGLP2	0x00007B3D	0	REGLP2
TEXT	HIGHLIGHTN	869	469	15	1	0x00007B4A	forward_extrapolated			REGLP2	0x00007B3D	13				REGLP2
TEXT	NO_CENTERa	891	484	4	1	0x00007B59	forward_extrapolated			REGLP2	0x00007B3D	28				REGLP2
TEXT	text_reta	899	488	2	1	0x00007B5D	forward_extrapolated			REGLP2	0x00007B3D	32				REGLP2
TEXT	OLPa	903	490	5	1	0x00007B5F	forward_extrapolated			REGLP2	0x00007B3D	34				REGLP2
TEXT	REGLPa	908	495	25	1	0x00007B64	forward_extrapolated			REGLP2	0x00007B3D	39				REGLP2
TEXT	ALLREG	940	520	4	1	0x00007B7D	forward_extrapolated			REGLP2	0x00007B3D	64				REGLP2
TEXT	IBO1a	948	524	50	1	0x00007B81	forward_extrapolated			REGLP2	0x00007B3D	68				REGLP2
TEXT	NXTCHARa	1013	574	2	1	0x00007BB3	forward_extrapolated			REGLP2	0x00007B3D	118				REGLP2
TEXT	oucXa	1017	576	2	1	0x00007BB5	forward_extrapolated			REGLP2	0x00007B3D	120				REGLP2
TOTALA	_rdma	38	0	10	1	0x0000AEFC	known	_rdma	0x0000AEFC	_rdma	0x0000AEFC	0	_rdma	0x0000AEFC	0	_rdma
TOTALA	_stuff_fpga	60	10	8	1	0x0000AF06	known	_stuff_fpga	0x0000AF06	_stuff_fpga	0x0000AF06	0	_stuff_fpga	0x0000AF06	0	_stuff_fpga
TOTALA	STUFFWT	77	18	21	1	0x0000AF0E	known	STUFFWT@TOTALA	0x0000AF0E	STUFFWT	0x0000AF0E	0	STUFFWT	0x0000AF0E	0	STUFFWT
TOTALA	LP1	99	39	24	1	0x0000AF23	bounded_conflict			STUFFWT	0x0000AF0E	21	BLTMOD2D	0x0000AF43	37	STUFFWT
TOTALA	BLTMOD2D_NOPAL	176	63	13	1	0x0000AF3B	bounded_conflict			STUFFWT	0x0000AF0E	45	BLTMOD2D	0x0000AF43	13	BLTMOD2D
TOTALA	BLTMOD2D	182	76	17	1	0x0000AF43	known	BLTMOD2D	0x0000AF43	BLTMOD2D	0x0000AF43	0	BLTMOD2D	0x0000AF43	0	BLTMOD2D
TOTALA	SKIPPALENTRY	192	93	36	1	0x0000AF54	bounded_ok			BLTMOD2D	0x0000AF43	17	BLTMOD2D_DS	0x0000AF78	36	BLTMOD2D
TOTALA	BLTMOD2D_DS	240	129	12	1	0x0000AF78	known	BLTMOD2D_DS	0x0000AF78	BLTMOD2D_DS	0x0000AF78	0	BLTMOD2D_DS	0x0000AF78	0	BLTMOD2D_DS
TRACKSEL	TRACK_SELECTION	52	0	15	1	0x00006CBA	backward_extrapolated						CLEANUP_TRACKSEL_PALS	0x00006E26	364	CLEANUP_TRACKSEL_PALS
TRACKSEL	KK5	63	15	23	1	0x00006CC9	backward_extrapolated						CLEANUP_TRACKSEL_PALS	0x00006E26	349	CLEANUP_TRACKSEL_PALS
TRACKSEL	HOLD4LOAD	85	38	18	1	0x00006CE0	backward_extrapolated						CLEANUP_TRACKSEL_PALS	0x00006E26	326	CLEANUP_TRACKSEL_PALS
TRACKSEL	NOT_RACE1	110	56	28	1	0x00006CF2	backward_extrapolated						CLEANUP_TRACKSEL_PALS	0x00006E26	308	CLEANUP_TRACKSEL_PALS
TRACKSEL	LLKJ	165	86	59	1	0x00006D10	backward_extrapolated						CLEANUP_TRACKSEL_PALS	0x00006E26	278	CLEANUP_TRACKSEL_PALS
TRACKSEL	JAJAD	212	145	21	1	0x00006D4B	backward_extrapolated						CLEANUP_TRACKSEL_PALS	0x00006E26	219	CLEANUP_TRACKSEL_PALS
TRACKSEL	NOT1ST	249	166	13	1	0x00006D60	backward_extrapolated						CLEANUP_TRACKSEL_PALS	0x00006E26	198	CLEANUP_TRACKSEL_PALS
TRACKSEL	TOJOIN	259	179	6	1	0x00006D6D	backward_extrapolated						CLEANUP_TRACKSEL_PALS	0x00006E26	185	CLEANUP_TRACKSEL_PALS
TRACKSEL	NOBUYIN77	261	185	14	1	0x00006D73	backward_extrapolated						CLEANUP_TRACKSEL_PALS	0x00006E26	179	CLEANUP_TRACKSEL_PALS
TRACKSEL	PRAPA	281	199	1	1	0x00006D81	backward_extrapolated						CLEANUP_TRACKSEL_PALS	0x00006E26	165	CLEANUP_TRACKSEL_PALS
TRACKSEL	BABO	284	200	5	1	0x00006D82	backward_extrapolated						CLEANUP_TRACKSEL_PALS	0x00006E26	164	CLEANUP_TRACKSEL_PALS
TRACKSEL	PRAJHFS	289	205	2	1	0x00006D87	backward_extrapolated						CLEANUP_TRACKSEL_PALS	0x00006E26	159	CLEANUP_TRACKSEL_PALS
TRACKSEL	TRACK_SEL_LP	301	207	11	1	0x00006D89	backward_extrapolated						CLEANUP_TRACKSEL_PALS	0x00006E26	157	CLEANUP_TRACKSEL_PALS
TRACKSEL	NOWAY	321	218	28	1	0x00006D94	backward_extrapolated						CLEANUP_TRACKSEL_PALS	0x00006E26	146	CLEANUP_TRACKSEL_PALS
TRACKSEL	TSLPX	366	246	9	1	0x00006DB0	backward_extrapolated						CLEANUP_TRACKSEL_PALS	0x00006E26	118	CLEANUP_TRACKSEL_PALS
TRACKSEL	FEEDBACKLP	394	255	14	1	0x00006DB9	backward_extrapolated						CLEANUP_TRACKSEL_PALS	0x00006E26	109	CLEANUP_TRACKSEL_PALS
TRACKSEL	NOTYETLNKD	414	269	8	1	0x00006DC7	backward_extrapolated						CLEANUP_TRACKSEL_PALS	0x00006E26	95	CLEANUP_TRACKSEL_PALS
TRACKSEL	JJKKA	450	277	2	1	0x00006DCF	backward_extrapolated						CLEANUP_TRACKSEL_PALS	0x00006E26	87	CLEANUP_TRACKSEL_PALS
TRACKSEL	LKGGA	455	279	4	1	0x00006DD1	backward_extrapolated						CLEANUP_TRACKSEL_PALS	0x00006E26	85	CLEANUP_TRACKSEL_PALS
TRACKSEL	KAKAF	477	293	16	1	0x00006DDF	backward_extrapolated						CLEANUP_TRACKSEL_PALS	0x00006E26	71	CLEANUP_TRACKSEL_PALS
TRACKSEL	NO_HID1	547	328	8	1	0x00006E02	backward_extrapolated						CLEANUP_TRACKSEL_PALS	0x00006E26	36	CLEANUP_TRACKSEL_PALS
TRACKSEL	JJ2	560	336	1	1	0x00006E0A	backward_extrapolated						CLEANUP_TRACKSEL_PALS	0x00006E26	28	CLEANUP_TRACKSEL_PALS
TRACKSEL	BOUGHRAU	563	337	27	1	0x00006E0B	backward_extrapolated						CLEANUP_TRACKSEL_PALS	0x00006E26	27	CLEANUP_TRACKSEL_PALS
TRACKSEL	CLEANUP_TRACKSEL_PALS	596	364	3	1	0x00006E26	known	CLEANUP_TRACKSEL_PALS	0x00006E26	CLEANUP_TRACKSEL_PALS	0x00006E26	0	CLEANUP_TRACKSEL_PALS	0x00006E26	0	CLEANUP_TRACKSEL_PALS
TRACKSEL	RESTORE_HIDDEN	617	367	15	1	0x00006E29	known	RESTORE_HIDDEN@TRACKSEL	0x00006E29	RESTORE_HIDDEN	0x00006E29	0	RESTORE_HIDDEN	0x00006E29	0	RESTORE_HIDDEN
TRACKSEL	HIDDEN_TRACKS	638	382	21	1	0x00006E38	bounded_ok			RESTORE_HIDDEN	0x00006E29	15	NHT1	0x00006E4D	21	RESTORE_HIDDEN
TRACKSEL	NHT1	670	403	18	1	0x00006E4D	known	NHT1@TRACKSEL	0x00006E4D	NHT1	0x00006E4D	0	NHT1	0x00006E4D	0	NHT1
TRACKSEL	NHT2	694	421	20	1	0x00006E5F	known	NHT2@TRACKSEL	0x00006E5F	NHT2	0x00006E5F	0	NHT2	0x00006E5F	0	NHT2
TRACKSEL	NHT3	718	441	6	1	0x00006E73	known	NHT3@TRACKSEL	0x00006E73	NHT3	0x00006E73	0	NHT3	0x00006E73	0	NHT3
TRACKSEL	HIDDTX	726	447	1	1	0x00006E79	known	HIDDTX@TRACKSEL	0x00006E79	HIDDTX	0x00006E79	0	HIDDTX	0x00006E79	0	HIDDTX
TRACKSEL	GET_RACE_IDX	736	448	5	1	0x00006E7A	bounded_ok			HIDDTX	0x00006E79	1	NDDR	0x00006E7F	5	HIDDTX
TRACKSEL	NDDR	743	453	6	1	0x00006E7F	known	NDDR@TRACKSEL	0x00006E7F	NDDR	0x00006E7F	0	NDDR	0x00006E7F	0	NDDR
TRACKSEL	NSND	751	459	10	1	0x00006E85	known	NSND@TRACKSEL	0x00006E85	NSND	0x00006E85	0	NSND	0x00006E85	0	NSND
TRACKSEL	R55	764	469	6	1	0x00006E8F	known	R55@TRACKSEL	0x00006E8F	R55	0x00006E8F	0	R55	0x00006E8F	0	R55
TRACKSEL	R56	771	475	5	1	0x00006E95	known	R56@TRACKSEL	0x00006E95	R56	0x00006E95	0	R56	0x00006E95	0	R56
TRACKSEL	R66	779	480	3	1	0x00006E9A	known	R66@TRACKSEL	0x00006E9A	R66	0x00006E9A	0	R66	0x00006E9A	0	R66
TRACKSEL	NH	784	483	2	1	0x00006E9D	known	NH@TRACKSEL	0x00006E9D	NH	0x00006E9D	0	NH	0x00006E9D	0	NH
TRACKSEL	KK88	789	485	45	1	0x00006E9F	known	KK88@TRACKSEL	0x00006E9F	KK88	0x00006E9F	0	KK88	0x00006E9F	0	KK88
TRACKSEL	NOTTHEWH	836	530	1	1	0x00006ECC	known	NOTTHEWH@TRACKSEL	0x00006ECC	NOTTHEWH	0x00006ECC	0	NOTTHEWH	0x00006ECC	0	NOTTHEWH
TRACKSEL	ZOOMINP	843	531	1	1	0x00006ECD	forward_extrapolated			NOTTHEWH	0x00006ECC	1				NOTTHEWH
TRACKSEL	ZITSP	845	532	6	1	0x00006ECE	forward_extrapolated			NOTTHEWH	0x00006ECC	2				NOTTHEWH
TRACKSEL	NOWAY543	852	538	7	1	0x00006ED4	forward_extrapolated			NOTTHEWH	0x00006ECC	8				NOTTHEWH
TRACKSEL	ZOOMIN_TSEL	861	545	1	1	0x00006EDB	forward_extrapolated			NOTTHEWH	0x00006ECC	15				NOTTHEWH
TRACKSEL	ZISL	864	546	12	1	0x00006EDC	forward_extrapolated			NOTTHEWH	0x00006ECC	16				NOTTHEWH
TRACKSEL	JJDD	878	558	8	1	0x00006EE8	forward_extrapolated			NOTTHEWH	0x00006ECC	28				NOTTHEWH
TRACKSEL	HGF	887	566	6	1	0x00006EF0	forward_extrapolated			NOTTHEWH	0x00006ECC	36				NOTTHEWH
TRACKSEL	HHFFD	896	572	1	1	0x00006EF6	forward_extrapolated			NOTTHEWH	0x00006ECC	42				NOTTHEWH
TRACKSEL	ZIX	898	573	1	1	0x00006EF7	forward_extrapolated			NOTTHEWH	0x00006ECC	43				NOTTHEWH
TRACKSEL	FIX_TRACK_SCREEN	911	574	4	1	0x00006EF8	forward_extrapolated			NOTTHEWH	0x00006ECC	44				NOTTHEWH
TRACKSEL	FTSL	919	578	28	1	0x00006EFC	forward_extrapolated			NOTTHEWH	0x00006ECC	48				NOTTHEWH
TRACKSEL	NSC	955	606	11	1	0x00006F18	forward_extrapolated			NOTTHEWH	0x00006ECC	76				NOTTHEWH
TRACKSEL	NTRM1	968	617	11	1	0x00006F23	forward_extrapolated			NOTTHEWH	0x00006ECC	87				NOTTHEWH
TRACKSEL	NWHEL1	981	628	11	1	0x00006F2E	forward_extrapolated			NOTTHEWH	0x00006ECC	98				NOTTHEWH
TRACKSEL	NBC	996	639	12	1	0x00006F39	forward_extrapolated			NOTTHEWH	0x00006ECC	109				NOTTHEWH
TRACKSEL	NAS	1009	651	5	1	0x00006F45	forward_extrapolated			NOTTHEWH	0x00006ECC	121				NOTTHEWH
TRACKSEL	NN77	1015	656	5	1	0x00006F4A	forward_extrapolated			NOTTHEWH	0x00006ECC	126				NOTTHEWH
TRACKSEL	NN88	1022	661	4	1	0x00006F4F	forward_extrapolated			NOTTHEWH	0x00006ECC	131				NOTTHEWH
TRACKSEL	FTSLX	1027	665	2	1	0x00006F53	forward_extrapolated			NOTTHEWH	0x00006ECC	135				NOTTHEWH
TRACKSEL	TSEL_ZOOMOUTP	1037	667	7	1	0x00006F55	forward_extrapolated			NOTTHEWH	0x00006ECC	137				NOTTHEWH
TRACKSEL	JJKKD	1047	674	1	1	0x00006F5C	forward_extrapolated			NOTTHEWH	0x00006ECC	144				NOTTHEWH
TRACKSEL	LLGF	1048	675	8	1	0x00006F5D	forward_extrapolated			NOTTHEWH	0x00006ECC	145				NOTTHEWH
TRACKSEL	TSLLP	1056	683	8	1	0x00006F65	forward_extrapolated			NOTTHEWH	0x00006ECC	153				NOTTHEWH
TRACKSEL	CENTER_THEONE	1065	691	2	1	0x00006F6D	forward_extrapolated			NOTTHEWH	0x00006ECC	161				NOTTHEWH
TRACKSEL	CTOLP	1069	693	11	1	0x00006F6F	forward_extrapolated			NOTTHEWH	0x00006ECC	163				NOTTHEWH
TRACKSEL	CTOLPB	1084	704	11	1	0x00006F7A	forward_extrapolated			NOTTHEWH	0x00006ECC	174				NOTTHEWH
TRACKSEL	CENTER_SUB1	1097	715	11	1	0x00006F85	forward_extrapolated			NOTTHEWH	0x00006ECC	185				NOTTHEWH
TRACKSEL	K89	1111	726	1	1	0x00006F90	forward_extrapolated			NOTTHEWH	0x00006ECC	196				NOTTHEWH
TRACKSEL	K99	1112	727	9	1	0x00006F91	forward_extrapolated			NOTTHEWH	0x00006ECC	197				NOTTHEWH
TRACKSEL	TSEL_ZOOMOUT	1124	736	2	1	0x00006F9A	forward_extrapolated			NOTTHEWH	0x00006ECC	206				NOTTHEWH
TRACKSEL	JJKK	1128	738	2	1	0x00006F9C	forward_extrapolated			NOTTHEWH	0x00006ECC	208				NOTTHEWH
TRACKSEL	LKGG	1130	740	18	1	0x00006F9E	forward_extrapolated			NOTTHEWH	0x00006ECC	210				NOTTHEWH
TRACKSEL	ALLDN	1154	758	1	1	0x00006FB0	forward_extrapolated			NOTTHEWH	0x00006ECC	228				NOTTHEWH
TRACKSEL	ANIMATE_MAP	1167	759	1	1	0x00006FB1	forward_extrapolated			NOTTHEWH	0x00006ECC	229				NOTTHEWH
TRACKSEL	AMLP	1169	760	6	1	0x00006FB2	forward_extrapolated			NOTTHEWH	0x00006ECC	230				NOTTHEWH
TRACKSEL	TRACK_SEL_CURSOR	1183	766	22	1	0x00006FB8	forward_extrapolated			NOTTHEWH	0x00006ECC	236				NOTTHEWH
TRACKSEL	GET_TURNOBJ	1222	788	9	1	0x00006FCE	forward_extrapolated			NOTTHEWH	0x00006ECC	258				NOTTHEWH
TRACKSEL	GETTOLP	1235	797	8	1	0x00006FD7	forward_extrapolated			NOTTHEWH	0x00006ECC	267				NOTTHEWH
TRACKSEL	JIJI	1245	805	4	1	0x00006FDF	forward_extrapolated			NOTTHEWH	0x00006ECC	275				NOTTHEWH
TRACKSEL	BOILERPLATE_INIT	1285	809	7	1	0x00006FE3	forward_extrapolated			NOTTHEWH	0x00006ECC	279				NOTTHEWH
TRACKSEL	BOILERPLATE	1297	816	8	1	0x00006FEA	forward_extrapolated			NOTTHEWH	0x00006ECC	286				NOTTHEWH
TRACKSEL	BOILERPLATE_DELETE	1311	824	6	1	0x00006FF2	forward_extrapolated			NOTTHEWH	0x00006ECC	294				NOTTHEWH
TRANS	CHOOSE_TRANSMISSION	38	0	33	1	0x00005A1B	backward_extrapolated						TRANSCHOICE	0x00005BE1	454	TRANSCHOICE
TRANS	LGF7	85	33	24	1	0x00005A3C	backward_extrapolated						TRANSCHOICE	0x00005BE1	421	TRANSCHOICE
TRANS	CTLP	119	57	22	1	0x00005A54	backward_extrapolated						TRANSCHOICE	0x00005BE1	397	TRANSCHOICE
TRANS	CTLPX	150	79	78	1	0x00005A6A	backward_extrapolated						TRANSCHOICE	0x00005BE1	375	TRANSCHOICE
TRANS	IJH	265	176	37	1	0x00005ACB	backward_extrapolated						TRANSCHOICE	0x00005BE1	278	TRANSCHOICE
TRANS	WHEEL_FROM_BELOW	315	213	13	1	0x00005AF0	backward_extrapolated						TRANSCHOICE	0x00005BE1	241	TRANSCHOICE
TRANS	CENTERTHEONE	337	226	12	1	0x00005AFD	backward_extrapolated						TRANSCHOICE	0x00005BE1	228	TRANSCHOICE
TRANS	CTOLP	354	238	11	1	0x00005B09	backward_extrapolated						TRANSCHOICE	0x00005BE1	216	TRANSCHOICE
TRANS	FLYUPL	367	249	20	1	0x00005B14	backward_extrapolated						TRANSCHOICE	0x00005BE1	205	TRANSCHOICE
TRANS	DROPTHETURN	397	269	2	1	0x00005B28	backward_extrapolated						TRANSCHOICE	0x00005BE1	185	TRANSCHOICE
TRANS	DROPTHECYCLE	400	271	2	1	0x00005B2A	backward_extrapolated						TRANSCHOICE	0x00005BE1	183	TRANSCHOICE
TRANS	DROPTHEWHEEL	403	273	2	1	0x00005B2C	backward_extrapolated						TRANSCHOICE	0x00005BE1	181	TRANSCHOICE
TRANS	DROPTHEOTHER	407	275	4	1	0x00005B2E	backward_extrapolated						TRANSCHOICE	0x00005BE1	179	TRANSCHOICE
TRANS	J85	413	279	2	1	0x00005B32	backward_extrapolated						TRANSCHOICE	0x00005BE1	175	TRANSCHOICE
TRANS	J86	415	281	2	1	0x00005B34	backward_extrapolated						TRANSCHOICE	0x00005BE1	173	TRANSCHOICE
TRANS	DTOLP	417	283	8	1	0x00005B36	backward_extrapolated						TRANSCHOICE	0x00005BE1	171	TRANSCHOICE
TRANS	SIDE_DOOR	431	291	2	1	0x00005B3E	backward_extrapolated						TRANSCHOICE	0x00005BE1	163	TRANSCHOICE
TRANS	DOLS	436	293	15	1	0x00005B40	backward_extrapolated						TRANSCHOICE	0x00005BE1	161	TRANSCHOICE
TRANS	NTLTS	455	308	4	1	0x00005B4F	backward_extrapolated						TRANSCHOICE	0x00005BE1	146	TRANSCHOICE
TRANS	DOLSX	460	312	1	1	0x00005B53	backward_extrapolated						TRANSCHOICE	0x00005BE1	142	TRANSCHOICE
TRANS	DOOR_OPENING	491	313	8	1	0x00005B54	backward_extrapolated						TRANSCHOICE	0x00005BE1	141	TRANSCHOICE
TRANS	DOL	505	321	28	1	0x00005B5C	backward_extrapolated						TRANSCHOICE	0x00005BE1	133	TRANSCHOICE
TRANS	NOTLEFT	544	349	19	1	0x00005B78	backward_extrapolated						TRANSCHOICE	0x00005BE1	105	TRANSCHOICE
TRANS	KJL	569	368	1	1	0x00005B8B	backward_extrapolated						TRANSCHOICE	0x00005BE1	86	TRANSCHOICE
TRANS	DOLX	572	369	1	1	0x00005B8C	backward_extrapolated						TRANSCHOICE	0x00005BE1	85	TRANSCHOICE
TRANS	SNAPCURSOR	578	370	4	1	0x00005B8D	backward_extrapolated						TRANSCHOICE	0x00005BE1	84	TRANSCHOICE
TRANS	WHEEL_ROUT	592	374	13	1	0x00005B91	backward_extrapolated						TRANSCHOICE	0x00005BE1	80	TRANSCHOICE
TRANS	ISR	612	387	9	1	0x00005B9E	backward_extrapolated						TRANSCHOICE	0x00005BE1	67	TRANSCHOICE
TRANS	ISL	624	396	4	1	0x00005BA7	backward_extrapolated						TRANSCHOICE	0x00005BE1	58	TRANSCHOICE
TRANS	ISLT	629	400	8	1	0x00005BAB	backward_extrapolated						TRANSCHOICE	0x00005BE1	54	TRANSCHOICE
TRANS	ISDN2	639	408	20	1	0x00005BB3	backward_extrapolated						TRANSCHOICE	0x00005BE1	46	TRANSCHOICE
TRANS	NUTHIN	671	428	1	1	0x00005BC7	backward_extrapolated						TRANSCHOICE	0x00005BE1	26	TRANSCHOICE
TRANS	DOOR_ELEMENT_DELETE_ALL	679	429	1	1	0x00005BC8	backward_extrapolated						TRANSCHOICE	0x00005BE1	25	TRANSCHOICE
TRANS	DEDL	683	430	7	1	0x00005BC9	backward_extrapolated						TRANSCHOICE	0x00005BE1	24	TRANSCHOICE
TRANS	DEDX	692	437	3	1	0x00005BD0	backward_extrapolated						TRANSCHOICE	0x00005BE1	17	TRANSCHOICE
TRANS	DOOR_ELEMENT_DELETE	706	440	4	1	0x00005BD3	backward_extrapolated						TRANSCHOICE	0x00005BE1	14	TRANSCHOICE
TRANS	DELLP	713	444	7	1	0x00005BD7	backward_extrapolated						TRANSCHOICE	0x00005BE1	10	TRANSCHOICE
TRANS	FREEDE_X	723	451	3	1	0x00005BDE	backward_extrapolated						TRANSCHOICE	0x00005BE1	3	TRANSCHOICE
TRANS	TRANSCHOICE	731	454	9	1	0x00005BE1	known	TRANSCHOICE	0x00005BE1	TRANSCHOICE	0x00005BE1	0	TRANSCHOICE	0x00005BE1	0	TRANSCHOICE
TRANS	GET_UNIT_WHEEL	751	463	11	1	0x00005BEA	known	GET_UNIT_WHEEL	0x00005BEA	GET_UNIT_WHEEL	0x00005BEA	0	GET_UNIT_WHEEL	0x00005BEA	0	GET_UNIT_WHEEL
TRANS	TILE_PIECES	767	474	3	1	0x00005BF5	forward_extrapolated			GET_UNIT_WHEEL	0x00005BEA	11				GET_UNIT_WHEEL
TRANS	TP_LP	771	477	30	1	0x00005BF8	forward_extrapolated			GET_UNIT_WHEEL	0x00005BEA	14				GET_UNIT_WHEEL
TRANS	FIX_TRANSMISSION_SCREEN	831	507	4	1	0x00005C16	forward_extrapolated			GET_UNIT_WHEEL	0x00005BEA	44				GET_UNIT_WHEEL
TRANS	FTSL	839	511	35	1	0x00005C1A	forward_extrapolated			GET_UNIT_WHEEL	0x00005BEA	48				GET_UNIT_WHEEL
TRANS	NOTFRNT	886	546	19	1	0x00005C3D	forward_extrapolated			GET_UNIT_WHEEL	0x00005BEA	83				GET_UNIT_WHEEL
TRANS	NOT366	910	565	8	1	0x00005C50	forward_extrapolated			GET_UNIT_WHEEL	0x00005BEA	102				GET_UNIT_WHEEL
TRANS	NOTCURSOR	920	573	5	1	0x00005C58	forward_extrapolated			GET_UNIT_WHEEL	0x00005BEA	110				GET_UNIT_WHEEL
TRANS	NOTLEN	926	578	5	1	0x00005C5D	forward_extrapolated			GET_UNIT_WHEEL	0x00005BEA	115				GET_UNIT_WHEEL
TRANS	NOTREN	932	583	30	1	0x00005C62	forward_extrapolated			GET_UNIT_WHEEL	0x00005BEA	120				GET_UNIT_WHEEL
TRANS	NOTMAN	969	613	30	1	0x00005C80	forward_extrapolated			GET_UNIT_WHEEL	0x00005BEA	150				GET_UNIT_WHEEL
TRANS	NOTAUTO	1006	643	23	1	0x00005C9E	forward_extrapolated			GET_UNIT_WHEEL	0x00005BEA	180				GET_UNIT_WHEEL
TRANS	NOTPTCYC	1033	666	23	1	0x00005CB5	forward_extrapolated			GET_UNIT_WHEEL	0x00005BEA	203				GET_UNIT_WHEEL
TRANS	NOTWHELTOSEL	1061	689	2	1	0x00005CCC	forward_extrapolated			GET_UNIT_WHEEL	0x00005BEA	226				GET_UNIT_WHEEL
TRANS	FTSLX	1064	691	2	1	0x00005CCE	forward_extrapolated			GET_UNIT_WHEEL	0x00005BEA	228				GET_UNIT_WHEEL
TRANS	MOVE_PUSH_BOX	1072	693	3	1	0x00005CD0	forward_extrapolated			GET_UNIT_WHEEL	0x00005BEA	230				GET_UNIT_WHEEL
TRANS	MVPBL	1076	696	16	1	0x00005CD3	forward_extrapolated			GET_UNIT_WHEEL	0x00005BEA	233				GET_UNIT_WHEEL
TRANS	TURNTO_SELECT	1100	712	1	1	0x00005CE3	forward_extrapolated			GET_UNIT_WHEEL	0x00005BEA	249				GET_UNIT_WHEEL
TRANS	TURNLP	1103	713	7	1	0x00005CE4	forward_extrapolated			GET_UNIT_WHEEL	0x00005BEA	250				GET_UNIT_WHEEL
TRANS	CYCLE_PUSH	1118	720	3	1	0x00005CEB	forward_extrapolated			GET_UNIT_WHEEL	0x00005BEA	257				GET_UNIT_WHEEL
TRANS	CYCLP	1121	723	10	1	0x00005CEE	forward_extrapolated			GET_UNIT_WHEEL	0x00005BEA	260				GET_UNIT_WHEEL
TRANS	ADD_TO_DOOR_LIST	1142	733	4	1	0x00005CF8	forward_extrapolated			GET_UNIT_WHEEL	0x00005BEA	270				GET_UNIT_WHEEL
TRANS	ENGINE_COLOR_INIT	1157	737	10	1	0x00005CFC	forward_extrapolated			GET_UNIT_WHEEL	0x00005BEA	274				GET_UNIT_WHEEL
TRANS	L342	1169	747	15	1	0x00005D06	forward_extrapolated			GET_UNIT_WHEEL	0x00005BEA	284				GET_UNIT_WHEEL
TRANS	L343	1189	762	6	1	0x00005D15	forward_extrapolated			GET_UNIT_WHEEL	0x00005BEA	299				GET_UNIT_WHEEL
TRANS	ENGINE_COLOR	1210	768	21	1	0x00005D1B	forward_extrapolated			GET_UNIT_WHEEL	0x00005BEA	305				GET_UNIT_WHEEL
TRANS	L894	1235	789	104	1	0x00005D30	forward_extrapolated			GET_UNIT_WHEEL	0x00005BEA	326				GET_UNIT_WHEEL
TRANS	L894D	1364	893	97	1	0x00005D98	forward_extrapolated			GET_UNIT_WHEEL	0x00005BEA	430				GET_UNIT_WHEEL
UTIL	SETPAGE0	64	0	11	1	0x00008E76	known	SETPAGE0	0x00008E76	SETPAGE0	0x00008E76	0	SETPAGE0	0x00008E76	0	SETPAGE0
UTIL	SETPAGE1	88	11	11	1	0x00008E81	known	SETPAGE1	0x00008E81	SETPAGE1	0x00008E81	0	SETPAGE1	0x00008E81	0	SETPAGE1
UTIL	P1	107	22	8	1	0x00008E8D	known	P1@UTIL	0x00008E8D	P1	0x00008E8D	0	P1	0x00008E8D	0	P1
UTIL	FASTCLR1	128	30	12	1	0x00008E95	known	FASTCLR1	0x00008E95	FASTCLR1	0x00008E95	0	FASTCLR1	0x00008E95	0	FASTCLR1
UTIL	CLRSCRN	149	42	1	1	0x00008EA1	known	CLRSCRN	0x00008EA1	CLRSCRN	0x00008EA1	0	CLRSCRN	0x00008EA1	0	CLRSCRN
UTIL	CLRSCRN1	151	43	3	1	0x00008EA2	bounded_ok			CLRSCRN	0x00008EA1	1	CLRSCRN0	0x00008EA5	3	CLRSCRN
UTIL	CLRSCRN0	156	46	2	1	0x00008EA5	known	CLRSCRN0	0x00008EA5	CLRSCRN0	0x00008EA5	0	CLRSCRN0	0x00008EA5	0	CLRSCRN0
UTIL	CLRSC00	160	48	2	1	0x00008EA7	known	CLRSC00@UTIL	0x00008EA7	CLRSC00	0x00008EA7	0	CLRSC00	0x00008EA7	0	CLRSC00
UTIL	CLRSC01	163	50	7	1	0x00008EA9	known	CLRSC01@UTIL	0x00008EA9	CLRSC01	0x00008EA9	0	CLRSC01	0x00008EA9	0	CLRSC01
UTIL	CLR255	177	57	5	1	0x00008EB0	bounded_conflict			CLRSC01	0x00008EA9	7	SCREEN_FILL	0x00008EC0	14	CLRSC01
UTIL	CLR511	189	62	5	1	0x00008EB5	bounded_conflict			CLRSC01	0x00008EA9	12	SCREEN_FILL	0x00008EC0	9	SCREEN_FILL
UTIL	SCRNFIL	201	67	4	1	0x00008EBA	bounded_conflict			CLRSC01	0x00008EA9	17	SCREEN_FILL	0x00008EC0	4	SCREEN_FILL
UTIL	SCREEN_FILL	220	71	15	1	0x00008EC0	known	SCREEN_FILL	0x00008EC0	SCREEN_FILL	0x00008EC0	0	SCREEN_FILL	0x00008EC0	0	SCREEN_FILL
UTIL	CLRSCL	240	86	10	1	0x00008ECF	known	CLRSCL@UTIL	0x00008ECF	CLRSCL	0x00008ECF	0	CLRSCL	0x00008ECF	0	CLRSCL
UTIL	CLRCRAM	259	96	6	1	0x00008ED9	bounded_ok			CLRSCL	0x00008ECF	10	RANDOM	0x00008EDF	6	RANDOM
UTIL	RANDOM	277	102	7	1	0x00008EDF	known	RANDOM	0x00008EDF	RANDOM	0x00008EDF	0	RANDOM	0x00008EDF	0	RANDOM
UTIL	RND2	285	109	4	1	0x00008EE6	known	RND2@UTIL	0x00008EE6	RND2	0x00008EE6	0	RND2	0x00008EE6	0	RND2
UTIL	FRAND	300	113	15	1	0x00008EEA	known	FRAND	0x00008EEA	FRAND	0x00008EEA	0	FRAND	0x00008EEA	0	FRAND
UTIL	SFRAND	328	128	10	1	0x00008EF9	known	SFRAND	0x00008EF9	SFRAND	0x00008EF9	0	SFRAND	0x00008EF9	0	SFRAND
UTIL	RANDU0	351	138	5	1	0x00008F03	known	RANDU0	0x00008F03	RANDU0	0x00008F03	0	RANDU0	0x00008F03	0	RANDU0
UTIL	RANDU	367	143	3	1	0x00008F08	bounded_ok			RANDU0	0x00008F03	5	RANDPER	0x00008F11	9	RANDU0
UTIL	SRAND	382	146	6	1	0x00008F0B	bounded_ok			RANDU0	0x00008F03	8	RANDPER	0x00008F11	6	RANDPER
UTIL	RANDPER	419	152	7	1	0x00008F11	known	RANDPER	0x00008F11	RANDPER	0x00008F11	0	RANDPER	0x00008F11	0	RANDPER
UTIL	RANDPX	427	159	1	1	0x00008F18	known	RANDPX@UTIL	0x00008F18	RANDPX	0x00008F18	0	RANDPX	0x00008F18	0	RANDPX
UTIL	INIT_LINKED_LIST	451	160	10	1	0x00008F19	known	INIT_LINKED_LIST	0x00008F19	INIT_LINKED_LIST	0x00008F19	0	INIT_LINKED_LIST	0x00008F19	0	INIT_LINKED_LIST
UTIL	INIT_LL	464	170	6	1	0x00008F23	known	INIT_LL@UTIL	0x00008F23	INIT_LL	0x00008F23	0	INIT_LL	0x00008F23	0	INIT_LL
UTIL	GET_LLIST	492	176	13	1	0x00008F29	known	GET_LLIST	0x00008F29	GET_LLIST	0x00008F29	0	GET_LLIST	0x00008F29	0	GET_LLIST
UTIL	GETLL_X	512	189	3	1	0x00008F36	known	GETLL_X@UTIL	0x00008F36	GETLL_X	0x00008F36	0	GETLL_X	0x00008F36	0	GETLL_X
UTIL	GETLL_ERR	516	192	2	1	0x00008F39	known	GETLL_ERR@UTIL	0x00008F39	GETLL_ERR	0x00008F39	0	GETLL_ERR	0x00008F39	0	GETLL_ERR
UTIL	ALLOC_LLIST	531	194	8	1	0x00008F3B	bounded_ok			GETLL_ERR	0x00008F39	2	ALLOCLIST_X	0x00008F43	8	GETLL_ERR
UTIL	ALLOCLIST_X	544	202	2	1	0x00008F43	known	ALLOCLIST_X@UTIL	0x00008F43	ALLOCLIST_X	0x00008F43	0	ALLOCLIST_X	0x00008F43	0	ALLOCLIST_X
UTIL	ALLOCLIST_ISERROR	548	204	2	1	0x00008F45	known	ALLOCLIST_ISERROR@UTIL	0x00008F45	ALLOCLIST_ISERROR	0x00008F45	0	ALLOCLIST_ISERROR	0x00008F45	0	ALLOCLIST_ISERROR
UTIL	FREE_LLIST	563	206	10	1	0x00008F47	bounded_ok			ALLOCLIST_ISERROR	0x00008F45	2	VEHICLE_ANI_INIT	0x00008F66	31	ALLOCLIST_ISERROR
UTIL	DEL_LLIST	588	216	5	1	0x00008F51	bounded_ok			ALLOCLIST_ISERROR	0x00008F45	12	VEHICLE_ANI_INIT	0x00008F66	21	ALLOCLIST_ISERROR
UTIL	DELLP	597	221	11	1	0x00008F56	bounded_ok			ALLOCLIST_ISERROR	0x00008F45	17	VEHICLE_ANI_INIT	0x00008F66	16	VEHICLE_ANI_INIT
UTIL	DEL_LLX	613	232	5	1	0x00008F61	bounded_ok			ALLOCLIST_ISERROR	0x00008F45	28	VEHICLE_ANI_INIT	0x00008F66	5	VEHICLE_ANI_INIT
UTIL	VEHICLE_ANI_INIT	634	237	30	1	0x00008F66	known	VEHICLE_ANI_INIT	0x00008F66	VEHICLE_ANI_INIT	0x00008F66	0	VEHICLE_ANI_INIT	0x00008F66	0	VEHICLE_ANI_INIT
UTIL	WHEELLP	675	267	8	1	0x00008F84	known	WHEELLP@UTIL	0x00008F84	WHEELLP	0x00008F84	0	WHEELLP	0x00008F84	0	WHEELLP
UTIL	VANIX	688	275	3	1	0x00008F8C	known	VANIX@UTIL	0x00008F8C	VANIX	0x00008F8C	0	VANIX	0x00008F8C	0	VANIX
UTIL	CARPROC	720	278	10	1	0x00008F8F	bounded_conflict			VANIX	0x00008F8C	3	DYNAOBJ_INIT	0x00009018	134	VANIX
UTIL	CARPROCL	736	288	13	1	0x00008F99	bounded_conflict			VANIX	0x00008F8C	13	DYNAOBJ_INIT	0x00009018	124	VANIX
UTIL	NCS	754	301	19	1	0x00008FA6	bounded_conflict			VANIX	0x00008F8C	26	DYNAOBJ_INIT	0x00009018	111	VANIX
UTIL	CDTOP	792	320	15	1	0x00008FB9	bounded_conflict			VANIX	0x00008F8C	45	DYNAOBJ_INIT	0x00009018	92	VANIX
UTIL	CARRWHL	818	335	6	1	0x00008FC8	bounded_conflict			VANIX	0x00008F8C	60	DYNAOBJ_INIT	0x00009018	77	VANIX
UTIL	CDLP	828	341	4	1	0x00008FCE	bounded_conflict			VANIX	0x00008F8C	66	DYNAOBJ_INIT	0x00009018	71	VANIX
UTIL	CARBODY	836	345	2	1	0x00008FD2	bounded_conflict			VANIX	0x00008F8C	70	DYNAOBJ_INIT	0x00009018	67	DYNAOBJ_INIT
UTIL	CARSLP	839	347	2	1	0x00008FD4	bounded_conflict			VANIX	0x00008F8C	72	DYNAOBJ_INIT	0x00009018	65	DYNAOBJ_INIT
UTIL	LEAN	863	349	63	1	0x00008FD6	bounded_conflict			VANIX	0x00008F8C	74	DYNAOBJ_INIT	0x00009018	63	DYNAOBJ_INIT
UTIL	DYNAOBJ_INIT	967	412	17	1	0x00009018	known	DYNAOBJ_INIT	0x00009018	DYNAOBJ_INIT	0x00009018	0	DYNAOBJ_INIT	0x00009018	0	DYNAOBJ_INIT
UTIL	GETDYNA	1003	429	12	1	0x00009029	known	GETDYNA	0x00009029	GETDYNA	0x00009029	0	GETDYNA	0x00009029	0	GETDYNA
UTIL	GETDYNA_X	1021	441	2	1	0x00009035	known	GETDYNA_X@UTIL	0x00009035	GETDYNA_X	0x00009035	0	GETDYNA_X	0x00009035	0	GETDYNA_X
UTIL	GETDYNA_ERR	1025	443	2	1	0x00009037	known	GETDYNA_ERR@UTIL	0x00009037	GETDYNA_ERR	0x00009037	0	GETDYNA_ERR	0x00009037	0	GETDYNA_ERR
UTIL	DELDYNA	1038	445	6	1	0x00009039	known	DELDYNA	0x00009039	DELDYNA	0x00009039	0	DELDYNA	0x00009039	0	DELDYNA
UTIL	CARB_INIT	1057	451	6	1	0x00009041	known	CARB_INIT	0x00009041	CARB_INIT	0x00009041	0	CARB_INIT	0x00009041	0	CARB_INIT
UTIL	CARINTL	1066	457	5	1	0x00009047	known	CARINTL@UTIL	0x00009047	CARINTL	0x00009047	0	CARINTL	0x00009047	0	CARINTL
UTIL	GETCAR	1087	462	10	1	0x0000904C	known	GETCAR	0x0000904C	GETCAR	0x0000904C	0	GETCAR	0x0000904C	0	GETCAR
UTIL	GETCAR_X	1099	472	2	1	0x00009056	known	GETCAR_X@UTIL	0x00009056	GETCAR_X	0x00009056	0	GETCAR_X	0x00009056	0	GETCAR_X
UTIL	GETCAR_ERR	1103	474	2	1	0x00009058	known	GETCAR_ERR@UTIL	0x00009058	GETCAR_ERR	0x00009058	0	GETCAR_ERR	0x00009058	0	GETCAR_ERR
UTIL	DELCAR	1115	476	9	1	0x0000905A	known	DELCAR	0x0000905A	DELCAR	0x0000905A	0	DELCAR	0x0000905A	0	DELCAR
UTIL	SCAN_OBJECTS	1135	485	7	1	0x00009063	known	SCAN_OBJECTS	0x00009063	SCAN_OBJECTS	0x00009063	0	SCAN_OBJECTS	0x00009063	0	SCAN_OBJECTS
UTIL	PUSHALL	1147	492	26	1	0x0000906A	known	PUSHALL	0x0000906A	PUSHALL	0x0000906A	0	PUSHALL	0x0000906A	0	PUSHALL
UTIL	POPALL	1182	518	26	1	0x00009084	known	POPALL	0x00009084	POPALL	0x00009084	0	POPALL	0x00009084	0	POPALL
UTIL	DISTANCE_2D	1228	544	11	1	0x0000909E	known	DISTANCE_2D	0x0000909E	DISTANCE_2D	0x0000909E	0	DISTANCE_2D	0x0000909E	0	DISTANCE_2D
UTIL	OVELADD	1249	555	10	1	0x000090A9	known	OVELADD	0x000090A9	OVELADD	0x000090A9	0	OVELADD	0x000090A9	0	OVELADD
UTIL	OVELNADD	1267	565	14	1	0x000090B3	known	OVELNADD	0x000090B3	OVELNADD	0x000090B3	0	OVELNADD	0x000090B3	0	OVELNADD
UTIL	FORWARD	1293	579	13	1	0x000090C1	known	FORWARD	0x000090C1	FORWARD	0x000090C1	0	FORWARD	0x000090C1	0	FORWARD
WAVE	WAVE	39	0	33	1	0x00009307	known	WAVE	0x00009307	WAVE	0x00009307	0	WAVE	0x00009307	0	WAVE
WAVE	LD_RAM	89	33	55	1	0x00009328	known	LD_RAM@WAVE	0x00009328	LD_RAM	0x00009328	0	LD_RAM	0x00009328	0	LD_RAM
WAVE	HEAD2HEADWATCH	179	88	12	1	0x00009367	known	HEAD2HEADWATCH@WAVE	0x00009367	HEAD2HEADWATCH	0x00009367	0	HEAD2HEADWATCH	0x00009367	0	HEAD2HEADWATCH
WAVE	ISTRUE	192	100	3	1	0x00009373	known	ISTRUE@WAVE	0x00009373	ISTRUE	0x00009373	0	ISTRUE	0x00009373	0	ISTRUE
WAVE	HEAD2HEAD_WAIT	196	103	7	1	0x00009376	bounded_ok			ISTRUE	0x00009373	3	HIGH_SCORE	0x0000937D	7	ISTRUE
WAVE	HIGH_SCORE	204	110	14	1	0x0000937D	known	HIGH_SCORE@WAVE	0x0000937D	HIGH_SCORE	0x0000937D	0	HIGH_SCORE	0x0000937D	0	HIGH_SCORE
WAVE	MIDSPIN	219	124	15	1	0x0000938B	bounded_ok			HIGH_SCORE	0x0000937D	14	CREDITS	0x000093BD	50	HIGH_SCORE
WAVE	MIDSPINHS	245	139	14	1	0x0000939A	bounded_ok			HIGH_SCORE	0x0000937D	29	CREDITS	0x000093BD	35	HIGH_SCORE
WAVE	RACELEG	261	153	19	1	0x000093A8	bounded_ok			HIGH_SCORE	0x0000937D	43	CREDITS	0x000093BD	21	CREDITS
WAVE	THANKS	279	172	2	1	0x000093BB	bounded_ok			HIGH_SCORE	0x0000937D	62	CREDITS	0x000093BD	2	CREDITS
WAVE	CREDITS	285	174	6	1	0x000093BD	known	CREDITS@WAVE	0x000093BD	CREDITS	0x000093BD	0	CREDITS	0x000093BD	0	CREDITS
WAVE	LOAD_HIGH_SCORE	291	180	8	1	0x000093C3	known	LOAD_HIGH_SCORE@WAVE	0x000093C3	LOAD_HIGH_SCORE	0x000093C3	0	LOAD_HIGH_SCORE	0x000093C3	0	LOAD_HIGH_SCORE
WAVE	BEGIN_GAME	304	188	7	1	0x000093CB	known	BEGIN_GAME@WAVE	0x000093CB	BEGIN_GAME	0x000093CB	0	BEGIN_GAME	0x000093CB	0	BEGIN_GAME
WAVE	INIT_SYSTEM	316	195	10	1	0x000093D2	known	INIT_SYSTEM	0x000093D2	INIT_SYSTEM	0x000093D2	0	INIT_SYSTEM	0x000093D2	0	INIT_SYSTEM
WAVE	LOAD_FIXED_PALETTES	393	205	35	1	0x000093FC	known	LOAD_FIXED_PALETTES	0x000093FC	LOAD_FIXED_PALETTES	0x000093FC	0	LOAD_FIXED_PALETTES	0x000093FC	0	LOAD_FIXED_PALETTES
WAVE	LOAD_STARTUP_PALS	445	240	3	1	0x0000941F	bounded_conflict			LOAD_FIXED_PALETTES	0x000093FC	35	LOAD_VARIOUS_PALETTES	0x00009506	3	LOAD_VARIOUS_PALETTES
WAVE	LOAD_VARIOUS_PALETTES	955	243	39	1	0x00009506	known	LOAD_VARIOUS_PALETTES@WAVE	0x00009506	LOAD_VARIOUS_PALETTES	0x00009506	0	LOAD_VARIOUS_PALETTES	0x00009506	0	LOAD_VARIOUS_PALETTES
WHEEL	NUWHEEL	35	0	11	1	0x0000AFF2	known	NUWHEEL	0x0000AFF2	NUWHEEL	0x0000AFF2	0	NUWHEEL	0x0000AFF2	0	NUWHEEL
WHEEL	NUWHL1	54	11	4	1	0x0000AFFD	known	NUWHL1@WHEEL	0x0000AFFD	NUWHL1	0x0000AFFD	0	NUWHL1	0x0000AFFD	0	NUWHL1
WHEEL	NBON	61	15	4	1	0x0000B001	known	NBON@WHEEL	0x0000B001	NBON	0x0000B001	0	NBON	0x0000B001	0	NBON
WHEEL	NIC	68	19	4	1	0x0000B005	known	NIC@WHEEL	0x0000B005	NIC	0x0000B005	0	NIC	0x0000B005	0	NIC
WHEEL	NUWHL2	75	23	4	1	0x0000B009	known	NUWHL2@WHEEL	0x0000B009	NUWHL2	0x0000B009	0	NUWHL2	0x0000B009	0	NUWHL2
WHEEL	NUWHL3	82	27	3	1	0x0000B00D	known	NUWHL3@WHEEL	0x0000B00D	NUWHL3	0x0000B00D	0	NUWHL3	0x0000B00D	0	NUWHL3
WHEEL	NUWHL	87	30	33	1	0x0000B010	known	NUWHL@WHEEL	0x0000B010	NUWHL	0x0000B010	0	NUWHL	0x0000B010	0	NUWHL
WHEEL	TOWHEEL	143	63	25	1	0x0000B031	known	TOWHEEL	0x0000B031	TOWHEEL	0x0000B031	0	TOWHEEL	0x0000B031	0	TOWHEEL
