module	source_line	address
ATTRACTA	36	0000A966
ATTRACTA	37	0000A967
ATTRACTA	38	0000A968
ATTRACTA	39	0000A969
ATTRACTA	40	0000A96A
ATTRACTA	41	0000A96B
ATTRACTA	42	0000A96C
ATTRACTA	43	0000A96E
ATTRACTA	44	0000A96F
ATTRACTA	46	0000A970
ATTRACTA	47	0000A972
ATTRACTA	48	0000A973
ATTRACTA	53	0000A974
ATTRACTA	54	0000A975
ATTRACTA	55	0000A976
ATTRACTA	56	0000A977
ATTRACTA	57	0000A978
ATTRACTA	60	0000A979
ATTRACTA	61	0000A97A
ATTRACTA	64	0000A97C
ATTRACTA	66	0000A97D
ATTRACTA	67	0000A97E
ATTRACTA	69	0000A97F
ATTRACTA	70	0000A980
ATTRACTA	72	0000A981
ATTRACTA	73	0000A982
ATTRACTA	74	0000A983
ATTRACTA	75	0000A984
ATTRACTA	77	0000A985
ATTRACTA	78	0000A986
ATTRACTA	82	0000A987
ATTRACTA	84	0000A988
ATTRACTA	85	0000A989
ATTRACTA	87	0000A98A
ATTRACTA	88	0000A98B
ATTRACTA	89	0000A98C
ATTRACTA	90	0000A98D
ATTRACTA	93	0000A98E
ATTRACTA	94	0000A98F
ATTRACTA	95	0000A990
ATTRACTA	96	0000A991
ATTRACTA	97	0000A992
ATTRACTA	98	0000A993
ATTRACTA	101	0000A994
ATTRACTA	102	0000A995
ATTRACTA	103	0000A996
ATTRACTA	104	0000A997
ATTRACTA	105	0000A998
ATTRACTA	106	0000A999
ATTRACTA	107	0000A99A
ATTRACTA	109	0000A99B
ATTRACTA	110	0000A99C
ATTRACTA	111	0000A99D
ATTRACTA	112	0000A99E
ATTRACTA	113	0000A99F
ATTRACTA	114	0000A9A0
ATTRACTA	115	0000A9A1
ATTRACTA	118	0000A9A2
ATTRACTA	119	0000A9A3
ATTRACTA	124	0000A9A4
ATTRACTA	125	0000A9A5
ATTRACTA	126	0000A9A6
ATTRACTA	127	0000A9A7
ATTRACTA	128	0000A9A8
ATTRACTA	129	0000A9A9
ATTRACTA	130	0000A9AA
ATTRACTA	131	0000A9AB
ATTRACTA	132	0000A9AC
ATTRACTA	134	0000A9AD
ATTRACTA	135	0000A9AE
ATTRACTA	136	0000A9AF
ATTRACTA	137	0000A9B0
ATTRACTA	138	0000A9B1
ATTRACTA	141	0000A9B2
ATTRACTA	142	0000A9B4
ATTRACTA	143	0000A9B5
ATTRACTA	146	0000A9B6
ATTRACTA	148	0000A9B7
ATTRACTA	149	0000A9B8
ATTRACTA	150	0000A9B9
ATTRACTA	151	0000A9BA
ATTRACTA	152	0000A9BB
ATTRACTA	153	0000A9BC
ATTRACTA	154	0000A9BD
ATTRACTA	155	0000A9BE
ATTRACTA	157	0000A9BF
ATTRACTA	160	0000A9C0
ATTRACTA	161	0000A9C1
ATTRACTA	165	0000A9C2
ATTRACTA	166	0000A9C3
ATTRACTA	168	0000A9C4
ATTRACTA	169	0000A9C5
ATTRACTA	178	0000A9C6
ATTRACTA	179	0000A9C7
ATTRACTA	183	0000A9C8
ATTRACTA	185	0000A9C9
ATTRACTA	186	0000A9CA
ATTRACTA	187	0000A9CB
ATTRACTA	188	0000A9CC
ATTRACTA	189	0000A9CD
ATTRACTA	190	0000A9CE
ATTRACTA	193	0000A9CF
ATTRACTA	194	0000A9D0
ATTRACTA	195	0000A9D1
ATTRACTA	196	0000A9D2
ATTRACTA	197	0000A9D3
ATTRACTA	198	0000A9D4
ATTRACTA	201	0000A9D5
ATTRACTA	202	0000A9D6
ATTRACTA	203	0000A9D7
ATTRACTA	204	0000A9D8
ATTRACTA	205	0000A9D9
ATTRACTA	206	0000A9DA
ATTRACTA	207	0000A9DB
ATTRACTA	209	0000A9DC
ATTRACTA	210	0000A9DD
ATTRACTA	211	0000A9DE
ATTRACTA	212	0000A9DF
ATTRACTA	213	0000A9E0
ATTRACTA	214	0000A9E1
ATTRACTA	215	0000A9E2
ATTRACTA	218	0000A9E3
ATTRACTA	219	0000A9E4
ATTRACTA	222	0000A9E5
ATTRACTA	224	0000A9E6
ATTRACTA	225	0000A9E7
ATTRACTA	226	0000A9E8
ATTRACTA	227	0000A9E9
ATTRACTA	228	0000A9EA
ATTRACTA	229	0000A9EB
ATTRACTA	230	0000A9EC
ATTRACTA	232	0000A9ED
ATTRACTA	233	0000A9EE
ATTRACTA	234	0000A9EF
ATTRACTA	235	0000A9F0
ATTRACTA	236	0000A9F1
ATTRACTA	238	0000A9F2
ATTRACTA	239	0000A9F4
ATTRACTA	241	0000A9F5
ATTRACTA	242	0000A9F6
ATTRACTA	251	0000A9F8
ATTRACTA	252	0000A9F9
ATTRACTA	254	0000A9FA
ATTRACTA	255	0000A9FD
ATTRACTA	256	0000A9FE
ATTRACTA	257	0000A9FF
ATTRACTA	258	0000AA00
ATTRACTA	259	0000AA01
ATTRACTA	260	0000AA02
ATTRACTA	261	0000AA03
ATTRACTA	262	0000AA04
ATTRACTA	263	0000AA05
ATTRACTA	264	0000AA06
ATTRACTA	265	0000AA07
ATTRACTA	266	0000AA08
ATTRACTA	268	0000AA09
ATTRACTA	270	0000AA0A
ATTRACTA	271	0000AA0B
ATTRACTA	272	0000AA0C
ATTRACTA	273	0000AA0D
ATTRACTA	274	0000AA0E
ATTRACTA	275	0000AA0F
ATTRACTA	276	0000AA10
ATTRACTA	277	0000AA11
ATTRACTA	278	0000AA12
ATTRACTA	279	0000AA13
ATTRACTA	281	0000AA14
ATTRACTA	282	0000AA15
ATTRACTA	283	0000AA16
ATTRACTA	285	0000AA17
ATTRACTA	286	0000AA18
ATTRACTA	288	0000AA19
ATTRACTA	289	0000AA1A
ATTRACTA	291	0000AA1B
ATTRACTA	292	0000AA1C
ATTRACTA	293	0000AA1D
ATTRACTA	294	0000AA1E
ATTRACTA	295	0000AA1F
ATTRACTA	297	0000AA20
ATTRACTA	298	0000AA21
ATTRACTA	300	0000AA22
ATTRACTA	302	0000AA23
ATTRACTA	303	0000AA25
ATTRACTA	304	0000AA26
ATTRACTA	305	0000AA27
ATTRACTA	307	0000AA28
ATTRACTA	309	0000AA29
ATTRACTA	310	0000AA2A
ATTRACTA	311	0000AA2B
ATTRACTA	312	0000AA2C
ATTRACTA	313	0000AA2D
ATTRACTA	315	0000AA2E
ATTRACTA	316	0000AA2F
ATTRACTA	317	0000AA30
ATTRACTA	318	0000AA31
ATTRACTA	319	0000AA32
ATTRACTA	321	0000AA33
ATTRACTA	322	0000AA35
ATTRACTA	323	0000AA36
ATTRACTA	329	0000AA37
ATTRACTA	331	0000AA39
ATTRACTA	332	0000AA3A
ATTRACTA	333	0000AA3B
ATTRACTA	334	0000AA3C
ATTRACTA	335	0000AA3D
ATTRACTA	337	0000AA3E
ATTRACTA	338	0000AA3F
ATTRACTA	340	0000AA40
ATTRACTA	342	0000AA42
ATTRACTA	343	0000AA43
ATTRACTA	344	0000AA44
ATTRACTA	345	0000AA45
ATTRACTA	346	0000AA46
ATTRACTA	348	0000AA47
ATTRACTA	350	0000AA48
ATTRACTA	351	0000AA49
ATTRACTA	373	0000AA4A
ATTRACTA	374	0000AA4B
ATTRACTA	376	0000AA4C
ATTRACTA	377	0000AA4D
ATTRACTA	379	0000AA4E
ATTRACTA	380	0000AA4F
ATTRACTA	382	0000AA50
ATTRACTA	383	0000AA51
ATTRACTA	384	0000AA52
ATTRACTA	385	0000AA53
ATTRACTA	386	0000AA54
ATTRACTA	387	0000AA55
ATTRACTA	388	0000AA58
ATTRACTA	390	0000AA5B
ATTRACTA	392	0000AA5C
ATTRACTA	393	0000AA5D
ATTRACTA	395	0000AA5E
ATTRDRNE	74	000055C3
ATTRDRNE	75	000055C4
ATTRDRNE	76	000055C5
ATTRDRNE	77	000055C6
ATTRDRNE	78	000055C7
ATTRDRNE	79	000055C8
ATTRDRNE	82	000055C9
ATTRDRNE	83	000055CA
ATTRDRNE	85	000055CB
ATTRDRNE	87	000055CE
ATTRDRNE	88	000055CF
ATTRDRNE	89	000055D0
ATTRDRNE	91	000055D1
ATTRDRNE	92	000055D2
ATTRDRNE	94	000055D3
ATTRDRNE	95	000055D4
ATTRDRNE	96	000055D5
ATTRDRNE	97	000055D6
ATTRDRNE	99	000055D7
ATTRDRNE	100	000055D9
ATTRDRNE	101	000055DA
ATTRDRNE	102	000055DB
ATTRDRNE	103	000055DC
ATTRDRNE	104	000055DD
ATTRDRNE	105	000055DE
ATTRDRNE	107	000055DF
ATTRDRNE	108	000055E0
ATTRDRNE	110	000055E1
ATTRDRNE	111	000055E2
ATTRDRNE	113	000055E3
ATTRDRNE	114	000055E4
ATTRDRNE	117	000055E5
ATTRDRNE	118	000055E6
ATTRDRNE	121	000055E7
ATTRDRNE	122	000055E8
ATTRDRNE	124	000055EA
ATTRDRNE	125	000055EB
ATTRDRNE	126	000055EC
ATTRDRNE	127	000055ED
ATTRDRNE	130	000055EE
ATTRDRNE	131	000055EF
ATTRDRNE	133	000055F0
ATTRDRNE	135	000055F1
ATTRDRNE	136	000055F2
ATTRDRNE	137	000055F3
ATTRDRNE	140	000055F4
ATTRDRNE	143	000055F5
ATTRDRNE	144	000055F6
ATTRDRNE	145	000055F7
ATTRDRNE	146	000055F8
ATTRDRNE	147	000055F9
ATTRDRNE	148	000055FA
ATTRDRNE	150	000055FB
ATTRDRNE	151	000055FC
ATTRDRNE	153	000055FD
ATTRDRNE	154	000055FE
ATTRDRNE	168	000055FF
ATTRDRNE	169	00005600
ATTRDRNE	170	00005601
ATTRDRNE	171	00005602
ATTRDRNE	172	00005605
ATTRDRNE	173	00005606
ATTRDRNE	174	00005607
ATTRDRNE	175	00005608
ATTRDRNE	178	00005609
ATTRDRNE	179	0000560A
ATTRDRNE	182	0000560B
ATTRDRNE	183	0000560C
ATTRDRNE	184	0000560D
ATTRDRNE	185	0000560E
ATTRDRNE	187	0000560F
ATTRDRNE	188	00005610
ATTRDRNE	190	00005611
ATTRDRNE	191	00005612
ATTRDRNE	193	00005613
ATTRDRNE	194	00005615
ATTRDRNE	196	00005616
ATTRDRNE	197	00005617
ATTRDRNE	198	00005618
ATTRDRNE	200	00005619
ATTRDRNE	201	0000561A
ATTRDRNE	202	0000561B
ATTRDRNE	203	0000561C
ATTRDRNE	204	0000561D
ATTRDRNE	205	0000561E
ATTRDRNE	206	0000561F
ATTRDRNE	207	00005620
ATTRDRNE	208	00005621
ATTRDRNE	210	00005622
ATTRDRNE	211	00005623
ATTRDRNE	212	00005624
ATTRDRNE	213	00005625
ATTRDRNE	214	00005626
ATTRDRNE	215	00005627
ATTRDRNE	216	00005628
ATTRDRNE	217	00005629
ATTRDRNE	218	0000562A
ATTRDRNE	220	0000562B
ATTRDRNE	223	0000562C
ATTRDRNE	224	0000562D
ATTRDRNE	225	0000562E
ATTRDRNE	226	0000562F
ATTRDRNE	227	00005630
ATTRDRNE	228	00005631
ATTRDRNE	229	00005632
ATTRDRNE	230	00005633
ATTRDRNE	231	00005634
ATTRDRNE	232	00005635
ATTRDRNE	234	00005636
ATTRDRNE	235	00005637
ATTRDRNE	236	00005638
ATTRDRNE	237	00005639
ATTRDRNE	238	0000563A
ATTRDRNE	239	0000563B
ATTRDRNE	240	0000563C
ATTRDRNE	241	0000563D
ATTRDRNE	242	0000563E
ATTRDRNE	243	0000563F
ATTRDRNE	244	00005640
ATTRDRNE	246	00005641
ATTRDRNE	247	00005642
ATTRDRNE	248	00005643
ATTRDRNE	251	00005644
ATTRDRNE	255	00005645
ATTRDRNE	256	00005646
ATTRDRNE	257	00005647
ATTRDRNE	258	00005648
ATTRDRNE	315	00005649
ATTRDRNE	316	0000564A
ATTRDRNE	317	0000564B
ATTRDRNE	318	0000564C
ATTRDRNE	319	0000564D
ATTRDRNE	320	0000564E
ATTRDRNE	321	0000564F
ATTRDRNE	323	00005650
ATTRDRNE	324	00005651
ATTRDRNE	325	00005652
ATTRDRNE	326	00005653
ATTRDRNE	327	00005654
ATTRDRNE	329	00005655
ATTRDRNE	330	00005656
ATTRDRNE	331	00005657
ATTRDRNE	335	00005658
ATTRDRNE	336	00005659
ATTRDRNE	338	0000565A
ATTRDRNE	339	0000565B
ATTRDRNE	340	0000565C
ATTRDRNE	341	0000565D
ATTRDRNE	343	0000565E
ATTRDRNE	344	0000565F
ATTRDRNE	345	00005660
ATTRDRNE	346	00005661
ATTRDRNE	347	00005662
ATTRDRNE	348	00005663
ATTRDRNE	350	00005664
ATTRDRNE	351	00005665
ATTRDRNE	352	00005666
ATTRDRNE	353	00005667
ATTRDRNE	354	00005668
ATTRDRNE	355	00005669
ATTRDRNE	356	0000566A
ATTRDRNE	357	0000566B
ATTRDRNE	359	0000566C
ATTRDRNE	360	0000566D
ATTRDRNE	361	0000566E
ATTRDRNE	362	0000566F
ATTRDRNE	363	00005670
ATTRDRNE	364	00005671
ATTRDRNE	366	00005672
ATTRDRNE	367	00005673
ATTRDRNE	369	00005674
ATTRDRNE	370	00005675
ATTRDRNE	372	00005676
ATTRDRNE	373	00005677
ATTRDRNE	375	00005678
ATTRDRNE	376	00005679
ATTRDRNE	377	0000567A
ATTRDRNE	378	0000567B
ATTRDRNE	379	0000567C
ATTRDRNE	380	0000567D
ATTRDRNE	381	0000567E
ATTRDRNE	382	0000567F
ATTRDRNE	383	00005680
ATTRDRNE	384	00005681
ATTRDRNE	385	00005682
ATTRDRNE	387	00005683
ATTRDRNE	388	00005684
ATTRDRNE	389	00005685
ATTRDRNE	390	00005686
ATTRDRNE	391	00005687
ATTRDRNE	392	00005688
ATTRDRNE	393	00005689
ATTRDRNE	394	0000568A
ATTRDRNE	395	0000568B
ATTRDRNE	397	0000568C
ATTRDRNE	398	0000568D
ATTRDRNE	400	0000568E
ATTRDRNE	401	0000568F
ATTRDRNE	402	00005690
ATTRDRNE	404	00005691
ATTRDRNE	405	00005692
ATTRDRNE	406	00005693
ATTRDRNE	407	00005694
ATTRDRNE	408	00005695
ATTRDRNE	412	00005696
ATTRDRNE	413	00005697
ATTRDRNE	414	00005698
ATTRDRNE	415	00005699
ATTRDRNE	416	0000569A
ATTRDRNE	417	0000569B
ATTRDRNE	418	0000569C
ATTRDRNE	419	0000569D
ATTRDRNE	420	0000569E
ATTRDRNE	421	0000569F
ATTRDRNE	422	000056A0
ATTRDRNE	423	000056A1
ATTRDRNE	425	000056A2
ATTRDRNE	426	000056A3
ATTRDRNE	427	000056A4
ATTRDRNE	431	000056A5
ATTRDRNE	432	000056A6
ATTRDRNE	433	000056A7
ATTRDRNE	434	000056A8
ATTRDRNE	435	000056A9
ATTRDRNE	436	000056AA
ATTRDRNE	437	000056AB
ATTRDRNE	438	000056AC
ATTRDRNE	439	000056AD
ATTRDRNE	440	000056AE
ATTRDRNE	441	000056AF
ATTRDRNE	442	000056B0
ATTRDRNE	443	000056B1
ATTRDRNE	444	000056B2
ATTRDRNE	445	000056B3
ATTRDRNE	449	000056B4
ATTRDRNE	450	000056B5
ATTRDRNE	451	000056B6
ATTRDRNE	452	000056B7
ATTRDRNE	453	000056B8
ATTRDRNE	454	000056B9
ATTRDRNE	455	000056BA
ATTRDRNE	456	000056BB
ATTRDRNE	457	000056BC
ATTRDRNE	458	000056BD
ATTRDRNE	459	000056BE
ATTRDRNE	460	000056BF
ATTRDRNE	461	000056C0
ATTRDRNE	462	000056C1
ATTRDRNE	463	000056C2
ATTRDRNE	467	000056C3
ATTRDRNE	468	000056C4
ATTRDRNE	469	000056C5
ATTRDRNE	470	000056C6
ATTRDRNE	472	000056C7
ATTRDRNE	473	000056C8
ATTRDRNE	475	000056C9
ATTRDRNE	476	000056CA
ATTRDRNE	478	000056CB
ATTRDRNE	479	000056CC
ATTRDRNE	481	000056CD
ATTRDRNE	482	000056CE
ATTRDRNE	483	000056CF
ATTRDRNE	484	000056D0
ATTRDRNE	485	000056D1
ATTRDRNE	487	000056D2
ATTRDRNE	489	000056D3
ATTRDRNE	490	000056D4
ATTRDRNE	491	000056D5
ATTRDRNE	492	000056D6
ATTRDRNE	493	000056D7
ATTRDRNE	494	000056D8
ATTRDRNE	496	000056D9
ATTRDRNE	497	000056DA
ATTRDRNE	498	000056DB
ATTRDRNE	499	000056DC
ATTRDRNE	500	000056DD
ATTRDRNE	501	000056DE
ATTRDRNE	503	000056DF
ATTRDRNE	504	000056E0
ATTRDRNE	506	000056E1
ATTRDRNE	507	000056E2
ATTRDRNE	509	000056E3
ATTRDRNE	510	000056E4
ATTRDRNE	511	000056E5
ATTRDRNE	512	000056E6
ATTRDRNE	514	000056E7
ATTRDRNE	515	000056E8
ATTRDRNE	517	000056E9
ATTRDRNE	523	000056EA
ATTRDRNE	524	000056EB
ATTRDRNE	525	000056EC
ATTRDRNE	526	000056ED
ATTRDRNE	527	000056EE
ATTRDRNE	528	000056EF
ATTRDRNE	529	000056F0
ATTRDRNE	530	000056F1
ATTRDRNE	531	000056F2
ATTRDRNE	532	000056F3
ATTRDRNE	533	000056F4
ATTRDRNE	535	000056F5
ATTRDRNE	536	000056F6
ATTRDRNE	537	000056F7
ATTRDRNE	538	000056F8
ATTRDRNE	539	000056F9
ATTRDRNE	541	000056FA
ATTRDRNE	542	000056FB
ATTRDRNE	544	000056FC
ATTRDRNE	545	000056FD
ATTRDRNE	546	000056FE
ATTRDRNE	547	000056FF
ATTRDRNE	548	00005701
ATTRDRNE	549	00005702
ATTRDRNE	550	00005703
ATTRDRNE	551	00005704
ATTRDRNE	552	00005705
ATTRDRNE	553	00005706
ATTRDRNE	554	00005707
ATTRDRNE	555	00005708
ATTRDRNE	558	0000570A
ATTRDRNE	564	0000570B
ATTRDRNE	565	0000570C
ATTRDRNE	566	0000570D
ATTRDRNE	567	0000570E
ATTRDRNE	568	0000570F
ATTRDRNE	569	00005710
ATTRDRNE	570	00005711
ATTRDRNE	571	00005712
ATTRDRNE	572	00005713
ATTRDRNE	579	00005714
ATTRDRNE	580	00005715
ATTRDRNE	581	00005716
ATTRDRNE	582	00005717
ATTRDRNE	584	00005718
ATTRDRNE	585	00005719
ATTRDRNE	586	0000571A
ATTRDRNE	587	0000571B
ATTRDRNE	590	0000571C
ATTRDRNE	591	0000571D
ATTRDRNE	592	0000571E
ATTRDRNE	593	0000571F
ATTRDRNE	594	00005720
ATTRDRNE	597	00005721
ATTRDRNE	598	00005722
ATTRDRNE	599	00005723
ATTRDRNE	600	00005724
ATTRDRNE	601	00005725
ATTRDRNE	602	00005726
ATTRDRNE	603	00005727
ATTRDRNE	605	00005728
ATTRDRNE	606	00005729
ATTRDRNE	607	0000572A
ATTRDRNE	608	0000572B
ATTRDRNE	609	0000572C
ATTRDRNE	611	0000572D
ATTRDRNE	612	0000572E
ATTRDRNE	613	0000572F
ATTRDRNE	614	00005730
ATTRDRNE	616	00005731
ATTRDRNE	617	00005732
ATTRDRNE	618	00005733
ATTRDRNE	619	00005734
ATTRDRNE	623	00005735
ATTRDRNE	624	00005736
ATTRDRNE	625	00005737
ATTRDRNE	626	00005738
ATTRDRNE	627	00005739
ATTRDRNE	629	0000573A
ATTRDRNE	630	0000573B
ATTRDRNE	631	0000573C
ATTRDRNE	632	0000573D
ATTRDRNE	637	0000573E
ATTRDRNE	638	0000573F
ATTRDRNE	639	00005740
ATTRDRNE	640	00005741
ATTRDRNE	641	00005742
ATTRDRNE	643	00005743
ATTRDRNE	645	00005744
ATTRDRNE	646	00005745
ATTRDRNE	647	00005746
ATTRDRNE	648	00005747
ATTRDRNE	649	00005748
ATTRDRNE	651	00005749
ATTRDRNE	652	0000574A
ATTRDRNE	653	0000574B
ATTRDRNE	654	0000574C
ATTRDRNE	655	0000574D
ATTRDRNE	657	0000574E
ATTRDRNE	658	0000574F
ATTRDRNE	659	00005750
ATTRDRNE	661	00005751
ATTRDRNE	662	00005752
ATTRDRNE	663	00005753
ATTRDRNE	664	00005754
ATTRDRNE	665	00005755
ATTRDRNE	666	00005756
ATTRDRNE	667	00005757
ATTRDRNE	668	00005758
ATTRDRNE	669	00005759
ATTRDRNE	670	0000575A
ATTRDRNE	671	0000575B
ATTRDRNE	673	0000575C
ATTRDRNE	674	0000575D
ATTRDRNE	675	0000575E
ATTRDRNE	676	0000575F
ATTRDRNE	678	00005760
ATTRDRNE	679	00005761
ATTRDRNE	680	00005762
ATTRDRNE	682	00005763
ATTRDRNE	683	00005764
ATTRDRNE	684	00005765
ATTRDRNE	685	00005766
ATTRDRNE	686	00005767
ATTRDRNE	687	00005768
ATTRDRNE	688	00005769
ATTRDRNE	689	0000576A
ATTRDRNE	690	0000576B
ATTRDRNE	691	0000576C
ATTRDRNE	692	0000576D
ATTRDRNE	695	0000576E
ATTRDRNE	696	0000576F
ATTRDRNE	697	00005770
ATTRDRNE	698	00005771
ATTRDRNE	699	00005772
ATTRDRNE	700	00005773
ATTRDRNE	701	00005774
ATTRDRNE	702	00005775
ATTRDRNE	703	00005776
ATTRDRNE	704	00005777
ATTRDRNE	705	00005778
ATTRDRNE	706	00005779
ATTRDRNE	707	0000577A
ATTRDRNE	709	0000577B
ATTRDRNE	710	0000577C
ATTRDRNE	711	0000577D
ATTRDRNE	712	0000577E
ATTRDRNE	713	0000577F
ATTRDRNE	714	00005780
ATTRDRNE	715	00005781
ATTRDRNE	716	00005782
ATTRDRNE	717	00005783
ATTRDRNE	718	00005784
ATTRDRNE	720	00005785
ATTRDRNE	721	00005786
ATTRDRNE	722	00005787
ATTRDRNE	723	00005788
ATTRDRNE	724	00005789
ATTRDRNE	725	0000578A
ATTRDRNE	726	0000578B
ATTRDRNE	729	0000578C
ATTRDRNE	730	0000578D
ATTRDRNE	731	0000578E
ATTRDRNE	732	0000578F
ATTRDRNE	733	00005790
ATTRDRNE	735	00005791
ATTRDRNE	737	00005792
ATTRDRNE	746	00005793
ATTRDRNE	747	00005794
ATTRDRNE	748	00005795
ATTRDRNE	749	00005796
ATTRDRNE	750	00005797
ATTRDRNE	751	00005798
ATTRDRNE	752	00005799
ATTRDRNE	754	0000579A
ATTRDRNE	755	0000579B
ATTRDRNE	756	0000579C
ATTRDRNE	757	0000579D
ATTRDRNE	758	0000579E
ATTRDRNE	759	0000579F
ATTRDRNE	760	000057A0
ATTRDRNE	761	000057A1
ATTRDRNE	762	000057A2
ATTRDRNE	764	000057A3
ATTRDRNE	765	000057A4
ATTRDRNE	766	000057A5
ATTRDRNE	775	000057A6
ATTRDRNE	776	000057A7
ATTRDRNE	778	000057A8
ATTRDRNE	787	000057A9
ATTRDRNE	788	000057AA
ATTRDRNE	789	000057AB
ATTRDRNE	790	000057AC
ATTRDRNE	791	000057AD
ATTRDRNE	792	000057AE
ATTRDRNE	794	000057AF
ATTRDRNE	795	000057B0
ATTRDRNE	796	000057B1
ATTRDRNE	797	000057B2
ATTRDRNE	798	000057B3
ATTRDRNE	800	000057B4
ATTRDRNE	801	000057B5
ATTRDRNE	802	000057B6
ATTRDRNE	803	000057B7
ATTRDRNE	804	000057B8
ATTRDRNE	805	000057B9
ATTRDRNE	806	000057BA
ATTRDRNE	807	000057BB
ATTRDRNE	808	000057BC
ATTRDRNE	810	000057BD
ATTRDRNE	811	000057BE
ATTRDRNE	813	000057BF
ATTRDRNE	814	000057C0
ATTRDRNE	815	000057C1
ATTRDRNE	816	000057C2
ATTRDRNE	817	000057C3
ATTRDRNE	818	000057C4
ATTRDRNE	819	000057C5
ATTRDRNE	820	000057C6
ATTRDRNE	821	000057C7
ATTRDRNE	822	000057C8
ATTRDRNE	823	000057C9
ATTRDRNE	824	000057CA
ATTRDRNE	825	000057CB
ATTRDRNE	826	000057CC
ATTRDRNE	827	000057CD
ATTRDRNE	828	000057CE
ATTRDRNE	830	000057CF
ATTRDRNE	831	000057D0
ATTRDRNE	832	000057D1
ATTRDRNE	834	000057D2
ATTRDRNE	839	000057D3
ATTRDRNE	840	000057D4
ATTRDRNE	841	000057D5
ATTRDRNE	842	000057D6
ATTRDRNE	843	000057D7
ATTRDRNE	844	000057D8
ATTRDRNE	846	000057D9
ATTRDRNE	848	000057DA
ATTRDRNE	849	000057DB
ATTRDRNE	850	000057DC
ATTRDRNE	851	000057DD
ATTRDRNE	852	000057DE
ATTRDRNE	853	000057DF
ATTRDRNE	854	000057E0
ATTRDRNE	855	000057E1
ATTRDRNE	857	000057E2
ATTRDRNE	858	000057E3
ATTRDRNE	861	000057E4
ATTRDRNE	862	000057E5
ATTRDRNE	863	000057E6
ATTRDRNE	870	000057E7
ATTRDRNE	871	000057E8
ATTRDRNE	872	000057E9
ATTRDRNE	874	000057EA
ATTRDRNE	875	000057EB
ATTRDRNE	876	000057EC
ATTRDRNE	877	000057ED
ATTRDRNE	878	000057EE
ATTRDRNE	880	000057EF
ATTRDRNE	881	000057F0
ATTRDRNE	882	000057F1
ATTRDRNE	883	000057F2
ATTRDRNE	884	000057F3
ATTRDRNE	885	000057F4
ATTRDRNE	887	000057F5
ATTRDRNE	888	000057F6
ATTRDRNE	889	000057F7
ATTRDRNE	891	000057F8
ATTRDRNE	892	000057F9
ATTRDRNE	893	000057FA
ATTRDRNE	894	000057FB
ATTRDRNE	896	000057FC
ATTRDRNE	897	000057FD
ATTRDRNE	898	000057FE
ATTRDRNE	899	000057FF
ATTRDRNE	905	00005800
ATTRDRNE	906	00005801
ATTRDRNE	907	00005802
ATTRDRNE	908	00005803
ATTRDRNE	909	00005804
ATTRDRNE	911	00005805
ATTRDRNE	912	00005806
ATTRDRNE	914	00005807
ATTRDRNE	915	00005808
ATTRDRNE	916	00005809
ATTRDRNE	917	0000580A
ATTRDRNE	918	0000580B
ATTRDRNE	919	0000580C
ATTRDRNE	920	0000580D
ATTRDRNE	921	0000580E
ATTRDRNE	923	0000580F
ATTRDRNE	924	00005810
ATTRDRNE	925	00005811
ATTRDRNE	926	00005812
ATTRDRNE	927	00005813
ATTRDRNE	928	00005814
ATTRDRNE	938	00005815
ATTRDRNE	939	00005816
ATTRDRNE	940	00005817
ATTRDRNE	941	00005818
ATTRDRNE	942	00005819
ATTRDRNE	943	0000581A
ATTRDRNE	944	0000581B
ATTRDRNE	946	0000581C
ATTRDRNE	947	0000581D
ATTRDRNE	948	0000581E
ATTRDRNE	949	0000581F
ATTRDRNE	951	00005820
ATTRDRNE	952	00005821
ATTRDRNE	953	00005822
ATTRDRNE	956	00005823
ATTRDRNE	957	00005824
ATTRDRNE	958	00005825
ATTRDRNE	960	00005826
ATTRDRNE	961	00005827
ATTRDRNE	962	00005828
ATTRDRNE	964	00005829
ATTRDRNE	966	0000582A
ATTRDRNE	967	0000582B
ATTRDRNE	968	0000582C
ATTRDRNE	969	0000582D
ATTRDRNE	971	0000582E
ATTRDRNE	973	0000582F
ATTRDRNE	974	00005830
ATTRDRNE	975	00005831
ATTRDRNE	977	00005832
ATTRDRNE	978	00005833
ATTRDRNE	979	00005834
ATTRDRNE	981	00005835
ATTRDRNE	982	00005836
ATTRDRNE	983	00005837
ATTRDRNE	985	00005838
ATTRDRNE	986	00005839
ATTRDRNE	987	0000583A
ATTRDRNE	988	0000583B
ATTRDRNE	989	0000583C
ATTRDRNE	990	0000583D
ATTRDRNE	991	0000583E
ATTRDRNE	992	0000583F
ATTRDRNE	994	00005841
ATTRDRNE	995	00005842
ATTRDRNE	1007	00005843
ATTRDRNE	1008	00005844
ATTRDRNE	1009	00005845
ATTRDRNE	1010	00005846
ATTRDRNE	1011	00005847
ATTRDRNE	1013	00005848
ATTRDRNE	1014	00005849
ATTRDRNE	1015	0000584A
ATTRDRNE	1017	0000584B
ATTRDRNE	1018	0000584C
ATTRDRNE	1019	0000584D
ATTRDRNE	1021	0000584E
ATTRDRNE	1022	0000584F
ATTRDRNE	1023	00005850
ATTRDRNE	1025	00005851
ATTRDRNE	1026	00005852
ATTRDRNE	1027	00005853
ATTRDRNE	1028	00005854
ATTRDRNE	1029	00005855
ATTRDRNE	1030	00005856
ATTRDRNE	1031	00005857
ATTRDRNE	1032	00005858
ATTRDRNE	1033	00005859
ATTRDRNE	1034	0000585A
ATTRDRNE	1035	0000585B
ATTRDRNE	1036	0000585C
ATTRDRNE	1037	0000585D
ATTRDRNE	1039	0000585E
ATTRDRNE	1040	0000585F
ATTRDRNE	1041	00005860
ATTRDRNE	1042	00005861
ATTRDRNE	1043	00005862
ATTRDRNE	1044	00005863
ATTRDRNE	1045	00005864
ATTRDRNE	1046	00005865
ATTRDRNE	1047	00005866
ATTRDRNE	1048	00005867
ATTRDRNE	1049	00005868
ATTRDRNE	1050	00005869
ATTRDRNE	1052	0000586A
ATTRDRNE	1053	0000586B
ATTRDRNE	1062	0000586C
ATTRDRNE	1064	0000586D
ATTRDRNE	1065	0000586E
ATTRDRNE	1066	0000586F
ATTRDRNE	1067	00005870
ATTRDRNE	1068	00005871
ATTRDRNE	1069	00005872
ATTRDRNE	1071	00005873
ATTRDRNE	1081	00005874
ATTRDRNE	1082	00005875
ATTRDRNE	1083	00005876
ATTRDRNE	1084	00005877
ATTRDRNE	1085	00005878
ATTRDRNE	1086	00005879
ATTRDRNE	1087	0000587A
ATTRDRNE	1088	0000587B
ATTRDRNE	1090	0000587C
ATTRDRNE	1093	0000587D
ATTRDRNE	1094	0000587E
ATTRDRNE	1103	0000587F
ATTRDRNE	1104	00005880
ATTRDRNE	1106	00005881
ATTRDRNE	1107	00005882
ATTRDRNE	1108	00005883
ATTRDRNE	1110	00005884
ATTRDRNE	1111	00005885
ATTRDRNE	1114	00005886
ATTRDRNE	1115	00005887
ATTRDRNE	1116	00005888
ATTRDRNE	1117	00005889
ATTRDRNE	1118	0000588A
ATTRDRNE	1119	0000588B
ATTRDRNE	1120	0000588C
ATTRDRNE	1121	0000588D
ATTRDRNE	1124	0000588E
ATTRDRNE	1125	0000588F
ATTRDRNE	1127	00005890
ATTRDRNE	1128	00005891
ATTRDRNE	1129	00005892
ATTRDRNE	1130	00005893
ATTRDRNE	1131	00005894
ATTRDRNE	1132	00005895
ATTRDRNE	1133	00005896
ATTRDRNE	1134	00005897
ATTRDRNE	1135	00005898
ATTRDRNE	1138	00005899
ATTRDRNE	1140	0000589A
ATTRDRNE	1141	0000589B
ATTRDRNE	1142	0000589C
ATTRDRNE	1143	0000589D
ATTRDRNE	1144	0000589E
ATTRDRNE	1145	0000589F
ATTRDRNE	1146	000058A0
ATTRDRNE	1149	000058A1
ATTRDRNE	1150	000058A2
ATTRDRNE	1151	000058A3
ATTRDRNE	1152	000058A4
ATTRDRNE	1153	000058A5
ATTRDRNE	1154	000058A6
ATTRDRNE	1155	000058A7
ATTRDRNE	1161	000058A8
ATTRDRNE	1163	000058A9
ATTRDRNE	1164	000058AA
ATTRDRNE	1165	000058AB
ATTRDRNE	1166	000058AC
ATTRDRNE	1168	000058AD
ATTRDRNE	1169	000058AE
ATTRDRNE	1171	000058AF
ATTRDRNE	1172	000058B0
ATTRDRNE	1173	000058B1
ATTRDRNE	1174	000058B2
ATTRDRNE	1175	000058B3
ATTRDRNE	1177	000058B4
ATTRDRNE	1178	000058B5
ATTRDRNE	1180	000058B6
ATTRDRNE	1181	000058B7
ATTRDRNE	1183	000058B8
ATTRDRNE	1184	000058B9
ATTRDRNE	1185	000058BA
ATTRDRNE	1186	000058BB
ATTRDRNE	1187	000058BC
ATTRDRNE	1188	000058BD
ATTRDRNE	1189	000058BE
ATTRDRNE	1191	000058BF
ATTRDRNE	1192	000058C0
ATTRDRNE	1193	000058C1
ATTRDRNE	1195	000058C2
ATTRDRNE	1196	000058C3
ATTRDRNE	1197	000058C4
ATTRDRNE	1198	000058C5
ATTRDRNE	1200	000058C6
ATTRDRNE	1201	000058C7
ATTRDRNE	1202	000058C8
ATTRDRNE	1203	000058C9
ATTRDRNE	1204	000058CA
ATTRDRNE	1206	000058CB
ATTRDRNE	1207	000058CC
ATTRDRNE	1209	000058CD
ATTRDRNE	1210	000058CE
ATTRDRNE	1211	000058CF
ATTRDRNE	1212	000058D0
ATTRDRNE	1213	000058D1
ATTRDRNE	1216	000058D2
ATTRDRNE	1217	000058D3
ATTRDRNE	1218	000058D4
ATTRDRNE	1219	000058D5
ATTRDRNE	1221	000058D6
ATTRDRNE	1222	000058D7
ATTRDRNE	1223	000058D8
ATTRDRNE	1224	000058D9
ATTRDRNE	1225	000058DA
ATTRDRNE	1226	000058DB
ATTRDRNE	1227	000058DC
ATTRDRNE	1229	000058DD
ATTRDRNE	1231	000058DE
ATTRDRNE	1232	000058DF
ATTRDRNE	1234	000058E0
ATTRDRNE	1235	000058E1
ATTRDRNE	1236	000058E2
ATTRDRNE	1237	000058E3
ATTRDRNE	1238	000058E4
ATTRDRNE	1240	000058E5
ATTRDRNE	1242	000058E6
ATTRDRNE	1244	000058E7
ATTRDRNE	1246	000058E8
ATTRDRNE	1247	000058E9
ATTRDRNE	1248	000058EA
ATTRDRNE	1250	000058EB
ATTRDRNE	1251	000058EC
ATTRDRNE	1252	000058ED
ATTRDRNE	1253	000058EE
ATTRDRNE	1254	000058EF
ATTRDRNE	1256	000058F0
ATTRDRNE	1257	000058F1
ATTRDRNE	1258	000058F2
ATTRDRNE	1261	000058F3
ATTRDRNE	1262	000058F4
ATTRDRNE	1273	000058F5
ATTRDRNE	1275	000058F6
ATTRDRNE	1276	000058F7
ATTRDRNE	1277	000058F8
ATTRDRNE	1278	000058F9
ATTRDRNE	1280	000058FA
ATTRDRNE	1282	000058FB
ATTRDRNE	1283	000058FC
ATTRDRNE	1284	000058FD
ATTRDRNE	1285	000058FE
ATTRDRNE	1287	000058FF
ATTRDRNE	1288	00005900
ATTRDRNE	1290	00005901
ATTRDRNE	1293	00005902
ATTRDRNE	1294	00005903
ATTRDRNE	1295	00005904
ATTRDRNE	1296	00005905
ATTRDRNE	1297	00005906
ATTRDRNE	1298	00005907
ATTRDRNE	1299	00005908
ATTRDRNE	1300	00005909
ATTRDRNE	1301	0000590A
ATTRDRNE	1302	0000590B
ATTRDRNE	1303	0000590C
ATTRDRNE	1305	0000590D
ATTRDRNE	1306	0000590E
ATTRDRNE	1307	0000590F
ATTRDRNE	1309	00005910
ATTRDRNE	1310	00005911
ATTRDRNE	1311	00005912
ATTRDRNE	1312	00005913
ATTRDRNE	1317	00005914
ATTRDRNE	1319	00005915
ATTRDRNE	1320	00005916
ATTRDRNE	1321	00005917
ATTRDRNE	1322	00005918
ATTRDRNE	1324	00005919
ATTRDRNE	1325	0000591A
ATTRDRNE	1327	0000591B
ATTRDRNE	1328	0000591C
ATTRDRNE	1330	0000591D
ATTRDRNE	1331	0000591E
ATTRDRNE	1332	0000591F
ATTRDRNE	1333	00005920
ATTRDRNE	1336	00005921
ATTRDRNE	1337	00005922
ATTRDRNE	1339	00005923
ATTRDRNE	1340	00005924
ATTRDRNE	1341	00005925
ATTRDRNE	1342	00005926
ATTRDRNE	1343	00005927
ATTRDRNE	1344	00005928
ATTRDRNE	1345	00005929
ATTRDRNE	1347	0000592A
ATTRDRNE	1348	0000592B
ATTRDRNE	1349	0000592C
ATTRDRNE	1351	0000592D
ATTRDRNE	1352	0000592E
ATTRDRNE	1353	0000592F
ATTRDRNE	1355	00005930
ATTRDRNE	1356	00005931
ATTRDRNE	1357	00005932
ATTRDRNE	1359	00005933
ATTRDRNE	1360	00005934
ATTRDRNE	1361	00005935
ATTRDRNE	1362	00005936
ATTRDRNE	1363	00005937
ATTRDRNE	1364	00005938
ATTRDRNE	1367	00005939
ATTRDRNE	1368	0000593A
ATTRDRNE	1369	0000593B
ATTRDRNE	1371	0000593C
ATTRDRNE	1376	0000593D
ATTRDRNE	1381	0000593F
ATTRDRNE	1382	00005940
ATTRDRNE	1383	00005941
ATTRDRNE	1384	00005942
ATTRDRNE	1385	00005943
ATTRDRNE	1386	00005944
ATTRDRNE	1387	00005945
ATTRDRNE	1388	00005946
ATTRDRNE	1389	00005947
ATTRDRNE	1390	00005948
ATTRDRNE	1391	00005949
ATTRDRNE	1392	0000594A
ATTRDRNE	1394	0000594B
ATTRDRNE	1395	0000594C
ATTRDRNE	1396	0000594D
ATTRDRNE	1397	0000594E
ATTRDRNE	1398	0000594F
ATTRDRNE	1399	00005950
ATTRDRNE	1401	00005951
ATTRDRNE	1402	00005952
ATTRDRNE	1403	00005953
ATTRDRNE	1404	00005954
ATTRDRNE	1405	00005955
ATTRDRNE	1406	00005956
ATTRDRNE	1407	00005957
ATTRDRNE	1408	00005958
ATTRDRNE	1409	00005959
ATTRDRNE	1410	0000595A
ATTRDRNE	1411	0000595B
ATTRDRNE	1412	0000595C
ATTRDRNE	1414	0000595D
ATTRDRNE	1415	0000595E
ATTRDRNE	1416	0000595F
ATTRDRNE	1417	00005960
ATTRDRNE	1418	00005961
ATTRDRNE	1419	00005962
ATTRDRNE	1420	00005963
ATTRDRNE	1421	00005964
ATTRDRNE	1422	00005965
ATTRDRNE	1423	00005966
ATTRDRNE	1425	00005967
ATTRDRNE	1435	00005968
ATTRDRNE	1436	00005969
ATTRDRNE	1437	0000596A
ATTRDRNE	1438	0000596B
ATTRDRNE	1439	0000596C
ATTRDRNE	1440	0000596D
ATTRDRNE	1441	0000596E
ATTRDRNE	1443	0000596F
ATTRDRNE	1444	00005970
ATTRDRNE	1445	00005971
ATTRDRNE	1446	00005972
ATTRDRNE	1447	00005973
ATTRDRNE	1448	00005974
ATTRDRNE	1449	00005975
ATTRDRNE	1450	00005976
ATTRDRNE	1452	00005977
ATTRDRNE	1453	00005978
ATTRDRNE	1454	00005979
ATTRDRNE	1456	0000597A
ATTRDRNE	1457	0000597B
ATTRDRNE	1459	0000597C
ATTRDRNE	1460	0000597D
ATTRDRNE	1461	0000597E
ATTRDRNE	1462	0000597F
ATTRDRNE	1463	00005980
ATTRDRNE	1466	00005981
ATTRDRNE	1467	00005982
ATTRDRNE	1468	00005983
ATTRDRNE	1469	00005984
ATTRDRNE	1470	00005985
ATTRDRNE	1471	00005986
ATTRDRNE	1472	00005987
ATTRDRNE	1473	00005988
ATTRDRNE	1476	00005989
ATTRDRNE	1477	0000598A
ATTRDRNE	1478	0000598B
ATTRDRNE	1479	0000598C
ATTRDRNE	1523	0000598D
ATTRDRNE	1524	0000598E
ATTRDRNE	1526	0000598F
ATTRDRNE	1527	00005990
ATTRDRNE	1528	00005991
ATTRDRNE	1529	00005992
ATTRDRNE	1531	00005993
ATTRDRNE	1548	00005994
ATTRDRNE	1549	00005995
ATTRDRNE	1559	00005996
ATTRDRNE	1560	00005997
ATTRDRNE	1561	00005998
ATTRDRNE	1562	00005999
ATTRDRNE	1563	0000599A
ATTRDRNE	1565	0000599B
ATTRDRNE	1572	0000599C
ATTRDRNE	1573	0000599E
ATTRDRNE	1574	0000599F
ATTRDRNE	1575	000059A0
ATTRDRNE	1578	000059A2
ATTRDRNE	1579	000059A3
ATTRDRNE	1581	000059A4
ATTRDRNE	1582	000059A5
ATTRDRNE	1584	000059A6
ATTRDRNE	1585	000059A7
ATTRDRNE	1587	000059A8
ATTRDRNE	1588	000059A9
ATTRDRNE	1591	000059AA
ATTRDRNE	1592	000059AB
ATTRDRNE	1593	000059AC
ATTRDRNE	1594	000059AD
ATTRDRNE	1596	000059AE
ATTRDRNE	1597	000059AF
ATTRDRNE	1598	000059B0
ATTRDRNE	1599	000059B1
ATTRDRNE	1601	000059B2
ATTRDRNE	1602	000059B3
ATTRDRNE	1604	000059B4
ATTRDRNE	1605	000059B5
ATTRDRNE	1606	000059B6
ATTRDRNE	1607	000059B7
ATTRDRNE	1608	000059B8
ATTRDRNE	1613	000059B9
ATTRDRNE	1614	000059BA
ATTRDRNE	1615	000059BB
ATTRDRNE	1616	000059BC
ATTRDRNE	1618	000059BD
ATTRDRNE	1619	000059BE
ATTRDRNE	1620	000059BF
ATTRDRNE	1622	000059C0
ATTRDRNE	1623	000059C1
ATTRDRNE	1624	000059C2
ATTRDRNE	1625	000059C3
ATTRDRNE	1626	000059C4
ATTRDRNE	1627	000059C5
ATTRDRNE	1628	000059C6
ATTRDRNE	1629	000059C7
ATTRDRNE	1631	000059C8
ATTRDRNE	1632	000059C9
ATTRDRNE	1634	000059CA
ATTRDRNE	1635	000059CB
ATTRDRNE	1636	000059CC
ATTRDRNE	1637	000059CD
ATTRDRNE	1639	000059CE
ATTRDRNE	1641	000059D1
ATTRDRNE	1643	000059D2
ATTRDRNE	1644	000059D3
ATTRDRNE	1646	000059D4
ATTRDRNE	1647	000059D5
ATTRDRNE	1648	000059D6
ATTRDRNE	1649	000059D7
ATTRDRNE	1650	000059D8
ATTRDRNE	1652	000059D9
ATTRDRNE	1656	000059DA
ATTRDRNE	1657	000059DD
ATTRDRNE	1658	000059E0
ATTRDRNE	1659	000059E3
ATTRDRNE	1661	000059E6
ATTRDRNE	1662	000059E7
ATTRDRNE	1664	000059E8
ATTRDRNE	1665	000059E9
ATTRDRNE	1666	000059EC
ATTRDRNE	1667	000059ED
ATTRDRNE	1669	000059F0
ATTRDRNE	1670	000059F1
ATTRDRNE	1672	000059F4
ATTRDRNE	1673	000059F5
ATTRDRNE	1675	000059F8
ATTRDRNE	1676	000059F9
ATTRDRNE	1677	000059FC
ATTRDRNE	1679	000059FD
ATTRDRNE	1680	000059FE
ATTRDRNE	1682	00005A01
ATTRDRNE	1683	00005A02
ATTRDRNE	1684	00005A05
ATTRDRNE	1685	00005A06
ATTRDRNE	1687	00005A09
ATTRDRNE	1688	00005A0A
ATTRDRNE	1690	00005A0D
ATTRDRNE	1694	00005A0E
ATTRDRNE	1695	00005A0F
ATTRDRNE	1696	00005A10
ATTRDRNE	1705	00005A11
ATTRDRNE	1706	00005A12
ATTRDRNE	1707	00005A13
ATTRDRNE	1708	00005A14
AUDITS	65	00001419
AUDITS	66	0000141B
AUDITS	67	0000141C
AUDITS	68	0000141E
AUDITS	69	0000141F
AUDITS	70	00001420
AUDITS	72	00001421
AUDITS	74	00001423
AUDITS	76	00001424
AUDITS	77	00001425
AUDITS	89	00001426
AUDITS	90	00001428
AUDITS	91	00001429
AUDITS	92	0000142B
AUDITS	93	0000142C
AUDITS	95	0000142E
AUDITS	96	0000142F
AUDITS	223	000014D0
AUDITS	225	000014D1
AUDITS	227	000014D2
AUDITS	228	000014D3
AUDITS	230	000014D7
AUDITS	231	000014D8
AUDITS	233	000014D9
AUDITS	234	000014DA
AUDITS	236	000014DE
AUDITS	237	000014DF
AUDITS	240	000014F7
AUDITS	242	000014F8
AUDITS	243	000014FE
AUDITS	245	000014FF
AUDITS	246	00001500
AUDITS	247	00001501
AUDITS	248	00001502
AUDITS	249	00001503
AUDITS	250	00001504
AUDITS	251	00001505
AUDITS	252	00001506
AUDITS	255	00001507
AUDITS	256	00001508
AUDITS	257	00001509
AUDITS	258	0000150A
AUDITS	259	0000150B
AUDITS	260	0000150C
AUDITS	261	0000150D
AUDITS	263	0000150E
AUDITS	265	0000150F
AUDITS	266	00001510
AUDITS	267	00001511
AUDITS	270	00001512
AUDITS	271	00001513
AUDITS	272	00001514
AUDITS	273	00001515
AUDITS	275	00001516
AUDITS	276	00001517
AUDITS	277	00001518
AUDITS	278	00001519
AUDITS	279	0000151A
AUDITS	280	0000151B
AUDITS	281	0000151C
AUDITS	285	0000151D
AUDITS	286	0000151E
AUDITS	289	0000151F
AUDITS	290	00001520
AUDITS	291	00001521
AUDITS	292	00001522
AUDITS	294	00001523
AUDITS	296	00001524
AUDITS	297	00001525
AUDITS	298	00001526
AUDITS	299	00001527
AUDITS	300	00001528
AUDITS	301	00001529
AUDITS	317	0000152A
AUDITS	320	0000152B
AUDITS	321	0000152C
AUDITS	322	0000152D
AUDITS	324	0000152E
AUDITS	325	0000152F
AUDITS	326	00001530
AUDITS	328	00001531
AUDITS	329	00001532
AUDITS	330	00001533
AUDITS	331	00001534
AUDITS	334	00001535
AUDITS	335	00001536
AUDITS	337	00001537
AUDITS	338	00001538
AUDITS	341	00001539
AUDITS	342	0000153A
AUDITS	343	0000153B
AUDITS	344	0000153C
AUDITS	346	0000153D
AUDITS	347	0000153E
AUDITS	349	0000153F
AUDITS	350	00001540
AUDITS	351	00001541
AUDITS	352	00001542
AUDITS	353	00001543
AUDITS	356	00001544
AUDITS	357	00001545
AUDITS	358	00001546
AUDITS	359	00001547
AUDITS	361	00001548
AUDITS	366	00001549
AUDITS	367	0000154A
AUDITS	368	0000154B
AUDITS	369	0000154C
BACKGRND	86	00003F80
BACKGRND	87	00003F81
BACKGRND	88	00003F82
BACKGRND	89	00003F83
BACKGRND	91	00003F84
BACKGRND	92	00003F85
BACKGRND	94	00003F86
BACKGRND	95	00003F87
BACKGRND	96	00003F88
BACKGRND	97	00003F89
BACKGRND	98	00003F8A
BACKGRND	99	00003F8B
BACKGRND	100	00003F8C
BACKGRND	101	00003F8D
BACKGRND	102	00003F8E
BACKGRND	103	00003F8F
BACKGRND	104	00003F90
BACKGRND	107	00003F91
BACKGRND	108	00003F92
BACKGRND	109	00003F93
BACKGRND	110	00003F94
BACKGRND	113	00003F95
BACKGRND	114	00003F96
BACKGRND	115	00003F97
BACKGRND	116	00003F98
BACKGRND	117	00003F99
BACKGRND	118	00003F9A
BACKGRND	119	00003F9B
BACKGRND	120	00003F9C
BACKGRND	121	00003F9D
BACKGRND	131	00003F9E
BACKGRND	132	00003F9F
BACKGRND	133	00003FA0
BACKGRND	134	00003FA1
BACKGRND	135	00003FA2
BACKGRND	136	00003FA3
BACKGRND	157	00003FA4
BACKGRND	158	00003FA5
BACKGRND	162	00003FA6
BACKGRND	163	00003FA7
BACKGRND	164	00003FA8
BACKGRND	166	00003FA9
BACKGRND	167	00003FAA
BACKGRND	168	00003FAB
BACKGRND	170	00003FAC
BACKGRND	171	00003FAD
BACKGRND	172	00003FAE
BACKGRND	173	00003FAF
BACKGRND	174	00003FB0
BACKGRND	178	00003FB1
BACKGRND	179	00003FB2
BACKGRND	180	00003FB3
BACKGRND	181	00003FB4
BACKGRND	182	00003FB5
BACKGRND	183	00003FB6
BACKGRND	184	00003FB7
BACKGRND	185	00003FB8
BACKGRND	186	00003FB9
BACKGRND	187	00003FBA
BACKGRND	188	00003FBB
BACKGRND	190	00003FBC
BACKGRND	191	00003FBD
BACKGRND	194	00003FBE
BACKGRND	196	00003FC1
BACKGRND	197	00003FC2
BACKGRND	198	00003FC3
BACKGRND	199	00003FC4
BACKGRND	200	00003FC5
BACKGRND	201	00003FC6
BACKGRND	203	00003FC7
BACKGRND	204	00003FC8
BACKGRND	205	00003FC9
BACKGRND	206	00003FCA
BACKGRND	207	00003FCB
BACKGRND	208	00003FCC
BACKGRND	209	00003FCD
BACKGRND	218	00003FCE
BACKGRND	219	00003FCF
BACKGRND	220	00003FD0
BACKGRND	222	00003FD1
BACKGRND	223	00003FD2
BACKGRND	224	00003FD3
BACKGRND	225	00003FD4
BACKGRND	226	00003FD5
BACKGRND	227	00003FD6
BACKGRND	228	00003FD7
BACKGRND	229	00003FD8
BACKGRND	230	00003FD9
BACKGRND	231	00003FDA
BACKGRND	232	00003FDB
BACKGRND	234	00003FDC
BACKGRND	236	00003FDF
BACKGRND	237	00003FE0
BACKGRND	238	00003FE1
BACKGRND	239	00003FE2
BACKGRND	240	00003FE3
BACKGRND	241	00003FE4
BACKGRND	242	00003FE5
BACKGRND	243	00003FE6
BACKGRND	244	00003FE7
BACKGRND	245	00003FE8
BACKGRND	246	00003FE9
BACKGRND	247	00003FEA
BACKGRND	249	00003FEB
BACKGRND	250	00003FEC
BACKGRND	251	00003FED
BACKGRND	253	00003FEE
BACKGRND	254	00003FF1
BACKGRND	270	00003FF2
BACKGRND	274	00003FF4
BACKGRND	275	00003FF5
BACKGRND	276	00003FF6
BACKGRND	277	00003FF7
BACKGRND	278	00003FF8
BACKGRND	279	00003FF9
BACKGRND	294	00003FFA
BACKGRND	295	00003FFB
BACKGRND	296	00003FFC
BACKGRND	297	00003FFD
BACKGRND	299	00003FFE
BACKGRND	300	00003FFF
BACKGRND	301	00004000
BACKGRND	302	00004001
BACKGRND	303	00004002
BACKGRND	304	00004003
BACKGRND	305	00004004
BACKGRND	308	00004005
BACKGRND	309	00004006
BACKGRND	310	00004007
BACKGRND	311	00004008
BACKGRND	312	00004009
BACKGRND	313	0000400A
BACKGRND	316	0000400B
BACKGRND	317	0000400C
BACKGRND	318	0000400D
BACKGRND	320	0000400E
BACKGRND	321	0000400F
BACKGRND	322	00004010
BACKGRND	323	00004011
BACKGRND	324	00004012
BACKGRND	325	00004013
BACKGRND	326	00004014
BACKGRND	327	00004015
BACKGRND	328	00004016
BACKGRND	329	00004017
BACKGRND	330	00004018
BACKGRND	331	00004019
BACKGRND	356	0000401A
BACKGRND	357	0000401B
BACKGRND	358	0000401C
BACKGRND	359	0000401D
BACKGRND	360	0000401E
BACKGRND	362	0000401F
BACKGRND	363	00004020
BACKGRND	365	00004021
BACKGRND	366	00004022
BACKGRND	368	00004023
BACKGRND	369	00004024
BACKGRND	370	00004025
BACKGRND	371	00004026
BACKGRND	372	00004027
BACKGRND	373	00004028
BACKGRND	374	00004029
BACKGRND	375	0000402A
BACKGRND	376	0000402B
BACKGRND	378	0000402C
BACKGRND	379	0000402D
BACKGRND	381	0000402E
BACKGRND	384	00004031
BACKGRND	385	00004032
BACKGRND	386	00004033
BACKGRND	387	00004034
BACKGRND	388	00004035
BACKGRND	389	00004036
BACKGRND	390	00004037
BACKGRND	391	00004038
BACKGRND	392	00004039
BACKGRND	393	0000403A
BACKGRND	394	0000403B
BACKGRND	411	0000403C
BACKGRND	412	0000403D
BACKGRND	413	0000403E
BACKGRND	414	0000403F
BACKGRND	417	00004040
BACKGRND	418	00004041
BACKGRND	419	00004042
BACKGRND	421	00004043
BACKGRND	422	00004044
BACKGRND	423	00004045
BACKGRND	424	00004046
BACKGRND	426	00004047
BACKGRND	427	00004048
BACKGRND	428	00004049
BACKGRND	430	0000404A
BACKGRND	431	0000404B
BACKGRND	434	0000404C
BACKGRND	435	0000404D
BACKGRND	437	0000404E
BACKGRND	438	0000404F
BACKGRND	439	00004050
BACKGRND	440	00004051
BACKGRND	441	00004052
BACKGRND	450	00004053
BACKGRND	451	00004054
BACKGRND	456	00004055
BACKGRND	457	00004056
BACKGRND	458	00004057
BACKGRND	459	00004058
BACKGRND	462	00004059
BACKGRND	463	0000405A
BACKGRND	464	0000405B
BACKGRND	466	0000405C
BACKGRND	467	0000405D
BACKGRND	469	0000405E
BACKGRND	470	0000405F
BACKGRND	472	00004060
BACKGRND	473	00004061
BACKGRND	475	00004062
BACKGRND	476	00004063
BACKGRND	479	00004064
BACKGRND	492	00004067
BACKGRND	493	00004069
BACKGRND	515	0000406B
BACKGRND	516	0000406C
BACKGRND	517	0000406D
BACKGRND	518	0000406E
BACKGRND	519	0000406F
BACKGRND	520	00004070
BACKGRND	521	00004071
BACKGRND	522	00004072
BACKGRND	524	00004073
BACKGRND	525	00004074
BACKGRND	526	00004075
BACKGRND	529	00004076
BACKGRND	530	00004077
BACKGRND	532	00004078
BACKGRND	533	00004079
BACKGRND	534	0000407A
BACKGRND	535	0000407B
BACKGRND	536	0000407C
BACKGRND	540	0000407D
BACKGRND	541	0000407E
BACKGRND	542	0000407F
BACKGRND	544	00004080
BACKGRND	545	00004081
BACKGRND	546	00004082
BACKGRND	547	00004083
BACKGRND	549	00004084
BACKGRND	550	00004085
BACKGRND	551	00004086
BACKGRND	553	00004087
BACKGRND	554	00004088
BACKGRND	555	00004089
BACKGRND	557	0000408A
BACKGRND	558	0000408B
BACKGRND	560	0000408C
BACKGRND	561	0000408D
BACKGRND	562	0000408E
BACKGRND	563	0000408F
BACKGRND	564	00004090
BACKGRND	570	00004091
BACKGRND	571	00004092
BACKGRND	573	00004093
BACKGRND	574	00004094
BACKGRND	575	00004095
BACKGRND	577	00004096
BACKGRND	578	00004097
BACKGRND	579	00004098
BACKGRND	580	00004099
BACKGRND	583	0000409A
BACKGRND	584	0000409B
BACKGRND	585	0000409C
BACKGRND	586	0000409D
BACKGRND	587	0000409E
BACKGRND	588	0000409F
BACKGRND	589	000040A0
BACKGRND	590	000040A1
BACKGRND	593	000040A2
BACKGRND	594	000040A3
BACKGRND	595	000040A4
BACKGRND	596	000040A5
BACKGRND	597	000040A6
BACKGRND	598	000040A7
BACKGRND	599	000040A8
BACKGRND	601	000040A9
BACKGRND	602	000040AA
BACKGRND	605	000040AB
BACKGRND	606	000040AC
BACKGRND	607	000040AD
BACKGRND	609	000040AE
BACKGRND	610	000040AF
BACKGRND	613	000040B0
BACKGRND	614	000040B1
BACKGRND	615	000040B2
BACKGRND	616	000040B3
BACKGRND	618	000040B4
BACKGRND	620	000040B5
BACKGRND	622	000040B6
BACKGRND	624	000040B7
BACKGRND	628	000040B8
BACKGRND	629	000040B9
BACKGRND	631	000040BA
BACKGRND	633	000040BB
BACKGRND	635	000040BC
BACKGRND	636	000040BD
BACKGRND	637	000040BE
BACKGRND	640	000040BF
BACKGRND	641	000040C0
BACKGRND	642	000040C1
BACKGRND	643	000040C2
BACKGRND	644	000040C3
BACKGRND	645	000040C4
BACKGRND	646	000040C5
BACKGRND	647	000040C6
BACKGRND	648	000040C7
BACKGRND	655	000040C8
BACKGRND	656	000040C9
BACKGRND	657	000040CA
BACKGRND	658	000040CB
BACKGRND	661	000040CC
BACKGRND	662	000040CD
BACKGRND	663	000040CE
BACKGRND	664	000040CF
BACKGRND	665	000040D0
BACKGRND	666	000040D1
BACKGRND	667	000040D2
BACKGRND	668	000040D3
BACKGRND	669	000040D4
BACKGRND	671	000040D5
BACKGRND	675	000040D6
BACKGRND	676	000040D7
BACKGRND	677	000040D8
BACKGRND	678	000040D9
BACKGRND	679	000040DA
BACKGRND	682	000040DB
BACKGRND	683	000040DC
BACKGRND	684	000040DD
BACKGRND	685	000040DE
BACKGRND	686	000040DF
BACKGRND	687	000040E0
BACKGRND	688	000040E1
BACKGRND	689	000040E2
BACKGRND	690	000040E3
BACKGRND	691	000040E4
BACKGRND	694	000040E5
BACKGRND	695	000040E6
BACKGRND	696	000040E7
BACKGRND	697	000040E8
BACKGRND	698	000040E9
BACKGRND	699	000040EA
BACKGRND	700	000040EB
BACKGRND	704	000040EC
BACKGRND	705	000040ED
BACKGRND	706	000040EE
BACKGRND	707	000040EF
BACKGRND	708	000040F0
BACKGRND	709	000040F1
BACKGRND	712	000040F2
BACKGRND	713	000040F3
BACKGRND	714	000040F4
BACKGRND	715	000040F5
BACKGRND	716	000040F6
BACKGRND	717	000040F7
BACKGRND	718	000040F8
BACKGRND	719	000040F9
BACKGRND	720	000040FA
BACKGRND	721	000040FB
BACKGRND	724	000040FC
BACKGRND	725	000040FD
BACKGRND	726	000040FE
BACKGRND	727	000040FF
BACKGRND	728	00004100
BACKGRND	729	00004101
BACKGRND	732	00004102
BACKGRND	733	00004103
BACKGRND	734	00004104
BACKGRND	735	00004105
BACKGRND	742	00004106
BACKGRND	743	00004107
BACKGRND	747	00004108
BACKGRND	748	00004109
BACKGRND	749	0000410A
BACKGRND	751	0000410B
BACKGRND	752	0000410C
BACKGRND	753	0000410D
BACKGRND	754	0000410E
BACKGRND	755	0000410F
BACKGRND	758	00004110
BACKGRND	759	00004111
BACKGRND	763	00004112
BACKGRND	764	00004113
BACKGRND	774	00004114
BACKGRND	775	00004115
BACKGRND	776	00004116
BACKGRND	777	00004117
BACKGRND	779	00004118
BACKGRND	780	00004119
BACKGRND	781	0000411A
BACKGRND	783	0000411B
BACKGRND	784	0000411C
BACKGRND	785	0000411D
BACKGRND	786	0000411E
BACKGRND	787	0000411F
BACKGRND	790	00004120
BACKGRND	791	00004121
BACKGRND	792	00004122
BACKGRND	793	00004123
BACKGRND	794	00004124
BACKGRND	795	00004125
BACKGRND	796	00004126
BACKGRND	797	00004127
BACKGRND	798	00004128
BACKGRND	799	00004129
BACKGRND	802	0000412A
BACKGRND	803	0000412B
BACKGRND	804	0000412C
BACKGRND	805	0000412D
BACKGRND	806	0000412E
BACKGRND	807	0000412F
BACKGRND	808	00004130
BACKGRND	809	00004131
BACKGRND	810	00004132
BACKGRND	811	00004133
BACKGRND	814	00004134
BACKGRND	815	00004135
BACKGRND	821	00004136
BACKGRND	822	00004137
BACKGRND	824	00004138
BACKGRND	825	00004139
BACKGRND	827	0000413A
BACKGRND	828	0000413B
BACKGRND	829	0000413C
BACKGRND	830	0000413D
BACKGRND	833	0000413E
BACKGRND	834	0000413F
BACKGRND	836	00004140
BACKGRND	837	00004141
BACKGRND	840	00004142
BACKGRND	841	00004143
BACKGRND	842	00004144
BACKGRND	844	00004145
BACKGRND	845	00004146
BACKGRND	846	00004147
BACKGRND	847	00004148
BACKGRND	849	00004149
BACKGRND	850	0000414A
BACKGRND	855	0000414B
BACKGRND	856	0000414C
BACKGRND	859	0000414D
BACKGRND	861	0000414E
BACKGRND	862	0000414F
BACKGRND	864	00004150
BACKGRND	865	00004151
BACKGRND	867	00004152
BACKGRND	868	00004153
BACKGRND	869	00004154
BACKGRND	872	00004155
BACKGRND	873	00004156
BACKGRND	875	00004157
BACKGRND	876	00004158
BACKGRND	878	00004159
BACKGRND	880	0000415A
BACKGRND	882	0000415B
BACKGRND	884	0000415C
BACKGRND	886	0000415D
BACKGRND	887	0000415E
BACKGRND	889	0000415F
BACKGRND	890	00004160
BACKGRND	892	00004161
BACKGRND	893	00004162
BACKGRND	894	00004163
BACKGRND	896	00004164
BACKGRND	897	00004165
BACKGRND	898	00004166
BACKGRND	899	00004167
BACKGRND	901	00004168
BACKGRND	902	00004169
BACKGRND	904	0000416A
BACKGRND	905	0000416B
BACKGRND	907	0000416C
BACKGRND	908	0000416D
BACKGRND	909	0000416E
BACKGRND	910	0000416F
BACKGRND	911	00004170
BACKGRND	914	00004171
BACKGRND	917	00004172
BACKGRND	918	00004173
BACKGRND	919	00004174
BACKGRND	922	00004175
BACKGRND	923	00004176
BACKGRND	925	00004177
BACKGRND	927	00004178
BACKGRND	929	00004179
BACKGRND	931	0000417A
BACKGRND	935	0000417B
BACKGRND	936	0000417C
BACKGRND	938	0000417D
BACKGRND	939	0000417E
BACKGRND	941	0000417F
BACKGRND	942	00004180
BACKGRND	943	00004181
BACKGRND	945	00004182
BACKGRND	946	00004183
BACKGRND	947	00004184
BACKGRND	948	00004185
BACKGRND	951	00004186
BACKGRND	954	00004187
BACKGRND	955	00004188
BACKGRND	957	00004189
BACKGRND	958	0000418A
BACKGRND	959	0000418B
BACKGRND	960	0000418C
BACKGRND	961	0000418D
BACKGRND	964	0000418E
BACKGRND	965	0000418F
BACKGRND	968	00004190
BACKGRND	969	00004191
BACKGRND	970	00004192
BACKGRND	972	00004193
BACKGRND	973	00004194
BACKGRND	975	00004195
BACKGRND	977	00004196
BACKGRND	979	00004197
BACKGRND	981	00004198
BACKGRND	996	00004199
BACKGRND	997	0000419A
BACKGRND	998	0000419B
BACKGRND	1002	0000419C
BACKGRND	1003	0000419D
BACKGRND	1006	0000419E
BACKGRND	1008	0000419F
BACKGRND	1009	000041A0
BACKGRND	1010	000041A1
BACKGRND	1011	000041A2
BACKGRND	1012	000041A3
BACKGRND	1013	000041A4
BACKGRND	1014	000041A5
BACKGRND	1015	000041A6
BACKGRND	1016	000041A7
BACKGRND	1037	000041A8
BACKGRND	1038	000041A9
BACKGRND	1039	000041AA
BACKGRND	1041	000041AB
BACKGRND	1042	000041AC
BACKGRND	1043	000041AD
BACKGRND	1044	000041AE
BACKGRND	1045	000041AF
BACKGRND	1049	000041B0
BACKGRND	1050	000041B1
BACKGRND	1051	000041B2
BACKGRND	1053	000041B3
BACKGRND	1054	000041B4
BACKGRND	1055	000041B5
BACKGRND	1057	000041B6
BACKGRND	1058	000041B7
BACKGRND	1059	000041B8
BACKGRND	1062	000041B9
BACKGRND	1063	000041BA
BACKGRND	1065	000041BB
BACKGRND	1066	000041BC
BACKGRND	1067	000041BD
BACKGRND	1069	000041BE
BACKGRND	1070	000041BF
BACKGRND	1071	000041C0
BACKGRND	1072	000041C1
BACKGRND	1074	000041C2
BACKGRND	1082	000041C3
BACKGRND	1083	000041C4
BACKGRND	1084	000041C5
BACKGRND	1089	000041C6
BACKGRND	1091	000041C7
BACKGRND	1092	000041C8
BACKGRND	1093	000041C9
BACKGRND	1094	000041CA
BACKGRND	1096	000041CB
BACKGRND	1097	000041CC
BACKGRND	1098	000041CD
BACKGRND	1099	000041CE
BACKGRND	1125	000041CF
BACKGRND	1126	000041D0
BACKGRND	1127	000041D1
BACKGRND	1129	000041D2
BACKGRND	1130	000041D3
BACKGRND	1132	000041D4
BACKGRND	1133	000041D5
BACKGRND	1135	000041D6
BACKGRND	1136	000041D7
BACKGRND	1138	000041D8
BACKGRND	1139	000041D9
BACKGRND	1142	000041DA
BACKGRND	1143	000041DB
BACKGRND	1145	000041DC
BACKGRND	1146	000041DD
BACKGRND	1148	000041DE
BACKGRND	1151	000041DF
BACKGRND	1152	000041E0
BACKGRND	1153	000041E1
BACKGRND	1173	000041E2
BACKGRND	1174	000041E3
BACKGRND	1175	000041E4
BACKGRND	1176	000041E5
BACKGRND	1178	000041E6
BACKGRND	1179	000041E7
BACKGRND	1181	000041E8
BACKGRND	1182	000041E9
BACKGRND	1184	000041EA
BACKGRND	1185	000041EB
BACKGRND	1186	000041EC
BACKGRND	1187	000041ED
BACKGRND	1188	000041EE
BACKGRND	1191	000041EF
BACKGRND	1192	000041F0
BACKGRND	1193	000041F1
BACKGRND	1195	000041F2
BACKGRND	1196	000041F3
BACKGRND	1197	000041F4
BACKGRND	1199	000041F5
BACKGRND	1200	000041F6
BACKGRND	1204	000041F7
BACKGRND	1205	000041F8
BACKGRND	1210	000041F9
BACKGRND	1211	000041FA
BACKGRND	1212	000041FB
BACKGRND	1214	000041FC
BACKGRND	1215	000041FD
BACKGRND	1216	000041FE
BACKGRND	1218	000041FF
BACKGRND	1219	00004200
BACKGRND	1220	00004201
BACKGRND	1222	00004202
BACKGRND	1223	00004203
BACKGRND	1224	00004204
BACKGRND	1226	00004205
BACKGRND	1227	00004206
BACKGRND	1228	00004207
BACKGRND	1230	00004208
BACKGRND	1232	00004209
BACKGRND	1233	0000420A
BACKGRND	1234	0000420B
BACKGRND	1237	0000420C
BACKGRND	1238	0000420D
BACKGRND	1239	0000420E
BACKGRND	1241	0000420F
BACKGRND	1242	00004210
BACKGRND	1243	00004211
BACKGRND	1244	00004212
BACKGRND	1245	00004213
BACKGRND	1247	00004214
BACKGRND	1265	00004215
BACKGRND	1266	00004216
BACKGRND	1267	00004217
BACKGRND	1268	00004218
BACKGRND	1269	00004219
BACKGRND	1270	0000421A
BACKGRND	1271	0000421B
BACKGRND	1274	0000421C
BACKGRND	1275	0000421D
BACKGRND	1276	0000421E
BACKGRND	1277	0000421F
BACKGRND	1279	00004220
BACKGRND	1280	00004221
BACKGRND	1281	00004222
BACKGRND	1301	00004223
BACKGRND	1302	00004224
BACKGRND	1303	00004225
BACKGRND	1304	00004226
BACKGRND	1305	00004227
BACKGRND	1306	00004228
BACKGRND	1307	00004229
BACKGRND	1308	0000422A
BACKGRND	1309	0000422B
BACKGRND	1310	0000422C
BACKGRND	1311	0000422D
BACKGRND	1312	0000422E
BACKGRND	1313	0000422F
BACKGRND	1315	00004230
BACKGRND	1316	00004231
BACKGRND	1317	00004232
BACKGRND	1318	00004233
BACKGRND	1319	00004234
BACKGRND	1320	00004235
BACKGRND	1327	00004236
BACKGRND	1328	00004237
BACKGRND	1329	00004238
BACKGRND	1330	00004239
BACKGRND	1331	0000423C
BACKGRND	1332	0000423D
BACKGRND	1333	0000423E
BACKGRND	1334	0000423F
BACKGRND	1335	00004240
BACKGRND	1336	00004241
BACKGRND	1337	00004242
BACKGRND	1338	00004243
BACKGRND	1340	00004244
BACKGRND	1341	00004246
BACKGRND	1342	00004247
BACKGRND	1343	00004248
BACKGRND	1344	00004249
BACKGRND	1345	0000424A
BACKGRND	1346	0000424B
BACKGRND	1347	0000424C
BACKGRND	1348	0000424D
BACKGRND	1357	00004253
BACKGRND	1358	00004255
BACKGRND	1359	00004256
BACKGRND	1362	00004257
BACKGRND	1363	00004258
BACKGRND	1364	00004259
BACKGRND	1366	0000425A
BACKGRND	1367	0000425B
BACKGRND	1368	0000425C
BACKGRND	1369	0000425D
BACKGRND	1371	0000425E
BACKGRND	1372	0000425F
BACKGRND	1373	00004260
BACKGRND	1375	00004261
BACKGRND	1376	00004262
BACKGRND	1377	00004263
BACKGRND	1379	00004264
BACKGRND	1380	00004265
BACKGRND	1381	00004266
BACKGRND	1384	00004267
BACKGRND	1385	00004268
BACKGRND	1386	00004269
BACKGRND	1387	0000426A
BACKGRND	1388	0000426B
BACKGRND	1389	0000426C
BACKGRND	1392	0000426D
BACKGRND	1393	0000426F
BACKGRND	1395	00004270
BACKGRND	1396	00004271
BACKGRND	1398	00004272
BACKGRND	1399	00004273
BACKGRND	1400	00004274
BACKGRND	1401	00004275
BACKGRND	1403	00004276
BACKGRND	1404	00004277
BACKGRND	1405	00004278
BACKGRND	1407	00004279
BACKGRND	1408	0000427A
BACKGRND	1409	0000427B
BACKGRND	1411	0000427C
BACKGRND	1412	0000427D
BACKGRND	1413	0000427E
BACKGRND	1418	0000427F
BACKGRND	1419	00004281
BACKGRND	1420	00004282
BACKGRND	1421	00004283
BACKGRND	1423	00004284
BACKGRND	1424	00004286
BACKGRND	1425	00004287
BACKGRND	1426	00004288
BACKGRND	1429	00004289
BACKGRND	1430	0000428A
BACKGRND	1431	0000428B
BACKGRND	1432	0000428C
BACKGRND	1434	0000428D
BACKGRND	1435	0000428E
BACKGRND	1436	0000428F
BACKGRND	1437	00004290
BACKGRND	1440	00004291
BACKGRND	1441	00004292
BACKGRND	1442	00004293
BACKGRND	1444	00004294
BACKGRND	1445	00004295
BACKGRND	1446	00004296
BACKGRND	1448	00004297
BACKGRND	1449	00004298
BACKGRND	1450	00004299
BACKGRND	1451	0000429A
BACKGRND	1452	0000429C
BACKGRND	1458	0000429D
BACKGRND	1459	0000429E
BACKGRND	1460	0000429F
BACKGRND	1461	000042A0
BACKGRND	1462	000042A1
BACKGRND	1463	000042A2
BACKGRND	1465	000042A3
BACKGRND	1472	000042A4
BACKGRND	1473	000042A5
BACKGRND	1474	000042A6
BACKGRND	1475	000042A7
BACKGRND	1476	000042A8
BACKGRND	1477	000042A9
BACKGRND	1478	000042AA
BACKGRND	1479	000042AB
BACKGRND	1480	000042AC
BACKGRND	1484	000042AD
BACKGRND	1485	000042AE
BACKGRND	1486	000042AF
BACKGRND	1487	000042B0
BACKGRND	1488	000042B1
BACKGRND	1489	000042B2
BACKGRND	1490	000042B3
BACKGRND	1491	000042B4
BACKGRND	1492	000042B5
BACKGRND	1516	000042D4
BACKGRND	1517	000042D5
BACKGRND	1518	000042D6
BACKGRND	1519	000042D7
BACKGRND	1520	000042D8
BACKGRND	1521	000042D9
BACKGRND	1523	000042DA
BACKGRND	1524	000042DB
BACKGRND	1525	000042DE
BACKGRND	1526	000042DF
BACKGRND	1532	000042E7
BACKGRND	1533	000042E8
BACKGRND	1534	000042E9
BACKGRND	1535	000042EA
BACKGRND	1536	000042EB
BACKGRND	1537	000042EC
BACKGRND	1539	000042ED
BACKGRND	1540	000042EE
BACKGRND	1541	000042F1
BACKGRND	1542	000042F2
BACKGRND	1550	000042FF
BACKGRND	1551	00004300
BACKGRND	1552	00004301
BACKGRND	1553	00004302
BACKGRND	1554	00004303
BACKGRND	1555	00004304
BACKGRND	1557	00004305
BACKGRND	1559	00004308
BACKGRND	1560	00004309
BACKGRND	1561	0000430C
BACKGRND	1562	0000430D
BACKGRND	1563	0000430E
BACKGRND	1564	0000430F
BACKGRND	1565	00004310
BACKGRND	1566	00004311
BACKGRND	1567	00004312
BACKGRND	1568	00004313
BACKGRND	1569	00004314
BACKGRND	1570	00004315
BACKGRND	1571	00004316
BACKGRND	1572	00004317
BACKGRND	1573	00004318
BACKGRND	1586	00004319
BACKGRND	1588	0000431A
BACKGRND	1589	0000431B
BACKGRND	1590	0000431C
BACKGRND	1592	0000431D
BACKGRND	1593	0000431F
BACKGRND	1594	00004320
BACKGRND	1595	00004321
BACKGRND	1596	00004322
BACKGRND	1597	00004323
BACKGRND	1607	00004324
BACKGRND	1608	00004326
BACKGRND	1609	00004327
BACKGRND	1610	00004328
BACKGRND	1612	00004329
BACKGRND	1613	0000432A
BACKGRND	1615	0000432B
BACKGRND	1616	0000432C
BACKGRND	1618	0000432D
BACKGRND	1619	0000432E
BACKGRND	1620	0000432F
BACKGRND	1622	00004330
BACKGRND	1623	00004331
BACKGRND	1624	00004332
BACKGRND	1626	00004333
BACKGRND	1627	00004334
BACKGRND	1628	00004335
BACKGRND	1629	00004336
BACKGRND	1630	00004337
BACKGRND	1631	00004338
BACKGRND	1632	00004339
BACKGRND	1634	0000433A
BACKGRND	1635	0000433B
BACKGRND	1637	0000433C
BACKGRND	1638	0000433D
BACKGRND	1640	0000433E
BACKGRND	1641	0000433F
BACKGRND	1643	00004340
BACKGRND	1656	00004341
BACKGRND	1657	00004342
BACKGRND	1658	00004343
BACKGRND	1659	00004344
BACKGRND	1660	00004345
BACKGRND	1662	00004346
BACKGRND	1663	00004347
BACKGRND	1665	00004348
BACKGRND	1666	00004349
BACKGRND	1667	0000434A
BACKGRND	1668	0000434B
BACKGRND	1670	0000434C
BACKGRND	1671	0000434D
BACKGRND	1673	0000434E
BACKGRND	1674	0000434F
BACKGRND	1675	00004350
BACKGRND	1678	00004351
BACKGRND	1712	00004377
BACKGRND	1713	00004378
BACKGRND	1714	00004379
BACKGRND	1715	0000437A
BACKGRND	1716	0000437B
BACKGRND	1717	0000437C
BACKGRND	1719	0000437D
BACKGRND	1720	0000437E
BACKGRND	1721	00004380
BACKGRND	1722	00004381
BACKGRND	1723	00004382
BACKGRND	1725	00004383
BACKGRND	1726	00004384
BACKGRND	1728	00004385
BACKGRND	1729	00004386
BACKGRND	1731	00004387
BACKGRND	1732	00004388
BACKGRND	1733	00004389
BACKGRND	1734	0000438A
BACKGRND	1735	0000438B
BACKGRND	1736	0000438C
BACKGRND	1737	0000438D
BACKGRND	1738	0000438E
BACKGRND	1739	0000438F
BACKGRND	1740	00004390
BACKGRND	1741	00004391
BACKGRND	1742	00004392
BACKGRND	1743	00004393
BACKGRND	1744	00004394
BACKGRND	1745	00004395
BACKGRND	1747	00004396
BACKGRND	1748	00004397
BACKGRND	1749	00004398
BACKGRND	1752	00004399
BACKGRND	1753	0000439A
BACKGRND	1754	0000439D
BACKGRND	1755	0000439E
BACKGRND	1762	0000439F
BACKGRND	1763	000043A0
BACKGRND	1764	000043A1
BACKGRND	1765	000043A2
BACKGRND	1766	000043A3
BACKGRND	1767	000043A4
BACKGRND	1768	000043A5
BACKGRND	1769	000043A6
BACKGRND	1771	000043A7
BACKGRND	1772	000043A8
BACKGRND	1773	000043A9
BACKGRND	1774	000043AA
BACKGRND	1775	000043AD
BACKGRND	1776	000043AE
BACKGRND	1783	000043AF
BACKGRND	1785	000043B0
BACKGRND	1786	000043B1
BACKGRND	1787	000043B2
BACKGRND	1788	000043B3
BACKGRND	1789	000043B4
BACKGRND	1790	000043B5
BACKGRND	1791	000043B6
BACKGRND	1792	000043B7
BACKGRND	1793	000043B8
BACKGRND	1794	000043B9
BACKGRND	1795	000043BA
BACKGRND	1797	000043BB
BACKGRND	1805	000043BC
BACKGRND	1806	000043BD
BACKGRND	1807	000043BE
BACKGRND	1808	000043BF
BACKGRND	1809	000043C0
BACKGRND	1810	000043C1
BACKGRND	1813	000043C2
BACKGRND	1814	000043C3
BACKGRND	1815	000043C4
BACKGRND	1816	000043C5
BACKGRND	1817	000043C6
BACKGRND	1819	000043C7
BACKGRND	1820	000043C8
BACKGRND	1821	000043C9
BACKGRND	1824	000043CA
BACKGRND	1825	000043CB
BACKGRND	1826	000043CE
BACKGRND	1827	000043CF
BACKGRND	1830	000043D0
BACKGRND	1832	000043D1
BACKGRND	1833	000043D2
BACKGRND	1834	000043D3
BACKGRND	1836	000043D4
BACKGRND	1837	000043D6
BACKGRND	1838	000043D7
BACKGRND	1839	000043D8
BACKGRND	1840	000043D9
BACKGRND	1841	000043DA
BACKGRND	1842	000043DB
BACKGRND	1848	000043DC
BACKGRND	1849	000043DD
BACKGRND	1850	000043DE
BACKGRND	1851	000043DF
BACKGRND	1852	000043E0
BACKGRND	1853	000043E1
BACKGRND	1854	000043E2
BACKGRND	1855	000043E3
BACKGRND	1856	000043E4
BACKGRND	1857	000043E5
BACKGRND	1859	000043E6
BACKGRND	1860	000043E8
BACKGRND	1861	000043E9
BACKGRND	1862	000043EA
BACKGRND	1863	000043ED
BACKGRND	1864	000043EE
BACKGRND	1870	000043EF
BACKGRND	1871	000043F0
BACKGRND	1872	000043F1
BACKGRND	1873	000043F2
BACKGRND	1874	000043F3
BACKGRND	1875	000043F4
BACKGRND	1876	000043F5
BACKGRND	1877	000043F6
BACKGRND	1878	000043F7
BACKGRND	1879	000043F8
BACKGRND	1881	000043F9
BACKGRND	1882	000043FB
BACKGRND	1883	000043FC
BACKGRND	1884	000043FD
BACKGRND	1885	00004400
BACKGRND	1886	00004401
BACKGRND	1889	00004402
BACKGRND	1890	00004405
BACKGRND	1891	00004406
BACKGRND	1892	00004407
BACKGRND	1893	00004408
BACKGRND	1894	00004409
BACKGRND	1895	0000440A
BACKGRND	1896	0000440B
BACKGRND	1897	0000440C
BACKGRND	1898	0000440D
BACKGRND	1899	0000440E
BACKGRND	1900	0000440F
BACKGRND	1901	00004410
BACKGRND	1902	00004411
BACKGRND	1911	00004412
BACKGRND	1913	00004413
BACKGRND	1914	00004414
BACKGRND	1915	00004415
BACKGRND	1917	00004416
BACKGRND	1918	00004418
BACKGRND	1919	00004419
BACKGRND	1920	0000441A
BACKGRND	1921	0000441B
BACKGRND	1922	0000441C
BACKGRND	1939	0000441D
BACKGRND	1940	0000441E
BACKGRND	1941	0000441F
BACKGRND	1942	00004420
BACKGRND	1943	00004421
BACKGRND	1944	00004422
BACKGRND	1945	00004423
BACKGRND	1946	00004424
BACKGRND	1948	00004425
BACKGRND	1949	00004426
BACKGRND	1951	00004427
BACKGRND	1952	00004428
BACKGRND	1953	00004429
BACKGRND	1956	0000442A
BACKGRND	1958	0000442B
BACKGRND	1962	0000442C
BACKGRND	1963	0000442D
BACKGRND	1965	0000442E
BACKGRND	1966	0000442F
BACKGRND	1968	00004430
BACKGRND	1969	00004431
BACKGRND	1971	00004432
BACKGRND	1972	00004433
BACKGRND	1973	00004434
BACKGRND	1974	00004435
BACKGRND	1975	00004436
BACKGRND	1976	00004437
BACKGRND	1977	00004438
BACKGRND	1978	00004439
BACKGRND	1979	0000443A
BACKGRND	1980	0000443B
BACKGRND	1981	0000443C
BACKGRND	1982	0000443D
BACKGRND	1983	0000443E
BACKGRND	1984	0000443F
BACKGRND	1985	00004440
BACKGRND	1987	00004441
BACKGRND	1988	00004442
BACKGRND	1990	00004443
BACKGRND	1991	00004444
BACKGRND	1995	00004445
BACKGRND	1996	00004446
BACKGRND	1997	00004447
BACKGRND	1999	00004448
BACKGRND	2000	00004449
BACKGRND	2001	0000444A
BACKGRND	2002	0000444B
BACKGRND	2003	0000444C
BACKGRND	2004	0000444D
BACKGRND	2005	0000444E
BACKGRND	2006	0000444F
BACKGRND	2007	00004450
BACKGRND	2150	00004451
BACKGRND	2151	00004452
BACKGRND	2152	00004453
BACKGRND	2153	00004454
BACKGRND	2154	00004456
BACKGRND	2156	00004459
BACKGRND	2157	0000445A
BACKGRND	2158	0000445B
BACKGRND	2159	0000445C
BACKGRND	2160	0000445D
BACKGRND	2162	0000445E
BACKGRND	2163	0000445F
BACKGRND	2164	00004460
BACKGRND	2165	00004461
BACKGRND	2168	00004462
BACKGRND	2169	00004463
BACKGRND	2170	00004464
BACKGRND	2175	00004465
BACKGRND	2176	00004466
BACKGRND	2177	00004467
BACKGRND	2178	00004468
BACKGRND	2180	00004469
BACKGRND	2181	0000446A
BACKGRND	2182	0000446B
BACKGRND	2183	0000446C
BACKGRND	2184	0000446D
BACKGRND	2185	0000446E
BACKGRND	2186	0000446F
BACKGRND	2187	00004470
BACKGRND	2189	00004471
BACKGRND	2190	00004472
BACKGRND	2191	00004473
BACKGRND	2192	00004474
BACKGRND	2194	00004475
BACKGRND	2195	00004476
BACKGRND	2196	00004477
BACKGRND	2197	00004478
BACKGRND	2199	00004479
BACKGRND	2200	0000447A
BACKGRND	2201	0000447B
BACKGRND	2204	0000447C
BACKGRND	2205	0000447D
BACKGRND	2206	0000447E
BACKGRND	2207	0000447F
BACKGRND	2208	00004480
BACKGRND	2210	00004481
BACKGRND	2211	00004483
BACKGRND	2218	00004484
BACKGRND	2219	00004485
BACKGRND	2220	00004486
BACKGRND	2221	00004487
BACKGRND	2222	0000448A
BACKGRND	2223	0000448B
BACKGRND	2224	0000448C
BACKGRND	2225	0000448D
BACKGRND	2226	0000448E
BACKGRND	2227	0000448F
BACKGRND	2229	00004490
BACKGRND	2230	00004491
BACKGRND	2231	00004492
BACKGRND	2232	00004493
BACKGRND	2233	00004496
BACKGRND	2234	00004497
BACKGRND	2235	00004498
BACKGRND	2236	00004499
BACKGRND	2237	0000449A
BACKGRND	2239	0000449B
BACKGRND	2240	0000449C
BACKGRND	2241	0000449D
BACKGRND	2242	0000449E
BACKGRND	2245	0000449F
BACKGRND	2246	000044A0
BACKGRND	2247	000044A1
BACKGRND	2249	000044A2
BACKGRND	2250	000044A3
BACKGRND	2251	000044A4
BACKGRND	2252	000044A5
BACKGRND	2256	000044A6
BACKGRND	2257	000044A7
BACKGRND	2258	000044A8
BACKGRND	2266	000044A9
BACKGRND	2267	000044AA
BACKGRND	2268	000044AB
BACKGRND	2269	000044AC
BACKGRND	2270	000044AD
BACKGRND	2271	000044AE
BACKGRND	2272	000044AF
BACKGRND	2273	000044B0
BACKGRND	2274	000044B1
BACKGRND	2276	000044B2
BACKGRND	2277	000044B3
BACKGRND	2278	000044B4
BACKGRND	2279	000044B5
BACKGRND	2281	000044B6
BACKGRND	2282	000044B7
BACKGRND	2283	000044B8
BACKGRND	2285	000044B9
BACKGRND	2286	000044BA
BACKGRND	2287	000044BB
BACKGRND	2290	000044BC
BACKGRND	2291	000044BD
BACKGRND	2292	000044BE
BACKGRND	2293	000044BF
BACKGRND	2294	000044C0
BACKGRND	2296	000044C1
BACKGRND	2297	000044C3
BACKGRND	2299	000044C4
BACKGRND	2300	000044C5
BACKGRND	2301	000044C6
BACKGRND	2302	000044C7
BACKGRND	2303	000044C8
BACKGRND	2304	000044C9
BACKGRND	2305	000044CA
BACKGRND	2306	000044CB
BACKGRND	2320	000044CC
BACKGRND	2321	000044CD
BACKGRND	2322	000044CE
BACKGRND	2323	000044CF
BACKGRND	2324	000044D0
BACKGRND	2325	000044D1
BACKGRND	2326	000044D2
BACKGRND	2327	000044D3
BACKGRND	2331	000044D4
BACKGRND	2332	000044D5
BACKGRND	2334	000044D6
BACKGRND	2335	000044D7
BACKGRND	2336	000044D8
BACKGRND	2339	000044D9
BACKGRND	2341	000044DA
BACKGRND	2342	000044DB
BACKGRND	2343	000044DC
BACKGRND	2345	000044DD
BACKGRND	2349	000044DE
BACKGRND	2350	000044DF
BACKGRND	2352	000044E0
BACKGRND	2353	000044E1
BACKGRND	2355	000044E2
BACKGRND	2356	000044E3
BACKGRND	2358	000044E4
BACKGRND	2359	000044E5
BACKGRND	2360	000044E6
BACKGRND	2361	000044E7
BACKGRND	2362	000044E8
BACKGRND	2363	000044E9
BACKGRND	2364	000044EA
BACKGRND	2366	000044EB
BACKGRND	2367	000044EC
BACKGRND	2368	000044ED
BACKGRND	2370	000044EE
BACKGRND	2371	000044EF
BACKGRND	2372	000044F0
BACKGRND	2374	000044F1
BACKGRND	2375	000044F2
BACKGRND	2376	000044F3
BACKGRND	2378	000044F4
BACKGRND	2379	000044F5
BACKGRND	2380	000044F6
BACKGRND	2382	000044F7
BACKGRND	2383	000044F8
BACKGRND	2384	000044F9
BACKGRND	2385	000044FA
BACKGRND	2386	000044FB
BACKGRND	2387	000044FC
BACKGRND	2389	000044FD
BACKGRND	2390	000044FE
BACKGRND	2391	000044FF
BACKGRND	2392	00004500
BACKGRND	2394	00004501
BACKGRND	2395	00004502
BACKGRND	2397	00004503
BACKGRND	2398	00004504
BACKGRND	2402	00004505
BACKGRND	2403	00004506
BACKGRND	2404	00004507
BACKGRND	2406	00004508
BACKGRND	2407	00004509
BACKGRND	2408	0000450A
BACKGRND	2409	0000450B
BACKGRND	2410	0000450C
BACKGRND	2411	0000450D
BACKGRND	2412	0000450E
BACKGRND	2413	0000450F
BACKGRND	2414	00004510
BONUS	105	00003966
BONUS	106	00003969
BONUS	107	0000396A
BONUS	110	0000396B
BONUS	111	0000396C
BONUS	112	0000396D
BONUS	114	0000396E
BONUS	131	00003970
BONUS	132	00003971
BONUS	133	00003972
BONUS	134	00003973
BONUS	135	00003974
BONUS	137	00003975
BONUS	138	00003976
BONUS	139	00003977
BONUS	141	00003978
BONUS	142	00003979
BONUS	143	0000397A
BONUS	145	0000397B
BONUS	146	0000397C
BONUS	147	0000397D
BONUS	149	0000397E
BONUS	150	0000397F
BONUS	151	00003980
BONUS	153	00003981
BONUS	154	00003982
BONUS	155	00003983
BONUS	157	00003984
BONUS	158	00003985
BONUS	159	00003986
BONUS	161	00003987
BONUS	162	00003988
BONUS	163	00003989
BONUS	165	0000398A
BONUS	166	0000398B
BONUS	167	0000398C
BONUS	169	0000398D
BONUS	170	0000398E
BONUS	171	0000398F
BONUS	173	00003990
BONUS	174	00003991
BONUS	175	00003992
BONUS	177	00003993
BONUS	178	00003994
BONUS	179	00003995
BONUS	181	00003996
BONUS	182	00003997
BONUS	183	00003998
BONUS	184	00003999
BONUS	186	0000399A
BONUS	187	0000399B
BONUS	188	0000399C
BONUS	189	0000399D
BONUS	190	0000399E
BONUS	192	0000399F
BONUS	193	000039A0
BONUS	194	000039A1
BONUS	195	000039A2
BONUS	201	000039A3
BONUS	202	000039A4
BONUS	203	000039A5
BONUS	208	000039A6
BONUS	209	000039A7
BONUS	214	000039A8
BONUS	215	000039A9
BONUS	217	000039AB
BONUS	218	000039AC
BONUS	219	000039AD
BONUS	220	000039AE
BONUS	221	000039AF
BONUS	223	000039B0
BONUS	224	000039B1
BONUS	227	000039B2
BONUS	229	000039B3
BONUS	230	000039B4
BONUS	232	000039B5
BONUS	233	000039B7
BONUS	236	000039B8
BONUS	237	000039B9
BONUS	238	000039BA
BONUS	240	000039BB
BONUS	241	000039BE
BONUS	249	000039BF
BONUS	250	000039C0
BONUS	251	000039C1
BONUS	252	000039C2
BONUS	253	000039C3
BONUS	254	000039C4
BONUS	255	000039C5
BONUS	256	000039C6
BONUS	257	000039C7
BONUS	258	000039C8
BONUS	259	000039C9
BONUS	260	000039CA
BONUS	261	000039CB
BONUS	262	000039CC
BONUS	263	000039CD
BONUS	264	000039CE
BONUS	267	000039CF
BONUS	268	000039D0
BONUS	270	000039D1
BONUS	271	000039D2
BONUS	272	000039D3
BONUS	274	000039D4
BONUS	275	000039D5
BONUS	280	000039D6
BONUS	281	000039D7
BONUS	282	000039D8
BONUS	283	000039D9
BONUS	284	000039DA
BONUS	285	000039DB
BONUS	286	000039DC
BONUS	287	000039DD
BONUS	288	000039DE
BONUS	289	000039DF
BONUS	291	000039E0
BONUS	292	000039E1
BONUS	293	000039E2
BONUS	294	000039E3
BONUS	297	000039E4
BONUS	298	000039E5
BONUS	299	000039E6
BONUS	300	000039E7
BONUS	301	000039E8
BONUS	302	000039E9
BONUS	303	000039EA
BONUS	304	000039EB
BONUS	306	000039EC
BONUS	307	000039ED
BONUS	309	000039EE
BONUS	310	000039EF
BONUS	311	000039F0
BONUS	312	000039F1
BONUS	316	000039F2
BONUS	317	000039F3
BONUS	318	000039F4
BONUS	319	000039F5
BONUS	320	000039F6
BONUS	321	000039F7
BONUS	322	000039F8
BONUS	323	000039F9
BONUS	324	000039FA
BONUS	325	000039FB
BONUS	326	000039FC
BONUS	327	000039FD
BONUS	328	000039FE
BONUS	329	000039FF
BONUS	342	00003A00
BONUS	343	00003A01
BONUS	345	00003A02
BONUS	347	00003A03
BONUS	349	00003A05
BONUS	352	00003A06
BONUS	353	00003A08
BONUS	354	00003A09
BONUS	355	00003A0A
BONUS	356	00003A0B
BONUS	357	00003A0C
BONUS	359	00003A0D
BONUS	360	00003A0E
BONUS	361	00003A0F
BONUS	362	00003A10
BONUS	364	00003A11
BONUS	365	00003A12
BONUS	366	00003A13
BONUS	367	00003A14
BONUS	368	00003A15
BONUS	370	00003A17
BONUS	371	00003A18
BONUS	372	00003A19
BONUS	373	00003A1A
BONUS	374	00003A1B
BONUS	376	00003A1C
BONUS	377	00003A1D
BONUS	378	00003A1E
BONUS	379	00003A1F
BONUS	381	00003A20
BONUS	382	00003A21
BONUS	383	00003A22
BONUS	384	00003A23
BONUS	386	00003A24
BONUS	390	00003A25
BONUS	391	00003A26
BONUS	392	00003A27
BONUS	393	00003A28
BONUS	394	00003A29
BONUS	395	00003A2A
BONUS	398	00003A2B
BONUS	403	00003A2C
BONUS	404	00003A2D
BONUS	405	00003A2E
BONUS	406	00003A2F
BONUS	409	00003A30
BONUS	411	00003A31
BONUS	412	00003A32
BONUS	413	00003A33
BONUS	415	00003A34
BONUS	416	00003A35
BONUS	418	00003A36
BONUS	419	00003A37
BONUS	420	00003A38
BONUS	421	00003A39
BONUS	422	00003A3A
BONUS	424	00003A3B
BONUS	425	00003A3C
BONUS	426	00003A3D
BONUS	428	00003A3E
BONUS	429	00003A3F
BONUS	430	00003A40
BONUS	433	00003A41
BONUS	434	00003A42
BONUS	435	00003A43
BONUS	436	00003A44
BONUS	437	00003A45
BONUS	446	00003A46
BONUS	447	00003A47
BONUS	449	00003A48
BONUS	450	00003A49
BONUS	452	00003A4A
BONUS	453	00003A4B
BONUS	454	00003A4C
BONUS	455	00003A4D
BONUS	457	00003A4E
BONUS	458	00003A4F
BONUS	459	00003A50
BONUS	461	00003A51
BONUS	462	00003A52
BONUS	463	00003A53
BONUS	465	00003A54
BONUS	466	00003A55
BONUS	467	00003A56
BONUS	468	00003A57
BONUS	469	00003A5A
BONUS	470	00003A5D
BONUS	472	00003A60
BONUS	478	00003A61
BONUS	479	00003A62
BONUS	480	00003A63
BONUS	489	00003A64
BONUS	490	00003A65
BONUS	491	00003A66
BONUS	492	00003A67
BONUS	493	00003A68
BONUS	494	00003A69
BONUS	500	00003A6A
BONUS	505	00003A6B
BONUS	506	00003A6C
BONUS	509	00003A6D
BONUS	514	00003A70
BONUS	515	00003A71
BONUS	516	00003A72
BONUS	517	00003A73
BONUS	518	00003A74
BONUS	519	00003A76
BONUS	523	00003A77
BONUS	524	00003A78
BONUS	526	00003A79
BONUS	527	00003A7A
BONUS	530	00003A7C
BONUS	531	00003A7D
BONUS	533	00003A7E
BONUS	534	00003A7F
BONUS	535	00003A80
BONUS	536	00003A81
BONUS	537	00003A82
BONUS	539	00003A83
BONUS	540	00003A84
BONUS	541	00003A85
BONUS	543	00003A86
BONUS	545	00003A89
BONUS	548	00003A8B
BONUS	549	00003A8D
BONUS	553	00003A8F
BONUS	554	00003A90
BONUS	555	00003A91
BONUS	557	00003A92
BONUS	558	00003A95
BONUS	565	00003A9B
BONUS	566	00003A9C
BONUS	567	00003A9F
BONUS	568	00003AA2
BONUS	569	00003AA5
BONUS	570	00003AA8
BONUS	572	00003AAB
BONUS	573	00003AAC
BONUS	575	00003AAD
BONUS	576	00003AAE
BONUS	577	00003AAF
BONUS	578	00003AB0
BONUS	579	00003AB1
BONUS	580	00003AB4
BONUS	581	00003AB5
BONUS	588	00003AB8
BONUS	589	00003ABA
BONUS	590	00003ABB
BONUS	591	00003ABC
BONUS	593	00003ABD
BONUS	594	00003ABE
BONUS	595	00003ABF
BONUS	596	00003AC0
BONUS	599	00003AC2
BONUS	601	00003AC4
BONUS	603	00003AC5
BONUS	604	00003AC6
BONUS	606	00003AC7
BONUS	607	00003AC8
BONUS	608	00003AC9
BONUS	609	00003ACA
BONUS	610	00003ACC
BONUS	613	00003ACD
BONUS	614	00003AD0
BONUS	615	00003AD2
BONUS	616	00003AD3
BONUS	617	00003AD4
BONUS	619	00003AD6
BONUS	624	00003AD7
BONUS	625	00003AD8
BONUS	626	00003AD9
BONUS	627	00003ADA
BONUS	629	00003ADB
BONUS	630	00003ADC
BONUS	631	00003ADD
BONUS	632	00003ADE
BONUS	633	00003ADF
BONUS	634	00003AE0
BONUS	636	00003AE1
BONUS	637	00003AE2
BONUS	638	00003AE3
BONUS	639	00003AE4
BONUS	643	00003AE5
BONUS	644	00003AE6
BONUS	646	00003AE7
BONUS	647	00003AE8
BONUS	648	00003AE9
BONUS	649	00003AEA
BONUS	651	00003AEB
BONUS	652	00003AED
BONUS	653	00003AEE
BONUS	654	00003AEF
BONUS	655	00003AF0
BONUS	657	00003AF1
BONUS	658	00003AF2
BONUS	662	00003AF3
BONUS	665	00003AF4
BONUS	666	00003AF5
BONUS	667	00003AF6
BONUS	668	00003AF7
BONUS	669	00003AF8
BONUS	670	00003AF9
BONUS	672	00003AFA
BONUS	674	00003AFB
BONUS	675	00003AFC
BONUS	676	00003AFD
BONUS	677	00003AFE
BONUS	680	00003B01
BONUS	686	00003B03
BONUS	687	00003B04
BONUS	688	00003B05
BONUS	689	00003B06
BONUS	690	00003B07
BONUS	695	00003B08
BONUS	696	00003B09
BONUS	697	00003B0A
BONUS	699	00003B0B
BONUS	700	00003B0C
BONUS	705	00003B0D
BONUS	706	00003B0E
BONUS	707	00003B0F
BONUS	710	00003B10
BONUS	711	00003B11
BONUS	712	00003B12
BONUS	713	00003B13
BONUS	716	00003B14
BONUS	717	00003B15
BONUS	719	00003B16
BONUS	720	00003B17
BONUS	722	00003B19
BONUS	723	00003B1A
BONUS	724	00003B1B
BONUS	725	00003B1C
BONUS	726	00003B1D
BONUS	733	00003B1E
BONUS	735	00003B1F
BONUS	736	00003B20
BONUS	737	00003B21
BONUS	738	00003B23
BONUS	748	00003B24
BONUS	749	00003B25
BONUS	753	00003B26
BONUS	754	00003B28
BONUS	755	00003B29
BONUS	756	00003B2A
BONUS	757	00003B30
BONUS	758	00003B31
BONUS	762	00003B32
BONUS	763	00003B33
BONUS	767	00003B34
BONUS	768	00003B35
BONUS	769	00003B36
BONUS	770	00003B37
BONUS	771	00003B38
BONUS	772	00003B39
BONUS	775	00003B3A
BONUS	776	00003B3B
BONUS	777	00003B3C
BONUS	780	00003B3D
BONUS	781	00003B3E
BONUS	782	00003B3F
BONUS	783	00003B40
BONUS	784	00003B41
BONUS	785	00003B42
BONUS	786	00003B43
BONUS	788	00003B44
BONUS	789	00003B45
BONUS	790	00003B46
BONUS	791	00003B47
BONUS	792	00003B48
BONUS	800	00003B49
BONUS	801	00003B4A
BONUS	802	00003B4B
BONUS	807	00003B4C
BONUS	808	00003B4D
BONUS	809	00003B4E
BONUS	810	00003B4F
BONUS	812	00003B50
BONUS	814	00003B52
BONUS	815	00003B53
BONUS	816	00003B54
BONUS	819	00003B56
BONUS	820	00003B57
BONUS	821	00003B58
BONUS	825	00003B59
BONUS	826	00003B5B
BONUS	827	00003B5C
BONUS	830	00003B5D
BONUS	832	00003B60
BONUS	833	00003B61
BONUS	835	00003B62
BONUS	836	00003B63
BONUS	837	00003B64
BONUS	839	00003B65
BONUS	840	00003B67
BONUS	841	00003B68
BONUS	844	00003B69
BONUS	845	00003B6A
BONUS	846	00003B6B
BONUS	847	00003B6C
BONUS	849	00003B6D
BONUS	851	00003B6F
BONUS	852	00003B70
BONUS	853	00003B71
BONUS	854	00003B72
BONUS	856	00003B73
BONUS	857	00003B74
BONUS	858	00003B75
BONUS	860	00003B76
BONUS	871	00003B77
BONUS	873	00003B7D
BONUS	874	00003B7E
BONUS	875	00003B7F
BONUS	876	00003B80
BONUS	882	00003B81
BONUS	883	00003B82
BONUS	884	00003B83
BONUS	885	00003B85
BONUS	887	00003B86
BONUS	888	00003B87
BONUS	889	00003B88
BONUS	899	00003B89
BONUS	900	00003B8F
BONUS	908	00003B95
BONUS	909	00003B96
BONUS	910	00003B97
BONUS	911	00003B98
BONUS	915	00003B99
BONUS	916	00003B9A
BONUS	917	00003B9B
BONUS	918	00003B9C
BONUS	921	00003B9D
BONUS	922	00003B9E
BONUS	923	00003B9F
BONUS	927	00003BA0
BONUS	928	00003BA1
BONUS	929	00003BA2
BONUS	930	00003BA3
BONUS	937	00003BA4
BONUS	938	00003BA5
BONUS	939	00003BA6
BONUS	940	00003BA7
BONUS	941	00003BA8
BONUS	942	00003BA9
BONUS	943	00003BAA
BONUS	944	00003BAB
BONUS	949	00003BAC
BONUS	950	00003BAD
BONUS	952	00003BAE
BONUS	953	00003BB0
BONUS	954	00003BB1
BONUS	955	00003BB2
BONUS	957	00003BB3
BONUS	958	00003BB4
BONUS	959	00003BB5
BONUS	960	00003BB6
BONUS	962	00003BB7
BONUS	965	00003BBA
BONUS	966	00003BBB
BONUS	967	00003BBC
BONUS	968	00003BBD
BONUS	971	00003BBE
BONUS	972	00003BBF
BONUS	973	00003BC0
BONUS	975	00003BC1
BONUS	976	00003BC2
BONUS	977	00003BC3
BONUS	978	00003BC4
BONUS	979	00003BC5
BONUS	980	00003BC6
BONUS	981	00003BC7
BONUS	983	00003BC8
BONUS	984	00003BC9
BONUS	985	00003BCA
BONUS	986	00003BCB
BONUS	987	00003BCC
BONUS	988	00003BCD
BONUS	990	00003BCE
BONUS	991	00003BCF
BONUS	993	00003BD0
BONUS	994	00003BD1
BONUS	995	00003BD2
BONUS	996	00003BD3
BONUS	998	00003BD4
BONUS	1000	00003BD7
BONUS	1001	00003BD8
BONUS	1003	00003BD9
BONUS	1004	00003BDA
BONUS	1016	00003BDB
BONUS	1017	00003BDC
BONUS	1019	00003BDD
BONUS	1020	00003BDE
BONUS	1021	00003BDF
BONUS	1022	00003BE0
BONUS	1023	00003BE1
BONUS	1025	00003BE2
BONUS	1026	00003BE3
BONUS	1027	00003BE4
BONUS	1029	00003BE5
BONUS	1030	00003BE6
BONUS	1031	00003BE7
BONUS	1033	00003BE8
BONUS	1036	00003BE9
BONUS	1037	00003BEB
BONUS	1038	00003BEC
BONUS	1039	00003BED
BONUS	1049	00003BF3
BONUS	1050	00003BF5
BONUS	1051	00003BF6
BONUS	1052	00003BF7
BONUS	1053	00003BF8
BONUS	1054	00003BF9
BONUS	1057	00003BFA
BONUS	1058	00003BFB
BONUS	1059	00003BFC
BONUS	1062	00003BFD
BONUS	1063	00003BFE
BONUS	1064	00003BFF
BONUS	1067	00003C00
BONUS	1068	00003C01
BONUS	1069	00003C02
BONUS	1070	00003C03
BONUS	1078	00003C04
BONUS	1079	00003C05
BONUS	1080	00003C06
BONUS	1081	00003C08
BONUS	1082	00003C09
BONUS	1084	00003C0A
BONUS	1085	00003C10
BONUS	1086	00003C11
BONUS	1087	00003C12
BONUS	1088	00003C13
BONUS	1091	00003C14
BONUS	1094	00003C15
BONUS	1097	00003C16
BONUS	1098	00003C17
BONUS	1100	00003C18
BONUS	1101	00003C19
BONUS	1102	00003C1A
BONUS	1103	00003C1B
BONUS	1104	00003C1D
BONUS	1105	00003C1F
BONUS	1108	00003C21
BONUS	1109	00003C27
BONUS	1110	00003C28
BONUS	1111	00003C29
BONUS	1120	00003C2A
BONUS	1121	00003C2C
BONUS	1123	00003C2D
BONUS	1124	00003C2E
BONUS	1125	00003C2F
BONUS	1126	00003C30
BONUS	1127	00003C31
BONUS	1129	00003C32
BONUS	1130	00003C33
BONUS	1133	00003C34
BONUS	1134	00003C35
BONUS	1135	00003C36
BONUS	1136	00003C37
BONUS	1137	00003C38
BONUS	1138	00003C39
BONUS	1139	00003C3C
BONUS	1140	00003C3F
BONUS	1141	00003C40
BONUS	1142	00003C41
BONUS	1143	00003C42
BONUS	1145	00003C43
BONUS	1146	00003C44
BONUS	1147	00003C45
BONUS	1149	00003C46
BONUS	1150	00003C47
BONUS	1153	00003C48
BONUS	1154	00003C49
BONUS	1155	00003C4A
BONUS	1156	00003C4B
BONUS	1157	00003C4C
BONUS	1158	00003C4D
BONUS	1159	00003C50
BONUS	1160	00003C53
BONUS	1161	00003C54
BONUS	1162	00003C55
BONUS	1163	00003C56
BONUS	1167	00003C57
BONUS	1168	00003C59
BONUS	1169	00003C5A
BONUS	1177	00003C5B
BONUS	1178	00003C5C
BONUS	1179	00003C5D
BONUS	1181	00003C5E
BONUS	1182	00003C5F
BONUS	1183	00003C60
BONUS	1184	00003C61
BONUS	1185	00003C62
BONUS	1186	00003C63
BONUS	1187	00003C64
BONUS	1189	00003C65
BONUS	1190	00003C66
BONUS	1191	00003C67
BONUS	1193	00003C68
BONUS	1194	00003C69
BONUS	1196	00003C6A
BONUS	1197	00003C6B
BONUS	1198	00003C6C
BONUS	1199	00003C6D
BONUS	1201	00003C6E
BONUS	1203	00003C6F
BONUS	1204	00003C70
BONUS	1205	00003C71
BONUS	1207	00003C72
BONUS	1208	00003C73
BONUS	1209	00003C74
BONUS	1210	00003C75
BONUS	1211	00003C76
BONUS	1212	00003C77
BONUS	1214	00003C78
BONUS	1215	00003C79
BONUS	1217	00003C7A
BONUS	1218	00003C7B
BONUS	1219	00003C7C
BONUS	1220	00003C7D
BONUS	1222	00003C7E
BONUS	1223	00003C80
BONUS	1224	00003C81
BONUS	1233	00003C82
BONUS	1234	00003C83
BONUS	1236	00003C84
BONUS	1238	00003C86
BONUS	1239	00003C87
BONUS	1240	00003C88
BONUS	1241	00003C89
BONUS	1242	00003C8A
BONUS	1249	00003C8B
BONUS	1250	00003C8C
BONUS	1252	00003C8D
BONUS	1253	00003C8E
BONUS	1255	00003C8F
BONUS	1256	00003C90
BONUS	1258	00003C91
BONUS	1259	00003C92
BONUS	1261	00003C93
BONUS	1262	00003C94
BONUS	1264	00003C95
BONUS	1265	00003C96
BONUS	1266	00003C97
BONUS	1286	00003CC4
BONUS	1288	00003CC6
BONUS	1289	00003CC7
BONUS	1290	00003CC8
BONUS	1291	00003CC9
BONUS	1292	00003CCA
BONUS	1293	00003CCB
BONUS	1296	00003CCC
BONUS	1298	00003CCD
BONUS	1299	00003CCE
BONUS	1301	00003CCF
BONUS	1302	00003CD0
BONUS	1303	00003CD1
BONUS	1304	00003CD2
BONUS	1305	00003CD3
BONUS	1306	00003CD4
BONUS	1307	00003CD5
BONUS	1309	00003CD8
BONUS	1311	00003CDA
BONUS	1313	00003CDB
BONUS	1314	00003CDC
BONUS	1315	00003CDE
BONUS	1316	00003CDF
BONUS	1317	00003CE0
BONUS	1318	00003CE1
BONUS	1321	00003CE2
BONUS	1322	00003CE3
BONUS	1323	00003CE4
BONUS	1324	00003CE5
BONUS	1325	00003CE6
BONUS	1326	00003CE7
BONUS	1327	00003CEA
BONUS	1328	00003CEC
BONUS	1329	00003CED
BONUS	1349	00003CF0
BONUS	1350	00003CF1
BONUS	1351	00003CF2
BONUS	1352	00003CF3
BONUS	1354	00003CF4
BONUS	1355	00003CF5
BONUS	1356	00003CF6
BONUS	1357	00003CF7
BONUS	1358	00003CF8
BONUS	1359	00003CFB
BONUS	1360	00003CFE
BONUS	1361	00003CFF
BONUS	1362	00003D00
BONUS	1364	00003D01
BONUS	1365	00003D02
BONUS	1366	00003D03
BONUS	1367	00003D04
BONUS	1368	00003D05
BONUS	1369	00003D06
BONUS	1370	00003D09
BONUS	1371	00003D0C
BONUS	1372	00003D0D
BONUS	1373	00003D0E
BONUS	1377	00003D0F
BONUS	1378	00003D10
BONUS	1379	00003D11
BONUS	1380	00003D12
BONUS	1381	00003D13
BONUS	1382	00003D14
BONUS	1384	00003D15
BONUS	1385	00003D16
BONUS	1386	00003D17
BONUS	1387	00003D18
BONUS	1389	00003D19
BONUS	1390	00003D1A
BONUS	1391	00003D1B
BONUS	1392	00003D1C
BONUS	1393	00003D1D
BONUS	1394	00003D1E
BONUS	1395	00003D1F
BONUS	1396	00003D21
BONUS	1401	00003D22
BONUS	1402	00003D23
BONUS	1403	00003D24
BONUS	1404	00003D25
BONUS	1405	00003D26
BONUS	1407	00003D27
BONUS	1408	00003D28
BONUS	1409	00003D29
BONUS	1410	00003D2A
BONUS	1411	00003D2B
BONUS	1412	00003D2C
BONUS	1415	00003D2D
BONUS	1419	00003D2F
BONUS	1420	00003D30
BONUS	1421	00003D31
BONUS	1422	00003D32
BONUS	1423	00003D33
BONUS	1425	00003D34
BONUS	1426	00003D35
BONUS	1427	00003D36
BONUS	1428	00003D37
BONUS	1430	00003D38
BONUS	1431	00003D39
BONUS	1432	00003D3A
BONUS	1433	00003D3B
BONUS	1434	00003D3C
BONUS	1435	00003D3D
BONUS	1436	00003D3E
BONUS	1437	00003D40
BONUS	1439	00003D41
BONUS	1447	00003D42
BONUS	1450	00003D44
BONUS	1451	00003D45
BONUS	1452	00003D46
BONUS	1454	00003D47
BONUS	1455	00003D48
BONUS	1456	00003D49
BONUS	1457	00003D4A
BONUS	1458	00003D4B
BONUS	1459	00003D4E
BONUS	1460	00003D51
BONUS	1461	00003D52
BONUS	1462	00003D53
BONUS	1464	00003D54
BONUS	1465	00003D55
BONUS	1467	00003D56
BONUS	1468	00003D57
BONUS	1469	00003D58
BONUS	1470	00003D59
BONUS	1471	00003D5C
BONUS	1472	00003D5F
BONUS	1473	00003D60
BONUS	1474	00003D61
BONUS	1478	00003D62
BONUS	1479	00003D63
BONUS	1480	00003D64
BONUS	1481	00003D65
BONUS	1482	00003D66
BONUS	1483	00003D67
BONUS	1485	00003D68
BONUS	1486	00003D69
BONUS	1487	00003D6A
BONUS	1488	00003D6B
BONUS	1490	00003D6C
BONUS	1491	00003D6D
BONUS	1492	00003D6E
BONUS	1493	00003D6F
BONUS	1494	00003D70
BONUS	1495	00003D71
BONUS	1496	00003D72
BONUS	1497	00003D74
BONUS	1502	00003D75
BONUS	1503	00003D76
BONUS	1504	00003D77
BONUS	1505	00003D78
BONUS	1506	00003D79
BONUS	1508	00003D7A
BONUS	1509	00003D7B
BONUS	1510	00003D7C
BONUS	1511	00003D7D
BONUS	1512	00003D7E
BONUS	1513	00003D7F
BONUS	1516	00003D80
BONUS	1519	00003D82
BONUS	1520	00003D83
BONUS	1521	00003D84
BONUS	1522	00003D85
BONUS	1523	00003D86
BONUS	1525	00003D87
BONUS	1526	00003D88
BONUS	1527	00003D89
BONUS	1528	00003D8A
BONUS	1530	00003D8B
BONUS	1531	00003D8C
BONUS	1532	00003D8D
BONUS	1533	00003D8E
BONUS	1534	00003D8F
BONUS	1535	00003D90
BONUS	1536	00003D91
BONUS	1537	00003D93
BONUS	1539	00003D94
BONUS	1577	00003D96
BONUS	1578	00003D97
BONUS	1579	00003D98
BONUS	1580	00003D99
BONUS	1581	00003D9A
BONUS	1582	00003D9B
BONUS	1583	00003D9C
BONUS	1584	00003D9D
BONUS	1585	00003D9E
BONUS	1586	00003D9F
BONUS	1587	00003DA0
BONUS	1588	00003DA1
BONUS	1589	00003DA2
BONUS	1590	00003DA3
BONUS	1591	00003DA4
BONUS	1593	00003DA5
BONUS	1594	00003DA8
BONUS	1595	00003DA9
BONUS	1596	00003DAA
BONUS	1598	00003DAB
BONUS	1599	00003DAC
BONUS	1602	00003DAD
BONUS	1603	00003DAE
BONUS	1604	00003DAF
BONUS	1605	00003DB0
BONUS	1606	00003DB1
BONUS	1608	00003DB2
BONUS	1609	00003DB3
BONUS	1610	00003DB4
BONUS	1612	00003DB5
BONUS	1613	00003DB6
BONUS	1614	00003DB7
BONUS	1617	00003DBA
BONUS	1619	00003DBC
BONUS	1620	00003DBD
BONUS	1621	00003DBE
BONUS	1622	00003DBF
BONUS	1623	00003DC0
BONUS	1624	00003DC1
BONUS	1638	00003DC2
BONUS	1640	00003DC3
BONUS	1641	00003DC4
BONUS	1642	00003DC5
BONUS	1643	00003DC6
BONUS	1644	00003DC7
BONUS	1646	00003DC8
BONUS	1647	00003DC9
BONUS	1648	00003DCA
BONUS	1649	00003DCB
BONUS	1650	00003DCC
BONUS	1652	00003DCD
BONUS	1653	00003DCE
BONUS	1654	00003DCF
BONUS	1655	00003DD0
BONUS	1656	00003DD1
BONUS	1659	00003DD2
BONUS	1660	00003DD3
BONUS	1661	00003DD4
BONUS	1662	00003DD5
BONUS	1663	00003DD6
BONUS	1664	00003DD7
BONUS	1666	00003DD8
BONUS	1667	00003DDA
BONUS	1670	00003DDB
BONUS	1671	00003DDC
BONUS	1673	00003DDD
BONUS	1674	00003DDE
BONUS	1675	00003DDF
BONUS	1687	00003DE0
BONUS	1688	00003DE1
BONUS	1690	00003DE2
BONUS	1691	00003DE4
BONUS	1692	00003DE5
BONUS	1693	00003DE6
BONUS	1695	00003DE7
BONUS	1696	00003DE8
BONUS	1697	00003DE9
BONUS	1698	00003DEA
BONUS	1699	00003DEB
BONUS	1700	00003DEC
BONUS	1702	00003DED
BONUS	1703	00003DEE
BONUS	1704	00003DEF
BONUS	1705	00003DF0
BONUS	1706	00003DF1
BONUS	1707	00003DF2
BONUS	1710	00003DF3
BONUS	1711	00003DF5
BONUS	1712	00003DF6
BONUS	1714	00003DF7
BONUS	1715	00003DF8
BONUS	1716	00003DF9
BONUS	1718	00003DFA
BONUS	1719	00003DFB
BONUS	1720	00003DFC
BONUS	1721	00003DFD
BONUS	1722	00003DFE
BONUS	1723	00003DFF
BONUS	1724	00003E00
BONUS	1725	00003E01
BONUS	1726	00003E02
BONUS	1727	00003E03
BONUS	1728	00003E04
BONUS	1729	00003E05
BONUS	1730	00003E06
BONUS	1731	00003E07
BONUS	1733	00003E08
BONUS	1734	00003E09
BONUS	1735	00003E0A
BONUS	1736	00003E0B
BONUS	1739	00003E0C
BONUS	1740	00003E0D
BONUS	1741	00003E0E
BONUS	1745	00003E0F
BONUS	1746	00003E10
BONUS	1747	00003E11
BONUS	1749	00003E12
BONUS	1750	00003E13
BONUS	1751	00003E14
BONUS	1754	00003E15
BONUS	1755	00003E16
BONUS	1758	00003E17
BONUS	1760	00003E18
BONUS	1761	00003E19
BONUS	1762	00003E1A
BONUS	1764	00003E1B
BONUS	1765	00003E1C
BONUS	1766	00003E1D
BONUS	1767	00003E1E
BONUS	1768	00003E1F
BONUS	1769	00003E20
BONUS	1772	00003E21
BONUS	1773	00003E22
BONUS	1774	00003E23
BONUS	1776	00003E24
BONUS	1777	00003E25
BONUS	1779	00003E26
BONUS	1781	00003E27
BONUS	1782	00003E28
BONUS	1783	00003E29
BONUS	1785	00003E2A
BONUS	1786	00003E2B
BONUS	1787	00003E2C
BONUS	1788	00003E2D
BONUS	1789	00003E2E
BONUS	1790	00003E2F
BONUS	1792	00003E30
BONUS	1793	00003E32
BONUS	1795	00003E33
BONUS	1796	00003E34
BONUS	1797	00003E35
BONUS	1798	00003E36
BONUS	1800	00003E37
BONUS	1801	00003E38
BONUS	1802	00003E39
BONUS	1803	00003E3A
BONUS	1805	00003E3B
BONUS	1806	00003E3C
BONUS	1807	00003E3D
BONUS	1808	00003E3E
BONUS	1811	00003E3F
BONUS	1812	00003E41
BONUS	1813	00003E42
BONUS	1815	00003E43
BONUS	1817	00003E45
BONUS	1818	00003E46
BONUS	1819	00003E47
BONUS	1821	00003E48
BONUS	1822	00003E49
BONUS	1823	00003E4A
BONUS	1824	00003E4B
BONUS	1825	00003E4C
BONUS	1826	00003E4D
BONUS	1827	00003E4E
BONUS	1828	00003E4F
BONUS	1829	00003E50
BONUS	1830	00003E51
BONUS	1832	00003E52
BONUS	1833	00003E53
BONUS	1834	00003E54
BONUS	1835	00003E55
BONUS	1836	00003E56
BONUS	1837	00003E57
BONUS	1838	00003E58
BONUS	1839	00003E59
BONUS	1840	00003E5A
BONUS	1841	00003E5B
BONUS	1843	00003E5C
BONUS	1844	00003E5E
BONUS	1846	00003E5F
BONUS	1857	00003E60
BONUS	1858	00003E62
BONUS	1859	00003E63
BONUS	1860	00003E64
BONUS	1861	00003E65
BONUS	1862	00003E66
BONUS	1863	00003E67
BONUS	1865	00003E68
BONUS	1866	00003E69
BONUS	1867	00003E6A
BONUS	1868	00003E6B
BONUS	1869	00003E6C
BONUS	1870	00003E6D
BONUS	1872	00003E6E
BONUS	1873	00003E6F
BONUS	1877	00003E70
BONUS	1878	00003E71
BONUS	1879	00003E72
BONUS	1880	00003E73
BONUS	1881	00003E74
BONUS	1888	00003E75
BONUS	1889	00003E76
BONUS	1891	00003E77
BONUS	1892	00003E78
BONUS	1893	00003E79
BONUS	1894	00003E7A
BONUS	1895	00003E7B
BONUS	1896	00003E7C
BONUS	1897	00003E7D
BONUS	1898	00003E7E
BONUS	1899	00003E7F
BONUS	1900	00003E80
BONUS	1901	00003E81
BONUS	1902	00003E82
BONUS	1903	00003E83
BONUS	1905	00003E84
BONUS	1906	00003E85
BONUS	1907	00003E86
BONUS	1909	00003E87
BONUS	1910	00003E88
BONUS	1911	00003E89
BONUS	1912	00003E8A
BONUS	1915	00003E8B
BONUS	1916	00003E8C
BONUS	1917	00003E8D
BONUS	1918	00003E8E
BONUS	1919	00003E8F
BONUS	1920	00003E90
BONUS	1921	00003E91
BONUS	1924	00003E92
BONUS	1935	00003E93
BONUS	1936	00003E94
BONUS	1937	00003E96
BONUS	1938	00003E97
BONUS	1941	00003E98
BONUS	1942	00003E99
BONUS	1943	00003E9B
BONUS	1944	00003E9C
BONUS	1945	00003E9D
BONUS	1946	00003E9E
BONUS	1947	00003E9F
BONUS	1948	00003EA0
BONUS	1950	00003EA1
BONUS	1951	00003EA2
BONUS	1952	00003EA3
BONUS	1953	00003EA4
BONUS	1954	00003EA5
BONUS	1955	00003EA6
BONUS	1957	00003EA7
BONUS	1958	00003EA8
BONUS	1961	00003EA9
BONUS	1962	00003EAA
BONUS	1963	00003EAB
BONUS	1964	00003EAC
BONUS	1969	00003EAD
BONUS	1970	00003EAE
BONUS	1971	00003EAF
BONUS	1973	00003EB0
BONUS	1974	00003EB1
BONUS	1975	00003EB2
BONUS	1977	00003EB3
BONUS	1978	00003EB4
BONUS	1979	00003EB5
BONUS	1982	00003EB6
BONUS	1983	00003EB7
BONUS	1984	00003EB8
BONUS	1985	00003EB9
BONUS	1986	00003EBA
BONUS	1987	00003EBB
BONUS	1989	00003EBC
BONUS	1990	00003EBD
BONUS	1991	00003EBE
BONUS	1993	00003EBF
BONUS	1996	00003EC0
BONUS	1997	00003EC2
BONUS	1998	00003EC3
BONUS	2003	00003EC4
BONUS	2004	00003EC5
BONUS	2005	00003EC6
BONUS	2007	00003EC7
BONUS	2008	00003EC8
BONUS	2009	00003EC9
BONUS	2011	00003ECA
BONUS	2012	00003ECB
BONUS	2013	00003ECC
BONUS	2016	00003ECD
BONUS	2017	00003ECE
BONUS	2018	00003ECF
BONUS	2019	00003ED0
BONUS	2020	00003ED1
BONUS	2021	00003ED2
BONUS	2023	00003ED3
BONUS	2024	00003ED4
BONUS	2025	00003ED5
BONUS	2027	00003ED6
BONUS	2028	00003ED8
BONUS	2030	00003ED9
BONUS	2031	00003EDA
BONUS	2032	00003EDB
BONUS	2033	00003EDC
BONUS	2039	00003EDD
BONUS	2040	00003EDE
BONUS	2041	00003EDF
BONUS	2043	00003EE0
BONUS	2044	00003EE1
BONUS	2045	00003EE2
BONUS	2048	00003EE3
BONUS	2049	00003EE4
BONUS	2050	00003EE5
BONUS	2051	00003EE6
BONUS	2052	00003EE7
BONUS	2053	00003EE8
BONUS	2066	00003EE9
BONUS	2067	00003EEB
BONUS	2068	00003EEC
BONUS	2069	00003EED
BONUS	2070	00003EEE
BONUS	2071	00003EEF
BONUS	2072	00003EF0
BONUS	2074	00003EF1
BONUS	2075	00003EF2
BONUS	2076	00003EF3
BONUS	2077	00003EF4
BONUS	2078	00003EF5
BONUS	2079	00003EF6
BONUS	2081	00003EF7
BONUS	2082	00003EF8
BONUS	2085	00003EF9
BONUS	2086	00003EFA
BONUS	2088	00003EFB
BONUS	2089	00003EFC
BONUS	2091	00003EFD
BONUS	2092	00003EFE
BONUS	2094	00003EFF
BONUS	2095	00003F00
BONUS	2096	00003F01
BONUS	2097	00003F02
BONUS	2098	00003F03
BONUS	2101	00003F04
BONUS	2102	00003F05
BONUS	2103	00003F06
BONUS	2104	00003F07
BONUS	2105	00003F08
BONUS	2106	00003F09
BONUS	2107	00003F0A
BONUS	2111	00003F0B
BONUS	2112	00003F0C
BONUS	2113	00003F0D
BONUS	2114	00003F0E
BONUS	2116	00003F0F
BONUS	2117	00003F10
BONUS	2118	00003F11
BONUS	2129	00003F12
BONUS	2130	00003F13
BONUS	2131	00003F14
BONUS	2132	00003F15
BONUS	2134	00003F16
BONUS	2136	00003F17
BONUS	2138	00003F18
BONUS	2139	00003F19
BONUS	2140	00003F1A
BONUS	2141	00003F1B
BONUS	2142	00003F1C
BONUS	2143	00003F1D
BONUS	2144	00003F1E
BONUS	2146	00003F1F
BONUS	2147	00003F20
BONUS	2148	00003F21
BONUS	2149	00003F22
BONUS	2150	00003F23
BONUS	2151	00003F24
BONUS	2153	00003F25
BONUS	2154	00003F26
BONUS	2155	00003F27
BONUS	2156	00003F28
BONUS	2157	00003F29
BONUS	2158	00003F2A
BONUS	2159	00003F2C
BONUS	2163	00003F2D
BONUS	2165	00003F2E
BONUS	2166	00003F2F
BONUS	2167	00003F30
BONUS	2168	00003F31
BONUS	2169	00003F32
BONUS	2170	00003F33
BONUS	2172	00003F34
BONUS	2173	00003F35
BONUS	2174	00003F36
BONUS	2175	00003F37
BONUS	2176	00003F38
BONUS	2177	00003F39
BONUS	2179	00003F3B
BONUS	2180	00003F3C
BONUS	2183	00003F3D
BONUS	2185	00003F3E
BONUS	2186	00003F3F
BONUS	2187	00003F40
BONUS	2188	00003F41
BONUS	2189	00003F42
BONUS	2190	00003F43
BONUS	2192	00003F44
BONUS	2193	00003F45
BONUS	2194	00003F46
BONUS	2195	00003F47
BONUS	2196	00003F48
BONUS	2197	00003F49
BONUS	2199	00003F4A
BONUS	2200	00003F4B
BONUS	2201	00003F4C
BONUS	2202	00003F4D
BONUS	2203	00003F4E
BONUS	2204	00003F4F
BONUS	2205	00003F51
BONUS	2206	00003F52
BONUS	2215	00003F53
BONUS	2216	00003F54
BONUS	2217	00003F55
BONUS	2220	00003F56
BONUS	2221	00003F57
BONUS	2222	00003F58
BONUS	2225	00003F59
BONUS	2226	00003F5A
BONUS	2227	00003F5B
BONUS	2230	00003F5C
BONUS	2231	00003F5D
BONUS	2232	00003F5E
BONUS	2234	00003F5F
BONUS	2235	00003F60
BONUS	2241	00003F61
BONUS	2242	00003F62
BONUS	2244	00003F63
BONUS	2245	00003F64
BONUS	2246	00003F65
BONUS	2248	00003F66
BONUS	2249	00003F67
BONUS	2250	00003F68
BONUS	2251	00003F69
BONUS	2253	00003F6A
BONUS	2255	00003F6B
BONUS	2256	00003F6C
BONUS	2258	00003F6D
BONUS	2259	00003F6E
BONUS	2260	00003F6F
BONUS	2263	00003F70
BONUS	2265	00003F71
BONUS	2268	00003F72
BONUS	2269	00003F73
BONUS	2270	00003F74
BONUS	2276	00003F75
BONUS	2277	00003F76
BONUS	2278	00003F77
BONUS	2279	00003F78
CHOPPER	87	00007C6E
CHOPPER	88	00007C6F
CHOPPER	89	00007C70
CHOPPER	94	00007C71
CHOPPER	95	00007C72
CHOPPER	96	00007C73
CHOPPER	97	00007C74
CHOPPER	100	00007C75
CHOPPER	104	00007C76
CHOPPER	105	00007C77
CHOPPER	106	00007C78
CHOPPER	107	00007C79
CHOPPER	108	00007C7A
CHOPPER	109	00007C7B
CHOPPER	112	00007C7C
CHOPPER	113	00007C7D
CHOPPER	114	00007C7E
CHOPPER	116	00007C7F
CHOPPER	117	00007C80
CHOPPER	118	00007C81
CHOPPER	120	00007C82
CHOPPER	121	00007C83
CHOPPER	122	00007C84
CHOPPER	123	00007C85
CHOPPER	125	00007C86
CHOPPER	126	00007C87
CHOPPER	127	00007C88
CHOPPER	128	00007C89
CHOPPER	129	00007C8A
CHOPPER	130	00007C8B
CHOPPER	131	00007C8C
CHOPPER	135	00007C8D
CHOPPER	136	00007C8E
CHOPPER	137	00007C8F
CHOPPER	138	00007C90
CHOPPER	139	00007C91
CHOPPER	141	00007C92
CHOPPER	142	00007C93
CHOPPER	143	00007C94
CHOPPER	144	00007C95
CHOPPER	145	00007C96
CHOPPER	146	00007C97
CHOPPER	147	00007C98
CHOPPER	148	00007C99
CHOPPER	149	00007C9A
CHOPPER	155	00007C9B
CHOPPER	156	00007C9C
CHOPPER	158	00007C9D
CHOPPER	159	00007C9E
CHOPPER	160	00007C9F
CHOPPER	161	00007CA0
CHOPPER	162	00007CA1
CHOPPER	163	00007CA2
CHOPPER	165	00007CA3
CHOPPER	166	00007CA4
CHOPPER	167	00007CA5
CHOPPER	168	00007CA6
CHOPPER	169	00007CA7
CHOPPER	172	00007CA8
CHOPPER	173	00007CA9
CHOPPER	174	00007CAA
CHOPPER	175	00007CAB
CHOPPER	176	00007CAC
CHOPPER	178	00007CAD
CHOPPER	179	00007CAE
CHOPPER	180	00007CAF
CHOPPER	181	00007CB0
CHOPPER	182	00007CB1
CHOPPER	183	00007CB2
CHOPPER	186	00007CB3
CHOPPER	187	00007CB4
CHOPPER	188	00007CB5
CHOPPER	189	00007CB6
CHOPPER	190	00007CB7
CHOPPER	191	00007CB8
CHOPPER	193	00007CB9
CHOPPER	194	00007CBA
CHOPPER	195	00007CBB
CHOPPER	197	00007CBC
CHOPPER	198	00007CBE
CHOPPER	211	00007CBF
CHOPPER	212	00007CC0
CHOPPER	213	00007CC1
CHOPPER	214	00007CC2
CHOPPER	216	00007CC3
CHOPPER	217	00007CC4
CHOPPER	218	00007CC5
CHOPPER	224	00007CC6
CHOPPER	225	00007CC7
CHOPPER	226	00007CC8
CHOPPER	228	00007CC9
CHOPPER	229	00007CCA
CHOPPER	230	00007CCB
CHOPPER	231	00007CCC
CHOPPER	232	00007CCD
CHOPPER	233	00007CCE
CHOPPER	234	00007CCF
CHOPPER	236	00007CD0
CHOPPER	237	00007CD1
CHOPPER	238	00007CD2
CHOPPER	239	00007CD3
CHOPPER	240	00007CD4
CHOPPER	241	00007CD5
CHOPPER	242	00007CD6
CHOPPER	243	00007CD7
CHOPPER	244	00007CD8
CHOPPER	245	00007CD9
CHOPPER	246	00007CDA
CHOPPER	247	00007CDB
CHOPPER	248	00007CDC
CHOPPER	252	00007CDD
CHOPPER	253	00007CDE
CHOPPER	255	00007CDF
CHOPPER	256	00007CE0
CHOPPER	257	00007CE1
CHOPPER	262	00007CE2
CHOPPER	263	00007CE3
CHOPPER	264	00007CE4
CHOPPER	265	00007CE5
CHOPPER	268	00007CE6
CHOPPER	269	00007CE7
CHOPPER	270	00007CE8
CHOPPER	272	00007CE9
CHOPPER	277	00007CEA
CHOPPER	278	00007CEB
CHOPPER	279	00007CEC
CHOPPER	280	00007CED
CHOPPER	281	00007CEE
CHOPPER	282	00007CEF
CHOPPER	285	00007CF0
CHOPPER	286	00007CF1
CHOPPER	287	00007CF2
CHOPPER	289	00007CF3
CHOPPER	290	00007CF4
CHOPPER	291	00007CF5
CHOPPER	293	00007CF6
CHOPPER	294	00007CF7
CHOPPER	295	00007CF8
CHOPPER	296	00007CF9
CHOPPER	298	00007CFA
CHOPPER	299	00007CFB
CHOPPER	300	00007CFC
CHOPPER	301	00007CFD
CHOPPER	302	00007CFE
CHOPPER	303	00007CFF
CHOPPER	304	00007D00
CHOPPER	308	00007D01
CHOPPER	309	00007D02
CHOPPER	310	00007D03
CHOPPER	311	00007D04
CHOPPER	312	00007D05
CHOPPER	314	00007D06
CHOPPER	315	00007D07
CHOPPER	316	00007D08
CHOPPER	317	00007D09
CHOPPER	318	00007D0A
CHOPPER	319	00007D0B
CHOPPER	320	00007D0C
CHOPPER	321	00007D0D
CHOPPER	322	00007D0E
CHOPPER	328	00007D0F
CHOPPER	329	00007D10
CHOPPER	331	00007D11
CHOPPER	332	00007D12
CHOPPER	333	00007D13
CHOPPER	334	00007D14
CHOPPER	335	00007D15
CHOPPER	336	00007D16
CHOPPER	338	00007D17
CHOPPER	339	00007D18
CHOPPER	340	00007D19
CHOPPER	341	00007D1A
CHOPPER	342	00007D1B
CHOPPER	346	00007D1C
CHOPPER	347	00007D1D
CHOPPER	348	00007D1E
CHOPPER	349	00007D1F
CHOPPER	350	00007D20
CHOPPER	352	00007D21
CHOPPER	353	00007D22
CHOPPER	354	00007D23
CHOPPER	355	00007D24
CHOPPER	356	00007D25
CHOPPER	357	00007D26
CHOPPER	360	00007D27
CHOPPER	361	00007D28
CHOPPER	362	00007D29
CHOPPER	363	00007D2A
CHOPPER	364	00007D2B
CHOPPER	365	00007D2C
CHOPPER	367	00007D2D
CHOPPER	368	00007D2E
CHOPPER	369	00007D2F
CHOPPER	371	00007D30
CHOPPER	372	00007D32
CHOPPER	609	00007D33
CHOPPER	610	00007D34
CHOPPER	612	00007D35
CHOPPER	613	00007D36
CHOPPER	615	00007D37
CHOPPER	616	00007D38
CHOPPER	617	00007D3B
CHOPPER	618	00007D3C
CHOPPER	619	00007D3D
CHOPPER	620	00007D3E
CHOPPER	621	00007D3F
CHOPPER	622	00007D40
CHOPPER	623	00007D41
CHOPPER	625	00007D42
CHOPPER	626	00007D43
CHOPPER	628	00007D44
CHOPPER	629	00007D45
CHOPPER	632	00007D46
CHOPPER	634	00007D47
CHOPPER	635	00007D48
CHOPPER	636	00007D49
CHOPPER	637	00007D4A
CHOPPER	638	00007D4B
CHOPPER	639	00007D4C
CHOPPER	640	00007D4D
CHOPPER	642	00007D4E
CHOPPER	643	00007D4F
CHOPPER	644	00007D50
CHOPPER	646	00007D51
CHOPPER	647	00007D52
CHOPPER	648	00007D53
CHOPPER	649	00007D54
CHOPPER	652	00007D55
CHOPPER	653	00007D57
CHOPPER	654	00007D58
CHOPPER	656	00007D59
CHOPPER	657	00007D5A
CHOPPER	661	00007D5B
CHOPPER	662	00007D5C
CHOPPER	667	00007D5D
CHOPPER	668	00007D5E
CHOPPER	670	00007D5F
CHOPPER	671	00007D60
CHOPPER	673	00007D61
CHOPPER	674	00007D62
CHOPPER	675	00007D63
CHOPPER	676	00007D64
CHOPPER	677	00007D65
CHOPPER	679	00007D66
CHOPPER	682	00007D67
CHOPPER	683	00007D68
CHOPPER	685	00007D69
CHOPPER	686	00007D6B
CHOPPER	687	00007D6C
CHOPPER	688	00007D6D
CHOPPER	695	00007D6E
CHOPPER	696	00007D70
CHOPPER	697	00007D71
CHOPPER	702	00007D72
CHOPPER	703	00007D73
CHOPPER	704	00007D74
CHOPPER	705	00007D75
CHOPPER	707	00007D76
CHOPPER	708	00007D77
CHOPPER	709	00007D78
CHOPPER	715	00007D79
CHOPPER	716	00007D7A
CHOPPER	717	00007D7B
CHOPPER	718	00007D7C
CHOPPER	719	00007D7D
CHOPPER	721	00007D7E
CHOPPER	722	00007D7F
CHOPPER	723	00007D80
CHOPPER	724	00007D81
CHOPPER	726	00007D82
CHOPPER	727	00007D83
CHOPPER	728	00007D84
CHOPPER	729	00007D85
CHOPPER	730	00007D86
CHOPPER	731	00007D87
CHOPPER	732	00007D88
CHOPPER	733	00007D89
CHOPPER	734	00007D8A
CHOPPER	735	00007D8B
CHOPPER	736	00007D8C
CHOPPER	737	00007D8D
CHOPPER	738	00007D8E
CHOPPER	742	00007D8F
CHOPPER	743	00007D90
CHOPPER	745	00007D91
CHOPPER	746	00007D92
CHOPPER	747	00007D93
CHOPPER	750	00007D94
CHOPPER	751	00007D95
CHOPPER	752	00007D96
CHOPPER	753	00007D97
CHOPPER	755	00007D98
CHOPPER	756	00007D99
CHOPPER	762	00007D9A
CHOPPER	763	00007D9B
CHOPPER	765	00007D9C
CHOPPER	766	00007D9D
CHOPPER	767	00007D9E
CHOPPER	776	00007D9F
CHOPPER	777	00007DA0
CHOPPER	778	00007DA1
CHOPPER	779	00007DA2
CHOPPER	781	00007DA3
CHOPPER	782	00007DA4
CHOPPER	783	00007DA5
CHOPPER	785	00007DA6
CHOPPER	790	00007DA7
CHOPPER	791	00007DA8
CHOPPER	792	00007DA9
CHOPPER	793	00007DAA
CHOPPER	794	00007DAB
CHOPPER	795	00007DAC
CHOPPER	798	00007DAD
CHOPPER	799	00007DAE
CHOPPER	800	00007DAF
CHOPPER	805	00007DB0
CHOPPER	806	00007DB1
CHOPPER	807	00007DB2
CHOPPER	808	00007DB3
CHOPPER	810	00007DB4
CHOPPER	811	00007DB5
CHOPPER	812	00007DB6
CHOPPER	813	00007DB7
CHOPPER	814	00007DB8
CHOPPER	815	00007DB9
CHOPPER	816	00007DBA
CHOPPER	822	00007DBB
CHOPPER	823	00007DBC
CHOPPER	824	00007DBD
CHOPPER	825	00007DBE
CHOPPER	826	00007DBF
CHOPPER	828	00007DC0
CHOPPER	829	00007DC1
CHOPPER	830	00007DC2
CHOPPER	831	00007DC3
CHOPPER	832	00007DC4
CHOPPER	833	00007DC5
CHOPPER	834	00007DC6
CHOPPER	835	00007DC7
CHOPPER	836	00007DC8
CHOPPER	842	00007DC9
CHOPPER	843	00007DCA
CHOPPER	845	00007DCB
CHOPPER	846	00007DCC
CHOPPER	847	00007DCD
CHOPPER	848	00007DCE
CHOPPER	849	00007DCF
CHOPPER	850	00007DD0
CHOPPER	852	00007DD1
CHOPPER	853	00007DD2
CHOPPER	854	00007DD3
CHOPPER	855	00007DD4
CHOPPER	856	00007DD5
CHOPPER	860	00007DD6
CHOPPER	861	00007DD7
CHOPPER	864	00007DD8
CHOPPER	865	00007DD9
CHOPPER	867	00007DDA
CHOPPER	868	00007DDB
CHOPPER	869	00007DDC
CHOPPER	870	00007DDD
CHOPPER	871	00007DDE
CHOPPER	875	00007DDF
CHOPPER	876	00007DE0
CHOPPER	877	00007DE1
CHOPPER	878	00007DE2
CHOPPER	879	00007DE3
CHOPPER	880	00007DE4
CHOPPER	881	00007DE5
CHOPPER	882	00007DE6
CHOPPER	886	00007DE7
CHOPPER	887	00007DE8
CHOPPER	888	00007DE9
CHOPPER	889	00007DEA
CHOPPER	890	00007DEB
CHOPPER	891	00007DEC
CHOPPER	892	00007DED
CHOPPER	893	00007DEE
CHOPPER	894	00007DEF
CHOPPER	896	00007DF0
CHOPPER	897	00007DF1
CHOPPER	898	00007DF2
CHOPPER	899	00007DF3
CHOPPER	900	00007DF4
CHOPPER	901	00007DF5
CHOPPER	902	00007DF6
CHOPPER	904	00007DF7
CHOPPER	905	00007DF8
CHOPPER	910	00007DF9
CHOPPER	911	00007DFA
CHOPPER	913	00007DFB
CHOPPER	914	00007DFC
CHOPPER	915	00007DFD
CHOPPER	916	00007DFE
CHOPPER	918	00007DFF
CHOPPER	920	00007E00
CHOPPER	921	00007E01
CHOPPER	922	00007E02
CHOPPER	923	00007E03
CHOPPER	924	00007E04
CHOPPER	925	00007E05
CHOPPER	926	00007E06
CHOPPER	928	00007E07
CHOPPER	929	00007E08
CHOPPER	931	00007E09
CHOPPER	932	00007E0A
CHOPPER	935	00007E0B
CHOPPER	936	00007E0C
CHOPPER	938	00007E0D
CHOPPER	939	00007E0E
CHOPPER	940	00007E0F
CHOPPER	941	00007E10
CHOPPER	943	00007E11
CHOPPER	944	00007E12
CHOPPER	945	00007E13
CHOPPER	946	00007E14
CHOPPER	947	00007E15
CHOPPER	948	00007E16
CHOPPER	949	00007E17
CHOPPER	952	00007E18
CHOPPER	953	00007E19
CHOPPER	955	00007E1A
CHOPPER	956	00007E1B
CHOPPER	957	00007E1C
CHOPPER	958	00007E1D
CHOPPER	959	00007E1E
CHOPPER	960	00007E1F
CHOPPER	961	00007E20
CHOPPER	962	00007E21
CHOPPER	964	00007E22
CHOPPER	965	00007E23
CHOPPER	966	00007E24
CHOPPER	972	00007E25
CHOPPER	973	00007E26
CHOPPER	974	00007E27
CHOPPER	977	00007E28
CHOPPER	978	00007E29
CHOPPER	979	00007E2A
CHOPPER	980	00007E2B
CHOPPER	982	00007E2C
CHOPPER	983	00007E2D
CHOPPER	987	00007E2E
CHOPPER	988	00007E2F
CHOPPER	989	00007E30
CHOPPER	993	00007E31
CHOPPER	994	00007E32
CHOPPER	995	00007E33
CHOPPER	998	00007E34
CHOPPER	999	00007E36
CHOPPER	1000	00007E37
CHOPPER	1001	00007E38
CHOPPER	1004	00007E39
CHOPPER	1005	00007E3A
CHOPPER	1006	00007E3B
CHOPPER	1007	00007E3C
CHOPPER	1008	00007E3D
CHOPPER	1015	00007E3E
CHOPPER	1016	00007E40
CHOPPER	1023	00007E41
CHOPPER	1024	00007E42
CHOPPER	1025	00007E43
CHOPPER	1028	00007E44
CHOPPER	1029	00007E45
CHOPPER	1030	00007E46
CHOPPER	1031	00007E47
CHOPPER	1032	00007E48
CHOPPER	1033	00007E49
CHOPPER	1034	00007E4A
CHOPPER	1035	00007E4B
CHOPPER	1040	00007E4C
CHOPPER	1041	00007E4D
CHOPPER	1043	00007E4E
CHOPPER	1046	00007E4F
CHOPPER	1047	00007E50
CHOPPER	1048	00007E51
CHOPPER	1050	00007E52
CHOPPER	1051	00007E53
CHOPPER	1052	00007E54
CHOPPER	1055	00007E55
CHOPPER	1056	00007E56
CHOPPER	1057	00007E57
CHOPPER	1058	00007E58
CHOPPER	1059	00007E59
CHOPPER	1060	00007E5A
CHOPPER	1061	00007E5B
CHOPPER	1063	00007E5C
CHOPPER	1064	00007E5D
CHOPPER	1066	00007E5E
CHOPPER	1067	00007E60
CHOPPER	1068	00007E61
CHOPPER	1075	00007E62
CHOPPER	1076	00007E63
CHOPPER	1078	00007E64
CHOPPER	1079	00007E65
CHOPPER	1081	00007E66
CHOPPER	1082	00007E67
CHOPPER	1084	00007E68
CHOPPER	1085	00007E69
CHOPPER	1086	00007E6A
CHOPPER	1097	00007E6B
CHOPPER	1098	00007E6C
CHOPPER	1099	00007E6D
CHOPPER	1100	00007E6E
CHOPPER	1102	00007E6F
CHOPPER	1103	00007E70
CHOPPER	1104	00007E71
CHOPPER	1106	00007E72
CHOPPER	1107	00007E73
CHOPPER	1108	00007E74
CHOPPER	1109	00007E75
CHOPPER	1110	00007E76
CHOPPER	1111	00007E77
CHOPPER	1118	00007E78
CHOPPER	1119	00007E79
CHOPPER	1120	00007E7A
CHOPPER	1122	00007E7B
CHOPPER	1124	00007E7C
CHOPPER	1125	00007E7D
CHOPPER	1128	00007E7E
CHOPPER	1129	00007E7F
CHOPPER	1131	00007E80
CHOPPER	1132	00007E81
CHOPPER	1134	00007E82
CHOPPER	1135	00007E83
CHOPPER	1136	00007E84
CHOPPER	1137	00007E85
CHOPPER	1138	00007E86
CHOPPER	1139	00007E87
CHOPPER	1140	00007E88
CHOPPER	1141	00007E89
CHOPPER	1142	00007E8A
CHOPPER	1143	00007E8B
CHOPPER	1144	00007E8C
CHOPPER	1145	00007E8D
CHOPPER	1146	00007E8E
CHOPPER	1147	00007E8F
CHOPPER	1148	00007E90
CHOPPER	1150	00007E91
CHOPPER	1151	00007E92
CHOPPER	1153	00007E93
CHOPPER	1154	00007E94
CHOPPER	1155	00007E95
CHOPPER	1158	00007E96
CHOPPER	1159	00007E97
CHOPPER	1160	00007E98
CHOPPER	1161	00007E99
CHOPPER	1162	00007E9A
CHOPPER	1164	00007E9B
CHOPPER	1171	00007E9C
CHOPPER	1211	00007E9D
CHOPPER	1212	00007E9E
CHOPPER	1213	00007E9F
CHOPPER	1214	00007EA0
CHOPPER	1215	00007EA1
CHOPPER	1216	00007EA2
CHOPPER	1218	00007EA3
CHOPPER	1219	00007EA4
CHOPPER	1220	00007EA5
CHOPPER	1221	00007EA6
CHOPPER	1223	00007EA7
CHOPPER	1226	00007EA8
CHOPPER	1227	00007EA9
CHOPPER	1228	00007EAA
CHOPPER	1229	00007EAB
CHOPPER	1230	00007EAC
CHOPPER	1233	00007EAD
CHOPPER	1234	00007EAE
CHOPPER	1235	00007EAF
CHOPPER	1236	00007EB0
CHOPPER	1237	00007EB1
CHOPPER	1240	00007EB2
CHOPPER	1241	00007EB3
CHOPPER	1243	00007EB4
CHOPPER	1244	00007EB5
CHOPPER	1245	00007EB6
CHOPPER	1246	00007EB7
CHOPPER	1247	00007EB8
CHOPPER	1248	00007EB9
CHOPPER	1249	00007EBA
CHOPPER	1250	00007EBB
CHOPPER	1251	00007EBC
CHOPPER	1252	00007EBD
CHOPPER	1254	00007EBE
CHOPPER	1255	00007EBF
CHOPPER	1256	00007EC0
CHOPPER	1257	00007EC1
CHOPPER	1258	00007EC2
CHOPPER	1259	00007EC3
CHOPPER	1262	00007EC4
CHOPPER	1263	00007EC5
CHOPPER	1265	00007EC6
CHOPPER	1266	00007EC7
CHOPPER	1267	00007EC8
CHOPPER	1268	00007EC9
CHOPPER	1269	00007ECA
CHOPPER	1270	00007ECB
CHOPPER	1271	00007ECC
CHOPPER	1272	00007ECD
CHOPPER	1273	00007ECE
CHOPPER	1274	00007ECF
CHOPPER	1276	00007ED0
CHOPPER	1277	00007ED1
CHOPPER	1278	00007ED2
CHOPPER	1279	00007ED3
CHOPPER	1282	00007ED4
CHOPPER	1285	00007ED5
CHOPPER	1286	00007ED6
CHOPPER	1287	00007ED7
CHOPPER	1289	00007ED8
CHOPPER	1292	00007ED9
CHOPPER	1293	00007EDA
CHOPPER	1294	00007EDB
CHOPPER	1295	00007EDC
CHOPPER	1296	00007EDD
CHOPPER	1298	00007EDE
CHOPPER	1299	00007EDF
CHOPPER	1300	00007EE0
CHOPPER	1301	00007EE1
CHOPPER	1302	00007EE2
CHOPPER	1303	00007EE3
CHOPPER	1304	00007EE4
CHOPPER	1306	00007EE5
CHOPPER	1307	00007EE6
CHOPPER	1308	00007EE7
CHOPPER	1309	00007EE8
CHOPPER	1312	00007EE9
CHOPPER	1313	00007EEA
CHOPPER	1314	00007EEB
CHOPPER	1315	00007EEC
CHOPPER	1321	00007EED
CHOPPER	1322	00007EEE
CHOPPER	1323	00007EEF
CHOPPER	1324	00007EF0
CHOPPER	1325	00007EF1
CHOPPER	1326	00007EF2
CHOPPER	1327	00007EF3
CHOPPER	1328	00007EF4
CHOPPER	1329	00007EF5
CHOPPER	1330	00007EF6
CHOPPER	1331	00007EF7
CHOPPER	1332	00007EF8
CHOPPER	1334	00007EF9
CHOPPER	1335	00007EFA
CHOPPER	1336	00007EFB
CHOPPER	1337	00007EFC
CHOPPER	1338	00007EFD
CHOPPER	1340	00007EFE
CHOPPER	1570	00007EFF
CHOPPER	1572	00007F00
CHOPPER	1573	00007F01
CHOPPER	1574	00007F02
CHOPPER	1575	00007F03
CHOPPER	1576	00007F04
CHOPPER	1578	00007F05
CHOPPER	1579	00007F06
CHOPPER	1581	00007F07
CHOPPER	1582	00007F08
CHOPPER	1583	00007F09
CHOPPER	1584	00007F0A
CHOPPER	1586	00007F0B
CHOPPER	1587	00007F0C
CHOPPER	1591	00007F0D
CHOPPER	1592	00007F0E
CHOPPER	1594	00007F0F
CHOPPER	1595	00007F10
CHOPPER	1596	00007F11
CHOPPER	1597	00007F12
CHOPPER	1599	00007F13
CHOPPER	1600	00007F14
CHOPPER	1602	00007F15
CHOPPER	1603	00007F16
CHOPPER	1604	00007F17
CHOPPER	1605	00007F18
CHOPPER	1607	00007F19
CHOPPER	1608	00007F1A
CHOPPER	1612	00007F1B
CHOPPER	1613	00007F1C
CHOPPER	1615	00007F1D
CHOPPER	1616	00007F1E
CHOPPER	1617	00007F1F
CHOPPER	1618	00007F20
CHOPPER	1621	00007F21
CHOPPER	1632	00007F22
CHOPPER	1633	00007F23
CHOPPER	1635	00007F24
CHOPPER	1636	00007F25
CHOPPER	1637	00007F26
CHOPPER	1639	00007F27
CHOPPER	1640	00007F28
CHOPPER	1641	00007F29
CHOPPER	1643	00007F2A
CHOPPER	1644	00007F2B
CHOPPER	1645	00007F2C
CHOPPER	1646	00007F2D
CHOPPER	1648	00007F2E
CHOPPER	1649	00007F2F
CHOPPER	1650	00007F30
CHOPPER	1652	00007F31
CHOPPER	1653	00007F32
CHOPPER	1654	00007F33
CHOPPER	1655	00007F34
CHOPPER	1657	00007F35
CHOPPER	1658	00007F36
CHOPPER	1659	00007F37
CHOPPER	1660	00007F38
CHOPPER	1662	00007F39
CHOPPER	1663	00007F3A
CHOPPER	1665	00007F3B
CHOPPER	1666	00007F3C
CHOPPER	1667	00007F3D
CHOPPER	1671	00007F3E
CMOS	27	00009962
CMOS	28	00009964
CMOS	29	00009965
CMOS	30	00009966
CMOS	31	00009967
CMOS	32	00009969
CMOS	39	0000996A
CMOS	40	0000996B
CMOS	41	0000996C
CMOS	42	0000996D
CMOS	43	0000996E
CMOS	44	0000996F
CMOS	46	00009970
CMOS	47	00009971
CMOS	48	00009972
CMOS	49	00009973
CMOS	50	00009974
CMOS	51	00009975
CMOS	53	00009976
CMOS	55	00009977
CMOS	56	00009978
CMOS	57	00009979
CMOS	59	0000997A
CMOS	60	0000997B
CMOS	61	0000997C
CMOS	62	0000997D
CMOS	64	0000997E
CMOS	66	0000997F
CMOS	67	00009980
CMOS	68	00009981
CMOS	70	00009982
CMOS	71	00009983
CMOS	72	00009984
CMOS	73	00009985
CMOS	74	00009986
CMOS	90	00009987
CMOS	91	00009989
CMOS	92	0000998A
CMOS	93	0000998B
CMOS	94	0000998C
CMOS	95	0000998D
CMOS	96	0000998E
CMOS	99	00009990
CMOS	100	00009992
CMOS	101	00009993
CMOS	102	00009994
CMOS	103	00009995
CMOS	104	00009996
CMOS	105	00009997
CMOS	107	00009999
CMOS	108	0000999A
CMOS	109	0000999B
CMOS	110	0000999C
CMOS	120	0000999D
CMOS	121	0000999E
CMOS	122	0000999F
CMOS	123	000099A0
CMOS	126	000099A1
CMOS	127	000099A2
CMOS	128	000099A3
CMOS	129	000099A4
CMOS	130	000099A5
CMOS	131	000099A6
CMOS	133	000099A7
CMOS	134	000099A8
CMOS	135	000099A9
CMOS	136	000099AA
CMOS	137	000099AB
CMOS	210	000099AC
CMOS	211	000099AD
CMOS	212	000099AE
CMOS	213	000099AF
CMOS	214	000099B0
CMOS	215	000099B1
CMOS	216	000099B2
CMOS	217	000099B3
CMOS	218	000099B4
CMOS	219	000099B5
CMOS	221	000099B6
CMOS	222	000099B7
CMOS	224	000099B8
CMOS	225	000099B9
CMOS	226	000099BA
CMOS	228	000099BB
CMOS	229	000099BC
CMOS	230	000099BD
CMOS	231	000099BE
CMOS	233	000099BF
CMOS	234	000099C0
CMOS	235	000099C1
CMOS	237	000099C2
CMOS	238	000099C3
CMOS	239	000099C4
CMOS	241	000099C5
CMOS	242	000099C6
CMOS	243	000099C7
CMOS	244	000099C8
CMOS	245	000099C9
CMOS	246	000099CA
CMOS	247	000099CB
CMOS	248	000099CC
CMOS	249	000099CD
CMOS	255	000099CE
CMOS	256	000099CF
CMOS	257	000099D0
CMOS	258	000099D1
CMOS	259	000099D2
CMOS	260	000099D3
CMOS	261	000099D4
CMOS	263	000099D5
CMOS	264	000099D6
CMOS	266	000099D7
CMOS	267	000099D8
CMOS	268	000099D9
CMOS	269	000099DA
CMOS	270	000099DB
CMOS	272	000099DC
CMOS	273	000099DD
CMOS	274	000099DE
CMOS	277	000099DF
CMOS	294	000099E0
CMOS	295	000099E1
CMOS	296	000099E2
CMOS	297	000099E3
CMOS	298	000099E4
CMOS	299	000099E5
CMOS	300	000099E6
CMOS	302	000099E7
CMOS	303	000099E8
CMOS	306	000099E9
CMOS	307	000099EA
CMOS	308	000099EB
CMOS	309	000099ED
CMOS	310	000099EE
CMOS	311	000099EF
CMOS	312	000099F0
CMOS	313	000099F1
CMOS	314	000099F2
CMOS	315	000099F3
CMOS	316	000099F4
CMOS	327	000099F5
CMOS	328	000099F6
CMOS	329	000099F7
CMOS	331	000099F8
CMOS	332	000099F9
CMOS	334	000099FA
CMOS	335	000099FB
CMOS	336	000099FC
CMOS	338	000099FD
CMOS	339	000099FE
CMOS	340	000099FF
CMOS	342	00009A00
CMOS	343	00009A01
CMOS	344	00009A02
CMOS	345	00009A03
CMOS	346	00009A04
CMOS	394	00009A05
CMOS	395	00009A06
CMOS	396	00009A07
CMOS	397	00009A08
CMOS	398	00009A09
CMOS	399	00009A0A
CMOS	400	00009A0B
CMOS	401	00009A0C
CMOS	415	00009A0D
CMOS	416	00009A0E
CMOS	417	00009A0F
CMOS	418	00009A10
CMOS	419	00009A11
CMOS	420	00009A12
CMOS	421	00009A13
CMOS	435	00009A14
CMOS	436	00009A15
CMOS	437	00009A16
CMOS	438	00009A17
CMOS	439	00009A18
CMOS	452	00009A19
CMOS	453	00009A1A
CMOS	454	00009A1B
CMOS	455	00009A1C
CMOS	456	00009A1D
CMOS	457	00009A1E
CMOS	479	00009A1F
CMOS	480	00009A20
CMOS	481	00009A21
CMOS	482	00009A22
CMOS	483	00009A23
CMOS	520	00009A24
CMOS	521	00009A25
CMOS	522	00009A26
CMOS	524	00009A27
CMOS	525	00009A28
CMOS	526	00009A29
CMOS	528	00009A2A
CMOS	529	00009A2B
CMOS	530	00009A2C
CMOS	531	00009A2D
CMOS	533	00009A2E
CMOS	534	00009A2F
CMOS	535	00009A30
CMOS	536	00009A31
CMOS	538	00009A32
CMOS	539	00009A33
CMOS	540	00009A34
CMOS	542	00009A35
CMOS	543	00009A36
CMOS	544	00009A37
CMOS	559	00009A38
CMOS	560	00009A39
CMOS	561	00009A3A
CMOS	562	00009A3B
CMOS	563	00009A3C
CMOS	564	00009A3D
CMOS	566	00009A3E
CMOS	567	00009A3F
CMOS	568	00009A40
CMOS	569	00009A41
CMOS	570	00009A42
CMOS	571	00009A43
CMOS	572	00009A44
CMOS	573	00009A45
CMOS	574	00009A46
CMOS	575	00009A47
CMOS	576	00009A48
CMOS	577	00009A49
CMOS	578	00009A4A
CMOS	594	00009A4B
CMOS	595	00009A4C
CMOS	596	00009A4D
CMOS	598	00009A4E
CMOS	599	00009A4F
CMOS	601	00009A50
CMOS	602	00009A51
CMOS	603	00009A52
CMOS	604	00009A53
CMOS	606	00009A54
CMOS	607	00009A55
CMOS	608	00009A56
CMOS	609	00009A57
CMOS	611	00009A58
CMOS	612	00009A59
CMOS	613	00009A5A
CMOS	614	00009A5B
CMOS	616	00009A5C
CMOS	617	00009A5D
CMOS	618	00009A5E
CMOS	634	00009A5F
CMOS	635	00009A60
CMOS	636	00009A61
CMOS	637	00009A62
CMOS	638	00009A63
CMOS	639	00009A64
CMOS	640	00009A65
CMOS	642	00009A66
CMOS	644	00009A67
CMOS	645	00009A68
CMOS	646	00009A69
CMOS	647	00009A6A
CMOS	648	00009A6B
CMOS	650	00009A6C
CMOS	651	00009A6D
CMOS	652	00009A6E
CMOS	653	00009A6F
CMOS	655	00009A70
CMOS	656	00009A71
CMOS	657	00009A72
CMOS	658	00009A73
CMOS	659	00009A74
CMOS	660	00009A75
CMOS	661	00009A76
CMOS	662	00009A77
CMOS	663	00009A78
CMOS	713	00009AA2
CMOS	714	00009AA3
CMOS	715	00009AA4
CMOS	716	00009AA5
CMOS	717	00009AA6
CMOS	719	00009AA7
CMOS	720	00009AA8
CMOS	721	00009AA9
CMOS	729	00009AAA
CMOS	730	00009AAB
CMOS	731	00009AAC
CMOS	732	00009AAD
CMOS	733	00009AAE
CMOS	734	00009AAF
CMOS	735	00009AB0
CMOS	736	00009AB1
CMOS	737	00009AB2
CMOS	738	00009AB3
CMOS	739	00009AB4
CMOS	740	00009AB5
CMOS	741	00009AB6
CMOS	742	00009AB7
CMOS	744	00009AB8
CMOS	745	00009AB9
CMOS	746	00009ABA
CMOS	747	00009ABB
CMOS	748	00009ABC
CMOS	758	00009ABD
CMOS	759	00009ABE
CMOS	760	00009ABF
CMOS	761	00009AC0
CMOS	762	00009AC1
CMOS	763	00009AC2
CMOS	764	00009AC3
CMOS	786	00009AC4
CMOS	787	00009AC5
CMOS	789	00009AC6
CMOS	790	00009AC7
CMOS	791	00009AC8
CMOS	792	00009AC9
CMOS	793	00009ACA
CMOS	795	00009ACB
CMOS	796	00009ACC
CMOS	798	00009ACD
CMOS	799	00009ACE
CMOS	800	00009ACF
CMOS	801	00009AD0
CMOS	802	00009AD1
CMOS	804	00009AD2
CMOS	805	00009AD3
CMOS	812	00009AD4
CMOS	813	00009AD5
CMOS	815	00009AD6
CMOS	816	00009AD7
CMOS	817	00009AD8
CMOS	819	00009AD9
CMOS	820	00009ADA
CMOS	822	00009ADB
CMOS	823	00009ADC
CMOS	824	00009ADD
CMOS	825	00009ADE
CMOS	826	00009ADF
CMOS	827	00009AE0
CMOS	828	00009AE1
CMOS	829	00009AE2
CMOS	830	00009AE3
CMOS	831	00009AE4
CMOS	832	00009AE5
CMOS	833	00009AE6
CMOS	834	00009AE7
CMOS	835	00009AE8
CMOS	836	00009AE9
CMOS	837	00009AEA
CMOS	838	00009AEB
CMOS	839	00009AEC
CMOS	841	00009AED
CMOS	842	00009AEE
CMOS	843	00009AEF
CMOS	844	00009AF0
CMOS	846	00009AF1
CMOS	847	00009AF2
CMOS	848	00009AF3
CMOS	849	00009AF4
CMOS	851	00009AF5
CMOS	852	00009AF6
CMOS	853	00009AF7
CMOS	855	00009AF8
CMOS	856	00009AF9
CMOS	857	00009AFA
CMOS	860	00009AFB
CMOS	861	00009AFC
CMOS	876	00009AFD
CMOS	877	00009AFE
CMOS	879	00009AFF
CMOS	880	00009B00
CMOS	881	00009B01
CMOS	882	00009B02
CMOS	884	00009B03
CMOS	885	00009B04
CMOS	886	00009B05
CMOS	887	00009B06
CMOS	902	00009B07
CMOS	903	00009B08
CMOS	904	00009B09
CMOS	905	00009B0A
CMOS	907	00009B0B
CMOS	908	00009B0C
CMOS	909	00009B0D
CMOS	910	00009B0E
CMOS	911	00009B0F
CMOS	913	00009B10
CMOS	914	00009B11
CMOS	916	00009B12
CMOS	917	00009B13
CMOS	918	00009B14
CMOS	920	00009B15
CMOS	933	00009B16
CMOS	934	00009B17
CMOS	935	00009B18
CMOS	936	00009B19
CMOS	939	00009B1A
CMOS	940	00009B1B
CMOS	941	00009B1C
CMOS	942	00009B1D
CMOS	944	00009B1E
CMOS	945	00009B1F
CMOS	946	00009B20
CMOS	948	00009B21
CMOS	950	00009B22
CMOS	951	00009B23
CMOS	952	00009B24
CMOS	953	00009B25
CMOS	954	00009B26
CMOS	955	00009B27
CMOS	956	00009B28
CMOS	957	00009B29
CMOS	958	00009B2A
CMOS	959	00009B2B
CMOS	961	00009B2C
CMOS	962	00009B2D
CMOS	963	00009B2E
CMOS	964	00009B2F
CMOS	965	00009B30
CMOS	984	00009B31
CMOS	986	00009B32
CMOS	988	00009B33
CMOS	989	00009B34
CMOS	991	00009B35
CMOS	992	00009B36
CMOS	993	00009B37
CMOS	994	00009B38
CMOS	995	00009B39
CMOS	996	00009B3A
CMOS	997	00009B3B
CMOS	998	00009B3C
CMOS	1000	00009B3D
CMOS	1001	00009B3E
CMOS	1002	00009B3F
CMOS	1003	00009B40
CMOS	1004	00009B41
CMOS	1005	00009B42
CMOS	1024	00009B43
CMOS	1025	00009B44
CMOS	1026	00009B45
CMOS	1027	00009B46
CMOS	1028	00009B47
CMOS	1030	00009B48
CMOS	1031	00009B49
CMOS	1032	00009B4A
CMOS	1033	00009B4B
CMOS	1035	00009B4C
CMOS	1036	00009B4D
CMOS	1037	00009B4E
CMOS	1039	00009B4F
CMOS	1040	00009B50
CMOS	1043	00009B51
CMOS	1044	00009B52
CMOS	1064	00009B53
CMOS	1065	00009B54
CMOS	1066	00009B55
CMOS	1067	00009B56
CMOS	1068	00009B57
CMOS	1069	00009B58
CMOS	1071	00009B59
CMOS	1072	00009B5A
CMOS	1074	00009B5B
CMOS	1075	00009B5C
CMOS	1077	00009B5D
CMOS	1078	00009B5E
CMOS	1080	00009B5F
CMOS	1081	00009B60
CMOS	1082	00009B61
CMOS	1083	00009B62
CMOS	1085	00009B63
CMOS	1086	00009B64
CMOS	1087	00009B65
CMOS	1088	00009B66
CMOS	1089	00009B67
CMOS	1090	00009B68
CMOS	1091	00009B69
CMOS	1092	00009B6A
CMOS	1094	00009B6B
CMOS	1095	00009B6C
COIN	27	0000733F
COIN	28	00007341
COIN	29	00007343
COIN	31	00007344
COIN	33	00007345
COIN	34	00007346
COIN	35	00007347
COIN	37	00007348
COIN	38	00007349
COIN	41	0000734A
COIN	43	0000734B
COIN	45	0000734C
COIN	46	0000734E
COIN	48	00007350
COIN	56	00007351
COIN	57	00007352
COIN	58	00007353
COIN	59	00007354
COIN	61	00007355
COIN	62	00007356
COIN	63	00007357
COIN	65	00007358
COIN	66	00007359
COIN	67	0000735A
COIN	70	0000735B
COIN	72	0000735C
COIN	73	0000735D
COIN	74	0000735E
COIN	75	0000735F
COIN	76	00007360
COIN	81	00007361
COIN	82	00007362
COIN	86	00007363
COIN	87	00007365
COIN	88	00007367
COIN	90	00007368
COIN	91	00007369
COIN	92	0000736A
COIN	93	0000736B
COIN	94	0000736C
COIN	96	0000736D
COIN	97	0000736E
COIN	101	0000736F
COIN	102	00007371
COIN	103	00007373
COIN	105	00007374
COIN	106	00007375
COIN	107	00007376
COIN	108	00007377
COIN	109	00007378
COIN	111	00007379
COIN	112	0000737A
COIN	115	0000737B
COIN	116	0000737D
COIN	117	0000737F
COIN	118	00007381
COIN	119	00007382
COIN	122	00007383
COIN	123	00007385
COIN	124	00007386
COIN	126	00007387
COIN	127	00007388
COIN	128	0000738A
COIN	133	0000738B
COIN	134	0000738C
COIN	136	0000738D
COIN	137	0000738E
COIN	139	00007390
COIN	140	00007391
COIN	142	00007393
COIN	143	00007395
COIN	149	00007396
COIN	150	00007397
COIN	151	00007398
COIN	153	00007399
COIN	154	0000739A
COIN	155	0000739B
COIN	157	0000739C
COIN	158	0000739D
COIN	159	0000739F
COIN	161	000073A0
COIN	163	000073A2
COIN	164	000073A3
COIN	165	000073A4
COIN	167	000073A5
COIN	168	000073A7
COIN	169	000073A8
COIN	171	000073A9
COIN	172	000073AA
COIN	173	000073AC
COIN	175	000073AD
COIN	178	000073AF
COIN	179	000073B0
COIN	181	000073B1
COIN	182	000073B3
COIN	183	000073B4
COIN	184	000073B5
COIN	185	000073B6
COIN	186	000073B7
COIN	187	000073B8
COIN	188	000073B9
COIN	189	000073BA
COIN	190	000073BB
COIN	191	000073BC
COIN	194	000073BE
COIN	195	000073BF
COIN	197	000073C0
COIN	198	000073C2
COIN	199	000073C3
COIN	201	000073C4
COIN	202	000073C5
COIN	204	000073C7
COIN	205	000073C8
COIN	208	000073CA
COIN	224	000073CB
COIN	225	000073CC
COIN	226	000073CD
COIN	227	000073CE
COIN	228	000073CF
COIN	229	000073D0
COIN	231	000073D1
COIN	232	000073D2
COIN	233	000073D3
COIN	236	000073D4
COIN	237	000073D5
COIN	238	000073D6
COIN	240	000073D7
COIN	241	000073D8
COIN	243	000073D9
COIN	245	000073DA
COIN	249	000073DB
COIN	250	000073DC
COIN	251	000073DD
COIN	254	000073DE
COIN	255	000073DF
COIN	256	000073E0
COIN	273	000073E1
COIN	512	000073E2
COIN	513	000073E3
COIN	514	000073E4
COIN	515	000073E5
COIN	516	000073E6
COIN	517	000073E7
COIN	518	000073E8
COIN	519	000073E9
COIN	520	000073EA
COIN	521	000073EB
COIN	522	000073EC
COIN	523	000073ED
COIN	524	000073EE
COIN	525	000073EF
COIN	526	000073F0
COIN	527	000073F1
COIN	528	000073F2
COIN	530	000073F3
COIN	531	000073F4
COIN	532	000073F5
COIN	533	000073F6
COIN	534	000073F7
COIN	536	000073F8
COIN	537	000073F9
COIN	538	000073FA
COIN	539	000073FB
COIN	540	000073FC
COIN	541	000073FD
COIN	542	000073FE
COIN	543	000073FF
COIN	544	00007400
COIN	550	00007401
COIN	551	00007402
COIN	552	00007403
COIN	554	00007405
COIN	555	00007406
COIN	557	00007408
COIN	558	00007409
COIN	560	0000740B
COIN	561	0000740C
COIN	563	0000740E
COIN	564	0000740F
COIN	565	00007410
COIN	567	00007412
COIN	568	00007413
COIN	569	00007414
COIN	571	00007416
COIN	572	00007417
COIN	573	00007418
COIN	575	0000741A
COIN	576	0000741B
COIN	577	0000741C
COIN	579	0000741E
COIN	580	0000741F
COIN	581	00007420
COIN	583	00007422
COIN	584	00007423
COIN	585	00007424
COIN	587	00007426
COIN	588	00007427
COIN	590	00007429
COIN	591	0000742A
COIN	593	0000742C
COIN	594	0000742D
COIN	596	0000742F
COIN	597	00007430
COIN	599	00007432
COIN	600	00007433
COIN	604	00007434
COIN	605	00007435
COIN	606	00007436
COIN	607	00007437
COIN	609	00007438
COIN	610	00007439
COIN	611	0000743A
COIN	613	0000743B
COIN	614	0000743C
COIN	615	0000743D
COIN	617	0000743E
COIN	618	0000743F
COIN	619	00007440
COIN	620	00007441
COIN	621	00007442
COIN	623	00007443
COIN	624	00007444
COIN	625	00007445
COIN	626	00007446
COIN	627	00007447
COIN	629	00007448
COIN	630	00007449
COIN	631	0000744A
COIN	634	0000744B
COIN	636	0000744C
COIN	638	0000744D
COIN	639	0000744E
COIN	640	0000744F
COIN	641	00007450
COIN	642	00007451
COIN	643	00007452
COIN	644	00007453
COIN	645	00007454
COIN	646	00007455
COIN	647	00007456
COIN	649	00007457
COIN	703	00007477
COIN	704	00007478
COIN	705	00007479
COIN	706	0000747A
COIN	709	0000747B
COIN	710	0000747C
COIN	711	0000747D
COIN	712	0000747E
COIN	713	0000747F
COIN	728	00007489
COIN	730	0000748A
COIN	733	0000748B
COIN	734	0000748C
COIN	736	0000748D
COIN	737	0000748F
COIN	738	00007490
COIN	739	00007491
COIN	741	00007492
COIN	742	00007493
COIN	743	00007494
COIN	746	00007495
COIN	747	00007497
COIN	748	00007498
COIN	749	0000749A
COIN	750	0000749B
COIN	751	0000749C
COIN	754	0000749D
COIN	755	0000749E
COIN	756	0000749F
COIN	757	000074A0
COIN	759	000074A1
COIN	760	000074A2
COIN	761	000074A3
COIN	762	000074A4
COIN	763	000074A5
COIN	765	000074A6
COIN	767	000074A8
COIN	768	000074A9
COIN	769	000074AA
COIN	770	000074AB
COIN	771	000074AC
COIN	772	000074AD
COIN	774	000074AE
COIN	775	000074AF
COIN	777	000074B0
COIN	778	000074B2
COIN	779	000074B3
COIN	780	000074B5
COIN	781	000074B6
COIN	782	000074B7
COIN	783	000074B8
COIN	784	000074B9
COIN	786	000074BA
COIN	788	000074BB
COIN	789	000074BC
COIN	790	000074BD
COIN	791	000074BE
COIN	792	000074BF
COIN	793	000074C0
COIN	794	000074C3
COIN	796	000074C6
COIN	797	000074C7
COIN	799	000074C8
COIN	802	000074C9
COIN	809	000074CA
COIN	810	000074CB
COIN	812	000074CC
COIN	813	000074CD
COIN	814	000074CE
COIN	815	000074CF
COIN	818	000074D0
COIN	819	000074D1
COIN	820	000074D2
COIN	821	000074D3
COIN	822	000074D4
COIN	823	000074D7
COIN	824	000074DA
COIN	825	000074DB
COIN	828	000074DC
COIN	829	000074DD
COIN	830	000074DE
COIN	831	000074DF
COIN	832	000074E0
COIN	835	000074E1
COIN	841	000074E2
COIN	842	000074E3
COIN	844	000074E4
COIN	845	000074E5
COIN	847	000074E6
COIN	848	000074E7
COIN	849	000074E8
COIN	850	000074E9
COIN	853	000074EA
COIN	854	000074EB
COIN	855	000074EC
COIN	856	000074ED
COIN	857	000074EE
COIN	858	000074F1
COIN	859	000074F4
COIN	862	000074F5
COIN	865	000074F6
COIN	866	000074F7
COIN	867	000074F8
COIN	868	000074F9
COIN	869	000074FA
COIN	872	000074FB
COIN	888	000074FC
COIN	889	000074FD
COIN	890	000074FE
COIN	891	000074FF
COIN	892	00007500
COIN	893	00007503
COIN	894	00007506
COIN	896	00007507
COIN	898	00007508
COIN	899	00007509
COIN	900	0000750A
COIN	901	0000750B
COIN	902	0000750C
COIN	903	0000750D
COIN	904	0000750E
COIN	905	0000750F
COIN	906	00007512
COIN	907	00007515
COIN	909	00007516
COIN	911	00007517
COIN	912	00007518
COIN	913	00007519
COIN	914	0000751A
COIN	915	0000751B
COIN	916	0000751C
COIN	917	0000751D
COIN	918	0000751E
COIN	919	00007521
COIN	920	00007524
COIN	921	00007525
COIN	924	00007526
COIN	935	00007527
COIN	936	00007528
COIN	937	00007529
COIN	938	0000752A
COIN	939	0000752B
COIN	940	0000752C
COIN	941	0000752D
COIN	942	0000752E
COIN	943	0000752F
COIN	944	00007530
COIN	945	00007531
COIN	947	00007532
COIN	948	00007533
COIN	949	00007534
COIN	950	00007535
COIN	955	00007536
COIN	956	00007537
COIN	957	00007538
COIN	958	00007539
COIN	959	0000753A
COIN	968	0000753B
COIN	969	0000753C
COIN	971	0000753D
COIN	972	0000753E
COIN	974	0000753F
COIN	975	00007541
COIN	976	00007542
COIN	978	00007543
COIN	979	00007544
COIN	981	00007545
COIN	982	00007546
COIN	983	00007547
COIN	985	00007548
COIN	986	00007549
COIN	987	0000754A
COIN	989	0000754B
COIN	990	0000754C
COIN	991	0000754D
COIN	994	0000754E
COIN	995	00007550
COIN	996	00007551
COIN	998	00007552
COIN	999	00007553
COIN	1002	00007554
COIN	1003	00007555
COIN	1004	00007556
COIN	1006	00007557
COIN	1007	00007558
COIN	1008	00007559
COIN	1011	0000755A
COIN	1012	0000755B
COIN	1013	0000755C
COIN	1015	0000755D
COIN	1016	0000755E
COIN	1017	0000755F
COIN	1018	00007560
COIN	1020	00007561
COIN	1021	00007562
COIN	1022	00007563
COIN	1024	00007564
COIN	1025	00007565
COIN	1026	00007566
COIN	1030	00007567
COIN	1031	00007568
COIN	1032	00007569
COIN	1033	0000756B
COIN	1034	0000756C
COIN	1036	0000756D
COIN	1038	0000756E
COIN	1046	0000756F
COIN	1047	00007570
COIN	1049	00007571
COIN	1050	00007572
COIN	1051	00007573
COIN	1052	00007574
COIN	1053	00007575
COIN	1054	00007576
COIN	1056	00007577
COIN	1057	00007578
COIN	1058	00007579
COIN	1059	0000757A
COIN	1060	0000757B
COIN	1062	0000757C
COIN	1063	0000757D
COIN	1065	0000757E
COIN	1066	0000757F
COIN	1067	00007580
COIN	1068	00007581
COIN	1070	00007582
COIN	1072	00007583
COIN	1073	00007584
COIN	1074	00007585
COIN	1075	00007586
COIN	1076	00007587
COIN	1077	0000758A
COIN	1078	0000758D
COIN	1080	0000758E
COIN	1084	0000758F
COIN	1085	00007590
COIN	1087	00007591
COIN	1088	00007592
COIN	1090	00007593
COIN	1091	00007594
COIN	1092	00007595
COIN	1094	00007596
COIN	1095	00007597
COIN	1096	00007598
COIN	1098	00007599
COIN	1099	0000759A
COIN	1100	0000759B
COIN	1102	0000759C
COIN	1103	0000759D
COIN	1104	0000759E
COIN	1105	0000759F
COIN	1106	000075A0
COIN	1108	000075A1
COIN	1110	000075A2
COIN	1111	000075A3
COIN	1112	000075A4
COIN	1113	000075A5
COIN	1116	000075A6
COIN	1117	000075A7
COIN	1119	000075A8
COIN	1120	000075A9
COIN	1122	000075AA
COIN	1123	000075AB
COIN	1124	000075AC
COIN	1126	000075AD
COIN	1127	000075AE
COIN	1128	000075AF
COIN	1130	000075B0
COIN	1131	000075B1
COIN	1132	000075B2
COIN	1134	000075B3
COIN	1135	000075B4
COIN	1136	000075B5
COIN	1137	000075B6
COIN	1138	000075B7
COIN	1139	000075B8
COIN	1141	000075B9
COIN	1142	000075BA
COIN	1143	000075BB
COIN	1144	000075BC
COIN	1154	000075BF
COIN	1155	000075C0
COIN	1157	000075C1
COIN	1158	000075C2
COIN	1160	000075C3
COIN	1161	000075C4
COIN	1162	000075C5
COIN	1163	000075C6
COIN	1166	000075C7
COIN	1167	000075C9
COIN	1168	000075CA
COIN	1169	000075CB
COIN	1170	000075CC
COIN	1171	000075CD
COIN	1172	000075CE
COIN	1173	000075CF
COIN	1174	000075D0
COIN	1175	000075D1
COIN	1176	000075D2
COIN	1178	000075D3
COIN	1179	000075D4
COIN	1180	000075D5
COIN	1181	000075D6
COIN	1182	000075D7
COIN	1183	000075D8
COIN	1185	000075D9
COIN	1198	000075DA
COIN	1200	000075DB
COIN	1201	000075DD
COIN	1202	000075DE
COIN	1204	000075DF
COIN	1206	000075E0
COIN	1207	000075E2
COIN	1208	000075E3
COIN	1209	000075E5
COIN	1210	000075E6
COIN	1211	000075E7
COIN	1212	000075E8
COIN	1214	000075E9
COIN	1216	000075EA
COIN	1217	000075EB
COIN	1218	000075EC
COIN	1219	000075ED
COIN	1220	000075EE
COIN	1221	000075EF
COIN	1222	000075F2
COIN	1225	000075F5
COIN	1226	000075F6
COIN	1229	000075F7
COIN	1230	000075F8
COIN	1232	000075F9
COIN	1233	000075FA
COIN	1234	000075FB
COIN	1235	000075FC
COIN	1237	000075FD
COIN	1238	000075FE
COIN	1239	000075FF
COIN	1240	00007600
COIN	1241	00007601
COIN	1242	00007602
COIN	1243	00007605
COIN	1244	00007608
COIN	1247	00007609
COIN	1248	0000760A
COIN	1249	0000760B
COIN	1250	0000760C
COIN	1251	0000760D
COIN	1254	0000760E
COIN	1260	0000760F
COIN	1262	00007610
COIN	1263	00007611
COIN	1264	00007612
COIN	1265	00007613
COIN	1266	00007614
COIN	1267	00007615
COIN	1268	00007618
COIN	1270	0000761B
COIN	1297	0000761C
COIN	1298	0000761D
COIN	1299	0000761E
COIN	1300	0000761F
COIN	1301	00007620
COIN	1302	00007621
COIN	1303	00007622
COIN	1305	00007623
COIN	1306	00007624
COIN	1307	00007625
COIN	1309	00007626
COIN	1310	00007627
COIN	1311	00007628
COIN	1313	00007629
COIN	1314	0000762A
COIN	1316	0000762B
COIN	1317	0000762C
COIN	1318	0000762D
COIN	1320	0000762E
COIN	1321	0000762F
COIN	1322	00007630
COIN	1323	00007631
COIN	1324	00007632
COIN	1325	00007633
COIN	1327	00007634
COIN	1328	00007635
COIN	1329	00007636
COIN	1330	00007637
COIN	1331	00007638
COIN	1332	00007639
COIN	1334	0000763A
COIN	1335	00007640
COIN	1336	00007641
COIN	1337	00007642
COIN	1338	00007643
COIN	1339	00007644
COIN	1340	00007645
COIN	1341	00007646
COIN	1344	00007647
COIN	1345	00007648
COIN	1347	00007649
COIN	1348	0000764F
COIN	1349	00007650
COIN	1350	00007651
COIN	1351	00007652
COIN	1353	00007653
COIN	1354	00007654
COIN	1355	00007655
COIN	1357	00007656
COIN	1358	00007657
COIN	1367	00007659
COIN	1368	0000765A
COIN	1370	0000765B
COIN	1371	0000765C
COIN	1373	0000765D
COIN	1374	0000765E
COIN	1375	0000765F
COIN	1376	00007660
COIN	1377	00007661
COIN	1378	00007662
COIN	1379	00007665
COIN	1380	00007668
COLLA	61	00001F8B
COLLA	63	00001F8C
COLLA	64	00001F8D
COLLA	66	00001F8E
COLLA	73	00001F8F
COLLA	74	00001F90
COLLA	76	00001F91
COLLA	77	00001F92
COLLA	78	00001F93
COLLA	80	00001F94
COLLA	81	00001F95
COLLA	82	00001F96
COLLA	84	00001F97
COLLA	85	00001F98
COLLA	87	00001F99
COLLA	88	00001F9A
COLLA	90	00001F9B
COLLA	91	00001F9C
COLLA	93	00001F9D
COLLA	94	00001F9E
COLLA	95	00001F9F
COLLA	97	00001FA0
COLLA	98	00001FA1
COLLA	99	00001FA2
COLLA	101	00001FA3
COLLA	106	00001FA4
COLLA	107	00001FA5
COLLA	108	00001FA6
COLLA	110	00001FA7
COLLA	111	00001FA8
COLLA	112	00001FA9
COLLA	114	00001FAA
COLLA	115	00001FAB
COLLA	116	00001FAC
COLLA	119	00001FAD
COLLA	120	00001FAE
COLLA	121	00001FAF
COLLA	131	00001FB0
COLLA	132	00001FB1
COLLA	133	00001FB2
COLLA	134	00001FB3
COLLA	135	00001FB4
COLLA	149	00001FB6
COLLA	151	00001FB7
COLLA	152	00001FB8
COLLA	154	00001FB9
COLLA	155	00001FBA
COLLA	156	00001FBB
COLLA	157	00001FBC
COLLA	158	00001FBD
COLLA	159	00001FBE
COLLA	161	00001FBF
COLLA	163	00001FC0
COLLA	165	00001FC1
COLLA	166	00001FC2
COLLA	167	00001FC3
COLLA	169	00001FC4
COLLA	170	00001FC5
COLLA	172	00001FC6
COLLA	173	00001FC7
COLLA	174	00001FC8
COLLA	175	00001FC9
COLLA	176	00001FCA
COLLA	178	00001FCB
COLLA	179	00001FCC
COLLA	181	00001FCD
COLLA	182	00001FCE
COLLA	191	00001FCF
COLLA	192	00001FD0
COLLA	193	00001FD1
COLLA	195	00001FD2
COLLA	196	00001FD3
COLLA	197	00001FD4
COLLA	198	00001FD5
COLLA	199	00001FD6
COLLA	200	00001FD7
COLLA	202	00001FD8
COLLA	203	00001FD9
COLLA	205	00001FDA
COLLA	206	00001FDB
COLLA	207	00001FDC
COLLA	209	00001FDD
COLLA	210	00001FDE
COLLA	212	00001FDF
COLLA	213	00001FE0
COLLA	214	00001FE1
COLLA	216	00001FE2
COLLA	217	00001FE3
COLLA	218	00001FE4
COLLA	220	00001FE5
COLLA	225	00001FE6
COLLA	227	00001FE7
COLLA	228	00001FE8
COLLA	230	00001FE9
COLLA	232	00001FEA
COLLA	233	00001FEB
COLLA	235	00001FEC
COLLA	236	00001FED
COLLA	238	00001FEE
COLLA	239	00001FEF
COLLA	241	00001FF0
COLLA	242	00001FF1
COLLA	244	00001FF2
COLLA	245	00001FF3
COLLA	246	00001FF4
COLLA	249	00001FF5
COLLA	263	00001FF6
COLLA	264	00001FF7
COLLA	265	00001FF8
COLLA	266	00001FF9
COLLA	267	00001FFA
COLLA	268	00001FFB
COLLA	270	00001FFC
COLLA	279	00001FFD
COLLA	280	00001FFE
COLLA	282	00001FFF
COLLA	283	00002000
COLLA	284	00002001
COLLA	285	00002002
COLLA	287	00002003
COLLA	288	00002004
COLLA	289	00002005
COLLA	292	00002006
COLLA	293	00002007
COLLA	295	00002008
COLLA	296	00002009
COLLA	297	0000200A
COLLA	300	0000200B
COLLA	301	0000200C
COLLA	302	0000200D
COLLA	303	0000200E
COLLA	304	0000200F
COLLA	305	00002010
COLLA	310	00002011
COLLA	311	00002012
COLLA	313	00002013
COLLA	314	00002014
COLLA	315	00002015
COLLA	316	00002016
COLLA	317	00002017
COLLA	318	00002018
COLLA	322	00002019
COLLA	323	0000201A
COLLA	324	0000201B
COLLA	325	0000201C
COLLA	327	0000201D
COLLA	328	0000201E
COLLA	329	0000201F
COLLA	332	00002020
COLLA	334	00002021
COLLA	335	00002022
COLLA	337	00002023
COLLA	341	00002024
COLLA	343	00002025
COLLA	344	00002026
COLLA	346	00002027
COLLA	347	00002028
COLLA	348	00002029
COLLA	350	0000202A
COLLA	351	0000202B
COLLA	352	0000202C
COLLA	354	0000202D
COLLA	355	0000202E
COLLA	356	0000202F
COLLA	358	00002030
COLLA	359	00002031
COLLA	361	00002032
COLLA	362	00002033
COLLA	363	00002034
COLLA	364	00002035
COLLA	365	00002036
COLLA	366	00002037
COLLA	367	00002038
COLLA	368	00002039
COLLA	370	0000203A
COLLA	371	0000203B
COLLA	372	0000203C
COLLA	373	0000203D
COLLA	374	0000203E
COLLA	375	0000203F
COLLA	376	00002040
COLLA	385	00002041
COLLA	388	00002042
COLLA	389	00002043
COLLA	391	00002044
COLLA	392	00002045
COLLA	394	00002046
COLLA	395	00002047
COLLA	396	00002048
COLLA	398	00002049
COLLA	399	0000204A
COLLA	401	0000204B
COLLA	403	0000204C
COLLA	404	0000204D
COLLA	408	0000204E
COLLA	410	0000204F
COLLA	411	0000204F
COLLA	413	00002050
COLLA	417	00002051
COLLA	418	00002052
COLLA	420	00002053
COLLA	421	00002054
COLLA	423	00002055
COLLA	424	00002056
COLLA	426	00002057
COLLA	427	00002058
COLLA	429	00002059
COLLA	430	0000205A
COLLA	434	0000205B
COLLA	435	0000205C
COLLA	440	0000205D
COLLA	441	0000205E
COLLA	442	0000205F
COLLA	443	00002060
COLLA	444	00002061
COLLA	445	00002062
COLLA	446	00002063
COLLA	448	00002064
COLLA	449	00002065
COLLA	450	00002066
COLLA	452	00002067
COLLA	453	00002068
COLLA	455	00002069
COLLA	456	0000206A
COLLA	458	0000206B
COLLA	459	0000206C
COLLA	461	0000206D
COLLA	462	0000206E
COLLA	465	0000206F
COLLA	466	00002070
COLLA	471	00002071
COLLA	472	00002072
COLLA	490	00002073
COLLA	499	00002074
COLLA	500	00002075
COLLA	501	00002076
COLLA	502	00002077
COLLA	505	00002078
COLLA	507	00002079
COLLA	509	0000207A
COLLA	510	0000207B
COLLA	511	0000207C
COLLA	512	0000207D
COLLA	513	0000207E
COLLA	515	0000207F
COLLA	516	00002080
COLLA	517	00002081
COLLA	519	00002082
COLLA	520	00002083
COLLA	522	00002084
COLLA	523	00002085
COLLA	524	00002086
COLLA	525	00002087
COLLA	526	00002088
COLLA	527	00002089
COLLA	529	0000208A
COLLA	534	0000208B
COLLA	535	0000208C
COLLA	536	0000208D
COLLA	538	0000208E
COLLA	539	0000208F
COLLA	540	00002090
COLLA	541	00002091
COLLA	542	00002092
COLLA	543	00002093
COLLA	545	00002094
COLLA	546	00002095
COLLA	548	00002096
COLLA	549	00002097
COLLA	551	00002098
COLLA	552	00002099
COLLA	556	0000209A
COLLA	557	0000209B
COLLA	558	0000209C
COLLA	562	0000209D
COLLA	563	0000209E
COLLA	566	0000209F
COLLA	567	000020A0
COLLA	568	000020A1
COLLA	569	000020A2
COLLA	573	000020A3
COLLA	574	000020A4
COLLA	575	000020A5
COLLA	577	000020A6
COLLA	578	000020A7
COLLA	580	000020A8
COLLA	581	000020A9
COLLA	583	000020AA
COLLA	584	000020AB
COLLA	586	000020AC
COLLA	588	000020AD
COLLA	589	000020AE
COLLA	590	000020AF
COLLA	592	000020B0
COLLA	593	000020B1
COLLA	594	000020B2
COLLA	597	000020B3
COLLA	609	000020B4
COLLA	611	000020B5
COLLA	612	000020B6
COLLA	620	000020B7
COLLA	621	000020B8
COLLA	622	000020B9
COLLA	623	000020BA
COLLA	624	000020BB
COLLA	625	000020BC
COLLA	626	000020BD
COLLA	628	000020BE
COLLA	630	000020BF
COLLA	632	000020C0
COLLA	634	000020C1
COLLA	635	000020C2
COLLA	637	000020C3
COLLA	638	000020C4
COLLA	639	000020C5
COLLA	640	000020C6
COLLA	641	000020C7
COLLA	642	000020C8
COLLA	643	000020C9
COLLA	644	000020CA
COLLA	646	000020CB
COLLA	647	000020CC
COLLA	648	000020CD
COLLA	649	000020CE
COLLA	650	000020CF
COLLA	651	000020D0
COLLA	652	000020D1
COLLA	653	000020D2
COLLA	655	000020D3
COLLA	667	000020D4
COLLA	669	000020D5
COLLA	671	000020D6
COLLA	672	000020D7
COLLA	674	000020D8
COLLA	676	000020D9
COLLA	680	000020DA
COLLA	681	000020DB
COLLA	683	000020DC
COLLA	684	000020DD
COLLA	686	000020DE
COLLA	687	000020DF
COLLA	691	000020E0
COLLA	693	000020E1
COLLA	694	000020E2
COLLA	695	000020E3
COLLA	696	000020E4
COLLA	697	000020E5
COLLA	698	000020E6
COLLA	719	000020E7
COLLA	720	000020E8
COLLA	722	000020E9
COLLA	723	000020EA
COLLA	724	000020EB
COLLA	725	000020EC
COLLA	727	000020ED
COLLA	728	000020EE
COLLA	729	000020EF
COLLA	730	000020F0
COLLA	732	000020F1
COLLA	733	000020F2
COLLA	734	000020F3
COLLA	735	000020F4
COLLA	737	000020F5
COLLA	738	000020F6
COLLA	742	000020F7
COLLA	743	000020F8
COLLA	744	000020F9
COLLA	745	000020FA
COLLA	749	000020FB
COLLA	750	000020FC
COLLA	751	000020FD
COLLA	752	000020FE
COLLA	772	000020FF
COLLA	773	00002100
COLLA	774	00002101
COLLA	775	00002102
COLLA	776	00002103
COLLA	777	00002104
COLLA	778	00002105
COLLA	779	00002106
COLLA	782	00002107
COLLA	783	00002108
COLLA	785	00002109
COLLA	786	0000210A
COLLA	788	0000210B
COLLA	789	0000210C
COLLA	790	0000210D
COLLA	791	0000210E
COLLA	793	0000210F
COLLA	794	00002110
COLLA	795	00002111
COLLA	796	00002112
COLLA	797	00002113
COLLA	798	00002114
COLLA	799	00002115
COLLA	800	00002116
COLLA	801	00002117
COLLA	802	00002118
COLLA	804	00002119
COLLA	805	0000211A
COLLA	806	0000211B
COLLA	807	0000211C
COLLA	810	0000211D
COLLA	811	0000211E
COLLA	812	0000211F
COLLA	813	00002120
COLLA	814	00002121
COLLA	816	00002122
COLLA	817	00002123
COLLA	818	00002124
COLLA	820	00002125
COLLA	821	00002125
COLLA	826	00002126
COLLA	827	00002126
COLLA	828	00002127
COLLA	829	00002128
COLLA	830	00002128
COLLA	832	00002129
COLLA	833	00002129
COLLA	834	0000212A
COLLA	835	0000212B
COLLA	836	0000212B
COLLA	837	0000212C
COLLA	838	0000212C
COLLA	840	0000212D
COLLA	841	0000212D
COLLA	842	0000212E
COLLA	843	0000212F
COLLA	844	0000212F
COLLA	845	00002130
COLLA	846	00002130
COLLA	847	00002131
COLLA	848	00002132
COLLA	849	00002133
COLLA	851	00002134
COLLA	852	00002135
COLLA	853	00002136
COLLA	855	00002137
COLLA	856	00002138
COLLA	859	00002139
COLLA	860	0000213A
COLLA	861	0000213B
COLLA	875	0000213C
COLLA	876	0000213D
COLLA	878	0000213E
COLLA	879	0000213F
COLLA	881	00002140
COLLA	882	00002141
COLLA	883	00002142
COLLA	885	00002143
COLLA	886	00002144
COLLA	887	00002145
COLLA	889	00002146
COLLA	890	00002147
COLLA	892	00002148
COLLA	893	00002149
COLLA	900	0000214A
COLLA	901	0000214B
COLLA	902	0000214C
COLLA	904	0000214D
COLLA	905	0000214E
COLLA	907	0000214F
COLLA	908	00002150
COLLA	909	00002151
COLLA	911	00002152
COLLA	912	00002153
COLLA	913	00002154
COLLA	914	00002155
COLLA	915	00002156
COLLA	917	00002157
COLLA	918	00002158
COLLA	919	00002159
COLLA	921	0000215A
COLLA	922	0000215B
COLLA	923	0000215C
COLLA	924	0000215D
COLLA	925	0000215E
COLLA	927	0000215F
COLLA	928	00002160
COLLA	929	00002161
COLLA	931	00002162
COLLA	932	00002163
COLLA	933	00002164
COLLA	934	00002165
COLLA	935	00002166
COLLA	937	00002167
COLLA	938	00002168
COLLA	939	00002169
COLLA	942	0000216A
COLLA	943	0000216B
COLLA	945	0000216C
COLLA	946	0000216D
COLLA	947	0000216E
COLLA	948	0000216F
COLLA	949	00002170
COLLA	950	00002171
COLLA	951	00002172
COLLA	952	00002173
COLLA	953	00002174
COLLA	955	00002175
COLLA	956	00002176
COLLA	957	00002177
COLLA	958	00002178
COLLA	959	00002179
COLLA	960	0000217A
COLLA	962	0000217B
COLLA	963	0000217C
COLLA	964	0000217D
COLLA	965	0000217E
COLLA	966	0000217F
COLLA	967	00002180
COLLA	968	00002181
COLLA	969	00002182
COLLA	970	00002183
COLLA	971	00002184
COLLA	983	00002185
COLLA	984	00002186
COLLA	985	00002187
COLLA	986	00002188
COLLA	987	00002189
COLLA	988	0000218A
COLLA	990	0000218B
COLLA	991	0000218C
COLLA	992	0000218D
COLLA	993	0000218E
COLLA	994	0000218F
COLLA	996	00002190
COLLA	997	00002191
COLLA	998	00002192
COLLA	999	00002193
COLLA	1000	00002194
COLLA	1001	00002195
COLLA	1002	00002196
COLLA	1004	00002197
COLLA	1005	00002198
COLLA	1006	00002199
COLLA	1007	0000219A
COLLA	1009	0000219B
COLLA	1011	0000219C
COLLA	1012	0000219D
COLLA	1013	0000219E
COLLA	1014	0000219F
COLLA	1016	000021A0
COLLA	1017	000021A1
COLLA	1018	000021A2
COLLA	1019	000021A3
COLLA	1021	000021A4
COLLA	1022	000021A5
COLLA	1023	000021A6
COLLA	1025	000021A7
COLLA	1026	000021A8
COLLA	1027	000021A9
COLLA	1028	000021AA
COLLA	1030	000021AB
COLLA	1031	000021AC
COLLA	1032	000021AD
COLLA	1033	000021AE
COLLA	1034	000021AF
COLLA	1036	000021B0
COLLA	1040	000021B1
COLLA	1041	000021B2
COLLA	1042	000021B3
COLLA	1043	000021B4
COLLA	1045	000021B5
COLLA	1046	000021B6
COLLA	1047	000021B7
COLLA	1049	000021B8
COLLA	1050	000021B9
COLLA	1051	000021BA
COLLA	1053	000021BB
COLLA	1054	000021BC
COLLA	1055	000021BD
COLLA	1057	000021BE
COLLA	1058	000021BF
COLLA	1059	000021C0
COLLA	1063	000021C1
COLLA	1064	000021C2
COLLA	1066	000021C3
COLLA	1069	000021C4
COLLA	1071	000021C5
COLLA	1072	000021C6
COLLA	1073	000021C7
COLLA	1076	000021C8
COLLA	1078	000021C9
COLLA	1079	000021CA
COLLA	1080	000021CB
COLLA	1081	000021CC
COLLA	1082	000021CD
COLLA	1083	000021CE
COLLA	1084	000021CF
COLLA	1091	000021D0
COLLA	1092	000021D1
COLLA	1093	000021D2
COLLA	1094	000021D3
COLLA	1096	000021D4
COLLA	1097	000021D5
COLLA	1099	000021D6
COLLA	1103	000021D7
COLLA	1104	000021D8
COLLA	1105	000021D9
COLLA	1106	000021DA
COLLA	1107	000021DB
COLLA	1108	000021DC
COLLA	1109	000021DD
COLLA	1110	000021DE
COLLA	1112	000021DF
COLLA	1119	000021E0
COLLA	1120	000021E1
COLLA	1121	000021E2
COLLA	1124	000021E3
COLLA	1125	000021E4
COLLA	1126	000021E5
COLLA	1127	000021E6
COLLA	1128	000021E7
COLLA	1130	000021E8
COLLA	1136	000021E9
COLLA	1137	000021EA
COLLA	1138	000021EB
COLLA	1144	000021EC
COLLA	1145	000021ED
COLLA	1146	000021EE
COLLA	1152	000021EF
COLLA	1153	000021F0
COLLA	1159	000021F1
COLLA	1162	000021F2
COLLA	1163	000021F3
COLLA	1164	000021F4
COLLA	1167	000021F5
COLLA	1168	000021F6
COLLA	1169	000021F7
COLLA	1171	000021F8
COLLA	1172	000021F9
COLLA	1173	000021FA
COLLA	1174	000021FB
COLLA	1175	000021FC
COLLA	1176	000021FD
COLLA	1178	000021FE
COLLA	1179	000021FF
COLLA	1180	00002200
COLLA	1181	00002201
COLLA	1182	00002202
COLLA	1184	00002203
COLLA	1185	00002204
COLLA	1186	00002205
COLLA	1187	00002206
COLLA	1202	00002207
COLLA	1203	00002208
COLLA	1204	00002209
COLLA	1205	0000220A
COLLA	1209	0000220B
COLLA	1210	0000220C
COLLA	1212	0000220D
COLLA	1213	0000220E
COLLA	1215	0000220F
COLLA	1216	00002210
COLLA	1217	00002211
COLLA	1219	00002212
COLLA	1221	00002213
COLLA	1222	00002214
COLLA	1224	00002215
COLLA	1225	00002216
COLLA	1226	00002217
COLLA	1228	00002218
COLLA	1229	00002219
COLLA	1230	0000221A
COLLA	1232	0000221B
COLLA	1233	0000221C
COLLA	1234	0000221D
COLLA	1237	0000221E
COLLA	1246	0000221F
COLLA	1247	00002220
COLLA	1248	00002221
COLLA	1249	00002222
COLLA	1254	00002223
COLLA	1255	00002224
COLLA	1256	00002225
COLLA	1258	00002226
COLLA	1259	00002227
COLLA	1261	00002228
COLLA	1262	00002229
COLLA	1263	0000222A
COLLA	1264	0000222B
COLLA	1265	0000222C
COLLA	1266	0000222D
COLLA	1270	0000222E
COLLA	1271	0000222F
COLLA	1273	00002230
COLLA	1274	00002231
COLLA	1275	00002232
COLLA	1276	00002233
COLLA	1281	00002234
COLLA	1282	00002235
COLLA	1283	00002236
COLLA	1286	00002237
COLLA	1287	00002238
COLLA	1295	00002239
COLLA	1296	0000223A
COLLA	1297	0000223B
COLLA	1298	0000223C
COLLA	1300	0000223D
COLLA	1301	0000223E
COLLA	1303	0000223F
COLLA	1304	00002240
COLLA	1306	00002241
COLLA	1307	00002242
COLLA	1320	00002243
COLLA	1321	00002244
COLLA	1322	00002245
COLLA	1323	00002246
COLLA	1326	00002247
COLLA	1327	00002248
COLLA	1328	00002249
COLLA	1329	0000224A
COLLA	1330	0000224B
COLLA	1331	0000224C
COLLA	1333	0000224D
COLLA	1334	0000224E
COLLA	1335	00002250
COLLA	1338	00002251
COLLA	1339	00002254
COLLA	1341	00002255
COLLA	1342	00002256
COLLA	1343	00002257
COLLA	1344	00002258
COLLA	1345	00002259
COLLA	1346	0000225A
COLLA	1347	0000225B
COLLA	1350	0000225C
COLLA	1351	0000225D
COLLA	1352	0000225E
COLLA	1356	0000225F
COLLA	1358	00002260
COLLA	1359	00002261
COLLA	1361	00002262
COLLA	1362	00002263
COLLA	1363	00002264
COLLA	1364	00002265
COLLA	1366	00002266
COLLA	1367	00002267
COLLA	1368	00002268
COLLA	1369	00002269
COLLA	1370	0000226A
COLLA	1371	0000226B
COLLA	1373	0000226C
COLLA	1374	0000226D
COLLA	1375	0000226E
COLLA	1379	0000226F
COLLA	1380	00002270
COLLA	1382	00002271
COLLA	1384	00002272
COLLA	1385	00002273
COLLA	1387	00002274
COLLA	1388	00002275
COLLA	1389	00002276
COLLA	1390	00002277
COLLA	1391	00002278
COLLA	1392	00002279
COLLA	1393	0000227A
COLLA	1397	0000227B
COLLA	1398	0000227C
COLLA	1400	0000227D
COLLA	1401	0000227E
COLLA	1403	0000227F
COLLA	1405	00002280
COLLA	1407	00002281
COLLA	1409	00002282
COLLA	1410	00002283
COLLA	1411	00002284
COLLA	1412	00002285
COLLA	1414	00002286
COLLA	1415	00002287
COLLA	1416	00002288
COLLA	1417	00002289
COLLA	1418	0000228A
COLLA	1419	0000228B
COLLA	1421	0000228C
COLLA	1422	0000228D
COLLA	1423	0000228E
COLLA	1424	0000228F
COLLA	1425	00002290
COLLA	1428	00002291
COLLA	1429	00002292
COLLA	1430	00002293
COLLA	1431	00002294
COLLA	1433	00002295
COLLA	1434	00002296
COLLA	1435	00002297
COLLA	1436	00002298
COLLA	1438	00002299
COLLA	1439	0000229A
COLLA	1440	0000229B
COLLA	1442	0000229C
COLLA	1443	0000229D
COLLA	1444	0000229E
COLLA	1445	0000229F
COLLA	1447	000022A0
COLLA	1448	000022A1
COLLA	1449	000022A2
COLLA	1450	000022A3
COLLA	1451	000022A4
COLLA	1452	000022A5
COLLA	1454	000022A6
COLLA	1455	000022A7
COLLA	1456	000022A8
COLLA	1459	000022A9
COLLA	1460	000022AB
COLLA	1471	000022AC
COLLA	1472	000022AD
COLLA	1474	000022AE
COLLA	1476	000022AF
COLLA	1477	000022B0
COLLA	1479	000022B1
COLLA	1488	000022B2
COLLA	1489	000022B3
COLLA	1490	000022B4
COLLA	1491	000022B5
COLLA	1492	000022B6
COLLA	1493	000022B7
COLLA	1495	000022B8
COLLA	1496	000022B9
COLLA	1497	000022BA
COLLA	1499	000022BB
COLLA	1501	000022BC
COLLA	1502	000022BD
COLLA	1503	000022BE
COLLA	1504	000022BF
COLLA	1505	000022C0
COLLA	1507	000022C1
COLLA	1508	000022C2
COLLA	1509	000022C3
COLLA	1511	000022C4
COLLA	1513	000022C5
COLLA	1514	000022C6
COLLA	1515	000022C7
COLLA	1516	000022C8
COLLA	1518	000022C9
COLLA	1519	000022CA
COLLA	1520	000022CB
COLLA	1521	000022CC
COLLA	1523	000022CD
COLLA	1524	000022CE
COLLA	1525	000022CF
COLLA	1527	000022D0
COLLA	1528	000022D1
COLLA	1529	000022D2
COLLA	1531	000022D3
COLLA	1532	000022D4
COLLA	1533	000022D5
COLLA	1534	000022D6
COLLA	1535	000022D7
COLLA	1536	000022D8
COLLA	1538	000022D9
COLLA	1539	000022DA
COLLA	1540	000022DB
COLLA	1541	000022DC
COLLA	1543	000022DD
COLLA	1545	000022DE
COLLA	1546	000022DF
COLLA	1548	000022E0
COLLA	1549	000022E1
COLLA	1550	000022E2
COLLA	1552	000022E3
COLLA	1553	000022E4
COLLA	1555	000022E5
COLLA	1556	000022E6
COLLA	1560	000022E7
COLLA	1562	000022E8
COLLA	1563	000022E9
COLLA	1564	000022EA
COLLA	1565	000022EB
COLLA	1567	000022EC
COLLA	1568	000022ED
COLLA	1570	000022EE
COLLA	1571	000022EF
COLLA	1572	000022F0
COLLA	1574	000022F1
COLLA	1575	000022F2
COLLA	1576	000022F3
COLLA	1577	000022F4
COLLA	1578	000022F5
COLLA	1580	000022F6
COLLA	1581	000022F7
COLLA	1582	000022F8
COLLA	1583	000022F9
COLLA	1594	000022FA
COLLA	1595	000022FB
COLLA	1596	000022FC
COLLA	1597	000022FD
COLLA	1599	000022FE
COLLA	1600	000022FF
COLLA	1601	00002300
COLLA	1602	00002301
COLLA	1603	00002302
COLLA	1605	00002303
COLLA	1606	00002304
COLLA	1607	00002305
COLLA	1608	00002306
COLLA	1609	00002307
COLLA	1610	00002308
COLLA	1611	00002309
COLLA	1612	0000230A
COLLA	1613	0000230B
COLLA	1614	0000230C
COLLA	1616	0000230D
COLLA	1617	0000230E
COLLA	1618	0000230F
COLLA	1619	00002310
COLLA	1620	00002311
COLLA	1622	00002312
COLLA	1624	00002313
COLLA	1625	00002314
COLLA	1626	00002315
COLLA	1628	00002316
COLLA	1629	00002317
COLLA	1631	00002318
COLLA	1633	00002319
COLLA	1634	0000231A
COLLA	1636	0000231B
COLLA	1637	0000231C
COLLA	1638	0000231D
COLLA	1639	0000231E
COLLA	1640	0000231F
COLLA	1641	00002320
COLLA	1643	00002321
COLLA	1644	00002322
COLLA	1646	00002323
COLLA	1647	00002324
COLLA	1649	00002325
COLLA	1650	00002326
COLLA	1652	00002327
COLLA	1653	00002328
COLLA	1655	00002329
COLLA	1660	0000232A
COLLA	1661	0000232B
COLLA	1662	0000232C
COLLA	1675	00002334
COLLA	1676	00002335
COLLA	1677	00002336
COLLA	1679	00002337
COLLA	1680	00002338
COLLA	1681	00002339
COLLA	1683	0000233A
COLLA	1685	0000233B
COLLA	1686	0000233C
COLLA	1687	0000233D
COLLA	1689	0000233E
COLLA	1691	0000233F
COLLA	1692	00002340
COLLA	1693	00002341
COLLA	1694	00002342
COLLA	1705	00002343
COLLA	1706	00002344
COLLA	1708	00002345
COLLA	1709	00002346
COLLA	1710	00002347
COLLA	1711	00002348
COLLA	1712	00002349
COLLA	1713	0000234A
COLLA	1714	0000234B
COLLA	1716	0000234C
COLLA	1718	0000234D
COLLA	1719	0000234E
COLLA	1721	0000234F
COLLA	1722	00002350
COLLA	1723	00002351
COLLA	1724	00002352
COLLA	1725	00002353
COLLA	1726	00002354
COLLA	1728	00002355
COLLA	1729	00002356
COLLA	1734	00002357
COLLA	1736	00002358
COLLA	1737	00002359
COLLA	1738	0000235A
COLLA	1740	0000235B
COLLA	1741	0000235C
COLLA	1745	0000235D
COLLA	1746	0000235E
COLLA	1748	0000235F
COLLA	1749	00002360
COLLA	1751	00002361
COLLA	1752	00002362
COLLA	1754	00002363
COLLA	1755	00002364
COLLA	1757	00002365
COLLA	1758	00002366
COLLA	1759	00002367
COLLA	1761	00002368
COLLA	1762	00002369
COLLA	1763	0000236A
COLLA	1767	0000236B
COLLA	1768	0000236C
COLLA	1770	0000236D
COLLA	1771	0000236E
COLLA	1772	0000236F
COLLA	1774	00002370
COLLA	1775	00002371
COLLA	1776	00002372
COLLA	1777	00002373
COLLA	1778	00002374
COLLA	1780	00002375
COLLA	1781	00002376
COLLA	1782	00002377
COLLA	1784	00002378
COLLA	1785	00002379
COLLA	1786	0000237A
COLLA	1787	0000237B
COLLA	1788	0000237C
COLLA	1790	0000237D
COLLA	1792	0000237E
COLLA	1793	00002380
COLLA	1795	00002381
COLLA	1796	00002382
COLLA	1797	00002383
COLLA	1798	00002384
COLLA	1799	00002385
COLLA	1801	00002386
COLLA	1802	00002387
COLLA	1803	00002388
COLLA	1804	00002389
COLLA	1805	0000238A
COLLA	1808	0000238B
COLLA	1814	0000238C
COLLA	1815	0000238D
COLLA	1817	0000238E
COLLA	1818	0000238F
COLLA	1820	00002390
COLLA	1821	00002391
COLLA	1822	00002392
COLLA	1823	00002393
COLLA	1825	00002394
COLLA	1826	00002395
COLLA	1827	00002396
COLLA	1829	00002397
COLLA	1831	00002398
COLLA	1832	00002399
COLLA	1833	0000239A
COLLA	1844	0000239C
COLLA	1846	0000239D
COLLA	1847	0000239E
COLLA	1848	0000239F
COLLA	1849	000023A0
COLLA	1850	000023A1
COLLA	1851	000023A2
COLLA	1853	000023A3
COLLA	1854	000023A4
COLLA	1855	000023A5
COLLA	1857	000023A6
COLLA	1858	000023A7
COLLA	1859	000023A8
COLLA	1861	000023A9
COLLA	1862	000023AA
COLLA	1863	000023AC
COLLA	1864	000023AD
COLLA	1865	000023AE
COLLA	1879	000023B0
COLLA	1880	000023B1
COLLA	1881	000023B2
COLLA	1883	000023B3
COLLA	1884	000023B4
COLLA	1885	000023B5
COLLA	1887	000023B6
COLLA	1889	000023B7
COLLA	1893	000023B9
COLLA	1894	000023BA
COLLA	1897	000023BB
COLLA	1899	000023BC
COLLA	1900	000023BD
COLLA	1902	000023BE
COLLA	1903	000023BF
COLLA	1904	000023C0
COLLA	1906	000023C1
COLLA	1907	000023C2
COLLA	1908	000023C4
COLLA	1911	000023C5
COLLA	1912	000023C6
COLLA	1913	000023C7
COLLA	1914	000023C8
COLLA	1915	000023C9
COLLA	1917	000023CA
COLLA	1918	000023CB
COLLA	1920	000023CC
COLLA	1921	000023CD
COLLA	1922	000023CE
COLLA	1923	000023CF
COLLA	1925	000023D0
COLLA	1934	000023D1
COLLA	1936	000023D2
COLLA	1937	000023D3
COLLA	1939	000023D4
COLLA	1940	000023D5
COLLA	1944	000023D6
COLLA	1947	000023D7
COLLA	1948	000023D8
COLLA	1950	000023D9
COLLA	1951	000023DA
COLLA	1953	000023DB
COLLA	1954	000023DC
COLLA	1955	000023DD
COLLA	1956	000023DE
COLLA	1958	000023DF
COLLA	1959	000023E0
COLLA	1960	000023E1
COLLA	1962	000023E2
COLLA	1963	000023E3
COLLA	1964	000023E4
COLLA	1972	000023E5
COLLA	1973	000023E6
COLLA	1974	000023E7
COLLA	1976	000023E8
COLLA	1977	000023E9
COLLA	1978	000023EA
COLLA	1979	000023EB
COLLA	1980	000023EC
COLLA	1994	000023EF
COLLA	1995	000023F0
COLLA	1996	000023F1
COLLA	1997	000023F2
COLLA	1998	000023F3
COLLA	2000	000023F4
COLLA	2001	000023F5
COLLA	2002	000023F6
COLLA	2004	000023F7
COLLA	2005	000023F8
COLLA	2007	000023F9
COLLA	2008	000023FA
COLLA	2012	000023FB
COLLA	2013	000023FC
COLLA	2014	000023FD
COLLA	2015	000023FE
COLLA	2017	000023FF
COLLA	2018	00002400
COLLA	2019	00002401
COLLA	2020	00002402
COLLA	2022	00002403
COLLA	2023	00002404
COLLA	2025	00002405
COLLA	2026	00002406
COLLA	2027	00002407
COLLA	2029	00002408
COLLA	2030	00002409
COLLA	2032	0000240A
COLLA	2033	0000240B
COLLA	2035	0000240C
COLLA	2036	0000240D
COLLA	2040	0000240E
COLLA	2041	0000240F
COLLA	2043	00002410
COLLA	2044	00002411
COLLA	2045	00002412
COLLA	2046	00002413
COLLA	2048	00002414
COLLA	2049	00002415
COLLA	2051	00002416
COLLA	2052	00002417
COLLA	2054	00002418
COLLA	2055	00002419
COLLA	2057	0000241A
COLLA	2058	0000241B
COLLA	2060	0000241C
COLLA	2061	0000241D
COLLA	2062	0000241E
COLLA	2063	0000241F
COLLA	2065	00002420
COLLA	2066	00002421
COLLA	2067	00002422
COLLA	2069	00002423
COLLA	2071	00002424
COLLA	2072	00002425
COLLA	2073	00002426
COLLA	2074	00002427
COLLA	2076	00002428
COLLA	2078	00002429
COLLA	2079	0000242A
COLLA	2080	0000242B
COLLA	2081	0000242C
COLLA	2083	0000242D
COLLA	2084	0000242E
COLLA	2085	0000242F
COLLA	2086	00002430
COLLA	2087	00002431
COLLA	2088	00002432
COLLA	2089	00002433
COLLA	2090	00002434
COLLA	2091	00002435
COLLA	2092	00002436
COLLA	2096	00002437
COLLA	2097	00002438
COLLA	2099	00002439
COLLA	2100	0000243A
COLLA	2101	0000243B
COLLA	2102	0000243C
COLLA	2104	0000243D
COLLA	2105	0000243E
COLLA	2106	0000243F
COLLA	2108	00002440
COLLA	2109	00002441
COLLA	2111	00002442
COLLA	2112	00002443
COLLA	2113	00002444
COLLA	2118	00002445
COLLA	2119	00002446
COLLA	2120	00002447
COLLA	2122	00002448
COLLA	2123	00002449
COLLA	2124	0000244A
COLLA	2126	0000244B
COLLA	2127	0000244C
COLLA	2129	0000244D
COLLA	2130	0000244E
COLLA	2131	0000244F
COLLA	2132	00002450
COLLA	2133	00002451
COLLA	2134	00002452
COLLA	2135	00002453
COLLA	2137	00002454
COLLA	2138	00002455
COLLA	2140	00002456
COLLA	2141	00002457
COLLA	2144	00002458
COLLA	2145	00002459
COLLA	2146	0000245A
COLLA	2147	0000245B
COLLA	2148	0000245C
COLLA	2150	0000245D
COLLA	2151	0000245E
COLLA	2152	0000245F
COLLA	2154	00002460
COLLA	2155	00002461
COLLA	2157	00002462
COLLA	2159	00002463
COLLA	2160	00002464
COLLA	2161	00002465
COLLA	2162	00002466
COLLA	2163	00002467
COLLA	2164	00002468
COLLA	2191	00002478
COLLA	2192	00002479
COLLA	2193	0000247A
COLLA	2195	0000247B
COLLA	2196	0000247C
COLLA	2197	0000247D
COLLA	2199	0000247E
COLLA	2200	0000247F
COLLA	2202	00002480
COLLA	2203	00002481
COLLA	2204	00002482
COLLA	2205	00002483
COLLA	2206	00002484
COLLA	2209	00002485
COLLA	2210	00002486
COLLA	2211	00002487
COLLA	2213	00002488
COLLA	2215	00002489
COLLA	2216	0000248A
COLLA	2217	0000248B
COLLA	2219	0000248C
COLLA	2220	0000248D
COLLA	2221	0000248E
COLLA	2223	0000248F
COLLA	2225	00002490
COLLA	2226	00002491
COLLA	2227	00002492
COLLA	2228	00002493
COLLA	2230	00002494
COLLA	2231	00002495
COLLA	2232	00002496
COLLA	2233	00002497
COLLA	2240	00002498
COLLA	2244	00002499
COLLA	2245	0000249A
COLLA	2246	0000249B
COLLA	2247	0000249C
COLLA	2248	0000249D
COLLA	2249	0000249E
COLLA	2250	0000249F
COLLA	2251	000024A0
COLLA	2252	000024A1
COLLA	2254	000024A2
COLLA	2256	000024A3
COLLA	2257	000024A4
COLLA	2258	000024A5
COLLA	2259	000024A6
COLLA	2261	000024A7
COLLA	2262	000024A8
COLLA	2263	000024A9
COLLA	2265	000024AA
COLLA	2266	000024AB
COLLA	2267	000024AC
COLLA	2268	000024AD
COLLA	2270	000024AE
COLLA	2271	000024AF
COLLA	2273	000024B0
COLLA	2274	000024B1
COLLA	2279	000024B2
COLLA	2280	000024B3
COLLA	2283	000024B4
COLLA	2284	000024B5
COLLA	2285	000024B6
COLLA	2287	000024B7
COLLA	2288	000024B8
COLLA	2290	000024B9
COLLA	2293	000024BA
COLLA	2294	000024BB
COLLA	2297	000024BC
COLLA	2298	000024BD
COLLA	2300	000024BE
COLLA	2301	000024BF
COLLA	2302	000024C0
COLLA	2312	000024C1
COLLA	2313	000024C2
COLLA	2314	000024C3
COLLA	2316	000024C4
COLLA	2317	000024C5
COLLA	2318	000024C6
COLLA	2326	000024C7
COLLA	2327	000024C8
COLLA	2328	000024C9
COLLA	2330	000024CA
COLLA	2331	000024CB
COLLA	2332	000024CC
COLLA	2333	000024CE
COLLA	2343	000024CF
COLLA	2344	000024D0
COLLA	2345	000024D1
COLLA	2347	000024D2
COLLA	2349	000024D3
COLLA	2350	000024D4
COLLA	2351	000024D5
COLLA	2353	000024D6
COLLA	2354	000024D7
COLLA	2356	000024D8
COLLA	2357	000024D9
COLLA	2358	000024DA
COLLA	2359	000024DB
COLLA	2360	000024DC
COLLA	2361	000024DD
COLLA	2362	000024DE
COLLA	2363	000024DF
COLLA	2364	000024E0
COLLA	2366	000024E1
COLLA	2367	000024E2
COLLA	2369	000024E3
COLLA	2370	000024E4
COLLA	2371	000024E5
COLLA	2373	000024E6
COLLA	2374	000024E7
COLLA	2376	000024E8
COLLA	2378	000024E9
COLLA	2379	000024EA
COLLA	2380	000024EB
COLLA	2381	000024EC
COLLA	2382	000024ED
COLLA	2384	000024EE
COLLA	2385	000024EF
COLLA	2386	000024F0
COLLA	2388	000024F1
COLLA	2389	000024F2
COLLA	2390	000024F3
COLLA	2391	000024F4
COLLA	2392	000024F5
COLLA	2394	000024F6
COLLA	2396	000024F7
COLLA	2397	000024F8
COLLA	2399	000024F9
COLLA	2400	000024FA
COLLA	2402	000024FB
COLLA	2404	000024FC
COLLA	2405	000024FD
COLLA	2406	000024FE
COLLA	2408	000024FF
COLLA	2409	00002500
COLLA	2415	00002501
COLLA	2416	00002502
COLLA	2417	00002503
COLLA	2419	00002504
COLLA	2420	00002505
COLLA	2421	00002506
COLLA	2425	00002507
COLLA	2426	00002508
COLLA	2428	00002509
COLLA	2430	0000250A
COLLA	2431	0000250B
COLLA	2432	0000250C
COLLA	2433	0000250D
COLLA	2434	0000250E
COLLA	2436	0000250F
COLLA	2437	00002510
COLLA	2439	00002511
COLLA	2440	00002512
COLLA	2441	00002513
COLLA	2442	00002514
COLLA	2445	00002515
COLLA	2446	00002516
COLLA	2448	00002517
COLLA	2449	00002518
COLLA	2454	00002519
COLLA	2455	0000251A
COLLA	2457	0000251B
COLLA	2458	0000251C
COLLA	2461	0000251D
COLLA	2463	0000251E
COLLA	2464	0000251F
COLLA	2466	00002520
COLLA	2467	00002521
COLLA	2468	00002522
COLLA	2469	00002523
COLLA	2470	00002524
COLLA	2471	00002525
COLLA	2472	00002526
COLLA	2473	00002527
COLLA	2474	00002528
COLLA	2475	00002529
COLLA	2476	0000252A
COLLA	2477	0000252B
COLLA	2479	0000252C
COLLA	2480	0000252D
COLLA	2481	0000252E
COLLA	2482	0000252F
COLLA	2484	00002530
COLLA	2487	00002531
COLLA	2489	00002532
COLLA	2490	00002533
COLLA	2491	00002534
COLLA	2493	00002535
COLLA	2495	00002536
COLLA	2496	00002537
COLLA	2497	00002538
COLLA	2499	00002539
COLLA	2500	0000253A
COLLA	2502	0000253B
COLLA	2504	0000253C
COLLA	2505	0000253D
COLLA	2508	0000253E
COLLA	2509	0000253F
COLLA	2510	00002540
COLLA	2511	00002542
COLLA	2514	00002543
COLLA	2515	00002544
COLLA	2524	00002545
COLLA	2525	00002546
COLLA	2526	00002547
COLLA	2528	00002548
COLLA	2529	00002549
COLLA	2535	0000254A
COLLA	2536	0000254B
COLLA	2538	0000254C
COLLA	2540	0000254E
COLLA	2543	0000254F
COLLA	2544	00002550
COLLA	2545	00002551
COLLA	2546	00002552
COLLA	2547	00002553
COLLA	2561	00002554
COLLA	2562	00002555
COLLA	2563	00002556
COLLA	2564	00002557
COLLA	2568	00002558
COLLA	2569	00002559
COLLA	2571	0000255A
COLLA	2572	0000255B
COLLA	2574	0000255C
COLLA	2575	0000255D
COLLA	2579	0000255E
COLLA	2580	0000255F
COLLA	2584	00002560
COLLA	2586	00002561
COLLA	2587	00002562
COLLA	2589	00002563
COLLA	2590	00002564
COLLA	2591	00002565
COLLA	2592	00002566
COLLA	2594	00002567
COLLA	2595	00002568
COLLA	2596	00002569
COLLA	2601	0000256A
COLLA	2602	0000256B
COLLA	2603	0000256C
COLLA	2604	0000256D
COLLA	2605	0000256E
COLLA	2606	0000256F
COLLA	2607	00002570
COLLA	2608	00002571
COLLA	2610	00002572
COLLA	2611	00002573
COLLA	2612	00002574
COLLA	2613	00002575
COLLA	2615	00002576
COLLA	2616	00002577
COLLA	2617	00002578
COLLA	2619	00002579
COLLA	2620	0000257A
COLLA	2623	0000257B
COLLA	2625	0000257C
COLLA	2626	0000257D
COLLA	2627	0000257E
COLLA	2629	0000257F
COLLA	2630	00002580
COLLA	2631	00002581
COLLA	2633	00002582
COLLA	2634	00002583
COLLA	2635	00002584
COLLA	2636	00002586
COLLA	2644	00002587
COLLA	2645	00002588
COLLA	2646	00002589
COLLA	2647	0000258A
COLLA	2648	0000258B
COLLA	2650	0000258C
COLLA	2651	0000258D
COLLA	2652	0000258E
COLLA	2658	0000258F
COLLA	2659	00002590
COLLA	2661	00002591
COLLA	2662	00002592
COLLA	2663	00002593
COLLA	2665	00002594
COLLA	2678	00002597
COLLA	2679	00002598
COLLA	2680	00002599
COLLA	2681	0000259A
COLLA	2682	0000259B
COLLA	2683	0000259C
COLLA	2685	0000259D
COLLA	2686	0000259E
COLLA	2688	0000259F
COLLA	2689	000025A0
COLLA	2691	000025A1
COLLA	2693	000025A2
COLLA	2694	000025A3
COLLA	2695	000025A4
COLLA	2696	000025A5
COLLA	2697	000025A6
COLLA	2698	000025A7
COLLA	2699	000025A8
COLLA	2701	000025A9
COLLA	2702	000025AA
COLLA	2703	000025AB
COLLA	2704	000025AC
COLLA	2712	000025AD
COLLA	2713	000025AE
COLLA	2715	000025AF
COLLA	2717	000025B0
COLLA	2718	000025B1
COLLA	2720	000025B2
COLLA	2721	000025B3
COLLA	2722	000025B4
COLLA	2724	000025B5
COLLA	2725	000025B6
COLLA	2726	000025B7
COLLA	2727	000025B8
COLLA	2728	000025B9
COLLA	2729	000025BA
COLLA	2731	000025BB
COLLA	2733	000025BC
COLLA	2734	000025BD
COLLA	2736	000025BE
COLLA	2737	000025BF
COLLA	2739	000025C0
COLLA	2741	000025C1
COLLA	2743	000025C2
COLLA	2744	000025C3
COLLA	2745	000025C4
COLLA	2746	000025C5
COLLA	2748	000025C6
COLLA	2749	000025C7
COLLA	2750	000025C8
COLLA	2751	000025C9
COLLA	2753	000025CA
COLLA	2755	000025CB
COLLA	2756	000025CC
COLLA	2758	000025CD
COLLA	2759	000025CE
COLLA	2761	000025CF
COLLA	2762	000025D0
COLLA	2764	000025D1
COLLA	2765	000025D2
COLLA	2785	000025D6
COLLA	2786	000025D7
COLLA	2787	000025D8
COLLA	2789	000025D9
COLLA	2791	000025DA
COLLA	2792	000025DB
COLLA	2793	000025DC
COLLA	2795	000025DD
COLLA	2796	000025DE
COLLA	2797	000025DF
COLLA	2798	000025E0
COLLA	2800	000025E1
COLLA	2801	000025E2
COLLA	2802	000025E3
COLLA	2804	000025E4
COLLA	2805	000025E5
COLLA	2806	000025E6
COLLA	2807	000025E7
COLLA	2842	000025E8
COLLA	2843	000025E9
COLLA	2844	000025EA
COLLA	2845	000025EB
COLLA	2849	000025EC
COLLA	2851	000025ED
COLLA	2852	000025EE
COLLA	2853	000025EF
COLLA	2856	000025F0
COLLA	2857	000025F1
COLLA	2859	000025F2
COLLA	2861	000025F3
COLLA	2862	000025F4
COLLA	2864	000025F5
COLLA	2865	000025F6
COLLA	2866	000025F7
COLLA	2867	000025F8
COLLA	2869	000025F9
COLLA	2870	000025FA
COLLA	2871	000025FB
COLLA	2872	000025FC
COLLA	2873	000025FD
COLLA	2874	000025FE
COLLA	2876	000025FF
COLLA	2877	00002600
COLLA	2878	00002601
COLLA	2879	00002602
COLLA	2880	00002603
COLLA	2882	00002604
COLLA	2883	00002605
COLLA	2884	00002606
COLLA	2885	00002607
COLLA	2887	00002608
COLLA	2888	00002609
COLLA	2889	0000260A
COLLA	2890	0000260B
COLLA	2891	0000260C
COLLA	2894	0000260D
COLLA	2906	0000260E
COLLA	2907	0000260F
COLLA	2909	00002610
COLLA	2910	00002611
COLLA	2911	00002612
COLLA	2913	00002613
COLLA	2916	00002614
COLLA	2917	00002615
COLLA	2918	00002616
COLLA	2919	00002617
COLLA	2922	00002618
COLLA	2923	00002619
COLLA	2925	0000261A
COLLA	2927	0000261B
COLLA	2928	0000261C
COLLA	2930	0000261D
COLLA	2931	0000261E
COLLA	2932	0000261F
COLLA	2933	00002620
COLLA	2935	00002621
COLLA	2936	00002622
COLLA	2937	00002623
COLLA	2939	00002624
COLLA	2940	00002625
COLLA	2941	00002626
COLLA	2942	00002627
COLLA	2944	00002628
COLLA	2945	00002629
COLLA	2946	0000262A
COLLA	2947	0000262B
COLLA	2948	0000262C
COLLA	2951	0000262D
COLLA	2952	0000262E
COLLA	2953	0000262F
COLLA	2954	00002630
COLLA	2955	00002631
COLLA	2957	00002632
COLLA	2971	00002633
COLLA	2972	00002634
COLLA	2973	00002635
COLLA	2974	00002636
COLLA	2975	00002637
COLLA	2976	00002638
COLLA	2977	00002639
COLLA	2978	0000263A
COLLA	2979	0000263B
COLLA	2980	0000263C
COLLA	2984	0000263D
COLLA	2985	0000263E
COLLA	2986	0000263F
COLLA	2988	00002640
COLLA	2989	00002641
COLLA	2990	00002642
COLLA	2991	00002643
COLLA	2992	00002644
COLLA	3005	00002645
COLLA	3006	00002646
COLLA	3009	00002647
COLLA	3010	00002648
COLLA	3011	00002649
COLLA	3013	0000264A
COLLA	3014	0000264B
COLLA	3015	0000264C
COLLA	3016	0000264D
COLLA	3017	0000264E
COLLA	3018	0000264F
COLLA	3019	00002650
COLLA	3020	00002651
COLLA	3021	00002652
COLLA	3022	00002653
COLLA	3023	00002654
COLLA	3024	00002655
COLLA	3025	00002656
COLLA	3026	00002657
COLLA	3027	00002658
COLLA	3029	00002659
COLLA	3030	0000265A
COLLA	3031	0000265B
COLLA	3032	0000265C
COLLA	3033	0000265D
COLLA	3034	0000265E
COLLA	3036	0000265F
COLLA	3037	00002660
COLLA	3038	00002661
COLLA	3039	00002662
COLLA	3040	00002663
COLLA	3041	00002664
COLLA	3043	00002665
COLLA	3048	00002666
COLLA	3050	00002667
COLLA	3052	00002668
COLLA	3053	00002669
COLLA	3055	0000266A
COLLA	3056	0000266B
COLLA	3058	0000266C
COLLA	3059	0000266D
COLLA	3060	0000266E
COLLA	3061	0000266F
COLLA	3062	00002670
COLLA	3063	00002671
COLLA	3065	00002672
COLLA	3066	00002673
COLLA	3067	00002674
COLLA	3068	00002675
COLLA	3070	00002676
COLLA	3071	00002677
COLLA	3072	00002678
COLLA	3073	00002679
COLLA	3074	0000267A
COLLA	3075	0000267B
COLLA	3087	0000267C
COLLA	3088	0000267D
COLLA	3090	0000267E
COLLA	3091	0000267F
COLLA	3092	00002680
COLLA	3094	00002681
COLLA	3095	00002682
COLLA	3096	00002683
COLLA	3101	00002684
COLLA	3102	00002685
COLLA	3105	00002686
COLLA	3106	00002687
COLLA	3107	00002688
COLLA	3109	00002689
COLLA	3110	0000268A
COLLA	3111	0000268B
COLLA	3115	0000268C
COLLA	3116	0000268D
COLLA	3125	0000268E
COLLA	3126	0000268F
COLLA	3127	00002690
COLLA	3128	00002691
COLLA	3129	00002692
COLLA	3131	00002693
COLLA	3132	00002694
COLLA	3133	00002695
COLLA	3134	00002696
COLLA	3136	00002697
COLLA	3137	00002698
COLLA	3138	00002699
COLLA	3139	0000269A
COLLA	3140	0000269B
COLLA	3141	0000269C
COLLA	3142	0000269D
COLLA	3144	0000269E
COLLA	3145	0000269F
COLLA	3146	000026A0
COLLA	3147	000026A1
COLLA	3149	000026A2
COLLA	3150	000026A3
COLLA	3154	000026A4
COLLA	3156	000026A5
COLLA	3157	000026A6
COLLA	3158	000026A7
COLLA	3159	000026A8
COLLA	3160	000026A9
COLLA	3162	000026AA
COLLA	3164	000026AB
COLLA	3165	000026AC
COLLA	3167	000026AD
COLLA	3168	000026AE
COLLA	3169	000026AF
COLLA	3170	000026B0
COLLA	3171	000026B1
COLLA	3173	000026B2
COLLA	3174	000026B3
COLLA	3178	000026B4
COLLA	3179	000026B5
COLLA	3180	000026B6
COLLA	3182	000026B7
COLLA	3183	000026B8
COLLA	3187	000026B9
COLLA	3188	000026BA
COLLA	3189	000026BB
COLLA	3191	000026BC
COLLA	3192	000026BD
COLLA	3194	000026BE
COLLA	3195	000026BF
COLLA	3199	000026C0
COLLA	3200	000026C1
COLLA	3201	000026C2
COLLA	3203	000026C3
COLLA	3204	000026C4
COLLA	3208	000026C5
COLLA	3209	000026C6
COLLA	3210	000026C7
COLLA	3212	000026C8
COLLA	3213	000026C9
COLLA	3217	000026CA
COLLA	3218	000026CB
COLLA	3219	000026CC
COLLA	3223	000026CD
COLLA	3224	000026CE
COLLA	3225	000026CF
COLLA	3229	000026D0
COLLA	3230	000026D1
COLLA	3232	000026D2
COLLA	3233	000026D3
COLLA	3235	000026D4
COLLA	3236	000026D5
COLLA	3238	000026D6
COLLA	3239	000026D7
COLLA	3243	000026D8
COLLA	3247	000026D9
COLLA	3248	000026DA
COLLA	3249	000026DB
COLLA	3251	000026DC
COLLA	3252	000026DD
COLLA	3253	000026DE
COLLA	3262	000026DF
COLLA	3263	000026E0
COLLA	3267	000026E1
COLLA	3270	000026E2
COLLA	3271	000026E3
COLLA	3272	000026E4
COLLA	3273	000026E5
COLLA	3274	000026E6
COLLA	3280	000026E7
COLLA	3281	000026E8
COLLA	3283	000026E9
COLLA	3285	000026EA
COLLA	3286	000026EB
COLLA	3287	000026EC
COLLA	3291	000026ED
COLLA	3292	000026EE
COLLA	3293	000026EF
COLLA	3297	000026F0
COLLA	3298	000026F1
COLLA	3300	000026F2
COLLA	3301	000026F3
COLLA	3302	000026F4
COLLA	3303	000026F5
COLLA	3305	000026F6
COLLA	3306	000026F7
COLLA	3308	000026F8
COLLA	3309	000026F9
COLLA	3311	000026FA
COLLA	3312	000026FB
COLLA	3317	000026FC
COLLA	3321	000026FD
COLLA	3322	000026FE
COLLA	3323	000026FF
COLLA	3325	00002700
COLLA	3326	00002701
COLLA	3327	00002702
COLLA	3329	00002703
COLLA	3330	00002704
COLLA	3331	00002705
COLLA	3335	00002706
COLLA	3337	00002707
COLLA	3338	00002708
COLLA	3339	00002709
COLLA	3340	0000270A
COLLA	3341	0000270B
COLLA	3346	0000270C
COLLA	3348	0000270D
COLLA	3349	0000270E
COLLA	3350	0000270F
COLLA	3352	00002710
COLLA	3353	00002711
COLLA	3358	00002712
COLLA	3359	00002713
COLLA	3360	00002714
COLLA	3363	00002715
COLLA	3382	00002716
COLLA	3383	00002717
COLLA	3384	00002718
COLLA	3386	00002719
COLLA	3387	0000271A
COLLA	3388	0000271B
COLLA	3389	0000271C
COLLA	3390	0000271D
COLLA	3391	0000271E
COLLA	3392	0000271F
COLLA	3393	00002720
COLLA	3394	00002721
COLLA	3395	00002722
COLLA	3396	00002723
COLLA	3397	00002724
COLLA	3398	00002725
COLLA	3400	00002726
COLLA	3422	00002727
COLLA	3423	00002728
COLLA	3425	00002729
COLLA	3426	0000272A
COLLA	3427	0000272B
COLLA	3428	0000272C
COLLA	3429	0000272D
COLLA	3430	0000272E
COLLA	3431	0000272F
COLLA	3432	00002730
COLLA	3433	00002731
COLLA	3434	00002732
COLLA	3436	00002733
COLLA	3438	00002734
COLLA	3439	00002735
COLLA	3440	00002736
COLLA	3442	00002737
COLLA	3444	00002738
COLLA	3445	00002739
COLLA	3446	0000273A
COLLA	3448	0000273B
COLLA	3449	0000273C
COLLA	3450	0000273D
COLLA	3454	0000273E
COLLA	3455	0000273F
COLLA	3456	00002740
COLLA	3458	00002741
COLLA	3459	00002742
COLLA	3460	00002743
COLLA	3464	00002744
COLLA	3465	00002745
COLLA	3466	00002746
COLLA	3467	00002747
COLLA	3474	00002748
COLLA	3475	00002749
COLLA	3476	0000274A
COLLA	3477	0000274B
COLLA	3478	0000274C
COLLA	3479	0000274D
COLLA	3480	0000274E
COLLA	3481	0000274F
COLLA	3482	00002750
COLLA	3483	00002751
COLLA	3487	00002752
COLLA	3488	00002753
COLLA	3489	00002754
COLLA	3490	00002755
COLLA	3491	00002756
COLLA	3492	00002757
COLLA	3493	00002758
COLLA	3494	00002759
COLLA	3495	0000275A
COLLA	3496	0000275B
COLLA	3501	0000275C
COLLA	3502	0000275D
COLLA	3503	0000275E
COLLA	3504	0000275F
COLLA	3505	00002760
COLLA	3506	00002761
COLLA	3508	00002762
COLLA	3509	00002763
COLLA	3511	00002764
COLLA	3513	00002765
COLLA	3514	00002766
COLLA	3515	00002767
COLLA	3517	00002768
COLLA	3518	00002769
COLLA	3519	0000276A
COLLA	3520	0000276B
COLLA	3521	0000276C
COLLA	3529	0000276D
COLLA	3530	0000276E
COLLA	3532	0000276F
COLLA	3533	00002770
COLLA	3534	00002771
COLLA	3536	00002772
COLLA	3537	00002773
COLLA	3547	00002774
COLLA	3549	00002775
COLLA	3550	00002776
COLLA	3552	00002777
COLLA	3553	00002778
COLLA	3554	00002779
COLLA	3556	0000277A
COLLA	3557	0000277B
COLLA	3559	0000277C
COLLA	3560	0000277D
COLLA	3561	0000277E
COLLA	3562	0000277F
COLLA	3563	00002780
COLLA	3565	00002781
COLLA	3566	00002782
COLLA	3567	00002783
COLLA	3568	00002784
COLLA	3569	00002785
COLLA	3570	00002786
COLLA	3572	00002787
COLLA	3573	00002788
COLLA	3574	00002789
COLLA	3575	0000278A
COLLA	3576	0000278B
COLLA	3578	0000278C
COLLA	3579	0000278D
COLLA	3580	0000278E
COLLA	3585	0000278F
COLLA	3586	00002790
COLLA	3587	00002791
COLLA	3588	00002792
COLLA	3589	00002793
COLLA	3590	00002794
COLLA	3592	00002795
COLLA	3593	00002796
COLLA	3594	00002797
COLLA	3596	00002798
COLLA	3597	00002799
COLLA	3598	0000279A
COLLA	3599	0000279B
COLLA	3601	0000279C
COLLA	3602	0000279D
COLLA	3603	0000279E
COLLA	3604	0000279F
COLLA	3605	000027A0
COLLA	3606	000027A1
COLLA	3607	000027A2
COLLA	3613	000027A3
COLLA	3614	000027A4
COLLA	3615	000027A5
COLLA	3619	000027A6
COLLA	3620	000027A7
COLLA	3621	000027A8
COLLA	3622	000027A9
COLLA	3624	000027AA
COLLA	3625	000027AB
COLLA	3626	000027AC
COLLA	3627	000027AD
COLLA	3628	000027AE
COLLA	3630	000027AF
COLLA	3631	000027B0
COLLA	3632	000027B1
COLLA	3633	000027B2
COLLA	3640	000027B3
COLLA	3641	000027B4
COLLA	3642	000027B5
COLLA	3648	000027B6
COLLA	3649	000027B7
COLLA	3650	000027B8
COLLA	3652	000027B9
COLLA	3653	000027BA
COLLA	3655	000027BB
COLLA	3656	000027BC
COLLA	3658	000027BD
COLLA	3659	000027BE
COLLA	3660	000027BF
COLLA	3661	000027C0
COLLA	3663	000027C1
COLLA	3664	000027C2
COLLA	3669	000027C3
COLLA	3670	000027C4
COLLA	3671	000027C5
COLLA	3672	000027C6
COLLA	3673	000027C7
COLLA	3675	000027C8
COLLA	3676	000027C9
COLLA	3677	000027CA
COLLA	3678	000027CB
COLLA	3679	000027CC
COLLA	3680	000027CD
COLLA	3681	000027CE
COLLA	3683	000027CF
COLLA	3684	000027D0
COLLA	3685	000027D1
COLLA	3686	000027D2
COLLA	3688	000027D3
COLLA	3689	000027D4
COLLA	3690	000027D5
COLLA	3692	000027D6
COLLA	3693	000027D7
COLLA	3695	000027D8
COLLA	3696	000027D9
COLLA	3697	000027DA
COLLA	3698	000027DB
COLLA	3704	000027DC
COLLA	3706	000027DD
COLLA	3707	000027DE
COLLA	3708	000027DF
COLLA	3709	000027E0
COLLA	3710	000027E1
COLLA	3711	000027E2
COLLA	3712	000027E3
COLLA	3713	000027E4
COLLA	3715	000027E5
COLLA	3717	000027E6
COLLA	3718	000027E7
COLLA	3719	000027E8
COLLA	3721	000027E9
COLLA	3722	000027EA
COLLA	3723	000027EB
COLLA	3725	000027EC
COLLA	3726	000027ED
COLLA	3727	000027EE
COLLA	3728	000027EF
COLLA	3731	000027F0
COLLA	3732	000027F1
COLLA	3733	000027F2
COLLA	3734	000027F3
COLLA	3735	000027F4
COLLA	3737	000027F5
COLLA	3738	000027F6
COLLA	3744	000027F7
COLLA	3746	000027F8
COLLA	3747	000027F9
COLLA	3748	000027FA
COLLA	3749	000027FB
COLLA	3751	000027FC
COLLA	3753	000027FD
COLLA	3754	000027FE
COLLA	3755	000027FF
COLLA	3756	00002800
COLLA	3758	00002801
COLLA	3759	00002802
COLLA	3760	00002803
COLLA	3761	00002804
COLLA	3762	00002805
COLLA	3764	00002806
COLLA	3765	00002807
COLLA	3766	00002808
COLLA	3769	00002809
COLLA	3770	0000280A
COLLA	3771	0000280B
COLLA	3773	0000280C
COLLA	3774	0000280D
COLLA	3775	0000280E
COLLA	3778	0000280F
COLLA	3779	00002810
COLLA	3780	00002811
COLLA	3781	00002812
COLLA	3782	00002813
COLLA	3785	00002814
COLLA	3786	00002815
COLLA	3788	00002816
COLLA	3790	00002817
COLLA	3792	00002818
COLLA	3793	00002819
COLLA	3794	0000281A
COLLA	3795	0000281B
COLLA	3797	0000281C
COLLA	3804	0000281D
COLLA	3805	0000281E
COLLA	3806	0000281F
COLLA	3807	00002820
COLLA	3808	00002821
COLLA	3809	00002822
COLLA	3811	00002823
COLLA	3822	00002824
COLLA	3823	00002825
COLLA	3824	00002826
COLLA	3825	00002827
COLLA	3827	00002828
COLLA	3828	00002829
COLLA	3829	0000282A
COLLA	3831	0000282B
COLLA	3832	0000282C
COLLA	3833	0000282D
COLLA	3834	0000282E
COLLA	3835	0000282F
COLLA	3836	00002830
COLLA	3837	00002831
COLLA	3838	00002832
COLLA	3840	00002833
COLLA	3841	00002834
COLLA	3850	00002835
COLLA	3851	00002836
COLLA	3852	00002837
COLLA	3853	00002838
COLLA	3855	00002839
COLLA	3856	0000283A
COLLA	3857	0000283B
COLLA	3858	0000283C
COLLA	3859	0000283D
COLLA	3860	0000283E
COLLA	3861	0000283F
COLLA	3862	00002840
COLLA	3863	00002841
COLLA	3864	00002842
COLLA	3866	00002843
COLLA	3867	00002844
COLLA	3868	00002845
COLLA	3869	00002846
COLLA	3871	00002847
COLLA	3872	00002848
COLLA	3873	00002849
COLLA	3874	0000284A
COLLA	3876	0000284B
COLLA	3877	0000284C
COLLA	3879	0000284D
COLLA	3880	0000284E
COLLA	3885	0000284F
COLLA	3886	00002850
COLLA	3887	00002851
COLLA	3888	00002852
COLLA	3890	00002853
COLLA	3891	00002854
COLLA	3892	00002855
COLLA	3893	00002856
COLLA	3894	00002857
COLLA	3921	00002863
COLLA	3922	00002864
COLLA	3923	00002865
COLLA	3924	00002866
COLLA	3925	00002867
COLLA	3926	00002868
COLLA	3928	00002869
COLLA	3929	0000286A
COLLA	3931	0000286B
COLLA	3932	0000286C
COLLA	3940	0000286D
COLLA	3941	0000286E
COLLA	3943	0000286F
COLLA	3944	00002870
COLLA	3946	00002871
COLLA	3947	00002872
COLLA	3948	00002873
COLLA	3949	00002874
COLLA	3950	00002875
COLLA	3951	00002876
COLLA	3952	00002877
COLLA	3953	00002877
COLLA	3954	00002878
COLLA	3955	00002879
COLLA	3959	0000287A
COLLA	3960	0000287B
COLLA	3961	0000287C
COLLA	3963	0000287D
COLLA	3965	0000287E
COLLA	3966	0000287F
COLLA	3967	00002880
COLLA	3969	00002881
COLLA	3970	00002882
COLLA	3971	00002883
COLLA	3972	00002883
COLLA	3973	00002884
COLLA	3974	00002885
COLLA	3975	00002886
COLLA	3976	00002887
COLLA	3977	00002888
COLLA	3979	00002889
COLLA	3980	0000288A
COLLA	3984	0000288B
COLLA	3985	0000288C
COLLA	3986	0000288D
COLLA	3988	0000288E
COLLA	3990	0000288F
COLLA	3991	00002890
COLLA	3992	00002891
COLLA	3994	00002892
COLLA	3995	00002893
COLLA	3996	00002894
COLLA	3997	00002894
COLLA	3998	00002895
COLLA	3999	00002896
COLLA	4000	00002897
COLLA	4001	00002898
COLLA	4002	00002899
COLLA	4004	0000289A
COLLA	4005	0000289B
COLLA	4006	0000289C
COLLA	4007	0000289D
COLLA	4008	0000289E
COLLA	4010	0000289F
COLLA	4011	000028A0
COLLA	4012	000028A1
COLLA	4013	000028A2
COLLA	4014	000028A3
COLLA	4016	000028A4
COLLA	4017	000028A5
COLLA	4019	000028A6
COLLA	4020	000028A7
COLLA	4031	000028A8
COLLA	4032	000028A9
COLLA	4033	000028AA
COLLA	4034	000028AB
COLLA	4035	000028AC
COLLA	4036	000028AD
COLLA	4038	000028AE
COLLA	4039	000028AF
COLLA	4040	000028B0
COLLA	4044	000028B1
COLLA	4046	000028B2
COLLA	4047	000028B3
COLLA	4048	000028B4
COLLA	4049	000028B5
COLLA	4050	000028B6
COLLA	4051	000028B7
COLLA	4053	000028B8
COLLA	4054	000028B9
COLLA	4055	000028BA
COLLA	4057	000028BB
COLLA	4058	000028BB
COLLA	4059	000028BC
COLLA	4060	000028BC
COLLA	4061	000028BD
COLLA	4062	000028BD
COLLA	4064	000028BE
COLLA	4065	000028BE
COLLA	4066	000028BF
COLLA	4067	000028BF
COLLA	4068	000028C0
COLLA	4069	000028C0
COLLA	4071	000028C1
COLLA	4072	000028C1
COLLA	4073	000028C2
COLLA	4074	000028C2
COLLA	4075	000028C3
COLLA	4076	000028C3
COLLA	4078	000028C4
COLLA	4079	000028C4
COLLA	4080	000028C5
COLLA	4081	000028C5
COLLA	4082	000028C6
COLLA	4083	000028C6
COLLA	4095	000028C7
COLLA	4096	000028C8
COLLA	4098	000028C9
COLLA	4099	000028CA
COLLA	4101	000028CB
COLLA	4102	000028CC
COLLA	4104	000028CD
COLLA	4105	000028CE
COLLA	4106	000028CF
COLLA	4107	000028CF
COLLA	4108	000028D0
COLLA	4109	000028D1
COLLA	4111	000028D2
COLLA	4112	000028D3
COLLA	4114	000028D4
COLLA	4119	000028D5
COLLA	4120	000028D6
COLLA	4121	000028D7
COLLA	4122	000028D7
COLLA	4124	000028D8
COLLA	4125	000028D8
COLLA	4126	000028D9
COLLA	4127	000028DA
COLLA	4128	000028DA
COLLA	4129	000028DB
COLLA	4130	000028DB
COLLA	4132	000028DC
COLLA	4133	000028DC
COLLA	4134	000028DD
COLLA	4135	000028DE
COLLA	4136	000028DE
COLLA	4137	000028DF
COLLA	4138	000028DF
COLLA	4139	000028E0
COLLA	4140	000028E1
COLLA	4141	000028E2
COLLA	4143	000028E3
COLLA	4144	000028E4
COLLA	4145	000028E5
COLLA	4146	000028E6
COMM	52	00007F3F
COMM	53	00007F40
COMM	54	00007F41
COMM	56	00007F42
COMM	57	00007F43
COMM	59	00007F44
COMM	61	00007F45
COMM	62	00007F46
COMM	63	00007F47
COMM	65	00007F48
COMM	66	00007F49
COMM	67	00007F4A
COMM	68	00007F4B
COMM	69	00007F4C
COMM	71	00007F4D
COMM	72	00007F4E
COMM	89	00007F51
COMM	90	00007F52
COMM	92	00007F53
COMM	93	00007F54
COMM	95	00007F55
COMM	96	00007F56
COMM	98	00007F57
COMM	99	00007F58
COMM	100	00007F59
COMM	101	00007F5A
COMM	102	00007F5B
COMM	103	00007F5C
COMM	104	00007F5D
COMM	112	00007F5E
COMM	113	00007F5F
COMM	115	00007F60
COMM	116	00007F61
COMM	117	00007F62
COMM	119	00007F63
COMM	120	00007F69
COMM	122	00007F6A
COMM	126	00007F6B
COMM	127	00007F6C
COMM	128	00007F6D
COMM	129	00007F6E
COMM	130	00007F6F
COMM	131	00007F70
COMM	132	00007F71
COMM	133	00007F72
COMM	134	00007F73
COMM	135	00007F74
COMM	136	00007F75
COMM	137	00007F76
COMM	138	00007F77
COMM	139	00007F78
COMM	141	00007F79
COMM	142	00007F7A
COMM	148	00007F7B
COMM	149	00007F7C
COMM	151	00007F7D
COMM	152	00007F7E
COMM	153	00007F7F
COMM	154	00007F80
COMM	156	00007F81
COMM	157	00007F82
COMM	159	00007F83
COMM	160	00007F84
COMM	161	00007F85
COMM	168	00007F86
COMM	169	00007F87
COMM	171	00007F88
COMM	172	00007F89
COMM	174	00007F8A
COMM	175	00007F8B
COMM	177	00007F8C
COMM	178	00007F8D
COMM	180	00007F8E
COMM	181	00007F8F
COMM	184	00007F90
COMM	185	00007F91
COMM	186	00007F92
COMM	187	00007F93
COMM	188	00007F94
COMM	189	00007F95
COMM	197	00007F96
COMM	198	00007F97
COMM	199	00007F98
COMM	200	00007F99
COMM	201	00007F9A
COMM	203	00007F9B
COMM	204	00007F9C
COMM	205	00007F9D
COMM	207	00007F9E
COMM	208	00007F9F
COMM	209	00007FA0
COMM	212	00007FA1
COMM	213	00007FA2
COMM	214	00007FA3
COMM	216	00007FA4
COMM	217	00007FA5
COMM	219	00007FA6
COMM	220	00007FA7
COMM	226	00007FA8
COMM	227	00007FA9
COMM	231	00007FAA
COMM	232	00007FAB
COMM	233	00007FAC
COMM	235	00007FAD
COMM	236	00007FAE
COMM	238	00007FAF
COMM	239	00007FB0
COMM	241	00007FB1
COMM	242	00007FB2
COMM	244	00007FB3
COMM	245	00007FB4
COMM	246	00007FB5
COMM	247	00007FB6
COMM	251	00007FB7
COMM	252	00007FB8
COMM	253	00007FB9
COMM	255	00007FBA
COMM	256	00007FBB
COMM	257	00007FBC
COMM	259	00007FBD
COMM	260	00007FBE
COMM	261	00007FBF
COMM	262	00007FC0
COMM	264	00007FC1
COMM	265	00007FC2
COMM	267	00007FC3
COMM	268	00007FC4
COMM	270	00007FC5
COMM	271	00007FC6
COMM	272	00007FC7
COMM	273	00007FC8
COMM	275	00007FC9
COMM	276	00007FCA
COMM	278	00007FCB
COMM	279	00007FCC
COMM	280	00007FCD
COMM	283	00007FCE
COMM	284	00007FCF
COMM	286	00007FD0
COMM	287	00007FD1
COMM	289	00007FD2
COMM	290	00007FD3
COMM	291	00007FD4
COMM	292	00007FD5
COMM	294	00007FD6
COMM	295	00007FD7
COMM	297	00007FD8
COMM	298	00007FD9
COMM	299	00007FDA
COMM	300	00007FDB
COMM	302	00007FDC
COMM	303	00007FDD
COMM	304	00007FDE
COMM	311	00007FDF
COMM	314	00007FE5
COMM	315	00007FE6
COMM	316	00007FE7
COMM	317	00007FE8
COMM	319	00007FE9
COMM	320	00007FEA
COMM	321	00007FEB
COMM	323	00007FEC
COMM	324	00007FED
COMM	325	00007FEE
COMM	331	00007FEF
COMM	332	00007FF0
COMM	333	00007FF1
COMM	334	00007FF2
COMM	336	00007FF3
COMM	337	00007FF4
COMM	339	00007FF5
COMM	340	00007FF6
COMM	342	00007FF7
COMM	343	00007FF8
COMM	344	00007FF9
COMM	345	00007FFA
COMM	349	00007FFB
COMM	350	00007FFC
COMM	351	00007FFD
COMM	352	00007FFE
COMM	353	00007FFF
COMM	357	00008000
COMM	358	00008001
COMM	359	00008002
COMM	360	00008003
COMM	361	00008004
COMM	365	00008005
COMM	366	00008006
COMM	367	00008007
COMM	368	00008008
COMM	369	00008009
COMM	373	0000800A
COMM	374	0000800B
COMM	375	0000800C
COMM	376	0000800D
COMM	377	0000800E
COMM	379	0000800F
COMM	381	00008010
COMM	385	00008011
COMM	387	00008012
COMM	388	00008013
COMM	389	00008014
COMM	391	00008015
COMM	392	00008016
COMM	393	00008017
COMM	394	00008018
COMM	396	00008019
COMM	397	0000801A
COMM	398	0000801B
COMM	399	0000801C
COMM	401	0000801D
COMM	402	0000801E
COMM	403	0000801F
COMM	404	00008020
COMM	406	00008021
COMM	407	00008022
COMM	408	00008023
COMM	411	00008024
COMM	412	00008025
COMM	416	00008026
COMM	417	00008027
COMM	418	00008028
COMM	419	00008029
COMM	420	0000802A
COMM	421	0000802B
COMM	422	0000802C
COMM	423	0000802D
COMM	425	0000802E
COMM	426	0000802F
COMM	427	00008030
COMM	428	00008031
COMM	429	00008032
COMM	430	00008033
COMM	431	00008034
COMM	433	00008035
COMM	434	00008036
COMM	435	00008037
COMM	439	00008038
COMM	440	00008039
COMM	441	0000803A
COMM	442	0000803B
COMM	443	0000803C
COMM	444	0000803D
COMM	445	0000803E
COMM	450	0000803F
COMM	452	00008040
COMM	453	00008041
COMM	454	00008042
COMM	461	00008043
COMM	462	00008044
COMM	463	00008045
COMM	465	00008046
COMM	466	00008047
COMM	467	00008048
COMM	469	00008049
COMM	470	0000804A
COMM	471	0000804B
COMM	472	0000804C
COMM	473	0000804D
COMM	476	0000804E
COMM	477	0000804F
COMM	479	00008050
COMM	480	00008051
COMM	481	00008052
COMM	482	00008053
COMM	483	00008054
COMM	486	00008055
COMM	487	00008056
COMM	488	00008057
COMM	490	00008058
COMM	491	00008059
COMM	492	0000805A
COMM	493	0000805B
COMM	494	0000805C
COMM	497	0000805D
COMM	498	0000805E
COMM	500	0000805F
COMM	501	00008060
COMM	502	00008061
COMM	503	00008062
COMM	504	00008063
COMM	507	00008064
COMM	508	00008065
COMM	509	00008066
COMM	510	00008067
COMM	511	00008068
COMM	512	00008069
COMM	514	0000806A
COMM	515	0000806B
COMM	517	0000806C
COMM	518	0000806D
COMM	520	0000806E
COMM	521	0000806F
COMM	523	00008070
COMM	524	00008071
COMM	526	00008072
COMM	527	00008073
COMM	529	00008074
COMM	534	00008075
COMM	535	00008076
COMM	536	00008077
COMM	537	00008078
COMM	538	00008079
COMM	539	0000807A
COMM	540	0000807B
COMM	542	0000807C
COMM	543	0000807D
COMM	545	0000807E
COMM	546	0000807F
COMM	547	00008080
COMM	548	00008081
COMM	549	00008082
COMM	552	00008083
COMM	553	00008084
COMM	555	00008085
COMM	556	00008086
COMM	558	00008087
COMM	559	00008088
COMM	560	00008089
COMM	561	0000808A
COMM	562	0000808B
COMM	565	0000808C
COMM	566	0000808D
COMM	567	0000808E
COMM	568	0000808F
COMM	573	00008090
COMM	574	00008091
COMM	576	00008092
COMM	577	00008093
COMM	578	00008094
COMM	579	00008095
COMM	580	00008096
COMM	583	00008097
COMM	584	00008098
COMM	586	00008099
COMM	587	0000809A
COMM	588	0000809B
COMM	589	0000809C
COMM	590	0000809D
COMM	593	0000809E
COMM	594	0000809F
COMM	595	000080A0
COMM	596	000080A1
COMM	597	000080A2
COMM	598	000080A3
COMM	604	000080A4
COMM	605	000080A5
COMM	609	000080A8
COMM	610	000080A9
COMM	611	000080AA
COMM	614	000080AB
COMM	615	000080AC
COMM	616	000080AD
COMM	618	000080AE
COMM	619	000080AF
COMM	620	000080B0
COMM	621	000080B1
COMM	622	000080B2
COMM	625	000080B3
COMM	626	000080B4
COMM	627	000080B5
COMM	628	000080B6
COMM	629	000080B7
COMM	630	000080B8
COMM	631	000080B9
COMM	632	000080BA
COMM	633	000080BB
COMM	634	000080BC
COMM	635	000080BD
COMM	638	000080BE
COMM	639	000080BF
COMM	640	000080C0
COMM	644	000080C1
COMM	645	000080C2
COMM	647	000080C5
COMM	648	000080C6
COMM	649	000080C7
COMM	655	000080C8
COMM	663	000080C9
COMM	664	000080CA
COMM	665	000080CB
COMM	667	000080CC
COMM	670	000080CD
COMM	671	000080CE
COMM	672	000080CF
COMM	673	000080D0
COMM	675	000080D1
COMM	676	000080D2
COMM	677	000080D3
COMM	678	000080D4
COMM	681	000080D5
COMM	682	000080D6
COMM	683	000080D7
COMM	684	000080D8
COMM	686	000080D9
COMM	687	000080DA
COMM	688	000080DB
COMM	690	000080DC
COMM	691	000080DD
COMM	697	000080DE
COMM	698	000080DF
COMM	699	000080E0
COMM	700	000080E1
COMM	703	000080E2
COMM	704	000080E3
COMM	705	000080E4
COMM	708	000080E5
COMM	709	000080E6
COMM	717	000080E7
COMM	718	000080E8
COMM	719	000080E9
COMM	720	000080EA
COMM	721	000080EB
COMM	722	000080EC
COMM	724	000080ED
COMM	727	000080EE
COMM	728	000080EF
COMM	729	000080F0
COMM	731	000080F1
COMM	732	000080F2
COMM	733	000080F3
COMM	735	000080F4
COMM	736	000080F5
COMM	737	000080F6
COMM	738	000080F7
COMM	740	000080F8
COMM	741	000080F9
COMM	757	000080FA
COMM	758	000080FB
COMM	759	000080FC
COMM	761	000080FD
COMM	762	000080FE
COMM	766	000080FF
COMM	767	00008100
COMM	768	00008101
COMM	771	00008102
COMM	772	00008103
COMM	773	00008104
COMM	774	00008105
COMM	775	00008106
COMM	776	00008107
COMM	781	00008108
COMM	782	00008109
COMM	783	0000810A
COMM	784	0000810B
COMM	785	0000810C
COMM	786	0000810D
COMM	787	0000810E
COMM	789	0000810F
COMM	790	00008110
COMM	792	00008111
COMM	793	00008112
COMM	794	00008113
COMM	797	00008114
COMM	798	00008115
COMM	800	00008116
COMM	801	00008117
COMM	803	00008118
COMM	804	00008119
COMM	805	0000811A
COMM	807	0000811B
COMM	808	0000811C
COMM	810	0000811D
COMM	812	0000811E
COMM	813	0000811F
COMM	815	00008120
COMM	816	00008121
COMM	817	00008122
COMM	823	00008123
COMM	827	00008129
COMM	828	0000812A
COMM	829	0000812B
COMM	833	0000812C
COMM	834	0000812D
COMM	835	0000812E
COMM	842	0000812F
COMM	844	00008130
COMM	845	00008131
COMM	846	00008132
COMM	848	00008133
COMM	849	00008134
COMM	850	00008135
COMM	851	00008136
COMM	852	00008137
COMM	855	00008138
COMM	856	00008139
COMM	858	0000813A
COMM	859	0000813B
COMM	860	0000813C
COMM	861	0000813D
COMM	862	0000813E
COMM	865	0000813F
COMM	866	00008140
COMM	867	00008141
COMM	869	00008142
COMM	870	00008143
COMM	871	00008144
COMM	872	00008145
COMM	873	00008146
COMM	876	00008147
COMM	877	00008148
COMM	879	00008149
COMM	880	0000814A
COMM	881	0000814B
COMM	882	0000814C
COMM	883	0000814D
COMM	886	0000814E
COMM	887	0000814F
COMM	888	00008150
COMM	889	00008151
COMM	890	00008152
COMM	891	00008153
COMM	893	00008154
COMM	894	00008155
COMM	896	00008156
COMM	897	00008157
COMM	899	00008158
COMM	900	00008159
COMM	901	0000815A
COMM	903	0000815B
COMM	904	0000815C
COMM	909	0000815D
COMM	910	0000815E
COMM	911	0000815F
COMM	912	00008160
COMM	913	00008161
COMM	914	00008162
COMM	915	00008163
COMM	917	00008164
COMM	918	00008165
COMM	920	00008166
COMM	921	00008167
COMM	922	00008168
COMM	923	00008169
COMM	924	0000816A
COMM	927	0000816B
COMM	928	0000816C
COMM	930	0000816D
COMM	931	0000816E
COMM	934	0000816F
COMM	935	00008170
COMM	936	00008171
COMM	937	00008172
COMM	938	00008173
COMM	941	00008174
COMM	942	00008175
COMM	943	00008176
COMM	944	00008177
COMM	948	00008178
COMM	949	00008179
COMM	951	0000817A
COMM	952	0000817B
COMM	953	0000817C
COMM	954	0000817D
COMM	955	0000817E
COMM	958	0000817F
COMM	959	00008180
COMM	961	00008181
COMM	962	00008182
COMM	963	00008183
COMM	964	00008184
COMM	965	00008185
COMM	968	00008186
COMM	969	00008187
COMM	970	00008188
COMM	971	00008189
COMM	972	0000818A
COMM	973	0000818B
COMM	979	0000818C
COMM	980	0000818D
COMM	981	0000818E
COMM	982	0000818F
COMM	991	00008190
COMM	992	00008191
COMM	993	00008192
COMM	994	00008193
COMM	995	00008194
COMM	996	00008195
COMM	997	00008196
COMM	999	00008197
COMM	1000	00008198
COMM	1001	00008199
COMM	1010	0000819A
COMM	1012	0000819B
COMM	1013	0000819C
COMM	1015	0000819D
COMM	1016	0000819E
COMM	1017	0000819F
COMM	1018	000081A0
COMM	1020	000081A1
COMM	1021	000081A2
COMM	1022	000081A3
COMM	1023	000081A4
COMM	1025	000081A5
COMM	1026	000081A6
COMM	1028	000081A7
COMM	1029	000081A8
COMM	1031	000081A9
COMM	1032	000081AA
COMM	1033	000081AB
COMM	1034	000081AC
COMM	1039	000081AD
COMM	1040	000081AE
COMM	1041	000081AF
COMM	1042	000081B0
COMM	1043	000081B1
COMM	1047	000081B2
COMM	1048	000081B3
COMM	1049	000081B4
COMM	1050	000081B5
COMM	1051	000081B6
COMM	1055	000081B7
COMM	1056	000081B8
COMM	1057	000081B9
COMM	1058	000081BA
COMM	1059	000081BB
COMM	1063	000081BC
COMM	1064	000081BD
COMM	1065	000081BE
COMM	1066	000081BF
COMM	1067	000081C0
COMM	1069	000081C1
COMM	1070	000081C2
COMM	1074	000081C3
COMM	1076	000081C4
COMM	1077	000081C5
COMM	1078	000081C6
COMM	1080	000081C7
COMM	1081	000081C8
COMM	1082	000081C9
COMM	1083	000081CA
COMM	1085	000081CB
COMM	1086	000081CC
COMM	1087	000081CD
COMM	1088	000081CE
COMM	1090	000081CF
COMM	1091	000081D0
COMM	1092	000081D1
COMM	1093	000081D2
COMM	1095	000081D3
COMM	1096	000081D4
COMM	1097	000081D5
COMM	1100	000081D6
COMM	1101	000081D7
COMM	1105	000081D8
COMM	1106	000081D9
COMM	1107	000081DA
COMM	1108	000081DB
COMM	1109	000081DC
COMM	1110	000081DD
COMM	1111	000081DE
COMM	1112	000081DF
COMM	1114	000081E0
COMM	1115	000081E1
COMM	1116	000081E2
COMM	1117	000081E3
COMM	1118	000081E4
COMM	1119	000081E5
COMM	1120	000081E6
COMM	1126	000081E7
COMM	1127	000081E8
COMM	1128	000081E9
COMM	1129	000081EA
COMM	1130	000081EB
COMM	1131	000081EC
COMM	1132	000081ED
COMM	1136	000081EE
COMM	1137	000081EF
COMM	1141	000081F2
COMM	1143	000081F3
COMM	1144	000081F4
COMM	1145	000081F5
COMM	1147	000081F6
COMM	1148	000081F7
COMM	1149	000081F8
COMM	1151	000081F9
COMM	1152	000081FA
COMM	1154	000081FB
COMM	1155	000081FC
COMM	1157	000081FD
COMM	1158	000081FE
COMM	1159	000081FF
COMM	1160	00008200
COMM	1161	00008201
COMM	1162	00008202
COMM	1163	00008203
COMM	1164	00008204
COMM	1165	00008205
COMM	1166	00008206
COMM	1169	00008207
COMM	1170	00008208
COMM	1171	00008209
COMM	1174	0000820A
COMM	1175	0000820B
COMM	1176	0000820E
COMM	1178	0000820F
COMM	1179	00008210
COMM	1181	00008211
COMMDRNE	81	0000A699
COMMDRNE	82	0000A69A
COMMDRNE	83	0000A69B
COMMDRNE	84	0000A69C
COMMDRNE	85	0000A69D
COMMDRNE	86	0000A69E
COMMDRNE	87	0000A69F
COMMDRNE	89	0000A6A0
COMMDRNE	90	0000A6A1
COMMDRNE	93	0000A6A2
COMMDRNE	94	0000A6A3
COMMDRNE	95	0000A6A4
COMMDRNE	96	0000A6A5
COMMDRNE	97	0000A6A6
COMMDRNE	98	0000A6A7
COMMDRNE	100	0000A6A8
COMMDRNE	101	0000A6A9
COMMDRNE	102	0000A6AA
COMMDRNE	107	0000A6AB
COMMDRNE	110	0000A6AC
COMMDRNE	111	0000A6AD
COMMDRNE	112	0000A6AE
COMMDRNE	114	0000A6AF
COMMDRNE	115	0000A6B0
COMMDRNE	117	0000A6B1
COMMDRNE	132	0000A6B2
COMMDRNE	133	0000A6B3
COMMDRNE	135	0000A6B4
COMMDRNE	136	0000A6B5
COMMDRNE	137	0000A6B6
COMMDRNE	139	0000A6B7
COMMDRNE	141	0000A6B8
COMMDRNE	142	0000A6B9
COMMDRNE	143	0000A6BA
COMMDRNE	145	0000A6BB
COMMDRNE	146	0000A6BC
COMMDRNE	147	0000A6BD
COMMDRNE	148	0000A6BE
COMMDRNE	149	0000A6BF
COMMDRNE	152	0000A6C0
COMMDRNE	153	0000A6C1
COMMDRNE	154	0000A6C2
COMMDRNE	156	0000A6C3
COMMDRNE	157	0000A6C4
COMMDRNE	161	0000A6C5
COMMDRNE	162	0000A6C6
COMMDRNE	163	0000A6C7
COMMDRNE	165	0000A6C8
COMMDRNE	167	0000A6C9
COMMDRNE	168	0000A6CA
COMMDRNE	171	0000A6CB
COMMDRNE	172	0000A6CC
COMMDRNE	173	0000A6CD
COMMDRNE	175	0000A6CE
COMMDRNE	176	0000A6CF
COMMDRNE	177	0000A6D0
COMMDRNE	179	0000A6D1
COMMDRNE	180	0000A6D2
COMMDRNE	181	0000A6D3
COMMDRNE	182	0000A6D4
COMMDRNE	186	0000A6D5
COMMDRNE	187	0000A6D6
COMMDRNE	190	0000A6D7
COMMDRNE	193	0000A6D8
COMMDRNE	194	0000A6D9
COMMDRNE	196	0000A6DA
COMMDRNE	197	0000A6DB
COMMDRNE	198	0000A6DC
COMMDRNE	200	0000A6DD
COMMDRNE	201	0000A6DE
COMMDRNE	202	0000A6DF
COMMDRNE	203	0000A6E0
COMMDRNE	205	0000A6E1
COMMDRNE	206	0000A6E2
COMMDRNE	207	0000A6E3
COMMDRNE	209	0000A6E4
COMMDRNE	210	0000A6E5
COMMDRNE	212	0000A6E6
COMMDRNE	213	0000A6E7
COMMDRNE	214	0000A6E8
COMMDRNE	217	0000A6E9
COMMDRNE	219	0000A6EA
COMMDRNE	220	0000A6EB
COMMDRNE	223	0000A6EC
COMMDRNE	224	0000A6ED
COMMDRNE	225	0000A6EE
COMMDRNE	227	0000A6EF
COMMDRNE	228	0000A6F0
COMMDRNE	229	0000A6F1
COMMDRNE	230	0000A6F2
COMMDRNE	233	0000A6F3
COMMDRNE	234	0000A6F4
COMMDRNE	235	0000A6F5
COMMDRNE	236	0000A6F6
COMMDRNE	237	0000A6F7
COMMDRNE	238	0000A6F8
COMMDRNE	239	0000A6F9
COMMDRNE	240	0000A6FA
COMMDRNE	241	0000A6FB
COMMDRNE	242	0000A6FC
COMMDRNE	243	0000A6FD
COMMDRNE	244	0000A6FE
COMMDRNE	245	0000A6FF
COMMDRNE	246	0000A700
COMMDRNE	247	0000A701
COMMDRNE	248	0000A702
COMMDRNE	250	0000A703
COMMDRNE	251	0000A704
COMMDRNE	252	0000A705
COMMDRNE	254	0000A706
COMMDRNE	255	0000A707
COMMDRNE	258	0000A708
COMMDRNE	259	0000A709
COMMDRNE	260	0000A70A
COMMDRNE	261	0000A70B
COMMDRNE	262	0000A70C
COMMDRNE	264	0000A70D
COMMDRNE	265	0000A70E
COMMDRNE	267	0000A70F
COMMDRNE	268	0000A710
COMMDRNE	270	0000A711
COMMDRNE	271	0000A712
COMMDRNE	273	0000A713
COMMDRNE	288	0000A714
COMMDRNE	295	0000A715
COMMDRNE	296	0000A716
COMMDRNE	297	0000A717
COMMDRNE	298	0000A718
COMMDRNE	299	0000A719
COMMDRNE	300	0000A71A
COMMDRNE	301	0000A71B
COMMDRNE	302	0000A71C
COMMDRNE	303	0000A71D
COMMDRNE	304	0000A71E
COMMDRNE	307	0000A71F
COMMDRNE	308	0000A720
COMMDRNE	309	0000A722
COMMDRNE	317	0000A723
COMMDRNE	318	0000A724
COMMDRNE	320	0000A725
COMMDRNE	321	0000A726
COMMDRNE	322	0000A727
COMMDRNE	323	0000A728
COMMDRNE	324	0000A729
COMMDRNE	325	0000A72A
COMMDRNE	326	0000A72B
COMMDRNE	327	0000A72C
COMMDRNE	328	0000A72D
COMMDRNE	329	0000A72E
COMMDRNE	331	0000A72F
COMMDRNE	332	0000A730
COMMDRNE	333	0000A731
COMMDRNE	334	0000A732
COMMDRNE	335	0000A733
COMMDRNE	336	0000A734
COMMDRNE	337	0000A735
COMMDRNE	338	0000A736
COMMDRNE	339	0000A737
COMMDRNE	340	0000A738
COMMDRNE	343	0000A739
COMMDRNE	344	0000A73A
COMMDRNE	346	0000A73B
COMMDRNE	347	0000A73C
COMMDRNE	348	0000A73D
COMMDRNE	349	0000A73E
COMMDRNE	350	0000A73F
COMMDRNE	351	0000A740
COMMDRNE	352	0000A741
COMMDRNE	356	0000A742
COMMDRNE	368	0000A743
COMMDRNE	369	0000A744
COMMDRNE	374	0000A745
COMMDRNE	375	0000A746
COMMDRNE	376	0000A747
COMMDRNE	377	0000A748
COMMDRNE	378	0000A749
COMMDRNE	379	0000A74A
COMMDRNE	381	0000A74B
COMMDRNE	382	0000A74C
COMMDRNE	383	0000A74D
COMMDRNE	384	0000A74E
COMMDRNE	386	0000A74F
COMMDRNE	387	0000A750
COMMDRNE	389	0000A751
COMMDRNE	390	0000A752
COMMDRNE	395	0000A753
COMMDRNE	396	0000A754
COMMDRNE	397	0000A755
COMMDRNE	398	0000A757
COMMDRNE	399	0000A758
COMMDRNE	400	0000A759
COMMDRNE	404	0000A75A
COMMQ	74	0000766B
COMMQ	75	0000766C
COMMQ	77	0000766D
COMMQ	78	0000766E
COMMQ	79	0000766F
COMMQ	80	00007670
COMMQ	81	00007671
COMMQ	82	00007672
COMMQ	83	00007673
COMMQ	84	00007674
COMMQ	85	00007675
COMMQ	87	00007676
COMMQ	88	00007677
COMMQ	89	00007678
COMMQ	92	00007679
COMMQ	93	0000767A
COMMQ	94	0000767B
COMMQ	95	0000767C
COMMQ	103	0000767D
COMMQ	104	0000767E
COMMQ	105	0000767F
COMMQ	107	00007680
COMMQ	108	00007681
COMMQ	110	00007682
COMMQ	111	00007683
COMMQ	113	00007684
COMMQ	114	00007685
COMMQ	115	00007686
COMMQ	116	00007687
COMMQ	117	00007688
COMMQ	118	00007689
COMMQ	121	0000768A
COMMQ	122	0000768B
COMMQ	123	0000768C
COMMQ	125	0000768D
COMMQ	131	0000768E
COMMQ	133	0000768F
COMMQ	134	00007690
COMMQ	135	00007691
COMMQ	138	00007692
COMMQ	139	00007693
COMMQ	142	00007694
COMMQ	143	00007695
COMMQ	144	00007696
COMMQ	217	000076BB
COMMQ	224	000076BC
COMMQ	225	000076BD
COMMQ	227	000076BE
COMMQ	229	000076BF
COMMQ	230	000076C0
COMMQ	242	000076C1
COMMQ	243	000076C2
COMMQ	244	000076C3
COMMQ	248	000076C4
COMMQ	249	000076C5
COMMQ	251	000076C6
COMMQ	252	000076C7
COMMQ	253	000076C8
COMMQ	254	000076C9
COMMQ	271	000076CA
COMMQ	272	000076CB
COMMQ	273	000076CC
COMMQ	274	000076CD
COMMQ	276	000076CE
COMMQ	277	000076CF
COMMQ	278	000076D0
COMMQ	280	000076D1
COMMQ	282	000076D2
COMMQ	283	000076D3
COMMQ	284	000076D4
COMMQ	291	000076D5
COMMQ	293	000076D6
COMMQ	297	000076D7
COMMQ	300	000076D8
COMMQ	302	000076D9
COMMQ	303	000076DA
COMMQ	304	000076DB
COMMQ	308	000076DC
COMMQ	309	000076DD
COMMQ	310	000076DE
COMMQ	311	000076DF
COMMQ	312	000076E0
COMMQ	323	000076E1
COMMQ	324	000076E2
COMMQ	326	000076E3
COMMQ	327	000076E4
COMMQ	328	000076E5
COMMQ	330	000076E6
COMMQ	335	000076E7
COMMQ	336	000076E8
COMMQ	340	000076E9
COMMQ	343	000076EA
COMMQ	348	000076EB
COMMQ	349	000076EC
COMMQ	350	000076ED
COMMQ	352	000076EE
COMMQ	353	000076EF
COMMQ	354	000076F0
COMMQ	358	000076F1
COMMQ	365	000076F2
COMMQ	366	000076F3
COMMQ	368	000076F4
COMMQ	369	000076F5
COMMQ	371	000076F6
COMMQ	372	000076F7
COMMQ	373	000076F8
COMMQ	374	000076F9
COMMQ	380	000076FA
COMMQ	381	000076FB
COMMQ	382	000076FC
COMMQ	384	000076FD
COMMQ	385	000076FE
COMMQ	386	000076FF
COMMQ	388	00007700
COMMQ	389	00007701
COMMQ	391	00007702
COMMQ	392	00007703
COMMQ	393	00007704
COMMQ	400	00007705
COMMQ	401	00007706
COMMQ	402	00007707
COMMQ	403	00007708
COMMQ	404	00007709
COMMQ	406	0000770A
COMMQ	407	0000770B
COMMQ	408	0000770C
COMMQ	409	0000770D
COMMQ	410	0000770E
COMMQ	413	0000770F
COMMQ	414	00007710
COMMQ	415	00007711
COMMQ	416	00007712
COMMQ	417	00007713
COMMQ	419	00007714
COMMQ	420	00007715
COMMQ	421	00007716
COMMQ	422	00007717
COMMQ	423	00007718
COMMQ	429	00007719
COMMQ	430	0000771A
COMMQ	431	0000771B
COMMQ	433	0000771C
COMMQ	434	0000771D
COMMQ	435	0000771E
COMMQ	436	0000771F
COMMQ	438	00007720
COMMQ	439	00007721
COMMQ	440	00007722
COMMQ	442	00007723
COMMQ	443	00007724
COMMQ	445	00007725
COMMQ	446	00007726
COMMQ	447	00007727
COMMQ	448	00007728
COMMQ	451	00007729
COMMQ	452	0000772A
COMMQ	453	0000772B
COMMQ	454	0000772C
COMMQ	455	0000772D
COMMQ	456	0000772E
COMMQ	457	0000772F
COMMQ	459	00007730
COMMQ	460	00007731
COMMQ	461	00007732
COMMQ	464	00007733
COMMQ	465	00007734
COMMQ	466	00007735
COMMQ	469	00007736
COMMQ	470	00007737
COMMQ	471	00007738
COMMQ	472	00007739
COMMQ	473	0000773A
COMMQ	474	0000773B
COMMQ	477	0000773C
COMMQ	478	0000773D
COMMQ	479	0000773E
COMMQ	480	0000773F
COMMQ	481	00007740
COMMQ	484	00007741
COMMQ	485	00007742
COMMQ	486	00007743
COMMQ	487	00007744
COMMQ	489	00007745
COMMQ	490	00007746
COMMQ	492	00007747
COMMQ	493	00007748
COMMQ	494	00007749
COMMQ	495	0000774A
COMMQ	500	0000774B
COMMQ	501	0000774C
COMMQ	502	0000774D
COMMQ	504	0000774E
COMMQ	505	0000774F
COMMQ	506	00007750
COMMQ	514	00007751
COMMQ	515	00007752
COMMQ	517	00007753
COMMQ	521	00007754
COMMQ	522	00007755
COMMQ	523	00007756
COMMQ	524	00007757
COMMQ	526	00007758
COMMQ	527	00007759
COMMQ	528	0000775A
COMMQ	529	0000775B
COMMQ	532	0000775C
COMMQ	533	0000775D
COMMQ	534	0000775E
COMMQ	535	0000775F
COMMQ	536	00007760
COMMQ	537	00007761
COMMQ	539	00007762
COMMQ	540	00007763
COMMQ	544	00007764
COMMQ	545	00007765
COMMQ	546	00007766
COMMQ	547	00007767
COMMQ	560	00007768
COMMQ	561	00007769
COMMQ	562	0000776A
COMMQ	563	0000776B
COMMQ	564	0000776C
COMMQ	565	0000776D
COMMQ	566	0000776E
COMMQ	572	0000776F
COMMQ	573	00007770
COMMQ	574	00007771
COMMQ	575	00007772
COMMQ	582	00007773
COMMQ	584	00007774
COMMQ	585	00007775
COMMQ	587	00007776
COMMQ	588	00007777
COMMQ	589	00007778
COMMQ	590	00007779
COMMQ	591	0000777A
COMMQ	592	0000777B
COMMQ	593	0000777C
COMMQ	594	0000777D
COMMQ	597	0000777E
COMMQ	598	0000777F
COMMQ	599	00007780
COMMQ	600	00007781
COMMQ	602	00007782
COMMQ	603	00007783
COMMQ	605	00007784
COMMQ	606	00007785
COMMQ	608	00007786
COMMQ	609	00007787
COMMQ	612	00007788
COMMQ	613	00007789
COMMQ	614	0000778A
COMMQ	615	0000778B
COMMQ	618	0000778C
COMMQ	619	0000778D
COMMQ	626	0000778E
COMMQ	627	0000778F
COMMQ	628	00007790
COMMQ	633	00007791
COMMQ	634	00007792
COMMQ	645	00007793
COMMQ	646	00007794
COMMQ	647	00007795
COMMQ	648	00007796
COMMQ	650	00007797
COMMQ	651	00007798
COMMQ	652	00007799
COMMQ	654	0000779A
COMMQ	655	0000779B
COMMQ	656	0000779C
COMMQ	662	0000779D
COMMQ	663	0000779E
COMMQ	665	0000779F
COMMQ	666	000077A0
COMMQ	667	000077A1
COMMQ	668	000077A2
COMMQ	670	000077A3
COMMQ	672	000077A5
COMMQ	673	000077A6
COMMQ	674	000077A7
COMMQ	675	000077A8
COMMQ	677	000077A9
COMMQ	678	000077AA
COMMQ	679	000077AB
COMMQ	681	000077AC
COMMQ	682	000077AD
COMMQ	683	000077AF
COMMQ	685	000077B0
COMMQ	686	000077B1
COMMQ	687	000077B2
COMMQ	688	000077B3
COMMQ	689	000077B4
COMMQ	692	000077B5
COMMQ	694	000077B6
COMMQ	695	000077B7
COMMQ	696	000077B8
COMMQ	697	000077B9
COMMQ	704	000077BA
COMMQ	705	000077BB
COMMQ	711	000077BC
COMMQ	712	000077BD
COMMQ	713	000077BE
COMMQ	722	000077BF
COMMQ	724	000077C0
COMMQ	725	000077C1
COMMQ	727	000077C2
COMMQ	728	000077C3
COMMQ	729	000077C4
COMMQ	730	000077C5
COMMQ	731	000077C6
COMMQ	732	000077C7
COMMQ	733	000077C8
COMMQ	734	000077C9
COMMQ	741	000077CA
COMMQ	742	000077CB
COMMQ	743	000077CC
COMMQ	745	000077CD
COMMQ	746	000077CE
COMMQ	748	000077CF
COMMQ	749	000077D0
COMMQ	751	000077D1
COMMQ	752	000077D2
COMMQ	754	000077D3
COMMQ	755	000077D4
COMMQ	762	000077D5
COMMQ	763	000077D6
COMMQ	764	000077D7
COMMQ	765	000077D8
COMMQ	766	000077D9
COMMQ	768	000077DA
COMMQ	769	000077DB
COMMQ	770	000077DC
COMMQ	771	000077DD
COMMQ	773	000077DE
COMMQ	774	000077DF
COMMQ	775	000077E0
COMMQ	776	000077E1
COMMQ	778	000077E2
COMMQ	779	000077E3
COMMQ	786	000077E4
COMMQ	787	000077E5
COMMQ	788	000077E6
COMMQ	789	000077E7
COMMQ	790	000077E8
COMMQ	796	000077E9
COMMQ	797	000077EA
COMMQ	798	000077EB
COMMQ	799	000077EC
COMMQ	800	000077ED
COMMQ	802	000077EE
COMMQ	803	000077EF
COMMQ	810	000077F0
COMMQ	811	000077F1
COMMQ	812	000077F2
COMMQ	814	000077F3
COMMQ	815	000077F4
COMMQ	816	000077F5
COMMQ	817	000077F6
COMMQ	819	000077F7
COMMQ	820	000077F8
COMMQ	821	000077F9
COMMQ	822	000077FA
COMMQ	824	000077FB
COMMQ	825	000077FC
COMMQ	827	000077FD
COMMQ	828	000077FE
COMMQ	829	000077FF
COMMQ	830	00007800
COMMQ	845	00007801
COMMQ	846	00007802
COMMQ	848	00007803
COMMQ	850	00007804
COMMQ	851	00007805
COMMQ	852	00007806
COMMQ	856	00007807
COMMQ	857	00007808
COMMQ	864	00007809
COMMQ	865	0000780A
COMMQ	867	0000780B
COMMQ	868	0000780C
COMMQ	875	0000780D
COMMQ	881	0000780E
COMMQ	882	0000780F
COMMQ	883	00007810
COMMQ	887	00007811
COMMQ	889	00007812
COMMQ	893	00007813
COMMQ	895	00007814
COMMQ	896	00007815
COMMQ	898	00007816
COMMQ	899	00007817
COMMQ	900	00007818
COMMQ	901	00007819
COMMQ	902	0000781A
COMMQ	903	0000781B
COMMQ	904	0000781C
COMMQ	905	0000781D
COMMQ	909	0000781E
COMMQ	910	0000781F
COMMQ	912	00007820
COMMQ	914	00007821
COMMQ	915	00007822
COMMQ	916	00007823
COMMQ	917	00007824
COMMQ	918	00007825
COMMQ	919	00007826
COMMQ	920	00007827
COMMQ	924	00007828
COMMQ	925	00007829
COMMQ	926	0000782A
COMMQ	927	0000782B
COMMQ	929	0000782C
COMMQ	930	0000782D
COMMQ	931	0000782E
COMMQ	932	0000782F
COMMQ	933	00007830
COMMQ	934	00007831
COMMQ	939	00007832
COMMQ	940	00007833
COMMQ	942	00007834
COMMQ	943	00007835
COMMQ	944	00007836
COMMQ	945	00007837
COMMQ	946	00007838
COMMQ	947	00007839
COMMQ	951	0000783A
COMMQ	952	0000783B
COMMQ	954	0000783C
COMMQ	955	0000783D
COMMQ	956	0000783E
COMMQ	957	0000783F
COMMQ	958	00007840
COMMQ	959	00007841
COMMQ	964	00007842
COMMQ	965	00007843
COMMQ	966	00007844
COMMQ	967	00007845
COMMQ	971	00007846
COMMQ	972	00007847
COMMQ	974	00007848
COMMQ	975	00007849
COMMQ	979	0000784A
COMMQ	980	0000784B
COMMQ	981	0000784C
COMMQ	982	0000784D
COMMQ	986	0000784E
COMMQ	987	0000784F
COMMQ	988	00007850
COMMQ	989	00007851
COMMQ	990	00007852
COMMQ	991	00007853
COMMQ	996	00007854
COMMQ	998	00007855
COMMQ	1000	00007856
COMMQ	1010	00007857
COMMQ	1011	00007858
COMMQ	1013	00007859
COMMQ	1014	0000785A
COMMQ	1015	0000785B
COMMQ	1016	0000785C
COMMQ	1017	0000785D
COMMQ	1018	0000785E
COMMQ	1019	0000785F
COMMQ	1020	00007860
COMMQ	1022	00007861
COMMQ	1023	00007862
COMMQ	1024	00007863
COMMQ	1042	00007866
COMMQ	1043	00007867
COMMQ	1047	00007868
COMMQ	1049	00007869
COMMQ	1050	0000786A
COMMQ	1052	0000786B
COMMQ	1053	0000786C
COMMQ	1054	0000786D
COMMQ	1056	0000786E
COMMQ	1058	0000786F
COMMQ	1059	00007870
COMMQ	1060	00007871
COMMQ	1061	00007872
COMMQ	1064	00007873
COMMQ	1065	00007874
COMMQ	1072	00007875
COMMQ	1073	00007876
COMMQ	1076	00007877
COMMQ	1077	00007878
COMMQ	1079	00007879
COMMQ	1080	0000787A
COMMQ	1085	0000787B
COMMQ	1086	0000787C
COMMQ	1089	0000787D
COMMQ	1090	0000787E
COMMQ	1094	0000787F
COMMQ	1095	00007880
COMMQ	1096	00007881
COMMQ	1097	00007882
COMMQ	1099	00007883
COMMQ	1100	00007884
COMMQ	1101	00007885
COMMQ	1102	00007886
COMMQ	1103	00007887
COMMQ	1104	00007888
COMMQ	1105	00007889
COMMQ	1110	0000788A
COMMQ	1111	0000788B
COMMQ	1113	0000788C
COMMQ	1114	0000788D
COMMQ	1115	0000788E
COMMQ	1117	0000788F
COMMQ	1118	00007890
COMMQ	1122	00007891
COMMQ	1128	00007892
COMMQ	1132	00007893
COMMQ	1134	00007894
COMMQ	1135	00007895
COMMQ	1137	00007896
COMMQ	1138	00007897
COMMQ	1139	00007898
COMMQ	1140	00007899
COMMQ	1141	0000789A
COMMQ	1142	0000789B
COMMQ	1143	0000789C
COMMQ	1144	0000789D
COMMQ	1145	0000789E
COMMQ	1146	0000789F
COMMQ	1147	000078A0
COMMQ	1148	000078A1
COMMQ	1155	000078A2
COMMQ	1156	000078A3
COMMQ	1157	000078A4
COMMQ	1159	000078A5
COMMQ	1160	000078A6
COMMQ	1161	000078A7
COMMQ	1162	000078A8
COMMQ	1163	000078A9
COMMQ	1164	000078AA
COMMQ	1165	000078AB
COMMQ	1166	000078AC
COMMQ	1167	000078AD
COMMQ	1168	000078AE
COMMQ	1172	000078AF
COMMQ	1173	000078B0
COMMQ	1175	000078B1
COMMQ	1176	000078B2
COMMQ	1179	000078B3
COMMQ	1180	000078B4
COMMQ	1181	000078B5
COMMQ	1182	000078B6
COMMQ	1183	000078B7
COMMQ	1184	000078B8
COMMQ	1185	000078B9
COMMQ	1186	000078BA
COMMQ	1190	000078BB
COMMQ	1191	000078BC
COMMQ	1192	000078BD
COMMQ	1193	000078BE
COMMQ	1194	000078BF
COMMQ	1195	000078C0
COMMQ	1196	000078C1
COMMQ	1197	000078C2
COMMQ	1201	000078C3
COMMQ	1202	000078C4
COMMQ	1203	000078C5
COMMQ	1204	000078C6
COMMQ	1205	000078C7
COMMQ	1206	000078C8
COMMQ	1207	000078C9
COMMQ	1208	000078CA
COMMQ	1213	000078CB
COMMQ	1214	000078CC
COMMQ	1215	000078CD
COMMQ	1216	000078CE
COMMQ	1217	000078CF
COMMQ	1218	000078D0
COMMQ	1219	000078D1
COMMQ	1223	000078D2
COMMQ	1224	000078D3
COMMQ	1226	000078D4
COMMQ	1227	000078D5
COMMQ	1231	000078D6
COMMQ	1232	000078D7
COMMQ	1233	000078D8
COMMQ	1234	000078D9
COMMQ	1238	000078DA
COMMQ	1239	000078DB
COMMQ	1240	000078DC
COMMQ	1241	000078DD
COMMQ	1244	000078DE
COMMQ	1246	000078DF
COMMQ	1250	000078E0
COMMQ	1251	000078E1
COMMQ	1260	000078E2
COMMQ	1261	000078E3
COMMQ	1263	000078E4
COMMQ	1264	000078E5
COMMQ	1266	000078E6
COMMQ	1267	000078E7
COMMQ	1268	000078E8
COMMQ	1269	000078E9
COMMQ	1270	000078EA
COMMQ	1272	000078EB
COMMQ	1274	000078EC
COMMQ	1275	000078ED
COMMQ	1276	000078F0
COMMQ	1277	000078F1
COMMQ	1278	000078F2
COMMQ	1280	000078F3
COMMQ	1281	000078F4
COMMQ	1286	000078F5
COMMQ	1287	000078F6
COMMQ	1289	000078F7
COMMQ	1290	000078F8
COMMQ	1292	000078F9
COMMQ	1293	000078FA
COMMQ	1294	000078FB
COMMQ	1296	000078FC
COMMQ	1297	000078FD
COMMQ	1298	000078FE
COMMQ	1299	000078FF
COMMQ	1303	00007900
COMMQ	1305	00007901
COMMQ	1306	00007902
COMMQ	1312	00007903
COMMQ	1313	00007904
COMMQ	1314	00007905
COMMQ	1315	00007906
COMMQ	1316	00007907
COMMQ	1317	00007908
COMMQ	1318	00007909
COMMQ	1320	0000790A
COMMQ	1321	0000790B
COMMQ	1322	0000790C
COMMQ	1323	0000790D
COMMQ	1324	0000790E
COMMQ	1325	0000790F
COMMQ	1326	00007910
COMMQ	1327	00007911
COMMQ	1333	00007912
COMMQ	1334	00007913
COMMQ	1335	00007914
COMMQ	1337	00007915
COMMQ	1338	00007916
COMMQ	1339	00007917
COMMQ	1340	00007918
COMMQ	1342	00007919
COMMQ	1343	0000791A
COMMQ	1344	0000791B
COMMQ	1345	0000791C
COMMQ	1346	0000791D
COMMQ	1348	0000791E
COMMQ	1349	0000791F
COMMQ	1351	00007920
COMMQ	1352	00007921
COMMQ	1353	00007922
COMMQ	1354	00007923
COMMQ	1355	00007924
COMMQ	1356	00007925
COMMQ	1357	00007926
COMMQ	1358	00007927
COMMQ	1379	00007928
COMMQ	1380	00007929
COMMQ	1381	0000792A
COMMQ	1382	0000792B
COMMQ	1397	0000792C
COMMQ	1398	0000792D
COMMQ	1399	0000792E
COMMQ	1405	0000792F
COMMQ	1407	00007930
COMMQ	1408	00007931
COMMQ	1410	00007932
COMMQ	1411	00007933
COMMQ	1412	00007934
COMMQ	1413	00007935
COMMQ	1414	00007936
COMMQ	1415	00007937
COMMQ	1417	00007938
COMMQ	1423	00007939
COMMQ	1424	0000793A
COMMQ	1425	0000793B
COMMQ	1427	0000793C
COMMQ	1428	0000793D
COMMQ	1430	0000793E
COMMQ	1431	0000793F
COMMQ	1432	00007940
COMMQ	1439	00007941
COMMQ	1440	00007942
COMMQ	1441	00007943
COMMQ	1447	00007944
COMMQ	1448	00007945
COMMQ	1462	00007946
COMMQ	1463	00007947
COMMQ	1464	00007948
COMMQ	1465	00007949
COMMQ	1467	0000794A
COMMQ	1468	0000794B
COMMQ	1469	0000794C
COMMQ	1470	0000794D
COMMQ	1476	0000794E
COMMQ	1477	0000794F
COMMQ	1478	00007950
COMMQ	1480	00007951
COMMQ	1481	00007952
COMMQ	1482	00007953
COMMQ	1484	00007954
COMMQ	1485	00007955
COMMQ	1486	00007956
COMMQ	1487	00007957
COMMQ	1489	00007958
COMMQ	1490	00007959
COMMQ	1492	0000795A
COMMQ	1493	0000795B
COMMQ	1499	0000795C
COMMQ	1500	0000795D
COMMQ	1501	0000795E
COMMQ	1502	00007960
COMMQ	1503	00007961
COMMQ	1504	00007962
COMMQ	1506	00007964
COMMQ	1507	00007965
COMMQ	1508	00007966
COMMQ	1514	00007967
COMMQ	1515	00007968
COMP	133	0000A2DB
COMP	134	0000A2DC
COMP	136	0000A2DE
COMP	137	0000A2DF
COMP	138	0000A2E0
COMP	139	0000A2E1
COMP	140	0000A2E2
COMP	141	0000A2E3
COMP	142	0000A2E4
COMP	146	0000A2E5
COMP	148	0000A2E6
COMP	149	0000A2E7
COMP	150	0000A2E8
COMP	152	0000A2E9
COMP	153	0000A2EA
COMP	154	0000A2EB
COMP	156	0000A2EC
COMP	157	0000A2ED
COMP	158	0000A2EE
COMP	160	0000A2EF
COMP	161	0000A2F0
COMP	162	0000A2F1
COMP	163	0000A2F2
COMP	165	0000A2F3
COMP	179	0000A2F4
COMP	180	0000A2F5
COMP	181	0000A2F6
COMP	183	0000A2F7
COMP	184	0000A2F8
COMP	185	0000A2F9
COMP	187	0000A2FA
COMP	188	0000A2FB
COMP	216	0000A2FC
COMP	217	0000A2FD
COMP	218	0000A2FE
COMP	222	0000A2FF
COMP	223	0000A300
COMP	224	0000A301
COMP	225	0000A302
COMP	227	0000A303
COMP	228	0000A304
COMP	229	0000A305
COMP	230	0000A306
COMP	231	0000A307
COMP	233	0000A308
COMP	234	0000A309
COMP	235	0000A30A
COMP	236	0000A30B
COMP	240	0000A30C
COMP	241	0000A30D
COMP	246	0000A30E
COMP	247	0000A30F
COMP	249	0000A310
COMP	250	0000A311
COMP	251	0000A312
COMP	252	0000A313
COMP	253	0000A314
COMP	254	0000A315
COMP	255	0000A316
COMP	258	0000A317
COMP	259	0000A318
COMP	260	0000A319
COMP	262	0000A31A
COMP	264	0000A31B
COMP	265	0000A31C
COMP	266	0000A31D
COMP	267	0000A31E
COMP	268	0000A31F
COMP	270	0000A320
COMP	271	0000A321
COMP	272	0000A322
COMP	273	0000A323
COMP	288	0000A324
COMP	294	0000A325
COMP	295	0000A32A
COMP	296	0000A32F
COMP	301	0000A330
COMP	302	0000A331
COMP	303	0000A332
COMP	304	0000A333
COMP	309	0000A334
COMP	310	0000A335
COMP	312	0000A336
COMP	314	0000A337
COMP	315	0000A338
COMP	316	0000A339
COMP	318	0000A33A
COMP	319	0000A33B
COMP	321	0000A33C
COMP	323	0000A33D
COMP	324	0000A33E
COMP	325	0000A33F
COMP	329	0000A340
COMP	330	0000A341
COMP	345	0000A342
COMP	348	0000A343
COMP	349	0000A344
COMP	350	0000A345
COMP	354	0000A346
COMP	355	0000A347
COMP	357	0000A348
COMP	358	0000A349
COMP	360	0000A34A
COMP	364	0000A34B
COMP	365	0000A34C
COMP	368	0000A34D
COMP	373	0000A34E
COMP	374	0000A34F
COMP	380	0000A350
COMP	381	0000A355
COMP	382	0000A35A
COMP	390	0000A35B
COMP	391	0000A35C
COMP	405	0000A35D
COMP	406	0000A35E
COMP	410	0000A35F
COMP	411	0000A360
COMP	412	0000A361
COMP	413	0000A362
COMP	416	0000A363
COMP	417	0000A364
COMP	418	0000A365
COMP	419	0000A367
COMP	423	0000A368
COMP	424	0000A369
COMP	425	0000A36A
COMP	426	0000A36B
COMP	427	0000A36C
COMP	435	0000A36D
COMP	436	0000A36E
COMP	437	0000A36F
COMP	438	0000A370
COMP	440	0000A371
COMP	441	0000A372
COMP	443	0000A373
COMP	444	0000A374
COMP	446	0000A375
COMP	447	0000A376
COMP	450	0000A377
COMP	451	0000A378
COMP	453	0000A379
COMP	454	0000A37A
COMP	455	0000A37B
COMP	459	0000A37C
COMP	460	0000A37D
COMP	461	0000A37E
COMP	462	0000A37F
COMP	466	0000A380
COMP	471	0000A381
COMP	473	0000A383
COMP	474	0000A384
COMP	475	0000A385
COMP	476	0000A386
COMP	477	0000A387
COMP	478	0000A388
COMP	479	0000A389
COMP	483	0000A38A
COMP	484	0000A38B
COMP	486	0000A38C
COMP	487	0000A38D
COMP	488	0000A38E
COMP	489	0000A38F
COMP	490	0000A390
COMP	491	0000A391
COMP	494	0000A392
COMP	496	0000A393
COMP	497	0000A394
COMP	499	0000A395
COMP	500	0000A396
COMP	501	0000A397
COMP	502	0000A398
COMP	507	0000A399
COMP	508	0000A39A
COMP	509	0000A39B
COMP	510	0000A39C
COMP	511	0000A39D
COMP	519	0000A39F
COMP	520	0000A3A0
COMP	522	0000A3A1
COMP	523	0000A3A2
COMP	524	0000A3A3
COMP	525	0000A3A4
COMP	526	0000A3A5
COMP	527	0000A3A6
COMP	528	0000A3A7
COMP	529	0000A3A8
COMP	531	0000A3A9
COMP	532	0000A3AA
COMP	533	0000A3AB
COMP	534	0000A3AC
COMP	535	0000A3AD
COMP	536	0000A3AE
COMP	537	0000A3AF
COMP	539	0000A3B0
COMP	540	0000A3B1
COMP	541	0000A3B2
COMP	542	0000A3B3
COMP	543	0000A3B4
COMP	544	0000A3B5
COMP	546	0000A3B6
COMP	554	0000A3B7
COMP	555	0000A3B8
COMP	556	0000A3B9
COMP	557	0000A3BA
COMP	558	0000A3BB
COMP	559	0000A3BC
COMP	560	0000A3BD
COMP	561	0000A3BE
COMP	563	0000A3BF
COMP	564	0000A3C0
COMP	565	0000A3C1
COMP	566	0000A3C2
COMP	567	0000A3C3
COMP	568	0000A3C4
COMP	569	0000A3C5
COMP	571	0000A3C6
COMP	572	0000A3C7
COMP	573	0000A3C8
COMP	574	0000A3C9
COMP	575	0000A3CA
COMP	576	0000A3CB
COMP	578	0000A3CC
COMP	579	0000A3CD
COMP	581	0000A3CE
COMP	599	0000A3D0
COMP	601	0000A3D1
COMP	603	0000A3D2
COMP	604	0000A3D3
COMP	605	0000A3D4
COMP	606	0000A3D5
COMP	611	0000A3D6
COMP	612	0000A3D7
COMP	614	0000A3D8
COMP	615	0000A3D9
COMP	616	0000A3DA
COMP	617	0000A3DB
COMP	619	0000A3DC
COMP	620	0000A3DD
COMP	621	0000A3DE
COMP	622	0000A3DF
COMP	623	0000A3E0
COMP	624	0000A3E1
COMP	627	0000A3E2
COMP	628	0000A3E3
COMP	629	0000A3E4
COMP	630	0000A3E5
COMP	631	0000A3E6
COMP	633	0000A3E7
COMP	634	0000A3E8
COMP	635	0000A3E9
COMP	636	0000A3EA
COMP	639	0000A3EB
COMP	640	0000A3EC
COMP	655	0000A3ED
COMP	656	0000A3EE
COMP	658	0000A3EF
COMP	659	0000A3F0
COMP	664	0000A3F1
COMP	665	0000A3F2
COMP	666	0000A3F3
COMP	667	0000A3F4
COMP	668	0000A3F5
COMP	669	0000A3F8
COMP	670	0000A3F9
COMP	671	0000A3FA
COMP	672	0000A3FB
COMP	682	0000A3FC
COMP	683	0000A3FD
COMP	684	0000A3FE
COMP	686	0000A3FF
COMP	687	0000A400
COMP	688	0000A401
COMP	694	0000A402
COMP	695	0000A404
COMP	696	0000A405
COMP	698	0000A406
COMP	699	0000A407
COMP	700	0000A408
CUSA	154	00004AE6
CUSA	156	00004AE7
CUSA	157	00004AE8
CUSA	158	00004AE9
CUSA	160	00004AEA
CUSA	161	00004AEB
CUSA	162	00004AEC
CUSA	164	00004AED
CUSA	165	00004AEE
CUSA	166	00004AEF
CUSA	168	00004AF0
CUSA	169	00004AF1
CUSA	170	00004AF2
CUSA	171	00004AF3
CUSA	173	00004AF9
CUSA	174	00004AFA
CUSA	175	00004AFB
CUSA	176	00004AFC
CUSA	177	00004AFF
CUSA	178	00004B00
CUSA	186	00004B01
CUSA	187	00004B02
CUSA	188	00004B03
CUSA	189	00004B04
CUSA	191	00004B05
CUSA	192	00004B06
CUSA	193	00004B07
CUSA	195	00004B08
CUSA	196	00004B09
CUSA	197	00004B0A
CUSA	199	00004B0B
CUSA	200	00004B0C
CUSA	201	00004B0D
CUSA	203	00004B0E
CUSA	205	00004B0F
CUSA	208	00004B10
CUSA	234	00004B11
CUSA	235	00004B12
CUSA	236	00004B13
CUSA	237	00004B14
CUSA	238	00004B15
CUSA	239	00004B16
CUSA	240	00004B17
CUSA	241	00004B18
CUSA	242	00004B19
CUSA	243	00004B1A
CUSA	244	00004B1B
CUSA	245	00004B1C
CUSA	246	00004B1D
CUSA	247	00004B1E
CUSA	248	00004B1F
CUSA	251	00004B20
CUSA	253	00004B24
CUSA	254	00004B25
CUSA	255	00004B26
CUSA	256	00004B27
CUSA	259	00004B28
CUSA	263	00004B29
CUSA	264	00004B2D
CUSA	265	00004B33
CUSA	266	00004B34
CUSA	300	00004B35
CUSA	301	00004B36
CUSA	302	00004B38
CUSA	305	00004B39
CUSA	306	00004B3A
CUSA	307	00004B3B
CUSA	309	00004B3C
CUSA	310	00004B40
CUSA	311	00004B46
CUSA	312	00004B47
CUSA	321	00004B48
CUSA	322	00004B49
CUSA	323	00004B4A
CUSA	324	00004B4B
CUSA	326	00004B4C
CUSA	327	00004B4D
CUSA	328	00004B4E
CUSA	329	00004B4F
CUSA	330	00004B50
CUSA	333	00004B51
CUSA	334	00004B52
CUSA	335	00004B53
CUSA	336	00004B54
CUSA	337	00004B55
CUSA	339	00004B56
CUSA	341	00004B57
CUSA	342	00004B58
CUSA	343	00004B59
CUSA	345	00004B5A
CUSA	346	00004B5B
CUSA	347	00004B5C
CUSA	350	00004B5D
CUSA	351	00004B5E
CUSA	353	00004B5F
CUSA	354	00004B60
CUSA	355	00004B61
CUSA	356	00004B62
CUSA	359	00004B63
CUSA	360	00004B64
CUSA	361	00004B65
CUSA	362	00004B66
CUSA	363	00004B67
CUSA	364	00004B68
CUSA	366	00004B69
CUSA	367	00004B6A
CUSA	368	00004B6B
CUSA	369	00004B6C
CUSA	372	00004B6D
CUSA	373	00004B6E
CUSA	375	00004B6F
CUSA	376	00004B70
CUSA	378	00004B71
CUSA	379	00004B72
CUSA	381	00004B73
CUSA	383	00004B74
CUSA	385	00004B75
CUSA	386	00004B76
CUSA	387	00004B7C
CUSA	388	00004B7D
CUSA	390	00004B7E
CUSA	391	00004B7F
CUSA	392	00004B80
CUSA	393	00004B81
CUSA	395	00004B82
CUSA	400	00004B83
CUSA	401	00004B84
CUSA	402	00004B85
CUSA	405	00004B87
CUSA	406	00004B88
CUSA	407	00004B89
CUSA	408	00004B8A
CUSA	409	00004B8B
CUSA	410	00004B8C
CUSA	411	00004B8D
CUSA	412	00004B8E
CUSA	414	00004B8F
CUSA	416	00004B90
CUSA	417	00004B91
CUSA	418	00004B92
CUSA	419	00004B93
CUSA	420	00004B94
CUSA	422	00004B95
CUSA	423	00004B96
CUSA	424	00004B97
CUSA	426	00004B98
CUSA	427	00004B99
CUSA	430	00004B9A
CUSA	432	00004B9B
CUSA	433	00004B9C
CUSA	434	00004B9D
CUSA	436	00004B9E
CUSA	437	00004B9F
CUSA	438	00004BA0
CUSA	439	00004BA1
CUSA	440	00004BA2
CUSA	443	00004BA3
CUSA	444	00004BA5
CUSA	445	00004BA6
CUSA	448	00004BA7
CUSA	449	00004BA8
CUSA	450	00004BA9
CUSA	451	00004BAA
CUSA	452	00004BAB
CUSA	453	00004BAC
CUSA	455	00004BAE
CUSA	456	00004BAF
CUSA	457	00004BB0
CUSA	458	00004BB1
CUSA	459	00004BB2
CUSA	461	00004BB3
CUSA	462	00004BB4
CUSA	463	00004BB5
CUSA	464	00004BB6
CUSA	465	00004BB7
CUSA	466	00004BB8
CUSA	467	00004BB9
CUSA	469	00004BBA
CUSA	470	00004BBC
CUSA	471	00004BBD
CUSA	473	00004BBE
CUSA	474	00004BBF
CUSA	478	00004BC0
CUSA	479	00004BC2
CUSA	480	00004BC3
CUSA	481	00004BC4
CUSA	483	00004BC5
CUSA	484	00004BC7
CUSA	485	00004BC8
CUSA	487	00004BCA
CUSA	488	00004BCB
CUSA	489	00004BCC
CUSA	490	00004BCD
CUSA	491	00004BCE
CUSA	493	00004BCF
CUSA	495	00004BD0
CUSA	499	00004BD1
CUSA	500	00004BD6
CUSA	501	00004BDB
CUSA	503	00004BDC
CUSA	504	00004BDD
CUSA	505	00004BDE
CUSA	507	00004BDF
CUSA	508	00004BE0
CUSA	509	00004BE1
CUSA	511	00004BE2
CUSA	512	00004BE3
CUSA	513	00004BE4
CUSA	515	00004BE5
CUSA	516	00004BE6
CUSA	521	00004BE7
CUSA	522	00004BE8
CUSA	523	00004BE9
CUSA	525	00004BEA
CUSA	526	00004BEB
CUSA	527	00004BEC
CUSA	528	00004BED
CUSA	530	00004BEE
CUSA	531	00004BEF
CUSA	533	00004BF0
CUSA	535	00004BF1
CUSA	536	00004BF2
CUSA	537	00004BF3
CUSA	539	00004BF4
CUSA	541	00004BF5
CUSA	542	00004BF6
CUSA	543	00004BF7
CUSA	545	00004BF8
CUSA	547	00004BF9
CUSA	548	00004BFA
CUSA	549	00004BFB
CUSA	550	00004BFC
CUSA	551	00004BFD
CUSA	552	00004BFE
CUSA	553	00004BFF
CUSA	554	00004C00
CUSA	555	00004C01
CUSA	557	00004C02
CUSA	559	00004C03
CUSA	560	00004C04
CUSA	561	00004C05
CUSA	562	00004C06
CUSA	563	00004C07
CUSA	565	00004C08
CUSA	567	00004C09
CUSA	568	00004C0A
CUSA	569	00004C0B
CUSA	570	00004C0C
CUSA	571	00004C0D
CUSA	574	00004C0E
CUSA	575	00004C0F
CUSA	577	00004C10
CUSA	580	00004C11
CUSA	581	00004C12
CUSA	582	00004C13
CUSA	583	00004C14
CUSA	584	00004C15
CUSA	585	00004C16
CUSA	587	00004C17
CUSA	588	00004C18
CUSA	595	00004C19
CUSA	596	00004C1A
CUSA	597	00004C1B
CUSA	598	00004C1C
CUSA	601	00004C1D
CUSA	602	00004C1E
CUSA	603	00004C1F
CUSA	605	00004C20
CUSA	606	00004C21
CUSA	607	00004C22
CUSA	609	00004C23
CUSA	610	00004C24
CUSA	612	00004C25
CUSA	613	00004C26
CUSA	614	00004C27
CUSA	615	00004C28
CUSA	616	00004C29
CUSA	617	00004C2A
CUSA	618	00004C2B
CUSA	632	00004C2C
CUSA	633	00004C31
CUSA	634	00004C36
CUSA	636	00004C37
CUSA	637	00004C38
CUSA	638	00004C39
CUSA	639	00004C3A
CUSA	641	00004C3B
CUSA	642	00004C3C
CUSA	644	00004C3D
CUSA	645	00004C3E
CUSA	646	00004C3F
CUSA	647	00004C40
CUSA	649	00004C41
CUSA	650	00004C42
CUSA	652	00004C43
CUSA	668	00004C44
CUSA	671	00004C45
CUSA	672	00004C46
CUSA	674	00004C47
CUSA	676	00004C48
CUSA	677	00004C49
CUSA	679	00004C4A
CUSA	680	00004C4B
CUSA	682	00004C4C
CUSA	683	00004C4D
CUSA	684	00004C4E
CUSA	685	00004C4F
CUSA	686	00004C50
CUSA	688	00004C51
CUSA	689	00004C52
CUSA	690	00004C53
CUSA	691	00004C54
CUSA	692	00004C55
CUSA	693	00004C56
CUSA	694	00004C57
CUSA	695	00004C58
CUSA	696	00004C59
CUSA	697	00004C5A
CUSA	698	00004C5B
CUSA	699	00004C5C
CUSA	700	00004C5D
CUSA	701	00004C5E
CUSA	702	00004C5F
CUSA	703	00004C60
CUSA	704	00004C61
CUSA	705	00004C62
CUSA	706	00004C63
CUSA	707	00004C64
CUSA	708	00004C65
CUSA	709	00004C66
CUSA	710	00004C67
CUSA	711	00004C68
CUSA	712	00004C69
CUSA	713	00004C6A
CUSA	714	00004C6B
CUSA	715	00004C6C
CUSA	716	00004C6D
CUSA	718	00004C6E
CUSA	721	00004C6F
CUSA	722	00004C70
CUSA	723	00004C71
CUSA	724	00004C72
CUSA	725	00004C73
CUSA	727	00004C74
CUSA	728	00004C75
CUSA	732	00004C76
CUSA	733	00004C77
CUSA	734	00004C78
CUSA	735	00004C79
CUSA	736	00004C7A
CUSA	737	00004C7B
CUSA	738	00004C7C
CUSA	739	00004C7D
CUSA	740	00004C7E
CUSA	741	00004C7F
CUSA	742	00004C80
CUSA	743	00004C88
CUSA	745	00004C89
CUSA	746	00004C8A
CUSA	747	00004C8B
CUSA	752	00004C8C
CUSA	754	00004C8D
CUSA	755	00004C8E
CUSA	758	00004C8F
CUSA	759	00004C90
CUSA	760	00004C91
CUSA	763	00004C92
CUSA	764	00004C93
CUSA	765	00004C94
CUSA	767	00004C95
CUSA	768	00004C96
CUSA	770	00004C97
CUSA	771	00004C98
CUSA	772	00004C99
CUSA	773	00004C9A
CUSA	775	00004C9B
CUSA	776	00004C9C
CUSA	777	00004C9D
CUSA	779	00004C9E
CUSA	780	00004C9F
CUSA	784	00004CA0
CUSA	785	00004CA1
CUSA	786	00004CA2
CUSA	789	00004CA5
CUSA	790	00004CA8
CUSA	791	00004CA9
CUSA	792	00004CAA
CUSA	793	00004CAB
CUSA	795	00004CAC
CUSA	796	00004CAD
CUSA	797	00004CAE
CUSA	798	00004CAF
CUSA	799	00004CB0
CUSA	800	00004CB2
CUSA	801	00004CB3
CUSA	802	00004CB4
CUSA	804	00004CB6
CUSA	805	00004CB7
CUSA	807	00004CB8
CUSA	808	00004CB9
CUSA	809	00004CBA
CUSA	815	00004CBB
CUSA	816	00004CBC
CUSA	817	00004CBD
CUSA	818	00004CBE
CUSA	821	00004CBF
CUSA	822	00004CC0
CUSA	824	00004CC1
CUSA	825	00004CC2
CUSA	826	00004CC3
CUSA	828	00004CC4
CUSA	829	00004CC5
CUSA	835	00004CC6
CUSA	836	00004CC7
CUSA	837	00004CC8
CUSA	841	00004CC9
CUSA	842	00004CCC
CUSA	845	00004CCF
CUSA	846	00004CD0
CUSA	847	00004CD1
CUSA	848	00004CD2
CUSA	849	00004CD3
CUSA	850	00004CD4
CUSA	851	00004CD5
CUSA	852	00004CD6
CUSA	856	00004CD7
CUSA	857	00004CD8
CUSA	858	00004CD9
CUSA	859	00004CDA
CUSA	860	00004CDB
CUSA	861	00004CDC
CUSA	862	00004CDD
CUSA	863	00004CDE
CUSA	864	00004CDF
CUSA	865	00004CE0
CUSA	866	00004CE1
CUSA	867	00004CE2
CUSA	868	00004CE3
CUSA	869	00004CE4
CUSA	870	00004CE5
CUSA	871	00004CE6
CUSA	872	00004CE7
CUSA	873	00004CE8
CUSA	874	00004CE9
CUSA	875	00004CEA
CUSA	876	00004CEB
CUSA	877	00004CEC
CUSA	878	00004CED
CUSA	879	00004CEE
CUSA	880	00004CEF
CUSA	881	00004CF0
CUSA	882	00004CF1
CUSA	883	00004CF2
CUSA	884	00004CF3
CUSA	885	00004CF4
CUSA	887	00004CF5
CUSA	888	00004CF6
CUSA	889	00004CF7
CUSA	891	00004CF8
CUSA	892	00004CF9
CUSA	893	00004CFA
CUSA	894	00004CFB
CUSA	895	00004CFC
CUSA	896	00004CFD
CUSA	897	00004CFE
CUSA	913	00004D00
CUSA	914	00004D01
CUSA	915	00004D02
CUSA	916	00004D03
CUSA	917	00004D04
CUSA	918	00004D05
CUSA	919	00004D06
CUSA	923	00004D07
CUSA	924	00004D08
CUSA	925	00004D09
CUSA	926	00004D0A
CUSA	927	00004D0B
CUSA	928	00004D0C
CUSA	929	00004D0D
CUSA	930	00004D0E
CUSA	931	00004D0F
CUSA	932	00004D10
CUSA	934	00004D11
CUSA	935	00004D12
CUSA	936	00004D13
CUSA	942	00004D14
CUSA	943	00004D15
CUSA	944	00004D16
CUSA	945	00004D17
CUSA	947	00004D18
CUSA	948	00004D19
CUSA	949	00004D1A
CUSA	951	00004D1B
CUSA	952	00004D1C
CUSA	953	00004D1D
CUSA	954	00004D1E
CUSA	955	00004D1F
CUSA	956	00004D20
CUSA	958	00004D21
CUSA	959	00004D22
CUSA	960	00004D23
CUSA	961	00004D24
CUSA	962	00004D25
CUSA	963	00004D26
CUSA	964	00004D27
CUSA	966	00004D28
CUSA	967	00004D29
CUSA	977	00004D2A
CUSA	978	00004D2B
CUSA	979	00004D2C
CUSA	981	00004D2D
CUSA	982	00004D2E
CUSA	983	00004D2F
CUSA	984	00004D30
CUSA	985	00004D31
CUSA	986	00004D32
CUSA	988	00004D33
CUSA	989	00004D34
CUSA	990	00004D35
CUSA	991	00004D36
CUSA	992	00004D37
CUSA	995	00004D38
CUSA	1002	00004D39
CUSA	1003	00004D3A
CUSA	1004	00004D3B
CUSA	1005	00004D3C
CUSA	1006	00004D3D
CUSA	1008	00004D3E
CUSA	1009	00004D3F
CUSA	1010	00004D40
CUSA	1011	00004D41
CUSA	1012	00004D42
CUSA	1015	00004D43
CUSA	1016	00004D44
CUSA	1018	00004D45
CUSA	1019	00004D47
CUSA	1021	00004D48
CUSA	1022	00004D4A
CUSA	1023	00004D4B
CUSA	1024	00004D4C
CUSA	1026	00004D4D
CUSA	1028	00004D4E
CUSA	1029	00004D4F
CUSA	1030	00004D50
CUSA	1031	00004D51
CUSA	1032	00004D52
CUSA	1033	00004D53
CUSA	1034	00004D54
CUSA	1035	00004D55
CUSA	1036	00004D56
CUSA	1037	00004D57
CUSA	1039	00004D58
CUSA	1040	00004D59
CUSA	1042	00004D5A
CUSA	1043	00004D5C
CUSA	1045	00004D5D
CUSA	1046	00004D5F
CUSA	1047	00004D60
CUSA	1048	00004D61
CUSA	1050	00004D62
CUSA	1051	00004D63
CUSA	1052	00004D64
CUSA	1053	00004D65
CUSA	1055	00004D66
CUSA	1056	00004D67
CUSA	1057	00004D68
CUSA	1058	00004D6A
CUSA	1059	00004D6B
CUSA	1061	00004D6C
CUSA	1062	00004D6D
CUSA	1063	00004D6E
CUSA	1064	00004D6F
CUSA	1065	00004D70
CUSA	1066	00004D71
CUSA	1069	00004D72
CUSA	1070	00004D73
CUSA	1071	00004D74
CUSA	1072	00004D75
CUSA	1073	00004D76
CUSA	1075	00004D77
CUSA	1076	00004D78
CUSA	1077	00004D79
CUSA	1078	00004D7A
CUSA	1079	00004D7B
CUSA	1080	00004D7C
CUSA	1081	00004D7D
CUSA	1082	00004D7E
CUSA	1083	00004D7F
CUSA	1090	00004D80
CUSA	1092	00004D81
CUSA	1093	00004D82
CUSA	1094	00004D83
CUSA	1095	00004D84
CUSA	1096	00004D85
CUSA	1097	00004D86
CUSA	1099	00004D87
CUSA	1100	00004D88
CUSA	1101	00004D89
CUSA	1103	00004D8A
CUSA	1104	00004D8B
CUSA	1105	00004D8C
CUSA	1106	00004D8D
CUSA	1107	00004D8E
CUSA	1108	00004D8F
CUSA	1109	00004D90
CUSA	1112	00004D91
CUSA	1113	00004D92
CUSA	1114	00004D93
CUSA	1115	00004D94
CUSA	1116	00004D95
CUSA	1117	00004D96
CUSA	1122	00004D97
CUSA	1123	00004D98
CUSA	1124	00004D99
CUSA	1125	00004D9A
CUSA	1126	00004D9B
CUSA	1127	00004D9C
CUSA	1129	00004D9D
CUSA	1130	00004D9E
CUSA	1131	00004D9F
CUSA	1132	00004DA0
CUSA	1136	00004DA1
CUSA	1137	00004DA2
CUSA	1138	00004DA3
CUSA	1139	00004DA4
CUSA	1140	00004DA5
CUSA	1141	00004DA6
CUSA	1144	00004DA7
CUSA	1145	00004DA8
CUSA	1146	00004DA9
CUSA	1147	00004DAA
CUSA	1148	00004DAB
CUSA	1152	00004DAC
CUSA	1153	00004DAD
CUSA	1154	00004DAE
CUSA	1155	00004DAF
CUSA	1156	00004DB0
CUSA	1158	00004DB1
CUSA	1159	00004DB2
CUSA	1160	00004DB3
CUSA	1161	00004DB4
CUSA	1162	00004DB5
CUSA	1163	00004DB6
CUSA	1165	00004DB7
CUSA	1166	00004DB8
CUSA	1167	00004DB9
CUSA	1168	00004DBA
CUSA	1172	00004DBB
CUSA	1173	00004DBC
CUSA	1175	00004DBD
CUSA	1176	00004DBE
CUSA	1177	00004DBF
CUSA	1180	00004DC0
CUSA	1181	00004DC1
CUSA	1182	00004DC2
CUSA	1183	00004DC3
CUSA	1184	00004DC4
CUSA	1185	00004DC5
CUSA	1186	00004DC6
CUSA	1187	00004DC7
CUSA	1188	00004DC8
CUSA	1189	00004DC9
CUSA	1190	00004DCA
CUSA	1191	00004DCB
CUSA	1194	00004DCC
CUSA	1195	00004DCD
CUSA	1196	00004DCE
CUSA	1197	00004DCF
CUSA	1198	00004DD0
CUSA	1200	00004DD1
CUSA	1201	00004DD2
CUSA	1202	00004DD3
CUSA	1203	00004DD4
CUSA	1204	00004DD5
CUSA	1205	00004DD6
CUSA	1207	00004DD7
CUSA	1208	00004DD8
CUSA	1209	00004DD9
CUSA	1210	00004DDA
CUSA	1216	00004DDB
CUSA	1217	00004DDC
CUSA	1218	00004DDD
CUSA	1219	00004DDE
CUSA	1220	00004DDF
CUSA	1221	00004DE0
CUSA	1223	00004DE1
CUSA	1224	00004DE2
CUSA	1225	00004DE3
CUSA	1227	00004DE4
CUSA	1229	00004DE5
CUSA	1230	00004DE6
CUSA	1232	00004DE7
CUSA	1233	00004DE8
CUSA	1234	00004DE9
CUSA	1237	00004DEA
CUSA	1238	00004DEB
CUSA	1239	00004DEC
CUSA	1240	00004DED
CUSA	1241	00004DEE
CUSA	1242	00004DEF
CUSA	1243	00004DF0
CUSA	1244	00004DF1
CUSA	1245	00004DF2
CUSA	1246	00004DF3
CUSA	1247	00004DF4
CUSA	1248	00004DF5
CUSA	1249	00004DF6
CUSA	1259	00004DF7
CUSA	1260	00004DF8
CUSA	1261	00004DF9
CUSA	1262	00004DFA
CUSA	1264	00004DFB
CUSA	1265	00004DFC
CUSA	1267	00004DFD
CUSA	1269	00004DFE
CUSA	1270	00004DFF
CUSA	1271	00004E00
CUSA	1274	00004E01
CUSA	1275	00004E02
CUSA	1276	00004E03
CUSA	1277	00004E04
CUSA	1278	00004E05
CUSA	1279	00004E06
CUSA	1280	00004E07
CUSA	1281	00004E08
CUSA	1282	00004E09
CUSA	1285	00004E0A
CUSA	1332	00004E2C
CUSA	1333	00004E2D
CUSA	1334	00004E2E
CUSA	1346	00004E31
CUSA	1347	00004E32
CUSA	1348	00004E33
CUSA	1349	00004E34
CUSA	1350	00004E35
CUSA	1351	00004E36
CUSA	1353	00004E37
CUSA	1354	00004E38
CUSA	1355	00004E39
CUSA	1357	00004E3A
CUSA	1358	00004E3B
CUSA	1359	00004E3C
CUSA	1361	00004E3D
CUSA	1363	00004E3E
CUSA	1364	00004E3F
CUSA	1365	00004E40
CUSA	1366	00004E41
CUSA	1367	00004E42
CUSA	1368	00004E43
CUSA	1384	00004E46
CUSA	1385	00004E47
CUSA	1386	00004E48
CUSA	1387	00004E49
CUSA	1388	00004E4A
CUSA	1389	00004E4B
CUSA	1391	00004E4C
CUSA	1392	00004E4D
CUSA	1393	00004E4E
CUSA	1395	00004E4F
CUSA	1396	00004E50
CUSA	1397	00004E51
CUSA	1399	00004E52
CUSA	1400	00004E53
CUSA	1401	00004E54
CUSA	1402	00004E55
CUSA	1403	00004E56
CUSA	1404	00004E57
CUSA	1412	00004E58
CUSA	1413	00004E5B
CUSA	1414	00004E5C
CUSA	1415	00004E5D
CUSA	1416	00004E5E
CUSA	1417	00004E5F
CUSA	1430	00004E60
CUSA	1431	00004E61
CUSA	1432	00004E62
CUSA	1433	00004E63
CUSA	1434	00004E64
CUSA	1435	00004E65
CUSA	1437	00004E66
CUSA	1438	00004E68
CUSA	1439	00004E69
CUSA	1441	00004E6A
CUSA	1442	00004E6B
CUSA	1443	00004E6C
CUSA	1444	00004E6D
CUSA	1448	00004E6E
CUSA	1449	00004E70
CUSA	1450	00004E71
CUSA	1454	00004E72
CUSA	1456	00004E73
CUSA	1457	00004E74
CUSA	1459	00004E75
CUSA	1460	00004E76
CUSA	1461	00004E77
CUSA	1462	00004E78
CUSA	1463	00004E79
CUSA	1464	00004E7A
CUSA	1465	00004E7B
CUSA	1467	00004E7C
CUSA	1468	00004E7D
CUSA	1469	00004E7E
CUSA	1471	00004E7F
CUSA	1472	00004E80
CUSA	1473	00004E81
CUSA	1474	00004E82
CUSA	1477	00004E83
CUSA	1478	00004E84
CUSA	1479	00004E85
CUSA	1480	00004E86
CUSA	1481	00004E87
CUSA	1484	00004E88
CUSA	1485	00004E8B
CUSA	1486	00004E8C
CUSA	1487	00004E8D
CUSA	1488	00004E8E
CUSA	1489	00004E8F
CUSA	1490	00004E90
CUSA	1491	00004E91
CUSA	1492	00004E92
CUSA	1493	00004E93
CUSA	1494	00004E94
CUSA	1495	00004E95
CUSA	1497	00004E96
CUSA	1498	00004E97
CUSA	1499	00004E98
CUSA	1500	00004E99
CUSA	1501	00004E9A
CUSA	1502	00004E9B
CUSA	1503	00004E9C
CUSA	1505	00004E9D
CUSA	1506	00004E9E
CUSA	1507	00004E9F
CUSA	1508	00004EA0
CUSA	1509	00004EA1
CUSA	1511	00004EA2
CUSA	1512	00004EA3
CUSA	1513	00004EA4
CUSA	1514	00004EA5
CUSA	1515	00004EA6
CUSA	1516	00004EA7
CUSA	1517	00004EA8
CUSA	1518	00004EA9
CUSA	1519	00004EAA
CUSA	1520	00004EAB
CUSA	1524	00004EAC
CUSA	1525	00004EAD
CUSA	1526	00004EAE
CUSA	1528	00004EAF
CUSA	1529	00004EB0
CUSA	1530	00004EB1
CUSA	1531	00004EB2
CUSA	1532	00004EB3
CUSA	1533	00004EB4
CUSA	1534	00004EB5
CUSA	1536	00004EB6
CUSA	1537	00004EB7
CUSA	1538	00004EB8
CUSA	1540	00004EB9
CUSA	1541	00004EBA
CUSA	1542	00004EBB
CUSA	1543	00004EBC
CUSA	1546	00004EBD
CUSA	1547	00004EC0
CUSA	1548	00004EC1
CUSA	1549	00004EC2
CUSA	1550	00004EC3
CUSA	1551	00004EC4
CUSA	1552	00004EC5
CUSA	1553	00004EC6
CUSA	1554	00004EC7
CUSA	1555	00004EC8
CUSA	1556	00004EC9
CUSA	1557	00004ECA
CUSA	1559	00004ECB
CUSA	1560	00004ECC
CUSA	1561	00004ECD
CUSA	1563	00004ECE
CUSA	1564	00004ECF
CUSA	1565	00004ED0
CUSA	1566	00004ED1
CUSA	1567	00004ED2
CUSA	1568	00004ED3
CUSA	1569	00004ED4
CUSA	1570	00004ED5
CUSA	1571	00004ED6
CUSA	1573	00004ED7
CUSA	1582	00004ED8
CUSA	1583	00004ED9
CUSA	1584	00004EDA
CUSA	1585	00004EDB
CUSA	1627	00004EDD
CUSA	1628	00004EE1
CUSA	1629	00004EE4
CUSA	1630	00004EE5
CUSA	1631	00004EE6
CUSA	1632	00004EE7
CUSA	1633	00004EE8
CUSA	1634	00004EE9
CUSA	1636	00004EEA
CUSA	1637	00004EEE
CUSA	1646	00004EEF
CUSA	1647	00004EF0
CUSA	1648	00004EF1
CUSA	1649	00004EF2
CUSA	1654	00004EF3
CUSA	1660	00004EF4
CUSA	1661	00004EFA
CUSA	1662	00004EFB
CUSA	1663	00004EFC
CUSA	1664	00004EFD
CUSA	1665	00004EFE
CUSA	1666	00004EFF
CUSA	1667	00004F00
CUSA	1668	00004F01
CUSA	1670	00004F02
CUSA	1671	00004F03
CUSA	1672	00004F04
CUSA	1673	00004F05
CUSA	1674	00004F06
CUSA	1675	00004F07
CUSA	1676	00004F08
CUSA	1677	00004F09
CUSA	1770	00004F0A
CUSA	1771	00004F0B
CUSA	1772	00004F0C
CUSA	1773	00004F0D
CUSA	1774	00004F0E
CUSA	1775	00004F0F
CUSA	1776	00004F10
CUSA	1777	00004F11
CUSA	1778	00004F12
CUSA	1784	00004F13
CUSA	1785	00004F14
CUSA	1786	00004F15
CUSA	1787	00004F16
CUSA	1788	00004F17
CUSA	1801	00004F19
CUSA	1802	00004F1A
CUSA	1803	00004F1B
CUSA	1806	00004F1C
CUSA	1807	00004F1D
CUSA	1809	00004F1E
CUSA	1810	00004F1F
CUSA	1812	00004F20
CUSA	1813	00004F21
CUSA	1814	00004F22
CUSA	1816	00004F23
CUSA	1818	00004F24
CUSA	1819	00004F25
CUSA	1821	00004F26
CUSA	1822	00004F27
CUSA	1824	00004F28
CUSA	1825	00004F29
CUSA	1826	00004F2A
CUSA	1828	00004F2B
CUSA	1829	00004F2C
CUSA	1831	00004F2D
CUSA	1832	00004F2E
CUSA	1835	00004F2F
CUSA	1836	00004F30
CUSA	1837	00004F31
CUSA	1838	00004F32
CUSA	1839	00004F33
CUSA	1841	00004F34
CUSA	1842	00004F35
CUSA	1843	00004F36
CUSA	1844	00004F37
CUSA	1850	00004F38
CUSA	1851	00004F39
CUSA	1852	00004F3A
CUSA	1853	00004F3B
CUSA	1854	00004F3C
CUSA	1855	00004F3D
CUSA	1856	00004F3E
CUSA	1857	00004F3F
CUSA	1858	00004F40
CUSA	1859	00004F41
CUSA	1860	00004F42
CUSA	1866	00004F43
CUSA	1867	00004F44
CUSA	1868	00004F45
CUSA	1869	00004F46
CUSA	1870	00004F47
CUSA	1871	00004F48
CUSA	1872	00004F49
CUSA	1873	00004F4A
CUSA	1874	00004F4B
CUSA	1875	00004F4C
CUSA	1877	00004F4D
CUSA	1878	00004F4E
CUSA	1880	00004F4F
CUSA	1881	00004F52
CUSA	1884	00004F53
CUSA	1885	00004F54
CUSA	1886	00004F58
CUSA	1887	00004F5C
CUSA	1888	00004F60
CUSA	1889	00004F64
CUSA	1890	00004F65
CUSA	1892	00004F69
CUSA	1893	00004F6A
CUSA	1894	00004F6E
CUSA	1895	00004F72
CUSA	1898	00004F76
CUSA	1899	00004F77
CUSA	1900	00004F78
CUSA	1901	00004F79
CUSA	1902	00004F7A
CUSA	1903	00004F7B
CUSA	1905	00004F7C
CUSA	1906	00004F7D
CUSA	1907	00004F7E
CUSA	1908	00004F7F
CUSA	1910	00004F80
CUSA	1911	00004F81
CUSA	1912	00004F82
CUSA	1913	00004F83
CUSA	1914	00004F84
CUSA	1915	00004F85
CUSA	1923	00004F86
CUSA	1924	00004F87
CUSA	1925	00004F88
CUSA	1926	00004F89
CUSA	1927	00004F8A
CUSA	1929	00004F8B
CUSA	1930	00004F8C
CUSA	1931	00004F8D
CUSA	1932	00004F8E
CUSA	1933	00004F8F
CUSA	1934	00004F90
CUSA	1935	00004F91
CUSA	1936	00004F92
CUSA	1944	00004F93
CUSA	1945	00004F94
CUSA	1946	00004F95
CUSA	1947	00004F96
CUSA	1948	00004F97
CUSA	1949	00004F98
CUSA	1951	00004F99
CUSA	1952	00004F9A
CUSA	1953	00004F9E
CUSA	1956	00004F9F
CUSA	1957	00004FA0
CUSA	1958	00004FA4
CUSA	1959	00004FA8
CUSA	1960	00004FAC
CUSA	1961	00004FB0
CUSA	1963	00004FB1
CUSA	1964	00004FB2
CUSA	1965	00004FB6
CUSA	1966	00004FBA
CUSA	1974	00004FC0
CUSA	1975	00004FC1
CUSA	1976	00004FC5
CUSA	1977	00004FC9
CUSA	2005	00004FD3
CUSA	2006	00004FD4
CUSA	2007	00004FD5
CUSA	2008	00004FD6
CUSA	2010	00004FD7
CUSA	2012	00004FD8
CUSA	2013	00004FD9
CUSA	2015	00004FDA
CUSA	2016	00004FDB
CUSA	2018	00004FDC
CUSA	2019	00004FDD
CUSA	2020	00004FDE
CUSA	2022	00004FDF
CUSA	2023	00004FE0
CUSA	2024	00004FE1
CUSA	2025	00004FE2
CUSA	2026	00004FE3
CUSA	2027	00004FE4
CUSA	2028	00004FE5
CUSA	2029	00004FE6
CUSA	2031	00004FE7
CUSA	2032	00004FE8
CUSA	2033	00004FE9
CUSA	2034	00004FEA
CUSA	2035	00004FEB
CUSA	2039	00004FEC
CUSA	2040	00004FED
CUSA	2041	00004FEE
CUSA	2042	00004FEF
CUSA	2043	00004FF0
CUSA	2045	00004FF1
CUSA	2046	00004FF2
CUSA	2047	00004FF3
CUSA	2049	00004FF4
CUSA	2050	00004FF5
CUSA	2051	00004FF6
CUSA	2053	00004FF7
CUSA	2059	00004FF8
CUSA	2060	00004FF9
CUSA	2061	00004FFA
CUSA	2062	00004FFB
CUSA	2073	00005001
CUSA	2074	00005002
CUSA	2075	00005003
CUSA	2076	00005004
CUSA	2077	00005005
CUSA	2078	00005006
CUSA	2080	00005007
CUSA	2081	00005008
CUSA	2083	00005009
CUSA	2084	0000500A
CUSA	2085	0000500B
CUSA	2086	0000500C
CUSA	2087	0000500D
CUSA	2088	0000500E
CUSA	2089	0000500F
CUSA	2090	00005010
CUSA	2091	00005011
CUSA	2092	00005012
CUSA	2093	00005013
CUSA	2100	00005014
CUSA	2102	00005015
CUSA	2103	00005016
CUSA	2105	00005017
CUSA	2106	0000501A
CUSA	2108	0000501B
CUSA	2110	0000501C
CUSA	2111	0000501D
CUSA	2112	00005021
CUSA	2113	00005025
CUSA	2115	00005026
CUSA	2116	00005027
CUSA	2117	00005028
CUSA	2119	00005029
CUSA	2120	0000502A
CUSA	2126	0000502B
CUSA	2128	0000502C
CUSA	2129	0000502D
CUSA	2131	0000502E
CUSA	2132	00005031
CUSA	2134	00005032
CUSA	2136	00005033
CUSA	2137	00005034
CUSA	2138	00005038
CUSA	2139	0000503C
CUSA	2141	0000503D
CUSA	2142	0000503E
CUSA	2145	0000503F
CUSA	2147	00005040
CUSA	2148	00005041
CUSA	2149	00005042
CUSA	2150	00005044
CUSA	2158	00005045
CUSA	2159	00005046
CUSA	2160	00005047
CUSA	2161	00005048
CUSA	2162	00005049
CUSA	2163	0000504A
CUSA	2164	0000504B
CUSA	2165	0000504C
CUSA	2166	0000504D
CUSA	2173	0000504E
CUSA	2174	0000504F
CUSA	2175	00005050
CUSA	2176	00005051
CUSA	2177	00005052
CUSA	2179	00005053
CUSA	2180	00005054
CUSA	2182	00005055
CUSA	2183	00005056
CUSA	2184	00005057
CUSA	2185	00005058
CUSA	2186	00005059
CUSA	2187	0000505A
CUSA	2189	0000505B
CUSA	2190	0000505C
CUSA	2191	0000505D
CUSA	2192	0000505E
CUSA	2193	0000505F
CUSA	2194	00005060
CUSA	2202	00005061
CUSA	2203	00005062
CUSA	2204	00005063
CUSA	2205	00005064
CUSA	2206	00005065
CUSA	2208	00005066
CUSA	2209	00005067
CUSA	2211	00005068
CUSA	2212	00005069
CUSA	2213	0000506A
CUSA	2214	0000506B
CUSA	2215	0000506C
CUSA	2216	0000506D
CUSA	2218	0000506E
CUSA	2219	0000506F
CUSA	2220	00005070
CUSA	2221	00005071
CUSA	2222	00005072
CUSA	2223	00005073
CUSA	2257	00005075
DELTA	37	0000AE6A
DELTA	38	0000AE6B
DELTA	39	0000AE6C
DELTA	40	0000AE6D
DELTA	41	0000AE6E
DELTA	42	0000AE6F
DELTA	44	0000AE70
DELTA	45	0000AE71
DELTA	46	0000AE72
DELTA	47	0000AE73
DELTA	50	0000AE74
DELTA	51	0000AE75
DELTA	53	0000AE76
DELTA	55	0000AE77
DELTA	56	0000AE78
DELTA	57	0000AE79
DELTA	58	0000AE7A
DELTA	60	0000AE7B
DELTA	61	0000AE7C
DELTA	63	0000AE7D
DELTA	64	0000AE7E
DELTA	66	0000AE7F
DELTA	67	0000AE80
DELTA	69	0000AE81
DELTA	70	0000AE82
DELTA	71	0000AE83
DELTA	72	0000AE84
DELTA	73	0000AE85
DELTA	75	0000AE86
DELTA	76	0000AE87
DELTA	77	0000AE88
DELTA	78	0000AE89
DELTA	79	0000AE8A
DELTA	80	0000AE8B
DELTA	82	0000AE8C
DELTA	83	0000AE8D
DELTA	84	0000AE8E
DELTA	85	0000AE8F
DELTA	86	0000AE90
DELTA	87	0000AE91
DELTA	91	0000AE92
DELTA	92	0000AE93
DELTA	93	0000AE94
DELTA	95	0000AE95
DELTA	96	0000AE96
DELTA	97	0000AE97
DELTA	98	0000AE98
DELTA	101	0000AE99
DELTA	118	0000AE9A
DELTA	119	0000AE9B
DELTA	120	0000AE9C
DELTA	121	0000AE9D
DELTA	122	0000AE9E
DELTA	123	0000AE9F
DELTA	126	0000AEA0
DELTA	127	0000AEA1
DELTA	128	0000AEA2
DELTA	129	0000AEA3
DELTA	131	0000AEA4
DELTA	132	0000AEA5
DELTA	136	0000AEA6
DELTA	137	0000AEA7
DELTA	139	0000AEA8
DELTA	140	0000AEA9
DELTA	141	0000AEAA
DELTA	142	0000AEAB
DELTA	144	0000AEAC
DELTA	145	0000AEAD
DELTA	147	0000AEAE
DELTA	148	0000AEAF
DELTA	149	0000AEB0
DELTA	150	0000AEB1
DELTA	152	0000AEB2
DELTA	153	0000AEB3
DELTA	154	0000AEB4
DELTA	155	0000AEB5
DELTA	156	0000AEB6
DELTA	157	0000AEB7
DELTA	158	0000AEB8
DELTA	159	0000AEB9
DELTA	160	0000AEBA
DELTA	161	0000AEBB
DELTA	163	0000AEBC
DELTA	164	0000AEBD
DELTA	166	0000AEBE
DELTA	167	0000AEBF
DELTA	169	0000AEC0
DELTA	170	0000AEC1
DELTA	171	0000AEC2
DELTA	172	0000AEC3
DELTA	173	0000AEC4
DELTA	174	0000AEC5
DELTA	175	0000AEC6
DELTA	176	0000AEC7
DELTA	178	0000AEC8
DELTA	179	0000AEC9
DELTA	181	0000AECA
DELTA	182	0000AECB
DELTA	186	0000AECC
DELTA	187	0000AECD
DELTA	188	0000AECE
DELTA	189	0000AECF
DELTA	191	0000AED0
DELTA	192	0000AED1
DELTA	193	0000AED2
DELTA	194	0000AED3
DELTA	195	0000AED4
DELTA	196	0000AED5
DELTA	197	0000AED6
DELTA	225	0000AED8
DELTA	227	0000AED9
DELTA	228	0000AEDA
DELTA	230	0000AEDB
DELTA	231	0000AEDC
DELTA	234	0000AEDD
DELTA	235	0000AEDE
DELTA	236	0000AEDF
DELTA	237	0000AEE0
DELTA	239	0000AEE1
DELTA	240	0000AEE2
DELTA	241	0000AEE3
DELTA	247	0000AEE4
DELTA	248	0000AEE5
DELTA	250	0000AEE6
DELTA	251	0000AEE7
DELTA	253	0000AEE8
DELTA	254	0000AEE9
DELTA	255	0000AEEA
DELTA	259	0000AEEB
DELTA	263	0000AEEC
DELTA	264	0000AEED
DELTA	265	0000AEEE
DELTA	267	0000AEEF
DELTA	268	0000AEF0
DELTA	272	0000AEF1
DELTA	273	0000AEF2
DELTA	274	0000AEF3
DELTA	275	0000AEF3
DELTA	276	0000AEF4
DELTA	277	0000AEF5
DELTA	280	0000AEF6
DELTA	281	0000AEF7
DELTA	284	0000AEF8
DELTA	285	0000AEFA
DIAG	29	000005F6
DIAG	30	000005F7
DIAG	31	000005F8
DIAG	32	000005F9
DIAG	37	000005FA
DIAG	38	000005FB
DIAG	39	000005FC
DIAG	40	000005FD
DIAG	43	000005FE
DIAG	44	000005FF
DIAG	48	00000600
DIAG	49	00000601
DIAG	58	00000602
DIAG	59	00000603
DIAG	60	00000604
DIAG	61	00000605
DIAG	62	00000606
DIAG	63	00000607
DIAG	65	00000608
DIAG	66	00000609
DIAG	68	0000060A
DIAG	69	0000060B
DIAG	70	0000060C
DIAG	71	0000060D
DIAG	72	0000060E
DIAG	73	0000060F
DIAG	75	00000610
DIAG	76	00000611
DIAG	77	00000612
DIAG	78	00000613
DIAG	79	00000614
DIAG	80	00000615
DIAG	82	00000616
DIAG	83	00000617
DIAG	84	00000618
DIAG	85	00000619
DIAG	86	0000061A
DIAG	87	0000061B
DIAG	89	0000061C
DIAG	90	0000061D
DIAG	91	0000061E
DIAG	92	0000061F
DIAG	93	00000620
DIAG	94	00000621
DIAG	95	00000622
DIAG	96	00000623
DIAG	97	00000624
DIAG	98	00000625
DIAG	99	00000626
DIAG	100	00000627
DIAG	106	00000628
DIAG	107	00000629
DIAG	108	0000062A
DIAG	109	0000062B
DIAG	110	0000062C
DIAG	111	0000062D
DIAG	113	0000062E
DIAG	114	0000062F
DIAG	116	00000630
DIAG	117	00000631
DIAG	118	00000632
DIAG	119	00000633
DIAG	120	00000634
DIAG	121	00000635
DIAG	123	00000636
DIAG	124	00000637
DIAG	125	00000638
DIAG	126	00000639
DIAG	127	0000063A
DIAG	128	0000063B
DIAG	130	0000063C
DIAG	131	0000063D
DIAG	132	0000063E
DIAG	133	0000063F
DIAG	134	00000640
DIAG	135	00000641
DIAG	137	00000642
DIAG	138	00000643
DIAG	139	00000644
DIAG	140	00000645
DIAG	141	00000646
DIAG	142	00000647
DIAG	143	00000648
DIAG	144	00000649
DIAG	145	0000064A
DIAG	146	0000064B
DIAG	147	0000064C
DIAG	148	0000064D
DIAG	183	0000065F
DIAG	184	00000660
DIAG	185	00000663
DIAG	186	00000664
DIAG	188	00000665
DIAG	189	00000666
DIAG	190	00000667
DIAG	191	00000668
DIAG	200	00000669
DIAG	202	0000066A
DIAG	203	0000066B
DIAG	205	0000066C
DIAG	206	0000066D
DIAG	208	0000066E
DIAG	209	0000066F
DIAG	211	00000670
DIAG	212	00000673
DIAG	214	00000674
DIAG	215	00000675
DIAG	217	00000676
DIAG	218	00000677
DIAG	226	00000678
DIAG	227	00000679
DIAG	228	0000067A
DIAG	229	0000067B
DIAG	231	0000067C
DIAG	232	00000681
DIAG	233	00000686
DIAG	235	00000687
DIAG	237	00000688
DIAG	238	00000689
DIAG	240	0000068B
DIAG	241	0000068C
DIAG	243	0000068D
DIAG	244	0000068E
DIAG	245	0000068F
DIAG	247	00000690
DIAG	248	00000691
DIAG	249	00000692
DIAG	250	00000693
DIAG	252	00000694
DIAG	253	00000695
DIAG	255	00000696
DIAG	256	00000697
DIAG	257	00000698
DIAG	263	00000699
DIAG	266	0000069A
DIAG	267	0000069B
DIAG	268	0000069C
DIAG	269	0000069D
DIAG	271	0000069E
DIAG	272	0000069F
DIAG	273	000006A0
DIAG	274	000006A1
DIAG	277	000006A2
DIAG	278	000006A3
DIAG	281	000006A4
DIAG	282	000006A5
DIAG	283	000006A6
DIAG	284	000006A7
DIAG	290	000006A8
DIAG	291	000006A9
DIAG	292	000006AD
DIAG	318	000006B3
DIAG	320	000006B4
DIAG	322	000006B5
DIAG	323	000006B6
DIAG	324	000006B7
DIAG	326	000006B8
DIAG	327	000006BB
DIAG	328	000006BC
DIAG	329	000006BD
DIAG	331	000006BE
DIAG	335	000006BF
DIAG	336	000006C2
DIAG	337	000006C3
DIAG	338	000006C4
DIAG	340	000006C5
DIAG	344	000006C6
DIAG	345	000006C9
DIAG	346	000006CA
DIAG	347	000006CB
DIAG	349	000006CC
DIAG	353	000006CD
DIAG	354	000006D0
DIAG	355	000006D1
DIAG	356	000006D2
DIAG	363	000006D3
DIAG	364	000006D4
DIAG	366	000006D5
DIAG	367	000006D6
DIAG	368	000006D7
DIAG	369	000006D8
DIAG	370	000006D9
DIAG	371	000006DA
DIAG	372	000006DB
DIAG	373	000006DC
DIAG	374	000006DD
DIAG	375	000006DE
DIAG	380	000006DF
DIAG	381	000006E0
DIAG	383	000006E1
DIAG	384	000006E2
DIAG	386	000006E3
DIAG	387	000006E4
DIAG	389	000006E5
DIAG	390	000006E6
DIAG	392	000006E7
DIAG	393	000006E8
DIAG	394	000006E9
DIAG	395	000006EA
DIAG	397	000006EB
DIAG	398	000006EC
DIAG	405	000006ED
DIAG	407	000006EE
DIAG	408	000006EF
DIAG	409	000006F0
DIAG	410	000006F1
DIAG	411	000006F2
DIAG	412	000006F3
DIAG	413	000006F4
DIAG	414	000006F5
DIAG	415	000006F6
DIAG	416	000006F7
DIAG	417	000006F8
DIAG	418	000006F9
DIAG	419	000006FA
DIAG	420	000006FB
DIAG	421	000006FC
DIAG	423	000006FD
DIAG	424	000006FE
DIAG	425	000006FF
DIAG	426	00000700
DIAG	427	00000701
DIAG	428	00000702
DIAG	429	00000703
DIAG	431	00000704
DIAG	432	00000705
DIAG	433	00000706
DIAG	434	00000707
DIAG	435	00000708
DIAG	436	00000709
DIAG	437	0000070A
DIAG	439	0000070B
DIAG	440	0000070C
DIAG	441	0000070D
DIAG	442	0000070E
DIAG	443	0000070F
DIAG	447	00000710
DIAG	448	00000711
DIAG	449	00000712
DIAG	451	00000713
DIAG	452	00000714
DIAG	453	00000715
DIAG	455	00000716
DIAG	456	00000717
DIAG	457	00000718
DIAG	458	00000719
DIAG	459	0000071A
DIAG	460	0000071B
DIAG	461	0000071C
DIAG	462	0000071D
DIAG	464	0000071E
DIAG	465	0000071F
DIAG	467	00000720
DIAG	468	00000721
DIAG	469	00000722
DIAG	485	00000724
DIAG	487	00000725
DIAG	488	00000726
DIAG	489	00000727
DIAG	490	00000728
DIAG	491	00000729
DIAG	492	0000072A
DIAG	493	0000072B
DIAG	495	0000072C
DIAG	496	00000731
DIAG	497	00000736
DIAG	499	0000073B
DIAG	500	0000076B
DIAG	501	0000079B
DIAG	503	000007CB
DIAG	504	000007CC
DIAG	505	000007D0
DIAG	506	000007D4
DIAG	507	000007D8
DIAG	509	000007DC
DIAG	510	000007E0
DIAG	511	000007E4
DIAG	512	000007E8
DIAG	513	000007EC
DIAG	514	000007F0
DIAG	515	000007F4
DIAG	516	000007F8
DIAG	517	000007FC
DIAG	520	00000800
DIAG	522	00000804
DIAG	523	00000808
DIAG	524	0000080C
DIAG	525	00000810
DIAG	526	00000814
DIAG	527	00000818
DIAG	531	0000081D
DIAG	532	0000081E
DIAG	534	0000081F
DIAG	535	00000820
DIAG	536	00000824
DIAG	537	00000828
DIAG	540	0000082C
DIAG	541	0000082E
DIAG	542	0000082F
DIAG	543	00000830
DIAG	544	00000831
DIAG	545	00000832
DIAG	546	00000833
DIAG	547	00000834
DIAG	550	00000835
DIAG	551	00000837
DIAG	552	00000838
DIAG	553	00000839
DIAG	554	0000083A
DIAG	555	0000083B
DIAG	556	0000083C
DIAG	557	0000083D
DIAG	559	0000083E
DIAG	560	00000840
DIAG	561	00000841
DIAG	562	00000842
DIAG	563	00000843
DIAG	564	00000844
DIAG	565	00000845
DIAG	566	00000846
DIAG	568	00000847
DIAG	569	00000849
DIAG	570	0000084A
DIAG	571	0000084B
DIAG	572	0000084C
DIAG	573	0000084D
DIAG	574	0000084E
DIAG	575	0000084F
DIAG	577	00000850
DIAG	578	00000852
DIAG	579	00000853
DIAG	580	00000854
DIAG	581	00000855
DIAG	582	00000856
DIAG	583	00000857
DIAG	584	00000858
DIAG	588	00000859
DIAG	589	0000085B
DIAG	590	0000085C
DIAG	591	0000085D
DIAG	592	0000085E
DIAG	593	0000085F
DIAG	594	00000860
DIAG	595	00000861
DIAG	597	00000862
DIAG	598	00000864
DIAG	599	00000865
DIAG	600	00000866
DIAG	601	00000867
DIAG	602	00000868
DIAG	603	00000869
DIAG	604	0000086A
DIAG	607	0000086B
DIAG	608	0000086C
DIAG	609	0000086D
DIAG	610	0000086E
DIAG	613	0000086F
DIAG	614	00000870
DIAG	615	00000871
DIAG	618	00000872
DIAG	619	00000873
DIAG	622	00000874
DIAG	623	00000875
DIAG	624	00000876
DIAG	625	00000877
DIAG	626	00000878
DIAG	627	00000879
DIAG	628	0000087A
DIAG	629	0000087B
DIAG	630	0000087C
DIAG	633	0000087D
DIAG	634	0000087E
DIAG	635	0000087F
DIAG	637	00000880
DIAG	654	00000881
DIAG	655	00000882
DIAG	656	00000883
DIAG	657	00000884
DIAG	660	00000885
DIAG	661	00000886
DIAG	662	00000887
DIAG	664	00000888
DIAG	665	00000889
DIAG	667	0000088A
DIAG	669	0000088B
DIAG	670	0000088C
DIAG	671	0000088D
DIAG	672	0000088E
DIAG	673	0000088F
DIAG	674	00000890
DIAG	677	00000891
DIAG	679	00000892
DIAG	680	00000893
DIAG	682	00000894
DIAG	689	00000895
DIAG	691	00000896
DIAG	692	00000897
DIAG	693	00000898
DIAG	694	00000899
DIAG	695	0000089A
DIAG	699	0000089B
DIAG	700	000008A1
DIAG	703	000008A7
DIAG	705	000008A8
DIAG	706	000008A9
DIAG	707	000008AA
DIAG	708	000008AB
DIAG	709	000008AC
DIAG	710	000008AD
DIAG	711	000008AE
DIAG	712	000008AF
DIAG	713	000008B0
DIAG	714	000008B1
DIAG	715	000008B2
DIAG	716	000008B3
DIAG	717	000008B4
DIAG	718	000008B5
DIAG	719	000008B6
DIAG	721	000008B7
DIAG	725	000008B8
DIAG	754	000008BA
DIAG	755	000008BB
DIAG	756	000008BC
DIAG	757	000008BD
DIAG	758	000008BE
DIAG	761	000008BF
DIAG	762	000008C0
DIAG	763	000008C4
DIAG	764	000008C8
DIAG	765	000008CC
DIAG	767	000008D0
DIAG	768	000008D1
DIAG	769	000008D2
DIAG	770	000008D8
DIAG	771	000008D9
DIAG	777	000008DA
DIAG	778	000008DB
DIAG	779	000008DC
DIAG	780	000008DD
DIAG	783	000008E3
DIAG	784	000008E4
DIAG	785	000008E5
DIAG	786	000008E6
DIAG	789	000008EC
DIAG	790	000008ED
DIAG	791	000008EE
DIAG	792	000008EF
DIAG	795	000008F5
DIAG	796	000008F6
DIAG	797	000008F7
DIAG	798	000008F8
DIAG	800	000008FE
DIAG	810	000008FF
DIAG	812	00000900
DIAG	813	00000901
DIAG	814	00000902
DIAG	816	00000903
DIAG	818	00000909
DIAG	819	0000090A
DIAG	820	0000090B
DIAG	821	0000090C
DIAG	822	0000090D
DIAG	823	0000090E
DIAG	824	0000090F
DIAG	828	00000910
DIAG	830	00000911
DIAG	831	00000912
DIAG	832	00000913
DIAG	834	00000914
DIAG	836	0000091A
DIAG	837	0000091B
DIAG	838	0000091C
DIAG	839	0000091D
DIAG	840	0000091E
DIAG	841	0000091F
DIAG	842	00000920
DIAG	846	00000921
DIAG	848	00000922
DIAG	849	00000923
DIAG	850	00000924
DIAG	852	00000925
DIAG	854	0000092B
DIAG	855	0000092C
DIAG	856	0000092D
DIAG	857	0000092E
DIAG	858	0000092F
DIAG	859	00000930
DIAG	860	00000931
DIAG	863	00000932
DIAG	885	00000933
DIAG	887	00000934
DIAG	888	00000935
DIAG	890	00000939
DIAG	891	0000093A
DIAG	893	0000093B
DIAG	896	0000093C
DIAG	898	0000093D
DIAG	899	0000093E
DIAG	900	0000093F
DIAG	902	00000940
DIAG	903	00000941
DIAG	927	00000942
DIAG	928	00000943
DIAG	930	00000944
DIAG	931	00000945
DIAG	932	00000946
DIAG	933	00000947
DIAG	934	00000948
DIAG	935	00000949
DIAG	936	0000094A
DIAG	937	0000094B
DIAG	938	0000094C
DIAG	940	0000094D
DIAG	941	0000094E
DIAG	942	0000094F
DIAG	943	00000950
DIAG	944	00000951
DIAG	945	00000952
DIAG	946	00000953
DIAG	947	00000954
DIAG	949	00000955
DIAG	950	00000956
DIAG	951	00000957
DIAG	952	00000958
DIAG	953	00000959
DIAG	964	0000095A
DIAG	965	0000095B
DIAG	966	0000095C
DIAG	967	0000095D
DIAG	971	0000095E
DIAG	972	0000095F
DIAG	973	00000963
DIAG	974	00000993
DIAG	975	00000999
DIAG	976	0000099A
DIAG	977	0000099B
DIAG	978	0000099C
DIAG	979	0000099D
DIAG	980	0000099E
DIAG	981	0000099F
DIAG	982	000009A0
DIAG	983	000009A1
DIAG	1003	000009A2
DIAG	1004	000009A3
DIAG	1005	000009A4
DIAG	1006	000009A5
DIAG	1007	000009A6
DIAG	1008	000009A7
DIAG	1009	000009A8
DIAG	1019	000009A9
DIAG	1020	000009AA
DIAG	1021	000009AB
DIAG	1022	000009AC
DIAG	1023	000009AD
DIAG	1024	000009AE
DIAG	1025	000009AF
DIAG	1048	000009B0
DIAG	1049	000009B1
DIAG	1050	000009B2
DIAG	1051	000009B3
DIAG	1052	000009B4
DIAG	1053	000009B5
DIAG	1054	000009B6
DIAG	1056	000009B7
DIAG	1057	000009B8
DIAG	1058	000009B9
DIAG	1059	000009BA
DIAG	1060	000009BB
DIAG	1061	000009BC
DIAG	1062	000009BD
DIAG	1068	000009BE
DIAG	1069	000009BF
DIAG	1070	000009C3
DIAG	1071	000009F3
DIAG	1072	000009F9
DIAG	1073	000009FA
DIAG	1074	000009FB
DIAG	1075	000009FC
DIAG	1076	000009FD
DIAG	1077	000009FE
DIAG	1078	000009FF
DIAG	1079	00000A00
DIAG	1080	00000A01
DIAG	1085	00000A02
DIAG	1088	00000A08
DIAG	1089	00000A09
DIAG	1090	00000A0A
DIAG	1091	00000A0B
DIAG	1093	00000A0C
DIAG	1095	00000A0D
DIAG	1096	00000A0E
DIAG	1097	00000A0F
DIAG	1098	00000A10
DIAG	1099	00000A11
DIAG	1101	00000A12
DIAG	1102	00000A13
DIAG	1103	00000A14
DIAG	1104	00000A15
DIAG	1105	00000A16
DIAG	1106	00000A17
DIAG	1107	00000A18
DIAG	1109	00000A19
DIAG	1110	00000A1A
DIAG	1111	00000A1B
DIAG	1112	00000A1C
DIAG	1113	00000A1D
DIAG	1114	00000A1E
DIAG	1115	00000A1F
DIAG	1119	00000A20
DIAG	1121	00000A21
DIAG	1122	00000A22
DIAG	1124	00000A23
DIAG	1125	00000A24
DIAG	1126	00000A25
DIAG	1127	00000A26
DIAG	1155	00000A27
DIAG	1156	00000A28
DIAG	1157	00000A29
DIAG	1158	00000A2A
DIAG	1159	00000A2B
DIAG	1160	00000A2C
DIAG	1161	00000A2D
DIAG	1163	00000A2E
DIAG	1196	00000A36
DIAG	1197	00000A37
DIAG	1198	00000A38
DIAG	1199	00000A39
DIAG	1204	00000A3B
DIAG	1205	00000A3C
DIAG	1206	00000A3D
DIAG	1207	00000A3E
DIAG	1238	00000A40
DIAG	1239	00000A41
DIAG	1240	00000A42
DIAG	1241	00000A43
DIAG	1242	00000A44
DIAG	1248	00000A46
DIAG	1249	00000A47
DIAG	1250	00000A48
DIAG	1251	00000A49
DIAG	1257	00000A4C
DIAG	1258	00000A4D
DIAG	1259	00000A4E
DIAG	1273	00000A4F
DIAG	1274	00000A50
DIAG	1276	00000A51
DIAG	1279	00000A52
DIAG	1280	00000A53
DIAG	1281	00000A54
DIAG	1283	00000A55
DIAG	1285	00000A56
DIAG	1288	00000A57
DIAG	1289	00000A58
DIAG	1290	00000A5C
DIAG	1291	00000A60
DIAG	1293	00000A64
DIAG	1294	00000A65
DIAG	1295	00000A66
DIAG	1296	00000A67
DIAG	1297	00000A68
DIAG	1298	00000A69
DIAG	1300	00000A6A
DIAG	1302	00000A6F
DIAG	1303	00000A70
DIAG	1304	00000A71
DIAG	1305	00000A72
DIAG	1306	00000A73
DIAG	1307	00000A74
DIAG	1309	00000A75
DIAG	1310	00000A76
DIAG	1311	00000A77
DIAG	1315	00000A78
DIAG	1318	00000A79
DIAG	1319	00000A7A
DIAG	1320	00000A7B
DIAG	1322	00000A7C
DIAG	1325	00000A7D
DIAG	1327	00000A7E
DIAG	1328	00000A7F
DIAG	1329	00000A80
DIAG	1330	00000A81
DIAG	1332	00000A82
DIAG	1334	00000A83
DIAG	1335	00000A84
DIAG	1336	00000A85
DIAG	1338	00000A86
DIAG	1339	00000A87
DIAG	1340	00000A88
DIAG	1342	00000A89
DIAG	1343	00000A8A
DIAG	1345	00000A8B
DIAG	1346	00000A8C
DIAG	1347	00000A8D
DIAG	1348	00000A8E
DIAG	1352	00000A8F
DIAG	1353	00000A90
DIAG	1354	00000A91
DIAG	1355	00000A92
DIAG	1360	00000A93
DIAG	1361	00000A94
DIAG	1362	00000A95
DIAG	1364	00000A96
DIAG	1365	00000A97
DIAG	1366	00000A98
DIAG	1367	00000A99
DIAG	1368	00000A9A
DIAG	1369	00000A9B
DIAG	1370	00000A9C
DIAG	1376	00000A9D
DIAG	1377	00000A9E
DIAG	1379	00000A9F
DIAG	1380	00000AA0
DIAG	1382	00000AA1
DIAG	1383	00000AA2
DIAG	1385	00000AA3
DIAG	1386	00000AA4
DIAG	1387	00000AA5
DIAG	1389	00000AA6
DIAG	1390	00000AA7
DIAG	1391	00000AA8
DIAG	1394	00000AA9
DIAG	1395	00000AAA
DIAG	1397	00000AAB
DIAG	1398	00000AAC
DIAG	1400	00000AAD
DIAG	1401	00000AAE
DIAG	1404	00000AAF
DIAG	1406	00000AB0
DIAG	1407	00000AB1
DIAG	1409	00000AB2
DIAG	1410	00000AB3
DIAG	1411	00000AB4
DIAG	1412	00000AB5
DIAG	1414	00000AB6
DIAG	1415	00000AB7
DIAG	1416	00000AB8
DIAG	1418	00000AB9
DIAG	1419	00000ABA
DIAG	1425	00000ABB
DIAG	1426	00000ABC
DIAG	1427	00000ABD
DIAG	1428	00000ABE
DIAG	1429	00000ABF
DIAG	1430	00000AC0
DIAG	1431	00000AC1
DIAG	1432	00000AC2
DIAG	1433	00000AC3
DIAG	1434	00000AC4
DIAG	1436	00000AC5
DIAG	1437	00000AC6
DIAG	1438	00000AC7
DIAG	1439	00000AC8
DIAG	1440	00000AC9
DIAG	1441	00000ACA
DIAG	1442	00000ACB
DIAG	1443	00000ACC
DIAG	1444	00000ACD
DIAG	1447	00000ACE
DIAG	1450	00000ACF
DIAG	1451	00000AD0
DIAG	1453	00000AD1
DIAG	1454	00000AD2
DIAG	1455	00000AD3
DIAG	1456	00000AD4
DIAG	1457	00000AD5
DIAG	1458	00000AD6
DIAG	1459	00000AD7
DIAG	1460	00000AD8
DIAG	1461	00000AD9
DIAG	1462	00000ADA
DIAG	1463	00000ADB
DIAG	1464	00000ADC
DIAG	1465	00000ADD
DIAG	1466	00000ADE
DIAG	1467	00000ADF
DIAG	1478	00000AE0
DIAG	1479	00000AE1
DIAG	1481	00000AE2
DIAG	1483	00000AE3
DIAG	1484	00000AE4
DIAG	1485	00000AE5
DIAG	1486	00000AE6
DIAG	1487	00000AE7
DIAG	1488	00000AE8
DIAG	1495	00000AE9
DIAG	1496	00000AEA
DIAG	1498	00000AEB
DIAG	1499	00000AEE
DIAG	1500	00000AEF
DIAG	1527	00000B02
DIAG	1529	00000B03
DIAG	1530	00000B04
DIAG	1532	00000B05
DIAG	1533	00000B06
DIAG	1534	00000B0A
DIAG	1535	00000B0E
DIAG	1536	00000B12
DIAG	1538	00000B16
DIAG	1539	00000B17
DIAG	1541	00000B18
DIAG	1542	00000B19
DIAG	1545	00000B1A
DIAG	1546	00000B1B
DIAG	1548	00000B1C
DIAG	1549	00000B1D
DIAG	1550	00000B23
DIAG	1551	00000B24
DIAG	1552	00000B28
DIAG	1553	00000B29
DIAG	1554	00000B2A
DIAG	1555	00000B2B
DIAG	1557	00000B2C
DIAG	1559	00000B2D
DIAG	1562	00000B2E
DIAG	1563	00000B2F
DIAG	1565	00000B30
DIAG	1566	00000B31
DIAG	1567	00000B37
DIAG	1568	00000B38
DIAG	1569	00000B3C
DIAG	1570	00000B3D
DIAG	1571	00000B3E
DIAG	1572	00000B3F
DIAG	1574	00000B40
DIAG	1576	00000B41
DIAG	1582	00000B42
DIAG	1583	00000B43
DIAG	1584	00000B44
DIAG	1586	00000B45
DIAG	1587	00000B46
DIAG	1590	00000B47
DIAG	1591	00000B48
DIAG	1592	00000B49
DIAG	1594	00000B4A
DIAG	1595	00000B4B
DIAG	1596	00000B4C
DIAG	1597	00000B4D
DIAG	1599	00000B4E
DIAG	1600	00000B4F
DIAG	1601	00000B50
DIAG	1602	00000B51
DIAG	1603	00000B52
DIAG	1607	00000B53
DIAG	1608	00000B54
DIAG	1609	00000B55
DIAG	1611	00000B56
DIAG	1612	00000B57
DIAG	1613	00000B58
DIAG	1614	00000B59
DIAG	1617	00000B5A
DIAG	1618	00000B5B
DIAG	1619	00000B5C
DIAG	1620	00000B5D
DIAG	1621	00000B5E
DIAG	1625	00000B5F
DIAG	1626	00000B60
DIAG	1627	00000B61
DIAG	1628	00000B62
DIAG	1629	00000B63
DIAG	1630	00000B64
DIAG	1636	00000B65
DIAG	1637	00000B66
DIAG	1638	00000B67
DIAG	1639	00000B6B
DIAG	1641	00000B6F
DIAG	1645	00000B70
DIAG	1647	00000B71
DIAG	1648	00000B72
DIAG	1649	00000B73
DIAG	1651	00000B74
DIAG	1652	00000B75
DIAG	1653	00000B76
DIAG	1654	00000B77
DIAG	1655	00000B78
DIAG	1658	00000B79
DIAG	1659	00000B7A
DIAG	1660	00000B7E
DIAG	1661	00000B7F
DIAG	1662	00000B80
DIAG	1665	00000B81
DIAG	1666	00000B82
DIAG	1668	00000B86
DIAG	1669	00000B87
DIAG	1671	00000B88
DIAG	1672	00000B89
DIAG	1673	00000B8A
DIAG	1675	00000B8B
DIAG	1676	00000B8C
DIAG	1677	00000B8D
DIAG	1678	00000B8E
DIAG	1681	00000B8F
DIAG	1682	00000B90
DIAG	1683	00000B94
DIAG	1684	00000B95
DIAG	1685	00000B96
DIAG	1687	00000B97
DIAG	1688	00000B98
DIAG	1690	00000B99
DIAG	1698	00000B9B
DIAG	1699	00000B9D
DIAG	1701	00000B9E
DIAG	1702	00000B9F
DIAG	1703	00000BA0
DIAG	1705	00000BA1
DIAG	1706	00000BA2
DIAG	1707	00000BA4
DIAG	1713	00000BA5
DIAG	1715	00000BA6
DIAG	1716	00000BAA
DIAG	1717	00000BB0
DIAG	1718	00000BB1
DIAG	1720	00000BB2
DIAG	1721	00000BB3
DIAG	1724	00000BB4
DIAG	1725	00000BB5
DIAG	1726	00000BB6
DIAG	1728	00000BB7
DIAG	1729	00000BB8
DIAG	1731	00000BB9
DIAG	1984	00000BDC
DIAG	1985	00000BDD
DIAG	1987	00000BDE
DIAG	1988	00000BDF
DIAG	1989	00000BE0
DIAG	1990	00000BE1
DIAG	1991	00000BE2
DIAG	1992	00000BE3
DIAG	1993	00000BE4
DIAG	1994	00000BE5
DIAG	1995	00000BE6
DIAG	1996	00000BE7
DIAG	1997	00000BE8
DIAG	1998	00000BE9
DIAG	2005	00000BEA
DIAG	2006	00000BEF
DIAG	2007	00000BF4
DIAG	2012	00000BF5
DIAG	2013	00000BF6
DIAG	2014	00000BF7
DIAG	2015	00000BF8
DIAG	2016	00000BF9
DIAG	2018	00000BFA
DIAG	2020	00000BFB
DIAG	2021	00000BFC
DIAG	2022	00000C02
DIAG	2023	00000C08
DIAG	2024	00000C0E
DIAG	2025	00000C0F
DIAG	2027	00000C10
DIAG	2029	00000C11
DIAG	2030	00000C12
DIAG	2031	00000C13
DIAG	2032	00000C14
DIAG	2033	00000C15
DIAG	2035	00000C16
DIAG	2036	00000C17
DIAG	2037	00000C18
DIAG	2038	00000C19
DIAG	2040	00000C1A
DIAG	2041	00000C1B
DIAG	2042	00000C1C
DIAG	2043	00000C1D
DIAG	2044	00000C1E
DIAG	2045	00000C1F
DIAG	2047	00000C20
DIAG	2048	00000C21
DIAG	2049	00000C22
DIAG	2050	00000C23
DIAG	2051	00000C24
DIAG	2052	00000C25
DIAG	2054	00000C26
DIAG	2055	00000C27
DIAG	2056	00000C2B
DIAG	2057	00000C2F
DIAG	2058	00000C33
DIAG	2059	00000C37
DIAG	2060	00000C3B
DIAG	2061	00000C3F
DIAG	2062	00000C43
DIAG	2063	00000C47
DIAG	2064	00000C4B
DIAG	2065	00000C4F
DIAG	2066	00000C53
DIAG	2068	00000C57
DIAG	2069	00000C58
DIAG	2070	00000C59
DIAG	2072	00000C5A
DIAG	2073	00000C5B
DIAG	2074	00000C5C
DIAG	2075	00000C5D
DIAG	2076	00000C5E
DIAG	2077	00000C5F
DIAG	2078	00000C60
DIAG	2083	00000C61
DIAG	2084	00000C62
DIAG	2085	00000C63
DIAG	2086	00000C64
DIAG	2087	00000C65
DIAG	2088	00000C66
DIAG	2089	00000C67
DIAG	2090	00000C68
DIAG	2091	00000C69
DIAG	2092	00000C6A
DIAG	2093	00000C6B
DIAG	2094	00000C6C
DIAG	2095	00000C6D
DIAG	2096	00000C6E
DIAG	2097	00000C6F
DIAG	2098	00000C70
DIAG	2099	00000C71
DIAG	2100	00000C72
DIAG	2101	00000C73
DIAG	2102	00000C74
DIAG	2103	00000C75
DIAG	2104	00000C76
DIAG	2106	00000C77
DIAG	2107	00000C78
DIAG	2109	00000C79
DIAG	2110	00000C7A
DIAG	2113	00000C7B
DIAG	2116	00000C7C
DIAG	2117	00000C7D
DIAG	2121	00000C7E
DIAG	2123	00000C7F
DIAG	2124	00000C80
DIAG	2125	00000C81
DIAG	2126	00000C82
DIAG	2129	00000C83
DIAG	2130	00000C84
DIAG	2131	00000C85
DIAG	2134	00000C86
DIAG	2135	00000C87
DIAG	2136	00000C88
DIAG	2139	00000C89
DIAG	2140	00000C8A
DIAG	2141	00000C8B
DIAG	2144	00000C8C
DIAG	2145	00000C8D
DIAG	2146	00000C8E
DIAG	2147	00000C90
DIAG	2148	00000C91
DIAG	2149	00000C92
DIAG	2150	00000C93
DIAG	2151	00000C94
DIAG	2154	00000C95
DIAG	2155	00000C96
DIAG	2159	00000C97
DIAG	2160	00000C98
DIAG	2161	00000C99
DIAG	2162	00000C9A
DIAG	2163	00000C9B
DIAG	2164	00000C9C
DIAG	2165	00000C9D
DIAG	2205	00000CC0
DIAG	2207	00000CC1
DIAG	2208	00000CC2
DIAG	2209	00000CC6
DIAG	2210	00000CCA
DIAG	2211	00000CCE
DIAG	2212	00000CCF
DIAG	2213	00000CD0
DIAG	2216	00000CD1
DIAG	2217	00000CD2
DIAG	2219	00000CD4
DIAG	2220	00000CD5
DIAG	2223	00000CD7
DIAG	2224	00000CD8
DIAG	2228	00000CDA
DIAG	2230	00000CDB
DIAG	2231	00000CDC
DIAG	2232	00000CE0
DIAG	2233	00000CE4
DIAG	2234	00000CE5
DIAG	2235	00000CE6
DIAG	2238	00000CE7
DIAG	2239	00000CE8
DIAG	2241	00000CEA
DIAG	2242	00000CEB
DIAG	2243	00000CEC
DIAG	2244	00000CF0
DIAG	2245	00000CF4
DIAG	2246	00000CF5
DIAG	2247	00000CF6
DIAG	2249	00000CF7
DIAG	2250	00000CF8
DIAG	2257	00000CFA
DIAG	2258	00000CFB
DIAG	2259	00000CFC
DIAG	2261	00000D00
DIAG	2262	00000D04
DIAG	2263	00000D05
DIAG	2264	00000D06
DIAG	2267	00000D07
DIAG	2268	00000D08
DIAG	2271	00000D0A
DIAG	2272	00000D0B
DIAG	2273	00000D0C
DIAG	2275	00000D0D
DIAG	2276	00000D0E
DIAG	2277	00000D0F
DIAG	2278	00000D13
DIAG	2279	00000D17
DIAG	2280	00000D18
DIAG	2281	00000D19
DIAG	2282	00000D1A
DIAG	2283	00000D1B
DIAG	2285	00000D1D
DIAG	2288	00000D1E
DIAG	2303	00000D1F
DIAG	2305	00000D20
DIAG	2306	00000D50
DIAG	2307	00000D55
DIAG	2308	00000D56
DIAG	2311	00000D5A
DIAG	2312	00000D5F
DIAG	2314	00000D65
DIAG	2315	00000D66
DIAG	2316	00000D6A
DIAG	2318	00000D6E
DIAG	2319	00000D72
DIAG	2320	00000D76
DIAG	2323	00000D7A
DIAG	2324	00000D7C
DIAG	2326	00000D7D
DIAG	2327	00000D7F
DIAG	2328	00000D80
DIAG	2330	00000D81
DIAG	2332	00000D82
DIAG	2333	00000D84
DIAG	2337	00000D86
DIAG	2338	00000D87
DIAG	2339	00000D88
DIAG	2340	00000D89
DIAG	2342	00000D8A
DIAG	2343	00000D8B
DIAG	2345	00000D8C
DIAG	2346	00000D8D
DIAG	2347	00000D8E
DIAG	2348	00000D8F
DIAG	2360	00000D90
DIAG	2361	00000D91
DIAG	2362	00000D92
DIAG	2363	00000D93
DIAG	2365	00000D94
DIAG	2366	00000D96
DIAG	2370	00000D97
DIAG	2371	00000D98
DIAG	2373	00000D99
DIAG	2374	00000D9A
DIAG	2375	00000D9B
DIAG	2379	00000D9C
DIAG	2380	00000D9D
DIAG	2381	00000D9F
DIAG	2382	00000DA0
DIAG	2383	00000DA1
DIAG	2386	00000DA2
DIAG	2387	00000DA3
DIAG	2389	00000DA4
DIAG	2390	00000DA5
DIAG	2392	00000DA7
DIAG	2393	00000DA8
DIAG	2396	00000DA9
DIAG	2397	00000DAA
DIAG	2399	00000DAB
DIAG	2400	00000DAC
DIAG	2404	00000DAD
DIAG	2405	00000DAE
DIAG	2406	00000DB0
DIAG	2407	00000DB1
DIAG	2408	00000DB2
DIAG	2411	00000DB3
DIAG	2412	00000DB4
DIAG	2414	00000DB5
DIAG	2415	00000DB6
DIAG	2417	00000DB8
DIAG	2420	00000DB9
DIAG	2423	00000DBA
DIAG	2424	00000DBB
DIAG	2425	00000DBC
DIAG	2426	00000DBD
DIAG	2427	00000DBE
DIAG	2428	00000DBF
DIAG	2429	00000DC0
DIAG	2431	00000DC1
DIAG	2432	00000DC2
DIAG	2433	00000DC3
DIAG	2434	00000DC4
DIAG	2435	00000DC5
DIAG	2436	00000DC6
DIAG	2437	00000DC7
DIAG	2438	00000DC8
DIAG	2447	00000DC9
DIAG	2448	00000DCA
DIAG	2449	00000DCB
DIAG	2450	00000DCC
DIAG	2451	00000DCD
DIAG	2454	00000DCE
DIAG	2455	00000DCF
DIAG	2456	00000DD0
DIAG	2458	00000DD1
DIAG	2459	00000DD2
DIAG	2460	00000DD4
DIAG	2462	00000DD6
DIAG	2463	00000DD7
DIAG	2465	00000DD8
DIAG	2467	00000DD9
DIAG	2478	00000DDB
DIAG	2479	00000DDC
DIAG	2480	00000DDD
DIAG	2481	00000DDE
DIAG	2482	00000DDF
DIAG	2484	00000DE0
DIAG	2486	00000DE1
DIAG	2487	00000DE2
DIAG	2489	00000DE3
DIAG	2491	00000DE4
DIAG	2501	00000DE6
DIAG	2502	00000DE7
DIAG	2503	00000DE8
DIAG	2504	00000DE9
DIAG	2505	00000DEA
DIAG	2506	00000DEB
DIAG	2508	00000DEC
DIAG	2509	00000DED
DIAG	2511	00000DEE
DIAG	2521	00000DF0
DIAG	2522	00000DF1
DIAG	2523	00000DF2
DIAG	2524	00000DF3
DIAG	2525	00000DF4
DIAG	2526	00000DF5
DIAG	2528	00000DF6
DIAG	2529	00000DF7
DIAG	2531	00000DF8
DIAG	2539	00000DFB
DIAG	2540	00000DFD
DIAG	2542	00000DFE
DIAG	2543	00000DFF
DIAG	2544	00000E00
DIAG	2546	00000E01
DIAG	2547	00000E02
DIAG	2548	00000E04
DIAG	2557	00000E07
DIAG	2558	00000E09
DIAG	2560	00000E0A
DIAG	2561	00000E0B
DIAG	2562	00000E0C
DIAG	2564	00000E0D
DIAG	2565	00000E0E
DIAG	2566	00000E10
DIAG	2575	00000E13
DIAG	2576	00000E15
DIAG	2578	00000E16
DIAG	2579	00000E17
DIAG	2580	00000E18
DIAG	2582	00000E19
DIAG	2583	00000E1A
DIAG	2584	00000E1C
DIAG	2591	00000E1E
DIAG	2592	00000E20
DIAG	2594	00000E21
DIAG	2595	00000E22
DIAG	2596	00000E23
DIAG	2598	00000E24
DIAG	2599	00000E25
DIAG	2600	00000E27
DIAG	2607	00000E29
DIAG	2608	00000E2B
DIAG	2610	00000E2C
DIAG	2611	00000E2D
DIAG	2612	00000E2E
DIAG	2614	00000E2F
DIAG	2615	00000E30
DIAG	2616	00000E32
DIAG	2622	00000E34
DIAG	2623	00000E36
DIAG	2625	00000E37
DIAG	2626	00000E38
DIAG	2627	00000E39
DIAG	2629	00000E3A
DIAG	2630	00000E3B
DIAG	2631	00000E3D
DIAG	2645	00000E41
DIAG	2646	00000E43
DIAG	2648	00000E44
DIAG	2649	00000E45
DIAG	2650	00000E46
DIAG	2651	00000E47
DIAG	2652	00000E48
DIAG	2654	00000E49
DIAG	2655	00000E4A
DIAG	2656	00000E4C
DIAG	2673	00000E54
DIAG	2674	00000E55
DIAG	2675	00000E56
DIAG	2676	00000E57
DIAG	2678	00000E58
DIAG	2679	00000E59
DIAG	2680	00000E5A
DIAG	2681	00000E5C
DIAG	2683	00000E5E
DIAG	2684	00000E5F
DIAG	2686	00000E60
DIAG	2693	00000E62
DIAG	2694	00000E63
DIAG	2695	00000E68
DIAG	2697	00000E6D
DIAG	2698	00000E6E
DIAG	2699	00000E6F
DIAG	2700	00000E70
DIAG	2701	00000E71
DIAG	2702	00000E72
DIAG	2703	00000E73
DIAG	2704	00000E74
DIAG	2705	00000E75
DIAG	2727	00000E76
DIAG	2729	00000E77
DIAG	2730	00000E78
DIAG	2731	00000E79
DIAG	2735	00000E7A
DIAG	2736	00000E7B
DIAG	2737	00000E7C
DIAG	2740	00000E7D
DIAG	2741	00000E7E
DIAG	2742	00000E7F
DIAG	2744	00000E80
DIAG	2745	00000E81
DIAG	2746	00000E82
DIAG	2748	00000E86
DIAG	2749	00000E8B
DIAG	2750	00000E90
DIAG	2752	00000E91
DIAG	2753	00000E92
DIAG	2754	00000E93
DIAG	2755	00000E94
DIAG	2757	00000E95
DIAG	2758	00000E96
DIAG	2759	00000E97
DIAG	2760	00000E98
DIAG	2762	00000E99
DIAG	2763	00000E9D
DIAG	2764	00000EA1
DIAG	2765	00000EA2
DIAG	2768	00000EA3
DIAG	2769	00000EA4
DIAG	2772	00000EA5
DIAG	2773	00000EA6
DIAG	2774	00000EA7
DIAG	2775	00000EA8
DIAG	2776	00000EA9
DIAG	2777	00000EAA
DIAG	2778	00000EAB
DIAG	2781	00000EAC
DIAG	2782	00000EAD
DIAG	2783	00000EAE
DIAG	2784	00000EAF
DIAG	2785	00000EB0
DIAG	2786	00000EB1
DIAG	2787	00000EB2
DIAG	2789	00000EB3
DIAG	2790	00000EB4
DIAG	2791	00000EB5
DIAG	2793	00000EB6
DIAG	2794	00000EB7
DIAG	2795	00000EB8
DIAG	2796	00000EB9
DIAG	2797	00000EBA
DIAG	2799	00000EBB
DIAG	2800	00000EBC
DIAG	2802	00000EBE
DIAG	2803	00000EC2
DIAG	2807	00000EC3
DIAG	2808	00000EC4
DIAG	2810	00000EC5
DIAG	2811	00000EC6
DIAG	2814	00000EC7
DIAG	2815	00000EC8
DIAG	2824	00000ECB
DIAG	2825	00000ECD
DIAG	2827	00000ECE
DIAG	2828	00000ECF
DIAG	2829	00000ED0
DIAG	2830	00000ED1
DIAG	2832	00000ED2
DIAG	2833	00000ED3
DIAG	2834	00000ED4
DIAG	2836	00000ED5
DIAG	2837	00000ED6
DIAG	2838	00000ED8
DIAG	2847	00000EDB
DIAG	2848	00000EDD
DIAG	2850	00000EDE
DIAG	2851	00000EDF
DIAG	2852	00000EE0
DIAG	2853	00000EE1
DIAG	2855	00000EE2
DIAG	2856	00000EE3
DIAG	2857	00000EE4
DIAG	2859	00000EE5
DIAG	2860	00000EE6
DIAG	2861	00000EE8
DIAG	2900	00000EEB
DIAG	2901	00000EED
DIAG	2903	00000EEE
DIAG	2904	00000EEF
DIAG	2905	00000EF0
DIAG	2906	00000EF1
DIAG	2908	00000EF2
DIAG	2909	00000EF3
DIAG	2910	00000EF4
DIAG	2912	00000EF5
DIAG	2913	00000EF6
DIAG	2914	00000EF8
DIAG	2919	00000EFA
DIAG	2920	00000EFB
DIAG	2921	00000EFC
DIAG	2922	00000EFD
DIAG	2923	00000EFE
DIAG	2924	00000EFF
DIAG	2925	00000F00
DIAG	2937	00000F03
DIAG	2938	00000F05
DIAG	2940	00000F06
DIAG	2941	00000F07
DIAG	2942	00000F08
DIAG	2943	00000F09
DIAG	2945	00000F0A
DIAG	2946	00000F0B
DIAG	2948	00000F0C
DIAG	2949	00000F0D
DIAG	2950	00000F0F
DIAG	2955	00000F11
DIAG	2956	00000F12
DIAG	2957	00000F13
DIAG	2958	00000F14
DIAG	2960	00000F15
DIAG	2961	00000F16
DIAG	2962	00000F17
DIAG	2963	00000F18
DIAG	2964	00000F19
DIAG	2972	00000F1C
DIAG	2973	00000F1E
DIAG	2975	00000F1F
DIAG	2976	00000F20
DIAG	2977	00000F21
DIAG	2978	00000F22
DIAG	2980	00000F23
DIAG	2981	00000F24
DIAG	2983	00000F25
DIAG	2984	00000F26
DIAG	2985	00000F28
DIAG	2988	00000F2A
DIAG	2989	00000F2B
DIAG	2990	00000F2C
DIAG	2991	00000F2D
DIAG	2992	00000F2E
DIAG	2993	00000F2F
DIAG	2994	00000F30
DIAG	3002	00000F33
DIAG	3003	00000F35
DIAG	3005	00000F36
DIAG	3006	00000F37
DIAG	3007	00000F38
DIAG	3008	00000F39
DIAG	3010	00000F3A
DIAG	3011	00000F3B
DIAG	3013	00000F3C
DIAG	3014	00000F3D
DIAG	3015	00000F3F
DIAG	3027	00000F41
DIAG	3028	00000F43
DIAG	3029	00000F44
DIAG	3030	00000F45
DIAG	3032	00000F46
DIAG	3033	00000F47
DIAG	3034	00000F48
DIAG	3035	00000F49
DIAG	3037	00000F4A
DIAG	3038	00000F4B
DIAG	3041	00000F4C
DIAG	3042	00000F4D
DIAG	3043	00000F4E
DIAG	3044	00000F4F
DIAG	3045	00000F51
DIAG	3050	00000F53
DIAG	3051	00000F54
DIAG	3052	00000F55
DIAG	3053	00000F56
DIAG	3054	00000F57
DIAG	3055	00000F58
DIAG	3056	00000F59
DIAG	3086	00000F5A
DIAG	3088	00000F5B
DIAG	3089	00000F5C
DIAG	3090	00000F5D
DIAG	3091	00000F5E
DIAG	3092	00000F5F
DIAG	3094	00000F60
DIAG	3095	00000F61
DIAG	3096	00000F62
DIAG	3099	00000F66
DIAG	3100	00000F67
DIAG	3101	00000F68
DIAG	3102	00000F69
DIAG	3103	00000F6A
DIAG	3106	00000F6B
DIAG	3107	00000F70
DIAG	3108	00000F75
DIAG	3110	00000F76
DIAG	3111	00000F77
DIAG	3112	00000F78
DIAG	3113	00000F79
DIAG	3115	00000F7A
DIAG	3116	00000F7B
DIAG	3117	00000F7C
DIAG	3118	00000F7D
DIAG	3120	00000F7E
DIAG	3121	00000F82
DIAG	3122	00000F86
DIAG	3123	00000F8A
DIAG	3124	00000F8B
DIAG	3127	00000F8C
DIAG	3128	00000F8D
DIAG	3129	00000F8E
DIAG	3130	00000F8F
DIAG	3131	00000F90
DIAG	3134	00000F91
DIAG	3135	00000F92
DIAG	3136	00000F93
DIAG	3137	00000F94
DIAG	3139	00000F95
DIAG	3141	00000F9B
DIAG	3142	00000F9C
DIAG	3144	00000F9D
DIAG	3145	00000F9E
DIAG	3146	00000F9F
DIAG	3147	00000FA0
DIAG	3149	00000FA1
DIAG	3152	00000FA2
DIAG	3153	00000FA3
DIAG	3154	00000FA4
DIAG	3156	00000FA5
DIAG	3157	00000FA6
DIAG	3158	00000FA7
DIAG	3159	00000FA8
DIAG	3161	00000FA9
DIAG	3163	00000FAA
DIAG	3164	00000FAB
DIAG	3165	00000FAC
DIAG	3167	00000FAD
DIAG	3168	00000FAE
DIAG	3169	00000FAF
DIAG	3171	00000FB0
DIAG	3174	00000FB1
DIAG	3175	00000FB2
DIAG	3177	00000FB3
DIAG	3178	00000FB4
DIAG	3179	00000FB5
DIAG	3180	00000FB6
DIAG	3182	00000FB7
DIAG	3183	00000FB8
DIAG	3184	00000FB9
DIAG	3185	00000FBA
DIAG	3186	00000FBB
DIAG	3187	00000FBC
DIAG	3189	00000FBD
DIAG	3190	00000FBE
DIAG	3191	00000FBF
DIAG	3193	00000FC0
DIAG	3194	00000FC1
DIAG	3197	00000FC2
DIAG	3203	00000FC4
DIAG	3204	00000FC5
DIAG	3205	00000FC6
DIAG	3206	00000FC7
DIAG	3214	00000FC8
DIAG	3215	00000FC9
DIAG	3217	00000FCA
DIAG	3218	00000FCB
DIAG	3219	00000FCC
DIAG	3220	00000FCD
DIAG	3221	00000FCE
DIAG	3222	00000FCF
DIAG	3224	00000FD0
DIAG	3225	00000FD1
DIAG	3226	00000FD2
DIAG	3227	00000FD3
DIAG	3229	00000FD4
DIAG	3230	00000FD5
DIAG	3231	00000FD6
DIAG	3235	00000FD7
DIAG	3236	00000FD8
DIAG	3237	00000FD9
DIAG	3239	00000FDA
DIAG	3240	00000FDB
DIAG	3241	00000FDC
DIAG	3245	00000FDD
DIAG	3248	00000FDE
DIAG	3249	00000FDF
DIAG	3250	00000FE0
DIAG	3259	00000FE3
DIAG	3260	00000FE4
DIAG	3261	00000FE5
DIAG	3262	00000FE6
DIAG	3271	00000FE7
DIAG	3272	00000FE9
DIAG	3274	00000FEA
DIAG	3275	00000FEB
DIAG	3276	00000FEC
DIAG	3277	00000FED
DIAG	3278	00000FEE
DIAG	3279	00000FEF
DIAG	3280	00000FF0
DIAG	3282	00000FF1
DIAG	3291	00000FF2
DIAG	3292	00000FF4
DIAG	3293	00000FF5
DIAG	3295	00000FF6
DIAG	3296	00000FF7
DIAG	3297	00000FF8
DIAG	3298	00000FF9
DIAG	3299	00000FFA
DIAG	3301	00000FFB
DIAG	3302	00000FFC
DIAG	3303	00000FFD
DIAG	3304	00000FFE
DIAG	3305	00000FFF
DIAG	3306	00001000
DIAG	3307	00001001
DIAG	3308	00001002
DIAG	3311	00001003
DIAG	3329	00001032
DIAG	3330	00001033
DIAG	3331	00001034
DIAG	3332	00001035
DIAG	3333	00001036
DIAG	3334	00001037
DIAG	3336	00001038
DIAG	3337	00001039
DIAG	3338	0000103A
DIAG	3340	0000103B
DIAG	3341	0000103C
DIAG	3342	0000103D
DIAG	3344	0000103E
DIAG	3345	0000103F
DIAG	3346	00001040
DIAG	3347	00001041
DIAG	3349	00001042
DIAG	3350	00001043
DIAG	3351	00001044
DIAG	3353	00001045
DIAG	3354	00001046
DIAG	3356	00001047
DIAG	3357	00001048
DIAG	3358	00001049
DIAG	3359	0000104A
DIAG	3360	0000104B
DIAG	3362	0000104C
DIAG	3364	0000104D
DIAG	3368	0000104E
DIAG	3369	0000104F
DIAG	3370	00001050
DIAG	3372	00001051
DIAG	3373	00001052
DIAG	3374	00001053
DIAG	3376	00001054
DIAG	3401	00001056
DIAG	3402	00001057
DIAG	3403	00001058
DIAG	3404	00001059
DIAG	3405	0000105A
DIAG	3408	0000105B
DIAG	3409	0000105C
DIAG	3410	0000105D
DIAG	3411	0000105E
DIAG	3413	0000105F
DIAG	3414	00001060
DIAG	3416	00001061
DIAG	3417	00001062
DIAG	3424	00001063
DIAG	3425	00001064
DIAG	3426	00001065
DIAG	3428	00001066
DIAG	3429	00001067
DIAG	3430	00001068
DIAG	3431	00001069
DIAG	3432	0000106A
DIAG	3450	0000106B
DIAG	3452	0000106C
DIAG	3453	0000106D
DIAG	3454	0000106E
DIAG	3456	0000106F
DIAG	3457	00001070
DIAG	3458	00001071
DIAG	3459	00001072
DIAG	3460	00001073
DIAG	3461	00001074
DIAG	3462	00001075
DIAG	3463	00001076
DIAG	3464	00001077
DIAG	3465	00001078
DIAG	3466	00001079
DIAG	3467	0000107A
DIAG	3471	0000107B
DIAG	3472	0000107C
DIAG	3473	0000107D
DIAG	3474	0000107E
DIAG	3476	0000107F
DIAG	3478	00001080
DIAG	3479	00001081
DIAG	3481	00001082
DIAG	3482	00001083
DIAG	3483	00001084
DIAG	3484	00001085
DIAG	3485	00001086
DIAG	3486	00001087
DIAG	3487	00001088
DIAG	3488	00001089
DIAG	3489	0000108A
DIAG	3491	0000108B
DIAG	3492	0000108C
DIAG	3493	0000108D
DIAG	3494	0000108E
DIAG	3495	0000108F
DIAG	3498	00001090
DIAG	3499	00001091
DIAG	3500	00001093
DIAG	3501	00001094
DIAG	3502	00001095
DIAG	3503	00001096
DIAG	3504	00001097
DIAG	3505	00001098
DIAG	3506	00001099
DIAG	3507	0000109A
DIAG	3508	0000109B
DIAG	3509	0000109C
DIAG	3510	0000109D
DIAG	3513	0000109E
DIAG	3514	0000109F
DIAG	3516	000010A0
DIAG	3517	000010A1
DIAG	3518	000010A2
DIAG	3519	000010A3
DIAG	3523	000010A4
DIAG	3524	000010A5
DIAG	3527	000010A6
DIAG	3528	000010A7
DIAG	3529	000010A8
DIAG	3530	000010A9
DIAG	3531	000010AA
DIAG	3532	000010AB
DIAG	3533	000010AC
DIAG	3534	000010AD
DIAG	3535	000010AE
DIAG	3536	000010AF
DIAG	3537	000010B0
DIAG	3538	000010B1
DIAG	3539	000010B2
DIAG	3540	000010B3
DIAG	3542	000010B4
DIAG	3543	000010B5
DIAG	3544	000010B6
DIAG	3545	000010B7
DIAG	3546	000010B8
DIAG	3547	000010B9
DIAG	3550	000010BA
DIAG	3551	000010BB
DIAG	3552	000010BC
DIAG	3555	000010BD
DIAG	3556	000010BE
DIAG	3558	000010BF
DIAG	3559	000010C0
DIAG	3560	000010C1
DIAG	3561	000010C2
DIAG	3562	000010C3
DIAG	3563	000010C4
DIAG	3564	000010C5
DIAG	3567	000010C6
DIAG	3568	000010C7
DIAG	3570	000010C8
DIAG	3571	000010C9
DIAG	3572	000010CA
DIAG	3573	000010CB
DIAG	3574	000010CC
DIAG	3575	000010CD
DIAG	3576	000010CE
DIAG	3579	000010CF
DIAG	3580	000010D0
DIAG	3582	000010D1
DIAG	3583	000010D2
DIAG	3584	000010D3
DIAG	3585	000010D4
DIAG	3586	000010D5
DIAG	3587	000010D6
DIAG	3694	00001155
DIAG	3695	00001156
DIAG	3696	00001157
DIAG	3697	00001158
DIAG	3699	00001159
DIAG	3700	0000115A
DIAG	3702	0000115B
DIAG	3703	0000115C
DIAG	3704	0000115D
DIAG	3705	0000115E
DIAG	3706	0000115F
DIAG	3707	00001160
DIAG	3708	00001161
DIAG	3709	00001162
DIAG	3710	00001163
DIAG	3711	00001164
DIAG	3712	00001165
DIAG	3713	00001166
DIAG	3714	00001167
DIAG	3715	00001168
DIAG	3716	00001169
DIAG	3717	0000116A
DIAG	3718	0000116B
DIAG	3720	0000116C
DIAG	3721	0000116D
DIAG	3722	0000116E
DIAG	3723	0000116F
DIAG	3729	00001170
DIAG	3730	00001171
DIAG	3731	00001172
DIAG	3732	00001173
DIAG	3734	00001174
DIAG	3736	00001175
DIAG	3737	00001176
DIAG	3738	00001177
DIAG	3739	00001178
DIAG	3740	00001179
DIAG	3741	0000117A
DIAG	3743	0000117B
DIAG	3744	0000117C
DIAG	3745	0000117D
DIAG	3746	0000117E
DIAG	3747	0000117F
DIAG	3749	00001180
DIAG	3750	00001181
DIAG	3751	00001182
DIAG	3752	00001183
DIAG	3754	00001184
DIAG	3755	00001185
DIAG	3756	00001186
DIAG	3758	00001187
DIAG	3759	00001188
DIAG	3763	00001189
DIAG	3764	0000118E
DIAG	3765	0000118F
DIAG	3768	00001193
DIAG	3769	00001194
DIAG	3770	00001195
DIAG	3771	00001196
DIAG	3772	00001197
DIAG	3797	000011B1
DIAG	3798	000011B6
DIAG	3799	000011B7
DIAG	3801	000011BB
DIAG	3803	000011BC
DIAG	3804	000011C1
DIAG	3805	000011C2
DIAG	3808	000011C6
DIAG	3809	000011C7
DIAG	3810	000011C8
DIAG	3811	000011C9
DIAG	3812	000011CA
DIAG	3813	000011CB
DIAG	3815	000011CC
DIAG	3816	000011CD
DIAG	3817	000011CE
DIAG	3818	000011D4
DIAG	3819	000011D5
DIAG	3820	000011D6
DIAG	3821	000011DC
DIAG	3822	000011DD
DIAG	3823	000011DE
DIAG	3824	000011E4
DIAG	3825	000011E5
DIAG	3826	000011E6
DIAG	3827	000011EC
DIAG	3833	000011ED
DIAG	3834	000011F2
DIAG	3835	000011F3
DIAG	3838	000011F7
DIAG	3839	000011F8
DIAG	3840	000011F9
DIAG	3841	000011FA
DIAG	3842	000011FB
DIAG	3843	000011FC
DIAG	3845	000011FD
DIAG	3846	000011FE
DIAG	3847	000011FF
DIAG	3848	00001205
DIAG	3849	00001206
DIAG	3850	00001207
DIAG	3851	0000120D
DIAG	3852	0000120E
DIAG	3853	0000120F
DIAG	3854	00001215
DIAG	3855	00001216
DIAG	3856	00001217
DIAG	3857	0000121D
DIAG	3863	0000121E
DIAG	3864	00001223
DIAG	3865	00001224
DIAG	3866	00001228
DIAG	3872	00001229
DIAG	3873	0000122E
DIAG	3874	0000122F
DIAG	3876	00001233
DIAG	3877	00001234
DIAG	3878	00001235
DIAG	3879	00001236
DIAG	3880	00001237
DIAG	3881	00001238
DIAG	3883	00001239
DIAG	3884	0000123A
DIAG	3885	0000123B
DIAG	3887	00001241
DIAG	3888	00001242
DIAG	3889	00001243
DIAG	3891	00001249
DIAG	3892	0000124A
DIAG	3893	0000124B
DIAG	3895	00001251
DIAG	3896	00001252
DIAG	3897	00001253
DIAG	3899	00001259
DIAG	3907	0000125A
DIAG	3908	0000125F
DIAG	3909	00001260
DIAG	3912	00001264
DIAG	3913	00001265
DIAG	3914	00001266
DIAG	3915	00001267
DIAG	3916	00001268
DIAG	3917	00001269
DIAG	3919	0000126A
DIAG	3920	0000126B
DIAG	3921	0000126C
DIAG	3923	00001272
DIAG	3924	00001273
DIAG	3925	00001274
DIAG	3927	0000127A
DIAG	3928	0000127B
DIAG	3929	0000127C
DIAG	3931	00001282
DIAG	3932	00001283
DIAG	3933	00001284
DIAG	3935	0000128A
DIAG	3942	0000128B
DIAG	3943	00001290
DIAG	3944	00001291
DIAG	3946	00001295
DIAG	3947	00001296
DIAG	3948	00001297
DIAG	3949	00001298
DIAG	3950	00001299
DIAG	3951	0000129A
DIAG	3954	0000129B
DIAG	3955	0000129C
DIAG	3956	0000129D
DIAG	3957	000012A3
DIAG	3958	000012A4
DIAG	3959	000012A5
DIAG	3960	000012AB
DIAG	3961	000012AC
DIAG	3962	000012AD
DIAG	3964	000012B3
DIAG	3966	000012B4
DIAG	3967	000012B9
DIAG	3968	000012BA
DIAG	3970	000012BE
DIAG	3971	000012BF
DIAG	3972	000012C0
DIAG	3973	000012C1
DIAG	3974	000012C2
DIAG	3975	000012C3
DIAG	3977	000012C4
DIAG	3978	000012C5
DIAG	3979	000012C6
DIAG	3980	000012CC
DIAG	3981	000012CD
DIAG	3982	000012CE
DIAG	3983	000012D4
DIAG	3984	000012D5
DIAG	3985	000012D6
DIAG	3989	000012DC
DIAG	3997	000012DD
DIAG	3998	000012DE
DIAG	3999	000012E2
DIAG	4000	000012E6
DIAG	4002	000012EA
DIAG	4003	000012F0
DIAG	4004	000012F6
DIAG	4005	000012FC
DIAG	4009	00001302
DIAG	4010	00001303
DIAG	4011	00001307
DIAG	4012	0000130B
DIAG	4015	0000130F
DIAG	4016	00001315
DIAG	4017	0000131B
DIAG	4018	00001321
DIAG	4020	00001327
DIAG	4021	0000132D
DIAG	4022	00001333
DIAG	4023	00001339
DIAG	4035	0000133F
DIAG	4036	00001340
DIAG	4037	00001344
DIAG	4038	00001348
DIAG	4040	0000134C
DIAG	4041	00001352
DIAG	4042	00001358
DIAG	4045	0000135E
DIAG	4046	0000135F
DIAG	4047	00001363
DIAG	4048	00001367
DIAG	4050	0000136B
DIAG	4052	0000136F
DIAG	4053	00001374
DIAG	4055	00001379
DIAG	4060	0000137A
DIAG	4061	00001380
DIAG	4062	00001386
DIAG	4063	0000138C
DIAG	4066	00001392
DIAG	4067	00001398
DIAG	4068	0000139E
DIAG	4073	000013A4
DIAG	4074	000013AA
DIAG	4075	000013B0
DIAG	4076	000013B6
DIAG	4079	000013BC
DIAG	4080	000013C2
DIAG	4081	000013C8
DIAG	4082	000013CE
DIAG	4084	000013D4
DIAG	4100	000013D5
DIAG	4101	000013D6
DIAG	4103	000013D7
DIAG	4104	000013D8
DIAG	4105	000013D9
DIAG	4106	000013DA
DIAG	4107	000013DB
DIAG	4108	000013DC
DIAG	4109	000013DD
DIAG	4110	000013DE
DIAG	4111	000013DF
DIAG	4112	000013E0
DIAG	4117	000013E1
DIAG	4118	000013E2
DIAG	4119	000013E3
DIAG	4121	000013E4
DIAG	4122	000013E5
DIAG	4123	000013E6
DIAG	4124	000013E7
DIAG	4125	000013E8
DIAG	4127	000013E9
DIAG	4128	000013EA
DIAG	4130	000013EB
DIAG	4131	000013F1
DIAG	4133	000013F2
DIAG	4138	000013F8
DIAG	4139	000013F9
DIAG	4140	000013FA
DIAG	4141	000013FB
DIAG	4142	000013FC
DIAG	4143	000013FD
DIAG	4144	000013FE
DIAG	4145	000013FF
DIAG	4146	00001400
DIAG	4147	00001401
DIAG	4148	00001402
DIAG	4154	00001403
DIAG	4158	00001409
DIAG	4159	0000140A
DIAG	4160	0000140B
DIAG	4161	0000140C
DIAG	4162	0000140D
DIAG	4163	0000140E
DIAG	4164	0000140F
DIAG	4165	00001410
DIAG	4166	00001411
DIAG	4168	00001412
DIAG	4169	00001413
DIAG	4170	00001414
DIAG	4171	00001415
DIAG	4177	00001416
DIAG	4178	00001417
DIAG	4180	00001418
DIRQ	132	00000064
DIRQ	133	00000065
DIRQ	134	00000066
DIRQ	135	00000067
DIRQ	136	00000068
DIRQ	137	00000069
DIRQ	138	0000006A
DIRQ	140	0000006B
DIRQ	141	0000006C
DIRQ	142	0000006D
DIRQ	143	0000006E
DIRQ	144	0000006F
DIRQ	145	00000070
DIRQ	146	00000071
DIRQ	147	00000072
DIRQ	148	00000073
DIRQ	150	00000074
DIRQ	151	00000075
DIRQ	152	00000076
DIRQ	153	00000077
DIRQ	154	00000078
DIRQ	155	00000079
DIRQ	156	0000007A
DIRQ	157	0000007B
DIRQ	158	0000007C
DIRQ	167	0000007D
DIRQ	168	0000007E
DIRQ	170	0000007F
DIRQ	171	00000080
DIRQ	172	00000081
DIRQ	174	00000082
DIRQ	175	00000083
DIRQ	176	00000084
DIRQ	178	00000085
DIRQ	179	00000086
DIRQ	180	00000087
DIRQ	182	00000088
DIRQ	183	00000089
DIRQ	184	0000008A
DIRQ	185	0000008B
DIRQ	186	0000008C
DIRQ	187	0000008D
DIRQ	188	0000008E
DIRQ	190	0000008F
DIRQ	191	00000090
DIRQ	227	00000091
DIRQ	228	00000092
DIRQ	230	00000093
DIRQ	231	00000094
DIRQ	232	00000095
DIRQ	233	00000096
DIRQ	244	00000097
DIRQ	245	00000098
DIRQ	246	00000099
DIRQ	248	0000009A
DIRQ	249	0000009B
DIRQ	250	0000009C
DIRQ	251	0000009D
DIRQ	252	0000009E
DIRQ	255	0000009F
DIRQ	256	000000A0
DIRQ	257	000000A1
DIRQ	258	000000A2
DIRQ	261	000000A3
DIRQ	262	000000A4
DIRQ	263	000000A5
DIRQ	267	000000A6
DIRQ	268	000000A7
DIRQ	270	000000A8
DIRQ	271	000000A9
DIRQ	272	000000AA
DIRQ	278	000000AB
DIRQ	279	000000AC
DIRQ	280	000000AD
DIRQ	281	000000AE
DIRQ	282	000000AF
DIRQ	303	000000B0
DIRQ	304	000000B0
DIRQ	305	000000B1
DIRQ	306	000000B1
DIRQ	307	000000B2
DIRQ	308	000000B2
DIRQ	310	000000B3
DIRQ	311	000000B3
DIRQ	312	000000B4
DIRQ	313	000000B4
DIRQ	314	000000B5
DIRQ	315	000000B5
DIRQ	317	000000B6
DIRQ	318	000000B6
DIRQ	319	000000B7
DIRQ	320	000000B7
DIRQ	321	000000B8
DIRQ	322	000000B8
DIRQ	323	000000B9
DIRQ	330	000000BA
DIRQ	331	000000BB
DIRQ	332	000000BC
DIRQ	333	000000BD
DIRQ	334	000000BE
DIRQ	337	000000BF
DIRQ	338	000000C0
DIRQ	340	000000C1
DIRQ	341	000000C2
DIRQ	342	000000C3
DIRQ	343	000000C4
DIRQ	346	000000C5
DIRQ	347	000000C6
DIRQ	349	000000C7
DIRQ	350	000000C8
DIRQ	352	000000C9
DIRQ	353	000000CA
DIRQ	354	000000CB
DIRQ	356	000000CC
DIRQ	358	000000CD
DIRQ	359	000000CE
DIRQ	360	000000CF
DIRQ	363	000000D0
DIRQ	364	000000D1
DIRQ	365	000000D2
DIRQ	366	000000D3
DIRQ	368	000000D4
DIRQ	369	000000D5
DIRQ	370	000000D6
DIRQ	372	000000D7
DIRQ	373	000000D8
DIRQ	374	000000D9
DIRQ	375	000000DA
DIRQ	377	000000DB
DIRQ	378	000000DC
DIRQ	379	000000DD
DIRQ	381	000000DE
DIRQ	383	000000DF
DIRQ	384	000000E0
DIRQ	385	000000E1
DIRQ	387	000000E2
DIRQ	389	000000E3
DIRQ	390	000000E4
DIRQ	391	000000E5
DIRQ	393	000000E6
DIRQ	403	000000E7
DIRQ	404	000000E8
DIRQ	405	000000E9
DIRQ	408	000000EA
DIRQ	409	000000EB
DIRQ	410	000000EC
DIRQ	411	000000ED
DIRQ	413	000000EE
DIRQ	414	000000EF
DIRQ	416	000000F0
DIRQ	417	000000F1
DIRQ	418	000000F2
DIRQ	419	000000F3
DIRQ	421	000000F4
DIRQ	422	000000F5
DIRQ	435	000000F6
DIRQ	436	000000F7
DIRQ	438	000000F8
DIRQ	439	000000F9
DIRQ	441	000000FA
DIRQ	442	000000FB
DIRQ	443	000000FC
DIRQ	453	000000FD
DIRQ	454	000000FE
DIRQ	456	000000FF
DIRQ	457	00000100
DIRQ	459	00000101
DIRQ	460	00000102
DIRQ	461	00000103
DIRQ	462	00000104
DIRQ	464	00000105
DIRQ	468	00000106
DIRQ	469	00000107
DIRQ	470	00000108
DIRQ	472	00000109
DIRQ	473	0000010A
DIRQ	474	0000010B
DIRQ	477	0000010C
DIRQ	478	0000010D
DIRQ	484	0000010E
DIRQ	485	0000010F
DIRQ	486	00000110
DIRQ	487	00000111
DIRQ	493	00000112
DIRQ	494	00000113
DIRQ	495	00000114
DIRQ	511	00000115
DIRQ	512	00000116
DIRQ	514	00000117
DIRQ	515	00000118
DIRQ	516	00000119
DIRQ	517	00000119
DIRQ	520	0000011A
DIRQ	521	0000011A
DIRQ	522	0000011B
DIRQ	523	0000011C
DIRQ	524	0000011D
DIRQ	525	0000011D
DIRQ	528	0000011E
DIRQ	529	0000011E
DIRQ	530	0000011F
DIRQ	531	00000120
DIRQ	532	00000121
DIRQ	533	00000121
DIRQ	534	00000122
DIRQ	536	00000123
DIRQ	537	00000124
DIRQ	547	00000125
DIRQ	548	00000126
DIRQ	549	00000127
DIRQ	554	00000128
DIRQ	556	00000129
DIRQ	557	0000012A
DIRQ	558	0000012B
DIRQ	569	0000012C
DIRQ	570	0000012D
DIRQ	571	0000012E
DIRQ	572	0000012F
DIRQ	573	00000130
DIRQ	574	00000131
DIRQ	577	00000132
DIRQ	578	00000133
DIRQ	579	00000134
DIRQ	580	00000135
DIRQ	581	00000136
DIRQ	584	00000140
DIRQ	613	00000141
DIRQ	614	00000142
DIRQ	615	00000143
DIRQ	616	00000144
DIRQ	617	00000145
DIRQ	618	00000146
DIRQ	619	00000147
DIRQ	620	00000148
DIRQ	621	00000148
DIRQ	627	00000149
DIRQ	628	00000149
DIRQ	629	0000014A
DIRQ	630	0000014B
DIRQ	631	0000014B
DIRQ	633	0000014C
DIRQ	634	0000014C
DIRQ	635	0000014D
DIRQ	636	0000014D
DIRQ	638	0000014E
DIRQ	639	0000014E
DIRQ	641	0000014F
DIRQ	642	0000014F
DIRQ	644	00000150
DIRQ	646	00000151
DIRQ	647	00000151
DIRQ	648	00000152
DIRQ	649	00000153
DIRQ	651	00000154
DIRQ	652	00000154
DIRQ	654	00000155
DIRQ	656	00000156
DIRQ	658	00000157
DIRQ	659	00000158
DIRQ	661	00000159
DIRQ	662	0000015A
DIRQ	664	0000015B
DIRQ	665	0000015C
DIRQ	667	0000015D
DIRQ	668	0000015E
DIRQ	670	0000015F
DIRQ	671	0000015F
DIRQ	673	00000160
DIRQ	674	00000161
DIRQ	675	00000162
DIRQ	680	00000163
DIRQ	681	00000164
DIRQ	682	00000165
DIRQ	685	00000166
DIRQ	686	00000167
DIRQ	689	00000168
DIRQ	700	00000169
DIRQ	701	0000016A
DIRQ	702	0000016B
DIRQ	705	0000016C
DIRQ	706	0000016D
DIRQ	708	0000016E
DIRQ	709	0000016F
DIRQ	711	00000170
DIRQ	712	00000171
DIRQ	713	00000172
DIRQ	714	00000173
DIRQ	716	00000174
DIRQ	738	00000175
DIRQ	739	00000176
DIRQ	741	00000177
DIRQ	742	00000178
DIRQ	743	00000179
DIRQ	744	0000017A
DIRQ	746	0000017B
DIRQ	747	0000017C
DIRQ	748	0000017D
DIRQ	749	0000017E
DIRQ	751	0000017F
DIRQ	752	00000180
DIRQ	753	00000181
DIRQ	754	00000182
DIRQ	756	00000183
DIRQ	757	00000184
DIRQ	758	00000185
DIRQ	759	00000186
DIRQ	768	00000187
DIRQ	770	00000188
DIRQ	771	00000189
DIRQ	772	0000018A
DIRQ	774	0000018B
DIRQ	775	0000018C
DIRQ	776	0000018D
DIRQ	778	0000018E
DIRQ	779	0000018F
DIRQ	780	00000190
DIRQ	781	00000191
DIRQ	782	00000192
DIRQ	785	000001A0
DIRQ	787	000001A1
DIRQ	788	000001A2
DIRQ	789	000001A3
DIRQ	790	000001A4
DIRQ	791	000001A5
DIRQ	792	000001A6
DIRQ	793	000001A7
DIRQ	798	000001A8
DIRQ	799	000001A9
DIRQ	800	000001A9
DIRQ	801	000001AA
DIRQ	803	000001AB
DIRQ	804	000001AB
DIRQ	805	000001AC
DIRQ	806	000001AC
DIRQ	807	000001AD
DIRQ	808	000001AE
DIRQ	809	000001AE
DIRQ	811	000001AF
DIRQ	812	000001B0
DIRQ	814	000001B1
DIRQ	815	000001B2
DIRQ	817	000001B3
DIRQ	818	000001B4
DIRQ	820	000001B5
DIRQ	821	000001B6
DIRQ	823	000001B7
DIRQ	824	000001B7
DIRQ	826	000001B8
DIRQ	827	000001B9
DIRQ	828	000001BA
DIRQ	830	000001BB
DIRQ	845	000001BC
DIRQ	846	000001BD
DIRQ	847	000001BE
DIRQ	849	000001BF
DIRQ	850	000001C0
DIRQ	851	000001C1
DIRQ	852	000001C2
DIRQ	854	000001C3
DIRQ	855	000001C4
DIRQ	856	000001C5
DIRQ	859	000001C6
DIRQ	884	000001C7
DIRQ	885	000001C8
DIRQ	887	000001C9
DIRQ	889	000001CA
DIRQ	892	000001CB
DIRQ	907	000001CC
DIRQ	908	000001CD
DIRQ	911	000001CE
DIRQ	914	000001CF
DIRQ	917	000001D0
DIRQ	918	000001D1
DIRQ	919	000001D2
DIRQ	921	000001D3
DIRQ	922	000001D4
DIRQ	927	000001D5
DIRQ	928	000001D5
DIRQ	929	000001D6
DIRQ	930	000001D6
DIRQ	931	000001D7
DIRQ	932	000001D7
DIRQ	934	000001D8
DIRQ	935	000001D8
DIRQ	936	000001D9
DIRQ	937	000001D9
DIRQ	938	000001DA
DIRQ	939	000001DB
DIRQ	940	000001DB
DIRQ	942	000001DC
DIRQ	943	000001DC
DIRQ	944	000001DD
DIRQ	945	000001DD
DIRQ	946	000001DE
DIRQ	947	000001DE
DIRQ	948	000001DF
DIRQ	949	000001DF
DIRQ	950	000001E0
DIRQ	951	000001E1
DIRQ	952	000001E2
DIRQ	955	000001E3
DIRQ	956	000001E4
DIRQ	957	000001E5
DIRQ	967	000001E6
DIRQ	968	000001E7
DIRQ	970	000001E8
DIRQ	971	000001E9
DIRQ	973	000001EA
DIRQ	974	000001EB
DIRQ	975	000001EC
DIRQ	976	000001EC
DIRQ	979	000001ED
DIRQ	980	000001ED
DIRQ	981	000001EE
DIRQ	982	000001EF
DIRQ	983	000001F0
DIRQ	984	000001F0
DIRQ	987	000001F1
DIRQ	988	000001F1
DIRQ	989	000001F2
DIRQ	990	000001F3
DIRQ	991	000001F4
DIRQ	992	000001F4
DIRQ	993	000001F5
DIRQ	995	000001F6
DIRQ	996	000001F7
DIRQ	999	000001F8
DIRQ	1000	000001F9
DIRQ	1001	000001FA
DIRQ	1002	000001FB
DIRQ	1004	000001FC
DIRQ	1005	000001FD
DIRQ	1006	000001FE
DIRQ	1007	000001FF
DIRQ	1008	00000200
DIRQ	1009	00000201
DIRQ	1010	00000202
DIRQ	1033	00000220
DIRQ	1035	00000221
DIRQ	1036	00000222
DIRQ	1037	00000223
DIRQ	1038	00000224
DIRQ	1039	00000225
DIRQ	1040	00000226
DIRQ	1041	00000227
DIRQ	1043	00000228
DIRQ	1045	00000229
DIRQ	1046	0000022A
DIRQ	1056	0000022B
DIRQ	1057	0000022B
DIRQ	1058	0000022C
DIRQ	1062	0000022D
DIRQ	1063	0000022D
DIRQ	1064	0000022E
DIRQ	1065	0000022F
DIRQ	1066	0000022F
DIRQ	1068	00000230
DIRQ	1069	00000230
DIRQ	1070	00000231
DIRQ	1071	00000231
DIRQ	1073	00000232
DIRQ	1074	00000232
DIRQ	1076	00000233
DIRQ	1077	00000233
DIRQ	1079	00000234
DIRQ	1081	00000235
DIRQ	1082	00000235
DIRQ	1083	00000236
DIRQ	1084	00000237
DIRQ	1087	00000238
DIRQ	1088	00000238
DIRQ	1090	00000239
DIRQ	1092	0000023A
DIRQ	1094	0000023B
DIRQ	1095	0000023C
DIRQ	1097	0000023D
DIRQ	1098	0000023E
DIRQ	1100	0000023F
DIRQ	1101	00000240
DIRQ	1103	00000241
DIRQ	1105	00000242
DIRQ	1107	00000243
DIRQ	1108	00000243
DIRQ	1110	00000244
DIRQ	1111	00000245
DIRQ	1112	00000246
DIRQ	1115	00000247
DIRQ	1116	00000248
DIRQ	1117	00000249
DIRQ	1121	0000024A
DIRQ	1122	0000024B
DIRQ	1123	0000024C
DIRQ	1124	0000024D
DIRQ	1125	0000024E
DIRQ	1126	0000024F
DIRQ	1152	00000250
DIRQ	1153	00000251
DIRQ	1156	00000252
DIRQ	1157	00000253
DIRQ	1158	00000254
DIRQ	1164	00000255
DIRQ	1165	00000256
DIRQ	1169	00000257
DIRQ	1170	00000258
DIRQ	1171	00000259
DIRQ	1173	0000025A
DIRQ	1174	0000025B
DIRQ	1175	0000025C
DIRQ	1177	0000025D
DIRQ	1185	0000025E
DIRQ	1186	0000025F
DIRQ	1187	00000260
DIRQ	1191	00000261
DIRQ	1192	00000262
DIRQ	1193	00000263
DIRQ	1194	00000264
DIRQ	1195	00000264
DIRQ	1197	00000265
DIRQ	1199	00000266
DIRQ	1201	00000267
DIRQ	1202	00000267
DIRQ	1203	00000268
DIRQ	1210	00000269
DIRQ	1211	00000269
DIRQ	1212	0000026A
DIRQ	1213	0000026B
DIRQ	1214	0000026B
DIRQ	1216	0000026C
DIRQ	1217	0000026C
DIRQ	1219	0000026D
DIRQ	1220	0000026D
DIRQ	1221	0000026E
DIRQ	1222	0000026E
DIRQ	1224	0000026F
DIRQ	1225	0000026F
DIRQ	1227	00000270
DIRQ	1228	00000270
DIRQ	1229	00000271
DIRQ	1230	00000271
DIRQ	1231	00000272
DIRQ	1234	00000273
DIRQ	1235	00000274
DIRQ	1239	00000275
DIRQ	1241	00000276
DIRQ	1243	00000277
DIRQ	1244	00000278
DIRQ	1246	00000279
DIRQ	1247	0000027A
DIRQ	1249	0000027B
DIRQ	1250	0000027C
DIRQ	1251	0000027D
DIRQ	1252	0000027E
DIRQ	1254	0000027F
DIRQ	1255	00000280
DIRQ	1256	00000281
DIRQ	1257	00000282
DIRQ	1259	00000283
DIRQ	1260	00000284
DIRQ	1264	00000285
DIRQ	1265	00000286
DIRQ	1267	00000287
DIRQ	1268	00000288
DIRQ	1270	00000289
DIRQ	1271	0000028A
DIRQ	1273	0000028B
DIRQ	1274	0000028C
DIRQ	1305	0000028D
DIRQ	1306	0000028E
DIRQ	1307	0000028F
DIRQ	1309	00000290
DIRQ	1310	00000291
DIRQ	1311	00000292
DIRQ	1314	00000293
DIRQ	1315	00000294
DIRQ	1317	00000295
DIRQ	1318	00000296
DIRQ	1319	00000297
DIRQ	1324	00000298
DIRQ	1325	00000299
DIRQ	1327	0000029A
DIRQ	1328	0000029B
DIRQ	1329	0000029C
DIRQ	1332	0000029D
DIRQ	1333	0000029E
DIRQ	1334	0000029F
DIRQ	1336	000002A0
DIRQ	1337	000002A1
DIRQ	1338	000002A2
DIRQ	1339	000002A3
DIRQ	1340	000002A4
DIRQ	1345	000002C0
DIRQ	1346	000002C1
DIRQ	1349	000002C2
DIRQ	1351	000002C3
DIRQ	1353	000002C4
DIRQ	1354	000002C5
DIRQ	1355	000002C6
DIRQ	1357	000002C7
DIRQ	1358	000002C8
DIRQ	1359	000002C9
DIRQ	1361	000002CA
DIRQ	1362	000002CB
DIRQ	1363	000002CC
DIRQ	1366	000002CD
DIRQ	1367	000002CE
DIRQ	1369	000002CF
DIRQ	1370	000002D0
DIRQ	1371	000002D1
DIRQ	1374	000002D2
DIRQ	1375	000002D3
DIRQ	1376	000002D4
DIRQ	1381	000002D5
DIRQ	1382	000002D6
DIRQ	1384	000002D7
DIRQ	1388	000002D8
DIRQ	1389	000002D9
DIRQ	1390	000002DA
DIRQ	1393	000002DB
DIRQ	1394	000002DB
DIRQ	1396	000002DC
DIRQ	1398	000002DD
DIRQ	1399	000002DE
DIRQ	1403	000002DF
DIRQ	1404	000002E0
DIRQ	1405	000002E0
DIRQ	1406	000002E1
DIRQ	1409	000002E2
DIRQ	1411	000002E3
DIRQ	1412	000002E4
DIRQ	1413	000002E5
DIRQ	1415	000002E6
DIRQ	1421	000002E7
DIRQ	1422	000002E8
DIRQ	1423	000002E9
DIRQ	1424	000002EA
DIRQ	1425	000002EB
DIRQ	1428	000002EC
DIRQ	1429	000002EC
DIRQ	1430	000002ED
DIRQ	1436	000002EE
DIRQ	1437	000002EF
DIRQ	1438	000002EF
DIRQ	1440	000002F0
DIRQ	1442	000002F1
DIRQ	1443	000002F1
DIRQ	1445	000002F2
DIRQ	1446	000002F3
DIRQ	1448	000002F4
DIRQ	1449	000002F4
DIRQ	1451	000002F5
DIRQ	1452	000002F6
DIRQ	1454	000002F7
DIRQ	1456	000002F8
DIRQ	1457	000002F8
DIRQ	1459	000002F9
DIRQ	1460	000002FA
DIRQ	1464	000002FB
DIRQ	1465	000002FC
DIRQ	1467	000002FD
DIRQ	1468	000002FE
DIRQ	1469	000002FF
DIRQ	1470	00000300
DIRQ	1473	00000301
DIRQ	1474	00000302
DIRQ	1477	00000303
DIRQ	1478	00000304
DIRQ	1479	00000305
DIRQ	1480	00000306
DIRQ	1481	00000307
DIRQ	1482	00000308
DIRQ	1498	00000309
DIRQ	1499	0000030A
DIRQ	1500	0000030A
DIRQ	1502	0000030B
DIRQ	1503	0000030B
DIRQ	1504	0000030C
DIRQ	1505	0000030C
DIRQ	1507	0000030D
DIRQ	1508	0000030D
DIRQ	1509	0000030E
DIRQ	1510	0000030E
DIRQ	1512	0000030F
DIRQ	1513	0000030F
DIRQ	1514	00000310
DIRQ	1515	00000310
DIRQ	1518	00000311
DIRQ	1519	00000312
DIRQ	1521	00000313
DIRQ	1522	00000314
DIRQ	1524	00000315
DIRQ	1525	00000316
DIRQ	1527	00000317
DIRQ	1528	00000318
DIRQ	1533	00000319
DIRQ	1535	0000031A
DIRQ	1536	0000031A
DIRQ	1538	0000031B
DIRQ	1539	0000031B
DIRQ	1540	0000031C
DIRQ	1542	0000031D
DIRQ	1544	0000031E
DIRQ	1545	0000031F
DIRQ	1546	00000320
DIRQ	1547	00000321
DIRQ	1549	00000322
DIRQ	1550	00000323
DIRQ	1551	00000324
DIRQ	1552	00000325
DIRQ	1554	00000326
DIRQ	1556	00000327
DIRQ	1557	00000328
DIRQ	1558	00000329
DIRQ	1560	0000032A
DIRQ	1561	0000032B
DIRQ	1562	0000032C
DIRQ	1563	0000032D
DIRQ	1564	0000032E
DIRQ	1578	0000032F
DIRQ	1579	00000330
DIRQ	1581	00000331
DIRQ	1582	00000332
DIRQ	1584	00000333
DIRQ	1585	00000334
DIRQ	1598	00000335
DIRQ	1599	00000336
DIRQ	1600	00000337
DIRQ	1601	00000338
DIRQ	1605	00000339
DIRQ	1606	0000033A
DIRQ	1607	0000033B
DIRQ	1609	0000033C
DIRQ	1610	0000033D
DIRQ	1611	0000033E
DIRQ	1612	0000033F
DIRQ	1613	00000340
DIRQ	1614	00000341
DIRQ	1615	00000342
DIRQ	1619	00000343
DIRQ	1620	00000344
DIRQ	1621	00000345
DIRQ	1623	00000346
DIRQ	1624	00000347
DIRQ	1625	00000348
DIRQ	1626	00000349
DIRQ	1627	0000034A
DIRQ	1628	0000034B
DIRQ	1629	0000034C
DIRQ	1633	0000034D
DIRQ	1634	0000034E
DIRQ	1635	0000034F
DIRQ	1637	00000350
DIRQ	1644	00000351
DIRQ	1645	00000352
DIRQ	1647	00000353
DIRQ	1648	00000354
DIRQ	1650	00000355
DIRQ	1651	00000356
DIRQ	1652	00000357
DIRQ	1654	00000358
DIRQ	1655	00000359
DIRQ	1656	0000035A
DIRQ	1658	0000035B
DIRQ	1659	0000035C
DIRQ	1660	0000035D
DIRQ	1662	0000035E
DIRQ	1664	0000035F
DIRQ	1665	00000360
DIRQ	1667	00000361
DIRQ	1668	00000362
DIRQ	1669	00000363
DIRQ	1671	00000364
DIRQ	1672	00000365
DIRQ	1673	00000366
DIRQ	1675	00000367
DIRQ	1676	00000368
DIRQ	1677	00000369
DIRQ	1679	0000036A
DIRQ	1680	0000036B
DIRQ	1681	0000036C
DIRQ	1682	0000036D
DIRQ	1683	0000036E
DIRQ	1697	0000036F
DIRQ	1705	00000370
DIRQ	1706	00000371
DIRQ	1730	00000372
DIRQ	1731	00000373
DIRQ	1732	00000374
DIRQ	1734	00000375
DIRQ	1738	00000376
DIRQ	1739	00000377
DIRQ	1740	00000378
DIRQ	1742	00000379
DIRQ	1743	0000037A
DIRQ	1744	0000037B
DIRQ	1745	0000037C
DIRQ	1746	0000037D
DIRQ	1747	0000037E
DIRQ	1748	0000037F
DIRQ	1752	00000380
DIRQ	1753	00000381
DIRQ	1754	00000382
DIRQ	1756	00000383
DIRQ	1757	00000384
DIRQ	1758	00000385
DIRQ	1759	00000386
DIRQ	1760	00000387
DIRQ	1761	00000388
DIRQ	1762	00000389
DIRQ	1766	0000038A
DIRQ	1767	0000038B
DIRQ	1768	0000038C
DIRQ	1770	0000038D
DIRQ	1774	0000038E
DIRQ	1775	0000038E
DIRQ	1777	0000038F
DIRQ	1778	0000038F
DIRQ	1779	00000390
DIRQ	1782	00000391
DIRQ	1784	00000392
DIRQ	1785	00000393
DIRQ	1786	00000394
DIRQ	1787	00000395
DIRQ	1789	00000396
DIRQ	1790	00000397
DIRQ	1791	00000398
DIRQ	1792	00000399
DIRQ	1794	0000039A
DIRQ	1795	0000039B
DIRQ	1796	0000039C
DIRQ	1798	0000039D
DIRQ	1799	0000039E
DIRQ	1800	0000039F
DIRQ	1802	000003A0
DIRQ	1808	000003A1
DIRQ	1809	000003A2
DIRQ	1810	000003A3
DIRQ	1812	000003A4
DIRQ	1813	000003A5
DIRQ	1815	000003A6
DIRQ	1816	000003A7
DIRQ	1817	000003A7
DIRQ	1819	000003A8
DIRQ	1821	000003A9
DIRQ	1822	000003A9
DIRQ	1824	000003AA
DIRQ	1825	000003AB
DIRQ	1826	000003AC
DIRQ	1828	000003AD
DIRQ	1829	000003AD
DIRQ	1831	000003AE
DIRQ	1832	000003AF
DIRQ	1833	000003B0
DIRQ	1835	000003B1
DIRQ	1836	000003B1
DIRQ	1838	000003B2
DIRQ	1839	000003B3
DIRQ	1840	000003B4
DIRQ	1842	000003B5
DIRQ	1843	000003B5
DIRQ	1845	000003B6
DIRQ	1846	000003B7
DIRQ	1847	000003B8
DIRQ	1849	000003B9
DIRQ	1851	000003BA
DIRQ	1852	000003BB
DIRQ	1859	000003BC
DIRQ	1880	000003BD
DIRQ	1881	000003BE
DIRQ	1882	000003BF
DIRQ	1887	000003C0
DIRQ	1889	000003C1
DIRQ	1890	000003C1
DIRQ	1892	000003C2
DIRQ	1893	000003C3
DIRQ	1895	000003C4
DIRQ	1896	000003C5
DIRQ	1898	000003C6
DIRQ	1899	000003C7
DIRQ	1901	000003C8
DIRQ	1902	000003C9
DIRQ	1904	000003CA
DIRQ	1905	000003CB
DIRQ	1907	000003CC
DIRQ	1908	000003CD
DIRQ	1909	000003CE
DIRQ	1910	000003CF
DIRQ	1912	000003D0
DIRQ	1913	000003D1
DIRQ	1914	000003D2
DIRQ	1915	000003D3
DIRQ	1917	000003D4
DIRQ	1918	000003D5
DIRQ	1919	000003D6
DIRQ	1920	000003D7
DIRQ	1922	000003D8
DIRQ	1923	000003D9
DIRQ	1924	000003DA
DIRQ	1925	000003DB
DIRQ	1927	000003DC
DIRQ	1928	000003DD
DIRQ	1929	000003DE
DIRQ	1930	000003DF
DIRQ	1932	000003E0
DIRQ	1933	000003E1
DIRQ	1934	000003E2
DIRQ	1935	000003E3
DIRQ	1937	000003E4
DIRQ	1938	000003E5
DIRQ	1939	000003E6
DIRQ	1940	000003E7
DIRQ	1941	000003E8
DIRQ	1943	000003E9
DIRQ	1944	000003EA
DIRQ	1945	000003EB
DIRQ	1946	000003EC
DIRQ	1947	000003ED
DIRQ	1949	000003EE
DIRQ	1950	000003EF
DIRQ	1951	000003F0
DIRQ	1952	000003F1
DIRQ	1953	000003F2
DIRQ	1954	000003F3
DIRQ	1955	000003F4
DIRQ	1956	000003F5
DIRQ	1958	000003F6
DIRQ	1959	000003F7
DIRQ	1960	000003F8
DIRQ	1961	000003F9
DIRQ	1962	000003FA
DIRQ	1963	000003FB
DIRQ	1964	000003FC
DIRQ	1965	000003FD
DIRQ	1966	000003FE
DIRQ	1970	000003FF
DIRQ	1972	00000400
DIRQ	1973	00000400
DIRQ	1975	00000401
DIRQ	1976	00000402
DIRQ	1978	00000403
DIRQ	1979	00000403
DIRQ	1981	00000404
DIRQ	1982	00000405
DIRQ	1984	00000406
DIRQ	1985	00000407
DIRQ	1987	00000408
DIRQ	1988	00000409
DIRQ	1990	0000040A
DIRQ	1991	0000040B
DIRQ	1993	0000040C
DIRQ	1994	0000040D
DIRQ	1996	0000040E
DIRQ	1997	0000040F
DIRQ	1998	00000410
DIRQ	1999	00000411
DIRQ	2001	00000412
DIRQ	2002	00000413
DIRQ	2003	00000414
DIRQ	2004	00000415
DIRQ	2006	00000416
DIRQ	2007	00000417
DIRQ	2008	00000418
DIRQ	2009	00000419
DIRQ	2011	0000041A
DIRQ	2012	0000041B
DIRQ	2013	0000041C
DIRQ	2014	0000041D
DIRQ	2016	0000041E
DIRQ	2017	0000041F
DIRQ	2018	00000420
DIRQ	2019	00000421
DIRQ	2021	00000422
DIRQ	2022	00000423
DIRQ	2023	00000424
DIRQ	2024	00000425
DIRQ	2026	00000426
DIRQ	2027	00000427
DIRQ	2028	00000428
DIRQ	2029	00000429
DIRQ	2030	0000042A
DIRQ	2032	0000042B
DIRQ	2033	0000042C
DIRQ	2034	0000042D
DIRQ	2035	0000042E
DIRQ	2036	0000042F
DIRQ	2038	00000430
DIRQ	2039	00000431
DIRQ	2040	00000432
DIRQ	2041	00000433
DIRQ	2042	00000434
DIRQ	2043	00000435
DIRQ	2044	00000436
DIRQ	2045	00000437
DIRQ	2047	00000438
DIRQ	2048	00000439
DIRQ	2049	0000043A
DIRQ	2050	0000043B
DIRQ	2051	0000043C
DIRQ	2052	0000043D
DIRQ	2053	0000043E
DIRQ	2054	0000043F
DIRQ	2055	00000440
DIRQ	2059	00000441
DIRQ	2060	00000442
DIRQ	2062	00000443
DIRQ	2064	00000444
DIRQ	2065	00000445
DIRQ	2066	00000445
DIRQ	2068	00000446
DIRQ	2075	00000447
DIRQ	2077	00000448
DIRQ	2078	00000449
DIRQ	2080	0000044A
DIRQ	2081	0000044B
DIRQ	2082	0000044C
DIRQ	2084	0000044D
DIRQ	2090	00000450
DIRQ	2091	00000451
DIRQ	2092	00000452
DIRQ	2111	00000453
DIRQ	2112	00000454
DIRQ	2113	00000455
DIRQ	2114	00000456
DIRQ	2115	00000457
DIRQ	2119	00000460
DIRQ	2120	00000461
DIRQ	2121	00000462
DIRQ	2123	00000463
DIRQ	2125	00000464
DIRQ	2126	00000465
DIRQ	2127	00000466
DIRQ	2129	00000467
DIRQ	2130	00000468
DIRQ	2131	00000469
DIRQ	2135	0000046A
DIRQ	2136	0000046B
DIRQ	2137	0000046C
DIRQ	2141	0000046D
DIRQ	2142	0000046E
DIRQ	2143	0000046F
DIRQ	2146	00000470
DIRQ	2147	00000470
DIRQ	2149	00000471
DIRQ	2151	00000472
DIRQ	2152	00000473
DIRQ	2154	00000474
DIRQ	2155	00000475
DIRQ	2156	00000476
DIRQ	2159	00000477
DIRQ	2161	00000478
DIRQ	2162	00000479
DIRQ	2163	0000047A
DIRQ	2165	0000047B
DIRQ	2166	0000047B
DIRQ	2168	0000047C
DIRQ	2170	0000047D
DIRQ	2171	0000047D
DIRQ	2173	0000047E
DIRQ	2174	0000047E
DIRQ	2176	0000047F
DIRQ	2177	0000047F
DIRQ	2178	00000480
DIRQ	2179	00000480
DIRQ	2181	00000481
DIRQ	2182	00000481
DIRQ	2183	00000482
DIRQ	2184	00000482
DIRQ	2186	00000483
DIRQ	2187	00000483
DIRQ	2188	00000484
DIRQ	2189	00000484
DIRQ	2190	00000485
DIRQ	2192	00000486
DIRQ	2193	00000487
DIRQ	2194	00000488
DIRQ	2195	00000488
DIRQ	2197	00000489
DIRQ	2198	0000048A
DIRQ	2200	0000048B
DIRQ	2201	0000048C
DIRQ	2202	0000048D
DIRQ	2203	0000048E
DIRQ	2206	0000048F
DIRQ	2209	00000490
DIRQ	2212	00000491
DIRQ	2213	00000492
DIRQ	2214	00000493
DIRQ	2215	00000494
DIRQ	2216	00000495
DIRQ	2217	00000496
DIRQ	2221	00000497
DIRQ	2234	00000498
DIRQ	2235	00000499
DIRQ	2237	0000049A
DIRQ	2238	0000049B
DIRQ	2239	0000049C
DIRQ	2242	0000049D
DIRQ	2244	0000049E
DIRQ	2245	0000049F
DIRQ	2246	000004A0
DIRQ	2248	000004A1
DIRQ	2250	000004A2
DIRQ	2252	000004A3
DIRQ	2253	000004A4
DIRQ	2254	000004A5
DIRQ	2255	000004A6
DIRQ	2256	000004A7
DIRQ	2262	000004C0
DIRQ	2263	000004C1
DIRQ	2266	000004C2
DIRQ	2268	000004C3
DIRQ	2270	000004C4
DIRQ	2271	000004C5
DIRQ	2272	000004C6
DIRQ	2274	000004C7
DIRQ	2275	000004C8
DIRQ	2276	000004C9
DIRQ	2278	000004CA
DIRQ	2279	000004CB
DIRQ	2280	000004CC
DIRQ	2284	000004CD
DIRQ	2285	000004CE
DIRQ	2287	000004CF
DIRQ	2288	000004D0
DIRQ	2289	000004D1
DIRQ	2292	000004D2
DIRQ	2293	000004D3
DIRQ	2294	000004D4
DIRQ	2300	000004D5
DIRQ	2301	000004D6
DIRQ	2304	000004D7
DIRQ	2308	000004D8
DIRQ	2309	000004D9
DIRQ	2310	000004DA
DIRQ	2313	000004DB
DIRQ	2314	000004DB
DIRQ	2316	000004DC
DIRQ	2318	000004DD
DIRQ	2319	000004DE
DIRQ	2323	000004DF
DIRQ	2324	000004E0
DIRQ	2325	000004E0
DIRQ	2326	000004E1
DIRQ	2329	000004E2
DIRQ	2331	000004E3
DIRQ	2332	000004E4
DIRQ	2333	000004E5
DIRQ	2335	000004E6
DIRQ	2342	000004E7
DIRQ	2343	000004E8
DIRQ	2344	000004E9
DIRQ	2345	000004EA
DIRQ	2346	000004EB
DIRQ	2349	000004EC
DIRQ	2358	000004ED
DIRQ	2359	000004EE
DIRQ	2360	000004EE
DIRQ	2362	000004EF
DIRQ	2364	000004F0
DIRQ	2365	000004F0
DIRQ	2367	000004F1
DIRQ	2368	000004F2
DIRQ	2370	000004F3
DIRQ	2371	000004F3
DIRQ	2373	000004F4
DIRQ	2374	000004F5
DIRQ	2376	000004F6
DIRQ	2378	000004F7
DIRQ	2379	000004F7
DIRQ	2381	000004F8
DIRQ	2382	000004F9
DIRQ	2385	000004FA
DIRQ	2386	000004FB
DIRQ	2389	000004FC
DIRQ	2390	000004FD
DIRQ	2391	000004FE
DIRQ	2392	000004FF
DIRQ	2395	00000500
DIRQ	2396	00000501
DIRQ	2399	00000502
DIRQ	2400	00000503
DIRQ	2402	00000504
DIRQ	2403	00000505
DIRQ	2418	00000506
DIRQ	2419	00000507
DIRQ	2420	00000508
DIRQ	2421	00000509
DIRQ	2422	0000050A
DIRQ	2425	0000050B
DIRQ	2426	0000050C
DIRQ	2428	0000050D
DIRQ	2429	0000050E
DIRQ	2430	0000050F
DIRQ	2432	00000510
DIRQ	2433	00000511
DIRQ	2435	00000512
DIRQ	2436	00000513
DIRQ	2437	00000514
DIRQ	2440	00000515
DIRQ	2441	00000516
DIRQ	2442	00000517
DIRQ	2443	00000518
DIRQ	2444	00000519
DIRQ	2448	00000520
DIRQ	2449	00000521
DIRQ	2450	00000522
DIRQ	2452	00000523
DIRQ	2454	00000524
DIRQ	2455	00000525
DIRQ	2456	00000526
DIRQ	2458	00000527
DIRQ	2459	00000528
DIRQ	2460	00000529
DIRQ	2464	0000052A
DIRQ	2465	0000052B
DIRQ	2466	0000052C
DIRQ	2470	0000052D
DIRQ	2471	0000052E
DIRQ	2472	0000052F
DIRQ	2475	00000530
DIRQ	2476	00000530
DIRQ	2478	00000531
DIRQ	2480	00000532
DIRQ	2481	00000533
DIRQ	2483	00000534
DIRQ	2484	00000535
DIRQ	2485	00000536
DIRQ	2488	00000537
DIRQ	2490	00000538
DIRQ	2491	00000539
DIRQ	2492	0000053A
DIRQ	2494	0000053B
DIRQ	2497	0000053C
DIRQ	2498	0000053C
DIRQ	2500	0000053D
DIRQ	2501	0000053D
DIRQ	2503	0000053E
DIRQ	2504	0000053E
DIRQ	2505	0000053F
DIRQ	2506	0000053F
DIRQ	2508	00000540
DIRQ	2509	00000540
DIRQ	2510	00000541
DIRQ	2511	00000541
DIRQ	2513	00000542
DIRQ	2514	00000542
DIRQ	2515	00000543
DIRQ	2516	00000543
DIRQ	2517	00000544
DIRQ	2519	00000545
DIRQ	2520	00000546
DIRQ	2521	00000547
DIRQ	2522	00000547
DIRQ	2524	00000548
DIRQ	2525	00000549
DIRQ	2527	0000054A
DIRQ	2528	0000054B
DIRQ	2529	0000054C
DIRQ	2530	0000054D
DIRQ	2533	0000054E
DIRQ	2534	0000054F
DIRQ	2537	00000550
DIRQ	2538	00000551
DIRQ	2539	00000552
DIRQ	2540	00000553
DIRQ	2541	00000554
DIRQ	2542	00000555
DIRQ	2544	00000556
DIRQ	2551	00000557
DIRQ	2552	00000558
DIRQ	2553	00000559
DIRQ	2554	0000055A
DIRQ	2555	0000055B
DIRQ	2559	00000560
DIRQ	2560	00000561
DIRQ	2561	00000562
DIRQ	2563	00000563
DIRQ	2565	00000564
DIRQ	2566	00000565
DIRQ	2567	00000566
DIRQ	2569	00000567
DIRQ	2570	00000568
DIRQ	2571	00000569
DIRQ	2573	0000056A
DIRQ	2574	0000056B
DIRQ	2575	0000056C
DIRQ	2580	0000056D
DIRQ	2581	0000056E
DIRQ	2582	0000056F
DIRQ	2586	00000570
DIRQ	2587	00000571
DIRQ	2588	00000572
DIRQ	2591	00000573
DIRQ	2592	00000573
DIRQ	2594	00000574
DIRQ	2596	00000575
DIRQ	2597	00000576
DIRQ	2601	00000577
DIRQ	2602	00000578
DIRQ	2603	00000578
DIRQ	2604	00000579
DIRQ	2605	0000057A
DIRQ	2607	0000057B
DIRQ	2608	0000057C
DIRQ	2609	0000057D
DIRQ	2611	0000057E
DIRQ	2614	0000057F
DIRQ	2616	00000580
DIRQ	2617	00000581
DIRQ	2619	00000582
DIRQ	2621	00000583
DIRQ	2622	00000583
DIRQ	2624	00000584
DIRQ	2625	00000584
DIRQ	2627	00000585
DIRQ	2628	00000585
DIRQ	2629	00000586
DIRQ	2630	00000586
DIRQ	2632	00000587
DIRQ	2633	00000587
DIRQ	2634	00000588
DIRQ	2635	00000588
DIRQ	2637	00000589
DIRQ	2638	00000589
DIRQ	2639	0000058A
DIRQ	2640	0000058A
DIRQ	2641	0000058B
DIRQ	2643	0000058C
DIRQ	2644	0000058D
DIRQ	2645	0000058E
DIRQ	2646	0000058E
DIRQ	2648	0000058F
DIRQ	2649	00000590
DIRQ	2651	00000591
DIRQ	2652	00000592
DIRQ	2653	00000593
DIRQ	2654	00000594
DIRQ	2657	00000595
DIRQ	2658	00000596
DIRQ	2660	00000597
DIRQ	2661	00000598
DIRQ	2662	00000599
DIRQ	2663	0000059A
DIRQ	2664	0000059B
DIRQ	2665	0000059C
DIRQ	2668	0000059D
DIRQ	2687	0000059E
DIRQ	2689	0000059F
DIRQ	2690	000005A0
DIRQ	2696	000005A1
DIRQ	2697	000005A4
DIRQ	2698	000005A5
DIRQ	2700	000005A6
DIRQ	2705	000005A7
DIRQ	2706	000005A8
DIRQ	2707	000005A9
DIRQ	2708	000005AA
DIRQ	2709	000005AB
DIRQ	2710	000005AC
DIRQ	2711	000005AD
DIRQ	2712	000005AE
DIRQ	2713	000005AF
DIRQ	2714	000005B0
DIRQ	2715	000005B1
DIRQ	2716	000005B2
DIRQ	2718	000005B3
DIRQ	2719	000005B4
DIRQ	2720	000005B5
DIRQ	2722	000005B6
DIRQ	2723	000005B6
DIRQ	2725	000005B7
DIRQ	2727	000005B8
DIRQ	2728	000005B9
DIRQ	2736	000005BA
DIRQ	2738	000005BB
DIRQ	2739	000005BC
DIRQ	2741	000005BD
DIRQ	2742	000005BE
DIRQ	2743	000005BE
DIRQ	2744	000005BF
DIRQ	2745	000005BF
DIRQ	2747	000005C0
DIRQ	2748	000005C1
DIRQ	2749	000005C1
DIRQ	2750	000005C2
DIRQ	2751	000005C3
DIRQ	2752	000005C3
DIRQ	2753	000005C4
DIRQ	2757	000005C5
DIRQ	2758	000005C6
DIRQ	2759	000005C7
DIRQ	2760	000005C7
DIRQ	2762	000005C8
DIRQ	2763	000005C8
DIRQ	2764	000005C9
DIRQ	2765	000005CA
DIRQ	2766	000005CA
DIRQ	2767	000005CB
DIRQ	2773	000005CC
DIRQ	2775	000005CD
DIRQ	2776	000005CE
DIRQ	2777	000005CF
DIRQ	2778	000005D0
DIRQ	2779	000005D1
DIRQ	2782	000005D2
DIRQ	2783	000005D3
DIRQ	2784	000005D4
DIRQ	2785	000005D5
DIRQ	2787	000005D6
DIRQ	2788	000005D7
DIRQ	2790	000005D8
DIRQ	2791	000005D9
DIRQ	2792	000005DA
DIRQ	2794	000005DB
DIRQ	2796	000005DC
DIRQ	2798	000005DD
DIRQ	2799	000005DE
DIRQ	2801	000005DF
DIRQ	2802	000005E0
DIRQ	2804	000005E1
DIRQ	2805	000005E2
DIRQ	2806	000005E3
DIRQ	2807	000005E4
DIRQ	2808	000005E5
DIRQ	2809	000005E6
DIRQ	2810	000005E7
DIRQ	2811	000005E7
DIRQ	2812	000005E8
DIRQ	2814	000005E9
DIRQ	2817	000005EA
DIRQ	2819	000005EB
DIRQ	2820	000005EC
DIRQ	2822	000005ED
DIRQ	2823	000005EE
DIRQ	2824	000005EF
DIRQ	2825	000005F0
DIRQ	2827	000005F1
DIRQ	2828	000005F2
DIRQ	2829	000005F3
DIRQ	2830	000005F4
DRONES	59	000065CA
DRONES	60	000065CB
DRONES	62	000065CC
DRONES	63	000065CD
DRONES	64	000065CF
DRONES	83	000065D0
DRONES	84	000065D1
DRONES	86	000065D2
DRONES	87	000065D3
DRONES	89	000065D4
DRONES	90	000065D5
DRONES	91	000065D6
DRONES	94	000065D7
DRONES	95	000065D8
DRONES	96	000065D9
DRONES	97	000065DA
DRONES	98	000065DB
DRONES	99	000065DC
DRONES	100	000065DD
DRONES	102	000065DE
DRONES	103	000065DF
DRONES	104	000065E0
DRONES	106	000065E1
DRONES	107	000065E2
DRONES	108	000065E3
DRONES	111	000065E4
DRONES	112	000065E5
DRONES	113	000065E6
DRONES	129	000065E7
DRONES	130	000065E8
DRONES	133	000065E9
DRONES	134	000065EA
DRONES	135	000065EB
DRONES	136	000065EC
DRONES	137	000065ED
DRONES	138	000065EE
DRONES	139	000065EF
DRONES	140	000065F0
DRONES	141	000065F1
DRONES	142	000065F2
DRONES	143	000065F3
DRONES	147	000065F4
DRONES	148	000065F5
DRONES	149	000065F6
DRONES	151	000065F7
DRONES	152	000065F8
DRONES	153	000065F9
DRONES	155	000065FA
DRONES	156	000065FB
DRONES	162	000065FC
DRONES	163	000065FD
DRONES	164	000065FE
DRONES	165	000065FF
DRONES	166	00006600
DRONES	167	00006601
DRONES	168	00006602
DRONES	169	00006603
DRONES	170	00006604
DRONES	171	00006605
DRONES	173	00006606
DRONES	174	00006607
DRONES	175	00006608
DRONES	176	00006609
DRONES	177	0000660A
DRONES	178	0000660B
DRONES	180	0000660C
DRONES	181	0000660D
DRONES	182	0000660E
DRONES	195	0000660F
DRONES	197	00006610
DRONES	198	00006611
DRONES	200	00006612
DRONES	201	00006613
DRONES	202	00006614
DRONES	204	00006615
DRONES	205	00006616
DRONES	206	00006617
DRONES	221	00006618
DRONES	222	00006619
DRONES	223	0000661A
DRONES	225	0000661B
DRONES	228	0000661D
DRONES	229	0000661E
DRONES	230	0000661F
DRONES	231	00006620
DRONES	232	00006621
DRONES	234	00006622
DRONES	236	00006623
DRONES	237	00006624
DRONES	238	00006625
DRONES	241	00006626
DRONES	242	00006627
DRONES	243	00006628
DRONES	245	00006629
DRONES	246	0000662A
DRONES	247	0000662B
DRONES	248	0000662C
DRONES	250	0000662D
DRONES	251	0000662E
DRONES	252	0000662F
DRONES	254	00006630
DRONES	255	00006632
DRONES	256	00006633
DRONES	258	00006634
DRONES	259	00006635
DRONES	260	00006636
DRONES	261	00006637
DRONES	262	00006638
DRONES	264	00006639
DRONES	265	0000663A
DRONES	266	0000663B
DRONES	268	0000663C
DRONES	269	0000663D
DRONES	275	0000663E
DRONES	276	00006641
DRONES	277	00006642
DRONES	278	00006643
DRONES	280	00006645
DRONES	281	00006646
DRONES	282	00006647
DRONES	283	00006648
DRONES	285	00006649
DRONES	286	0000664A
DRONES	287	0000664B
DRONES	288	0000664C
DRONES	289	0000664D
DRONES	290	0000664E
DRONES	293	0000664F
DRONES	294	00006650
DRONES	295	00006651
DRONES	297	00006652
DRONES	316	00006653
DRONES	317	00006654
DRONES	319	00006655
DRONES	320	00006656
DRONES	321	00006657
DRONES	322	00006658
DRONES	323	00006659
DRONES	326	0000665A
DRONES	327	0000665B
DRONES	328	0000665C
DRONES	329	0000665D
DRONES	330	0000665E
DRONES	333	0000665F
DRONES	334	00006660
DRONES	337	00006661
DRONES	338	00006662
DRONES	339	00006663
DRONES	355	00006664
DRONES	357	00006665
DRONES	358	00006667
DRONES	359	00006668
DRONES	360	00006669
DRONES	362	0000666A
DRONES	364	0000666C
DRONES	365	0000666D
DRONES	366	0000666E
DRONES	367	0000666F
DRONES	374	00006670
DRONES	375	00006671
DRONES	376	00006672
DRONES	377	00006673
DRONES	378	00006674
DRONES	379	00006675
DRONES	380	00006676
DRONES	381	00006677
DRONES	382	00006678
DRONES	383	00006679
DRONES	384	0000667A
DRONES	385	0000667B
DRONES	386	0000667D
DRONES	394	0000667E
DRONES	395	0000667F
DRONES	396	00006680
DRONES	397	00006681
DRONES	398	00006682
DRONES	400	00006683
DRONES	401	00006684
DRONES	402	00006685
DRONES	403	00006686
DRONES	405	00006687
DRONES	407	00006688
DRONES	408	00006689
DRONES	409	0000668A
DRONES	411	0000668B
DRONES	412	0000668C
DRONES	413	0000668D
DRONES	415	0000668E
DRONES	416	0000668F
DRONES	417	00006690
DRONES	419	00006691
DRONES	420	00006692
DRONES	421	00006693
DRONES	423	00006694
DRONES	424	00006696
DRONES	425	00006697
DRONES	427	00006698
DRONES	428	00006699
DRONES	429	0000669A
DRONES	430	0000669B
DRONES	431	0000669C
DRONES	433	0000669D
DRONES	434	0000669E
DRONES	435	0000669F
DRONES	437	000066A0
DRONES	438	000066A1
DRONES	442	000066A2
DRONES	443	000066A3
DRONES	444	000066A4
DRONES	447	000066A5
DRONES	448	000066A6
DRONES	450	000066A7
DRONES	451	000066AA
DRONES	460	000066AB
DRONES	461	000066AC
DRONES	463	000066AD
DRONES	464	000066AE
DRONES	465	000066AF
DRONES	467	000066B0
DRONES	468	000066B1
DRONES	469	000066B2
DRONES	471	000066B3
DRONES	472	000066B4
DRONES	474	000066B5
DRONES	475	000066B6
DRONES	480	000066B7
DRONES	481	000066B8
DRONES	482	000066B9
DRONES	483	000066BA
DRONES	484	000066BB
DRONES	485	000066BC
DRONES	486	000066BD
DRONES	487	000066BE
DRONES	489	000066BF
DRONES	490	000066C0
DRONES	491	000066C1
DRONES	492	000066C2
DRONES	493	000066C3
DRONES	494	000066C4
DRONES	495	000066C5
DRONES	496	000066C6
DRONES	497	000066C7
DRONES	498	000066C8
DRONES	499	000066C9
DRONES	500	000066CA
DRONES	501	000066CB
DRONES	502	000066CC
DRONES	503	000066CD
DRONES	504	000066CE
DRONES	506	000066CF
DRONES	507	000066D0
DRONES	508	000066D1
DRONES	522	000066D2
DRONES	523	000066D3
DRONES	524	000066D4
DRONES	525	000066D5
DRONES	527	000066D6
DRONES	528	000066D7
DRONES	529	000066D8
DRONES	530	000066D9
DRONES	531	000066DA
DRONES	532	000066DB
DRONES	533	000066DC
DRONES	535	000066DD
DRONES	536	000066DE
DRONES	537	000066DF
DRONES	538	000066E0
DRONES	540	000066E1
DRONES	541	000066E2
DRONES	542	000066E3
DRONES	544	000066E4
DRONES	545	000066E5
DRONES	546	000066E6
DRONES	560	000066E7
DRONES	561	000066E8
DRONES	562	000066EA
DRONES	563	000066EC
DRONES	564	000066ED
DRONES	565	000066EE
DRONES	566	000066EF
DRONES	567	000066F0
DRONES	568	000066F1
DRONES	569	000066F2
DRONES	570	000066F3
DRONES	571	000066F4
DRONES	577	000066F5
DRONES	578	000066F7
DRONES	579	000066F9
DRONES	580	000066FA
DRONES	594	000066FB
DRONES	595	000066FC
DRONES	597	000066FD
DRONES	598	000066FE
DRONES	599	000066FF
DRONES	600	00006700
DRONES	602	00006701
DRONES	607	00006702
DRONES	608	00006703
DRONES	609	00006704
DRONES	610	00006705
DRONES	634	00006706
DRONES	635	00006708
DRONES	636	0000670A
DRONES	637	0000670B
DRONES	638	0000670C
DRONES	639	0000670D
DRONES	643	0000670E
DRONES	644	00006710
DRONES	645	00006712
DRONES	646	00006713
DRONES	647	00006714
DRONES	648	00006715
DRONES	652	00006716
DRONES	653	00006718
DRONES	654	0000671A
DRONES	655	0000671B
DRONES	656	0000671C
DRONES	657	0000671D
DRONES	660	0000671E
DRONES	661	00006720
DRONES	662	00006722
DRONES	663	00006723
DRONES	666	00006724
DRONES	674	00006725
DRONES	675	00006726
DRONES	676	00006727
DRONES	677	00006728
DRONES	679	00006729
DRONES	680	0000672A
DRONES	681	0000672B
DRONES	682	0000672C
DRONES	686	0000672D
DRONES	687	0000672E
DRONES	688	00006730
DRONES	689	00006732
DRONES	791	00006733
DRONES	792	00006734
DRONES	793	00006736
DRONES	795	00006738
DRONES	797	00006739
DRONES	801	0000673A
DRONES	802	0000673B
DRONES	803	0000673D
DRONES	805	0000673F
DRONES	808	00006740
DRONES	809	00006741
DRONES	810	00006742
DRONES	811	00006743
DRONES	812	00006744
DRONES	813	00006745
DRONES	814	00006746
DRONES	815	00006747
DRONES	817	00006748
DRONES	819	00006749
DRONES	821	0000674A
DRONES	822	0000674B
DRONES	823	0000674C
DRONES	825	0000674D
DRONES	826	0000674E
DRONES	829	0000674F
DRONES	830	00006750
DRONES	831	00006751
DRONES	832	00006752
DRONES	833	00006753
DRONES	839	00006754
DRONES	840	00006755
DRONES	841	00006756
DRONES	842	00006757
DRONES	843	00006758
DRONES	844	00006759
DRONES	846	0000675A
DRONES	847	0000675B
DRONES	849	0000675C
DRONES	850	0000675D
DRONES	852	0000675E
DRONES	853	00006760
DRONES	854	00006762
DRONES	855	00006763
DRONES	858	00006764
DRONES	859	00006765
DRONES	860	00006767
DRONES	862	00006769
DRONES	863	0000676A
DRONES	868	0000676B
DRONES	869	0000676C
DRONES	870	0000676E
DRONES	872	00006770
DRONES	875	00006771
DRONES	876	00006772
DRONES	877	00006773
DRONES	878	00006774
DRONES	879	00006775
DRONES	880	00006776
DRONES	881	00006777
DRONES	882	00006778
DRONES	884	00006779
DRONES	885	0000677A
DRONES	886	0000677B
DRONES	887	0000677C
DRONES	889	0000677D
DRONES	890	0000677E
DRONES	935	0000677F
DRONES	936	00006780
DRONES	937	00006781
DRONES	938	00006782
DRONES	940	00006783
DRONES	941	00006784
DRONES	943	00006785
DRONES	944	00006786
DRONES	945	00006787
DRONES	946	00006788
DRONES	947	00006789
DRONES	948	0000678A
DRONES	950	0000678B
DRONES	951	0000678C
DRONES	964	0000678D
DRONES	965	0000678E
DRONES	966	0000678F
DRONES	967	00006790
DRONES	968	00006791
DRONES	969	00006794
DRONES	970	00006795
DRONES	982	00006796
DRONES	983	00006797
DRONES	984	00006798
DRONES	986	00006799
DRONES	987	0000679A
DRONES	989	0000679B
DRONES	990	0000679C
DRONES	992	0000679D
DRONES	994	0000679E
DRONES	995	0000679F
DRONES	998	000067A0
DRONES	999	000067A1
DRONES	1000	000067A2
DRONES	1007	000067A5
DRONES	1008	000067A6
DRONES	1009	000067A7
DRONES	1010	000067A8
DRONES	1020	000067A9
DRONES	1021	000067AA
DRONES	1022	000067AB
DRONES	1024	000067AC
DRONES	1025	000067AD
DRONES	1026	000067AE
DRONES	1027	000067AF
DRONES	1028	000067B0
DRONES	1030	000067B1
DRONES	1031	000067B2
DRONES	1033	000067B3
DRONES	1034	000067B4
DRONES	1035	000067B5
DRONES	1036	000067B6
DRONES	1037	000067B7
DRONES	1038	000067B8
DRONES	1040	000067B9
DRONES	1041	000067BC
DRONES	1042	000067BD
DRONES	1044	000067BE
DRONES	1045	000067BF
DRONES	1046	000067C0
DRONES	1048	000067C1
DRONES	1049	000067C2
DRONES	1050	000067C3
DRONES	1055	000067C4
DRONES	1056	000067C5
DRONES	1057	000067C6
DRONES	1060	000067C7
DRONES	1061	000067C8
DRONES	1062	000067C9
DRONES	1063	000067CA
DRONES	1064	000067CB
DRONES	1065	000067CC
DRONES	1067	000067CD
DRONES	1068	000067CE
DRONES	1069	000067CF
DRONES	1070	000067D0
DRONES	1072	000067D1
DRONES	1073	000067D2
DRONES	1074	000067D3
DRONES	1076	000067D4
DRONES	1077	000067D6
DRONES	1079	000067D7
DRONES	1080	000067D8
DRONES	1081	000067D9
DRONES	1206	000067DB
DRONES	1207	000067DC
DRONES	1208	000067DD
DRONES	1209	000067DE
DRONES	1215	000067DF
DRONES	1216	000067E0
DRONES	1217	000067E1
DRONES	1218	000067E2
DRONES	1219	000067E3
DRONES	1220	000067E4
DRONES	1221	000067E5
DRONES	1222	000067E6
DRONES	1224	000067E7
DRONES	1225	000067E8
DRONES	1226	000067E9
DRONES	1228	000067EA
DRONES	1229	000067EB
DRONES	1230	000067EC
DRONES	1231	000067ED
DRONES	1236	000067EE
DRONES	1237	000067EF
DRONES	1238	000067F0
DRONES	1239	000067F1
DRONES	1241	000067F2
DRONES	1242	000067F3
DRONES	1243	000067F4
DRONES	1244	000067F5
DRONES	1245	000067F6
DRONES	1246	000067F7
DRONES	1257	000067F8
DRONES	1258	000067F9
DRONES	1259	000067FA
DRONES	1260	000067FB
DRONES	1261	000067FC
DRONES	1263	000067FD
DRONES	1264	000067FE
DRONES	1265	000067FF
DRONES	1266	00006800
DRONES	1267	00006801
DRONES	1268	00006802
DRONES	1270	00006803
DRONES	1271	00006804
DRONES	1272	00006805
DRONES	1273	00006806
DRONES	1275	00006807
DRONES	1276	00006808
DRONES	1277	00006809
DRONES	1280	0000680A
DRONES	1281	0000680B
DRONES	1284	0000680C
DRONES	1285	0000680D
DRONES	1316	0000680E
DRONES	1317	0000680F
DRONES	1318	00006811
DRONES	1319	00006812
DRONES	1320	00006813
DRONES	1321	00006814
DRONES	1322	00006815
DRONES	1324	00006816
DRONES	1327	00006817
DRONES	1328	00006818
DRONES	1329	0000681A
DRONES	1330	0000681B
DRONES	1331	0000681C
DRONES	1332	0000681D
DRONES	1333	0000681E
DRONES	1335	0000681F
DRONES	1336	00006820
DRONES	1337	00006821
DRONES	1338	00006822
DRONES	1342	00006823
DRONES	1343	00006824
DRONES	1344	00006825
DRONES	1346	00006826
DRONES	1347	00006827
DRONES	1348	00006828
DRONES	1349	00006829
DRONES	1350	0000682A
DRONES	1352	0000682B
DRONES	1353	0000682C
DRONES	1354	0000682D
DRONES	1355	0000682E
DRONES	1356	0000682F
DRONES	1359	00006830
DRONES	1360	00006831
DRONES	1361	00006832
DRONES	1362	00006833
DRONES	1363	00006834
DRONES	1364	00006835
DRONES	1365	00006836
DRONES	1366	00006837
DRONES	1367	00006838
DRONES	1369	00006839
DRONES	1370	0000683A
DRONES	1371	0000683B
DRONES	1372	0000683C
DRONES	1374	0000683D
DRONES	1375	0000683E
DRONES	1376	0000683F
DRONES	1377	00006840
DRONES	1381	00006841
DRONES	1382	00006842
DRONES	1384	00006843
DRONES	1386	00006844
DRONES	1387	00006845
DRONES	1388	00006846
DRONES	1389	00006847
DRONES	1390	00006848
DRONES	1391	00006849
DRONES	1392	0000684B
DRONES	1393	0000684C
DRONES	1406	0000684D
DRONES	1407	0000684E
DRONES	1408	0000684F
DRONES	1409	00006850
DRONES	1410	00006851
DRONES	1413	00006852
DRONES	1414	00006853
DRONES	1415	00006854
DRONES	1417	00006855
DRONES	1418	00006856
DRONES	1419	00006857
DRONES	1421	00006858
DRONES	1422	00006859
DRONES	1424	0000685A
DRONES	1425	0000685B
DRONES	1427	0000685C
DRONES	1428	0000685D
DRONES	1431	0000685E
DRONES	1432	0000685F
DRONES	1433	00006860
DRONES	1436	00006861
DRONES	1437	00006862
DRONES	1438	00006863
DRONES	1439	00006864
DRONES	1440	00006865
DRONES	1441	00006866
DRONES	1443	00006867
DRONES	1444	0000686A
DRONES	1445	0000686B
DRONES	1448	0000686C
DRONES	1449	0000686D
DRONES	1450	0000686E
DRONES	1452	0000686F
DRONES	1453	00006870
DRONES	1454	00006871
DRONES	1455	00006872
DRONES	1456	00006873
DRONES	1457	00006874
DRONES	1458	00006875
DRONES	1459	00006876
DRONES	1461	00006877
DRONES	1462	00006878
DRONES	1463	00006879
DRONES	1464	0000687A
DRONES	1466	0000687B
DRONES	1467	0000687C
DRONES	1468	0000687D
DRONES	1470	0000687E
DRONES	1472	0000687F
DRONES	1473	00006880
DRONES	1476	00006881
DRONES	1477	00006882
DRONES	1481	00006883
DRONES	1483	00006884
DRONES	1484	00006885
DRONES	1485	00006886
DRONES	1525	00006888
DRONES	1526	00006889
DRONES	1527	0000688A
DRONES	1528	0000688B
DRONES	1529	0000688C
DRONES	1531	0000688D
DRONES	1532	0000688E
DRONES	1534	0000688F
DRONES	1535	00006890
DRONES	1536	00006891
DRONES	1537	00006892
DRONES	1538	00006893
DRONES	1539	00006894
DRONES	1540	00006895
DRONES	1541	00006896
DRONES	1542	00006897
DRONES	1544	00006898
DRONES	1545	00006899
DRONES	1547	0000689A
DRONES	1548	0000689B
DRONES	1549	0000689C
DRONES	1550	0000689D
DRONES	1551	0000689E
DRONES	1553	0000689F
DRONES	1554	000068A0
DRONES	1555	000068A1
DRONES	1556	000068A2
DRONES	1557	000068A3
DRONES	1559	000068A5
DRONES	1560	000068A6
DRONES	1561	000068A7
DRONES	1562	000068A8
DRONES	1564	000068A9
DRONES	1565	000068AB
DRONES	1566	000068AC
DRONES	1567	000068AD
DRONES	1568	000068AE
DRONES	1570	000068AF
DRONES	1571	000068B1
DRONES	1572	000068B2
DRONES	1573	000068B3
DRONES	1574	000068B4
DRONES	1575	000068B5
DRONES	1577	000068B6
DRONES	1578	000068B8
DRONES	1579	000068B9
DRONES	1580	000068BA
DRONES	1581	000068BB
DRONES	1582	000068BC
DRONES	1585	000068BD
DRONES	1586	000068BE
DRONES	1587	000068BF
DRONES	1588	000068C0
DRONES	1589	000068C1
DRONES	1593	000068C2
DRONES	1594	000068C3
DRONES	1596	000068C4
DRONES	1597	000068C5
DRONES	1600	000068C6
DRONES	1601	000068C7
DRONES	1602	000068C8
DRONES	1603	000068C9
DRONES	1604	000068CA
DRONES	1605	000068CB
DRONES	1608	000068CC
DRONES	1609	000068CD
DRONES	1610	000068CE
DRONES	1612	000068CF
DRONES	1613	000068D0
DRONES	1614	000068D1
DRONES	1616	000068D2
DRONES	1617	000068D3
DRONES	1618	000068D4
DRONES	1621	000068D5
DRONES	1622	000068D6
DRONES	1624	000068D7
DRONES	1625	000068D8
DRONES	1627	000068D9
DRONES	1628	000068DB
DRONES	1629	000068DC
DRONES	1630	000068DD
DRONES	1631	000068DE
DRONES	1633	000068DF
DRONES	1634	000068E1
DRONES	1635	000068E2
DRONES	1636	000068E3
DRONES	1637	000068E4
DRONES	1638	000068E5
DRONES	1641	000068E6
DRONES	1642	000068E7
DRONES	1644	000068E8
DRONES	1645	000068E9
DRONES	1646	000068EA
DRONES	1648	000068EB
DRONES	1649	000068EC
DRONES	1650	000068ED
DRONES	1652	000068EE
DRONES	1653	000068EF
DRONES	1654	000068F0
DRONES	1657	000068F1
DRONES	1658	000068F2
DRONES	1659	000068F3
DRONES	1660	000068F4
DRONES	1661	000068F5
DRONES	1663	000068F6
DRONES	1664	000068F7
DRONES	1668	000068F8
DRONES	1669	000068F9
DRONES	1670	000068FA
DRONES	1671	000068FB
DRONES	1673	000068FC
DRONES	1674	000068FE
DRONES	1675	000068FF
DRONES	1676	00006900
DRONES	1677	00006901
DRONES	1681	00006902
DRONES	1682	00006904
DRONES	1684	00006905
DRONES	1685	00006906
DRONES	1686	00006907
DRONES	1687	00006909
DRONES	1691	0000690A
DRONES	1692	0000690B
DRONES	1696	0000690C
DRONES	1698	0000690D
DRONES	1699	0000690E
DRONES	1700	0000690F
DRONES	1771	0000691F
DRONES	1772	00006920
DRONES	1773	00006921
DRONES	1775	00006922
DRONES	1776	00006923
DRONES	1777	00006924
DRONES	1779	00006925
DRONES	1780	00006926
DRONES	1781	00006927
DRONES	1782	00006928
DRONES	1785	00006929
DRONES	1786	0000692A
DRONES	1788	0000692B
DRONES	1789	0000692C
DRONES	1790	0000692D
DRONES	1791	0000692E
DRONES	1792	0000692F
DRONES	1793	00006930
DRONES	1794	00006931
DRONES	1796	00006932
DRONES	1797	00006933
DRONES	1798	00006934
DRONES	1799	00006935
DRONES	1800	00006936
DRONES	1801	00006937
DRONES	1802	00006938
DRONES	1803	00006939
DRONES	1805	0000693A
DRONES	1806	0000693B
DRONES	1809	0000693C
DRONES	1810	0000693D
DRONES	1811	0000693E
DRONES	1812	0000693F
DRONES	1813	00006940
DRONES	1815	00006941
DRONES	1816	00006942
DRONES	1817	00006943
DRONES	1818	00006944
DRONES	1819	00006945
EFFECTS	61	0000B09F
EFFECTS	62	0000B0A0
EFFECTS	63	0000B0A1
EFFECTS	64	0000B0A4
EFFECTS	70	0000B0A5
EFFECTS	71	0000B0A6
EFFECTS	72	0000B0A7
EFFECTS	73	0000B0AA
EFFECTS	80	0000B0AB
EFFECTS	88	0000B0AC
EFFECTS	219	0000B0AD
EFFECTS	329	0000B0AE
EFFECTS	429	0000B0AF
ERROR	63	0000AB4A
ERROR	64	0000AB4B
ERROR	65	0000AB4C
ERROR	66	0000AB4D
ERROR	67	0000AB4E
ERROR	69	0000AB4F
ERROR	70	0000AB50
ERROR	71	0000AB51
ERROR	72	0000AB52
ERROR	73	0000AB53
ERROR	74	0000AB54
ERROR	75	0000AB55
ERROR	76	0000AB56
ERROR	77	0000AB57
ERROR	78	0000AB58
ERROR	80	0000AB59
ERROR	82	0000AB5A
ERROR	83	0000AB5B
ERROR	84	0000AB5D
ERROR	85	0000AB5E
ERROR	86	0000AB5F
ERROR	88	0000AB60
ERROR	89	0000AB61
ERROR	90	0000AB63
ERROR	91	0000AB64
ERROR	92	0000AB65
ERROR	94	0000AB66
ERROR	95	0000AB67
ERROR	96	0000AB68
ERROR	98	0000AB69
ERROR	99	0000AB6A
ERROR	100	0000AB6B
ERROR	101	0000AB6C
ERROR	102	0000AB6D
ERROR	104	0000AB6E
ERROR	105	0000AB6F
ERROR	106	0000AB70
ERROR	107	0000AB71
ERROR	109	0000AB72
ERROR	110	0000AB73
ERROR	111	0000AB74
ERROR	112	0000AB75
ERROR	113	0000AB76
ERROR	114	0000AB77
ERROR	116	0000AB78
ERROR	117	0000AB79
ERROR	119	0000AB7A
ERROR	120	0000AB7B
ERROR	121	0000AB7C
ERROR	123	0000AB7D
ERROR	125	0000AB7E
ERROR	127	0000AB7F
ERROR	128	0000AB80
ERROR	130	0000AB81
ERROR	131	0000AB82
ERROR	132	0000AB83
ERROR	134	0000AB84
ERROR	135	0000AB85
ERROR	136	0000AB86
ERROR	138	0000AB87
ERROR	139	0000AB88
ERROR	140	0000AB8A
ERROR	141	0000AB8B
ERROR	142	0000AB8C
ERROR	144	0000AB8D
ERROR	145	0000AB8E
ERROR	146	0000AB90
ERROR	147	0000AB91
ERROR	148	0000AB92
ERROR	150	0000AB93
ERROR	151	0000AB94
ERROR	152	0000AB95
ERROR	153	0000AB96
ERROR	154	0000AB97
ERROR	155	0000AB98
ERROR	158	0000AB99
ERROR	159	0000AB9A
ERROR	160	0000AB9B
ERROR	161	0000AB9C
ERROR	162	0000AB9D
ERROR	163	0000AB9E
ERROR	164	0000AB9F
ERROR	165	0000ABA0
ERROR	166	0000ABA1
ERROR	167	0000ABA2
ERROR	169	0000ABA3
ERROR	170	0000ABA4
ERROR	171	0000ABA5
ERROR	172	0000ABA6
ERROR	173	0000ABA7
ERROR	174	0000ABA8
ERROR	187	0000ABA9
ERROR	188	0000ABAA
ERROR	190	0000ABAB
ERROR	191	0000ABAE
ERROR	193	0000ABAF
ERROR	194	0000ABB0
ERROR	195	0000ABB4
ERROR	196	0000ABB8
ERROR	201	0000ABBC
ERROR	202	0000ABBD
ERROR	203	0000ABBE
ERROR	204	0000ABBF
ERROR	207	0000ABC0
ERROR	208	0000ABC1
ERROR	210	0000ABC6
ERROR	212	0000ABC7
ERROR	213	0000ABC8
ERROR	214	0000ABCA
ERROR	215	0000ABCB
ERROR	216	0000ABCC
ERROR	217	0000ABCD
ERROR	220	0000ABD1
ERROR	221	0000ABD2
ERROR	222	0000ABD3
ERROR	224	0000ABD4
ERROR	225	0000ABD5
ERROR	226	0000ABD7
ERROR	227	0000ABD8
ERROR	228	0000ABD9
ERROR	230	0000ABDA
ERROR	231	0000ABDB
ERROR	233	0000ABDC
ERROR	234	0000ABDD
ERROR	237	0000ABDE
ERROR	240	0000ABDF
ERROR	241	0000ABE0
ERROR	242	0000ABE1
ERROR	243	0000ABE2
ERROR	244	0000ABE3
ERROR	245	0000ABE4
ERROR	246	0000ABE5
ERROR	247	0000ABE6
ERROR	248	0000ABE7
ERROR	249	0000ABE8
ERROR	255	0000ABE9
ERROR	256	0000ABEA
ERROR	257	0000ABEB
ERROR	258	0000ABEC
ERROR	259	0000ABED
ERROR	260	0000ABEE
ERROR	262	0000ABEF
ERROR	270	0000ABF0
ERROR	272	0000ABF1
ERROR	273	0000ABF2
ERROR	275	0000ABF3
ERROR	278	0000ABF4
ERROR	279	0000ABF5
ERROR	281	0000ABF6
ERROR	282	0000ABF7
ERROR	283	0000ABF8
ERROR	284	0000ABF9
ERROR	285	0000ABFA
ERROR	286	0000ABFB
ERROR	288	0000ABFC
ERROR	289	0000ABFD
ERROR	290	0000ABFE
ERROR	291	0000ABFF
ERROR	292	0000AC00
ERROR	293	0000AC01
ERROR	295	0000AC02
ERROR	296	0000AC03
ERROR	298	0000AC04
ERROR	300	0000AC05
ERROR	301	0000AC06
ERROR	302	0000AC07
ERROR	307	0000AC08
ERROR	311	0000AC09
ERROR	312	0000AC0A
ERROR	313	0000AC0B
ERROR	315	0000AC0C
ERROR	317	0000AC0D
ERROR	318	0000AC0E
ERROR	320	0000AC0F
ERROR	321	0000AC10
ERROR	322	0000AC11
ERROR	323	0000AC13
ERROR	324	0000AC14
ERROR	325	0000AC15
ERROR	326	0000AC16
ERROR	330	0000AC17
ERROR	331	0000AC18
ERROR	333	0000AC19
ERROR	334	0000AC1A
ERROR	335	0000AC1C
ERROR	336	0000AC1D
ERROR	337	0000AC1E
ERROR	339	0000AC1F
ERROR	342	0000AC20
ERROR	343	0000AC21
ERROR	344	0000AC22
ERROR	347	0000AC23
ERROR	348	0000AC24
ERROR	349	0000AC25
ERROR	350	0000AC26
ERROR	351	0000AC27
ERROR	354	0000AC28
ERROR	355	0000AC29
ERROR	356	0000AC2A
ERROR	357	0000AC2B
FLAME	46	0000ADC3
FLAME	47	0000ADC4
FLAME	48	0000ADC5
FLAME	50	0000ADC6
FLAME	51	0000ADC7
FLAME	52	0000ADC8
FLAME	53	0000ADC9
FLAME	54	0000ADCA
FLAME	55	0000ADCB
FLAME	56	0000ADCC
FLAME	58	0000ADCD
FLAME	59	0000ADCE
FLAME	61	0000ADCF
FLAME	63	0000ADD0
FLAME	64	0000ADD1
FLAME	65	0000ADD2
FLAME	66	0000ADD3
FLAME	67	0000ADD4
FLAME	70	0000ADD5
FLAME	71	0000ADD6
FLAME	72	0000ADD7
FLAME	73	0000ADD8
FLAME	74	0000ADD9
FLAME	75	0000ADDA
FLAME	76	0000ADDB
FLAME	77	0000ADDC
FLAME	78	0000ADDD
FLAME	79	0000ADDE
FLAME	81	0000ADDF
FLAME	82	0000ADE0
FLAME	85	0000ADE1
FLAME	86	0000ADE2
FLAME	87	0000ADE3
FLAME	88	0000ADE4
FLAME	89	0000ADE5
FLAME	90	0000ADE6
FLAME	91	0000ADE7
FLAME	92	0000ADE8
FLAME	93	0000ADE9
FLAME	94	0000ADEA
FLAME	95	0000ADEB
FLAME	96	0000ADEC
FLAME	98	0000ADED
FLAME	99	0000ADEE
FLAME	100	0000ADEF
FLAME	101	0000ADF0
FLAME	103	0000ADF1
FLAME	105	0000ADF2
FLAME	106	0000ADF3
FLAME	107	0000ADF4
FLAME	109	0000ADF5
FLAME	110	0000ADF6
FLAME	111	0000ADF7
FLAME	112	0000ADF8
FLAME	113	0000ADF9
FLAME	115	0000ADFA
FLAME	116	0000ADFB
FLAME	117	0000ADFC
FLAME	118	0000ADFD
FLAME	119	0000ADFE
FLAME	121	0000ADFF
FLAME	122	0000AE00
FLAME	123	0000AE01
FLAME	124	0000AE02
FLAME	125	0000AE03
FLAME	126	0000AE04
FLAME	128	0000AE05
FLAME	129	0000AE07
FLAME	130	0000AE08
FLAME	132	0000AE09
FLAME	133	0000AE0A
FLAME	134	0000AE0B
FLAME	135	0000AE0C
FLAME	136	0000AE0D
FLAME	137	0000AE0E
FLAME	141	0000AE0F
FLAME	156	0000AE10
FLAME	157	0000AE11
FLAME	158	0000AE12
FLAME	159	0000AE13
FLAME	160	0000AE14
FLAME	161	0000AE15
FLAME	163	0000AE16
FLAME	164	0000AE17
FLAME	165	0000AE18
FLAME	166	0000AE19
FLAME	168	0000AE1A
FLAME	169	0000AE1B
FLAME	170	0000AE1C
FLAME	171	0000AE1D
FLAME	172	0000AE1E
FLAME	173	0000AE1F
FLAME	174	0000AE20
FLAME	176	0000AE21
FLAME	177	0000AE22
FLAME	178	0000AE23
FLAME	180	0000AE24
FLAME	181	0000AE25
FLAME	182	0000AE26
FLAME	184	0000AE27
FLAME	185	0000AE28
FLAME	186	0000AE29
FLAME	188	0000AE2A
FLAME	189	0000AE2B
FLAME	190	0000AE2C
FLAME	191	0000AE2D
FLAME	193	0000AE2E
FLAME	194	0000AE2F
FLAME	195	0000AE30
FLAME	196	0000AE31
FLAME	197	0000AE32
FLAME	199	0000AE33
FLAME	200	0000AE34
FLAME	207	0000AE35
FLAME	208	0000AE36
FLAME	209	0000AE37
FLAME	211	0000AE38
FLAME	212	0000AE39
FLAME	213	0000AE3A
FLAME	214	0000AE3B
FLAME	215	0000AE3C
FLAME	216	0000AE3D
FLAME	217	0000AE3E
FLAME	219	0000AE3F
FLAME	220	0000AE40
FLAME	221	0000AE41
FLAME	222	0000AE42
FLAME	223	0000AE43
FLAME	224	0000AE44
FLAME	225	0000AE45
FLAME	226	0000AE46
FLAME	228	0000AE47
FLAME	229	0000AE48
FLAME	230	0000AE49
FLAME	232	0000AE4A
FLAME	234	0000AE4B
FLAME	235	0000AE4C
FLAME	236	0000AE4D
FLAME	239	0000AE4E
FLAME	250	0000AE4F
FLAME	253	0000AE50
FLAME	254	0000AE51
FLAME	255	0000AE52
FLAME	256	0000AE53
FLAME	257	0000AE54
FLAME	259	0000AE55
FLAME	260	0000AE56
FLAME	263	0000AE57
FLAME	264	0000AE58
FLAME	265	0000AE59
FLAME	267	0000AE5A
FLAME	269	0000AE5B
FLAME	270	0000AE5C
FLAME	271	0000AE5D
FLAME	272	0000AE5E
FLAME	273	0000AE5F
FLAME	274	0000AE60
FLAME	275	0000AE61
FLAME	277	0000AE62
FLAME	278	0000AE63
FLAME	279	0000AE64
FLAME	280	0000AE65
FLAME	282	0000AE66
FLAME	283	0000AE67
FLAME	284	0000AE68
FLAME	285	0000AE69
FONT1A	34	0000A75C
FONT1A	42	0000A75E
FONT1A	43	0000A75F
FONT1A	44	0000A760
FONT1A	46	0000A761
FONT1A	47	0000A762
FONT1A	48	0000A764
FONT1A	49	0000A765
FONT1A	50	0000A766
FONT1A	51	0000A767
FONT1A	52	0000A768
FONT1A	54	0000A769
FONT1A	55	0000A76B
FONT1A	56	0000A76C
FONT1A	57	0000A76D
FONT1A	58	0000A76E
FONT1A	59	0000A76F
FONT1A	60	0000A770
FONT1A	61	0000A771
FONT1A	62	0000A772
FONT1A	63	0000A773
FONT1A	64	0000A774
FONT1A	65	0000A775
FONT1A	66	0000A776
FONT1A	67	0000A777
FONT1A	68	0000A778
FONT1A	86	0000A779
FONT1A	87	0000A77A
FONT1A	88	0000A77B
FONT1A	89	0000A77C
FONT1A	90	0000A77D
FONT1A	91	0000A77E
FONT1A	92	0000A77F
FONT1A	93	0000A780
FONT1A	95	0000A781
FONT1A	96	0000A782
FONT1A	97	0000A783
FONT1A	98	0000A784
FONT1A	99	0000A785
FONT1A	100	0000A786
FONT1A	101	0000A787
FONT1A	102	0000A788
FONT1A	104	0000A789
FONT1A	105	0000A78A
FONT1A	106	0000A78B
FONT1A	108	0000A78C
FONT1A	111	0000A78D
FONT1A	112	0000A78E
FONT1A	113	0000A78F
FONT1A	114	0000A790
FONT1A	115	0000A791
FONT1A	116	0000A792
FONT1A	117	0000A793
FONT1A	118	0000A794
FONT1A	119	0000A795
FONT1A	120	0000A796
FONT1A	123	0000A797
FONT1A	124	0000A798
FONT1A	125	0000A799
FONT1A	126	0000A79A
FONT1A	128	0000A79B
FONT1A	130	0000A79C
FONT1A	131	0000A79D
FONT1A	132	0000A79E
FONT1A	133	0000A79F
FONT1A	134	0000A7A0
FONT1A	136	0000A7A1
FONT1A	137	0000A7A2
FONT1A	138	0000A7A3
FONT1A	140	0000A7A4
FONT1A	141	0000A7A5
FONT1A	142	0000A7A6
FONT1A	143	0000A7A7
FONT1A	144	0000A7A8
FONT1A	147	0000A7A9
FONT1A	148	0000A7AA
FONT1A	149	0000A7AB
FONT1A	150	0000A7AC
FONT1A	151	0000A7AD
FONT1A	155	0000A7AE
FONT1A	156	0000A7AF
FONT1A	157	0000A7B0
FONT1A	158	0000A7B1
FONT1A	159	0000A7B2
FONT1A	160	0000A7B3
FONT1A	163	0000A7B4
FONT1A	164	0000A7B5
FONT1A	165	0000A7B6
FONT1A	166	0000A7B7
FONT1A	167	0000A7B8
FONT1A	168	0000A7B9
FONT1A	169	0000A7BA
FONT1A	170	0000A7BB
FONT1A	171	0000A7BC
FONT1A	173	0000A7BD
FONT1A	174	0000A7BE
FONT1A	176	0000A7BF
FONT1A	177	0000A7C0
FONT1A	178	0000A7C1
FONT1A	179	0000A7C2
FONT1A	181	0000A7C3
FONT1A	184	0000A7C4
FONT1A	185	0000A7C5
FONT1A	186	0000A7C6
FONT1A	187	0000A7C7
FONT1A	188	0000A7C8
FONT1A	189	0000A7C9
FONT1A	190	0000A7CA
FONT1A	191	0000A7CB
FONT1A	192	0000A7CC
FONT1A	193	0000A7CD
FONT1A	194	0000A7CE
FONT1A	197	0000A7CF
FONT1A	198	0000A7D0
FONT1A	199	0000A7D1
FONT1A	200	0000A7D2
FONT1A	204	0000A7D3
FONT1A	205	0000A7D4
FONT1A	206	0000A7D5
FONT1A	207	0000A7D6
FONT1A	222	0000A7D7
FONT1A	223	0000A7D8
FONT1A	224	0000A7D9
FONT1A	225	0000A7DA
FONT1A	226	0000A7DB
FONT1A	227	0000A7DC
FONT1A	228	0000A7DD
FONT1A	229	0000A7DE
FONT1A	230	0000A7DF
FONT1A	231	0000A7E0
FONT1A	234	0000A7E1
FONT1A	235	0000A7E2
FONT1A	239	0000A7E3
FONT1A	241	0000A7E4
FONT1A	242	0000A7E5
FONT1A	243	0000A7E6
FONT1A	244	0000A7E7
FONT1A	245	0000A7E8
FONT1A	246	0000A7E9
FONT1A	247	0000A7EA
FONT1A	249	0000A7EB
FONT1A	250	0000A7EC
FONT1A	251	0000A7ED
FONT1A	252	0000A7EE
FONT1A	254	0000A7EF
FONT1A	255	0000A7F0
FONT1A	257	0000A7F1
FONT1A	258	0000A7F2
FONT1A	259	0000A7F3
FONT1A	260	0000A7F4
FONT1A	261	0000A7F5
FONT1A	262	0000A7F6
FONT1A	263	0000A7F7
FONT1A	264	0000A7F8
FONT1A	265	0000A7F9
FONT1A	267	0000A7FA
FONT1A	268	0000A7FB
FONT1A	270	0000A7FC
FONT1A	271	0000A7FD
FONT1A	272	0000A7FE
FONT1A	273	0000A7FF
FONT1A	275	0000A800
FONT1A	278	0000A801
FONT1A	279	0000A802
FONT1A	280	0000A803
FONT1A	281	0000A804
FONT1A	282	0000A805
FONT1A	283	0000A806
FONT1A	284	0000A807
FONT1A	285	0000A808
FONT1A	286	0000A809
FONT1A	287	0000A80A
FONT1A	288	0000A80B
FONT1A	290	0000A80C
FONT1A	291	0000A80D
FONT1A	292	0000A80E
FONT1A	293	0000A80F
FONT1A	314	0000A810
FONT1A	316	0000A811
FONT1A	317	0000A812
FONT1A	319	0000A813
FONT1A	321	0000A814
FONT1A	322	0000A815
FONT1A	323	0000A816
FONT1A	324	0000A817
FONT1A	325	0000A818
FONT1A	326	0000A819
FONT1A	328	0000A81A
FONT1A	329	0000A81B
FONT1A	330	0000A81C
FONT1A	331	0000A81D
FONT1A	332	0000A81E
FONT1A	351	0000A81F
FONT1A	352	0000A820
FONT1A	354	0000A821
FONT1A	355	0000A822
FONT1A	356	0000A823
FONT1A	357	0000A824
FONT1A	358	0000A825
FONT1A	359	0000A826
FONT1A	361	0000A827
FONT1A	362	0000A828
FONT1A	363	0000A829
FONT1A	364	0000A82A
FONT1A	365	0000A82B
FONT1A	366	0000A82C
FONT1A	367	0000A82D
FONT1A	368	0000A82E
FONT1A	369	0000A82F
FONT1A	372	0000A830
FONT1A	373	0000A831
FONT1A	376	0000A832
FONT1A	378	0000A833
FONT1A	379	0000A834
FONT1A	380	0000A835
FONT1A	381	0000A836
FONT1A	382	0000A837
FONT1A	384	0000A838
FONT1A	385	0000A839
FONT1A	386	0000A83A
FONT1A	388	0000A83B
FONT1A	389	0000A83C
FONT1A	390	0000A83D
FONT1A	391	0000A83E
FONT1A	393	0000A83F
FONT1A	394	0000A840
FONT1A	395	0000A841
FONT1A	398	0000A842
FONT1A	399	0000A843
FONT1A	400	0000A844
FONT1A	402	0000A845
FONT1A	403	0000A846
FONT1A	405	0000A847
FONT1A	406	0000A848
FONT1A	408	0000A849
FONT1A	409	0000A84A
FONT1A	410	0000A84B
FONT1A	413	0000A84C
FONT1A	414	0000A84D
FONT1A	415	0000A84E
FONT1A	437	0000A84F
FONT1A	438	0000A850
FONT1A	439	0000A851
FONT1A	441	0000A852
FONT1A	443	0000A853
FONT1A	444	0000A854
FONT1A	445	0000A855
FONT1A	447	0000A856
FONT1A	448	0000A857
FONT1A	449	0000A858
FONT1A	450	0000A859
FONT1A	452	0000A85A
FONT1A	453	0000A85B
FONT1A	455	0000A85C
FONT1A	456	0000A85D
FONT1A	457	0000A85E
FONT1A	458	0000A85F
FONT1A	460	0000A860
FONT1A	461	0000A861
FONT1A	462	0000A862
FONT1A	463	0000A863
FONT1A	464	0000A864
FONT1A	465	0000A865
FONT1A	467	0000A866
FONT1A	469	0000A867
FONT1A	470	0000A868
FONT1A	471	0000A869
FONT1A	472	0000A86A
HEADS	30	0000A1A4
HEADS	32	0000A1A5
HEADS	33	0000A1A6
HEADS	34	0000A1A7
HEADS	36	0000A1A8
HEADS	37	0000A1A9
HEADS	38	0000A1AA
HEADS	41	0000A1AB
HEADS	43	0000A1AC
HEADS	44	0000A1AD
HEADS	45	0000A1AE
HEADS	50	0000A1AF
HEADS	51	0000A1B0
HEADS	53	0000A1B1
HEADS	54	0000A1B2
HEADS	56	0000A1B3
HEADS	57	0000A1B4
HEADS	58	0000A1B5
HEADS	60	0000A1B6
HEADS	61	0000A1B7
HEADS	62	0000A1B8
HEADS	63	0000A1B9
HEADS	64	0000A1BA
HEADS	65	0000A1BB
HEADS	66	0000A1BC
HEADS	69	0000A1BD
HEADS	70	0000A1BF
HEADS	92	0000A1CC
HEADS	94	0000A1CD
HEADS	95	0000A1CE
HEADS	96	0000A1CF
HEADS	97	0000A1D0
HEADS	98	0000A1D1
HEADS	101	0000A1D2
HEADS	102	0000A1D3
HEADS	105	0000A1D4
HEADS	106	0000A1D9
HEADS	107	0000A1DE
HEADS	109	0000A1DF
HEADS	110	0000A1E0
HEADS	111	0000A1E1
HEADS	112	0000A1E2
HEADS	115	0000A1E3
HEADS	117	0000A1E4
HEADS	121	0000A1E5
HEADS	122	0000A1E6
HEADS	123	0000A1E7
HEADS	124	0000A1E8
HEADS	127	0000A1E9
HEADS	129	0000A1EA
HEADS	130	0000A1EB
HEADS	131	0000A1EC
HEADS	132	0000A1ED
HEADS	133	0000A1EE
HEADS	135	0000A1EF
HEADS	137	0000A1F0
HEADS	138	0000A1F1
HEADS	139	0000A1F2
HEADS	140	0000A1F3
HEADS	141	0000A1F4
HEADS	143	0000A1F5
HEADS	144	0000A1F6
HEADS	145	0000A1F7
HEADS	148	0000A1F8
HEADS	149	0000A1F9
HEADS	151	0000A1FA
HEADS	152	0000A1FB
HEADS	160	0000A1FC
HEADS	163	0000A1FD
HEADS	164	0000A1FE
HEADS	165	0000A1FF
HEADS	166	0000A200
HEADS	167	0000A201
HEADS	168	0000A202
HEADS	170	0000A203
HEADS	172	0000A204
HEADS	173	0000A205
HEADS	174	0000A206
HEADS	176	0000A207
HEADS	177	0000A208
HEADS	178	0000A209
HEADS	179	0000A20A
HEADS	182	0000A20B
HEADS	184	0000A20C
HEADS	185	0000A20E
HEADS	191	0000A20F
HEADS	193	0000A210
HEADS	194	0000A211
HEADS	195	0000A212
HEADS	196	0000A213
HEADS	197	0000A214
HEADS	207	0000A215
HEADS	208	0000A21B
HEADS	212	0000A21C
HEADS	213	0000A21D
HEADS	215	0000A21E
HEADS	216	0000A21F
HEADS	217	0000A220
HEADS	218	0000A221
HEADS	219	0000A222
HEADS	222	0000A223
HEADS	223	0000A224
HEADS	224	0000A225
HEADS	225	0000A226
HEADS	226	0000A227
HEADS	227	0000A228
HEADS	228	0000A229
HEADS	229	0000A22A
HEADS	230	0000A22B
HEADS	231	0000A22C
HEADS	232	0000A22D
HEADS	234	0000A22E
HEADS	236	0000A230
HEADS	239	0000A233
HEADS	242	0000A236
HEADS	243	0000A237
HEADS	245	0000A238
HEADS	246	0000A239
HEADS	248	0000A23A
HEADS	249	0000A23B
HEADS	250	0000A23C
HEADS	252	0000A23D
HEADS	254	0000A23E
HEADS	255	0000A23F
HEADS	256	0000A240
HEADS	257	0000A241
HEADS	258	0000A243
HEADS	259	0000A244
HEADS	262	0000A245
HEADS	264	0000A246
HEADS	265	0000A247
HEADS	266	0000A248
HEADS	267	0000A249
HEADS	269	0000A24A
HEADS	270	0000A24B
HEADS	272	0000A24C
HEADS	275	0000A24D
HEADS	276	0000A24E
HEADS	277	0000A24F
HEADS	278	0000A250
HEADS	279	0000A251
HEADS	280	0000A252
HEADS	281	0000A253
HEADS	285	0000A254
HEADS	286	0000A255
HEADS	287	0000A256
HEADS	288	0000A257
HEADS	289	0000A258
HEADS	290	0000A259
HEADS	291	0000A25A
HEADS	292	0000A25B
HEADS	297	0000A25C
HEADS	298	0000A25D
HEADS	300	0000A25E
HEADS	301	0000A25F
HEADS	302	0000A260
HEADS	303	0000A262
HEADS	304	0000A263
HEADS	305	0000A264
HEADS	309	0000A265
HEADS	310	0000A266
HEADS	312	0000A267
HEADS	314	0000A268
HEADS	315	0000A269
HEADS	316	0000A26A
HEADS	317	0000A26B
HEADS	318	0000A26C
HEADS	320	0000A26D
HEADS	321	0000A26E
HEADS	322	0000A26F
HEADS	323	0000A270
HEADS	324	0000A271
HEADS	325	0000A274
HEADS	326	0000A275
HEADS	327	0000A276
HEADS	329	0000A277
HEADS	331	0000A279
HEADS	332	0000A27A
HEADS	333	0000A27B
HEADS	334	0000A27C
HEADS	335	0000A27D
HEADS	336	0000A27E
HEADS	338	0000A27F
HEADS	339	0000A280
HEADS	340	0000A281
HEADS	341	0000A282
HEADS	342	0000A283
HEADS	343	0000A284
HEADS	344	0000A285
HEADS	350	0000A286
HEADS	351	0000A287
HEADS	353	0000A288
HEADS	354	0000A289
HEADS	355	0000A28A
HEADS	356	0000A28B
HEADS	357	0000A28C
HEADS	361	0000A28D
HEADS	362	0000A28E
HEADS	363	0000A28F
HEADS	364	0000A290
HEADS	365	0000A291
HEADS	366	0000A294
HEADS	367	0000A295
HEADS	368	0000A296
HEADS	373	0000A298
HEADS	374	0000A29A
HEADS	375	0000A29B
HEADS	376	0000A29C
HEADS	377	0000A29D
HEADS	379	0000A29E
HEADS	380	0000A29F
HEADS	381	0000A2A0
HEADS	382	0000A2A1
HEADS	386	0000A2A2
HEADS	387	0000A2A3
HEADS	388	0000A2A4
HEADS	389	0000A2A5
HEADS	391	0000A2A6
HEADS	394	0000A2A7
HEADS	395	0000A2A8
HEADS	399	0000A2A9
HEADS	400	0000A2AA
HEADS	401	0000A2AB
HEADS	402	0000A2AC
HEADS	403	0000A2AD
HEADS	405	0000A2AE
HEADS	408	0000A2AF
HEADS	409	0000A2B0
HEADS	410	0000A2B1
HEADS	411	0000A2B2
HEADS	414	0000A2B3
HEADS	415	0000A2B4
HEADS	416	0000A2B5
HEADS	417	0000A2B6
HEADS	418	0000A2B7
HEADS	419	0000A2B8
HEADS	423	0000A2B9
HEADS	424	0000A2BA
HEADS	425	0000A2BB
HEADS	426	0000A2BC
HEADS	448	0000A2C0
HEADS	449	0000A2C1
HEADS	451	0000A2C2
HEADS	452	0000A2C3
HEADS	453	0000A2C4
HEADS	455	0000A2C5
HEADS	456	0000A2C6
HEADS	457	0000A2C7
HEADS	460	0000A2C8
HEADS	461	0000A2C9
HEADS	462	0000A2CA
HEADS	463	0000A2CB
HEADS	464	0000A2CC
HEADS	465	0000A2CD
HEADS	466	0000A2CE
HEADS	469	0000A2CF
HEADS	470	0000A2D0
HEADS	471	0000A2D1
HEADS	472	0000A2D2
HEADS	473	0000A2D3
HEADS	474	0000A2D4
HEADS	475	0000A2D5
HOTTUB	41	000089A2
HOTTUB	43	000089A3
HOTTUB	45	000089A4
HOTTUB	46	000089A5
HOTTUB	48	000089A6
HOTTUB	49	000089A7
HOTTUB	50	000089A8
HOTTUB	52	000089A9
HOTTUB	53	000089AA
HOTTUB	57	000089AB
HOTTUB	60	000089AC
HOTTUB	61	000089AD
HOTTUB	62	000089AE
HOTTUB	63	000089AF
HOTTUB	64	000089B0
HOTTUB	65	000089B1
HOTTUB	66	000089B2
HOTTUB	69	000089B3
HOTTUB	70	000089B4
HOTTUB	71	000089B5
HOTTUB	72	000089B6
HOTTUB	73	000089B7
HOTTUB	74	000089B8
HOTTUB	78	000089B9
HOTTUB	79	000089BA
HOTTUB	81	000089BB
HOTTUB	82	000089BC
HOTTUB	83	000089BD
HOTTUB	84	000089BE
HOTTUB	88	000089BF
HOTTUB	89	000089C4
HOTTUB	90	000089C9
HOTTUB	92	000089CA
HOTTUB	93	000089CB
HOTTUB	94	000089CC
HOTTUB	95	000089CD
HOTTUB	97	000089CE
HOTTUB	98	000089CF
HOTTUB	99	000089D0
HOTTUB	100	000089D1
HOTTUB	102	000089D2
HOTTUB	103	000089D3
HOTTUB	108	000089D4
HOTTUB	109	000089D5
HOTTUB	110	000089D6
HOTTUB	113	000089D7
HOTTUB	114	000089D9
HOTTUB	117	000089DB
HOTTUB	118	000089DC
HOTTUB	119	000089DD
HOTTUB	120	000089DE
HOTTUB	121	000089DF
HOTTUB	123	000089E0
HOTTUB	124	000089E3
HOTTUB	125	000089E4
HOTTUB	126	000089E5
HOTTUB	129	000089E6
HOTTUB	130	000089E7
HOTTUB	131	000089E8
HOTTUB	132	000089E9
HOTTUB	133	000089EA
HOTTUB	134	000089EB
HOTTUB	135	000089EE
HOTTUB	137	000089F1
HOTTUB	138	000089F2
HOTTUB	139	000089F3
HOTTUB	140	000089F4
HOTTUB	141	000089F5
HOTTUB	142	000089F6
HOTTUB	143	000089F9
HOTTUB	145	000089FC
HOTTUB	147	000089FF
HOTTUB	150	00008A01
HOTTUB	151	00008A02
HOTTUB	152	00008A03
HOTTUB	153	00008A04
HOTTUB	154	00008A05
HOTTUB	157	00008A08
HOTTUB	158	00008A09
HOTTUB	159	00008A0A
HOTTUB	161	00008A0B
HOTTUB	163	00008A0D
HOTTUB	165	00008A10
HOTTUB	166	00008A12
HOTTUB	167	00008A13
HOTTUB	169	00008A14
HOTTUB	170	00008A16
HOTTUB	171	00008A17
HOTTUB	173	00008A18
HOTTUB	176	00008A19
HOTTUB	178	00008A1A
HOTTUB	179	00008A1B
HOTTUB	180	00008A1C
HOTTUB	182	00008A1D
HOTTUB	183	00008A1E
HOTTUB	184	00008A1F
HOTTUB	186	00008A20
HOTTUB	187	00008A21
HOTTUB	188	00008A22
HOTTUB	189	00008A23
HOTTUB	190	00008A24
HOTTUB	191	00008A25
HOTTUB	193	00008A26
HOTTUB	194	00008A28
HOTTUB	195	00008A29
HOTTUB	197	00008A2B
HOTTUB	199	00008A2C
HOTTUB	200	00008A2D
HOTTUB	201	00008A2E
HOTTUB	202	00008A2F
HOTTUB	203	00008A30
HOTTUB	205	00008A31
HOTTUB	207	00008A33
HOTTUB	210	00008A35
HOTTUB	211	00008A37
HOTTUB	213	00008A39
HOTTUB	215	00008A3A
HOTTUB	217	00008A3B
HOTTUB	218	00008A3C
HOTTUB	219	00008A3D
HOTTUB	220	00008A3E
HOTTUB	221	00008A3F
HOTTUB	222	00008A40
HOTTUB	224	00008A41
HOTTUB	225	00008A42
HOTTUB	226	00008A43
HOTTUB	227	00008A45
HOTTUB	228	00008A46
HOTTUB	229	00008A47
HOTTUB	232	00008A48
HOTTUB	233	00008A4A
HOTTUB	263	00008A4B
HOTTUB	271	00008A4F
HOTTUB	272	00008A50
HOTTUB	273	00008A51
HOTTUB	274	00008A52
HOTTUB	275	00008A53
HOTTUB	277	00008A54
HOTTUB	278	00008A55
HOTTUB	279	00008A56
HOTTUB	281	00008A57
HOTTUB	282	00008A58
HOTTUB	288	00008A59
HOTTUB	289	00008A5A
HOTTUB	290	00008A5B
HOTTUB	292	00008A5C
HOTTUB	293	00008A5D
HOTTUB	295	00008A5E
HOTTUB	296	00008A5F
HOTTUB	299	00008A60
HOTTUB	300	00008A61
HOTTUB	301	00008A62
HOTTUB	303	00008A63
HOTTUB	304	00008A64
HOTTUB	305	00008A65
HOTTUB	306	00008A66
HOTTUB	307	00008A67
HOTTUB	309	00008A68
HOTTUB	310	00008A69
HOTTUB	312	00008A6A
HOTTUB	313	00008A6B
HOTTUB	314	00008A6C
HOTTUB	315	00008A6E
HOTTUB	322	00008A6F
HOTTUB	323	00008A71
HOTTUB	324	00008A73
HOTTUB	325	00008A75
HOTTUB	326	00008A77
HOTTUB	327	00008A79
HOTTUB	328	00008A7B
HOTTUB	329	00008A7D
HOTTUB	330	00008A7F
HOTTUB	331	00008A81
HOTTUB	332	00008A83
HOTTUB	333	00008A85
HOTTUB	334	00008A87
HOTTUB	335	00008A89
HOTTUB	336	00008A8B
HOTTUB	337	00008A8D
HOTTUB	338	00008A8F
HOTTUB	339	00008A91
HOTTUB	340	00008A93
HOTTUB	341	00008A95
HOTTUB	342	00008A97
HOTTUB	343	00008A99
HOTTUB	344	00008A9B
HOTTUB	352	00008A9C
HOTTUB	354	00008A9D
HOTTUB	355	00008A9E
HOTTUB	357	00008A9F
HOTTUB	358	00008AA0
HOTTUB	360	00008AA1
HOTTUB	361	00008AA2
HOTTUB	362	00008AA3
HOTTUB	363	00008AA4
HOTTUB	367	00008AA5
HOTTUB	368	00008AA6
HOTTUB	370	00008AA7
HOTTUB	371	00008AA8
HOTTUB	373	00008AA9
HOTTUB	374	00008AAA
HOTTUB	376	00008AAB
HOTTUB	377	00008AAC
HOTTUB	379	00008AAD
HOTTUB	380	00008AAE
HOTTUB	382	00008AAF
HOTTUB	383	00008AB0
HOTTUB	387	00008AB1
HOTTUB	388	00008AB2
HOTTUB	390	00008AB3
HOTTUB	391	00008AB4
HOTTUB	392	00008AB5
HOTTUB	393	00008AB6
HOTTUB	395	00008AB7
HOTTUB	396	00008AB8
HOTTUB	400	00008AB9
HOTTUB	423	00008AE4
HOTTUB	432	00008AE5
HOTTUB	433	00008AE6
HOTTUB	434	00008AE7
HOTTUB	435	00008AE8
HOTTUB	439	00008AE9
HOTTUB	440	00008AEA
HOTTUB	441	00008AED
HOTTUB	442	00008AEE
HOTTUB	444	00008AEF
HOTTUB	446	00008AF0
HOTTUB	447	00008AF1
HOTTUB	449	00008AF2
HOTTUB	450	00008AF3
HOTTUB	451	00008AF4
HOTTUB	454	00008AF5
HOTTUB	455	00008AF6
HOTTUB	456	00008AF9
HOTTUB	457	00008AFA
HOTTUB	462	00008AFB
HOTTUB	463	00008AFC
HOTTUB	464	00008AFD
HOTTUB	465	00008B00
HOTTUB	466	00008B01
HOTTUB	469	00008B02
HOTTUB	470	00008B03
HOTTUB	471	00008B04
HOTTUB	472	00008B07
HOTTUB	473	00008B08
HOTTUB	476	00008B09
HOTTUB	477	00008B0A
HOTTUB	478	00008B0B
HOTTUB	479	00008B0C
HOTTUB	480	00008B0F
HOTTUB	481	00008B10
HOTTUB	484	00008B11
HOTTUB	485	00008B12
HOTTUB	486	00008B13
HOTTUB	487	00008B16
HOTTUB	488	00008B17
HOTTUB	490	00008B18
HOTTUB	491	00008B19
HOTTUB	492	00008B1A
HOTTUB	493	00008B1D
HOTTUB	494	00008B1E
HOTTUB	498	00008B1F
HOTTUB	500	00008B20
HOTTUB	501	00008B21
HOTTUB	502	00008B22
HOTTUB	504	00008B23
HOTTUB	505	00008B24
HOTTUB	506	00008B26
HOTTUB	508	00008B27
HOTTUB	509	00008B29
HOTTUB	510	00008B2A
HOTTUB	511	00008B2B
HOTTUB	519	00008B2C
HOTTUB	520	00008B2E
HOTTUB	521	00008B2F
HOTTUB	522	00008B30
HOTTUB	525	00008B31
HOTTUB	528	00008B32
HOTTUB	529	00008B33
HOTTUB	531	00008B34
HOTTUB	532	00008B35
HOTTUB	533	00008B36
HOTTUB	534	00008B38
HOTTUB	536	00008B39
HOTTUB	538	00008B3A
HOTTUB	539	00008B3B
HOTTUB	540	00008B3D
HOTTUB	541	00008B3E
HOTTUB	542	00008B3F
HOTTUB	552	00008B42
HOTTUB	553	00008B43
HOTTUB	554	00008B44
HOTTUB	556	00008B45
HOTTUB	558	00008B47
HOTTUB	559	00008B48
HOTTUB	560	00008B49
HOTTUB	561	00008B4A
HOTTUB	564	00008B4B
HOTTUB	565	00008B4C
HOTTUB	566	00008B4D
HOTTUB	567	00008B4E
HOTTUB	568	00008B51
HOTTUB	571	00008B54
HOTTUB	572	00008B55
HOTTUB	573	00008B56
HOTTUB	574	00008B57
HOTTUB	575	00008B58
HOTTUB	590	00008B59
HOTTUB	591	00008B5A
HOTTUB	592	00008B5B
HOTTUB	593	00008B5C
HOTTUB	602	00008B5D
HOTTUB	603	00008B5E
HOTTUB	604	00008B60
HOTTUB	605	00008B61
HOTTUB	606	00008B62
HOTTUB	607	00008B63
HOTTUB	609	00008B64
HOTTUB	611	00008B66
HOTTUB	612	00008B67
HOTTUB	614	00008B68
HOTTUB	615	00008B69
HOTTUB	616	00008B6A
HOTTUB	617	00008B6B
HOTTUB	618	00008B6C
HOTTUB	619	00008B6D
HOTTUB	621	00008B6E
HOTTUB	622	00008B6F
HOTTUB	623	00008B70
HOTTUB	625	00008B71
HOTTUB	626	00008B72
HOTTUB	629	00008B73
HOTTUB	630	00008B75
HOTTUB	631	00008B76
HOTTUB	633	00008B77
HOTTUB	634	00008B78
HOTTUB	637	00008B79
HOTTUB	638	00008B7A
HOTTUB	640	00008B7B
HOTTUB	642	00008B7C
HOTTUB	643	00008B7D
HOTTUB	644	00008B7E
HOTTUB	646	00008B7F
HOTTUB	647	00008B80
HOTTUB	649	00008B81
HOTTUB	651	00008B83
HOTTUB	652	00008B84
HOTTUB	653	00008B85
HOTTUB	654	00008B86
HOTTUB	655	00008B87
HOTTUB	657	00008B89
HOTTUB	658	00008B8A
HOTTUB	659	00008B8B
HOTTUB	660	00008B8C
HOTTUB	661	00008B8D
HOTTUB	662	00008B8F
HOTTUB	665	00008B90
HOTTUB	666	00008B91
HOTTUB	667	00008B92
HOTTUB	668	00008B93
HOTTUB	669	00008B95
HOTTUB	671	00008B96
HOTTUB	674	00008B98
HOTTUB	676	00008B99
HOTTUB	677	00008B9A
HOTTUB	679	00008B9B
HOTTUB	680	00008B9D
HOTTUB	684	00008B9E
HOTTUB	685	00008B9F
HOTTUB	686	00008BA1
HOTTUB	687	00008BA2
HOTTUB	688	00008BA3
HOTTUB	689	00008BA4
HOTTUB	693	00008BA5
HOTTUB	694	00008BA8
HOTTUB	695	00008BA9
HOTTUB	696	00008BAA
HOTTUB	701	00008BAE
HOTTUB	703	00008BAF
HOTTUB	704	00008BB0
HOTTUB	705	00008BB1
HOTTUB	706	00008BB2
HOTTUB	708	00008BB4
HOTTUB	709	00008BB5
HOTTUB	710	00008BB6
HOTTUB	711	00008BB7
HOTTUB	713	00008BB9
HOTTUB	714	00008BBA
HOTTUB	715	00008BBB
HOTTUB	716	00008BBC
HOTTUB	718	00008BBE
HOTTUB	720	00008BBF
HOTTUB	721	00008BC0
HOTTUB	722	00008BC1
HOTTUB	723	00008BC2
HOTTUB	724	00008BC4
HOTTUB	730	00008BC5
HOTTUB	774	00008BD5
HOTTUB	775	00008BD7
HOTTUB	776	00008BD8
HOTTUB	778	00008BD9
HOTTUB	779	00008BDA
HOTTUB	781	00008BDB
HOTTUB	782	00008BDC
HOTTUB	783	00008BDD
HOTTUB	784	00008BDE
HOTTUB	785	00008BDF
HOTTUB	786	00008BE0
HOTTUB	788	00008BE1
HOTTUB	789	00008BE2
HOTTUB	790	00008BE3
HOTTUB	792	00008BE4
HOTTUB	793	00008BE5
HOTTUB	794	00008BE6
HOTTUB	795	00008BE7
HOTTUB	799	00008BE8
HOTTUB	800	00008BE9
HOTTUB	802	00008BEA
HOTTUB	803	00008BEB
HOTTUB	804	00008BEC
HOTTUB	805	00008BED
HOTTUB	806	00008BEE
HOTTUB	807	00008BEF
HOTTUB	810	00008BF0
HOTTUB	811	00008BF2
HOTTUB	815	00008BF3
HOTTUB	817	00008BF4
HOTTUB	819	00008BF5
HOTTUB	820	00008BF6
HOTTUB	821	00008BF7
HOTTUB	823	00008BF8
HOTTUB	824	00008BFA
HOTTUB	826	00008BFB
HOTTUB	830	00008BFD
HOTTUB	832	00008BFE
HOTTUB	833	00008BFF
HOTTUB	834	00008C00
HOTTUB	836	00008C01
HOTTUB	838	00008C03
HOTTUB	839	00008C04
HOTTUB	840	00008C05
HOTTUB	841	00008C06
HOTTUB	842	00008C08
HOTTUB	845	00008C09
HOTTUB	846	00008C0A
HOTTUB	847	00008C0B
HPMATH	19	0000B04A
HPMATH	34	0000B04B
HPMATH	35	0000B04C
HPMATH	36	0000B04D
HPMATH	37	0000B04E
HPMATH	39	0000B04F
HPMATH	40	0000B050
HPMATH	41	0000B051
HPMATH	42	0000B052
HPMATH	43	0000B053
HPMATH	44	0000B054
HPMATH	46	0000B055
HPMATH	47	0000B056
HPMATH	48	0000B057
HPMATH	49	0000B058
HPMATH	50	0000B059
HPMATH	52	0000B05A
HPMATH	53	0000B05B
HPMATH	54	0000B05C
HPMATH	55	0000B05D
HPMATH	56	0000B05E
HPMATH	57	0000B05F
HPMATH	59	0000B060
HPMATH	60	0000B061
HPMATH	61	0000B062
HPMATH	62	0000B063
HPMATH	63	0000B064
HPMATH	64	0000B065
HPMATH	65	0000B066
HPMATH	66	0000B067
HPMATH	67	0000B068
HPMATH	68	0000B069
HPMATH	69	0000B06A
HPMATH	70	0000B06B
HPMATH	71	0000B06C
HPMATH	72	0000B06D
HPMATH	73	0000B06E
HPMATH	74	0000B06F
HPMATH	77	0000B070
HPMATH	78	0000B071
HPMATH	90	0000B072
HPMATH	105	0000B073
HPMATH	107	0000B074
HPMATH	108	0000B075
HPMATH	109	0000B076
HPMATH	110	0000B077
HPMATH	111	0000B078
HPMATH	112	0000B079
HPMATH	113	0000B07A
HPMATH	114	0000B07B
HPMATH	115	0000B07C
HPMATH	116	0000B07D
HPMATH	118	0000B07E
HPMATH	119	0000B07F
HPMATH	120	0000B080
HPMATH	121	0000B081
HPMATH	122	0000B082
HPMATH	123	0000B083
HPMATH	124	0000B084
HPMATH	125	0000B085
HPMATH	126	0000B086
HPMATH	127	0000B087
HPMATH	128	0000B088
HPMATH	130	0000B089
HPMATH	131	0000B08A
HPMATH	132	0000B08B
HPMATH	133	0000B08C
HPMATH	134	0000B08D
HPMATH	135	0000B08E
HPMATH	136	0000B08F
HPMATH	137	0000B090
HPMATH	138	0000B091
HPMATH	139	0000B092
HPMATH	140	0000B093
HPMATH	141	0000B094
HPMATH	142	0000B095
HPMATH	143	0000B096
HPMATH	144	0000B097
HPMATH	145	0000B098
HPMATH	148	0000B099
HPMATH	149	0000B09A
HSTDP	109	000031A6
HSTDP	110	000031A7
HSTDP	111	000031A8
HSTDP	113	000031AC
HSTDP	115	000031AD
HSTDP	116	000031AE
HSTDP	118	000031AF
HSTDP	120	000031B0
HSTDP	121	000031B1
HSTDP	122	000031B2
HSTDP	123	000031B3
HSTDP	124	000031B4
HSTDP	126	000031B5
HSTDP	127	000031B7
HSTDP	131	000031B8
HSTDP	132	000031B9
HSTDP	134	000031BA
HSTDP	135	000031BB
HSTDP	137	000031BD
HSTDP	138	000031BE
HSTDP	140	000031BF
HSTDP	141	000031C0
HSTDP	143	000031C1
HSTDP	144	000031C2
HSTDP	145	000031C3
HSTDP	146	000031C4
HSTDP	148	000031C5
HSTDP	149	000031C6
HSTDP	150	000031C7
HSTDP	152	000031C8
HSTDP	153	000031C9
HSTDP	155	000031CA
HSTDP	156	000031CB
HSTDP	157	000031CC
HSTDP	158	000031CD
HSTDP	159	000031CE
HSTDP	160	000031CF
HSTDP	161	000031D0
HSTDP	163	000031D1
HSTDP	164	000031D2
HSTDP	165	000031D3
HSTDP	166	000031D4
HSTDP	167	000031D5
HSTDP	170	000031D6
HSTDP	172	000031D7
HSTDP	173	000031D8
HSTDP	177	000031D9
HSTDP	178	000031DE
HSTDP	181	000031E3
HSTDP	182	000031E4
HSTDP	183	000031E5
HSTDP	185	000031E6
HSTDP	186	000031E7
HSTDP	188	000031E8
HSTDP	189	000031E9
HSTDP	190	000031EA
HSTDP	192	000031EB
HSTDP	193	000031EC
HSTDP	195	000031ED
HSTDP	197	000031EE
HSTDP	199	000031EF
HSTDP	200	000031F0
HSTDP	202	000031F1
HSTDP	203	000031F2
HSTDP	204	000031F3
HSTDP	205	000031F4
HSTDP	207	000031F5
HSTDP	208	000031F6
HSTDP	213	000031F7
HSTDP	214	000031F8
HSTDP	215	000031F9
HSTDP	217	000031FA
HSTDP	218	000031FB
HSTDP	219	000031FC
HSTDP	220	000031FD
HSTDP	221	000031FE
HSTDP	222	000031FF
HSTDP	224	00003200
HSTDP	225	00003201
HSTDP	226	00003202
HSTDP	227	00003203
HSTDP	228	00003204
HSTDP	229	00003205
HSTDP	230	00003206
HSTDP	231	00003207
HSTDP	232	00003208
HSTDP	233	00003209
HSTDP	234	0000320A
HSTDP	235	0000320B
HSTDP	236	0000320C
HSTDP	238	0000320D
HSTDP	239	0000320E
HSTDP	242	0000320F
HSTDP	243	00003210
HSTDP	244	00003211
HSTDP	245	00003212
HSTDP	246	00003213
HSTDP	247	00003214
HSTDP	248	00003215
HSTDP	249	00003216
HSTDP	250	00003217
HSTDP	252	00003218
HSTDP	253	00003219
HSTDP	254	0000321A
HSTDP	255	0000321B
HSTDP	256	0000321C
HSTDP	257	0000321D
HSTDP	258	0000321E
HSTDP	260	0000321F
HSTDP	263	00003222
HSTDP	264	00003223
HSTDP	265	00003224
HSTDP	267	00003225
HSTDP	268	00003226
HSTDP	269	00003227
HSTDP	271	00003228
HSTDP	272	00003229
HSTDP	274	0000322A
HSTDP	275	0000322B
HSTDP	276	0000322C
HSTDP	277	0000322D
HSTDP	278	0000322E
HSTDP	279	0000322F
HSTDP	280	00003230
HSTDP	281	00003231
HSTDP	282	00003232
HSTDP	286	00003233
HSTDP	287	00003234
HSTDP	296	00003235
HSTDP	297	00003236
HSTDP	298	00003237
HSTDP	299	00003238
HSTDP	300	00003239
HSTDP	301	0000323A
HSTDP	302	0000323B
HSTDP	303	0000323C
HSTDP	304	0000323D
HSTDP	305	0000323E
HSTDP	307	0000323F
HSTDP	308	00003240
HSTDP	309	00003241
HSTDP	312	00003242
HSTDP	313	00003243
HSTDP	314	00003244
HSTDP	315	00003245
HSTDP	316	00003246
HSTDP	317	00003247
HSTDP	319	00003248
HSTDP	320	00003249
HSTDP	321	0000324A
HSTDP	322	0000324B
HSTDP	324	0000324C
HSTDP	326	0000324D
HSTDP	327	0000324E
HSTDP	329	0000324F
HSTDP	330	00003250
HSTDP	331	00003251
HSTDP	333	00003252
HSTDP	334	00003253
HSTDP	335	00003254
HSTDP	336	00003255
HSTDP	337	00003256
HSTDP	338	00003257
HSTDP	339	00003258
HSTDP	341	00003259
HSTDP	342	0000325A
HSTDP	343	0000325B
HSTDP	345	0000325C
HSTDP	346	0000325D
HSTDP	347	0000325E
HSTDP	348	0000325F
HSTDP	349	00003260
HSTDP	350	00003261
HSTDP	351	00003262
HSTDP	352	00003263
HSTDP	354	00003264
HSTDP	356	00003265
HSTDP	359	00003266
HSTDP	360	00003267
HSTDP	363	00003268
HSTDP	364	00003269
HSTDP	368	0000326A
HSTDP	369	0000326B
HSTDP	370	0000326C
HSTDP	372	0000326D
HSTDP	373	0000326E
HSTDP	374	0000326F
HSTDP	377	00003270
HSTDP	378	00003271
HSTDP	379	00003272
HSTDP	381	00003273
HSTDP	382	00003274
HSTDP	387	00003275
HSTDP	388	00003276
HSTDP	389	00003277
HSTDP	390	00003278
HSTDP	392	00003279
HSTDP	393	0000327A
HSTDP	395	0000327B
HSTDP	396	0000327C
HSTDP	397	0000327D
HSTDP	399	0000327E
HSTDP	400	0000327F
HSTDP	402	00003280
HSTDP	403	00003281
HSTDP	404	00003282
HSTDP	406	00003283
HSTDP	407	00003284
HSTDP	408	00003285
HSTDP	409	00003286
HSTDP	410	00003287
HSTDP	411	00003288
HSTDP	413	00003289
HSTDP	414	0000328A
HSTDP	417	0000328B
HSTDP	418	0000328C
HSTDP	420	0000328D
HSTDP	422	0000328E
HSTDP	426	0000328F
HSTDP	427	00003290
HSTDP	428	00003291
HSTDP	429	00003292
HSTDP	430	00003293
HSTDP	431	00003294
HSTDP	432	00003295
HSTDP	433	00003296
HSTDP	434	00003297
HSTDP	436	00003298
HSTDP	437	00003299
HSTDP	438	0000329A
HSTDP	440	0000329B
HSTDP	441	0000329C
HSTDP	442	0000329D
HSTDP	443	0000329E
HSTDP	445	0000329F
HSTDP	460	000032A1
HSTDP	461	000032A2
HSTDP	462	000032A3
HSTDP	463	000032A5
HSTDP	466	000032A6
HSTDP	467	000032A7
HSTDP	468	000032A8
HSTDP	469	000032A9
HSTDP	471	000032AA
HSTDP	472	000032AB
HSTDP	473	000032AC
HSTDP	474	000032AD
HSTDP	475	000032AE
HSTDP	476	000032AF
HSTDP	478	000032B1
HSTDP	482	000032B2
HSTDP	483	000032B3
HSTDP	484	000032B4
HSTDP	485	000032B5
HSTDP	486	000032B6
HSTDP	488	000032B7
HSTDP	490	000032B9
HSTDP	492	000032BB
HSTDP	493	000032BC
HSTDP	494	000032BD
HSTDP	497	000032BE
HSTDP	498	000032C0
HSTDP	505	000032C1
HSTDP	506	000032C2
HSTDP	507	000032C3
HSTDP	508	000032C4
HSTDP	509	000032C5
HSTDP	510	000032C6
HSTDP	514	000032C7
HSTDP	515	000032C8
HSTDP	516	000032C9
HSTDP	517	000032CC
HSTDP	518	000032CF
HSTDP	522	000032D0
HSTDP	523	000032D1
HSTDP	524	000032D2
HSTDP	525	000032D3
HSTDP	526	000032D4
HSTDP	527	000032D5
HSTDP	528	000032D6
HSTDP	529	000032D7
HSTDP	530	000032D8
HSTDP	531	000032D9
HSTDP	532	000032DA
HSTDP	533	000032DB
HSTDP	534	000032DC
HSTDP	537	000032DD
HSTDP	538	000032DE
HSTDP	539	000032DF
HSTDP	540	000032E0
HSTDP	541	000032E1
HSTDP	542	000032E2
HSTDP	543	000032E3
HSTDP	544	000032E4
HSTDP	546	000032E5
HSTDP	547	000032E6
HSTDP	555	000032E7
HSTDP	559	000032E8
HSTDP	560	000032E9
HSTDP	561	000032EA
HSTDP	562	000032EB
HSTDP	563	000032EC
HSTDP	564	000032ED
HSTDP	565	000032EE
HSTDP	568	000032EF
HSTDP	569	000032F0
HSTDP	570	000032F1
HSTDP	571	000032F2
HSTDP	572	000032F3
HSTDP	573	000032F4
HSTDP	574	000032F5
HSTDP	575	000032F6
HSTDP	577	000032F7
HSTDP	578	000032F8
HSTDP	580	000032F9
HSTDP	581	000032FA
HSTDP	588	000032FB
HSTDP	589	000032FD
HSTDP	590	000032FE
HSTDP	591	000032FF
HSTDP	592	00003300
HSTDP	595	00003301
HSTDP	596	00003302
HSTDP	597	00003303
HSTDP	599	00003304
HSTDP	600	00003305
HSTDP	602	00003306
HSTDP	603	00003307
HSTDP	604	00003308
HSTDP	605	00003309
HSTDP	606	0000330A
HSTDP	607	0000330B
HSTDP	609	0000330C
HSTDP	610	0000330D
HSTDP	623	0000330E
HSTDP	624	0000330F
HSTDP	625	00003310
HSTDP	626	00003311
HSTDP	627	00003312
HSTDP	628	00003313
HSTDP	630	00003314
HSTDP	631	00003315
HSTDP	632	00003316
HSTDP	633	00003317
HSTDP	634	00003318
HSTDP	635	00003319
HSTDP	636	0000331A
HSTDP	638	0000331B
HSTDP	639	0000331C
HSTDP	640	0000331D
HSTDP	641	0000331E
HSTDP	663	0000331F
HSTDP	664	00003320
HSTDP	665	00003321
HSTDP	666	00003322
HSTDP	668	00003323
HSTDP	669	00003324
HSTDP	670	00003325
HSTDP	671	00003326
HSTDP	672	00003327
HSTDP	673	00003328
HSTDP	674	00003329
HSTDP	675	0000332A
HSTDP	676	0000332B
HSTDP	677	0000332C
HSTDP	678	0000332D
HSTDP	679	0000332E
HSTDP	680	0000332F
HSTDP	681	00003330
HSTDP	684	00003331
HSTDP	685	00003332
HSTDP	686	00003333
HSTDP	687	00003334
HSTDP	688	00003335
HSTDP	689	00003336
HSTDP	690	00003337
HSTDP	691	00003338
HSTDP	692	00003339
HSTDP	693	0000333A
HSTDP	694	0000333B
HSTDP	695	0000333C
HSTDP	696	0000333D
HSTDP	697	0000333E
HSTDP	699	0000333F
HSTDP	700	00003340
HSTDP	701	00003341
HSTDP	702	00003342
HSTDP	703	00003343
HSTDP	704	00003344
HSTDP	705	00003345
HSTDP	706	00003346
HSTDP	707	00003347
HSTDP	708	00003348
HSTDP	709	00003349
HSTDP	710	0000334A
HSTDP	712	0000334B
HSTDP	715	0000334D
HSTDP	717	00003350
HSTDP	718	00003351
HSTDP	719	00003352
HSTDP	720	00003353
HSTDP	721	00003354
HSTDP	722	00003355
HSTDP	723	00003356
HSTDP	724	00003358
HSTDP	726	00003359
HSTDP	732	0000335C
HSTDP	733	0000335D
HSTDP	734	0000335E
HSTDP	735	0000335F
HSTDP	737	00003360
HSTDP	738	00003361
HSTDP	741	00003362
HSTDP	742	00003363
HSTDP	743	00003364
HSTDP	745	00003366
HSTDP	746	00003367
HSTDP	747	00003368
HSTDP	748	00003369
HSTDP	749	0000336A
HSTDP	750	0000336B
HSTDP	751	0000336C
HSTDP	752	0000336D
HSTDP	753	0000336E
HSTDP	754	0000336F
HSTDP	755	00003370
HSTDP	757	00003371
HSTDP	759	00003372
HSTDP	760	00003373
HSTDP	762	00003374
HSTDP	763	00003375
HSTDP	765	00003376
HSTDP	766	00003377
HSTDP	767	00003378
HSTDP	769	00003379
HSTDP	770	0000337A
HSTDP	772	0000337B
HSTDP	774	0000337C
HSTDP	775	0000337D
HSTDP	776	0000337E
HSTDP	777	0000337F
HSTDP	778	00003380
HSTDP	779	00003381
HSTDP	781	00003382
HSTDP	782	00003383
HSTDP	783	00003384
HSTDP	784	00003385
HSTDP	785	00003386
HSTDP	786	00003387
HSTDP	789	00003388
HSTDP	790	00003389
HSTDP	793	0000338A
HSTDP	794	0000338B
HSTDP	795	0000338C
HSTDP	796	0000338D
HSTDP	797	0000338E
HSTDP	798	0000338F
HSTDP	803	00003390
HSTDP	804	00003391
HSTDP	805	00003392
HSTDP	806	00003393
HSTDP	807	00003394
HSTDP	808	00003395
HSTDP	809	00003396
HSTDP	811	00003397
HSTDP	812	00003398
HSTDP	813	00003399
HSTDP	814	0000339A
HSTDP	815	0000339B
HSTDP	816	0000339C
HSTDP	817	0000339D
HSTDP	819	0000339E
HSTDP	820	0000339F
HSTDP	821	000033A0
HSTDP	823	000033A1
HSTDP	824	000033A2
HSTDP	825	000033A3
HSTDP	826	000033A4
HSTDP	827	000033A5
HSTDP	828	000033A6
HSTDP	829	000033A7
HSTDP	831	000033A8
HSTDP	832	000033A9
HSTDP	833	000033AA
HSTDP	835	000033AB
HSTDP	836	000033AC
HSTDP	837	000033AD
HSTDP	839	000033AE
HSTDP	840	000033AF
HSTDP	841	000033B0
HSTDP	842	000033B1
HSTDP	843	000033B2
HSTDP	845	000033B3
HSTDP	846	000033B4
HSTDP	848	000033B5
HSTDP	849	000033B6
HSTDP	850	000033B7
HSTDP	851	000033B8
HSTDP	853	000033B9
HSTDP	854	000033BA
HSTDP	855	000033BB
HSTDP	856	000033BC
HSTDP	858	000033BD
HSTDP	861	000033BF
HSTDP	862	000033C0
HSTDP	869	000033C1
HSTDP	870	000033C2
HSTDP	871	000033C3
HSTDP	872	000033C4
HSTDP	873	000033C5
HSTDP	874	000033C6
HSTDP	877	000033C7
HSTDP	880	000033C9
HSTDP	885	000033CB
HSTDP	886	000033CC
HSTDP	891	000033CD
HSTDP	892	000033CE
HSTDP	893	000033CF
HSTDP	895	000033D0
HSTDP	896	000033D1
HSTDP	897	000033D2
HSTDP	898	000033D3
HSTDP	900	000033D4
HSTDP	901	000033D5
HSTDP	902	000033D6
HSTDP	903	000033D7
HSTDP	905	000033D8
HSTDP	906	000033D9
HSTDP	907	000033DA
HSTDP	908	000033DB
HSTDP	910	000033DC
HSTDP	911	000033DD
HSTDP	912	000033DE
HSTDP	914	000033DF
HSTDP	916	000033E1
HSTDP	919	000033E2
HSTDP	920	000033E4
HSTDP	922	000033E6
HSTDP	923	000033E7
HSTDP	924	000033E8
HSTDP	925	000033E9
HSTDP	926	000033EA
HSTDP	928	000033EB
HSTDP	929	000033EC
HSTDP	930	000033ED
HSTDP	931	000033EE
HSTDP	932	000033EF
HSTDP	934	000033F0
HSTDP	935	000033F1
HSTDP	936	000033F2
HSTDP	937	000033F3
HSTDP	938	000033F4
HSTDP	941	000033F5
HSTDP	945	000033F6
HSTDP	946	000033F7
HSTDP	950	000033F8
HSTDP	951	000033F9
HSTDP	952	000033FA
HSTDP	953	000033FB
HSTDP	954	000033FC
HSTDP	956	000033FD
HSTDP	958	000033FF
HSTDP	959	00003400
HSTDP	960	00003401
HSTDP	961	00003402
HSTDP	962	00003403
HSTDP	963	00003404
HSTDP	965	00003405
HSTDP	967	00003407
HSTDP	969	00003408
HSTDP	970	00003409
HSTDP	971	0000340A
HSTDP	972	0000340B
HSTDP	976	0000340C
HSTDP	979	0000340E
HSTDP	983	0000340F
HSTDP	984	00003410
HSTDP	988	00003411
HSTDP	990	00003412
HSTDP	991	00003413
HSTDP	992	00003414
HSTDP	993	00003415
HSTDP	995	00003416
HSTDP	996	00003417
HSTDP	997	00003418
HSTDP	998	00003419
HSTDP	1000	0000341A
HSTDP	1001	0000341B
HSTDP	1002	0000341C
HSTDP	1003	0000341D
HSTDP	1005	0000341E
HSTDP	1006	0000341F
HSTDP	1007	00003420
HSTDP	1009	00003421
HSTDP	1010	00003423
HSTDP	1014	00003424
HSTDP	1019	00003426
HSTDP	1020	00003427
HSTDP	1021	00003428
HSTDP	1022	00003429
HSTDP	1023	0000342A
HSTDP	1024	0000342B
HSTDP	1025	0000342C
HSTDP	1026	0000342D
HSTDP	1028	0000342E
HSTDP	1031	0000342F
HSTDP	1032	00003430
HSTDP	1036	00003431
HSTDP	1037	00003432
HSTDP	1038	00003433
HSTDP	1039	00003434
HSTDP	1040	00003435
HSTDP	1043	00003436
HSTDP	1044	00003437
HSTDP	1045	00003438
HSTDP	1046	00003439
HSTDP	1048	0000343A
HSTDP	1049	0000343B
HSTDP	1050	0000343C
HSTDP	1051	0000343D
HSTDP	1053	0000343E
HSTDP	1054	0000343F
HSTDP	1055	00003440
HSTDP	1056	00003441
HSTDP	1057	00003442
HSTDP	1058	00003443
HSTDP	1059	00003444
HSTDP	1060	00003445
HSTDP	1061	00003446
HSTDP	1063	00003447
HSTDP	1064	00003448
HSTDP	1065	00003449
HSTDP	1066	0000344A
HSTDP	1067	0000344B
HSTDP	1068	0000344C
HSTDP	1069	0000344D
HSTDP	1070	0000344E
HSTDP	1071	0000344F
HSTDP	1072	00003450
HSTDP	1074	00003451
HSTDP	1075	00003452
HSTDP	1076	00003453
HSTDP	1078	00003454
HSTDP	1079	00003455
HSTDP	1080	00003456
HSTDP	1081	00003457
HSTDP	1082	00003458
HSTDP	1083	00003459
HSTDP	1085	0000345B
HSTDP	1094	0000345C
HSTDP	1096	0000345E
HSTDP	1100	0000345F
HSTDP	1101	00003460
HSTDP	1104	00003461
HSTDP	1107	00003462
HSTDP	1110	00003463
HSTDP	1111	00003464
HSTDP	1112	00003465
HSTDP	1114	00003466
HSTDP	1117	00003467
HSTDP	1119	00003468
HSTDP	1120	00003469
HSTDP	1121	0000346A
HSTDP	1122	0000346B
HSTDP	1123	0000346C
HSTDP	1125	0000346D
HSTDP	1126	0000346E
HSTDP	1127	0000346F
HSTDP	1128	00003470
HSTDP	1129	00003471
HSTDP	1130	00003472
HSTDP	1131	00003473
HSTDP	1132	00003474
HSTDP	1135	00003475
HSTDP	1138	00003476
HSTDP	1139	00003477
HSTDP	1140	00003478
HSTDP	1141	00003479
HSTDP	1142	0000347A
HSTDP	1143	0000347B
HSTDP	1145	0000347C
HSTDP	1146	0000347D
HSTDP	1147	0000347E
HSTDP	1148	0000347F
HSTDP	1149	00003480
HSTDP	1150	00003481
HSTDP	1152	00003482
HSTDP	1153	00003483
HSTDP	1154	00003484
HSTDP	1155	00003485
HSTDP	1156	00003486
HSTDP	1158	00003487
HSTDP	1161	00003488
HSTDP	1163	0000348A
HSTDP	1164	0000348B
HSTDP	1165	0000348C
HSTDP	1166	0000348D
HSTDP	1167	0000348E
HSTDP	1169	0000348F
HSTDP	1171	00003490
HSTDP	1172	00003491
HSTDP	1179	00003492
HSTDP	1180	00003493
HSTDP	1181	00003494
HSTDP	1182	00003495
HSTDP	1183	00003496
HSTDP	1190	00003497
HSTDP	1191	00003498
HSTDP	1194	00003499
HSTDP	1195	0000349A
HSTDP	1196	0000349B
HSTDP	1197	0000349C
HSTDP	1198	0000349D
HSTDP	1199	0000349E
HSTDP	1200	0000349F
HSTDP	1201	000034A0
HSTDP	1203	000034A1
HSTDP	1204	000034A2
HSTDP	1205	000034A3
HSTDP	1206	000034A4
HSTDP	1207	000034A5
HSTDP	1208	000034A6
HSTDP	1210	000034A7
HSTDP	1211	000034A8
HSTDP	1212	000034A9
HSTDP	1213	000034AA
HSTDP	1214	000034AB
HSTDP	1216	000034AC
HSTDP	1217	000034AD
HSTDP	1218	000034AE
HSTDP	1219	000034AF
HSTDP	1221	000034B0
HSTDP	1222	000034B1
HSTDP	1223	000034B2
HSTDP	1225	000034B3
HSTDP	1226	000034B4
HSTDP	1228	000034B5
HSTDP	1229	000034B7
HSTDP	1230	000034B8
HSTDP	1231	000034B9
HSTDP	1232	000034BA
HSTDP	1238	000034BB
HSTDP	1245	000034BD
HSTDP	1247	000034BE
HSTDP	1248	000034BF
HSTDP	1249	000034C0
HSTDP	1250	000034C1
HSTDP	1251	000034C2
HSTDP	1252	000034C3
HSTDP	1253	000034C4
HSTDP	1254	000034C5
HSTDP	1255	000034C6
HSTDP	1256	000034C7
HSTDP	1257	000034C8
HSTDP	1258	000034C9
HSTDP	1260	000034CA
HSTDP	1261	000034CB
HSTDP	1263	000034CC
HSTDP	1264	000034CD
HSTDP	1265	000034CE
HSTDP	1266	000034CF
HSTDP	1267	000034D0
HSTDP	1268	000034D1
HSTDP	1269	000034D2
HSTDP	1270	000034D3
HSTDP	1271	000034D4
HSTDP	1272	000034D5
HSTDP	1273	000034D6
HSTDP	1274	000034D7
HSTDP	1275	000034D8
HSTDP	1276	000034D9
HSTDP	1277	000034DA
HSTDP	1278	000034DB
HSTDP	1280	000034DC
HSTDP	1281	000034DD
HSTDP	1282	000034DE
HSTDP	1283	000034DF
HSTDP	1284	000034E0
HSTDP	1285	000034E1
HSTDP	1286	000034E2
HSTDP	1288	000034E3
HSTDP	1289	000034E4
HSTDP	1290	000034E5
HSTDP	1291	000034E6
HSTDP	1292	000034E7
HSTDP	1293	000034E8
HSTDP	1294	000034E9
HSTDP	1296	000034EA
HSTDP	1297	000034EB
HSTDP	1298	000034EC
HSTDP	1299	000034ED
HSTDP	1301	000034EE
HSTDP	1302	000034EF
HSTDP	1303	000034F0
HSTDP	1304	000034F1
HSTDP	1305	000034F2
HSTDP	1306	000034F3
HSTDP	1307	000034F4
HSTDP	1308	000034F5
HSTDP	1309	000034F6
HSTDP	1310	000034F7
HSTDP	1311	000034F8
HSTDP	1312	000034F9
HSTDP	1314	000034FA
HSTDP	1315	000034FB
HSTDP	1316	000034FC
HSTDP	1318	000034FD
HSTDP	1319	000034FE
HSTDP	1320	000034FF
HSTDP	1321	00003500
HSTDP	1322	00003501
HSTDP	1324	00003502
HSTDP	1325	00003504
HSTDP	1328	00003505
HSTDP	1329	00003506
HSTDP	1330	00003507
HSTDP	1331	00003508
HSTDP	1335	00003509
HSTDP	1336	0000350A
HSTDP	1339	0000350B
HSTDP	1340	0000350C
HSTDP	1341	0000350D
HSTDP	1342	0000350E
HSTDP	1343	0000350F
HSTDP	1347	00003512
HSTDP	1350	00003514
HSTDP	1351	00003515
HSTDP	1355	00003516
HSTDP	1356	00003517
HSTDP	1360	00003518
HSTDP	1361	00003519
HSTDP	1362	0000351A
HSTDP	1367	0000351B
HSTDP	1368	0000351C
HSTDP	1370	0000351D
HSTDP	1372	0000351F
HSTDP	1373	00003520
HSTDP	1374	00003521
HSTDP	1375	00003522
HSTDP	1376	00003523
HSTDP	1377	00003524
HSTDP	1378	00003525
HSTDP	1379	00003526
HSTDP	1380	00003527
HSTDP	1381	00003528
HSTDP	1385	00003529
HSTDP	1386	0000352A
HSTDP	1387	0000352B
HSTDP	1389	0000352C
HSTDP	1390	0000352D
HSTDP	1391	0000352E
HSTDP	1393	0000352F
HSTDP	1394	00003530
HSTDP	1395	00003531
HSTDP	1397	00003532
HSTDP	1398	00003533
HSTDP	1399	00003534
HSTDP	1403	00003535
HSTDP	1404	00003536
HSTDP	1408	00003537
HSTDP	1409	00003538
HSTDP	1410	0000353B
HSTDP	1416	0000353C
HSTDP	1418	0000353E
HSTDP	1422	00003540
HSTDP	1424	00003543
HSTDP	1428	00003545
HSTDP	1429	00003546
HSTDP	1431	00003547
HSTDP	1432	00003548
HSTDP	1434	00003549
HSTDP	1435	0000354A
HSTDP	1436	0000354B
HSTDP	1437	0000354C
HSTDP	1438	0000354D
HSTDP	1439	0000354E
HSTDP	1440	0000354F
HSTDP	1441	00003550
HSTDP	1442	00003551
HSTDP	1443	00003552
HSTDP	1444	00003553
HSTDP	1445	00003554
HSTDP	1448	00003555
HSTDP	1449	00003556
HSTDP	1450	00003557
HSTDP	1451	00003558
HSTDP	1453	00003559
HSTDP	1471	0000355D
HSTDP	1472	0000355E
HSTDP	1473	0000355F
HSTDP	1474	00003560
HSTDP	1475	00003561
HSTDP	1476	00003562
HSTDP	1477	00003563
HSTDP	1478	00003564
HSTDP	1479	00003565
HSTDP	1480	00003566
HSTDP	1481	00003567
HSTDP	1482	00003568
HSTDP	1483	00003569
HSTDP	1484	0000356A
HSTDP	1485	0000356B
HSTDP	1486	0000356C
HSTDP	1488	0000356D
HSTDP	1489	0000356E
HSTDP	1491	0000356F
HSTDP	1492	00003570
HSTDP	1493	00003571
HSTDP	1494	00003572
HSTDP	1496	00003573
HSTDP	1497	00003574
HSTDP	1498	00003575
HSTDP	1499	00003576
HSTDP	1500	00003577
HSTDP	1501	00003578
HSTDP	1502	00003579
HSTDP	1503	0000357A
HSTDP	1504	0000357B
HSTDP	1505	0000357C
HSTDP	1507	0000357D
HSTDP	1509	0000357E
HSTDP	1510	0000357F
HSTDP	1511	00003580
HSTDP	1512	00003581
HSTDP	1513	00003582
HSTDP	1515	00003583
HSTDP	1518	00003584
HSTDP	1519	00003585
HSTDP	1520	00003586
HSTDP	1521	00003587
HSTDP	1522	00003588
HSTDP	1523	00003589
HSTDP	1524	0000358A
HSTDP	1525	0000358B
HSTDP	1527	0000358C
HSTDP	1528	0000358D
HSTDP	1529	0000358E
HSTDP	1530	0000358F
HSTDP	1532	00003590
HSTDP	1533	00003591
HSTDP	1534	00003592
HSTDP	1535	00003593
HSTDP	1536	00003594
HSTDP	1537	00003595
HSTDP	1542	00003596
HSTDP	1545	00003597
HSTDP	1547	00003598
HSTDP	1548	00003599
HSTDP	1549	0000359A
HSTDP	1591	0000359B
HSTDP	1592	0000359C
HSTDP	1593	0000359D
HSTDP	1594	0000359E
HSTDP	1595	0000359F
HSTDP	1596	000035A0
HSTDP	1597	000035A1
HSTDP	1598	000035A2
HSTDP	1599	000035A3
HSTDP	1602	000035A4
HSTDP	1603	000035A5
HSTDP	1604	000035A6
HSTDP	1605	000035A7
HSTDP	1606	000035A8
HSTDP	1608	000035A9
HSTDP	1609	000035AA
HSTDP	1610	000035AB
HSTDP	1611	000035AC
HSTDP	1613	000035AD
HSTDP	1614	000035AE
HSTDP	1615	000035AF
HSTDP	1616	000035B0
HSTDP	1617	000035B1
HSTDP	1618	000035B2
HSTDP	1619	000035B3
HSTDP	1620	000035B4
HSTDP	1621	000035B5
HSTDP	1622	000035B6
HSTDP	1623	000035B7
HSTDP	1624	000035B8
HSTDP	1625	000035B9
HSTDP	1626	000035BA
HSTDP	1628	000035BB
HSTDP	1629	000035BC
HSTDP	1630	000035BD
HSTDP	1631	000035BE
HSTDP	1632	000035BF
HSTDP	1633	000035C0
HSTDP	1634	000035C1
HSTDP	1635	000035C2
HSTDP	1636	000035C3
HSTDP	1639	000035C4
HSTDP	1640	000035C5
HSTDP	1641	000035C6
HSTDP	1642	000035C7
HSTDP	1643	000035C8
HSTDP	1644	000035C9
HSTDP	1646	000035CA
HSTDP	1647	000035CB
HSTDP	1648	000035CC
HSTDP	1649	000035CD
HSTDP	1651	000035CE
HSTDP	1652	000035CF
HSTDP	1653	000035D0
HSTDP	1654	000035D1
HSTDP	1655	000035D2
HSTDP	1656	000035D3
HSTDP	1657	000035D4
HSTDP	1659	000035D5
HSTDP	1660	000035D6
HSTDP	1661	000035D7
HSTDP	1662	000035D8
HSTDP	1663	000035D9
HSTDP	1666	000035DA
HSTDP	1667	000035DB
HSTDP	1668	000035DC
HSTDP	1669	000035DD
HSTDP	1670	000035DE
HSTDP	1671	000035DF
HSTDP	1672	000035E0
HSTDP	1674	000035E1
HSTDP	1675	000035E2
HSTDP	1676	000035E3
HSTDP	1678	000035E4
HSTDP	1680	000035E5
HSTDP	1682	000035E6
HSTDP	1683	000035E7
HSTDP	1684	000035E8
HSTDP	1685	000035E9
HSTDP	1686	000035EA
HSTDP	1687	000035EB
HSTDP	1688	000035EC
HSTDP	1690	000035ED
HSTDP	1691	000035EE
HSTDP	1692	000035EF
HSTDP	1693	000035F0
HSTDP	1695	000035F1
HSTDP	1696	000035F2
HSTDP	1697	000035F3
HSTDP	1699	000035F4
HSTDP	1714	0000361B
HSTDP	1715	0000361C
HSTDP	1716	0000361D
HSTDP	1717	0000361E
HSTDP	1719	0000361F
HSTDP	1720	00003620
HSTDP	1721	00003621
HSTDP	1722	00003622
HSTDP	1723	00003623
HSTDP	1724	00003624
HSTDP	1725	00003625
HSTDP	1726	00003626
HSTDP	1727	00003627
HSTDP	1728	00003628
HSTDP	1729	00003629
HSTDP	1730	0000362A
HSTDP	1731	0000362B
HSTDP	1733	0000362D
HSTDP	1743	0000362E
HSTDP	1744	0000362F
HSTDP	1745	00003630
HSTDP	1746	00003631
HSTDP	1748	00003632
HSTDP	1749	00003633
HSTDP	1750	00003634
HSTDP	1751	00003635
HSTDP	1752	00003636
HSTDP	1753	00003637
HSTDP	1754	00003638
HSTDP	1755	00003639
HSTDP	1757	0000363A
HSTDP	1758	0000363B
HSTDP	1759	0000363C
HSTDP	1760	0000363D
HSTDP	1761	0000363E
HSTDP	1762	0000363F
HSTDP	1763	00003640
HSTDP	1764	00003641
HSTDP	1765	00003642
HSTDP	1766	00003643
HSTDP	1767	00003644
HSTDP	1768	00003645
HSTDP	1776	00003646
HSTDP	1777	00003647
HSTDP	1778	00003648
HSTDP	1779	00003649
HSTDP	1780	0000364A
HSTDP	1781	0000364B
HSTDP	1783	0000364C
HSTDP	1784	0000364D
HSTDP	1785	0000364E
HSTDP	1786	0000364F
HSTDP	1787	00003650
HSTDP	1788	00003651
HSTDP	1789	00003652
HSTDP	1790	00003653
HSTDP	1792	00003654
HSTDP	1793	00003655
HSTDP	1794	00003656
HSTDP	1801	00003657
HSTDP	1802	00003658
HSTDP	1804	00003659
HSTDP	1805	0000365A
HSTDP	1806	0000365B
HSTDP	1807	0000365C
HSTDP	1808	0000365D
HSTDP	1809	0000365E
HSTDP	1811	0000365F
HSTDP	1812	00003660
HSTDP	1815	00003661
HSTDP	1816	00003662
HSTDP	1818	00003663
HSTDP	1820	00003664
HSTDP	1821	00003665
HSTDP	1822	00003666
HSTDP	1824	00003667
HSTDP	1825	00003668
HSTDP	1833	00003669
HSTDP	1834	0000366A
HSTDP	1835	0000366B
HSTDP	1836	0000366C
HSTDP	1837	0000366D
HSTDP	1838	0000366E
HSTDP	1839	0000366F
HSTDP	1840	00003670
HSTDP	1842	00003671
HSTDP	1843	00003672
HSTDP	1844	00003673
HSTDP	1845	00003674
HSTDP	1846	00003675
HSTDP	1847	00003676
HSTDP	1848	00003677
HSTDP	1851	00003678
HSTDP	1852	00003679
HSTDP	1853	0000367A
HSTDP	1855	0000367B
HSTDP	1856	0000367C
HSTDP	1858	0000367D
HSTDP	1859	0000367E
HSTDP	1860	0000367F
HSTDP	1861	00003680
HSTDP	1862	00003681
HSTDP	1863	00003682
HSTDP	1865	00003683
HSTDP	1866	00003684
HSTDP	1868	00003685
HSTDP	1869	00003686
HSTDP	1870	00003687
HSTDP	1874	00003688
HSTDP	1875	00003689
HSTDP	1876	0000368A
HSTDP	1877	0000368B
HSTDP	1878	0000368C
HSTDP	1879	0000368D
HSTDP	1880	0000368E
HSTDP	1882	0000368F
HSTDP	1884	00003690
HSTDP	1885	00003691
HSTDP	1887	00003692
HSTDP	1888	00003693
HSTDP	1889	00003694
HSTDP	1894	00003695
HSTDP	1895	00003696
HSTDP	1896	00003697
HSTDP	1897	00003698
HSTDP	1899	00003699
HSTDP	1900	0000369A
HSTDP	1901	0000369B
HSTDP	1902	0000369C
HSTDP	1903	0000369D
HSTDP	1904	0000369E
HSTDP	1906	0000369F
HSTDP	1913	000036A0
HSTDP	1915	000036A2
HSTDP	1918	000036A3
HSTDP	1919	000036A4
HSTDP	1920	000036A5
HSTDP	1921	000036A6
HSTDP	1922	000036A7
HSTDP	1923	000036A8
HSTDP	1925	000036A9
HSTDP	1926	000036AA
HSTDP	1927	000036AB
HSTDP	1928	000036AC
HSTDP	1929	000036AD
HSTDP	1930	000036AE
HSTDP	1932	000036AF
HSTDP	1933	000036B1
HSTDP	1935	000036B2
HSTDP	1956	000036B3
HSTDP	1957	000036B4
HSTDP	1958	000036B5
HSTDP	1960	000036B6
HSTDP	1961	000036B7
HSTDP	1963	000036B8
HSTDP	1964	000036B9
HSTDP	1965	000036BA
HSTDP	1966	000036BB
HSTDP	1967	000036BC
HSTDP	1968	000036BD
HSTDP	1969	000036BE
HSTDP	1970	000036BF
HSTDP	1971	000036C0
HSTDP	1973	000036C1
HSTDP	1974	000036C2
HSTDP	1975	000036C3
HSTDP	1976	000036C4
HSTDP	1978	000036C5
HSTDP	1979	000036C6
HSTDP	1992	000036C7
HSTDP	1993	000036C8
HSTDP	1994	000036C9
HSTDP	1996	000036CA
HSTDP	1998	000036CB
HSTDP	1999	000036CC
HSTDP	2000	000036CD
HSTDP	2001	000036CE
HSTDP	2002	000036CF
HSTDP	2003	000036D0
HSTDP	2004	000036D1
HSTDP	2005	000036D2
HSTDP	2007	000036D3
HSTDP	2008	000036D4
HSTDP	2009	000036D5
HSTDP	2010	000036D6
HSTDP	2012	000036D7
HSTDP	2013	000036D8
HSTDP	2014	000036D9
HSTDP	2015	000036DA
HSTDP	2026	000036DB
HSTDP	2027	000036DC
HSTDP	2028	000036DD
HSTDP	2030	000036DE
HSTDP	2031	000036DF
HSTDP	2033	000036E0
HSTDP	2034	000036E1
HSTDP	2035	000036E2
HSTDP	2036	000036E3
HSTDP	2037	000036E4
HSTDP	2038	000036E5
HSTDP	2039	000036E6
HSTDP	2040	000036E7
HSTDP	2042	000036E8
HSTDP	2043	000036E9
HSTDP	2044	000036EA
HSTDP	2045	000036EB
HSTDP	2047	000036EC
HSTDP	2048	000036ED
HSTDP	2049	000036EE
HSTDP	2063	000036EF
HSTDP	2064	000036F0
HSTDP	2065	000036F1
HSTDP	2067	000036F2
HSTDP	2069	000036F3
HSTDP	2070	000036F4
HSTDP	2071	000036F5
HSTDP	2072	000036F6
HSTDP	2073	000036F7
HSTDP	2074	000036F8
HSTDP	2075	000036F9
HSTDP	2077	000036FA
HSTDP	2078	000036FB
HSTDP	2079	000036FC
HSTDP	2080	000036FD
HSTDP	2082	000036FE
HSTDP	2083	000036FF
HSTDP	2084	00003700
HSTDP	2085	00003701
HSTDP	2094	00003702
HSTDP	2095	00003703
HSTDP	2096	00003704
HSTDP	2097	00003705
HSTDP	2098	00003706
HSTDP	2099	00003707
HSTDP	2101	00003708
HSTDP	2102	00003709
HSTDP	2103	0000370A
HSTDP	2104	0000370B
HSTDP	2105	0000370C
HSTDP	2107	0000370D
HSTDP	2108	0000370E
HSTDP	2109	0000370F
HSTDP	2110	00003710
HSTDP	2112	00003711
HSTDP	2119	00003712
HSTDP	2120	00003713
HSTDP	2121	00003714
HSTDP	2122	00003715
HSTDP	2123	00003716
HSTDP	2125	00003717
HSTDP	2126	00003718
HSTDP	2127	00003719
HSTDP	2128	0000371A
HSTDP	2129	0000371B
HSTDP	2130	0000371C
HSTDP	2132	0000371D
HSTDP	2141	0000371E
HSTDP	2142	0000371F
HSTDP	2144	00003720
HSTDP	2145	00003721
HSTDP	2146	00003722
HSTDP	2147	00003723
HSTDP	2148	00003724
HSTDP	2150	00003725
HSTDP	2151	00003726
HSTDP	2152	00003727
HSTDP	2153	00003728
HSTDP	2154	00003729
HSTDP	2155	0000372A
HSTDP	2157	0000372B
HSTDP	2158	0000372C
HSTDP	2159	0000372D
HSTDP	2167	0000372E
HSTDP	2168	0000372F
HSTDP	2169	00003730
HSTDP	2170	00003731
HSTDP	2172	00003732
HSTDP	2173	00003733
HSTDP	2174	00003734
HSTDP	2175	00003735
HSTDP	2176	00003736
HSTDP	2178	00003737
HSTDP	2182	00003738
HSTDP	2183	00003739
HSTDP	2184	0000373A
HSTDP	2185	0000373B
HSTDP	2197	0000373C
HSTDP	2198	0000373D
HSTDP	2199	0000373E
HSTDP	2200	0000373F
HSTDP	2201	00003740
HSTDP	2203	00003741
HSTDP	2206	00003742
HSTDP	2207	00003743
HSTDP	2210	00003744
HSTDP	2211	00003745
HSTDP	2212	00003746
HSTDP	2213	00003747
HSTDP	2214	00003748
HSTDP	2215	00003749
HSTDP	2217	0000374A
HSTDP	2219	0000374B
HSTDP	2220	0000374C
HSTDP	2221	0000374D
HSTDP	2223	0000374E
HSTDP	2224	0000374F
HSTDP	2227	00003750
HSTDP	2228	00003751
HSTDP	2229	00003752
HSTDP	2231	00003753
HSTDP	2232	00003754
HSTDP	2235	00003755
HSTDP	2236	00003756
HSTDP	2237	00003757
HSTDP	2239	00003758
HSTDP	2240	00003759
HSTDP	2241	0000375A
HSTDP	2242	0000375B
HSTDP	2244	0000375C
HSTDP	2245	0000375D
HSTDP	2247	0000375E
HSTDP	2259	0000375F
HSTDP	2260	00003760
HSTDP	2261	00003761
HSTDP	2262	00003762
HSTDP	2263	00003763
HSTDP	2264	00003764
HSTDP	2265	00003765
HSTDP	2268	00003766
HSTDP	2269	00003767
HSTDP	2270	00003768
HSTDP	2272	00003769
HSTDP	2273	0000376A
HSTDP	2274	0000376B
HSTDP	2275	0000376C
HSTDP	2276	0000376D
HSTDP	2277	0000376E
HSTDP	2279	0000376F
HSTDP	2281	00003770
HSTDP	2282	00003771
HSTDP	2283	00003772
HSTDP	2284	00003773
HSTDP	2285	00003774
HSTDP	2287	00003775
HSTDP	2288	00003776
HSTDP	2290	00003777
HSTDP	2291	00003778
HSTDP	2292	00003779
HSTDP	2293	0000377A
HSTDP	2295	0000377B
HSTDP	2296	0000377C
HSTDP	2298	0000377D
HSTDP	2299	0000377E
HSTDP	2301	0000377F
HSTDP	2302	00003780
HSTDP	2303	00003781
HSTDP	2304	00003782
HSTDP	2305	00003783
HSTDP	2307	00003784
HSTDP	2308	00003785
HSTDP	2310	00003786
HSTDP	2311	00003787
HSTDP	2324	00003788
HSTDP	2325	00003789
HSTDP	2326	0000378A
HSTDP	2327	0000378B
HSTDP	2328	0000378C
HSTDP	2330	0000378D
HSTDP	2331	0000378E
HSTDP	2332	0000378F
HSTDP	2333	00003790
HSTDP	2334	00003791
HSTDP	2336	00003792
HSTDP	2337	00003793
HSTDP	2338	00003794
HSTDP	2339	00003795
HSTDP	2340	00003796
HSTDP	2341	00003797
HSTDP	2343	00003798
HSTDP	2344	00003799
HSTDP	2345	0000379A
HSTDP	2347	0000379B
HSTDP	2348	0000379C
HSTDP	2349	0000379D
HSTDP	2350	0000379E
HSTDP	2351	0000379F
HSTDP	2352	000037A0
HSTDP	2354	000037A1
HSTDP	2356	000037A2
HSTDP	2357	000037A3
HSTDP	2359	000037A4
HSTDP	2360	000037A5
HSTDP	2361	000037A6
HSTDP	2362	000037A7
HSTDP	2364	000037A8
HSTDP	2365	000037A9
HSTDP	2366	000037AA
HSTDP	2367	000037AB
HSTDP	2369	000037AC
HSTDP	2370	000037AD
HSTDP	2371	000037AE
HSTDP	2372	000037AF
HSTDP	2374	000037B0
HSTDP	2375	000037B1
HSTDP	2377	000037B2
HSTDP	2378	000037B3
HSTDP	2379	000037B4
HSTDP	2381	000037B5
HSTDP	2382	000037B6
HSTDP	2384	000037B7
HSTDP	2385	000037B8
HSTDP	2387	000037B9
HSTDP	2388	000037BA
HSTDP	2389	000037BB
HSTDP	2390	000037BC
HSTDP	2391	000037BD
HSTDP	2393	000037BE
HSTDP	2394	000037BF
HSTDP	2396	000037C0
HSTDP	2397	000037C1
HSTDP	2403	000037C2
HSTDP	2404	000037C3
HSTDP	2405	000037C4
HSTDP	2407	000037C5
HSTDP	2408	000037C6
HSTDP	2409	000037C7
HSTDP	2410	000037C8
HSTDP	2411	000037C9
HSTDP	2412	000037CA
HSTDP	2413	000037CB
HSTDP	2414	000037CC
HSTDP	2416	000037CD
HSTDP	2417	000037CE
HSTDP	2418	000037CF
HSTDP	2419	000037D0
HSTDP	2420	000037D1
HSTDP	2421	000037D2
HSTDP	2422	000037D3
HSTDP	2423	000037D4
HSTDP	2425	000037D5
HSTDP	2426	000037D6
HSTDP	2428	000037D7
HSTDP	2429	000037D8
HSTDP	2431	000037D9
HSTDP	2432	000037DA
HSTDP	2433	000037DB
HSTDP	2435	000037DC
HSTDP	2436	000037DD
HSTDP	2437	000037DE
HSTDP	2438	000037DF
HSTDP	2439	000037E0
HSTDP	2440	000037E1
HSTDP	2441	000037E2
HSTDP	2442	000037E3
HSTDP	2443	000037E4
HSTDP	2445	000037E5
HSTDP	2456	000037E6
HSTDP	2457	000037E7
HSTDP	2459	000037E8
HSTDP	2460	000037E9
HSTDP	2461	000037EA
HSTDP	2462	000037EB
HSTDP	2464	000037EC
HSTDP	2465	000037ED
HSTDP	2467	000037EE
HSTDP	2468	000037EF
HSTDP	2469	000037F0
HSTDP	2470	000037F1
HSTDP	2472	000037F2
HSTDP	2473	000037F3
HSTDP	2475	000037F4
HSTDP	2476	000037F5
HSTDP	2477	000037F6
HSTDP	2478	000037F7
HSTDP	2479	000037F8
HSTDP	2480	000037F9
HSTDP	2481	000037FA
HSTDP	2482	000037FB
HSTDP	2483	000037FC
HSTDP	2484	000037FD
HSTDP	2485	000037FE
HSTDP	2486	000037FF
HSTDP	2487	00003800
HSTDP	2488	00003801
HSTDP	2489	00003802
HSTDP	2491	00003803
HSTDP	2492	00003804
HSTDP	2493	00003805
HSTDP	2494	00003806
HSTDP	2495	00003807
HSTDP	2496	00003808
HSTDP	2497	00003809
HSTDP	2498	0000380A
HSTDP	2499	0000380B
HSTDP	2500	0000380C
HSTDP	2502	0000380D
HSTDP	2503	0000380E
HSTDP	2505	0000380F
HSTDP	2506	00003810
HSTDP	2507	00003811
HSTDP	2509	00003812
HSTDP	2512	00003813
HSTDP	2513	00003814
HSTDP	2514	00003815
HSTDP	2515	00003816
HSTDP	2516	00003817
HSTDP	2517	00003818
HSTDP	2519	00003819
HSTDP	2520	0000381A
HSTDP	2522	0000381B
HSTDP	2523	0000381C
HSTDP	2524	0000381D
HSTDP	2525	0000381E
HSTDP	2526	0000381F
HSTDP	2527	00003820
HSTDP	2528	00003821
HSTDP	2530	00003822
HSTDP	2531	00003823
HSTDP	2542	00003824
HSTDP	2543	00003825
HSTDP	2544	00003826
HSTDP	2545	00003827
HSTDP	2547	00003828
HSTDP	2548	00003829
HSTDP	2549	0000382A
HSTDP	2550	0000382B
HSTDP	2551	0000382C
HSTDP	2552	0000382D
HSTDP	2553	0000382E
HSTDP	2555	0000382F
HSTDP	2556	00003830
HSTDP	2557	00003831
HSTDP	2558	00003832
HSTDP	2559	00003833
HSTDP	2560	00003834
HSTDP	2561	00003835
HSTDP	2562	00003836
HSTDP	2565	00003837
HSTDP	2567	00003838
HSTDP	2568	00003839
HSTDP	2569	0000383A
HSTDP	2571	0000383B
HSTDP	2572	0000383C
HSTDP	2573	0000383D
HSTDP	2574	0000383E
HSTDP	2576	0000383F
HSTDP	2577	00003840
HSTDP	2579	00003841
HSTDP	2580	00003842
HSTDP	2581	00003843
HSTDP	2582	00003844
HSTDP	2583	00003845
HSTDP	2584	00003846
HSTDP	2585	00003847
HSTDP	2587	00003848
HSTDP	2592	00003849
HSTDP	2593	0000384A
HSTDP	2594	0000384B
HSTDP	2595	0000384C
HSTDP	2596	0000384D
HSTDP	2597	0000384E
HSTDP	2598	0000384F
HSTDP	2599	00003850
HSTDP	2600	00003851
HSTDP	2601	00003852
HSTDP	2603	00003853
HSTDP	2604	00003854
HSTDP	2606	00003855
HSTDP	2607	00003856
HSTDP	2608	00003857
HSTDP	2610	00003858
HSTDP	2634	00003859
HSTDP	2635	0000385A
HSTDP	2637	0000385B
HSTDP	2638	0000385C
HSTDP	2640	0000385D
HSTDP	2641	0000385E
HSTDP	2643	0000385F
HSTDP	2644	00003860
HSTDP	2646	00003861
HSTDP	2647	00003862
HSTDP	2649	00003863
HSTDP	2650	00003864
HSTDP	2652	00003865
HSTDP	2653	00003866
HSTDP	2654	00003867
HSTDP	2656	00003868
HSTDP	2658	00003869
HSTDP	2666	0000386A
HSTDP	2667	0000386B
HSTDP	2668	0000386E
HSTDP	2669	0000386F
HSTDP	2671	00003870
HSTDP	2679	00003872
HSTDP	2680	00003873
HSTDP	2681	00003874
HSTDP	2682	00003875
HSTDP	2683	00003876
HSTDP	2684	00003877
HSTDP	2686	00003878
HSTDP	2688	00003879
HSTDP	2690	0000387A
HSTDP	2692	0000387B
HSTDP	2693	0000387C
HSTDP	2694	0000387D
HSTDP	2695	0000387E
HSTDP	2696	0000387F
HSTDP	2698	00003880
HSTDP	2700	00003881
HSTDP	2701	00003882
HSTDP	2702	00003883
HSTDP	2704	00003884
HSTDP	2705	00003885
HSTDP	2706	00003886
HSTDP	2707	00003887
HSTDP	2708	00003888
HSTDP	2711	00003889
HSTDP	2714	0000388A
HSTDP	2715	0000388B
HSTDP	2716	0000388C
HSTDP	2718	0000388D
HSTDP	2719	0000388E
HSTDP	2721	0000388F
HSTDP	2722	00003890
HSTDP	2723	00003891
HSTDP	2724	00003892
HSTDP	2725	00003893
HSTDP	2726	00003894
HSTDP	2727	00003895
HSTDP	2729	00003896
HSTDP	2730	00003897
HSTDP	2731	00003898
HSTDP	2733	00003899
HSTDP	2734	0000389A
HSTDP	2736	0000389B
HSTDP	2737	0000389C
HSTDP	2739	0000389D
HSTDP	2740	0000389E
HSTDP	2742	0000389F
HSTDP	2744	000038A0
HSTDP	2745	000038A1
HSTDP	2746	000038A2
HSTDP	2748	000038A3
HSTDP	2749	000038A4
HSTDP	2750	000038A5
HSTDP	2751	000038A6
HSTDP	2753	000038A7
HSTDP	2755	000038A8
HSTDP	2757	000038A9
HSTDP	2758	000038AA
HSTDP	2759	000038AD
HSTDP	2761	000038AE
HSTDP	2762	000038B0
HSTDP	2763	000038B1
HSTDP	2764	000038B2
HSTDP	2765	000038B3
HSTDP	2766	000038B4
HSTDP	2768	000038B5
HSTDP	2770	000038B7
HSTDP	2772	000038B8
HSTDP	2773	000038BA
HSTDP	2774	000038BB
HSTDP	2776	000038BC
HSTDP	2777	000038BD
HSTDP	2778	000038BE
HSTDP	2779	000038BF
HSTDP	2781	000038C0
HSTDP	2782	000038C1
HSTDP	2783	000038C2
HSTDP	2784	000038C3
HSTDP	2786	000038C4
HSTDP	2787	000038C5
HSTDP	2789	000038C6
HSTDP	2790	000038C8
HSTDP	2791	000038C9
HSTDP	2792	000038CA
HSTDP	2807	000038CD
HSTDP	2808	000038CE
HSTDP	2809	000038CF
HSTDP	2810	000038D0
HSTDP	2811	000038D1
HSTDP	2812	000038D2
HSTDP	2813	000038D3
HSTDP	2814	000038D4
HSTDP	2815	000038D5
HSTDP	2817	000038D6
HSTDP	2818	000038D7
HSTDP	2819	000038D8
HSTDP	2820	000038D9
HSTDP	2821	000038DA
HSTDP	2822	000038DB
HSTDP	2823	000038DC
HSTDP	2824	000038DD
HSTDP	2825	000038DE
HSTDP	2826	000038DF
HSTDP	2827	000038E1
HSTDP	2830	000038E2
HSTDP	2831	000038E4
HSTDP	2837	000038E5
HSTDP	2838	000038E6
HSTDP	2839	000038E7
HSTDP	2840	000038E8
HSTDP	2841	000038E9
HSTDP	2843	000038EA
HSTDP	2844	000038EB
HSTDP	2845	000038EC
HSTDP	2846	000038ED
HSTDP	2848	000038EE
HSTDP	2858	000038F3
HSTDP	2859	000038F4
HSTDP	2860	000038F5
HSTDP	2862	000038F6
HSTDP	2863	000038F7
HSTDP	2864	000038F8
HSTDP	2870	000038F9
HSTDP	2871	000038FA
HSTDP	2872	000038FB
HSTDP	2873	000038FC
HSTDP	2874	000038FD
HSTDP	2876	000038FE
HSTDP	2877	000038FF
HSTDP	2878	00003900
HSTDP	2880	00003901
HSTDP	2881	00003902
HSTDP	2882	00003903
HSTDP	2883	00003904
HSTDP	2885	00003905
HSTDP	2886	00003906
HSTDP	2887	00003907
HSTDP	2888	00003908
HSTDP	2890	00003909
HSTDP	2891	0000390A
HSTDP	2892	0000390B
HSTDP	2894	0000390C
HSTDP	2895	0000390D
HSTDP	2897	0000390E
HSTDP	2898	0000390F
HSTDP	2899	00003910
HSTDP	2900	00003911
HSTDP	2901	00003912
HSTDP	2908	00003913
HSTDP	2909	00003914
HSTDP	2910	00003915
HSTDP	2911	00003916
HSTDP	2913	00003917
HSTDP	2914	00003918
HSTDP	2915	00003919
HSTDP	2917	0000391A
HSTDP	2918	0000391B
HSTDP	2919	0000391C
HSTDP	2920	0000391D
HSTDP	2921	0000391E
HSTDP	2922	0000391F
HSTDP	2923	00003920
HSTDP	2924	00003921
HSTDP	2926	00003922
HSTDP	2927	00003923
HSTDP	2928	00003924
HSTDP	2929	00003925
HSTDP	2931	00003926
HSTDP	2932	00003927
HSTDP	2933	00003928
HSTDP	2935	00003929
HSTDP	2936	0000392A
HSTDP	2937	0000392B
HSTDP	2939	0000392C
HSTDP	2940	0000392D
HSTDP	2946	0000392E
HSTDP	2947	0000392F
HSTDP	2949	00003930
HSTDP	2951	00003931
HSTDP	2952	00003932
HSTDP	2953	00003933
HSTDP	2954	00003934
HSTDP	2955	00003935
HSTDP	2956	00003936
HSTDP	2957	00003937
HSTDP	2958	00003938
HSTDP	2965	00003939
HSTDP	2966	0000393A
HSTDP	2967	0000393B
HSTDP	2968	0000393C
HSTDP	2969	0000393F
HSTDP	2970	00003940
HSTDP	2971	00003941
HSTDP	2972	00003942
HSTDP	2975	00003943
HSTDP	2976	00003944
HSTDP	2977	00003945
HSTDP	2978	00003946
HSTDP	2979	00003947
HSTDP	2980	00003948
HSTDP	2981	00003949
HSTDP	2982	0000394A
HSTDP	2984	0000394B
HSTDP	2996	0000394C
HSTDP	2997	0000394D
HSTDP	2998	0000394E
HSTDP	2999	0000394F
HSTDP	3000	00003950
HSTDP	3001	00003951
HSTDP	3004	00003952
HUD	59	00009D0E
HUD	60	00009D0F
HUD	62	00009D10
HUD	63	00009D11
HUD	64	00009D12
HUD	65	00009D13
HUD	66	00009D15
HUD	69	00009D16
HUD	71	00009D17
HUD	72	00009D18
HUD	73	00009D19
HUD	75	00009D1A
HUD	76	00009D1C
HUD	78	00009D1D
HUD	79	00009D1E
HUD	80	00009D1F
HUD	88	00009D20
HUD	90	00009D21
HUD	91	00009D22
HUD	92	00009D23
HUD	94	00009D24
HUD	95	00009D26
HUD	97	00009D27
HUD	98	00009D28
HUD	99	00009D29
HUD	111	00009D2A
HUD	112	00009D2B
HUD	117	00009D2C
HUD	118	00009D2E
HUD	119	00009D2F
HUD	121	00009D30
HUD	122	00009D31
HUD	126	00009D32
HUD	127	00009D33
HUD	142	00009D34
HUD	144	00009D35
HUD	145	00009D36
HUD	147	00009D37
HUD	148	00009D38
HUD	149	00009D39
HUD	150	00009D3A
HUD	151	00009D3B
HUD	152	00009D3E
HUD	163	00009D41
HUD	164	00009D42
HUD	165	00009D43
HUD	166	00009D44
HUD	168	00009D45
HUD	169	00009D46
HUD	170	00009D47
HUD	172	00009D48
HUD	173	00009D49
HUD	176	00009D4A
HUD	177	00009D4B
HUD	178	00009D4C
HUD	179	00009D4D
HUD	180	00009D4E
HUD	181	00009D4F
HUD	182	00009D50
HUD	183	00009D53
HUD	184	00009D56
HUD	186	00009D57
HUD	187	00009D58
HUD	188	00009D59
HUD	189	00009D5A
HUD	190	00009D5B
HUD	191	00009D5C
HUD	192	00009D5D
HUD	193	00009D60
HUD	196	00009D63
HUD	197	00009D64
HUD	198	00009D65
HUD	199	00009D66
HUD	200	00009D67
HUD	201	00009D68
HUD	202	00009D69
HUD	203	00009D6A
HUD	204	00009D6D
HUD	213	00009D70
HUD	214	00009D71
HUD	215	00009D72
HUD	216	00009D73
HUD	217	00009D74
HUD	218	00009D75
HUD	221	00009D76
HUD	222	00009D77
HUD	223	00009D78
HUD	225	00009D79
HUD	226	00009D7A
HUD	227	00009D7B
HUD	228	00009D7C
HUD	229	00009D7D
HUD	230	00009D7E
HUD	231	00009D7F
HUD	233	00009D80
HUD	234	00009D81
HUD	235	00009D82
HUD	236	00009D83
HUD	237	00009D84
HUD	238	00009D85
HUD	247	00009D86
HUD	248	00009D87
HUD	249	00009D88
HUD	250	00009D89
HUD	251	00009D8A
HUD	252	00009D8B
HUD	253	00009D8C
HUD	254	00009D8D
HUD	255	00009D8E
HUD	256	00009D8F
HUD	257	00009D90
HUD	275	00009D91
HUD	276	00009D92
HUD	277	00009D93
HUD	278	00009D94
HUD	279	00009D95
HUD	280	00009D96
HUD	282	00009D97
HUD	283	00009D99
HUD	284	00009D9A
HUD	286	00009D9B
HUD	287	00009D9C
HUD	288	00009D9D
HUD	289	00009D9E
HUD	290	00009D9F
HUD	291	00009DA0
HUD	292	00009DA1
HUD	295	00009DA2
HUD	296	00009DA3
HUD	297	00009DA4
HUD	298	00009DA5
HUD	299	00009DA6
HUD	300	00009DA7
HUD	306	00009DA8
HUD	307	00009DA9
HUD	308	00009DAA
HUD	309	00009DAB
HUD	310	00009DAC
HUD	311	00009DAD
HUD	317	00009DAE
HUD	318	00009DAF
HUD	319	00009DB0
HUD	320	00009DB1
HUD	321	00009DB2
HUD	322	00009DB3
HUD	323	00009DB4
HUD	324	00009DB5
HUD	325	00009DB6
HUD	326	00009DB7
HUD	327	00009DB8
HUD	329	00009DBB
HUD	330	00009DBC
HUD	331	00009DBD
HUD	338	00009DBE
HUD	339	00009DBF
HUD	340	00009DC0
HUD	341	00009DC1
HUD	343	00009DC2
HUD	344	00009DC3
HUD	345	00009DC4
HUD	346	00009DC5
HUD	347	00009DC6
HUD	348	00009DC7
HUD	349	00009DC8
HUD	350	00009DC9
HUD	351	00009DCA
HUD	352	00009DCC
HUD	354	00009DCD
HUD	355	00009DCE
HUD	356	00009DCF
HUD	357	00009DD0
HUD	359	00009DD1
HUD	360	00009DD2
HUD	361	00009DD3
HUD	371	00009DD5
HUD	372	00009DD7
HUD	373	00009DD8
HUD	375	00009DD9
HUD	376	00009DDA
HUD	377	00009DDB
HUD	378	00009DDC
HUD	380	00009DDD
HUD	381	00009DDE
HUD	382	00009DDF
HUD	383	00009DE0
HUD	384	00009DE1
HUD	385	00009DE2
HUD	386	00009DE3
HUD	387	00009DE4
HUD	388	00009DE5
HUD	389	00009DE6
HUD	390	00009DE7
HUD	391	00009DEA
HUD	393	00009DED
HUD	394	00009DEE
HUD	395	00009DEF
HUD	396	00009DF0
HUD	402	00009DF1
HUD	403	00009DF2
HUD	404	00009DF3
HUD	405	00009DF4
HUD	406	00009DF5
HUD	407	00009DF6
HUD	409	00009DF7
HUD	410	00009DF8
HUD	411	00009DF9
HUD	412	00009DFA
HUD	413	00009DFB
HUD	414	00009DFC
HUD	417	00009DFD
HUD	418	00009DFE
HUD	419	00009DFF
HUD	420	00009E00
HUD	421	00009E01
HUD	422	00009E02
HUD	423	00009E03
HUD	424	00009E04
HUD	425	00009E05
HUD	426	00009E06
HUD	432	00009E07
HUD	433	00009E08
HUD	434	00009E09
HUD	435	00009E0A
HUD	436	00009E0B
HUD	437	00009E0C
HUD	438	00009E0D
HUD	439	00009E0E
HUD	440	00009E0F
HUD	441	00009E10
HUD	442	00009E11
HUD	444	00009E12
HUD	445	00009E13
HUD	446	00009E14
HUD	447	00009E15
HUD	448	00009E16
HUD	449	00009E17
HUD	492	00009E18
HUD	494	00009E19
HUD	495	00009E1A
HUD	496	00009E1B
HUD	497	00009E1C
HUD	498	00009E1D
HUD	500	00009E1E
HUD	504	00009E1F
HUD	505	00009E20
HUD	520	00009E21
HUD	521	00009E22
HUD	523	00009E23
HUD	525	00009E24
HUD	526	00009E25
HUD	527	00009E26
HUD	528	00009E27
HUD	529	00009E28
HUD	542	00009E29
HUD	543	00009E2A
HUD	544	00009E2B
HUD	545	00009E2C
HUD	546	00009E2D
HUD	547	00009E2E
HUD	549	00009E2F
HUD	550	00009E30
HUD	551	00009E31
HUD	552	00009E32
HUD	553	00009E33
HUD	554	00009E34
HUD	555	00009E35
HUD	556	00009E36
HUD	569	00009E4D
HUD	570	00009E4E
HUD	572	00009E4F
HUD	573	00009E50
HUD	574	00009E51
HUD	575	00009E52
HUD	577	00009E53
HUD	578	00009E54
HUD	579	00009E55
HUD	582	00009E56
HUD	583	00009E57
HUD	584	00009E58
HUD	586	00009E59
HUD	587	00009E5A
HUD	588	00009E5B
HUD	589	00009E5C
HUD	591	00009E5D
HUD	592	00009E5E
HUD	593	00009E5F
HUD	594	00009E60
HUD	595	00009E61
HUD	598	00009E62
HUD	599	00009E63
HUD	600	00009E64
HUD	601	00009E65
HUD	602	00009E66
HUD	604	00009E67
HUD	605	00009E68
HUD	606	00009E69
HUD	610	00009E6A
HUD	611	00009E6B
HUD	613	00009E6C
HUD	614	00009E6D
HUD	615	00009E6E
HUD	616	00009E6F
HUD	618	00009E70
HUD	619	00009E71
HUD	621	00009E72
HUD	622	00009E73
HUD	624	00009E74
HUD	625	00009E75
HUD	627	00009E76
HUD	628	00009E77
HUD	629	00009E78
HUD	630	00009E79
HUD	631	00009E7A
HUD	632	00009E7B
HUD	658	00009E84
HUD	659	00009E85
HUD	660	00009E86
HUD	661	00009E87
HUD	662	00009E88
HUD	665	00009E89
HUD	666	00009E8A
HUD	667	00009E8B
HUD	669	00009E8C
HUD	670	00009E8D
HUD	674	00009E8E
HUD	675	00009E8F
HUD	676	00009E90
HUD	677	00009E91
HUD	678	00009E92
HUD	686	00009E93
HUD	687	00009E94
HUD	689	00009E95
HUD	690	00009E96
HUD	691	00009E97
HUD	693	00009E98
HUD	694	00009E99
HUD	696	00009E9A
HUD	697	00009E9B
HUD	698	00009E9C
HUD	699	00009E9D
HUD	700	00009E9E
HUD	702	00009E9F
HUD	704	00009EA0
HUD	705	00009EA1
HUD	706	00009EA2
HUD	707	00009EA3
HUD	708	00009EA4
HUD	709	00009EA5
INFIN	40	00008212
INFIN	41	00008213
INFIN	42	00008214
INFIN	43	00008215
INFIN	44	00008216
INFIN	45	00008217
INFIN	46	00008218
INFIN	49	00008219
INFIN	50	0000821A
INFIN	52	0000821B
INFIN	54	0000821C
INFIN	55	0000821D
INFIN	56	0000821E
INFIN	59	0000821F
INFIN	60	00008220
INFIN	61	00008221
INFIN	62	00008222
INFIN	68	00008223
INFIN	70	00008224
INFIN	71	00008225
INFIN	72	00008226
INFIN	73	00008227
INFIN	75	00008228
INFIN	76	00008229
INFIN	77	0000822A
INFIN	79	0000822B
INFIN	80	0000822C
INFIN	81	0000822D
INFIN	82	0000822E
INFIN	84	0000822F
INFIN	85	00008230
INFIN	89	00008231
INFIN	90	00008232
INFIN	91	00008233
INFIN	92	00008233
INFIN	94	00008234
INFIN	95	00008234
INFIN	96	00008235
INFIN	98	00008236
INFIN	99	00008237
INFIN	100	00008237
INFIN	102	00008238
INFIN	106	00008239
INFIN	107	0000823A
INFIN	108	0000823B
INFIN	109	0000823C
INFIN	110	0000823D
INFIN	111	0000823E
INFIN	112	0000823F
INFIN	114	00008240
INFIN	115	00008241
INFIN	116	00008242
INFIN	117	00008243
INFIN	118	00008244
INFIN	120	00008245
INFIN	121	00008246
INFIN	122	00008247
INFIN	124	00008248
INFIN	125	00008249
INFIN	127	0000824A
INFIN	128	0000824B
INFIN	129	0000824C
INFIN	132	0000824D
INFIN	133	0000824E
INFIN	134	0000824F
INFIN	140	00008250
INFIN	142	00008251
INFIN	143	00008252
INFIN	144	00008253
INFIN	145	00008254
INFIN	149	00008255
INFIN	150	00008256
INFIN	151	00008257
INFIN	152	00008258
INFIN	153	00008259
INFIN	154	0000825A
INFIN	155	0000825B
INFIN	156	0000825C
INFIN	186	00008264
INFIN	187	00008265
INFIN	188	00008266
INFIN	189	00008267
INFIN	190	00008268
INFIN	191	00008269
INFIN	195	0000826A
INFIN	196	0000826B
INFIN	197	0000826C
INFIN	198	0000826D
INFIN	200	0000826E
INFIN	201	0000826F
INFIN	203	00008270
INFIN	204	00008271
INFIN	205	00008272
INFIN	206	00008273
INFIN	207	00008274
INFIN	209	00008275
INFIN	215	00008276
INFIN	216	00008277
INFIN	217	00008278
INFIN	218	00008279
INFIN	219	0000827A
INFIN	222	0000827B
INFIN	223	0000827C
INFIN	224	0000827D
INFIN	226	0000827E
INFIN	234	0000827F
INFIN	235	00008280
INFIN	236	00008281
INFIN	238	00008282
INFIN	239	00008283
INFIN	240	00008284
INFIN	244	00008285
INFIN	245	00008286
INFIN	246	00008287
INFIN	247	00008288
INFIN	248	00008289
INFIN	249	0000828A
INFIN	251	0000828B
INFIN	252	0000828C
INFIN	253	0000828D
INFIN	254	0000828E
INFIN	255	0000828F
INFIN	263	00008290
INFIN	264	00008291
INFIN	265	00008292
INFIN	266	00008293
INFIN	270	00008294
INFIN	271	00008295
INFIN	272	00008296
INFIN	274	00008297
INFIN	275	00008298
INFIN	276	00008299
INFIN	279	0000829A
INFIN	280	0000829B
INFIN	281	0000829C
INFIN	282	0000829D
INFIN	284	0000829E
INFIN	287	0000829F
INFIN	288	000082A0
INFIN	290	000082A1
INFIN	291	000082A2
INFIN	292	000082A3
INFIN	293	000082A4
INFIN	294	000082A5
INFIN	295	000082A6
INFIN	298	000082A7
INFIN	299	000082A8
INFIN	304	000082A9
INFIN	305	000082AA
INFIN	306	000082AB
INFIN	311	000082AC
INFIN	312	000082AD
INFIN	313	000082AE
INFIN	315	000082AF
INFIN	316	000082B0
INFIN	317	000082B1
INFIN	330	000082B2
INFIN	331	000082B3
INFIN	332	000082B4
INFIN	334	000082B5
INFIN	335	000082B6
INFIN	336	000082B7
INFIN	337	000082B8
INFIN	338	000082B9
INFIN	339	000082BA
INFIN	344	000082BB
INFIN	345	000082BC
INFIN	346	000082BD
INFIN	347	000082BE
INFIN	348	000082BF
INFIN	349	000082C0
INFIN	350	000082C1
INFIN	352	000082C2
INFIN	353	000082C3
INFIN	354	000082C4
INFIN	360	000082C5
INFIN	361	000082C6
INFIN	364	000082C7
INFIN	369	000082C8
INFIN	370	000082C9
INFIN	371	000082CA
INFIN	372	000082CB
INFIN	374	000082CC
INFIN	375	000082CD
INFIN	376	000082CE
INFIN	377	000082CF
INFIN	378	000082D0
INFIN	379	000082D1
INFIN	380	000082D2
INFIN	381	000082D3
INFIN	384	000082D4
INFIN	385	000082D5
INFIN	386	000082D6
INFIN	387	000082D7
INFIN	388	000082D8
INFIN	389	000082D9
INFIN	391	000082DA
INFIN	392	000082DB
INFIN	393	000082DC
INFIN	394	000082DD
INFIN	396	000082DE
INFIN	397	000082DF
INFIN	398	000082E0
INFIN	399	000082E1
INFIN	401	000082E2
INFIN	402	000082E3
INFIN	403	000082E4
INFIN	404	000082E5
INFIN	405	000082E6
INFIN	406	000082E7
INFIN	408	000082E8
INFIN	411	000082E9
INFIN	413	000082EA
INFIN	414	000082EB
INFIN	415	000082EC
INFIN	416	000082ED
INFIN	417	000082EE
INFIN	418	000082EF
INFIN	419	000082F0
INFIN	420	000082F1
INFIN	422	000082F2
INFIN	423	000082F3
INFIN	426	000082F4
INFIN	427	000082F5
INFIN	428	000082F6
INFIN	429	000082F7
INFIN	430	000082F8
INFIN	431	000082F9
INFIN	432	000082FA
INFIN	433	000082FB
INFIN	434	000082FC
INFIN	435	000082FD
INFIN	437	000082FE
INFIN	438	000082FF
INFIN	439	00008300
INFIN	440	00008301
INFIN	441	00008302
INFIN	442	00008303
INFIN	443	00008304
INFIN	445	00008305
INFIN	453	00008306
INFIN	454	00008307
INFIN	455	00008308
INFIN	456	00008309
INFIN	458	0000830A
INFIN	459	0000830B
INFIN	460	0000830C
INFIN	461	0000830D
INFIN	463	0000830E
INFIN	464	0000830F
INFIN	465	00008310
INFIN	466	00008311
INFIN	468	00008312
INFIN	469	00008313
INFIN	470	00008314
INFIN	471	00008315
INFIN	473	00008316
INFIN	475	00008317
INFIN	476	00008318
INFIN	477	00008319
INFIN	478	0000831A
INFIN	480	0000831B
INFIN	481	0000831C
INFIN	483	0000831D
INFIN	484	0000831E
INFIN	485	0000831F
INFIN	486	00008320
INFIN	487	00008321
INFIN	488	00008322
INFIN	489	00008323
INFIN	496	00008324
INFIN	497	00008325
INFIN	498	00008326
INFIN	500	00008327
INFIN	501	00008328
INFIN	502	00008329
INFIN	503	0000832A
INFIN	505	0000832B
INFIN	507	0000832C
INFIN	508	0000832D
INFIN	509	0000832E
INFIN	510	0000832F
INFIN	511	00008330
INFIN	513	00008331
INFIN	514	00008332
INFIN	515	00008333
INFIN	520	00008334
INFIN	521	00008335
INFIN	522	00008336
INFIN	523	00008337
INFIN	525	00008338
INFIN	526	00008339
INFIN	527	0000833A
INFIN	528	0000833B
INFIN	530	0000833C
INFIN	531	0000833D
INFIN	532	0000833E
INFIN	533	0000833F
INFIN	535	00008340
INFIN	536	00008341
INFIN	537	00008342
INFIN	538	00008343
INFIN	540	00008344
INFIN	543	00008345
INFIN	544	00008346
INFIN	545	00008347
INFIN	546	00008348
INFIN	547	00008349
INFIN	548	0000834A
INFIN	550	0000834B
INFIN	551	0000834C
INFIN	552	0000834D
INFIN	553	0000834E
INFIN	554	0000834F
INFIN	557	00008350
INFIN	558	00008351
INFIN	559	00008352
INFIN	561	00008353
INFIN	630	000083D4
INFIN	646	000083D5
INFIN	647	000083D6
INFIN	648	000083D7
INFIN	650	000083D8
INFIN	651	000083D9
INFIN	652	000083DA
INFIN	653	000083DB
INFIN	655	000083DC
INFIN	656	000083DD
INFIN	657	000083DE
INFIN	658	000083DF
INFIN	659	000083E0
INFIN	661	000083E1
INFIN	662	000083E2
INFIN	663	000083E3
INFIN	664	000083E4
INFIN	666	000083E5
INFIN	667	000083E6
INFIN	668	000083E7
INFIN	669	000083E8
INFIN	670	000083E9
INFIN	671	000083EA
INFIN	672	000083EB
INFIN	673	000083EC
INFIN	675	000083ED
INFIN	676	000083EE
INFIN	678	000083EF
INFIN	679	000083F0
INFIN	680	000083F1
INFIN	682	000083F2
INFIN	683	000083F3
INFIN	684	000083F4
INFIN	685	000083F5
INFIN	688	000083F6
INFIN	689	000083F7
INFIN	690	000083F8
INFIN	691	000083F9
INFIN	692	000083FA
INFIN	694	000083FB
INFIN	695	000083FC
INFIN	696	000083FD
INFIN	697	000083FE
INFIN	699	000083FF
INFIN	700	00008400
INFIN	701	00008401
INFIN	702	00008402
INFIN	703	00008403
INFIN	704	00008404
INFIN	705	00008405
INFIN	706	00008406
INFIN	708	00008407
INFIN	711	00008408
INFIN	713	00008409
INFIN	726	0000840A
INFIN	729	0000840B
INFIN	731	0000840C
INFIN	732	0000840D
INFIN	733	0000840E
INFIN	734	0000840F
INFIN	735	00008410
INFIN	738	00008411
INFIN	739	00008412
INFIN	740	00008413
INFIN	741	00008414
INFIN	744	00008415
INFIN	750	00008416
INFIN	751	00008417
INFIN	752	00008418
INFIN	753	00008419
INFIN	754	0000841A
INFIN	755	0000841B
INFIN	756	0000841C
INFIN	757	0000841D
INFIN	758	0000841E
INFIN	762	0000841F
INFIN	763	00008420
INFIN	764	00008421
INFIN	765	00008422
INFIN	767	00008423
INFIN	768	00008424
INFIN	769	00008425
INFIN	770	00008426
INFIN	771	00008427
INFIN	772	00008428
INFIN	773	00008429
INFIN	775	0000842A
INFIN	776	0000842B
INFIN	777	0000842C
INFIN	778	0000842D
INFIN	782	0000842E
INFIN	783	0000842F
INFIN	784	00008430
INFIN	785	00008431
INFIN	790	00008432
INFIN	791	00008433
INFIN	792	00008434
INFIN	794	00008435
INFIN	795	00008436
INFIN	797	00008437
INFIN	798	00008438
INFIN	799	00008439
INFIN	800	0000843A
INFIN	802	0000843B
INFIN	803	0000843C
INFIN	806	0000843D
INFIN	807	0000843E
INFIN	808	0000843F
INFIN	809	00008440
INFIN	810	00008441
INFIN	811	00008442
INFIN	814	00008443
INFIN	815	00008444
INFIN	816	00008445
INFIN	822	00008446
INFIN	823	00008447
INFIN	824	00008448
INFIN	825	00008449
INFIN	826	0000844A
INFIN	828	0000844B
INFIN	829	0000844C
INFIN	830	0000844D
INFIN	831	0000844E
INFIN	833	0000844F
INFIN	834	00008450
INFIN	835	00008451
INFIN	836	00008452
INFIN	838	00008453
INFIN	839	00008454
INFIN	840	00008455
INFIN	841	00008456
INFIN	842	00008457
INFIN	843	00008458
INFIN	845	00008459
INFIN	846	0000845A
INFIN	847	0000845B
INFIN	848	0000845C
INFIN	849	0000845D
INFIN	850	00008460
INFIN	852	00008461
INFIN	853	00008462
INFIN	854	00008463
INFIN	855	00008464
INFIN	857	00008465
INFIN	858	00008466
INFIN	860	00008467
INFIN	861	00008468
INTRO	55	0000154D
INTRO	56	0000154E
INTRO	58	0000154F
INTRO	61	00001550
INTRO	62	00001551
INTRO	64	00001552
INTRO	65	00001553
INTRO	66	00001554
INTRO	69	00001555
INTRO	70	00001556
INTRO	71	00001557
INTRO	72	00001558
INTRO	73	00001559
INTRO	74	0000155A
INTRO	75	0000155B
INTRO	76	0000155C
INTRO	78	0000155D
INTRO	79	0000155E
INTRO	81	0000155F
INTRO	82	00001560
INTRO	83	00001561
INTRO	84	00001562
INTRO	88	00001563
INTRO	89	00001564
INTRO	90	00001565
INTRO	91	00001566
INTRO	92	00001567
INTRO	93	00001568
INTRO	94	00001569
INTRO	95	0000156A
INTRO	96	0000156B
INTRO	97	0000156C
INTRO	98	0000156D
INTRO	99	0000156E
INTRO	100	0000156F
INTRO	101	00001570
INTRO	105	00001571
INTRO	106	00001572
INTRO	107	00001573
INTRO	108	00001574
INTRO	109	00001575
INTRO	110	00001576
INTRO	111	00001577
INTRO	112	00001578
INTRO	113	00001579
INTRO	114	0000157A
INTRO	116	0000157B
INTRO	117	0000157C
INTRO	118	0000157D
INTRO	119	0000157E
INTRO	122	0000157F
INTRO	123	00001580
INTRO	124	00001581
INTRO	128	00001582
INTRO	129	00001583
INTRO	130	00001584
INTRO	131	00001585
INTRO	132	00001586
INTRO	134	00001587
INTRO	135	00001588
INTRO	138	00001589
INTRO	140	0000158A
INTRO	141	0000158B
INTRO	142	0000158C
INTRO	143	0000158D
INTRO	146	0000158E
INTRO	148	0000158F
INTRO	149	00001590
INTRO	151	00001591
INTRO	152	00001593
INTRO	155	00001594
INTRO	156	00001596
INTRO	157	00001597
INTRO	158	00001598
INTRO	163	0000159A
INTRO	164	0000159B
INTRO	165	0000159C
INTRO	166	000015A2
INTRO	167	000015A3
INTRO	169	000015A4
INTRO	170	000015A5
INTRO	171	000015A6
INTRO	172	000015AC
INTRO	173	000015AD
INTRO	175	000015AE
INTRO	176	000015AF
INTRO	177	000015B0
INTRO	178	000015B6
INTRO	179	000015B7
INTRO	187	000015B8
INTRO	188	000015B9
INTRO	190	000015BA
INTRO	191	000015BB
INTRO	192	000015BC
INTRO	193	000015BE
INTRO	195	000015BF
INTRO	196	000015C0
INTRO	200	000015C1
INTRO	201	000015C2
INTRO	202	000015C3
INTRO	203	000015C4
INTRO	204	000015C5
INTRO	205	000015C6
INTRO	206	000015C7
INTRO	207	000015C8
INTRO	208	000015C9
INTRO	211	000015CC
INTRO	213	000015CE
INTRO	214	000015CF
INTRO	230	000015D0
INTRO	231	000015D1
INTRO	232	000015D2
INTRO	233	000015D3
INTRO	241	000015D4
INTRO	242	000015D5
INTRO	244	000015D6
INTRO	245	000015D7
INTRO	246	000015D8
INTRO	247	000015D9
INTRO	248	000015DA
INTRO	249	000015DB
INTRO	250	000015DC
INTRO	251	000015DD
INTRO	252	000015DE
INTRO	253	000015DF
INTRO	255	000015E0
INTRO	256	000015E1
INTRO	259	000015E2
INTRO	260	000015E3
INTRO	263	000015E4
INTRO	264	000015E5
INTRO	269	000015E6
INTRO	270	000015E7
INTRO	271	000015E8
INTRO	272	000015E9
INTRO	273	000015EA
INTRO	274	000015EB
INTRO	275	000015EC
INTRO	276	000015ED
INTRO	277	000015EE
INTRO	280	000015F1
INTRO	302	000015F2
INTRO	304	000015F3
INTRO	305	000015F4
INTRO	306	000015F5
INTRO	308	000015F6
INTRO	310	000015F7
INTRO	311	000015F8
INTRO	312	000015F9
INTRO	313	000015FB
INTRO	315	000015FC
INTRO	316	000015FE
INTRO	317	000015FF
INTRO	318	00001600
INTRO	322	00001602
INTRO	323	00001603
INTRO	324	00001604
INTRO	325	00001605
INTRO	326	00001606
INTRO	327	00001608
INTRO	329	00001609
INTRO	331	0000160A
INTRO	332	0000160B
INTRO	333	0000160C
INTRO	334	0000160D
INTRO	335	0000160E
INTRO	336	0000160F
INTRO	337	00001610
INTRO	338	00001612
INTRO	340	00001613
INTRO	359	00001617
INTRO	360	00001618
INTRO	363	00001619
INTRO	364	0000161A
INTRO	370	0000161B
INTRO	371	0000161C
INTRO	373	0000161D
INTRO	374	0000161E
INTRO	377	0000161F
INTRO	378	00001620
INTRO	380	00001621
INTRO	381	00001622
INTRO	382	00001623
INTRO	385	00001624
INTRO	386	00001625
INTRO	387	00001626
INTRO	389	00001627
INTRO	390	00001628
INTRO	391	00001629
INTRO	394	0000162A
INTRO	395	0000162B
INTRO	397	0000162C
INTRO	401	0000162D
INTRO	403	0000162E
INTRO	404	0000162F
INTRO	405	00001630
INTRO	406	00001631
INTRO	407	00001632
INTRO	408	00001633
INTRO	411	00001634
INTRO	412	00001635
INTRO	413	00001636
INTRO	414	00001637
INTRO	415	00001638
INTRO	416	00001639
INTRO	417	0000163A
INTRO	418	0000163B
INTRO	422	0000163C
INTRO	423	0000163D
INTRO	425	0000163E
INTRO	426	0000163F
INTRO	429	00001640
INTRO	430	00001641
INTRO	431	00001642
INTRO	432	00001643
INTRO	435	00001644
INTRO	436	00001645
INTRO	437	00001646
INTRO	438	00001647
INTRO	440	00001648
INTRO	442	00001649
INTRO	443	0000164A
INTRO	444	0000164B
INTRO	445	0000164C
INTRO	446	0000164D
INTRO	447	0000164E
INTRO	448	0000164F
INTRO	450	00001652
INTRO	451	00001653
INTRO	452	00001654
INTRO	453	00001655
INTRO	454	00001656
INTRO	455	00001657
INTRO	456	00001658
INTRO	462	0000165B
INTRO	463	0000165C
INTRO	464	0000165D
INTRO	465	0000165F
INTRO	477	00001660
INTRO	478	00001661
INTRO	480	00001662
INTRO	481	00001663
INTRO	483	00001664
INTRO	484	00001665
INTRO	485	00001666
INTRO	486	00001667
INTRO	490	00001668
INTRO	491	00001669
INTRO	493	0000166A
INTRO	495	0000166B
INTRO	496	0000166C
INTRO	497	0000166D
INTRO	498	0000166E
INTRO	499	0000166F
INTRO	500	00001670
INTRO	501	00001673
INTRO	504	00001676
INTRO	505	00001678
INTRO	508	00001679
INTRO	509	0000167A
INTRO	510	0000167B
INTRO	512	0000167C
INTRO	513	0000167D
INTRO	514	0000167F
INTRO	524	00001680
INTRO	525	00001681
INTRO	526	00001682
INTRO	529	00001683
INTRO	530	00001684
INTRO	531	00001685
INTRO	533	00001686
INTRO	534	00001687
INTRO	535	00001688
INTRO	551	0000168C
INTRO	552	0000168D
INTRO	554	0000168E
INTRO	555	0000168F
INTRO	557	00001690
INTRO	558	00001691
INTRO	560	00001692
INTRO	561	00001693
INTRO	563	00001694
INTRO	564	00001695
INTRO	565	00001696
INTRO	566	00001697
INTRO	568	00001698
INTRO	569	00001699
INTRO	571	0000169A
INTRO	572	0000169B
INTRO	578	0000169C
INTRO	580	0000169F
INTRO	581	000016A1
INTRO	582	000016A2
INTRO	585	000016A3
INTRO	589	000016A6
INTRO	590	000016A7
INTRO	592	000016A8
INTRO	593	000016A9
INTRO	594	000016AA
INTRO	595	000016AB
INTRO	597	000016AC
INTRO	598	000016AD
INTRO	599	000016AE
INTRO	600	000016AF
INTRO	601	000016B0
INTRO	602	000016B1
INTRO	603	000016B2
INTRO	604	000016B3
INTRO	605	000016B4
INTRO	606	000016B5
INTRO	607	000016B8
INTRO	608	000016B9
INTRO	610	000016BA
INTRO	611	000016BB
INTRO	612	000016BC
INTRO	616	000016BD
INTRO	617	000016BE
INTRO	618	000016BF
INTRO	619	000016C0
INTRO	620	000016C1
INTRO	621	000016C2
INTRO	622	000016C3
INTRO	623	000016C4
INTRO	624	000016C5
INTRO	625	000016C6
INTRO	626	000016C9
INTRO	627	000016CA
INTRO	628	000016CB
INTRO	629	000016CC
INTRO	630	000016CD
INTRO	634	000016CE
INTRO	635	000016CF
INTRO	636	000016D0
INTRO	637	000016D1
INTRO	638	000016D2
INTRO	639	000016D3
INTRO	640	000016D4
INTRO	641	000016D5
INTRO	642	000016D6
INTRO	643	000016D7
INTRO	644	000016DA
INTRO	645	000016DB
INTRO	647	000016DC
INTRO	648	000016DD
INTRO	649	000016DE
INTRO	650	000016DF
INTRO	654	000016E0
INTRO	655	000016E1
INTRO	656	000016E2
INTRO	658	000016E3
INTRO	661	000016E6
INTRO	662	000016E7
INTRO	663	000016E8
INTRO	664	000016E9
INTRO	665	000016EA
INTRO	666	000016EB
INTRO	667	000016EC
INTRO	668	000016ED
INTRO	669	000016EE
INTRO	671	000016F1
INTRO	672	000016F2
INTRO	673	000016F3
INTRO	674	000016F4
INTRO	675	000016F5
INTRO	676	000016F6
INTRO	677	000016F7
INTRO	680	000016FA
INTRO	681	000016FB
INTRO	684	000016FC
INTRO	685	000016FE
INTRO	687	000016FF
INTRO	688	00001700
INTRO	690	00001701
INTRO	692	00001703
INTRO	693	00001706
INTRO	694	00001707
INTRO	696	00001708
INTRO	697	0000170B
INTRO	698	0000170C
INTRO	699	0000170F
INTRO	700	00001710
INTRO	701	00001713
INTRO	703	00001714
INTRO	704	00001715
INTRO	705	00001716
INTRO	706	00001717
INTRO	707	00001718
INTRO	709	00001719
INTRO	710	0000171A
INTRO	711	0000171B
INTRO	713	0000171C
INTRO	719	00001720
INTRO	720	00001721
INTRO	722	00001722
INTRO	724	00001723
INTRO	725	00001724
INTRO	736	00001725
INTRO	737	00001726
INTRO	738	00001727
INTRO	739	00001728
INTRO	740	00001729
INTRO	741	0000172A
INTRO	742	0000172B
INTRO	743	0000172C
INTRO	744	0000172D
INTRO	745	0000172E
INTRO	746	0000172F
INTRO	747	00001730
INTRO	761	00001731
INTRO	762	00001732
INTRO	763	00001733
INTRO	764	00001734
INTRO	765	00001735
INTRO	766	00001736
INTRO	767	00001737
INTRO	768	00001738
INTRO	770	00001739
INTRO	773	0000173F
INTRO	774	00001740
INTRO	776	00001741
INTRO	777	00001742
INTRO	779	00001743
INTRO	780	00001744
INTRO	781	00001745
INTRO	784	00001746
INTRO	785	00001747
INTRO	786	00001748
INTRO	787	00001749
INTRO	814	0000174A
INTRO	815	0000174B
INTRO	821	0000174C
INTRO	822	0000174D
INTRO	826	0000174E
INTRO	827	0000174F
INTRO	828	00001750
INTRO	829	00001751
INTRO	832	00001752
INTRO	833	00001753
INTRO	834	00001754
INTRO	836	00001755
INTRO	839	00001757
INTRO	840	00001758
INTRO	843	00001759
INTRO	846	0000175A
INTRO	847	0000175B
INTRO	848	0000175C
INTRO	850	0000175D
INTRO	851	0000175E
INTRO	853	0000175F
INTRO	855	00001761
INTRO	856	00001762
INTRO	857	00001763
INTRO	861	00001764
INTRO	862	00001765
INTRO	863	00001766
INTRO	866	0000176A
INTRO	867	0000176B
INTRO	869	0000176D
INTRO	870	0000176E
INTRO	871	0000176F
INTRO	872	00001770
INTRO	873	00001771
INTRO	880	00001775
INTRO	881	00001776
INTRO	882	00001777
INTRO	883	00001778
INTRO	884	00001779
INTRO	885	0000177A
INTRO	886	0000177B
INTRO	887	0000177C
INTRO	889	0000177D
INTRO	891	00001783
INTRO	892	00001784
INTRO	893	00001785
INTRO	895	00001787
INTRO	896	00001789
INTRO	898	0000178B
INTRO	901	0000178C
INTRO	902	0000178D
INTRO	904	0000178E
INTRO	905	0000178F
INTRO	907	00001790
INTRO	908	00001792
INTRO	909	00001793
INTRO	910	00001795
INTRO	911	00001796
INTRO	912	00001797
INTRO	913	00001798
INTRO	914	000017A0
INTRO	915	000017A1
INTRO	918	000017A3
INTRO	920	000017A5
INTRO	921	000017A6
INTRO	924	000017A7
INTRO	925	000017A8
INTRO	926	000017A9
INTRO	927	000017AA
INTRO	928	000017AB
INTRO	929	000017AD
INTRO	931	000017AE
INTRO	934	000017B0
INTRO	935	000017B1
INTRO	937	000017B2
INTRO	938	000017B3
INTRO	939	000017B4
INTRO	940	000017B5
INTRO	941	000017B6
INTRO	942	000017B7
INTRO	943	000017B8
INTRO	944	000017B9
INTRO	945	000017BA
INTRO	949	000017BB
INTRO	950	000017BC
INTRO	951	000017BD
INTRO	952	000017BE
INTRO	954	000017BF
INTRO	955	000017C5
INTRO	956	000017C6
INTRO	959	000017C7
INTRO	960	000017C8
INTRO	961	000017C9
INTRO	964	000017CA
INTRO	965	000017CB
INTRO	967	000017CC
INTRO	969	000017D2
INTRO	970	000017D3
INTRO	971	000017D4
INTRO	974	000017DA
INTRO	975	000017DB
INTRO	977	000017DC
INTRO	978	000017DE
INTRO	979	000017DF
INTRO	984	000017E0
INTRO	985	000017E1
INTRO	986	000017E2
INTRO	989	000017E3
INTRO	990	000017E5
INTRO	991	000017E6
INTRO	992	000017E7
INTRO	994	000017E8
INTRO	995	000017EB
INTRO	997	000017EC
INTRO	998	000017ED
INTRO	999	000017EE
INTRO	1004	000017EF
INTRO	1005	000017F0
INTRO	1006	000017F1
INTRO	1009	000017F3
INTRO	1010	000017F4
INTRO	1012	000017F5
INTRO	1013	000017F6
INTRO	1014	000017F7
INTRO	1015	000017F8
INTRO	1017	000017F9
INTRO	1018	000017FA
INTRO	1019	000017FB
INTRO	1020	000017FC
INTRO	1023	000017FD
INTRO	1024	000017FE
INTRO	1027	000017FF
INTRO	1028	00001801
INTRO	1030	00001802
INTRO	1031	00001803
INTRO	1034	00001804
INTRO	1035	00001805
INTRO	1038	00001806
INTRO	1039	00001807
INTRO	1041	00001809
INTRO	1042	0000180A
INTRO	1044	0000180B
INTRO	1052	0000180C
INTRO	1053	0000180D
INTRO	1054	0000180E
INTRO	1055	0000180F
INTRO	1057	00001810
INTRO	1058	00001811
INTRO	1059	00001812
INTRO	1061	00001813
INTRO	1062	00001814
INTRO	1063	00001815
INTRO	1065	00001816
INTRO	1066	00001817
INTRO	1067	00001818
INTRO	1068	00001819
INTRO	1071	0000181A
INTRO	1072	0000181B
INTRO	1075	0000181C
INTRO	1078	0000181E
INTRO	1085	0000181F
INTRO	1086	00001820
INTRO	1087	00001821
INTRO	1088	00001822
INTRO	1090	00001823
INTRO	1091	00001824
INTRO	1093	00001825
INTRO	1094	00001826
INTRO	1095	00001827
INTRO	1097	00001828
INTRO	1098	00001829
INTRO	1099	0000182A
INTRO	1100	0000182B
INTRO	1101	0000182C
INTRO	1104	0000182D
INTRO	1105	0000182E
INTRO	1106	0000182F
INTRO	1107	00001830
INTRO	1108	00001831
INTRO	1109	00001832
INTRO	1111	00001833
INTRO	1112	00001834
INTRO	1113	00001835
INTRO	1115	00001836
INTRO	1117	00001838
INTRO	1118	00001839
INTRO	1120	0000183A
INTRO	1121	0000183B
INTRO	1122	0000183C
INTRO	1123	0000183D
INTRO	1125	0000183E
INTRO	1126	0000183F
INTRO	1127	00001840
INTRO	1142	00001841
INTRO	1143	00001842
INTRO	1144	00001843
INTRO	1145	00001844
INTRO	1146	00001845
INTRO	1148	00001846
INTRO	1149	00001847
INTRO	1150	00001848
INTRO	1151	00001849
INTRO	1152	0000184A
INTRO	1153	0000184B
INTRO	1154	0000184C
INTRO	1157	0000184D
INTRO	1158	0000184E
INTRO	1159	0000184F
INTRO	1161	00001850
INTRO	1162	00001851
INTRO	1163	00001852
INTRO	1165	00001853
INTRO	1166	00001854
INTRO	1167	00001855
INTRO	1168	00001856
INTRO	1169	00001857
INTRO	1170	00001858
INTRO	1176	00001859
INTRO	1177	0000185A
INTRO	1178	0000185B
INTRO	1179	0000185C
INTRO	1180	0000185D
INTRO	1181	0000185E
INTRO	1182	0000185F
INTRO	1183	00001860
INTRO	1184	00001861
INTRO	1186	00001862
INTRO	1187	00001863
INTRO	1189	00001864
INTRO	1190	00001867
INTRO	1191	0000186A
INTRO	1192	0000186D
INTRO	1193	00001870
INTRO	1197	00001873
INTRO	1198	00001874
INTRO	1200	00001875
INTRO	1201	00001876
INTRO	1202	00001879
INTRO	1203	0000187A
INTRO	1205	0000187D
INTRO	1206	0000187E
INTRO	1207	00001881
INTRO	1208	00001882
INTRO	1210	00001885
INTRO	1211	00001886
INTRO	1212	00001889
INTRO	1213	0000188A
INTRO	1215	0000188D
INTRO	1216	0000188E
INTRO	1217	00001891
INTRO	1218	00001892
INTRO	1221	00001895
INTRO	1222	00001896
INTRO	1223	00001897
INTRO	1224	00001898
INTRO	1226	00001899
INTRO	1227	0000189A
INTRO	1229	0000189B
INTRO	1232	0000189C
INTRO	1234	0000189F
INTRO	1299	000018A6
INTRO	1300	000018A7
INTRO	1301	000018A8
INTRO	1302	000018A9
INTRO	1304	000018AA
INTRO	1305	000018AB
INTRO	1306	000018AC
INTRO	1307	000018AD
INTRO	1308	000018AE
INTRO	1311	000018AF
INTRO	1312	000018B0
INTRO	1314	000018B1
INTRO	1315	000018B2
INTRO	1316	000018B3
INTRO	1318	000018B4
INTRO	1319	000018B5
INTRO	1321	000018B7
INTRO	1324	000018BA
INTRO	1325	000018BB
INTRO	1326	000018BC
INTRO	1327	000018BD
INTRO	1328	000018BE
INTRO	1329	000018BF
INTRO	1330	000018C2
INTRO	1333	000018C3
INTRO	1334	000018C4
INTRO	1335	000018C5
INTRO	1336	000018C7
INTRO	1339	000018C8
INTRO	1340	000018C9
INTRO	1351	000018CA
INTRO	1352	000018CB
INTRO	1353	000018CC
INTRO	1354	000018CD
INTRO	1355	000018CE
INTRO	1362	000018CF
INTRO	1363	000018D0
INTRO	1364	000018D1
INTRO	1366	000018D2
INTRO	1367	000018D3
INTRO	1369	000018D4
INTRO	1370	000018D5
INTRO	1375	000018D6
INTRO	1376	000018D7
INTRO	1377	000018D8
INTRO	1378	000018D9
INTRO	1379	000018DA
INTRO	1380	000018DB
INTRO	1381	000018DC
INTRO	1382	000018DD
INTRO	1384	000018DE
INTRO	1385	000018DF
INTRO	1389	000018E0
INTRO	1390	000018E1
INTRO	1391	000018E2
INTRO	1392	000018E3
INTRO	1393	000018E4
INTRO	1395	000018E5
INTRO	1396	000018E6
INTRO	1397	000018E7
INTRO	1399	000018E8
INTRO	1400	000018E9
INTRO	1402	000018EA
INTRO	1403	000018EB
INTRO	1404	000018EC
INTRO	1405	000018ED
INTRO	1407	000018EE
INTRO	1408	000018EF
INTRO	1409	000018F0
INTRO	1412	000018F1
INTRO	1413	000018F2
INTRO	1414	000018F3
INTRO	1415	000018F4
INTRO	1416	000018F5
INTRO	1417	000018F6
INTRO	1419	000018F7
INTRO	1420	000018F8
INTRO	1421	000018F9
INTRO	1422	000018FA
INTRO	1426	000018FB
INTRO	1427	000018FC
INTRO	1428	000018FD
INTRO	1429	000018FE
INTRO	1430	000018FF
INTRO	1432	00001900
INTRO	1433	00001901
INTRO	1436	00001902
INTRO	1438	00001903
INTRO	1440	00001904
INTRO	1441	00001905
INTRO	1442	00001906
INTRO	1444	00001907
INTRO	1445	00001908
INTRO	1447	00001909
INTRO	1448	0000190A
INTRO	1449	0000190B
INTRO	1450	0000190C
INTRO	1451	0000190D
INTRO	1452	0000190E
INTRO	1454	0000190F
INTRO	1455	00001910
INTRO	1456	00001911
INTRO	1458	00001912
INTRO	1459	00001913
INTRO	1462	00001914
INTRO	1463	00001915
INTRO	1464	00001916
INTRO	1465	00001917
INTRO	1466	00001918
INTRO	1468	00001919
INTRO	1473	0000191A
INTRO	1474	0000191B
INTRO	1475	0000191C
INTRO	1478	0000191D
INTRO	1479	0000191E
INTRO	1480	0000191F
INTRO	1481	00001920
INTRO	1485	00001926
INTRO	1487	00001927
INTRO	1488	0000192A
INTRO	1489	0000192D
INTRO	1490	00001930
INTRO	1495	00001933
INTRO	1496	00001936
INTRO	1500	00001938
INTRO	1502	0000193A
INTRO	1503	0000193B
INTRO	1504	0000193C
INTRO	1506	0000193D
INTRO	1507	0000193E
INTRO	1518	00001942
INTRO	1519	00001943
INTRO	1520	00001944
INTRO	1524	00001945
INTRO	1525	00001946
INTRO	1526	00001947
INTRO	1528	00001948
INTRO	1529	00001949
INTRO	1531	0000194A
INTRO	1532	0000194B
INTRO	1533	0000194C
INTRO	1534	0000194D
INTRO	1538	0000194E
INTRO	1539	0000194F
INTRO	1540	00001950
INTRO	1541	00001951
INTRO	1542	00001952
INTRO	1545	00001953
INTRO	1546	00001954
INTRO	1547	00001955
INTRO	1548	00001956
INTRO	1550	00001958
INTRO	1551	00001959
INTRO	1556	0000195A
INTRO	1557	0000195B
INTRO	1558	0000195C
INTRO	1571	0000195D
INTRO	1574	0000195F
INTRO	1575	00001960
INTRO	1576	00001961
INTRO	1577	00001962
INTRO	1578	00001963
INTRO	1580	00001964
INTRO	1581	00001965
INTRO	1582	00001966
INTRO	1584	00001967
INTRO	1585	00001969
INTRO	1587	0000196A
INTRO	1612	0000196B
INTRO	1613	0000196C
INTRO	1616	0000196D
INTRO	1617	0000196E
INTRO	1618	0000196F
INTRO	1619	00001970
INTRO	1621	00001971
INTRO	1622	00001972
INTRO	1623	00001973
INTRO	1626	00001974
INTRO	1631	00001975
INTRO	1632	00001976
INTRO	1633	00001977
INTRO	1634	00001978
INTRO	1635	00001979
INTRO	1637	0000197A
INTRO	1638	0000197B
INTRO	1639	0000197C
INTRO	1640	0000197D
INTRO	1641	0000197E
INTRO	1642	0000197F
INTRO	1643	00001980
INTRO	1646	00001981
INTRO	1647	00001982
INTRO	1648	00001983
INTRO	1650	00001984
INTRO	1651	00001985
INTRO	1652	00001986
INTRO	1654	00001987
INTRO	1655	00001988
INTRO	1656	00001989
INTRO	1657	0000198A
INTRO	1658	0000198B
INTRO	1659	0000198C
INTRO	1660	0000198D
INTRO	1661	0000198E
INTRO	1662	0000198F
INTRO	1663	00001990
INTRO	1666	00001991
INTRO	1667	00001992
INTRO	1668	00001993
INTRO	1669	00001994
INTRO	1674	00001995
INTRO	1675	00001996
INTRO	1676	00001997
INTRO	1677	00001998
INTRO	1678	00001999
INTRO	1679	0000199A
INTRO	1680	0000199B
INTRO	1682	0000199C
INTRO	1683	0000199D
INTRO	1684	0000199E
INTRO	1686	0000199F
INTRO	1687	000019A0
INTRO	1688	000019A1
INTRO	1690	000019A2
INTRO	1692	000019A3
INTRO	1693	000019A4
INTRO	1694	000019A5
INTRO	1695	000019A6
INTRO	1699	000019A7
INTRO	1700	000019A8
INTRO	1701	000019A9
INTRO	1702	000019AA
INTRO	1703	000019AB
INTRO	1704	000019AC
INTRO	1705	000019AD
INTRO	1708	000019AE
INTRO	1709	000019AF
INTRO	1710	000019B0
INTRO	1711	000019B1
INTRO	1712	000019B2
INTRO	1713	000019B3
INTRO	1715	000019B4
INTRO	1716	000019B6
INTRO	1723	000019B7
INTRO	1724	000019B8
INTRO	1725	000019B9
INTRO	1726	000019BA
INTRO	1727	000019BB
INTRO	1728	000019BC
INTRO	1731	000019BD
INTRO	1732	000019BE
INTRO	1739	000019BF
INTRO	1742	000019C0
INTRO	1743	000019C1
INTRO	1744	000019C2
INTRO	1745	000019C3
INTRO	1746	000019C4
INTRO	1747	000019C5
INTRO	1748	000019C6
INTRO	1749	000019C7
INTRO	1753	000019C8
INTRO	1754	000019C9
INTRO	1755	000019CA
INTRO	1756	000019CB
INTRO	1757	000019CC
INTRO	1758	000019CD
INTRO	1759	000019CE
INTRO	1760	000019CF
INTRO	1764	000019D0
INTRO	1765	000019D1
INTRO	1766	000019D2
INTRO	1767	000019D3
INTRO	1768	000019D4
INTRO	1771	000019D5
INTRO	1775	000019D7
INTRO	1777	000019D8
INTRO	1778	000019D9
INTRO	1779	000019DA
INTRO	1780	000019DB
INTRO	1782	000019DC
INTRO	1783	000019DD
INTRO	1784	000019DE
INTRO	1787	000019DF
INTRO	1788	000019E0
INTRO	1789	000019E1
INTRO	1791	000019E2
INTRO	1792	000019E3
INTRO	1793	000019E4
INTRO	1794	000019E6
INTRO	1795	000019E7
INTRO	1797	000019E8
INTRO	1798	000019E9
INTRO	1799	000019EA
INTRO	1800	000019EB
INTRO	1802	000019EC
INTRO	1803	000019ED
INTRO	1806	000019EE
INTRO	1807	000019F0
INTRO	1808	000019F1
INTRO	1811	000019F2
INTRO	1818	000019F4
INTRO	1819	000019F5
INTRO	1820	000019F6
INTRO	1822	000019F7
INTRO	1823	000019F8
INTRO	1831	000019F9
INTRO	1832	000019FA
INTRO	1833	000019FB
INTRO	1834	000019FC
INTRO	1835	000019FD
INTRO	1836	000019FE
INTRO	1837	000019FF
INTRO	1839	00001A00
INTRO	1840	00001A01
INTRO	1845	00001A02
INTRO	1846	00001A03
INTRO	1847	00001A04
INTRO	1849	00001A05
INTRO	1850	00001A06
INTRO	1852	00001A07
INTRO	1853	00001A08
INTRO	1855	00001A09
INTRO	1856	00001A0A
INTRO	1857	00001A0B
INTRO	1860	00001A0C
INTRO	1861	00001A0D
INTRO	1862	00001A0E
INTRO	1863	00001A0F
INTRO	1864	00001A10
INTRO	1865	00001A11
INTRO	1866	00001A12
INTRO	1867	00001A13
INTRO	1868	00001A14
INTRO	1869	00001A16
INTRO	1872	00001A17
INTRO	1873	00001A18
INTRO	1874	00001A19
INTRO	1876	00001A1A
INTRO	1878	00001A1B
INTRO	1879	00001A1C
INTRO	1880	00001A1D
INTRO	1882	00001A1E
INTRO	1883	00001A1F
INTRO	1886	00001A20
INTRO	1887	00001A21
INTRO	1891	00001A22
INTRO	1892	00001A23
INTRO	1894	00001A24
INTRO	1895	00001A25
INTRO	1896	00001A26
INTRO	1904	00001A27
INTRO	1905	00001A28
INTRO	1906	00001A29
INTRO	1908	00001A2A
INTRO	1909	00001A2B
INTRO	1910	00001A2C
INTRO	1911	00001A2D
INTRO	1913	00001A2E
INTRO	1914	00001A2F
INTRO	1915	00001A30
INTRO	1916	00001A31
INTRO	1917	00001A32
INTRO	1918	00001A33
INTRO	1919	00001A34
INTRO	1921	00001A35
INTRO	1922	00001A36
INTRO	1923	00001A37
INTRO	1926	00001A38
INTRO	1927	00001A39
INTRO	1928	00001A3A
INTRO	1929	00001A3B
INTRO	1930	00001A3C
INTRO	1931	00001A3D
INTRO	1932	00001A3E
INTRO	1933	00001A3F
INTRO	1934	00001A40
INTRO	1936	00001A41
INTRO	1937	00001A42
INTRO	1938	00001A43
INTRO	1940	00001A44
INTRO	1941	00001A45
INTRO	1943	00001A46
INTRO	1944	00001A47
INTRO	1945	00001A48
INTRO	1946	00001A49
INTRO	1947	00001A4A
INTRO	1949	00001A4B
INTRO	1950	00001A4C
INTRO	1951	00001A4D
INTRO	1952	00001A4E
INTRO	1953	00001A4F
INTRO	1954	00001A50
INTRO	1956	00001A51
INTRO	1957	00001A52
INTRO	1959	00001A53
INTRO	1960	00001A54
INTRO	1961	00001A55
INTRO	1962	00001A56
INTRO	1977	00001A5C
INTRO	1978	00001A5D
INTRO	1979	00001A5E
INTRO	1980	00001A5F
INTRO	1981	00001A60
INTRO	1982	00001A61
INTRO	1983	00001A62
INTRO	1985	00001A63
INTRO	1986	00001A64
INTRO	1988	00001A65
INTRO	1989	00001A66
INTRO	1990	00001A67
INTRO	1991	00001A68
INTRO	1992	00001A69
INTRO	1993	00001A6A
INTRO	1994	00001A6B
INTRO	1995	00001A6C
INTRO	1996	00001A6D
INTRO	1997	00001A6E
INTRO	1998	00001A6F
INTRO	1999	00001A70
INTRO	2002	00001A71
INTRO	2003	00001A72
INTRO	2004	00001A73
INTRO	2007	00001A74
INTRO	2009	00001A75
INTRO	2010	00001A76
INTRO	2011	00001A77
INTRO	2012	00001A78
INTRO	2013	00001A79
INTRO	2015	00001A7A
INTRO	2016	00001A7B
INTRO	2017	00001A7C
INTRO	2018	00001A7D
INTRO	2019	00001A7E
INTRO	2020	00001A7F
INTRO	2021	00001A80
INTRO	2022	00001A81
INTRO	2024	00001A82
INTRO	2025	00001A83
INTRO	2026	00001A84
INTRO	2027	00001A85
INTRO	2028	00001A86
INTRO	2029	00001A87
INTRO	2055	00001A8A
INTRO	2056	00001A8B
INTRO	2057	00001A8C
INTRO	2058	00001A8D
INTRO	2061	00001A8E
INTRO	2062	00001A8F
INTRO	2063	00001A90
INTRO	2064	00001A91
INTRO	2066	00001A92
INTRO	2067	00001A93
INTRO	2068	00001A94
INTRO	2069	00001A95
INTRO	2071	00001A96
INTRO	2072	00001A97
INTRO	2073	00001A98
INTRO	2074	00001A99
INTRO	2076	00001A9A
INTRO	2077	00001A9B
INTRO	2078	00001A9C
INTRO	2079	00001A9D
INTRO	2080	00001A9E
INTRO	2128	00001A9F
INTRO	2129	00001AA0
INTRO	2130	00001AA1
INTRO	2131	00001AA2
INTRO	2132	00001AA3
INTRO	2133	00001AA4
INTRO	2134	00001AA5
INTRO	2135	00001AA6
INTRO	2136	00001AA7
INTRO	2137	00001AA8
INTRO	2138	00001AA9
INTRO	2139	00001AAA
INTRO	2140	00001AAB
INTRO	2141	00001AAC
INTRO	2142	00001AAD
INTRO	2143	00001AAE
INTRO	2144	00001AAF
INTRO	2153	00001AB0
INTRO	2154	00001AB1
INTRO	2155	00001AB2
INTRO	2156	00001AB3
INTRO	2158	00001AB4
INTRO	2159	00001AB5
INTRO	2160	00001AB6
INTRO	2161	00001AB7
INTRO	2163	00001AB8
INTRO	2164	00001AB9
INTRO	2165	00001ABA
INTRO	2166	00001ABB
INTRO	2168	00001ABC
INTRO	2169	00001ABD
INTRO	2170	00001ABE
INTRO	2171	00001ABF
INTRO	2174	00001AC0
INTRO	2175	00001AC1
INTRO	2176	00001AC2
INTRO	2177	00001AC3
INTRO	2178	00001AC4
INTRO	2180	00001AC5
INTRO	2181	00001AC6
INTRO	2182	00001AC7
INTRO	2183	00001AC8
INTRO	2184	00001AC9
INTRO	2186	00001ACA
INTRO	2187	00001ACB
INTRO	2188	00001ACC
INTRO	2189	00001ACD
INTRO	2190	00001ACE
INTRO	2192	00001ACF
INTRO	2193	00001AD0
INTRO	2194	00001AD1
INTRO	2195	00001AD2
INTRO	2196	00001AD3
INTRO	2201	00001AD4
INTRO	2202	00001AD5
INTRO	2203	00001AD6
INTRO	2205	00001AD7
INTRO	2206	00001AD8
INTRO	2207	00001AD9
INTRO	2209	00001ADA
INTRO	2210	00001ADB
INTRO	2211	00001ADC
INTRO	2213	00001ADD
INTRO	2214	00001ADE
INTRO	2215	00001ADF
INTRO	2217	00001AE0
INTRO	2220	00001AE1
INTRO	2221	00001AE2
INTRO	2223	00001AE3
INTRO	2224	00001AE4
INTRO	2226	00001AE5
INTRO	2227	00001AE6
INTRO	2228	00001AE7
INTRO	2229	00001AE8
INTRO	2231	00001AE9
INTRO	2234	00001AEA
INTRO	2235	00001AEB
INTRO	2237	00001AEC
INTRO	2238	00001AED
INTRO	2239	00001AEE
INTRO	2240	00001AF0
INTRO	2241	00001AF1
INTRO	2244	00001AF2
INTRO	2245	00001AF3
INTRO	2246	00001AF4
INTRO	2247	00001AF5
INTRO	2248	00001AF6
INTRO	2249	00001AF7
INTRO	2250	00001AF8
INTRO	2253	00001AF9
INTRO	2254	00001AFA
INTRO	2255	00001AFB
INTRO	2256	00001AFC
INTRO	2257	00001AFD
INTRO	2258	00001AFE
INTRO	2259	00001AFF
INTRO	2262	00001B00
INTRO	2263	00001B01
INTRO	2264	00001B02
INTRO	2265	00001B03
INTRO	2266	00001B04
INTRO	2267	00001B05
INTRO	2268	00001B06
INTRO	2269	00001B07
INTRO	2270	00001B08
INTRO	2273	00001B09
INTRO	2274	00001B0A
INTRO	2275	00001B0B
INTRO	2276	00001B0C
INTRO	2277	00001B0D
INTRO	2278	00001B0E
INTRO	2281	00001B0F
INTRO	2283	00001B10
INTRO	2284	00001B12
INTRO	2302	00001B13
INTRO	2303	00001B14
INTRO	2304	00001B15
INTRO	2305	00001B16
INTRO	2307	00001B17
INTRO	2308	00001B18
INTRO	2309	00001B19
INTRO	2310	00001B1A
INTRO	2312	00001B1B
INTRO	2313	00001B1C
INTRO	2314	00001B1D
INTRO	2315	00001B1E
INTRO	2317	00001B1F
INTRO	2318	00001B20
INTRO	2319	00001B21
INTRO	2320	00001B22
INTRO	2321	00001B23
INTRO	2337	00001B29
INTRO	2338	00001B2A
INTRO	2341	00001B2B
INTRO	2343	00001B2D
INTRO	2344	00001B2E
INTRO	2345	00001B2F
INTRO	2348	00001B30
INTRO	2349	00001B31
INTRO	2350	00001B32
INTRO	2351	00001B33
INTRO	2354	00001B34
INTRO	2355	00001B35
INTRO	2356	00001B36
INTRO	2359	00001B37
INTRO	2362	00001B38
INTRO	2363	00001B39
INTRO	2365	00001B3A
INTRO	2367	00001B3B
INTRO	2368	00001B3C
INTRO	2370	00001B3D
INTRO	2371	00001B3E
INTRO	2372	00001B3F
INTRO	2373	00001B40
INTRO	2374	00001B41
INTRO	2375	00001B42
INTRO	2376	00001B43
INTRO	2378	00001B44
INTRO	2381	00001B45
INTRO	2382	00001B46
INTRO	2383	00001B47
INTRO	2385	00001B48
INTRO	2386	00001B49
INTRO	2387	00001B4A
INTRO	2388	00001B4B
INTRO	2398	00001B4C
INTRO	2399	00001B4D
INTRO	2400	00001B4E
INTRO	2401	00001B4F
INTRO	2402	00001B50
INTRO	2404	00001B51
INTRO	2405	00001B52
INTRO	2406	00001B53
INTRO	2407	00001B54
INTRO	2409	00001B55
INTRO	2410	00001B56
INTRO	2411	00001B57
INTRO	2412	00001B58
INTRO	2428	00001B59
INTRO	2429	00001B5A
INTRO	2430	00001B5B
INTRO	2431	00001B5C
INTRO	2432	00001B5D
INTRO	2433	00001B5E
INTRO	2434	00001B5F
INTRO	2436	00001B60
INTRO	2437	00001B61
INTRO	2438	00001B62
INTRO	2439	00001B63
INTRO	2440	00001B64
INTRO	2441	00001B65
INTRO	2442	00001B66
INTRO	2443	00001B67
INTRO	2444	00001B68
INTRO	2445	00001B69
INTRO	2446	00001B6A
INTRO	2447	00001B6B
INTRO	2448	00001B6C
INTRO	2451	00001B6D
INTRO	2452	00001B6E
INTRO	2453	00001B6F
INTRO	2454	00001B70
INTRO	2456	00001B71
INTRO	2457	00001B72
INTRO	2460	00001B73
INTRO	2461	00001B74
INTRO	2462	00001B75
INTRO	2463	00001B76
INTRO	2464	00001B77
INTRO	2465	00001B78
INTRO	2466	00001B79
INTRO	2467	00001B7B
INTRO	2468	00001B7C
INTRO	2469	00001B7D
INTRO	2470	00001B7E
INTRO	2471	00001B80
INTRO	2474	00001B81
INTRO	2475	00001B83
INTRO	2476	00001B84
INTRO	2477	00001B85
INTRO	2478	00001B86
INTRO	2480	00001B88
INTRO	2481	00001B89
INTRO	2483	00001B8A
INTRO	2484	00001B8B
INTRO	2485	00001B8C
INTRO	2487	00001B8D
INTRO	2488	00001B8E
INTRO	2489	00001B8F
INTRO	2491	00001B90
INTRO	2492	00001B91
INTRO	2493	00001B92
INTRO	2494	00001B93
INTRO	2496	00001B94
INTRO	2497	00001B95
INTRO	2500	00001B96
INTRO	2501	00001B97
INTRO	2502	00001B98
INTRO	2503	00001B99
INTRO	2504	00001B9A
INTRO	2505	00001B9B
INTRO	2508	00001B9C
INTRO	2520	00001B9D
INTRO	2521	00001B9E
INTRO	2522	00001B9F
INTRO	2524	00001BA0
INTRO	2525	00001BA1
INTRO	2526	00001BA2
INTRO	2527	00001BA3
INTRO	2528	00001BA4
INTRO	2529	00001BA5
INTRO	2536	00001C27
INTRO	2537	00001C28
INTRO	2538	00001C29
INTRO	2540	00001C2A
INTRO	2541	00001C2B
INTRO	2542	00001C2C
INTRO	2543	00001C2D
INTRO	2544	00001C2E
INTRO	2545	00001C2F
INTRO	2546	00001C30
INTRO	2547	00001C31
INTRO	2548	00001C32
INTRO	2549	00001C33
INTRO	2563	00001C34
INTRO	2564	00001C35
INTRO	2565	00001C36
INTRO	2566	00001C37
INTRO	2567	00001C38
INTRO	2568	00001C39
INTRO	2569	00001C3A
INTRO	2570	00001C3B
INTRO	2571	00001C3C
INTRO	2572	00001C3D
INTRO	2573	00001C3E
INTRO	2574	00001C3F
INTRO	2576	00001C40
INTRO	2577	00001C41
INTRO	2578	00001C42
INTRO	2579	00001C43
INTRO	2580	00001C44
INTRO	2581	00001C45
INTRO	2583	00001C46
INTRO	2584	00001C47
INTRO	2585	00001C48
INTRO	2586	00001C49
INTRO	2595	00001C4A
INTRO	2596	00001C4B
INTRO	2597	00001C4C
INTRO	2598	00001C4D
INTRO	2599	00001C4E
INTRO	2600	00001C4F
INTRO	2601	00001C50
INTRO	2602	00001C51
INTRO	2604	00001C52
INTRO	2605	00001C53
INTRO	2606	00001C54
INTRO	2607	00001C55
INTRO	2608	00001C56
INTRO	2610	00001C57
INTRO	2611	00001C58
INTRO	2612	00001C59
INTRO	2613	00001C5A
INTRO	2622	00001C5B
INTRO	2623	00001C5C
INTRO	2624	00001C5D
INTRO	2625	00001C5E
INTRO	2626	00001C5F
INTRO	2627	00001C60
INTRO	2628	00001C61
INTRO	2634	00001C62
INTRO	2635	00001C63
INTRO	2636	00001C64
INTRO	2637	00001C65
INTRO	2638	00001C66
INTRO	2639	00001C67
INTRO	2641	00001C68
INTRO	2642	00001C69
INTRO	2644	00001C6A
INTRO	2645	00001C6B
INTRO	2647	00001C6C
INTRO	2648	00001C6D
INTRO	2649	00001C6E
INTRO	2650	00001C6F
INTRO	2651	00001C70
INTRO	2652	00001C71
INTRO	2653	00001C72
INTRO	2655	00001C73
INTRO	2657	00001C74
INTRO	2658	00001C75
INTRO	2659	00001C76
INTRO	2660	00001C77
INTRO	2662	00001C78
INTRO	2663	00001C79
INTRO	2664	00001C7A
INTRO	2666	00001C7B
INTRO	2667	00001C7C
INTRO	2668	00001C7D
INTRO	2669	00001C7E
INTRO	2670	00001C7F
INTRO	2671	00001C80
INTRO	2672	00001C81
INTRO	2674	00001C82
INTRO	2675	00001C83
INTRO	2676	00001C84
INTRO	2690	00001C85
INTRO	2691	00001C86
INTRO	2692	00001C87
INTRO	2693	00001C88
INTRO	2694	00001C89
INTRO	2695	00001C8A
INTRO	2696	00001C8B
INTRO	2698	00001C8C
INTRO	2699	00001C8D
INTRO	2703	00001C8E
INTRO	2704	00001C8F
INTRO	2707	00001C90
INTRO	2708	00001C91
INTRO	2731	00001C9B
INTRO	2732	00001C9C
INTRO	2733	00001C9D
INTRO	2734	00001C9E
INTRO	2735	00001C9F
INTRO	2736	00001CA0
INTRO	2738	00001CA1
INTRO	2739	00001CA2
INTRO	2740	00001CA3
INTRO	2741	00001CA4
INTRO	2744	00001CA5
INTRO	2745	00001CA7
INTRO	2746	00001CA8
INTRO	2748	00001CA9
INTRO	2750	00001CAC
INTRO	2751	00001CAD
INTRO	2752	00001CAE
INTRO	2753	00001CAF
INTRO	2755	00001CB0
INTRO	2760	00001CB3
INTRO	2763	00001CB5
INTRO	2764	00001CB6
INTRO	2765	00001CB7
INTRO	2766	00001CB8
INTRO	2768	00001CB9
INTRO	2771	00001CBC
INTRO	2772	00001CBD
INTRO	2775	00001CBE
INTRO	2776	00001CBF
INTRO	2777	00001CC0
INTRO	2778	00001CC1
INTRO	2780	00001CC2
INTRO	2781	00001CC4
INTRO	2782	00001CC5
INTRO	2783	00001CC6
INTRO	2784	00001CC7
INTRO	2792	00001CC8
INTRO	2794	00001CCA
INTRO	2795	00001CCB
INTRO	2798	00001CCC
INTRO	2799	00001CCD
INTRO	2800	00001CCE
INTRO	2801	00001CCF
INTRO	2802	00001CD0
INTRO	2804	00001CD1
INTRO	2805	00001CD2
INTRO	2806	00001CD3
INTRO	2807	00001CD4
INTRO	2808	00001CD5
INTRO	2809	00001CD6
INTRO	2810	00001CD8
INTRO	2811	00001CD9
INTRO	2812	00001CDA
INTRO	2813	00001CDB
INTRO	2815	00001CDC
INTRO	2818	00001CDE
INTRO	2819	00001CDF
INTRO	2820	00001CE0
INTRO	2821	00001CE1
INTRO	2822	00001CE2
INTRO	2823	00001CE3
INTRO	2824	00001CE4
INTRO	2826	00001CE7
INTRO	2827	00001CE8
INTRO	2833	00001CE9
INTRO	2834	00001CEA
INTRO	2835	00001CEB
INTRO	2836	00001CEC
INTRO	2837	00001CED
INTRO	2838	00001CEE
INTRO	2839	00001CEF
INTRO	2841	00001CF0
INTRO	2843	00001CF1
INTRO	2844	00001CF2
INTRO	2845	00001CF3
INTRO	2848	00001CF4
INTRO	2849	00001CF5
INTRO	2851	00001CF7
INTRO	2852	00001CF8
INTRO	2855	00001CF9
INTRO	2857	00001CFB
INTRO	2858	00001CFC
INTRO	2859	00001CFD
INTRO	2860	00001CFE
INTRO	2861	00001CFF
INTRO	2862	00001D00
INTRO	2863	00001D01
INTRO	2865	00001D04
INTRO	2866	00001D05
INTRO	2869	00001D06
INTRO	2870	00001D07
INTRO	2871	00001D08
INTRO	2872	00001D09
INTRO	2873	00001D0A
INTRO	2874	00001D0B
INTRO	2879	00001D0C
INTRO	2880	00001D0D
INTRO	2881	00001D0E
INTRO	2882	00001D0F
INTRO	2886	00001D10
INTRO	2887	00001D11
INTRO	2888	00001D12
INTRO	2889	00001D13
INTRO	2891	00001D14
INTRO	2892	00001D15
INTRO	2893	00001D16
INTRO	2894	00001D17
INTRO	2895	00001D18
INTRO	2896	00001D19
INTRO	2897	00001D1A
INTRO	2898	00001D1B
INTRO	2901	00001D1C
INTRO	2902	00001D1D
INTRO	2903	00001D1E
INTRO	2906	00001D1F
INTRO	2908	00001D20
INTRO	2909	00001D21
INTRO	2910	00001D22
INTRO	2913	00001D23
INTRO	2914	00001D24
INTRO	2916	00001D25
INTRO	2918	00001D27
INTRO	2919	00001D29
INTRO	2920	00001D2A
INTRO	2921	00001D2B
INTRO	2923	00001D2C
INTRO	2924	00001D2D
INTRO	2925	00001D2E
INTRO	2926	00001D2F
INTRO	2927	00001D30
INTRO	2928	00001D31
INTRO	2929	00001D32
INTRO	2934	00001D33
INTRO	2935	00001D34
INTRO	2936	00001D35
INTRO	2937	00001D36
INTRO	2938	00001D37
INTRO	2945	00001D38
INTRO	2946	00001D39
INTRO	2947	00001D3A
INTRO	2948	00001D3B
INTRO	2949	00001D3C
INTRO	2950	00001D3D
INTRO	2951	00001D3E
INTRO	2955	00001D3F
INTRO	2956	00001D40
INTRO	2958	00001D41
INTRO	2960	00001D42
INTRO	2961	00001D43
INTRO	2962	00001D44
INTRO	2963	00001D45
INTRO	2964	00001D46
INTRO	2965	00001D47
INTRO	2966	00001D48
INTRO	2967	00001D49
INTRO	2968	00001D4A
INTRO	2969	00001D4D
INTRO	2971	00001D4E
INTRO	2972	00001D4F
INTRO	2973	00001D50
INTRO	2974	00001D51
INTRO	2986	00001D52
INTRO	2987	00001D53
INTRO	2988	00001D54
INTRO	2989	00001D55
INTRO	2990	00001D56
INTRO	2991	00001D57
INTRO	2992	00001D58
INTRO	3009	00001D59
INTRO	3010	00001D5A
INTRO	3013	00001D5C
INTRO	3014	00001D5D
INTRO	3015	00001D5E
INTRO	3016	00001D5F
INTRO	3017	00001D60
INTRO	3020	00001D62
INTRO	3021	00001D63
INTRO	3024	00001D64
INTRO	3025	00001D65
INTRO	3027	00001D66
INTRO	3028	00001D67
INTRO	3029	00001D68
INTRO	3031	00001D69
INTRO	3032	00001D6A
INTRO	3033	00001D6B
INTRO	3036	00001D6C
INTRO	3037	00001D71
INTRO	3038	00001D76
INTRO	3039	00001D77
INTRO	3040	00001D78
INTRO	3041	00001D79
INTRO	3049	00001D7A
INTRO	3060	00001D7B
INTRO	3061	00001D7C
INTRO	3062	00001D7D
INTRO	3064	00001D7E
INTRO	3078	00001D7F
INTRO	3079	00001D80
INTRO	3081	00001D81
INTRO	3082	00001D83
INTRO	3083	00001D84
INTRO	3086	00001D85
INTRO	3089	00001D86
INTRO	3090	00001D88
INTRO	3091	00001D89
INTRO	3095	00001D8A
INTRO	3096	00001D8B
INTRO	3097	00001D8C
INTRO	3098	00001D8D
INTRO	3101	00001D8E
INTRO	3102	00001D8F
INTRO	3103	00001D90
INTRO	3104	00001D91
INTRO	3115	00001D92
INTRO	3116	00001D93
INTRO	3118	00001D94
INTRO	3119	00001D95
INTRO	3120	00001D96
INTRO	3121	00001D97
INTRO	3122	00001D98
INTRO	3123	00001D99
INTRO	3124	00001D9A
INTRO	3125	00001D9B
INTRO	3127	00001D9C
INTRO	3128	00001D9D
INTRO	3130	00001D9E
INTRO	3131	00001D9F
INTRO	3132	00001DA0
INTRO	3137	00001DA1
INTRO	3138	00001DA2
INTRO	3140	00001DA3
INTRO	3141	00001DA4
INTRO	3144	00001DA5
INTRO	3145	00001DA6
INTRO	3146	00001DA7
INTRO	3147	00001DA8
INTRO	3148	00001DA9
INTRO	3149	00001DAA
INTRO	3150	00001DAC
INTRO	3153	00001DAD
INTRO	3154	00001DAE
INTRO	3156	00001DAF
INTRO	3157	00001DB0
INTRO	3158	00001DB1
INTRO	3159	00001DB2
INTRO	3162	00001DB4
INTRO	3163	00001DB5
INTRO	3164	00001DB6
INTRO	3167	00001DB7
INTRO	3188	00001DB8
INTRO	3194	00001DB9
INTRO	3196	00001DBA
INTRO	3198	00001DBB
INTRO	3199	00001DBC
INTRO	3201	00001DBD
INTRO	3202	00001DBE
INTRO	3203	00001DBF
INTRO	3204	00001DC0
INTRO	3205	00001DC1
INTRO	3208	00001DC2
INTRO	3220	00001DC3
INTRO	3221	00001DC4
INTRO	3222	00001DC5
INTRO	3223	00001DC6
INTRO	3224	00001DC7
INTRO	3225	00001DC8
INTRO	3226	00001DC9
INTRO	3227	00001DCA
INTRO	3228	00001DCB
INTRO	3229	00001DCC
INTRO	3230	00001DCE
INTRO	3238	00001DCF
INTRO	3239	00001DD0
INTRO	3240	00001DD1
INTRO	3241	00001DD4
INTRO	3242	00001DD5
INTRO	3243	00001DD6
INTRO	3244	00001DD7
INTRO	3246	00001DD8
INTRO	3247	00001DD9
INTRO	3249	00001DDA
INTRO	3250	00001DDB
INTRO	3251	00001DDC
INTRO	3252	00001DDD
INTRO	3254	00001DDE
INTRO	3255	00001DDF
INTRO	3257	00001DE0
INTRO	3258	00001DE1
INTRO	3259	00001DE2
INTRO	3260	00001DE3
INTRO	3261	00001DE6
INTRO	3262	00001DE7
INTRO	3263	00001DE8
INTRO	3270	00001DE9
INTRO	3271	00001DEA
INTRO	3272	00001DEB
INTRO	3275	00001DEC
INTRO	3276	00001DED
INTRO	3277	00001DEE
INTRO	3278	00001DEF
INTRO	3279	00001DF0
INTRO	3280	00001DF1
INTRO	3281	00001DF2
INTRO	3282	00001DF3
INTRO	3283	00001DF4
INTRO	3284	00001DF5
INTRO	3285	00001DF6
INTRO	3286	00001DF7
INTRO	3287	00001DF8
INTRO	3288	00001DF9
INTRO	3291	00001DFA
INTRO	3292	00001DFB
INTRO	3293	00001DFC
INTRO	3294	00001DFD
INTRO	3295	00001DFE
INTRO	3296	00001DFF
INTRO	3297	00001E00
INTRO	3298	00001E01
INTRO	3299	00001E02
INTRO	3300	00001E03
INTRO	3301	00001E04
INTRO	3302	00001E05
INTRO	3303	00001E06
INTRO	3304	00001E07
INTRO	3307	00001E08
INTRO	3308	00001E09
INTRO	3309	00001E0A
INTRO	3310	00001E0B
INTRO	3311	00001E0C
INTRO	3312	00001E0D
INTRO	3313	00001E0E
INTRO	3314	00001E0F
INTRO	3315	00001E10
INTRO	3316	00001E11
INTRO	3317	00001E12
INTRO	3318	00001E13
INTRO	3319	00001E14
INTRO	3320	00001E15
INTRO	3321	00001E16
INTRO	3332	00001E17
INTRO	3333	00001E18
INTRO	3334	00001E19
INTRO	3335	00001E1A
INTRO	3336	00001E1B
INTRO	3341	00001E1C
INTRO	3342	00001E1D
INTRO	3344	00001E1E
INTRO	3345	00001E1F
INTRO	3346	00001E20
INTRO	3347	00001E21
INTRO	3348	00001E22
INTRO	3349	00001E23
INTRO	3350	00001E24
INTRO	3351	00001E25
INTRO	3361	00001E26
INTRO	3362	00001E27
INTRO	3363	00001E28
INTRO	3382	00001E2C
INTRO	3383	00001E2D
INTRO	3385	00001E2E
INTRO	3386	00001E2F
INTRO	3388	00001E30
INTRO	3389	00001E31
INTRO	3391	00001E32
INTRO	3392	00001E33
INTRO	3394	00001E34
INTRO	3399	00001E35
INTRO	3400	00001E36
INTRO	3401	00001E37
INTRO	3403	00001E38
INTRO	3404	00001E3A
INTRO	3405	00001E3B
INTRO	3407	00001E3D
INTRO	3408	00001E3F
INTRO	3409	00001E40
INTRO	3410	00001E41
INTRO	3412	00001E42
INTRO	3413	00001E43
INTRO	3417	00001E45
INTRO	3418	00001E46
INTRO	3421	00001E47
INTRO	3422	00001E48
INTRO	3424	00001E4A
INTRO	3425	00001E4B
INTRO	3426	00001E4C
INTRO	3428	00001E4D
INTRO	3429	00001E4E
INTRO	3430	00001E4F
INTRO	3431	00001E50
INTRO	3434	00001E51
INTRO	3435	00001E52
INTRO	3436	00001E53
INTRO	3437	00001E54
INTRO	3438	00001E55
INTRO	3439	00001E56
INTRO	3440	00001E57
INTRO	3441	00001E5A
INTRO	3444	00001E5B
INTRO	3445	00001E5C
INTRO	3446	00001E5D
INTRO	3447	00001E5E
INTRO	3448	00001E5F
INTRO	3449	00001E60
INTRO	3450	00001E61
INTRO	3453	00001E64
INTRO	3454	00001E67
INTRO	3455	00001E69
INTRO	3457	00001E6A
INTRO	3458	00001E6B
INTRO	3459	00001E6C
INTRO	3460	00001E6D
INTRO	3468	00001E6E
INTRO	3471	00001E6F
INTRO	3472	00001E71
INTRO	3473	00001E72
INTRO	3475	00001E73
INTRO	3476	00001E74
INTRO	3477	00001E75
INTRO	3480	00001E76
INTRO	3481	00001E77
INTRO	3483	00001E78
INTRO	3484	00001E7A
INTRO	3485	00001E7B
INTRO	3488	00001E7C
INTRO	3491	00001E7E
INTRO	3492	00001E7F
INTRO	3493	00001E80
INTRO	3498	00001E81
INTRO	3499	00001E82
INTRO	3500	00001E83
INTRO	3502	00001E84
INTRO	3503	00001E85
INTRO	3504	00001E86
INTRO	3508	00001E87
INTRO	3509	00001E88
INTRO	3515	00001E89
INTRO	3516	00001E8A
INTRO	3517	00001E8B
INTRO	3518	00001E8C
INTRO	3519	00001E8D
INTRO	3520	00001E8E
INTRO	3522	00001E8F
INTRO	3523	00001E90
INTRO	3525	00001E91
INTRO	3526	00001E92
INTRO	3527	00001E93
INTRO	3528	00001E94
INTRO	3530	00001E95
INTRO	3531	00001E96
INTRO	3533	00001E97
INTRO	3534	00001E98
INTRO	3535	00001E99
INTRO	3539	00001E9A
INTRO	3540	00001E9B
INTRO	3541	00001E9C
INTRO	3543	00001E9D
INTRO	3544	00001E9E
INTRO	3545	00001E9F
INTRO	3550	00001EA0
INTRO	3551	00001EA1
INTRO	3552	00001EA2
INTRO	3553	00001EA3
INTRO	3557	00001EA4
INTRO	3558	00001EA5
INTRO	3559	00001EA6
INTRO	3560	00001EA7
INTRO	3561	00001EA8
INTRO	3562	00001EA9
INTRO	3563	00001EAB
INTRO	3564	00001EAC
INTRO	3565	00001EAD
INTRO	3566	00001EAE
INTRO	3569	00001EAF
INTRO	3570	00001EB0
INTRO	3579	00001EB1
INTRO	3580	00001EB2
INTRO	3581	00001EB5
INTRO	3582	00001EB6
INTRO	3583	00001EB7
INTRO	3585	00001EB8
INTRO	3586	00001EB9
INTRO	3589	00001EBA
INTRO	3590	00001EBB
INTRO	3591	00001EBC
INTRO	3595	00001EBD
INTRO	3596	00001EBF
INTRO	3597	00001EC0
INTRO	3601	00001EC1
INTRO	3602	00001EC2
INTRO	3603	00001EC3
INTRO	3606	00001EC5
INTRO	3607	00001EC6
INTRO	3608	00001EC7
INTRO	3609	00001EC8
INTRO	3611	00001EC9
INTRO	3612	00001ECA
INTRO	3614	00001ECB
INTRO	3615	00001ECC
INTRO	3616	00001ECD
INTRO	3618	00001ECE
INTRO	3619	00001ECF
INTRO	3620	00001ED0
INTRO	3622	00001ED1
INTRO	3625	00001ED3
INTRO	3626	00001ED4
INTRO	3628	00001ED5
INTRO	3629	00001ED6
INTRO	3630	00001ED7
INTRO	3631	00001ED8
INTRO	3632	00001ED9
INTRO	3634	00001EDA
INTRO	3635	00001EDB
INTRO	3636	00001EDC
INTRO	3646	00001EE0
INTRO	3649	00001EE1
INTRO	3650	00001EE2
INTRO	3651	00001EE3
INTRO	3652	00001EE4
INTRO	3653	00001EE5
INTRO	3654	00001EE6
INTRO	3655	00001EE7
INTRO	3656	00001EE8
INTRO	3657	00001EEB
INTRO	3659	00001EEC
INTRO	3660	00001EED
INTRO	3661	00001EEE
INTRO	3662	00001EEF
INTRO	3663	00001EF1
INTRO	3671	00001EF2
INTRO	3672	00001EF3
INTRO	3674	00001EF4
INTRO	3675	00001EF5
INTRO	3677	00001EF6
INTRO	3678	00001EF7
INTRO	3679	00001EF8
INTRO	3681	00001EF9
INTRO	3682	00001EFA
INTRO	3683	00001EFB
INTRO	3685	00001EFC
INTRO	3686	00001EFD
INTRO	3687	00001EFE
INTRO	3688	00001EFF
INTRO	3696	00001F0F
INTRO	3697	00001F11
INTRO	3700	00001F12
INTRO	3701	00001F13
INTRO	3702	00001F14
INTRO	3703	00001F15
INTRO	3706	00001F16
INTRO	3707	00001F17
INTRO	3708	00001F18
INTRO	3709	00001F19
INTRO	3710	00001F1A
INTRO	3712	00001F1B
INTRO	3713	00001F1C
INTRO	3714	00001F1F
INTRO	3715	00001F20
INTRO	3716	00001F21
INTRO	3717	00001F22
INTRO	3725	00001F2A
INTRO	3726	00001F2B
INTRO	3728	00001F2C
INTRO	3729	00001F2D
INTRO	3730	00001F2E
INTRO	3731	00001F2F
INTRO	3733	00001F30
INTRO	3736	00001F31
INTRO	3737	00001F32
INTRO	3738	00001F33
INTRO	3739	00001F34
INTRO	3740	00001F35
INTRO	3743	00001F36
INTRO	3744	00001F37
INTRO	3745	00001F38
INTRO	3748	00001F39
INTRO	3749	00001F3A
INTRO	3750	00001F3B
INTRO	3790	00001F56
INTRO	3791	00001F57
INTRO	3792	00001F58
INTRO	3793	00001F59
INTRO	3794	00001F5A
INTRO	3795	00001F5B
INTRO	3796	00001F5C
INTRO	3797	00001F5D
INTRO	3798	00001F60
INTRO	3800	00001F63
INTRO	3801	00001F64
INTRO	3805	00001F65
INTRO	3806	00001F66
INTRO	3807	00001F67
INTRO	3808	00001F68
INTRO	3809	00001F69
INTRO	3810	00001F6A
INTRO	3811	00001F6B
INTRO	3812	00001F6C
INTRO	3813	00001F6D
INTRO	3814	00001F6E
INTRO	3816	00001F6F
INTRO	3817	00001F71
INTRO	3822	00001F72
INTRO	3823	00001F73
INTRO	3824	00001F74
INTRO	3825	00001F75
INTRO	3826	00001F76
INTRO	3828	00001F77
INTRO	3831	00001F79
INTRO	3832	00001F7A
INTRO	3833	00001F7B
INTRO	3834	00001F7C
INTRO	3835	00001F7D
INTRO	3836	00001F7E
INTRO	3837	00001F7F
INTRO	3838	00001F80
INTRO	3839	00001F81
INTRO	3841	00001F82
INTRO	3842	00001F84
INTRO	3843	00001F85
LEG	79	0000AA60
LEG	80	0000AA61
LEG	81	0000AA62
LEG	82	0000AA63
LEG	83	0000AA64
LEG	84	0000AA65
LEG	85	0000AA66
LEG	86	0000AA67
LEG	87	0000AA68
LEG	104	0000AA69
LEG	106	0000AA6A
LEG	107	0000AA6B
LEG	109	0000AA6C
LEG	110	0000AA6D
LEG	116	0000AA6E
LEG	117	0000AA6F
LEG	127	0000AA70
LEG	137	0000AA71
LEG	138	0000AA72
LEG	139	0000AA73
LEG	140	0000AA74
LEG	141	0000AA75
LEG	142	0000AA76
LEG	157	0000AA78
LEG	160	0000AA79
LEG	161	0000AA7A
LEG	162	0000AA7B
LEG	163	0000AA7C
LEG	165	0000AA7D
LEG	166	0000AA7E
LEG	167	0000AA7F
LEG	168	0000AA80
LEG	171	0000AA81
LEG	172	0000AA82
LEG	174	0000AA83
LEG	184	0000AA84
LEG	185	0000AA85
LEG	186	0000AA86
LEG	188	0000AA87
LEG	189	0000AA88
LEG	190	0000AA89
LEG	192	0000AA8A
LEG	193	0000AA8B
LEG	194	0000AA8C
LEG	196	0000AA8D
LEG	197	0000AA8E
LEG	198	0000AA8F
LEG	199	0000AA90
LEG	200	0000AA91
LEG	203	0000AA92
LEG	204	0000AA93
LEG	205	0000AA94
LEG	206	0000AA95
LEG	219	0000AA96
LEG	220	0000AA97
LEG	221	0000AA98
LEG	223	0000AA99
LEG	224	0000AA9A
LEG	236	0000AA9B
LEG	237	0000AA9C
LEG	239	0000AA9D
LEG	240	0000AA9E
LEG	241	0000AA9F
LEG	242	0000AAA0
LEG	243	0000AAA1
LEG	244	0000AAA2
LEG	245	0000AAA3
LEG	246	0000AAA4
LEG	247	0000AAA5
LEG	248	0000AAA6
LEG	250	0000AAA7
LEG	251	0000AAA8
LEG	255	0000AAA9
LEG	265	0000AAAA
LEG	267	0000AAAB
LEG	268	0000AAAC
LEG	269	0000AAAD
LEG	270	0000AAAE
LEG	271	0000AAAF
LEG	272	0000AAB0
LEG	273	0000AAB1
LEG	274	0000AAB2
LEG	275	0000AAB3
LEG	276	0000AAB4
LEG	278	0000AAB5
LEG	279	0000AAB6
LEG	280	0000AAB7
LEG	283	0000AAB8
LEG	284	0000AAB9
LEG	289	0000AABA
LEG	294	0000AABB
LEG	296	0000AABC
LEG	297	0000AABD
LEG	298	0000AABE
LEG	299	0000AABF
LEG	301	0000AAC0
LEG	302	0000AAC1
LEG	303	0000AAC2
LEG	304	0000AAC3
LEG	305	0000AAC4
LEG	306	0000AAC5
LEG	308	0000AAC6
LEG	309	0000AAC7
LEG	310	0000AAC8
LEG	318	0000AAC9
LEG	319	0000AACA
LEG	320	0000AACB
LEG	326	0000AACC
LEG	348	0000AACD
LEG	349	0000AACE
LEG	350	0000AACF
LEG	351	0000AAD0
LEG	352	0000AAD1
LEG	353	0000AAD2
LEG	354	0000AAD3
LEG	355	0000AAD4
LEG	356	0000AAD5
LEG	357	0000AAD6
LEG	359	0000AAD7
LEG	361	0000AAD8
LEG	362	0000AAD9
LEG	363	0000AADA
LEG	366	0000AADB
LEG	367	0000AADC
LEG	369	0000AADD
LEG	370	0000AADE
LEG	371	0000AADF
LEG	376	0000AAE0
LEG	377	0000AAE1
LEG	379	0000AAE2
LEG	380	0000AAE3
LEG	382	0000AAE4
LEG	383	0000AAE5
LEG	386	0000AAE6
LEG	387	0000AAE7
LEG	389	0000AAE8
LEG	390	0000AAE9
LEG	391	0000AAEA
LEG	392	0000AAEB
LEG	394	0000AAEC
LEG	395	0000AAED
LEG	396	0000AAEE
LEG	397	0000AAEF
LEG	398	0000AAF0
LEG	404	0000AAF1
LEG	405	0000AAF2
LEG	406	0000AAF3
LEG	407	0000AAF4
LEG	410	0000AAF5
LEG	411	0000AAF6
LEG	412	0000AAF7
LEG	414	0000AAF8
LEG	415	0000AAF9
LEG	416	0000AAFA
LEG	418	0000AAFB
LEG	419	0000AAFC
LEG	420	0000AAFD
LEG	421	0000AAFE
LEG	424	0000AAFF
LEG	425	0000AB00
LEG	426	0000AB01
LEG	427	0000AB02
LEG	428	0000AB03
LEG	431	0000AB04
LEG	432	0000AB05
LEG	433	0000AB06
LEG	434	0000AB07
LEG	436	0000AB08
LEG	437	0000AB09
LEG	438	0000AB0A
LEG	440	0000AB0B
LEG	441	0000AB0C
LEG	442	0000AB0D
LEG	444	0000AB0E
LEG	447	0000AB0F
LEG	448	0000AB10
LEG	449	0000AB11
LEG	450	0000AB12
LEG	451	0000AB13
LEG	452	0000AB14
LEG	455	0000AB15
LEG	456	0000AB16
LEG	457	0000AB17
LEG	458	0000AB18
LEG	460	0000AB19
LEG	461	0000AB1A
LEG	462	0000AB1B
LEG	464	0000AB1C
LEG	465	0000AB1D
LEG	466	0000AB1E
LEG	469	0000AB1F
LEG	470	0000AB20
LEG	473	0000AB21
LEG	474	0000AB22
LEG	475	0000AB23
LEG	476	0000AB24
LEG	491	0000AB25
LEG	492	0000AB26
LEG	493	0000AB27
LEG	495	0000AB28
LEG	496	0000AB29
LEG	498	0000AB2A
LEG	499	0000AB2B
LEG	500	0000AB2C
LEG	502	0000AB2D
LEG	503	0000AB2E
LEG	506	0000AB2F
LEG	507	0000AB30
LEG	509	0000AB31
LEG	510	0000AB32
LEG	511	0000AB33
LEG	512	0000AB34
LEG	514	0000AB35
LEG	515	0000AB36
LEG	519	0000AB37
LEG	520	0000AB38
LEG	521	0000AB39
LEG	522	0000AB3A
LEG	528	0000AB3B
LEG	529	0000AB3C
LEG	534	0000AB3D
LEG	535	0000AB3E
LEG	536	0000AB3F
LEG	537	0000AB40
LEG	538	0000AB41
LEG	539	0000AB42
LEG	540	0000AB43
LEG	541	0000AB44
LEG	542	0000AB45
LEG	543	0000AB46
LEG	545	0000AB47
LEG	546	0000AB48
LEG	598	0000AB49
LINE	19	0000AC2C
LINE	20	0000AC2D
LINE	21	0000AC2E
LINE	22	0000AC2F
LINE	23	0000AC30
LINE	39	0000AC31
LINE	40	0000AC32
LINE	41	0000AC33
LINE	42	0000AC34
LINE	43	0000AC35
LINE	44	0000AC36
LINE	46	0000AC37
LINE	47	0000AC38
LINE	48	0000AC39
LINE	50	0000AC3A
LINE	51	0000AC3B
LINE	52	0000AC3C
LINE	53	0000AC3D
LINE	54	0000AC3E
LINE	55	0000AC3F
LINE	57	0000AC40
LINE	58	0000AC41
LINE	59	0000AC42
LINE	60	0000AC43
LINE	61	0000AC44
LINE	62	0000AC45
LINE	64	0000AC46
LINE	65	0000AC47
LINE	66	0000AC48
LINE	67	0000AC49
LINE	68	0000AC4A
LINE	69	0000AC4B
LINE	70	0000AC4C
LINE	73	0000AC4D
LINE	74	0000AC4E
LINE	75	0000AC4F
LINE	76	0000AC50
LINE	77	0000AC51
LINE	78	0000AC52
LINE	90	0000AC53
LINE	91	0000AC54
LINE	92	0000AC55
LINE	93	0000AC56
LINE	94	0000AC57
LINE	95	0000AC58
LINE	96	0000AC59
LINE	138	0000AC5A
LINE	139	0000AC5B
LINE	140	0000AC5C
LINE	141	0000AC5D
LINE	142	0000AC5E
LINE	144	0000AC5F
LINE	145	0000AC60
LINE	147	0000AC61
LINE	148	0000AC62
LINE	150	0000AC63
LINE	151	0000AC64
LINE	152	0000AC65
LINE	153	0000AC66
LINE	154	0000AC67
LINE	155	0000AC68
LINE	156	0000AC69
LINE	157	0000AC6A
LINE	158	0000AC6B
LINE	160	0000AC6C
LINE	161	0000AC6D
LINE	162	0000AC6E
LINE	163	0000AC6F
LINE	165	0000AC70
LINE	166	0000AC71
LINE	168	0000AC72
LINE	169	0000AC73
LINE	171	0000AC74
LINE	172	0000AC75
LINE	173	0000AC76
LINE	175	0000AC77
LINE	176	0000AC78
LINE	177	0000AC79
LINE	178	0000AC7A
LINE	179	0000AC7B
LINE	180	0000AC7C
LINE	181	0000AC7D
LINE	184	0000AC7E
LINE	186	0000AC7F
LINE	187	0000AC80
LINE	189	0000AC81
LINE	190	0000AC82
LINE	191	0000AC83
LINE	192	0000AC84
LINE	195	0000AC85
LINE	196	0000AC86
LINE	197	0000AC87
LINE	198	0000AC88
LINE	200	0000AC89
LINE	201	0000AC8A
LINE	202	0000AC8B
LINE	203	0000AC8C
LINE	205	0000AC8D
LINE	207	0000AC8E
LINE	210	0000AC8F
LINE	211	0000AC90
LINE	212	0000AC91
LINE	213	0000AC92
LINE	216	0000AC93
LINE	217	0000AC94
LINE	218	0000AC95
LINE	219	0000AC96
LINE	221	0000AC97
LINE	222	0000AC98
LINE	223	0000AC99
LINE	224	0000AC9A
LINE	226	0000AC9B
LINE	228	0000AC9C
LINE	231	0000AC9D
LINE	232	0000AC9E
LINE	234	0000AC9F
LINE	235	0000ACA0
LINE	236	0000ACA1
LINE	237	0000ACA2
LINE	238	0000ACA3
LINE	239	0000ACA4
LINE	243	0000ACA5
LINE	244	0000ACA6
LINE	245	0000ACA7
LINE	247	0000ACA8
LINE	248	0000ACA9
LINE	250	0000ACAA
LINE	251	0000ACAB
LINE	252	0000ACAC
LINE	253	0000ACAD
LINE	254	0000ACAE
LINE	255	0000ACAF
LINE	256	0000ACB0
LINE	257	0000ACB1
LINE	260	0000ACB2
LINE	262	0000ACB3
LINE	263	0000ACB4
LINE	265	0000ACB5
LINE	266	0000ACB6
LINE	267	0000ACB7
LINE	268	0000ACB8
LINE	271	0000ACB9
LINE	272	0000ACBA
LINE	273	0000ACBB
LINE	274	0000ACBC
LINE	276	0000ACBD
LINE	277	0000ACBE
LINE	278	0000ACBF
LINE	279	0000ACC0
LINE	281	0000ACC1
LINE	283	0000ACC2
LINE	286	0000ACC3
LINE	287	0000ACC4
LINE	288	0000ACC5
LINE	289	0000ACC6
LINE	292	0000ACC7
LINE	293	0000ACC8
LINE	294	0000ACC9
LINE	295	0000ACCA
LINE	297	0000ACCB
LINE	298	0000ACCC
LINE	299	0000ACCD
LINE	300	0000ACCE
LINE	302	0000ACCF
LINE	304	0000ACD0
LINE	307	0000ACD1
LINE	308	0000ACD2
LINE	309	0000ACD3
LINE	310	0000ACD4
LINE	311	0000ACD5
LINE	314	0000ACD6
LINE	315	0000ACD7
LINE	316	0000ACD8
LINE	317	0000ACD9
LINE	320	0000ACDA
LINE	321	0000ACDB
LINE	322	0000ACDC
LINE	323	0000ACDD
LINE	325	0000ACDE
LINE	326	0000ACDF
LINE	327	0000ACE0
LINE	328	0000ACE1
LINE	331	0000ACE2
LINE	332	0000ACE3
LINE	333	0000ACE4
LINE	334	0000ACE5
LINE	337	0000ACE6
LINE	338	0000ACE7
LINE	339	0000ACE8
LINE	340	0000ACE9
LINE	343	0000ACEA
LINE	344	0000ACEB
LINE	345	0000ACEC
LINE	346	0000ACED
LINE	348	0000ACEE
LINE	349	0000ACEF
LINE	350	0000ACF0
LINE	352	0000ACF1
LINE	355	0000ACF2
LINE	356	0000ACF3
LINE	357	0000ACF4
LINE	358	0000ACF5
LINE	359	0000ACF6
LINE	360	0000ACF7
LINE	361	0000ACF8
LINE	362	0000ACF9
MAP	83	00005E0B
MAP	85	00005E0C
MAP	86	00005E0F
MAP	88	00005E10
MAP	89	00005E11
MAP	93	00005E12
MAP	95	00005E13
MAP	96	00005E14
MAP	100	00005E15
MAP	103	00005E16
MAP	104	00005E17
MAP	105	00005E18
MAP	106	00005E19
MAP	107	00005E1A
MAP	108	00005E1B
MAP	109	00005E1C
MAP	110	00005E1D
MAP	111	00005E1E
MAP	112	00005E1F
MAP	115	00005E20
MAP	116	00005E21
MAP	117	00005E22
MAP	118	00005E23
MAP	119	00005E24
MAP	120	00005E25
MAP	121	00005E26
MAP	122	00005E27
MAP	123	00005E28
MAP	124	00005E29
MAP	127	00005E2A
MAP	128	00005E2B
MAP	129	00005E2C
MAP	130	00005E2D
MAP	131	00005E2E
MAP	132	00005E2F
MAP	133	00005E30
MAP	134	00005E31
MAP	135	00005E32
MAP	136	00005E33
MAP	139	00005E34
MAP	140	00005E35
MAP	141	00005E36
MAP	142	00005E37
MAP	143	00005E38
MAP	144	00005E39
MAP	145	00005E3A
MAP	146	00005E3B
MAP	147	00005E3C
MAP	148	00005E3D
MAP	151	00005E3E
MAP	152	00005E3F
MAP	153	00005E40
MAP	154	00005E41
MAP	155	00005E42
MAP	156	00005E43
MAP	157	00005E44
MAP	158	00005E45
MAP	160	00005E46
MAP	161	00005E47
MAP	162	00005E48
MAP	163	00005E49
MAP	164	00005E4A
MAP	166	00005E4B
MAP	167	00005E4C
MAP	168	00005E4D
MAP	169	00005E4E
MAP	170	00005E4F
MAP	173	00005E50
MAP	174	00005E51
MAP	175	00005E52
MAP	176	00005E53
MAP	179	00005E54
MAP	184	00005E55
MAP	185	00005E56
MAP	186	00005E57
MAP	187	00005E58
MAP	188	00005E59
MAP	189	00005E5A
MAP	190	00005E5B
MAP	193	00005E5C
MAP	194	00005E5D
MAP	195	00005E5E
MAP	196	00005E5F
MAP	197	00005E60
MAP	199	00005E61
MAP	200	00005E62
MAP	201	00005E63
MAP	202	00005E64
MAP	205	00005E65
MAP	206	00005E66
MAP	208	00005E67
MAP	209	00005E68
MAP	210	00005E69
MAP	211	00005E6A
MAP	212	00005E6B
MAP	213	00005E6C
MAP	214	00005E6D
MAP	218	00005E6E
MAP	219	00005E6F
MAP	220	00005E70
MAP	221	00005E71
MAP	222	00005E72
MAP	223	00005E73
MAP	224	00005E74
MAP	226	00005E75
MAP	227	00005E76
MAP	228	00005E77
MAP	229	00005E78
MAP	230	00005E79
MAP	231	00005E7A
MAP	233	00005E7B
MAP	234	00005E7C
MAP	235	00005E7D
MAP	236	00005E7E
MAP	239	00005E7F
MAP	240	00005E80
MAP	241	00005E81
MAP	242	00005E82
MAP	243	00005E83
MAP	244	00005E84
MAP	245	00005E85
MAP	247	00005E86
MAP	248	00005E87
MAP	249	00005E88
MAP	250	00005E89
MAP	251	00005E8A
MAP	252	00005E8B
MAP	254	00005E8C
MAP	255	00005E8D
MAP	256	00005E8E
MAP	257	00005E8F
MAP	261	00005E90
MAP	262	00005E91
MAP	263	00005E92
MAP	264	00005E93
MAP	265	00005E94
MAP	266	00005E95
MAP	267	00005E96
MAP	270	00005E97
MAP	271	00005E98
MAP	272	00005E99
MAP	273	00005E9A
MAP	274	00005E9B
MAP	275	00005E9C
MAP	276	00005E9D
MAP	277	00005E9E
MAP	279	00005E9F
MAP	280	00005EA0
MAP	281	00005EA1
MAP	282	00005EA2
MAP	283	00005EA3
MAP	284	00005EA4
MAP	285	00005EA5
MAP	286	00005EA6
MAP	287	00005EA7
MAP	290	00005EA8
MAP	291	00005EA9
MAP	292	00005EAA
MAP	293	00005EAB
MAP	294	00005EAC
MAP	295	00005EAD
MAP	297	00005EAE
MAP	298	00005EAF
MAP	299	00005EB0
MAP	300	00005EB1
MAP	303	00005EB2
MAP	304	00005EB3
MAP	305	00005EB4
MAP	306	00005EB5
MAP	307	00005EB6
MAP	308	00005EB7
MAP	309	00005EB8
MAP	311	00005EB9
MAP	312	00005EBA
MAP	313	00005EBB
MAP	314	00005EBC
MAP	315	00005EBD
MAP	316	00005EBE
MAP	317	00005EBF
MAP	318	00005EC0
MAP	320	00005EC1
MAP	321	00005EC2
MAP	322	00005EC3
MAP	323	00005EC4
MAP	324	00005EC5
MAP	325	00005EC6
MAP	326	00005EC7
MAP	327	00005EC8
MAP	328	00005EC9
MAP	331	00005ECA
MAP	332	00005ECB
MAP	333	00005ECC
MAP	334	00005ECD
MAP	335	00005ECE
MAP	336	00005ECF
MAP	338	00005ED0
MAP	339	00005ED1
MAP	340	00005ED2
MAP	341	00005ED3
MAP	344	00005ED4
MAP	345	00005ED6
MAP	373	00005ED7
MAP	374	00005ED8
MAP	375	00005ED9
MAP	377	00005EDA
MAP	378	00005EDB
MAP	379	00005EDC
MAP	380	00005EDD
MAP	383	00005EDE
MAP	384	00005EDF
MAP	385	00005EE0
MAP	386	00005EE1
MAP	389	00005EE2
MAP	390	00005EE3
MAP	391	00005EE4
MAP	392	00005EE5
MAP	395	00005EE6
MAP	396	00005EE7
MAP	397	00005EE8
MAP	398	00005EE9
MAP	401	00005EEA
MAP	412	00005EEB
MAP	415	00005EED
MAP	420	00005EEE
MAP	421	00005EF1
MAP	423	00005EF2
MAP	424	00005EF3
MAP	425	00005EF4
MAP	427	00005EF5
MAP	428	00005EF6
MAP	429	00005EF7
MAP	432	00005EF8
MAP	433	00005EF9
MAP	434	00005EFA
MAP	435	00005EFB
MAP	436	00005EFC
MAP	437	00005EFD
MAP	438	00005EFE
MAP	439	00005EFF
MAP	440	00005F00
MAP	441	00005F01
MAP	444	00005F02
MAP	445	00005F03
MAP	446	00005F04
MAP	447	00005F05
MAP	448	00005F06
MAP	449	00005F07
MAP	450	00005F08
MAP	451	00005F09
MAP	452	00005F0A
MAP	453	00005F0B
MAP	456	00005F0C
MAP	457	00005F0D
MAP	458	00005F0E
MAP	459	00005F0F
MAP	460	00005F10
MAP	461	00005F11
MAP	462	00005F12
MAP	463	00005F13
MAP	464	00005F14
MAP	465	00005F15
MAP	468	00005F16
MAP	469	00005F17
MAP	470	00005F18
MAP	471	00005F19
MAP	472	00005F1A
MAP	473	00005F1B
MAP	474	00005F1C
MAP	475	00005F1D
MAP	476	00005F1E
MAP	477	00005F1F
MAP	480	00005F20
MAP	481	00005F21
MAP	482	00005F22
MAP	483	00005F23
MAP	484	00005F24
MAP	486	00005F25
MAP	487	00005F26
MAP	488	00005F27
MAP	489	00005F28
MAP	490	00005F29
MAP	492	00005F2A
MAP	493	00005F2B
MAP	494	00005F2C
MAP	495	00005F2D
MAP	496	00005F2E
MAP	499	00005F2F
MAP	500	00005F30
MAP	501	00005F31
MAP	504	00005F32
MAP	506	00005F33
MAP	509	00005F34
MAP	510	00005F35
MAP	515	00005F36
MAP	516	00005F37
MAP	523	00005F38
MAP	524	00005F39
MAP	525	00005F3A
MAP	526	00005F3B
MAP	527	00005F3C
MAP	528	00005F3D
MAP	530	00005F3E
MAP	531	00005F3F
MAP	532	00005F40
MAP	533	00005F41
MAP	534	00005F42
MAP	535	00005F43
MAP	538	00005F44
MAP	539	00005F45
MAP	540	00005F46
MAP	541	00005F47
MAP	542	00005F48
MAP	544	00005F49
MAP	545	00005F4A
MAP	546	00005F4B
MAP	547	00005F4C
MAP	552	00005F4D
MAP	554	00005F4E
MAP	555	00005F4F
MAP	556	00005F50
MAP	557	00005F51
MAP	559	00005F52
MAP	560	00005F53
MAP	561	00005F54
MAP	562	00005F55
MAP	563	00005F56
MAP	564	00005F57
MAP	565	00005F58
MAP	571	00005F59
MAP	572	00005F5A
MAP	573	00005F5B
MAP	574	00005F5C
MAP	575	00005F5D
MAP	576	00005F5E
MAP	577	00005F5F
MAP	579	00005F60
MAP	580	00005F61
MAP	581	00005F62
MAP	582	00005F63
MAP	583	00005F64
MAP	584	00005F65
MAP	586	00005F66
MAP	587	00005F67
MAP	588	00005F68
MAP	589	00005F69
MAP	595	00005F6A
MAP	596	00005F6B
MAP	597	00005F6C
MAP	598	00005F6D
MAP	599	00005F6E
MAP	600	00005F6F
MAP	601	00005F70
MAP	603	00005F71
MAP	604	00005F72
MAP	605	00005F73
MAP	606	00005F74
MAP	607	00005F75
MAP	608	00005F76
MAP	610	00005F77
MAP	611	00005F78
MAP	612	00005F79
MAP	613	00005F7A
MAP	620	00005F7B
MAP	621	00005F7C
MAP	622	00005F7D
MAP	623	00005F7E
MAP	624	00005F7F
MAP	625	00005F80
MAP	626	00005F81
MAP	628	00005F82
MAP	629	00005F83
MAP	630	00005F84
MAP	631	00005F85
MAP	632	00005F86
MAP	633	00005F87
MAP	634	00005F88
MAP	635	00005F89
MAP	637	00005F8A
MAP	638	00005F8B
MAP	639	00005F8C
MAP	640	00005F8D
MAP	641	00005F8E
MAP	642	00005F8F
MAP	643	00005F90
MAP	644	00005F91
MAP	645	00005F92
MAP	648	00005F93
MAP	649	00005F94
MAP	650	00005F95
MAP	651	00005F96
MAP	652	00005F97
MAP	653	00005F98
MAP	655	00005F99
MAP	656	00005F9A
MAP	657	00005F9B
MAP	658	00005F9C
MAP	666	00005F9D
MAP	667	00005F9E
MAP	668	00005F9F
MAP	669	00005FA0
MAP	670	00005FA1
MAP	671	00005FA2
MAP	672	00005FA3
MAP	674	00005FA4
MAP	675	00005FA5
MAP	676	00005FA6
MAP	677	00005FA7
MAP	678	00005FA8
MAP	679	00005FA9
MAP	680	00005FAA
MAP	681	00005FAB
MAP	683	00005FAC
MAP	684	00005FAD
MAP	685	00005FAE
MAP	686	00005FAF
MAP	687	00005FB0
MAP	688	00005FB1
MAP	689	00005FB2
MAP	690	00005FB3
MAP	691	00005FB4
MAP	694	00005FB5
MAP	695	00005FB6
MAP	696	00005FB7
MAP	697	00005FB8
MAP	698	00005FB9
MAP	699	00005FBA
MAP	701	00005FBB
MAP	702	00005FBC
MAP	703	00005FBD
MAP	704	00005FBE
MAP	710	00005FBF
MAP	711	00005FC1
MAP	713	00005FC2
MAP	714	00005FC3
MAP	715	00005FC4
MAP	716	00005FC5
MAP	717	00005FC6
MAP	718	00005FC7
MAP	719	00005FC8
MAP	720	00005FC9
MAP	722	00005FCA
MAP	724	00005FCB
MAP	732	00005FCC
MAP	733	00005FCD
MAP	737	00005FCE
MAP	738	00005FCF
MAP	739	00005FD0
MAP	742	00005FD1
MAP	743	00005FD2
MAP	747	00005FD3
MAP	748	00005FD4
MAP	749	00005FD5
MAP	750	00005FD6
MAP	758	00005FD7
MAP	759	00005FD8
MAP	761	00005FD9
MAP	762	00005FDA
MAP	763	00005FDB
MAP	764	00005FDC
MAP	765	00005FDD
MAP	766	00005FDE
MAP	767	00005FDF
MAP	768	00005FE0
MAP	769	00005FE1
MAP	770	00005FE2
MAP	771	00005FE3
MAP	772	00005FE4
MAP	773	00005FE5
MAP	774	00005FE6
MAP	777	00005FE7
MAP	778	00005FE8
MAP	780	00005FE9
MAP	781	00005FEA
MAP	782	00005FEB
MAP	810	00005FED
MAP	811	00005FEE
MAP	812	00005FEF
MAP	813	00005FF0
MAP	814	00005FF1
MAP	815	00005FF2
MAP	816	00005FF3
MAP	818	00005FF4
MAP	819	00005FF5
MAP	820	00005FF6
MAP	821	00005FF7
MAP	822	00005FF8
MAP	823	00005FF9
MAP	824	00005FFA
MAP	826	00005FFB
MAP	827	00005FFC
MAP	836	00005FFD
MAP	837	00005FFE
MAP	838	00005FFF
MAP	839	00006000
MAP	840	00006001
MAP	841	00006002
MAP	843	00006003
MAP	844	00006004
MAP	845	00006005
MAP	846	00006006
MAP	847	00006007
MAP	848	00006008
MAP	849	00006009
MAP	852	0000600B
MAP	854	0000600C
MAP	856	0000600D
MAP	857	0000600E
MAP	858	0000600F
MAP	860	00006010
MAP	861	00006011
MAP	862	00006012
MAP	863	00006013
MAP	864	00006014
MAP	866	00006015
MAP	867	00006016
MAP	868	00006017
MAP	869	00006018
MAP	870	00006019
MAP	871	0000601A
MAP	872	0000601B
MAP	873	0000601C
MAP	874	0000601D
MAP	876	0000601E
MAP	877	0000601F
MAP	878	00006020
MAP	879	00006021
MAP	880	00006022
MAP	881	00006023
MAP	882	00006024
MAP	883	00006025
MAP	884	00006026
MAP	885	00006027
MAP	886	00006028
MAP	888	00006029
MAP	889	0000602A
MAP	890	0000602B
MAP	891	0000602C
MAP	892	0000602D
MAP	893	0000602E
MAP	894	0000602F
MAP	895	00006030
MAP	896	00006031
MAP	897	00006032
MAP	898	00006033
MAP	902	00006034
MAP	904	00006035
MAP	905	00006036
MAP	906	00006037
MAP	907	00006038
MAP	908	00006039
MAP	909	0000603A
MAP	910	0000603B
MAP	911	0000603C
MAP	913	0000603D
MAP	914	0000603E
MAP	915	0000603F
MAP	916	00006040
MAP	917	00006041
MAP	918	00006042
MAP	919	00006043
MAP	920	00006044
MAP	921	00006045
MAP	922	00006046
MAP	923	00006047
MAP	925	00006048
MAP	926	00006049
MAP	927	0000604A
MAP	928	0000604B
MAP	929	0000604C
MAP	930	0000604D
MAP	931	0000604E
MAP	932	0000604F
MAP	933	00006050
MAP	934	00006051
MAP	935	00006052
MAP	937	00006053
MAP	938	00006054
MAP	939	00006055
MAP	940	00006056
MAP	943	00006057
MAP	944	00006058
MAP	945	00006059
MAP	946	0000605A
MAP	947	0000605B
MAP	948	0000605C
MAP	949	0000605D
MAP	959	0000605E
MAP	960	0000605F
MAP	962	00006060
MAP	963	00006061
MAP	964	00006062
MAP	966	00006063
MAP	967	00006064
MAP	968	00006065
MAP	969	00006066
MAP	970	00006067
MAP	972	00006068
MAP	973	00006069
MAP	974	0000606A
MAP	975	0000606B
MAP	976	0000606C
MAP	977	0000606D
MAP	978	0000606E
MAP	979	0000606F
MAP	980	00006070
MAP	982	00006071
MAP	983	00006072
MAP	984	00006073
MAP	985	00006074
MAP	986	00006075
MAP	987	00006076
MAP	988	00006077
MAP	989	00006078
MAP	990	00006079
MAP	991	0000607A
MAP	992	0000607B
MAP	994	0000607C
MAP	995	0000607D
MAP	996	0000607E
MAP	997	0000607F
MAP	998	00006080
MAP	999	00006081
MAP	1000	00006082
MAP	1001	00006083
MAP	1002	00006084
MAP	1003	00006085
MAP	1004	00006086
MAP	1008	00006087
MAP	1010	00006088
MAP	1011	00006089
MAP	1012	0000608A
MAP	1013	0000608B
MAP	1014	0000608C
MAP	1015	0000608D
MAP	1016	0000608E
MAP	1017	0000608F
MAP	1019	00006090
MAP	1020	00006091
MAP	1021	00006092
MAP	1022	00006093
MAP	1023	00006094
MAP	1024	00006095
MAP	1025	00006096
MAP	1026	00006097
MAP	1027	00006098
MAP	1028	00006099
MAP	1029	0000609A
MAP	1031	0000609B
MAP	1032	0000609C
MAP	1033	0000609D
MAP	1034	0000609E
MAP	1035	0000609F
MAP	1036	000060A0
MAP	1037	000060A1
MAP	1038	000060A2
MAP	1039	000060A3
MAP	1040	000060A4
MAP	1041	000060A5
MAP	1043	000060A6
MAP	1044	000060A7
MAP	1045	000060A8
MAP	1046	000060A9
MAP	1049	000060AA
MAP	1050	000060AB
MAP	1051	000060AC
MAP	1052	000060AD
MAP	1053	000060AE
MAP	1054	000060AF
MAP	1055	000060B0
MAP	1058	000060B1
MAP	1059	000060B3
MAP	1060	000060B4
MAP	1061	000060B5
MAP	1062	000060B6
MAP	1063	000060B7
MAP	1064	000060B8
MAP	1066	000060B9
MAP	1067	000060BA
MAP	1068	000060BB
MAP	1069	000060BC
MAP	1070	000060BD
MAP	1071	000060BE
MAP	1072	000060BF
MAP	1104	000060C4
MAP	1105	000060C5
MAP	1106	000060C6
MAP	1107	000060C7
MAP	1108	000060C8
MAP	1109	000060C9
MAP	1111	000060CA
MAP	1113	000060CB
MAP	1114	000060CC
MAP	1115	000060CD
MAP	1117	000060CE
MAP	1118	000060CF
MAP	1119	000060D0
MAP	1121	000060D1
MAP	1122	000060D2
MAP	1123	000060D3
MAP	1125	000060D4
MAP	1126	000060D5
MAP	1128	000060D6
MAP	1129	000060D7
MAP	1131	000060D8
MAP	1132	000060D9
MAP	1133	000060DA
MAP	1134	000060DB
MAP	1135	000060DC
MAP	1137	000060DD
MAP	1139	000060DE
MAP	1140	000060DF
MAP	1141	000060E0
MAP	1142	000060E1
MAP	1143	000060E2
MAP	1144	000060E3
MAP	1145	000060E4
MAP	1167	000060E8
MAP	1168	000060E9
MAP	1170	000060EA
MAP	1171	000060EB
MAP	1172	000060EC
MAP	1173	000060ED
MAP	1174	000060EF
MAP	1175	000060F1
MAP	1176	000060F2
MAP	1177	000060F3
MAP	1178	000060F4
MAP	1180	000060F5
MAP	1181	000060F6
MAP	1182	000060F7
MAP	1183	000060F8
MAP	1184	000060FA
MAP	1185	000060FC
MAP	1186	000060FD
MAP	1187	000060FE
MAP	1188	000060FF
MAP	1190	00006100
MAP	1191	00006101
MAP	1192	00006102
MAP	1194	00006103
MAP	1195	00006105
MAP	1197	00006107
MAP	1198	00006108
MAP	1199	00006109
MAP	1247	0000610A
MAP	1248	0000610B
MAP	1251	0000610C
MAP	1252	0000610D
MAP	1254	0000610E
MAP	1255	0000610F
MAP	1256	00006110
MAP	1257	00006111
MAP	1259	00006112
MAP	1260	00006113
MAP	1261	00006114
MAP	1262	00006115
MAP	1264	00006116
MAP	1265	00006117
MAP	1266	00006118
MAP	1268	00006119
MAP	1269	0000611A
MAP	1270	0000611B
MAP	1271	0000611C
MAP	1272	0000611D
MAP	1274	0000611E
MAP	1275	0000611F
MAP	1276	00006120
MAP	1279	00006121
MAP	1280	00006122
MAP	1281	00006123
MAP	1282	00006124
MAP	1283	00006125
MAP	1287	00006126
MAP	1288	00006127
MAP	1290	00006128
MAP	1291	00006129
MAP	1293	0000612A
MAP	1295	0000612B
MAP	1297	0000612C
MAP	1298	0000612D
MAP	1299	0000612E
MAP	1300	0000612F
MAP	1302	00006130
MAP	1304	00006131
MAP	1305	00006132
MAP	1306	00006133
MAP	1307	00006134
MAP	1308	00006135
MAP	1310	00006136
MAP	1311	00006137
MAP	1312	00006138
MAP	1313	00006139
MAP	1314	0000613A
MAP	1316	0000613B
MAP	1317	0000613C
MAP	1318	0000613D
MAP	1320	0000613E
MAP	1321	0000613F
MAP	1322	00006140
MAP	1331	00006141
MAP	1332	00006142
MAP	1333	00006143
MAP	1334	00006144
MAP	1336	00006145
MAP	1339	00006146
MAP	1340	00006147
MAP	1341	00006148
MAP	1342	00006149
MAP	1343	0000614A
MAP	1344	0000614B
MAP	1347	0000614C
MAP	1348	0000614D
MAP	1349	0000614E
MAP	1351	0000614F
MAP	1352	00006150
MAP	1353	00006151
MAP	1355	00006152
MAP	1356	00006153
MAP	1357	00006154
MAP	1359	00006155
MAP	1360	00006156
MAP	1363	00006157
MAP	1364	00006158
MAP	1365	00006159
MAP	1366	0000615A
MAP	1367	0000615B
MAP	1368	0000615C
MAP	1371	0000615D
MAP	1372	0000615E
MAP	1374	0000615F
MAP	1375	00006160
MAP	1376	00006161
MAP	1378	00006162
MAP	1379	00006163
MAP	1380	00006164
MAP	1383	00006165
MAP	1384	00006166
MAP	1386	00006167
MAP	1387	00006168
MAP	1388	00006169
MAP	1390	0000616A
MAP	1391	0000616B
MAP	1395	0000616C
MAP	1396	0000616D
MAP	1397	0000616E
MAP	1398	0000616F
MAP	1399	00006170
MAP	1400	00006171
MAP	1402	00006172
MAP	1403	00006173
MAP	1404	00006174
MAP	1405	00006175
MAP	1406	00006176
MAP	1407	00006177
MAP	1412	00006178
MAP	1413	00006179
MAP	1414	0000617A
MAP	1415	0000617B
MAP	1416	0000617C
MAP	1417	0000617D
MAP	1418	0000617E
MAP	1419	0000617F
MAP	1423	00006180
MAP	1424	00006181
MAP	1425	00006182
MAP	1428	00006183
MAP	1429	00006184
MAP	1430	00006185
MAP	1431	00006186
MAP	1432	00006187
MAP	1433	00006188
MAP	1435	00006189
MAP	1436	0000618A
MAP	1437	0000618B
MAP	1438	0000618C
MAP	1439	0000618D
MAP	1440	0000618E
MAP	1443	0000618F
MAP	1444	00006190
MAP	1445	00006191
MAP	1446	00006192
MAP	1447	00006193
MAP	1448	00006194
MAP	1449	00006195
MAP	1450	00006196
MAP	1454	00006197
MAP	1455	00006198
MAP	1460	00006199
MAP	1461	0000619A
MAP	1465	0000619B
MAP	1467	0000619C
MAP	1468	0000619D
MAP	1469	0000619E
MAP	1470	0000619F
MAP	1471	000061A0
MAP	1482	000061A1
MAP	1483	000061A2
MAP	1484	000061A3
MAP	1485	000061A4
MAP	1486	000061A5
MAP	1487	000061A6
MAP	1488	000061A7
MAP	1489	000061A8
MAP	1500	000061A9
MAP	1501	000061AA
MAP	1502	000061AB
MAP	1503	000061AC
MAP	1504	000061AD
MAP	1505	000061AE
MAP	1506	000061AF
MAP	1509	000061B0
MAP	1510	000061B1
MAP	1511	000061B2
MAP	1512	000061B3
MAP	1516	000061B4
MAP	1517	000061B5
MAP	1518	000061B6
MAP	1519	000061B7
MAP	1522	000061B8
MAP	1523	000061B9
MAP	1524	000061BA
MAP	1526	000061BB
MAP	1527	000061BC
MAP	1528	000061BD
MAP	1530	000061BE
MAP	1531	000061BF
MAP	1532	000061C0
MAP	1534	000061C1
MAP	1535	000061C2
MAP	1538	000061C3
MAP	1539	000061C4
MAP	1540	000061C5
MAP	1541	000061C6
MAP	1543	000061C7
MAP	1544	000061C8
MAP	1546	000061C9
MAP	1547	000061CA
MAP	1548	000061CB
MAP	1549	000061CC
MAP	1551	000061CD
MAP	1554	000061CE
MAP	1555	000061CF
MAP	1557	000061D0
MAP	1558	000061D1
MAP	1559	000061D2
MAP	1560	000061D3
MAP	1562	000061D4
MAP	1563	000061D5
MAP	1564	000061D6
MAP	1565	000061D7
MAP	1567	000061D8
MAP	1568	000061D9
MAP	1569	000061DA
MAP	1571	000061DB
MAP	1572	000061DC
MAP	1573	000061DD
MAP	1574	000061DE
MAP	1576	000061DF
MAP	1578	000061E0
MAP	1579	000061E1
MAP	1580	000061E2
MAP	1581	000061E3
MAP	1582	000061E4
MAP	1583	000061E5
MAP	1584	000061E6
MAP	1585	000061E7
MAP	1586	000061E8
MAP	1587	000061E9
MAP	1588	000061EA
MAP	1591	000061EB
MATH	37	0000952D
MATH	38	0000952E
MATH	39	0000952F
MATH	48	00009530
MATH	50	00009531
MATH	51	00009532
MATH	53	00009533
MATH	54	00009534
MATH	56	00009535
MATH	57	00009536
MATH	58	00009537
MATH	59	00009538
MATH	60	00009539
MATH	61	0000953A
MATH	63	0000953B
MATH	64	0000953C
MATH	65	0000953D
MATH	67	0000953E
MATH	68	0000953F
MATH	71	00009540
MATH	72	00009541
MATH	73	00009542
MATH	74	00009543
MATH	75	00009544
MATH	78	00009545
MATH	79	00009546
MATH	81	00009547
MATH	82	00009548
MATH	84	00009549
MATH	85	0000954A
MATH	86	0000954B
MATH	87	0000954C
MATH	88	0000954D
MATH	153	00009556
MATH	154	00009557
MATH	155	00009558
MATH	156	00009559
MATH	157	0000955A
MATH	158	0000955B
MATH	159	0000955C
MATH	160	0000955D
MATH	162	0000955E
MATH	163	0000955F
MATH	164	00009560
MATH	175	00009561
MATH	176	00009562
MATH	177	00009563
MATH	178	00009564
MATH	179	00009565
MATH	180	00009566
MATH	182	00009567
MATH	199	00009568
MATH	200	00009569
MATH	201	0000956A
MATH	202	0000956B
MATH	205	0000956C
MATH	206	0000956D
MATH	207	0000956E
MATH	208	0000956F
MATH	209	00009570
MATH	210	00009571
MATH	211	00009572
MATH	214	00009573
MATH	215	00009574
MATH	216	00009575
MATH	217	00009576
MATH	219	00009577
MATH	220	00009578
MATH	221	00009579
MATH	222	0000957A
MATH	225	0000957B
MATH	226	0000957C
MATH	229	0000957D
MATH	230	0000957E
MATH	231	0000957F
MATH	232	00009580
MATH	233	00009581
MATH	235	00009582
MATH	236	00009583
MATH	237	00009584
MATH	239	00009585
MATH	240	00009586
MATH	241	00009587
MATH	242	00009588
MATH	244	00009589
MATH	245	0000958A
MATH	246	0000958B
MATH	247	0000958C
MATH	248	0000958D
MATH	317	00009591
MATH	318	00009592
MATH	319	00009593
MATH	320	00009594
MATH	321	00009595
MATH	322	00009596
MATH	323	00009597
MATH	324	00009598
MATH	325	00009599
MATH	328	0000959A
MATH	329	0000959B
MATH	331	0000959C
MATH	332	0000959D
MATH	334	0000959E
MATH	335	0000959F
MATH	336	000095A0
MATH	337	000095A1
MATH	338	000095A2
MATH	340	000095A3
MATH	341	000095A4
MATH	342	000095A5
MATH	343	000095A6
MATH	344	000095A7
MATH	345	000095A8
MATH	346	000095A9
MATH	347	000095A9
MATH	348	000095AA
MATH	349	000095AB
MATH	350	000095AB
MATH	351	000095AC
MATH	352	000095AD
MATH	353	000095AE
MATH	354	000095AE
MATH	355	000095AF
MATH	356	000095B0
MATH	357	000095B1
MATH	358	000095B2
MATH	359	000095B3
MATH	360	000095B3
MATH	361	000095B4
MATH	362	000095B5
MATH	363	000095B6
MATH	364	000095B6
MATH	365	000095B7
MATH	366	000095B8
MATH	367	000095B8
MATH	368	000095B9
MATH	369	000095BA
MATH	370	000095BB
MATH	371	000095BC
MATH	372	000095BD
MATH	373	000095BE
MATH	374	000095BF
MATH	375	000095C0
MATH	376	000095C1
MATH	377	000095C2
MATH	378	000095C3
MATH	379	000095C4
MATH	395	000095C5
MATH	396	000095C6
MATH	397	000095C7
MATH	398	000095C8
MATH	399	000095C9
MATH	400	000095CA
MATH	401	000095CB
MATH	402	000095CC
MATH	403	000095CD
MATH	404	000095CE
MATH	405	000095CF
MATH	406	000095D0
MATH	407	000095D1
MATH	408	000095D2
MATH	409	000095D3
MATH	410	000095D4
MATH	411	000095D5
MATH	412	000095D6
MATH	413	000095D7
MATH	429	000095D8
MATH	430	000095D9
MATH	431	000095DA
MATH	432	000095DB
MATH	433	000095DC
MATH	434	000095DD
MATH	435	000095DE
MATH	436	000095DF
MATH	437	000095E0
MATH	438	000095E1
MATH	439	000095E2
MATH	440	000095E3
MATH	441	000095E4
MATH	442	000095E5
MATH	443	000095E6
MATH	444	000095E7
MATH	445	000095E8
MATH	446	000095E9
MATH	447	000095EA
MATH	461	000095EB
MATH	462	000095EC
MATH	463	000095ED
MATH	464	000095EE
MATH	465	000095EF
MATH	466	000095F0
MATH	467	000095F1
MATH	468	000095F2
MATH	469	000095F3
MATH	470	000095F4
MATH	473	000095F5
MATH	474	000095F6
MATH	476	000095F7
MATH	477	000095F8
MATH	478	000095F9
MATH	480	000095FA
MATH	481	000095FB
MATH	482	000095FC
MATH	483	000095FD
MATH	484	000095FE
MATH	485	000095FF
MATH	486	00009600
MATH	487	00009601
MATH	488	00009602
MATH	489	00009603
MATH	490	00009604
MATH	491	00009605
MATH	492	00009606
MATH	494	00009607
MATH	495	00009608
MATH	496	00009609
MATH	497	0000960A
MATH	498	0000960B
MATH	499	0000960C
MATH	500	0000960D
MATH	501	0000960E
MATH	502	0000960F
MATH	503	00009610
MATH	504	00009611
MATH	519	00009612
MATH	520	00009613
MATH	521	00009614
MATH	522	00009615
MATH	523	00009616
MATH	524	00009617
MATH	525	00009618
MATH	526	00009619
MATH	527	0000961A
MATH	528	0000961B
MATH	529	0000961C
MATH	530	0000961D
MATH	531	0000961E
MATH	532	0000961F
MATH	533	00009620
MATH	534	00009621
MATH	535	00009622
MATH	536	00009623
MATH	537	00009624
MATH	549	00009625
MATH	550	00009626
MATH	551	00009627
MATH	552	00009628
MATH	553	00009629
MATH	554	0000962A
MATH	555	0000962B
MATH	556	0000962C
MATH	557	0000962D
MATH	558	0000962E
MATH	559	0000962F
MATH	560	00009630
MATH	561	00009631
MATH	562	00009632
MATH	563	00009633
MATH	564	00009634
MATH	565	00009635
MATH	581	00009636
MATH	582	00009637
MATH	583	00009638
MATH	584	00009639
MATH	585	0000963A
MATH	587	0000963B
MATH	588	0000963C
MATH	589	0000963D
MATH	590	0000963E
MATH	604	0000963F
MATH	605	00009640
MATH	606	00009641
MATH	607	00009642
MATH	608	00009643
MATH	609	00009644
MATH	610	00009645
MATH	611	00009645
MATH	612	00009646
MATH	613	00009647
MATH	614	00009648
MATH	615	00009649
MATH	616	0000964A
MATH	632	0000964B
MATH	633	0000964C
MATH	634	0000964D
MATH	635	0000964E
MATH	637	0000964F
MATH	638	00009650
MATH	639	00009650
MATH	640	00009651
MATH	642	00009652
MATH	643	00009653
MATH	644	00009653
MATH	645	00009654
MATH	647	00009655
MATH	648	00009656
MATH	650	00009657
MATH	651	00009658
MATH	652	00009658
MATH	653	00009659
MATH	655	0000965A
MATH	656	0000965B
MATH	657	0000965C
MATH	658	0000965D
MATH	660	0000965E
MATH	661	0000965F
MATH	662	00009660
MATH	663	00009661
MATH	672	00009662
MATH	673	00009663
MATH	674	00009664
MATH	675	00009665
MATH	676	00009666
MATH	677	00009667
MATH	678	00009668
MATH	679	00009669
MATH	680	0000966A
MATH	681	0000966B
MATH	699	0000966C
MATH	700	0000966D
MATH	701	0000966E
MATH	702	0000966F
MATH	703	00009670
MATH	704	00009671
MATH	706	00009672
MATH	707	00009673
MATH	708	00009674
MATH	709	00009674
MATH	711	00009675
MATH	712	00009675
MATH	713	00009676
MATH	714	00009677
MATH	715	00009678
MATH	716	00009678
MATH	718	00009679
MATH	719	00009679
MATH	720	0000967A
MATH	721	0000967B
MATH	722	0000967C
MATH	723	0000967C
MATH	725	0000967D
MATH	726	0000967E
MATH	727	0000967F
MATH	728	00009680
MATH	730	00009681
MATH	731	00009682
MATH	732	00009682
MATH	734	00009683
MATH	735	00009684
MATH	736	00009685
MATH	737	00009686
MATH	738	00009687
MATH	739	00009688
MATH	748	00009689
MATH	749	0000968A
MATH	750	0000968B
MATH	751	0000968C
MATH	753	0000968D
MATH	754	0000968E
MATH	756	0000968F
MATH	757	00009690
MATH	758	00009691
MATH	759	00009692
MATH	760	00009693
MATH	761	00009694
MATH	763	00009695
MATH	764	00009696
MATH	765	00009697
MATH	766	00009698
MATH	767	00009699
MATH	783	0000969A
MATH	784	0000969B
MATH	787	0000969C
MATH	788	0000969D
MATH	789	0000969E
MATH	790	0000969F
MATH	791	000096A0
MATH	793	000096A1
MATH	794	000096A2
MATH	795	000096A3
MATH	796	000096A4
MATH	797	000096A5
MATH	799	000096A6
MATH	800	000096A7
MATH	801	000096A8
MATH	802	000096A9
MATH	803	000096AA
MATH	804	000096AB
MATH	806	000096AC
MATH	809	000096AD
MATH	810	000096AE
MATH	811	000096AF
MATH	812	000096B0
MATH	813	000096B1
MATH	814	000096B2
MATH	815	000096B3
MATH	830	000096B4
MATH	831	000096B5
MATH	832	000096B6
MATH	833	000096B7
MATH	835	000096B8
MATH	836	000096B9
MATH	837	000096BA
MATH	839	000096BB
MATH	841	000096BC
MATH	842	000096BD
MATH	843	000096BE
MATH	844	000096BF
MATH	846	000096C0
MATH	847	000096C1
MATH	848	000096C2
MATH	849	000096C3
MATH	851	000096C4
MATH	852	000096C5
MATH	853	000096C6
MATH	854	000096C7
MATH	856	000096C8
MATH	857	000096C9
MATH	858	000096CA
MATH	859	000096CB
MATH	860	000096CC
MATH	883	000096CD
MATH	884	000096CE
MATH	887	000096CF
MATH	888	000096D0
MATH	890	000096D1
MATH	891	000096D2
MATH	894	000096D3
MATH	895	000096D4
MATH	896	000096D5
MATH	897	000096D5
MATH	900	000096D6
MATH	901	000096D6
MATH	902	000096D7
MATH	903	000096D8
MATH	904	000096D9
MATH	905	000096D9
MATH	908	000096DA
MATH	909	000096DA
MATH	910	000096DB
MATH	911	000096DC
MATH	912	000096DD
MATH	913	000096DD
MATH	914	000096DE
MATH	916	000096DF
MATH	917	000096E0
MATH	918	000096E1
MATH	939	000096E2
MATH	940	000096E3
MATH	941	000096E4
MATH	942	000096E5
MATH	943	000096E6
MATH	944	000096E7
MATH	946	000096E8
MATH	947	000096E9
MATH	948	000096EA
MATH	949	000096EB
MATH	950	000096EC
MATH	951	000096ED
MATH	953	000096EE
MATH	954	000096EF
MATH	955	000096F0
MATH	956	000096F1
MATH	957	000096F2
MATH	958	000096F3
MATH	959	000096F4
MATH	975	000096F5
MATH	976	000096F6
MATH	977	000096F7
MATH	979	000096F8
MATH	980	000096F9
MATH	981	000096FA
MATH	982	000096FB
MATH	984	000096FC
MATH	985	000096FD
MATH	986	000096FE
MATH	988	000096FF
MATH	989	00009700
MATH	990	00009701
MATH	1018	00009702
MATH	1019	00009703
MATH	1020	00009704
MATH	1021	00009705
MATH	1022	00009706
MATH	1023	00009707
MATH	1024	00009708
MATH	1025	00009709
MATH	1026	0000970A
MATH	1027	0000970B
MATH	1028	0000970C
MATH	1029	0000970D
MATH	1030	0000970E
MATH	1031	0000970F
MATH	1032	00009710
MATH	1033	00009711
MATH	1034	00009712
MATH	1035	00009713
MATH	1036	00009714
MATH	1037	00009715
MATH	1038	00009716
MATH	1057	00009717
MATH	1058	00009718
MATH	1059	00009719
MATH	1060	0000971A
MATH	1061	0000971B
MATH	1062	0000971C
MATH	1063	0000971D
MATH	1064	0000971E
MATH	1066	0000971F
MATH	1067	00009720
MATH	1068	00009721
MATH	1069	00009722
MATH	1070	00009723
MATH	1071	00009724
MATH	1072	00009725
MATH	1073	00009726
MATH	1074	00009727
MATH	1076	00009728
MATH	1077	00009729
MATH	1078	0000972A
MATH	1079	0000972B
MATH	1080	0000972C
MATH	1081	0000972D
MATH	1082	0000972E
MATH	1083	0000972F
MATH	1084	00009730
MATH	1118	00009731
MATH	1119	00009732
MATH	1122	00009733
MATH	1123	00009734
MATH	1124	00009735
MATH	1125	00009736
MATH	1126	00009737
MATH	1127	00009738
MATH	1128	00009739
MATH	1129	0000973A
MATH	1130	0000973B
MATH	1132	0000973C
MATH	1133	0000973D
MATH	1134	0000973E
MATH	1135	0000973F
MATH	1136	00009740
MATH	1137	00009741
MATH	1138	00009742
MATH	1139	00009743
MATH	1140	00009744
MATH	1142	00009745
MATH	1143	00009746
MATH	1144	00009747
MATH	1145	00009748
MATH	1146	00009749
MATH	1147	0000974A
MATH	1148	0000974B
MATH	1149	0000974C
MATH	1150	0000974D
MATH	1152	0000974E
MATH	1153	0000974F
MATH	1154	00009750
MEMTEST	228	00006300
MEMTEST	229	00006306
MEMTEST	230	00006307
MEMTEST	231	00006308
MEMTEST	232	00006309
MEMTEST	233	0000630A
MEMTEST	236	0000630B
MEMTEST	237	0000630C
MEMTEST	238	0000630D
MEMTEST	239	0000630E
MEMTEST	240	0000630F
MEMTEST	241	00006310
MEMTEST	242	00006311
MEMTEST	245	00006312
MEMTEST	247	00006313
MEMTEST	248	00006314
MEMTEST	249	00006315
MEMTEST	250	00006316
MEMTEST	251	00006317
MEMTEST	252	00006318
MEMTEST	253	00006319
MEMTEST	254	0000631A
MEMTEST	255	0000631B
MEMTEST	256	0000631C
MEMTEST	258	0000631D
MEMTEST	259	0000631E
MEMTEST	260	0000631F
MEMTEST	261	00006320
MEMTEST	262	00006321
MEMTEST	269	00006322
MEMTEST	270	00006323
MEMTEST	271	00006324
MEMTEST	272	00006325
MEMTEST	273	00006326
MEMTEST	274	00006327
MEMTEST	276	00006328
MEMTEST	277	00006329
MEMTEST	278	0000632A
MEMTEST	279	0000632B
MEMTEST	280	0000632C
MEMTEST	281	0000632D
MEMTEST	283	0000632E
MEMTEST	284	0000632F
MEMTEST	285	00006330
MEMTEST	286	00006331
MEMTEST	287	00006332
MEMTEST	288	00006333
MEMTEST	289	00006334
MEMTEST	290	00006335
MEMTEST	291	00006336
MEMTEST	293	00006337
MEMTEST	300	00006338
MEMTEST	301	00006339
MEMTEST	302	0000633A
MEMTEST	303	0000633B
MEMTEST	304	0000633C
MEMTEST	305	0000633D
MEMTEST	306	0000633E
MEMTEST	307	0000633F
MEMTEST	308	00006340
MEMTEST	309	00006341
MEMTEST	310	00006342
MEMTEST	311	00006343
MEMTEST	312	00006344
MEMTEST	313	00006345
MEMTEST	314	00006346
MEMTEST	315	00006347
MEMTEST	316	00006348
MEMTEST	322	00006349
MEMTEST	325	0000634A
MEMTEST	326	0000634B
MEMTEST	340	0000634C
MEMTEST	341	0000634D
MEMTEST	342	0000634E
MEMTEST	343	0000634F
MEMTEST	344	00006350
MEMTEST	345	00006351
MEMTEST	346	00006352
MEMTEST	349	00006353
MEMTEST	350	00006354
MEMTEST	351	00006355
MEMTEST	352	00006356
MEMTEST	353	00006357
MEMTEST	354	00006358
MEMTEST	355	00006359
MEMTEST	358	0000635A
MEMTEST	359	0000635B
MEMTEST	360	0000635C
MEMTEST	361	0000635D
MEMTEST	362	0000635E
MEMTEST	364	0000635F
MEMTEST	365	00006360
MEMTEST	366	00006361
MEMTEST	367	00006362
MEMTEST	369	00006363
MEMTEST	371	00006364
MEMTEST	372	00006367
MEMTEST	373	00006368
MEMTEST	374	00006369
MEMTEST	376	0000636A
MEMTEST	377	0000636D
MEMTEST	378	0000636E
MEMTEST	379	0000636F
MEMTEST	384	00006370
MEMTEST	385	00006373
MEMTEST	386	00006374
MEMTEST	389	00006375
MEMTEST	390	00006376
MEMTEST	391	00006377
MEMTEST	392	00006378
MEMTEST	394	00006379
MEMTEST	395	0000637A
MEMTEST	396	0000637D
MEMTEST	397	0000637E
MEMTEST	398	0000637F
MEMTEST	399	00006380
MEMTEST	400	00006383
MEMTEST	401	00006384
MEMTEST	403	00006385
MEMTEST	407	00006386
MEMTEST	408	00006389
MEMTEST	409	0000638A
MEMTEST	411	0000638B
MEMTEST	412	0000638C
MEMTEST	413	0000638D
MEMTEST	414	0000638E
MEMTEST	415	0000638F
MEMTEST	416	00006390
MEMTEST	417	00006393
MEMTEST	418	00006394
MEMTEST	419	00006395
MEMTEST	420	00006396
MEMTEST	421	00006399
MEMTEST	422	0000639A
MEMTEST	424	0000639B
MEMTEST	428	0000639C
MEMTEST	429	0000639F
MEMTEST	430	000063A0
MEMTEST	433	000063A1
MEMTEST	434	000063A4
MEMTEST	435	000063A5
MEMTEST	437	000063A6
MEMTEST	438	000063A7
MEMTEST	439	000063A8
MEMTEST	440	000063A9
MEMTEST	441	000063AA
MEMTEST	442	000063AB
MEMTEST	448	000063AC
MEMTEST	449	000063AD
MEMTEST	450	000063AE
MEMTEST	451	000063AF
MEMTEST	452	000063B0
MEMTEST	455	000063B1
MEMTEST	456	000063B2
MEMTEST	457	000063B5
MEMTEST	458	000063B6
MEMTEST	459	000063BC
MEMTEST	460	000063BD
MEMTEST	463	000063BE
MEMTEST	464	000063BF
MEMTEST	469	000063C3
MEMTEST	471	000063C4
MEMTEST	472	000063C5
MEMTEST	474	000063C6
MEMTEST	475	000063C7
MEMTEST	476	000063C8
MEMTEST	477	000063C9
MEMTEST	478	000063CA
MEMTEST	479	000063CB
MEMTEST	481	000063CC
MEMTEST	482	000063CD
MEMTEST	483	000063CE
MEMTEST	484	000063CF
MEMTEST	485	000063D0
MEMTEST	493	000063D1
MEMTEST	496	000063D2
MEMTEST	497	000063D3
MEMTEST	498	000063D4
MEMTEST	500	000063D5
MEMTEST	501	000063D6
MEMTEST	502	000063D7
MEMTEST	503	000063D8
MEMTEST	504	000063D9
MEMTEST	505	000063DA
MEMTEST	506	000063DB
MEMTEST	507	000063DC
MEMTEST	508	000063DD
MEMTEST	509	000063DE
MEMTEST	510	000063DF
MEMTEST	511	000063E0
MEMTEST	512	000063E1
MEMTEST	514	000063E2
MEMTEST	521	000063E3
MEMTEST	522	000063E4
MEMTEST	523	000063E5
MEMTEST	524	000063E6
MEMTEST	525	000063E7
MEMTEST	526	000063E8
MEMTEST	527	000063E9
MEMTEST	528	000063EA
MEMTEST	529	000063EB
MEMTEST	531	000063EC
MEMTEST	532	000063ED
MEMTEST	533	000063EE
MEMTEST	534	000063EF
MEMTEST	535	000063F0
MEMTEST	536	000063F1
MEMTEST	537	000063F2
MEMTEST	538	000063F3
MEMTEST	539	000063F4
MEMTEST	540	000063F5
MEMTEST	541	000063F6
MEMTEST	542	000063F7
MEMTEST	543	000063F8
MEMTEST	545	000063F9
MEMTEST	546	000063FA
MEMTEST	549	000063FB
MEMTEST	551	000063FC
MEMTEST	558	000063FD
MEMTEST	560	000063FE
MEMTEST	561	000063FF
MEMTEST	562	00006400
MEMTEST	563	00006401
MEMTEST	564	00006402
MEMTEST	565	00006403
MEMTEST	566	00006404
MEMTEST	567	00006405
MEMTEST	569	00006406
MEMTEST	570	00006407
MEMTEST	571	00006408
MEMTEST	572	00006409
MEMTEST	573	0000640A
MEMTEST	574	0000640B
MEMTEST	575	0000640C
MEMTEST	576	0000640D
MEMTEST	577	0000640E
MEMTEST	578	0000640F
MEMTEST	579	00006410
MEMTEST	580	00006411
MEMTEST	581	00006412
MEMTEST	583	00006413
MEMTEST	584	00006414
MEMTEST	586	00006415
MEMTEST	587	00006416
MEMTEST	593	00006417
MEMTEST	594	00006418
MEMTEST	595	00006419
MEMTEST	596	0000641A
MEMTEST	597	0000641B
MEMTEST	598	0000641C
MEMTEST	599	0000641D
MEMTEST	600	0000641E
MEMTEST	601	0000641F
MEMTEST	603	00006420
MEMTEST	604	00006421
MEMTEST	605	00006422
MEMTEST	606	00006423
MEMTEST	607	00006424
MEMTEST	608	00006425
MEMTEST	609	00006426
MEMTEST	610	00006427
MEMTEST	611	00006428
MEMTEST	612	00006429
MEMTEST	613	0000642A
MEMTEST	614	0000642B
MEMTEST	615	0000642C
MEMTEST	616	0000642D
MEMTEST	622	0000642E
MEMTEST	623	0000642F
MEMTEST	624	00006430
MEMTEST	625	00006431
MEMTEST	626	00006432
MEMTEST	627	00006433
MEMTEST	628	00006434
MEMTEST	630	00006437
MEMTEST	631	00006438
MEMTEST	632	00006439
MEMTEST	633	0000643A
MEMTEST	635	0000643B
MEMTEST	636	0000643C
MEMTEST	638	0000643D
MEMTEST	639	0000643E
MEMTEST	641	0000643F
MEMTEST	642	00006440
MEMTEST	644	00006441
MEMTEST	645	00006442
MEMTEST	646	00006443
MEMTEST	649	00006444
MEMTEST	650	00006445
MEMTEST	653	00006446
MEMTEST	654	00006447
MEMTEST	656	00006448
MEMTEST	657	00006449
MEMTEST	659	0000644A
MEMTEST	660	0000644B
MEMTEST	662	0000644C
MEMTEST	663	0000644D
MEMTEST	664	0000644E
MEMTEST	665	0000644F
MEMTEST	666	00006450
MEMTEST	667	00006451
MEMTEST	668	00006452
MEMTEST	670	00006453
MEMTEST	674	00006454
MEMTEST	675	00006455
MEMTEST	678	00006456
MEMTEST	679	00006457
MEMTEST	686	00006458
MEMTEST	687	00006459
MEMTEST	688	0000645A
MEMTEST	689	0000645B
MEMTEST	692	0000645C
MEMTEST	693	0000645D
MEMTEST	694	0000645E
MEMTEST	695	0000645F
MEMTEST	696	00006460
MEMTEST	697	00006461
MEMTEST	698	00006462
MEMTEST	699	00006463
MEMTEST	700	00006464
MEMTEST	702	00006465
MEMTEST	703	00006466
MEMTEST	704	00006467
MEMTEST	705	00006468
MEMTEST	706	00006469
MEMTEST	707	0000646A
MEMTEST	708	0000646B
MEMTEST	709	0000646C
MEMTEST	710	0000646D
MEMTEST	711	0000646E
MEMTEST	712	0000646F
MEMTEST	713	00006470
MEMTEST	714	00006471
MEMTEST	716	00006472
MEMTEST	717	00006473
MEMTEST	718	00006474
MEMTEST	719	00006475
MEMTEST	720	00006476
MEMTEST	721	00006477
MEMTEST	737	00006478
MEMTEST	738	00006479
MEMTEST	739	0000647A
MEMTEST	742	0000647B
MEMTEST	743	0000647C
MEMTEST	744	0000647D
MEMTEST	745	0000647E
MEMTEST	746	0000647F
MEMTEST	747	00006480
MEMTEST	748	00006481
MEMTEST	749	00006482
MEMTEST	750	00006483
MEMTEST	751	00006484
MEMTEST	752	00006485
MEMTEST	753	00006486
MEMTEST	754	00006487
MEMTEST	755	00006488
MEMTEST	756	00006489
MEMTEST	757	0000648A
MEMTEST	758	0000648B
MEMTEST	760	0000648C
MEMTEST	761	0000648D
MEMTEST	764	0000648E
MEMTEST	765	0000648F
MEMTEST	770	00006490
MEMTEST	771	00006491
MEMTEST	772	00006492
MEMTEST	773	00006493
MEMTEST	774	00006494
MEMTEST	775	00006495
MEMTEST	776	0000649B
MEMTEST	777	000064A1
MEMTEST	779	000064A7
MEMTEST	780	000064AD
MEMTEST	781	000064B3
MEMTEST	782	000064B9
MEMTEST	783	000064BF
MEMTEST	784	000064C5
MEMTEST	785	000064CB
MEMTEST	786	000064D1
MEMTEST	787	000064D7
MEMTEST	789	000064DD
MEMTEST	790	000064DE
MEMTEST	796	000064DF
MEMTEST	797	000064E0
MEMTEST	798	000064E4
MEMTEST	799	000064E8
MEMTEST	802	000064EC
MEMTEST	803	000064ED
MEMTEST	804	000064EE
MEMTEST	807	000064EF
MEMTEST	808	000064F0
MEMTEST	809	000064F1
MEMTEST	812	000064F2
MEMTEST	813	000064F3
MEMTEST	814	000064F4
MEMTEST	815	000064F5
MEMTEST	816	000064F6
MEMTEST	817	000064F7
MEMTEST	818	000064F8
MEMTEST	819	000064F9
MEMTEST	820	000064FA
MEMTEST	822	000064FB
MEMTEST	823	000064FC
MEMTEST	824	000064FD
MEMTEST	825	000064FE
MEMTEST	826	000064FF
MEMTEST	827	00006500
MEMTEST	828	00006501
MEMTEST	829	00006502
MEMTEST	830	00006503
MEMTEST	831	00006504
MEMTEST	832	00006505
MEMTEST	833	00006506
MEMTEST	834	00006507
MEMTEST	836	00006508
MEMTEST	837	00006509
MEMTEST	843	0000650A
MEMTEST	844	0000650B
MEMTEST	846	0000650C
MEMTEST	847	0000650D
MEMTEST	848	0000650E
MEMTEST	849	0000650F
MEMTEST	850	00006510
MEMTEST	851	00006511
MEMTEST	852	00006512
MEMTEST	853	00006513
MEMTEST	854	00006514
MEMTEST	855	00006515
MEMTEST	857	00006516
MEMTEST	858	00006517
MEMTEST	859	00006518
MEMTEST	860	00006519
MEMTEST	861	0000651A
MEMTEST	862	0000651B
MEMTEST	863	0000651C
MEMTEST	864	0000651D
MEMTEST	865	0000651E
MEMTEST	866	0000651F
MEMTEST	867	00006520
MEMTEST	868	00006521
MEMTEST	869	00006522
MEMTEST	870	00006523
MEMTEST	871	00006524
MEMTEST	873	00006525
MEMTEST	874	00006526
MEMTEST	909	00006527
MEMTEST	910	00006528
MEMTEST	917	00006529
MEMTEST	918	0000652A
MEMTEST	919	0000652B
MEMTEST	921	0000652C
MEMTEST	924	00006536
MEMTEST	925	00006537
MEMTEST	926	00006538
MEMTEST	927	00006539
MEMTEST	928	0000653A
MEMTEST	929	0000653B
MEMTEST	930	0000653C
MEMTEST	931	0000653D
MEMTEST	933	0000653E
MEMTEST	934	0000653F
MEMTEST	936	00006540
MEMTEST	937	00006541
MEMTEST	941	00006542
MEMTEST	942	00006543
MEMTEST	946	00006544
MEMTEST	947	00006545
MEMTEST	948	00006546
MEMTEST	949	00006547
MEMTEST	951	00006548
MEMTEST	952	00006549
MEMTEST	954	0000654A
MEMTEST	956	0000654B
MEMTEST	957	0000654C
MEMTEST	958	0000654D
MEMTEST	963	0000654E
MEMTEST	964	0000654F
MEMTEST	966	00006550
MEMTEST	967	00006551
MEMTEST	969	00006552
MEMTEST	970	00006553
MEMTEST	973	00006554
MEMTEST	974	00006555
MEMTEST	975	00006556
MEMTEST	978	00006557
MEMTEST	980	00006558
MEMTEST	982	00006559
MEMTEST	983	0000655A
MEMTEST	984	0000655B
MEMTEST	986	0000655C
MEMTEST	987	0000655D
MEMTEST	988	0000655E
MEMTEST	989	0000655F
MEMTEST	990	00006560
MEMTEST	992	00006561
MEMTEST	993	00006562
MEMTEST	994	00006563
MEMTEST	997	00006564
MEMTEST	998	00006565
MEMTEST	999	00006566
MEMTEST	1000	00006567
MEMTEST	1004	00006568
MEMTEST	1007	00006569
MEMTEST	1009	0000656A
MEMTEST	1010	0000656B
MEMTEST	1011	0000656C
MEMTEST	1012	0000656D
MEMTEST	1013	0000656E
MEMTEST	1014	0000656F
MEMTEST	1015	00006570
MEMTEST	1018	00006571
MEMTEST	1019	00006572
MEMTEST	1028	00006573
MEMTEST	1029	00006574
MEMTEST	1030	00006575
MEMTEST	1031	00006576
MEMTEST	1033	00006577
MEMTEST	1035	00006578
MEMTEST	1036	00006579
MEMTEST	1037	0000657A
MEMTEST	1038	0000657B
MEMTEST	1040	0000657C
MEMTEST	1061	0000657D
MEMTEST	1062	0000657E
MEMTEST	1063	0000657F
MEMTEST	1065	00006580
MEMTEST	1067	0000658A
MEMTEST	1068	0000658B
MEMTEST	1069	0000658C
MEMTEST	1070	0000658D
MEMTEST	1071	0000658E
MEMTEST	1072	0000658F
MEMTEST	1073	00006590
MEMTEST	1074	00006591
MEMTEST	1075	00006592
MEMTEST	1076	00006593
MEMTEST	1077	00006594
MEMTEST	1078	00006595
MEMTEST	1079	00006596
MOTION	72	00004541
MOTION	74	00004542
MOTION	75	00004543
MOTION	76	00004545
MOTION	77	00004546
MOTION	79	00004548
MOTION	80	00004549
MOTION	82	0000454A
MOTION	83	0000454B
MOTION	85	0000454F
MOTION	86	00004550
MOTION	88	00004551
MOTION	89	00004552
MOTION	115	00004553
MOTION	116	00004554
MOTION	118	00004558
MOTION	119	00004559
MOTION	120	0000455A
MOTION	121	0000455B
MOTION	122	0000455C
MOTION	123	0000455D
MOTION	124	0000455E
MOTION	125	0000455F
MOTION	126	00004560
MOTION	127	00004561
MOTION	128	00004562
MOTION	129	00004563
MOTION	131	00004564
MOTION	132	00004566
MOTION	133	00004567
MOTION	134	00004568
MOTION	135	00004569
MOTION	136	0000456A
MOTION	137	0000456B
MOTION	138	0000456C
MOTION	142	0000456D
MOTION	143	0000456E
MOTION	144	0000456F
MOTION	146	00004570
MOTION	156	00004571
MOTION	158	00004572
MOTION	159	00004573
MOTION	160	00004574
MOTION	161	00004575
MOTION	162	00004576
MOTION	163	00004577
MOTION	164	00004578
MOTION	166	00004579
MOTION	167	0000457A
MOTION	168	0000457E
MOTION	170	00004582
MOTION	172	00004583
MOTION	173	00004584
MOTION	180	00004585
MOTION	181	00004586
MOTION	183	00004587
MOTION	185	00004588
MOTION	187	0000458E
MOTION	188	0000458F
MOTION	189	00004590
MOTION	191	00004591
MOTION	192	00004592
MOTION	193	00004593
MOTION	195	00004594
MOTION	196	00004595
MOTION	197	00004596
MOTION	198	00004597
MOTION	200	00004598
MOTION	202	00004599
MOTION	204	0000459A
MOTION	205	0000459B
MOTION	206	0000459C
MOTION	208	0000459D
MOTION	209	0000459E
MOTION	210	0000459F
MOTION	212	000045A0
MOTION	213	000045A1
MOTION	214	000045A2
MOTION	215	000045A3
MOTION	217	000045A4
MOTION	223	000045A5
MOTION	224	000045A6
MOTION	225	000045A7
MOTION	226	000045A8
MOTION	227	000045A9
MOTION	228	000045AA
MOTION	229	000045AB
MOTION	230	000045AC
MOTION	232	000045AD
MOTION	236	000045AE
MOTION	237	000045AF
MOTION	238	000045B0
MOTION	239	000045B1
MOTION	240	000045B2
MOTION	241	000045B3
MOTION	242	000045B4
MOTION	243	000045B5
MOTION	249	000045B6
MOTION	251	000045B7
MOTION	259	000045B8
MOTION	260	000045B9
MOTION	262	000045BA
MOTION	263	000045BB
MOTION	264	000045BC
MOTION	265	000045BD
MOTION	266	000045BE
MOTION	267	000045BF
MOTION	268	000045C0
MOTION	269	000045C1
MOTION	270	000045C2
MOTION	271	000045C3
MOTION	282	000045C4
MOTION	283	000045C5
MOTION	285	000045C9
MOTION	286	000045CA
MOTION	287	000045CB
MOTION	289	000045CC
MOTION	290	000045CD
MOTION	291	000045CE
MOTION	296	000045CF
MOTION	298	000045D0
MOTION	300	000045D1
MOTION	301	000045D2
MOTION	302	000045D3
MOTION	304	000045D4
MOTION	305	000045D5
MOTION	306	000045D6
MOTION	308	000045D7
MOTION	309	000045D8
MOTION	310	000045D9
MOTION	311	000045DA
MOTION	313	000045DB
MOTION	319	000045DC
MOTION	320	000045DD
MOTION	321	000045DE
MOTION	322	000045DF
MOTION	323	000045E0
MOTION	324	000045E1
MOTION	325	000045E2
MOTION	326	000045E3
MOTION	327	000045E4
MOTION	332	000045E5
MOTION	333	000045E6
MOTION	334	000045E7
MOTION	335	000045E8
MOTION	336	000045E9
MOTION	337	000045EA
MOTION	338	000045EB
MOTION	339	000045EC
MOTION	345	000045ED
MOTION	347	000045EE
MOTION	356	000045EF
MOTION	357	000045F0
MOTION	358	000045F1
MOTION	360	000045F2
MOTION	361	000045F3
MOTION	364	000045F4
MOTION	365	000045F5
MOTION	366	000045F6
MOTION	369	000045F7
MOTION	370	000045F8
MOTION	371	000045F9
MOTION	372	000045FA
MOTION	373	000045FB
MOTION	374	000045FC
MOTION	375	000045FD
MOTION	376	000045FE
MOTION	377	000045FF
MOTION	378	00004600
MOTION	379	00004601
MOTION	380	00004602
MOTION	384	00004603
MOTION	391	00004604
MOTION	392	00004605
MOTION	393	00004606
MOTION	395	00004607
MOTION	396	00004608
MOTION	397	00004609
MOTION	398	0000460A
MOTION	399	0000460B
MOTION	400	0000460C
MOTION	401	0000460D
MOTION	403	0000460E
MOTION	404	0000460F
MOTION	411	00004610
MOTION	412	00004616
MOTION	413	00004617
MOTION	415	0000461B
MOTION	472	0000461C
MOTION	473	0000461D
MOTION	476	0000461E
MOTION	477	0000461F
MOTION	480	00004620
MOTION	481	00004621
MOTION	483	00004622
MOTION	484	00004623
MOTION	485	00004624
MOTION	486	00004625
MOTION	491	00004626
MOTION	492	00004627
MOTION	493	00004628
MOTION	495	00004629
MOTION	497	0000462F
MOTION	498	00004630
MOTION	500	00004631
MOTION	503	00004632
MOTION	504	00004633
MOTION	506	00004637
MOTION	507	00004638
MOTION	509	00004639
MOTION	510	0000463A
MOTION	512	0000463B
MOTION	513	0000463C
MOTION	514	0000463D
MOTION	515	0000463E
MOTION	516	0000463F
MOTION	518	00004640
MOTION	520	00004646
MOTION	521	00004647
MOTION	523	00004648
MOTION	524	00004649
MOTION	525	0000464A
MOTION	526	0000464B
MOTION	527	0000464C
MOTION	528	0000464D
MOTION	531	0000464E
MOTION	532	00004654
MOTION	538	00004655
MOTION	540	00004656
MOTION	541	00004657
MOTION	546	00004659
MOTION	547	0000465F
MOTION	548	00004660
MOTION	549	00004661
MOTION	550	00004665
MOTION	551	00004669
MOTION	552	0000466A
MOTION	554	0000466B
MOTION	555	0000466C
MOTION	557	0000466D
MOTION	559	00004673
MOTION	560	00004674
MOTION	561	00004675
MOTION	563	00004676
MOTION	564	00004677
MOTION	565	00004678
MOTION	566	00004679
MOTION	567	0000467A
MOTION	568	0000467B
MOTION	569	0000467C
MOTION	572	0000467D
MOTION	573	0000467E
MOTION	574	0000467F
MOTION	575	00004680
MOTION	576	00004684
MOTION	579	00004685
MOTION	580	00004686
MOTION	581	00004687
MOTION	582	00004688
MOTION	583	00004689
MOTION	584	0000468A
MOTION	585	0000468B
MOTION	588	0000468C
MOTION	589	0000468D
MOTION	590	0000468E
MOTION	591	00004694
MOTION	643	0000469A
MOTION	644	0000469B
MOTION	645	0000469C
MOTION	646	0000469D
MOTION	647	0000469E
MOTION	648	0000469F
MOTION	649	000046A0
MOTION	650	000046A1
MOTION	652	000046A2
MOTION	653	000046A3
MOTION	660	000046A4
MOTION	661	000046A5
MOTION	662	000046A6
MOTION	663	000046A7
MOTION	664	000046A8
MOTION	665	000046A9
MOTION	666	000046AA
MOTION	667	000046AB
MOTION	668	000046AC
MOTION	669	000046AD
MOTION	675	000046AE
MOTION	676	000046B0
MOTION	677	000046B1
MOTION	680	000046B2
MOTION	681	000046B3
MOTION	683	000046B4
MOTION	684	000046B5
MOTION	686	000046B6
MOTION	687	000046B7
MOTION	690	000046B8
MOTION	693	000046B9
MOTION	694	000046BA
MOTION	697	000046BB
MOTION	698	000046BC
MOTION	701	000046BD
MOTION	703	000046BE
MOTION	704	000046BF
MOTION	706	000046C0
MOTION	707	000046C1
MOTION	709	000046C2
MOTION	710	000046C5
MOTION	712	000046C6
MOTION	714	000046C7
MOTION	715	000046C8
MOTION	717	000046CC
MOTION	718	000046CD
MOTION	719	000046CE
MOTION	722	000046CF
MOTION	723	000046D0
MOTION	724	000046D1
MOTION	725	000046D2
MOTION	726	000046D3
MOTION	727	000046D4
MOTION	728	000046D5
MOTION	729	000046D6
MOTION	730	000046D7
MOTION	732	000046D8
MOTION	733	000046D9
MOTION	737	000046DA
MOTION	738	000046DB
MOTION	740	000046DC
MOTION	741	000046DD
MOTION	742	000046DE
MOTION	743	000046DF
MOTION	745	000046E0
MOTION	746	000046E1
MOTION	748	000046E2
MOTION	749	000046E3
MOTION	750	000046E4
MOTION	751	000046E5
MOTION	753	000046E6
MOTION	754	000046E7
MOTION	756	000046E8
MOTION	757	000046E9
MOTION	758	000046EA
MOTION	759	000046EB
MOTION	761	000046EC
MOTION	762	000046ED
MOTION	763	000046EF
MOTION	764	000046F1
MOTION	765	000046F3
MOTION	766	000046F4
MOTION	767	000046F5
MOTION	768	000046F7
MOTION	769	000046F9
MOTION	771	000046FB
MOTION	772	000046FC
MOTION	773	000046FE
MOTION	774	00004700
MOTION	775	00004702
MOTION	776	00004704
MOTION	777	00004705
MOTION	778	00004706
MOTION	779	00004708
MOTION	780	0000470A
MOTION	781	0000470C
MOTION	783	0000470E
MOTION	784	0000470F
MOTION	785	00004711
MOTION	786	00004713
MOTION	787	00004715
MOTION	788	00004717
MOTION	789	00004719
MOTION	790	0000471A
MOTION	791	0000471B
MOTION	792	0000471D
MOTION	793	0000471F
MOTION	794	00004721
MOTION	795	00004723
MOTION	798	00004725
MOTION	799	00004727
MOTION	800	00004729
MOTION	807	0000472B
MOTION	808	0000472C
MOTION	809	0000472D
MOTION	813	0000472E
MOTION	814	0000472F
MOTION	815	00004730
MOTION	816	00004732
MOTION	817	00004734
MOTION	819	00004736
MOTION	820	00004737
MOTION	821	00004738
MOTION	822	00004739
MOTION	824	0000473A
MOTION	842	0000473B
MOTION	843	0000473C
MOTION	846	0000473D
MOTION	847	0000473E
MOTION	854	0000473F
MOTION	855	00004740
MOTION	856	00004741
MOTION	857	00004742
MOTION	859	00004743
MOTION	860	00004744
MOTION	861	00004745
MOTION	862	00004746
MOTION	863	00004747
MOTION	882	00004748
MOTION	883	00004749
MOTION	885	0000474A
MOTION	886	0000474B
MOTION	888	0000474C
MOTION	889	0000474D
MOTION	890	0000474E
MOTION	891	0000474F
MOTION	892	00004750
MOTION	893	00004751
MOTION	894	00004752
MOTION	895	00004753
MOTION	897	00004754
MOTION	898	00004755
MOTION	899	00004756
MOTION	903	00004757
MOTION	904	00004758
MOTION	905	00004759
MOTION	907	0000475A
MOTION	908	0000475B
MOTION	913	0000475C
MOTION	915	0000475D
MOTION	916	0000475E
MOTION	917	0000475F
MOTION	918	00004760
MOTION	919	00004761
MOTION	920	00004762
MOTION	921	00004763
MOTION	922	00004764
MOTION	928	00004765
MOTION	929	00004766
MOTION	930	00004767
MOTION	932	00004768
MOTION	933	00004769
MOTION	938	0000476A
MOTION	958	0000476B
MOTION	959	0000476C
MOTION	962	0000476D
MOTION	963	0000476E
MOTION	965	00004770
MOTION	966	00004771
MOTION	967	00004773
MOTION	983	00004774
MOTION	985	00004775
MOTION	986	00004776
MOTION	987	00004777
MOTION	988	00004778
MOTION	989	00004779
MOTION	990	0000477A
MOTION	991	0000477B
MOTION	992	0000477C
MOTION	993	0000477D
MOTION	994	0000477E
MOTION	995	0000477F
MOTION	996	00004780
MOTION	1001	00004781
MOTION	1002	00004782
MOTION	1004	00004783
MOTION	1005	00004784
MOTION	1014	00004785
MOTION	1015	00004786
MOTION	1016	00004787
MOTION	1017	00004788
MOTION	1018	00004789
MOTION	1020	0000478A
MOTION	1021	0000478B
MOTION	1022	0000478C
MOTION	1027	0000478D
MOTION	1028	0000478E
MOTION	1029	0000478F
MOTION	1030	00004790
MOTION	1032	00004791
MOTION	1033	00004792
MOTION	1034	00004793
MOTION	1035	00004794
MOTION	1037	00004795
MOTION	1038	00004796
MOTION	1039	00004797
MOTION	1040	00004798
MOTION	1041	00004799
MOTION	1042	0000479A
MOTION	1044	0000479B
MOTION	1045	0000479C
MOTION	1046	0000479D
MOTION	1047	0000479E
MOTION	1048	0000479F
MOTION	1051	000047A0
MOTION	1052	000047A1
MOTION	1053	000047A2
MOTION	1055	000047A3
MOTION	1056	000047A4
MOTION	1058	000047A5
MOTION	1059	000047A6
MOTION	1061	000047A7
MOTION	1062	000047A8
MOTION	1067	000047A9
MOTION	1068	000047AA
MOTION	1069	000047AB
MOTION	1070	000047AC
MOTION	1071	000047AD
MOTION	1072	000047AE
MOTION	1073	000047B1
MOTION	1075	000047B4
MOTION	1085	000047B5
MOTION	1086	000047B6
MOTION	1088	000047B7
MOTION	1089	000047B8
MOTION	1091	000047B9
MOTION	1092	000047BA
MOTION	1094	000047BB
MOTION	1095	000047BC
MOTION	1096	000047BD
MOTION	1101	000047BE
MOTION	1102	000047BF
MOTION	1103	000047C0
MOTION	1105	000047C1
MOTION	1106	000047C2
MOTION	1112	000047C3
MOTION	1113	000047C4
MOTION	1114	000047C5
MOTION	1116	000047C6
MOTION	1117	000047C7
MOTION	1121	000047C8
MOTION	1122	000047C9
MOTION	1123	000047CA
MOTION	1124	000047CB
MOTION	1125	000047CC
MOTION	1126	000047CD
MOTION	1128	000047CE
MOTION	1129	000047CF
MOTION	1130	000047D0
MOTION	1131	000047D1
MOTION	1132	000047D2
MOTION	1134	000047D3
MOTION	1135	000047D4
MOTION	1136	000047D5
MOTION	1137	000047D6
MOTION	1138	000047D7
MOTION	1147	000047D8
MOTION	1148	000047D9
MOTION	1149	000047DA
MOTION	1150	000047DB
MOTION	1152	000047DC
MOTION	1153	000047DD
MOTION	1154	000047DE
MOTION	1155	000047DF
MOTION	1157	000047E0
MOTION	1158	000047E1
MOTION	1159	000047E2
MOTION	1160	000047E3
MOTION	1166	000047E4
MOTION	1168	000047E5
MOTION	1170	000047E6
MOTION	1171	000047E7
MOTION	1172	000047E8
MOTION	1176	000047E9
MOTION	1178	000047EA
MOTION	1180	000047EB
MOTION	1181	000047EC
MOTION	1185	000047ED
MOTION	1186	000047EE
MOTION	1187	000047EF
MOTION	1188	000047F0
MOTION	1189	000047F1
MOTION	1190	000047F2
MOTION	1192	000047F3
MOTION	1193	000047F4
MOTION	1194	000047F5
MOTION	1195	000047F6
MOTION	1196	000047F7
MOTION	1197	000047F8
MOTION	1218	000047F9
MOTION	1219	000047FA
MOTION	1220	000047FB
MOTION	1221	000047FC
MOTION	1222	000047FD
MOTION	1223	000047FE
MOTION	1224	000047FF
MOTION	1225	00004800
MOTION	1227	00004801
MOTION	1228	00004802
MOTION	1229	00004803
MOTION	1241	00004804
MOTION	1242	00004805
MOTION	1247	00004806
MOTION	1248	00004807
MOTION	1249	00004808
MOTION	1250	00004809
MOTION	1251	0000480A
MOTION	1253	0000480B
MOTION	1254	0000480C
MOTION	1255	0000480D
MOTION	1257	0000480E
MOTION	1258	0000480F
MOTION	1259	00004810
MOTION	1261	00004811
MOTION	1262	00004812
MOTION	1263	00004813
MOTION	1265	00004814
MOTION	1266	00004815
MOTION	1267	00004816
MOTION	1269	00004817
MOTION	1270	00004818
MOTION	1271	00004819
MOTION	1274	0000481A
MOTION	1275	0000481B
MOTION	1276	0000481C
MOTION	1277	0000481D
MOTION	1278	0000481E
MOTION	1279	0000481F
MOTION	1281	00004820
MOTION	1283	00004821
MOTION	1284	00004822
MOTION	1286	00004823
MOTION	1287	00004824
MOTION	1288	00004825
MOTION	1290	00004826
MOTION	1291	00004827
MOTION	1292	00004828
MOTION	1294	00004829
MOTION	1295	0000482A
MOTION	1296	0000482B
MOTION	1297	0000482C
MOTION	1298	0000482D
MOTION	1299	0000482E
MOTION	1302	0000482F
MOTION	1304	00004830
MOTION	1305	00004831
MOTION	1306	00004832
MOTION	1307	00004833
MOTION	1308	00004834
MOTION	1310	00004835
MOTION	1312	00004836
MOTION	1313	00004837
MOTION	1315	00004838
MOTION	1316	00004839
MOTION	1317	0000483A
MOTION	1319	0000483B
MOTION	1320	0000483C
MOTION	1321	0000483D
MOTION	1323	0000483E
MOTION	1324	0000483F
MOTION	1325	00004840
MOTION	1326	00004841
MOTION	1327	00004842
MOTION	1328	00004843
MOTION	1330	00004844
MOTION	1337	00004845
MOTION	1338	00004846
MOTION	1340	00004847
MOTION	1341	00004848
MOTION	1348	00004849
MOTION	1349	0000484A
MOTION	1350	0000484B
MOTION	1351	0000484C
MOTION	1353	0000484D
MOTION	1354	0000484E
MOTION	1355	0000484F
MOTION	1357	00004850
MOTION	1358	00004851
MOTION	1359	00004852
MOTION	1361	00004853
MOTION	1362	00004854
MOTION	1363	00004855
MOTION	1365	00004856
MOTION	1366	00004857
MOTION	1367	00004858
MOTION	1370	00004859
MOTION	1371	0000485A
MOTION	1372	0000485B
MOTION	1374	0000485C
MOTION	1375	0000485D
MOTION	1376	0000485E
MOTION	1378	0000485F
MOTION	1379	00004860
MOTION	1380	00004861
MOTION	1382	00004862
MOTION	1383	00004863
MOTION	1384	00004864
MOTION	1385	00004865
MOTION	1386	00004866
MOTION	1387	00004867
MOTION	1389	00004868
MOTION	1390	00004869
MOTION	1391	0000486A
MOTION	1393	0000486B
MOTION	1394	0000486C
MOTION	1395	0000486D
MOTION	1397	0000486E
MOTION	1398	0000486F
MOTION	1399	00004870
MOTION	1401	00004871
MOTION	1402	00004872
MOTION	1403	00004873
MOTION	1404	00004874
MOTION	1405	00004875
MOTION	1406	00004876
MOTION	1408	00004877
MOTION	1461	000048D5
MOTION	1462	000048D6
MOTION	1463	000048D7
MOTION	1464	000048D8
MOTION	1465	000048D9
MOTION	1467	000048DA
MOTION	1469	000048DB
MOTION	1471	000048DC
MOTION	1472	000048DD
MOTION	1473	000048DE
MOTION	1475	000048DF
MOTION	1476	000048E0
MOTION	1477	000048E1
MOTION	1493	000048E2
MOTION	1517	000048E3
MOTION	1518	000048E4
MOTION	1519	000048E5
MOTION	1520	000048E6
MOTION	1521	000048E7
MOTION	1522	000048E8
MOTION	1523	000048E9
MOTION	1524	000048EA
MOTION	1525	000048EB
MOTION	1527	000048F1
MOTION	1528	000048F4
MOTION	1529	000048F5
MOTION	1530	000048F6
MOTION	1531	000048F7
MOTION	1532	000048F8
MOTION	1533	000048F9
MOTION	1534	000048FA
MOTION	1535	000048FB
MOTION	1538	000048FC
MOTION	1539	000048FD
MOTION	1543	000048FE
MOTION	1544	000048FF
MOTION	1545	00004900
MOTION	1546	00004901
MOTION	1547	00004902
MOTION	1549	00004903
MOTION	1550	00004904
MOTION	1551	00004905
MOTION	1552	00004906
MOTION	1553	00004907
MOTION	1554	00004908
MOTION	1557	00004909
MOTION	1558	0000490A
MOTION	1559	0000490B
MOTION	1560	0000490C
MOTION	1561	0000490D
MOTION	1562	0000490E
MOTION	1563	0000490F
MOTION	1564	00004910
MOTION	1565	00004911
MOTION	1568	00004912
MOTION	1569	00004913
MOTION	1570	00004914
MOTION	1571	00004915
MOTION	1572	00004916
MOTION	1573	00004917
MOTION	1574	00004918
MOTION	1575	00004919
MOTION	1576	0000491A
MOTION	1577	0000491B
MOTION	1584	0000491C
MOTION	1585	00004922
MOTION	1586	00004925
MOTION	1587	00004926
MOTION	1589	00004927
MOTION	1590	00004928
MOTION	1591	00004929
MOTION	1592	0000492A
MOTION	1593	0000492B
MOTION	1594	0000492C
MOTION	1597	0000492D
MOTION	1598	0000492E
MOTION	1599	0000492F
MOTION	1600	00004930
MOTION	1601	00004931
MOTION	1602	00004932
MOTION	1603	00004933
MOTION	1604	00004934
MOTION	1607	00004935
MOTION	1608	00004936
MOTION	1609	00004937
MOTION	1610	00004938
MOTION	1611	00004939
MOTION	1612	0000493A
MOTION	1613	0000493B
MOTION	1614	0000493C
MOTION	1617	0000493D
MOTION	1618	0000493E
MOTION	1619	0000493F
MOTION	1620	00004940
MOTION	1621	00004941
MOTION	1622	00004942
MOTION	1623	00004943
MOTION	1624	00004944
MOTION	1625	00004945
MOTION	1627	00004946
MOTION	1640	00004947
MOTION	1641	0000494D
MOTION	1647	00004950
MOTION	1648	00004951
MOTION	1649	00004952
MOTION	1650	00004953
MOTION	1651	00004954
MOTION	1652	00004955
MOTION	1653	00004956
MOTION	1654	00004957
MOTION	1657	00004958
MOTION	1658	00004959
MOTION	1659	0000495A
MOTION	1660	0000495B
MOTION	1661	0000495C
MOTION	1662	0000495D
MOTION	1663	0000495E
MOTION	1664	0000495F
MOTION	1665	00004960
MOTION	1668	00004961
MOTION	1669	00004962
MOTION	1670	00004963
MOTION	1673	00004964
MOTION	1684	00004965
MOTION	1685	00004966
MOTION	1687	00004967
MOTION	1688	00004968
MOTION	1690	00004969
MOTION	1691	0000496A
MOTION	1693	0000496B
MOTION	1694	0000496C
MOTION	1695	0000496D
MOTION	1696	0000496E
MOTION	1698	0000496F
MOTION	1699	00004970
MOTION	1700	00004971
MOTION	1708	00004972
MOTION	1709	00004973
MOTION	1710	00004976
MOTION	1712	00004977
MOTION	1714	00004978
MOTION	1715	00004979
MOTION	1717	0000497D
MOTION	1718	0000497E
MOTION	1720	0000497F
MOTION	1721	00004980
MOTION	1723	00004984
MOTION	1724	00004985
MOTION	1726	00004986
MOTION	1727	00004987
MOTION	1728	00004988
MOTION	1730	00004989
MOTION	1741	0000498A
MOTION	1742	0000498B
MOTION	1743	0000498E
MOTION	1745	0000498F
MOTION	1747	00004990
MOTION	1748	00004991
MOTION	1750	00004995
MOTION	1751	00004996
MOTION	1753	00004997
MOTION	1754	00004998
MOTION	1756	0000499C
MOTION	1757	0000499D
MOTION	1759	0000499E
MOTION	1760	0000499F
MOTION	1761	000049A0
MOTION	1763	000049A1
MOTION	1768	000049A2
MOTION	1770	000049A3
MOTION	1771	000049A4
MOTION	1772	000049A5
MOTION	1787	000049A7
MOTION	1788	000049A8
MOTION	1789	000049A9
MOTION	1790	000049AA
MOTION	1791	000049AB
MOTION	1792	000049AC
MOTION	1793	000049AD
MOTION	1795	000049AE
MOTION	1796	000049AF
MOTION	1798	000049B0
MOTION	1799	000049B1
MOTION	1800	000049B2
MOTION	1801	000049B3
MOTION	1804	000049B4
MOTION	1805	000049B5
MOTION	1806	000049B6
MOTION	1807	000049B7
MOTION	1814	000049B8
MOTION	1815	000049BE
MOTION	1816	000049BF
MOTION	1817	000049C0
MOTION	1818	000049C1
MOTION	1821	000049C2
MOTION	1822	000049C3
MOTION	1823	000049C4
MOTION	1824	000049C5
MOTION	1825	000049C6
MOTION	1826	000049C7
MOTION	1827	000049C8
MOTION	1836	000049C9
MOTION	1837	000049CC
MOTION	1838	000049CD
MOTION	1839	000049CE
MOTION	1840	000049CF
MOTION	1841	000049D0
MOTION	1842	000049D1
MOTION	1843	000049D2
MOTION	1844	000049D3
MOTION	1846	000049D4
MOTION	1847	000049D5
MOTION	1848	000049D6
MOTION	1849	000049D7
MOTION	1850	000049D8
MOTION	1851	000049D9
MOTION	1853	000049DA
MOTION	1854	000049DB
MOTION	1855	000049DC
MOTION	1856	000049DD
MOTION	1857	000049DE
MOTION	1866	000049DF
MOTION	1867	000049E0
MOTION	1869	000049E1
MOTION	1870	000049E2
MOTION	1872	000049E3
MOTION	1873	000049E6
MOTION	1874	000049E7
MOTION	1875	000049E8
MOTION	1876	000049E9
MOTION	1877	000049EA
MOTION	1878	000049EB
MOTION	1879	000049EC
MOTION	1880	000049ED
MOTION	1882	000049EE
MOTION	1883	000049EF
MOTION	1884	000049F0
MOTION	1885	000049F1
MOTION	1886	000049F2
MOTION	1887	000049F3
MOTION	1889	000049F4
MOTION	1890	000049F5
MOTION	1891	000049F6
MOTION	1893	000049F7
MOTION	1894	000049F8
MOTION	1895	000049F9
MOTION	1896	000049FA
MOTION	1904	000049FB
MOTION	1905	000049FC
MOTION	1908	000049FD
MOTION	1909	000049FE
MOTION	1911	000049FF
MOTION	1912	00004A00
MOTION	1914	00004A02
MOTION	1915	00004A03
MOTION	1916	00004A05
MOTION	1919	00004A06
MOTION	1920	00004A07
MOTION	1921	00004A08
MOTION	1922	00004A09
MOTION	1923	00004A0A
MOTION	1924	00004A0B
MOTION	1926	00004A0C
MOTION	1927	00004A0D
MOTION	1928	00004A0E
MOTION	1929	00004A0F
MOTION	1930	00004A10
MOTION	1935	00004A11
MOTION	1936	00004A12
MOTION	1937	00004A13
MOTION	1938	00004A14
MOTION	1941	00004A15
MOTION	1942	00004A16
MOTION	1944	00004A17
MOTION	1945	00004A18
MOTION	1948	00004A19
MOTION	1949	00004A1A
MOTION	1951	00004A1B
MOTION	1952	00004A1C
MOTION	1964	00004A1D
MOTION	1965	00004A1E
MOTION	1966	00004A1F
MOTION	1967	00004A20
MOTION	1968	00004A21
MOTION	1969	00004A24
MOTION	1970	00004A27
MOTION	1972	00004A28
MOTION	1973	00004A29
MOTION	1983	00004A2B
MOTION	1987	00004A2C
MOTION	1988	00004A2D
MOTION	1989	00004A2E
MOTION	1990	00004A2F
MOTION	1991	00004A30
MOTION	1992	00004A31
MOTION	1994	00004A32
MOTION	1995	00004A33
MOTION	1996	00004A34
MOTION	1997	00004A35
MOTION	1998	00004A36
MOTION	1999	00004A37
MOTION	2001	00004A38
MOTION	2002	00004A39
MOTION	2003	00004A3A
MOTION	2004	00004A3B
MOTION	2005	00004A3C
MOTION	2006	00004A3D
MOTION	2008	00004A3E
MOTION	2020	00004A3F
MOTION	2021	00004A40
MOTION	2023	00004A41
MOTION	2024	00004A42
MOTION	2026	00004A43
MOTION	2027	00004A44
MOTION	2028	00004A45
MOTION	2029	00004A46
MOTION	2030	00004A47
MOTION	2031	00004A48
MOTION	2033	00004A49
MOTION	2034	00004A4A
MOTION	2036	00004A4B
MOTION	2037	00004A4C
MOTION	2038	00004A4D
MOTION	2039	00004A4E
MOTION	2040	00004A4F
MOTION	2042	00004A50
MOTION	2043	00004A51
MOTION	2053	00004A52
MOTION	2054	00004A53
MOTION	2056	00004A54
MOTION	2057	00004A55
MOTION	2059	00004A56
MOTION	2060	00004A57
MOTION	2061	00004A58
MOTION	2062	00004A59
MOTION	2064	00004A5A
MOTION	2066	00004A5B
MOTION	2067	00004A5C
MOTION	2069	00004A5D
MOTION	2070	00004A5E
MOTION	2078	00004A5F
MOTION	2079	00004A65
MOTION	2082	00004A66
MOTION	2083	00004A67
MOTION	2085	00004A68
MOTION	2086	00004A69
MOTION	2088	00004A6A
MOTION	2089	00004A6B
MOTION	2090	00004A6C
MOTION	2091	00004A6D
MOTION	2093	00004A6E
MOTION	2095	00004A6F
MOTION	2096	00004A70
MOTION	2102	00004A71
MOTION	2103	00004A72
MOTION	2104	00004A73
MOTION	2105	00004A75
MOTION	2112	00004A76
MOTION	2114	00004A77
MOTION	2115	00004A78
MOTION	2116	00004A79
MOTION	2117	00004A7A
MOTION	2118	00004A7B
MOTION	2120	00004A7C
MOTION	2122	00004A7D
MOTION	2123	00004A7E
MOTION	2125	00004A7F
MOTION	2126	00004A80
MOTION	2127	00004A81
MOTION	2130	00004A82
MOTION	2148	00004A83
MOTION	2150	00004A84
MOTION	2151	00004A85
MOTION	2153	00004A87
MOTION	2156	00004A88
MOTION	2158	00004A8E
MOTION	2159	00004A8F
MOTION	2161	00004A90
MOTION	2162	00004A91
MOTION	2164	00004A95
MOTION	2165	00004A96
MOTION	2166	00004A97
MOTION	2168	00004A98
MOTION	2169	00004A9C
MOTION	2170	00004A9D
MOTION	2171	00004A9E
MOTION	2173	00004A9F
MOTION	2174	00004AA3
MOTION	2175	00004AA4
MOTION	2176	00004AA5
MOTION	2178	00004AA6
MOTION	2181	00004AAA
MOTION	2182	00004AAB
MOTION	2183	00004AAC
MOTION	2184	00004AAD
MOTION	2200	00004AAE
MOTION	2202	00004AAF
MOTION	2203	00004AB0
MOTION	2205	00004AB2
MOTION	2207	00004AB8
MOTION	2211	00004AB9
MOTION	2213	00004ABF
MOTION	2214	00004AC0
MOTION	2216	00004AC1
MOTION	2217	00004AC2
MOTION	2219	00004AC6
MOTION	2220	00004AC7
MOTION	2221	00004AC8
MOTION	2223	00004AC9
MOTION	2224	00004ACD
MOTION	2225	00004ACE
MOTION	2226	00004ACF
MOTION	2228	00004AD0
MOTION	2229	00004AD4
MOTION	2230	00004AD5
MOTION	2231	00004AD6
MOTION	2233	00004AD7
MOTION	2236	00004ADB
MOTION	2237	00004ADC
MOTION	2238	00004ADD
MOTION	2242	00004ADE
MPROC	49	0000A86E
MPROC	74	0000A86F
MPROC	75	0000A870
MPROC	76	0000A871
MPROC	77	0000A872
MPROC	78	0000A87A
MPROC	79	0000A87B
MPROC	81	0000A87C
MPROC	82	0000A87D
MPROC	83	0000A87E
MPROC	85	0000A87F
MPROC	86	0000A880
MPROC	87	0000A881
MPROC	89	0000A882
MPROC	90	0000A883
MPROC	91	0000A884
MPROC	93	0000A885
MPROC	94	0000A886
MPROC	95	0000A887
MPROC	96	0000A888
MPROC	98	0000A889
MPROC	99	0000A88A
MPROC	100	0000A88B
MPROC	101	0000A88C
MPROC	102	0000A88D
MPROC	103	0000A88E
MPROC	104	0000A88F
MPROC	117	0000A890
MPROC	119	0000A891
MPROC	120	0000A892
MPROC	133	0000A893
MPROC	134	0000A894
MPROC	136	0000A895
MPROC	137	0000A896
MPROC	138	0000A897
MPROC	140	0000A898
MPROC	141	0000A899
MPROC	142	0000A89A
MPROC	143	0000A89B
MPROC	144	0000A89C
MPROC	171	0000A89D
MPROC	172	0000A89E
MPROC	184	0000A89F
MPROC	185	0000A8A0
MPROC	207	0000A8A1
MPROC	208	0000A8A2
MPROC	209	0000A8A3
MPROC	211	0000A8A4
MPROC	212	0000A8A5
MPROC	213	0000A8A6
MPROC	214	0000A8A7
MPROC	215	0000A8A8
MPROC	216	0000A8A9
MPROC	217	0000A8AA
MPROC	218	0000A8AB
MPROC	223	0000A8AC
MPROC	224	0000A8AD
MPROC	226	0000A8AE
MPROC	227	0000A8AF
MPROC	228	0000A8B0
MPROC	230	0000A8B1
MPROC	231	0000A8B2
MPROC	232	0000A8B3
MPROC	233	0000A8B4
MPROC	237	0000A8B5
MPROC	238	0000A8B6
MPROC	241	0000A8B7
MPROC	242	0000A8B8
MPROC	243	0000A8B9
MPROC	245	0000A8BA
MPROC	246	0000A8BB
MPROC	249	0000A8BC
MPROC	250	0000A8BD
MPROC	251	0000A8BE
MPROC	252	0000A8BF
MPROC	256	0000A8C0
MPROC	298	0000A8C1
MPROC	299	0000A8C2
MPROC	300	0000A8C3
MPROC	301	0000A8C4
MPROC	303	0000A8C5
MPROC	305	0000A8C6
MPROC	306	0000A8C7
MPROC	307	0000A8C8
MPROC	308	0000A8D0
MPROC	309	0000A8D1
MPROC	310	0000A8D2
MPROC	312	0000A8D3
MPROC	313	0000A8D4
MPROC	314	0000A8D5
MPROC	315	0000A8D6
MPROC	330	0000A8D7
MPROC	331	0000A8D8
MPROC	333	0000A8D9
MPROC	334	0000A8DA
MPROC	335	0000A8E2
MPROC	337	0000A8E3
MPROC	339	0000A8E4
MPROC	340	0000A8E5
MPROC	341	0000A8E6
MPROC	342	0000A8EE
MPROC	344	0000A8EF
MPROC	345	0000A8F0
MPROC	347	0000A8F1
MPROC	348	0000A8F2
MPROC	350	0000A8F3
MPROC	351	0000A8F4
MPROC	352	0000A8F5
MPROC	353	0000A8F6
MPROC	370	0000A8F7
MPROC	371	0000A8F8
MPROC	372	0000A8F9
MPROC	386	0000A8FA
MPROC	387	0000A8FB
MPROC	388	0000A8FC
MPROC	389	0000A8FD
MPROC	391	0000A8FE
MPROC	393	0000A8FF
MPROC	394	0000A900
MPROC	396	0000A901
MPROC	397	0000A902
MPROC	398	0000A903
MPROC	399	0000A904
MPROC	400	0000A905
MPROC	402	0000A906
MPROC	403	0000A907
MPROC	406	0000A908
MPROC	407	0000A909
MPROC	408	0000A90A
MPROC	409	0000A90B
MPROC	410	0000A90C
MPROC	424	0000A90D
MPROC	431	0000A90E
MPROC	432	0000A90F
MPROC	433	0000A910
MPROC	452	0000A911
MPROC	453	0000A912
MPROC	454	0000A913
MPROC	455	0000A914
MPROC	456	0000A915
MPROC	458	0000A916
MPROC	459	0000A917
MPROC	461	0000A918
MPROC	462	0000A919
MPROC	463	0000A91A
MPROC	464	0000A91B
MPROC	465	0000A91C
MPROC	466	0000A91D
MPROC	468	0000A91E
MPROC	469	0000A91F
MPROC	477	0000A920
MPROC	478	0000A921
MPROC	479	0000A922
MPROC	480	0000A923
MPROC	481	0000A924
MPROC	482	0000A925
MPROC	483	0000A926
MPROC	484	0000A927
MPROC	486	0000A928
MPROC	487	0000A929
MPROC	489	0000A92A
MPROC	490	0000A92B
MPROC	491	0000A92C
MPROC	493	0000A92D
MPROC	494	0000A92E
MPROC	502	0000A92F
MPROC	503	0000A930
MPROC	504	0000A931
MPROC	505	0000A932
MPROC	521	0000A933
MPROC	528	0000A934
MPROC	529	0000A935
MPROC	530	0000A936
MPROC	535	0000A937
MPROC	536	0000A938
MPROC	560	0000A939
MPROC	561	0000A93A
MPROC	562	0000A93B
MPROC	563	0000A93C
MPROC	567	0000A93D
MPROC	568	0000A93E
MPROC	569	0000A93F
MPROC	570	0000A940
MPROC	573	0000A941
MPROC	574	0000A942
MPROC	576	0000A943
MPROC	577	0000A944
MPROC	578	0000A945
MPROC	579	0000A946
MPROC	580	0000A947
MPROC	584	0000A948
MPROC	585	0000A949
MPROC	600	0000A94A
MPROC	601	0000A94B
MPROC	602	0000A94C
MPROC	603	0000A94D
MPROC	605	0000A94E
MPROC	607	0000A94F
MPROC	608	0000A950
MPROC	609	0000A951
MPROC	610	0000A959
MPROC	612	0000A95A
MPROC	613	0000A95B
MPROC	615	0000A95C
MPROC	616	0000A95D
MPROC	618	0000A95E
MPROC	619	0000A95F
MPROC	620	0000A960
MPROC	623	0000A961
MPROC	624	0000A962
MPROC	625	0000A963
MPROC	626	0000A964
MPROC	627	0000A965
OBJ	44	00007016
OBJ	45	00007017
OBJ	46	00007018
OBJ	48	00007019
OBJ	49	0000701A
OBJ	52	0000701B
OBJ	53	0000701C
OBJ	54	0000701D
OBJ	55	0000701E
OBJ	56	0000701F
OBJ	57	00007020
OBJ	58	00007021
OBJ	59	00007022
OBJ	61	00007023
OBJ	62	00007024
OBJ	63	00007025
OBJ	64	00007026
OBJ	66	00007027
OBJ	69	00007028
OBJ	70	00007029
OBJ	71	0000702A
OBJ	73	0000702B
OBJ	74	0000702C
OBJ	75	0000702D
OBJ	76	0000702E
OBJ	78	0000702F
OBJ	79	00007030
OBJ	81	00007031
OBJ	82	00007032
OBJ	83	00007033
OBJ	84	00007034
OBJ	104	00007035
OBJ	105	00007036
OBJ	107	00007037
OBJ	108	00007038
OBJ	110	00007039
OBJ	112	0000703A
OBJ	113	0000703B
OBJ	115	0000703C
OBJ	117	0000703D
OBJ	118	0000703E
OBJ	119	0000703F
OBJ	120	00007040
OBJ	121	00007041
OBJ	124	00007042
OBJ	125	00007043
OBJ	126	00007044
OBJ	127	00007045
OBJ	128	00007046
OBJ	129	00007047
OBJ	130	00007048
OBJ	131	00007049
OBJ	132	0000704A
OBJ	134	0000704B
OBJ	136	0000704C
OBJ	138	0000704D
OBJ	139	0000704E
OBJ	140	0000704F
OBJ	159	00007050
OBJ	160	00007051
OBJ	161	00007052
OBJ	162	00007053
OBJ	164	00007054
OBJ	165	00007055
OBJ	167	00007056
OBJ	168	00007057
OBJ	169	00007058
OBJ	171	00007059
OBJ	172	0000705A
OBJ	173	0000705B
OBJ	174	0000705C
OBJ	175	0000705D
OBJ	176	0000705E
OBJ	177	0000705F
OBJ	178	00007060
OBJ	180	00007061
OBJ	181	00007062
OBJ	182	00007063
OBJ	183	00007064
OBJ	184	00007065
OBJ	185	00007066
OBJ	186	00007067
OBJ	187	00007068
OBJ	188	00007069
OBJ	189	0000706A
OBJ	191	0000706B
OBJ	192	0000706C
OBJ	193	0000706D
OBJ	194	0000706E
OBJ	195	0000706F
OBJ	196	00007070
OBJ	198	00007071
OBJ	199	00007072
OBJ	200	00007073
OBJ	201	00007074
OBJ	203	00007075
OBJ	204	00007076
OBJ	205	00007077
OBJ	208	00007078
OBJ	209	00007080
OBJ	210	00007081
OBJ	211	00007082
OBJ	226	00007083
OBJ	227	00007084
OBJ	228	00007085
OBJ	229	00007086
OBJ	231	00007087
OBJ	232	00007088
OBJ	233	00007089
OBJ	235	0000708A
OBJ	236	0000708B
OBJ	237	0000708C
OBJ	238	0000708D
OBJ	242	0000708E
OBJ	243	0000708F
OBJ	244	00007090
OBJ	245	00007091
OBJ	246	00007092
OBJ	247	00007093
OBJ	248	00007094
OBJ	249	00007095
OBJ	250	00007096
OBJ	251	00007097
OBJ	252	00007098
OBJ	253	00007099
OBJ	254	0000709A
OBJ	266	0000709B
OBJ	267	0000709C
OBJ	268	0000709D
OBJ	269	0000709E
OBJ	271	0000709F
OBJ	273	000070A0
OBJ	274	000070A1
OBJ	275	000070A2
OBJ	277	000070A3
OBJ	278	000070A4
OBJ	280	000070A5
OBJ	281	000070A6
OBJ	282	000070A7
OBJ	284	000070A8
OBJ	285	000070A9
OBJ	286	000070AA
OBJ	289	000070AB
OBJ	290	000070AC
OBJ	292	000070AD
OBJ	293	000070AE
OBJ	294	000070AF
OBJ	295	000070B0
OBJ	296	000070B1
OBJ	313	000070B2
OBJ	315	000070B3
OBJ	316	000070B4
OBJ	317	000070B5
OBJ	319	000070B6
OBJ	320	000070B7
OBJ	334	000070B8
OBJ	336	000070B9
OBJ	337	000070BA
OBJ	338	000070BB
OBJ	339	000070BC
OBJ	340	000070BD
OBJ	352	000070BE
OBJ	353	000070BF
OBJ	354	000070C0
OBJ	355	000070C1
OBJ	356	000070C2
OBJ	357	000070C3
OBJ	359	000070C4
OBJ	360	000070C5
OBJ	362	000070C6
OBJ	363	000070C7
OBJ	366	000070C8
OBJ	367	000070C9
OBJ	368	000070CA
OBJ	370	000070CB
OBJ	372	000070CC
OBJ	373	000070CD
OBJ	374	000070CE
OBJ	375	000070CF
OBJ	379	000070D0
OBJ	380	000070D1
OBJ	381	000070D2
OBJ	383	000070D3
OBJ	384	000070D4
OBJ	387	000070D5
OBJ	388	000070D6
OBJ	389	000070D7
OBJ	391	000070D8
OBJ	392	000070D9
OBJ	393	000070DA
OBJ	396	000070DB
OBJ	397	000070DC
OBJ	399	000070DD
OBJ	400	000070DE
OBJ	401	000070DF
OBJ	402	000070E0
OBJ	403	000070E1
OBJ	404	000070E2
OBJ	420	000070E3
OBJ	422	000070E4
OBJ	423	000070E5
OBJ	425	000070E6
OBJ	427	000070E7
OBJ	428	000070E8
OBJ	429	000070E9
OBJ	431	000070EA
OBJ	432	000070EB
OBJ	433	000070EC
OBJ	434	000070ED
OBJ	435	000070EE
OBJ	437	000070EF
OBJ	438	000070F0
OBJ	439	000070F1
OBJ	441	000070F2
OBJ	442	000070F3
OBJ	443	000070F4
OBJ	450	000070F5
OBJ	452	000070F6
OBJ	453	000070F7
OBJ	454	000070F8
OBJ	455	000070F9
OBJ	459	000070FA
OBJ	460	000070FB
OBJ	461	000070FC
OBJ	462	000070FD
OBJ	464	000070FE
OBJ	465	000070FF
OBJ	466	00007100
OBJ	467	00007108
OBJ	469	00007109
OBJ	470	0000710A
OBJ	472	0000710B
OBJ	473	0000710C
OBJ	475	0000710D
OBJ	476	0000710E
OBJ	477	0000710F
OBJ	483	00007110
OBJ	484	00007111
OBJ	485	00007112
OBJ	486	00007113
OBJ	488	00007114
OBJ	489	00007115
OBJ	490	00007116
OBJ	491	0000711E
OBJ	493	0000711F
OBJ	494	00007120
OBJ	496	00007121
OBJ	497	00007122
OBJ	499	00007123
OBJ	500	00007124
OBJ	501	00007125
OBJ	508	00007126
OBJ	509	00007127
OBJ	510	00007128
OBJ	511	00007129
OBJ	512	0000712A
OBJ	528	0000712B
OBJ	529	0000712C
OBJ	530	0000712D
OBJ	531	0000712E
OBJ	545	0000712F
OBJ	546	00007130
OBJ	547	00007131
OBJ	549	00007132
OBJ	550	00007133
OBJ	551	00007134
OBJ	552	00007135
OBJ	553	00007136
OBJ	554	00007137
OBJ	555	00007138
OBJ	556	00007139
OBJ	557	0000713A
OBJ	579	0000713B
OBJ	580	0000713C
OBJ	581	0000713D
OBJ	583	0000713E
OBJ	584	0000713F
OBJ	585	00007140
OBJ	587	00007141
OBJ	588	00007142
OBJ	589	00007143
OBJ	591	00007144
OBJ	592	00007145
OBJ	593	00007146
OBJ	595	00007147
OBJ	596	00007148
OBJ	597	00007149
OBJ	606	0000714A
OBJ	607	0000714B
OBJ	608	0000714C
OBJ	610	0000714D
OBJ	611	0000714E
OBJ	613	0000714F
OBJ	614	00007150
OBJ	616	00007151
OBJ	617	00007152
OBJ	618	00007153
OBJ	619	0000715B
OBJ	621	0000715C
OBJ	622	0000715D
OBJ	624	0000715E
OBJ	625	0000715F
OBJ	626	00007160
OBJ	627	00007161
OBJ	628	00007162
OBJ	630	00007163
OBJ	631	00007164
OBJ	632	00007165
OBJ	634	00007166
OBJ	635	00007167
OBJ	636	00007168
OBJ	639	00007169
OBJ	640	0000716A
OBJ	641	0000716B
OBJ	642	0000716C
OBJ	643	0000716D
OBJ	659	0000716E
OBJ	660	0000716F
OBJ	661	00007170
OBJ	662	00007171
OBJ	663	00007172
OBJ	664	00007173
OBJ	666	00007174
OBJ	667	00007175
OBJ	669	00007176
OBJ	670	00007177
OBJ	672	00007178
OBJ	673	00007179
OBJ	674	0000717A
OBJ	675	0000717B
OBJ	676	0000717C
OBJ	678	0000717D
OBJ	679	0000717E
OBJ	680	0000717F
OBJ	681	00007180
OBJ	682	00007181
OBJ	683	00007182
OBJ	685	00007183
OBJ	686	00007184
OBJ	687	00007185
OBJ	688	00007186
OBJ	689	00007187
OBJ	690	00007188
OBJ	691	00007189
OBJ	707	0000718A
OBJ	708	0000718B
OBJ	709	0000718C
OBJ	710	0000718D
OBJ	712	0000718E
OBJ	713	0000718F
OBJ	714	00007190
OBJ	716	00007191
OBJ	717	00007192
OBJ	719	00007193
OBJ	720	00007194
OBJ	723	00007195
OBJ	724	00007196
OBJ	725	00007197
OBJ	726	0000719F
OBJ	728	000071A0
OBJ	729	000071A1
OBJ	731	000071A2
OBJ	732	000071A3
OBJ	734	000071A4
OBJ	735	000071A5
OBJ	736	000071A6
OBJ	739	000071A7
OBJ	740	000071A8
OBJ	741	000071A9
OBJ	742	000071AA
OBJ	743	000071AB
OBJ	755	000071AC
OBJ	756	000071AD
OBJ	757	000071AE
OBJ	758	000071AF
OBJ	759	000071B0
OBJ	760	000071B1
OBJ	774	000071B2
OBJ	775	000071B3
OBJ	778	000071B4
OBJ	779	000071B5
OBJ	780	000071B6
OBJ	781	000071B7
OBJ	782	000071B8
OBJ	783	000071B9
OBJ	784	000071BA
OBJ	785	000071BB
OBJ	790	000071BC
OBJ	791	000071BD
OBJ	793	000071BE
OBJ	794	000071BF
OBJ	795	000071C0
OBJ	797	000071C1
OBJ	800	000071C2
OBJ	802	000071C3
OBJ	803	000071C4
OBJ	804	000071C5
OBJ	805	000071C6
OBJ	807	000071C7
OBJ	808	000071C8
OBJ	809	000071C9
OBJ	810	000071CA
OBJ	813	000071CB
OBJ	814	000071CC
OBJ	816	000071CD
OBJ	819	000071CE
OBJ	820	000071CF
OBJ	821	000071D0
OBJ	822	000071D1
OBJ	823	000071D2
OBJ	825	000071D3
OBJ	828	000071D4
OBJ	829	000071D5
OBJ	830	000071D6
OBJ	833	000071D7
OBJ	834	000071D8
OBJ	835	000071D9
OBJ	836	000071DA
OBJ	837	000071DB
OBJ	838	000071DC
OBJ	839	000071DD
OBJ	850	000071DE
OBJ	852	000071DF
OBJ	853	000071E0
OBJ	855	000071E1
OBJ	856	000071E2
OBJ	857	000071E3
OBJ	860	000071E4
OBJ	861	000071E5
OBJ	865	000071E6
OBJ	866	000071E7
OBJ	868	000071E8
OBJ	869	000071E9
OBJ	882	000071EA
OBJ	883	000071EB
OBJ	884	000071EC
OBJ	885	000071ED
OBJ	886	000071EE
OBJ	889	000071EF
OBJ	890	000071F0
OBJ	892	000071F1
OBJ	893	000071F2
OBJ	895	000071F3
OBJ	896	000071F4
OBJ	897	000071F5
OBJ	901	000071F6
OBJ	902	000071F7
OBJ	903	000071F8
OBJ	904	000071F9
OBJ	905	000071FA
OBJ	906	000071FB
OBJ	907	000071FC
OBJ	908	000071FD
OBJ	909	000071FE
OBJ	911	000071FF
OBJ	912	00007200
OBJ	913	00007201
OBJ	914	00007202
OBJ	916	00007203
OBJ	917	00007204
OBJ	918	00007205
OBJ	919	00007206
OBJ	920	00007207
OBJ	922	00007208
OBJ	923	00007209
OBJ	924	0000720A
OBJ	925	0000720B
OBJ	926	0000720C
OBJ	930	0000720D
OBJ	932	0000720E
OBJ	949	0000720F
OBJ	950	00007210
OBJ	952	00007211
OBJ	953	00007212
OBJ	956	00007213
OBJ	957	00007214
OBJ	958	00007215
OBJ	962	00007216
OBJ	963	00007217
OBJ	964	00007218
OBJ	965	00007219
OBJ	966	0000721A
OBJ	968	0000721B
OBJ	969	0000721C
OBJ	970	0000721D
OBJ	971	0000721E
OBJ	972	0000721F
OBJ	981	00007220
OBJ	982	00007221
OBJ	987	00007222
OBJ	988	00007223
OBJ	990	00007224
OBJ	991	00007225
OBJ	993	00007226
OBJ	994	00007227
OBJ	995	00007228
OBJ	996	00007229
OBJ	997	0000722A
OBJ	998	0000722B
OBJ	1000	0000722C
OBJ	1001	0000722D
OBJ	1002	0000722E
OBJ	1003	0000722F
OBJ	1004	00007230
OBJ	1006	00007231
OBJ	1007	00007232
OBJ	1009	00007233
OBJ	1010	00007234
OBJ	1011	00007235
OBJ	1012	00007236
OBJ	1013	00007237
OBJ	1014	00007238
OBJ	1015	00007239
OBJ	1016	0000723A
OBJ	1017	0000723B
OBJ	1018	0000723C
OBJ	1020	0000723D
OBJ	1021	0000723E
OBJ	1022	0000723F
OBJ	1024	00007240
OBJ	1025	00007241
OBJ	1026	00007242
OBJ	1028	00007243
OBJ	1029	00007244
OBJ	1030	00007245
OBJ	1032	00007246
OBJ	1033	00007247
OBJ	1035	00007248
OBJ	1036	00007249
OBJ	1037	0000724A
OBJ	1039	0000724B
OBJ	1041	0000724C
OBJ	1042	0000724D
OBJ	1044	0000724E
OBJ	1045	0000724F
OBJ	1047	00007250
OBJ	1048	00007251
OBJ	1049	00007252
OBJ	1051	00007253
OBJ	1052	00007254
OBJ	1053	00007255
OBJ	1055	00007256
OBJ	1056	00007257
OBJ	1057	00007258
OBJ	1065	00007259
OBJ	1066	0000725A
OBJ	1067	0000725B
OBJ	1068	0000725C
OBJ	1070	0000725D
OBJ	1071	0000725E
OBJ	1072	0000725F
OBJ	1073	00007260
OBJ	1075	00007261
OBJ	1076	00007262
OBJ	1077	00007263
OBJ	1078	00007264
OBJ	1080	00007265
OBJ	1081	00007266
OBJ	1083	00007267
OBJ	1085	00007268
OBJ	1086	00007269
OBJ	1087	0000726A
OBJ	1088	0000726B
OBJ	1089	0000726C
OBJ	1091	0000726D
OBJ	1098	0000726E
OBJ	1099	0000726F
OBJ	1101	00007270
OBJ	1102	00007271
OBJ	1104	00007272
OBJ	1105	00007273
OBJ	1106	00007274
OBJ	1107	00007275
OBJ	1108	00007276
OBJ	1111	00007277
OBJ	1112	00007278
OBJ	1113	00007279
OBJ	1117	0000727A
OBJ	1118	0000727B
OBJ	1121	0000727C
OBJ	1135	0000727F
OBJ	1136	00007280
OBJ	1137	00007281
OBJ	1138	00007282
OBJ	1141	00007283
OBJ	1142	00007284
OBJ	1143	00007285
OBJ	1145	00007286
OBJ	1146	00007287
OBJ	1148	00007288
OBJ	1149	00007289
OBJ	1150	0000728A
OBJ	1155	0000728B
OBJ	1156	0000728C
OBJ	1158	0000728D
OBJ	1159	0000728E
OBJ	1160	0000728F
OBJ	1162	00007290
OBJ	1163	00007291
OBJ	1165	00007292
OBJ	1166	00007293
OBJ	1168	00007294
OBJ	1169	00007295
OBJ	1170	00007296
OBJ	1171	00007297
OBJ	1172	00007298
OBJ	1174	00007299
OBJ	1185	0000729A
OBJ	1186	0000729B
OBJ	1188	0000729C
OBJ	1189	0000729D
OBJ	1190	0000729E
OBJ	1191	0000729F
OBJ	1192	000072A0
OBJ	1194	000072A1
OBJ	1195	000072A2
OBJ	1196	000072A3
OBJ	1197	000072A4
OBJ	1200	000072A5
OBJ	1201	000072A6
OBJ	1202	000072A7
OBJ	1203	000072A8
OBJ	1204	000072A9
OBJ	1205	000072AA
OBJ	1206	000072AB
OBJ	1208	000072AC
OBJ	1209	000072AD
OBJ	1210	000072AE
OBJ	1211	000072AF
OBJ	1212	000072B0
OBJ	1215	000072B1
OBJ	1216	000072B2
OBJ	1217	000072B3
OBJ	1222	000072B4
OBJ	1223	000072B5
OBJ	1225	000072B6
OBJ	1226	000072B7
OBJ	1227	000072B8
OBJ	1229	000072B9
OBJ	1230	000072BA
OBJ	1231	000072BB
OBJ	1232	000072BC
OBJ	1234	000072BD
OBJ	1235	000072BE
OBJ	1236	000072BF
OBJ	1237	000072C0
OBJ	1238	000072C1
OBJ	1240	000072C2
OBJ	1251	000072C3
OBJ	1252	000072C4
OBJ	1253	000072C5
OBJ	1254	000072C6
OBJ	1258	000072C7
OBJ	1259	000072C8
OBJ	1260	000072C9
OBJ	1261	000072CA
OBJ	1263	000072CB
OBJ	1265	000072CC
OBJ	1266	000072CD
OBJ	1267	000072CE
OBJ	1269	000072CF
OBJ	1270	000072D0
OBJ	1271	000072D1
OBJ	1272	000072D2
OBJ	1273	000072D3
OBJ	1274	000072D4
OBJ	1276	000072D5
OBJ	1277	000072D6
OBJ	1280	000072D7
OBJ	1281	000072D8
OBJ	1283	000072D9
OBJ	1284	000072DA
OBJ	1285	000072DB
OBJ	1286	000072DC
OBJ	1287	000072DD
OBJ	1296	000072DE
OBJ	1297	000072DF
OBJ	1298	000072E0
OBJ	1299	000072E1
OBJ	1300	000072E2
OBJ	1302	000072E3
OBJ	1303	000072E4
OBJ	1304	000072E5
OBJ	1305	000072E6
OBJ	1307	000072E7
OBJ	1308	000072E8
OBJ	1309	000072E9
OBJ	1313	000072EA
OBJ	1314	000072EB
OBJ	1315	000072EC
OBJ	1316	000072ED
OBJ	1317	000072EE
OBJ	1319	000072EF
OBJ	1320	000072F0
OBJ	1321	000072F1
OBJ	1322	000072F2
OBJ	1323	000072F3
OBJ	1325	000072F4
OBJ	1326	000072F5
OBJ	1327	000072F6
OBJ	1328	000072F7
OBJ	1329	000072F8
OBJ	1330	000072F9
OBJ	1332	000072FA
OBJ	1333	000072FB
OBJ	1334	000072FC
OBJ	1344	000072FD
OBJ	1345	000072FE
OBJ	1346	000072FF
OBJ	1347	00007300
OBJ	1348	00007301
OBJ	1350	00007302
OBJ	1351	00007303
OBJ	1352	00007304
OBJ	1353	00007305
OBJ	1355	00007306
OBJ	1356	00007307
OBJ	1357	00007308
OBJ	1361	00007309
OBJ	1362	0000730A
OBJ	1363	0000730B
OBJ	1364	0000730C
OBJ	1365	0000730D
OBJ	1367	0000730E
OBJ	1368	0000730F
OBJ	1369	00007310
OBJ	1370	00007311
OBJ	1371	00007312
OBJ	1373	00007313
OBJ	1374	00007314
OBJ	1375	00007315
OBJ	1376	00007316
OBJ	1377	00007317
OBJ	1378	00007318
OBJ	1381	00007319
OBJ	1382	0000731A
OBJ	1383	0000731B
OBJ	1401	0000731C
OBJ	1402	0000731D
OBJ	1403	00007325
OBJ	1405	00007326
OBJ	1406	00007327
OBJ	1407	00007328
OBJ	1408	00007329
OBJ	1409	0000732A
OBJ	1410	0000732B
OBJ	1411	0000732C
OBJ	1412	0000732D
OBJ	1414	0000732E
OBJ	1415	0000732F
OBJ	1416	00007330
OBJ	1417	00007331
OBJ	1419	00007332
OBJ	1420	00007333
OBJ	1437	00007334
OBJ	1438	00007335
OBJ	1439	00007336
OBJ	1440	00007337
OBJ	1441	00007338
OBJ	1442	00007339
OBJ	1443	0000733A
OBJ	1444	0000733B
OBJ	1445	0000733C
OBJ	1446	0000733D
OBJ	1447	0000733E
OVERLAY	39	0000ACFA
OVERLAY	40	0000ACFB
OVERLAY	41	0000ACFC
OVERLAY	42	0000ACFD
OVERLAY	43	0000ACFE
OVERLAY	44	0000ACFF
OVERLAY	108	0000AD2F
OVERLAY	120	0000AD30
OVERLAY	121	0000AD31
OVERLAY	122	0000AD32
OVERLAY	126	0000AD33
OVERLAY	127	0000AD34
OVERLAY	129	0000AD35
OVERLAY	130	0000AD38
OVERLAY	131	0000AD39
OVERLAY	134	0000AD3A
OVERLAY	136	0000AD3B
OVERLAY	138	0000AD3E
OVERLAY	139	0000AD3F
OVERLAY	140	0000AD40
OVERLAY	142	0000AD41
OVERLAY	143	0000AD42
OVERLAY	144	0000AD43
OVERLAY	145	0000AD44
OVERLAY	147	0000AD45
OVERLAY	150	0000AD47
OVERLAY	151	0000AD48
OVERLAY	152	0000AD49
OVERLAY	158	0000AD4A
OVERLAY	159	0000AD4B
OVERLAY	160	0000AD4C
OVERLAY	161	0000AD4D
OVERLAY	167	0000AD4E
OVERLAY	168	0000AD4F
OVERLAY	169	0000AD50
OVERLAY	170	0000AD51
OVERLAY	175	0000AD52
OVERLAY	176	0000AD55
OVERLAY	177	0000AD56
OVERLAY	178	0000AD57
OVERLAY	181	0000AD58
OVERLAY	182	0000AD59
OVERLAY	183	0000AD5A
OVERLAY	190	0000AD5B
OVERLAY	191	0000AD5C
OVERLAY	192	0000AD5D
OVERLAY	193	0000AD5E
OVERLAY	195	0000AD5F
OVERLAY	196	0000AD60
OVERLAY	197	0000AD61
OVERLAY	204	0000AD62
OVERLAY	205	0000AD63
OVERLAY	206	0000AD64
OVERLAY	207	0000AD65
OVERLAY	209	0000AD66
OVERLAY	210	0000AD67
OVERLAY	211	0000AD68
OVERLAY	212	0000AD69
OVERLAY	218	0000AD6A
OVERLAY	219	0000AD6B
OVERLAY	225	0000AD6C
OVERLAY	226	0000AD6D
OVERLAY	227	0000AD6E
OVERLAY	228	0000AD6F
OVERLAY	234	0000AD70
OVERLAY	235	0000AD71
OVERLAY	236	0000AD72
OVERLAY	237	0000AD73
OVERLAY	243	0000AD74
OVERLAY	249	0000AD75
OVERLAY	250	0000AD76
OVERLAY	251	0000AD77
OVERLAY	252	0000AD78
OVERLAY	253	0000AD79
OVERLAY	255	0000AD7A
OVERLAY	256	0000AD7B
OVERLAY	257	0000AD7C
OVERLAY	258	0000AD7D
OVERLAY	259	0000AD7E
OVERLAY	266	0000AD7F
OVERLAY	267	0000AD80
OVERLAY	268	0000AD81
OVERLAY	269	0000AD82
OVERLAY	270	0000AD83
OVERLAY	271	0000AD84
OVERLAY	273	0000AD85
OVERLAY	274	0000AD86
OVERLAY	275	0000AD87
OVERLAY	276	0000AD88
OVERLAY	277	0000AD89
OVERLAY	283	0000AD8A
OVERLAY	284	0000AD8C
OVERLAY	286	0000AD8D
OVERLAY	287	0000AD8F
OVERLAY	289	0000AD90
OVERLAY	290	0000AD92
OVERLAY	292	0000AD93
OVERLAY	293	0000AD95
OVERLAY	295	0000AD96
OVERLAY	296	0000AD98
OVERLAY	298	0000AD99
OVERLAY	299	0000AD9B
OVERLAY	301	0000AD9C
OVERLAY	302	0000AD9E
OVERLAY	308	0000AD9F
OVERLAY	309	0000ADA0
OVERLAY	315	0000ADA1
OVERLAY	316	0000ADA2
OVERLAY	317	0000ADA5
OVERLAY	319	0000ADA6
OVERLAY	320	0000ADA7
OVERLAY	321	0000ADA8
OVERLAY	324	0000ADA9
OVERLAY	325	0000ADAA
OVERLAY	326	0000ADAB
OVERLAY	327	0000ADAC
OVERLAY	330	0000ADAD
OVERLAY	331	0000ADAE
OVERLAY	332	0000ADAF
OVERLAY	333	0000ADB0
OVERLAY	342	0000ADB1
OVERLAY	343	0000ADB2
OVERLAY	344	0000ADB3
OVERLAY	345	0000ADB4
OVERLAY	346	0000ADB5
OVERLAY	347	0000ADB6
OVERLAY	348	0000ADB7
OVERLAY	350	0000ADB8
OVERLAY	351	0000ADB9
OVERLAY	354	0000ADBA
OVERLAY	355	0000ADBB
OVERLAY	356	0000ADBC
OVERLAY	357	0000ADBD
OVERLAY	358	0000ADBE
OVERLAY	359	0000ADBF
OVERLAY	366	0000ADC0
OVERLAY	367	0000ADC1
OVERLAY	368	0000ADC2
PALL	44	00009EAB
PALL	45	00009EAC
PALL	48	00009EAD
PALL	49	00009EAE
PALL	50	00009EAF
PALL	51	00009EB0
PALL	52	00009EB1
PALL	55	00009EB2
PALL	56	00009EB3
PALL	57	00009EB4
PALL	58	00009EB5
PALL	61	00009EB6
PALL	62	00009EB7
PALL	63	00009EB8
PALL	64	00009EB9
PALL	67	00009EBA
PALL	68	00009EBB
PALL	69	00009EBC
PALL	70	00009EBD
PALL	72	00009EBE
PALL	74	00009EBF
PALL	75	00009EC0
PALL	76	00009EC1
PALL	90	00009EC2
PALL	91	00009EC3
PALL	92	00009EC4
PALL	93	00009EC5
PALL	96	00009EC6
PALL	97	00009EC7
PALL	100	00009EC8
PALL	101	00009EC9
PALL	103	00009ECA
PALL	104	00009ECB
PALL	105	00009ECC
PALL	107	00009ECD
PALL	108	00009ECE
PALL	110	00009ECF
PALL	111	00009ED0
PALL	112	00009ED1
PALL	114	00009ED2
PALL	116	00009ED3
PALL	120	00009ED4
PALL	121	00009ED5
PALL	129	00009ED6
PALL	130	00009ED7
PALL	146	00009ED8
PALL	148	00009ED9
PALL	149	00009EDA
PALL	150	00009EDB
PALL	151	00009EDC
PALL	152	00009EDD
PALL	153	00009EDE
PALL	154	00009EDF
PALL	158	00009EE0
PALL	159	00009EE1
PALL	170	00009EE2
PALL	171	00009EE3
PALL	172	00009EE4
PALL	173	00009EE5
PALL	174	00009EE6
PALL	177	00009EE7
PALL	178	00009EE8
PALL	179	00009EE9
PALL	180	00009EE9
PALL	181	00009EEA
PALL	183	00009EEB
PALL	185	00009EEC
PALL	201	00009EED
PALL	202	00009EEE
PALL	204	00009EEF
PALL	206	00009EF0
PALL	207	00009EF1
PALL	208	00009EF2
PALL	209	00009EF3
PALL	212	00009EF4
PALL	213	00009EF5
PALL	214	00009EF6
PALL	215	00009EF7
PALL	230	00009EF8
PALL	231	00009EF9
PALL	232	00009EFA
PALL	233	00009EFB
PALL	234	00009EFC
PALL	235	00009EFD
PALL	236	00009EFE
PALL	237	00009EFF
PALL	238	00009F00
PALL	240	00009F01
PALL	241	00009F02
PALL	245	00009F03
PALL	246	00009F04
PALL	247	00009F05
PALL	270	00009F06
PALL	271	00009F07
PALL	272	00009F08
PALL	273	00009F09
PALL	275	00009F0A
PALL	276	00009F0B
PALL	277	00009F0C
PALL	278	00009F0D
PALL	279	00009F0E
PALL	280	00009F0F
PALL	287	00009F10
PALL	288	00009F11
PALL	289	00009F12
PALL	291	00009F13
PALL	292	00009F14
PALL	293	00009F15
PALL	294	00009F16
PALL	308	00009F17
PALL	310	00009F18
PALL	312	00009F19
PALL	313	00009F1A
PALL	314	00009F1B
PALL	315	00009F1C
PALL	316	00009F1D
PALL	323	00009F1E
PALL	324	00009F1F
PALL	325	00009F20
PALL	326	00009F21
PALL	327	00009F22
PALL	329	00009F23
PALL	330	00009F24
PALL	344	00009F25
PALL	352	00009F2A
PALL	353	00009F2B
PALL	354	00009F2C
PALL	355	00009F2D
PALL	356	00009F2E
PALL	357	00009F2F
PALL	358	00009F30
PALL	361	00009F31
PALL	362	00009F32
PALL	363	00009F33
PALL	365	00009F34
PALL	366	00009F35
PALL	367	00009F36
PALL	368	00009F37
PALL	371	00009F38
PALL	375	00009F40
PALL	378	00009F41
PALL	379	00009F42
PALL	380	00009F43
PALL	381	00009F44
PALL	383	00009F45
PALL	384	00009F46
PALL	385	00009F47
PALL	386	00009F48
PALL	387	00009F49
PALL	388	00009F4A
PALL	389	00009F4B
PALL	392	00009F4C
PALL	393	00009F4D
PALL	394	00009F4E
PALL	395	00009F4F
PALL	396	00009F50
PALL	397	00009F51
PALL	399	00009F52
PALL	400	00009F53
PALL	401	00009F54
PALL	402	00009F59
PALL	419	00009F5A
PALL	422	00009F5F
PALL	423	00009F60
PALL	424	00009F61
PALL	426	00009F62
PALL	427	00009F63
PALL	428	00009F64
PALL	429	00009F65
PALL	431	00009F66
PALL	436	00009F6E
PALL	439	00009F6F
PALL	440	00009F70
PALL	441	00009F71
PALL	442	00009F72
PALL	443	00009F73
PALL	444	00009F74
PALL	447	00009F75
PALL	448	00009F76
PALL	449	00009F77
PALL	450	00009F78
PALL	451	00009F79
PALL	452	00009F7A
PALL	453	00009F7B
PALL	455	00009F7C
PALL	456	00009F7D
PALL	457	00009F7E
PALL	458	00009F7F
PALL	461	00009F80
PALL	462	00009F81
PALL	463	00009F86
PALL	479	00009F87
PALL	480	00009F88
PALL	494	00009F89
PALL	495	00009F8F
PALL	497	00009F90
PALL	498	00009F91
PALL	499	00009F92
PALL	500	00009F93
PALL	501	00009F94
PALL	502	00009F95
PALL	504	00009F96
PALL	521	00009F97
PALL	522	00009F98
PALL	523	00009F99
PALL	547	00009F9D
PALL	548	00009F9E
PALL	549	00009F9F
PALL	551	00009FA0
PALL	552	00009FA1
PALL	554	00009FA2
PALL	555	00009FA3
PALL	556	00009FA4
PALL	558	00009FA5
PALL	559	00009FA6
PALL	560	00009FA7
PALL	561	00009FA8
PALL	563	00009FA9
PALL	564	00009FAA
PALL	566	00009FAB
PALL	567	00009FAC
PALL	568	00009FAD
PALL	569	00009FAE
PALL	580	00009FAF
PALL	581	00009FB0
PALL	582	00009FB1
PALL	584	00009FB2
PALL	592	00009FB3
PALL	593	00009FB4
PALL	595	00009FB5
PALL	596	00009FB6
PALL	597	00009FB7
PALL	598	00009FB8
PALL	599	00009FB9
PALL	611	00009FBA
PALL	612	00009FBB
PALL	614	00009FBC
PALL	615	00009FBD
PALL	616	00009FBE
PALL	620	00009FBF
PALL	622	00009FC0
PALL	623	00009FC1
PALL	625	00009FC2
PALL	626	00009FC3
PALL	628	00009FC4
PALL	629	00009FC5
PALL	630	00009FC6
PALL	632	00009FC7
PALL	633	00009FC8
PALL	634	00009FC9
PALL	647	00009FCA
PALL	648	00009FCB
PALL	656	00009FCC
PALL	657	00009FCD
PALL	658	00009FCE
PALL	660	00009FCF
PALL	661	00009FD0
PALL	662	00009FD1
PALL	663	00009FD2
PALL	665	00009FD3
PALL	666	00009FD4
PALL	667	00009FD5
PALL	668	00009FD6
PALL	671	00009FD7
PALL	672	00009FD8
PALL	673	00009FD9
PALL	674	00009FDA
PALL	675	00009FDB
PALL	676	00009FDC
PALL	677	00009FDD
PALL	679	00009FDE
PALL	680	00009FDF
PALL	681	00009FE0
PALL	702	00009FE1
PALL	703	00009FE2
PALL	704	00009FE3
PALL	705	00009FE4
PALL	706	00009FE5
PALL	707	00009FE6
PALL	708	00009FE8
PALL	710	00009FEA
PALL	711	00009FEB
PALL	713	00009FEC
PALL	714	00009FED
PALL	715	00009FEE
PALL	717	00009FEF
PALL	718	00009FF0
PALL	719	00009FF1
PALL	720	00009FF2
PALL	721	00009FF3
PALL	722	00009FF4
PALL	724	00009FF5
PALL	725	00009FF6
PALL	726	00009FF7
PALL	727	00009FF8
PALL	728	00009FF9
PALL	729	00009FFA
PALL	730	00009FFB
PALL	731	00009FFC
PALL	733	00009FFD
PALL	734	00009FFE
PALL	735	00009FFF
PALL	736	0000A000
PALL	737	0000A001
PALL	738	0000A002
PALL	739	0000A003
PALL	740	0000A004
PALL	741	0000A005
PALL	744	0000A006
PALL	745	0000A007
PALL	746	0000A008
PALL	747	0000A009
PALL	748	0000A00A
PALL	749	0000A00B
PALL	751	0000A00C
PALL	752	0000A00D
PALL	753	0000A00E
PALL	754	0000A00F
PALL	755	0000A010
PALL	756	0000A011
PALL	757	0000A012
PALL	758	0000A013
PALL	760	0000A014
PALL	761	0000A015
PALL	762	0000A016
PALL	763	0000A017
PALL	764	0000A018
PALL	765	0000A019
PALL	766	0000A01A
PALL	767	0000A01B
PALL	769	0000A01C
PALL	770	0000A01D
PALL	771	0000A01E
PALL	772	0000A01F
PALL	773	0000A020
PALL	775	0000A021
PALL	776	0000A022
PALL	777	0000A023
PALL	778	0000A024
PALL	779	0000A025
PALL	781	0000A026
PALL	782	0000A028
PALL	783	0000A02A
PALL	784	0000A02B
PALL	785	0000A02C
PALL	786	0000A02D
PALL	787	0000A02E
PALL	788	0000A02F
PLYR	154	00002939
PLYR	155	0000293A
PLYR	156	0000293B
PLYR	157	0000293C
PLYR	158	0000293D
PLYR	159	0000293E
PLYR	160	0000293F
PLYR	161	00002940
PLYR	162	00002941
PLYR	163	00002942
PLYR	164	00002943
PLYR	165	00002944
PLYR	177	00002945
PLYR	178	00002946
PLYR	179	00002947
PLYR	180	00002948
PLYR	181	00002949
PLYR	183	0000294A
PLYR	184	0000294B
PLYR	185	0000294C
PLYR	187	0000294D
PLYR	188	0000294E
PLYR	190	0000294F
PLYR	191	00002950
PLYR	192	00002951
PLYR	193	00002952
PLYR	194	00002953
PLYR	196	00002954
PLYR	197	00002955
PLYR	198	00002956
PLYR	199	00002957
PLYR	200	00002958
PLYR	201	00002959
PLYR	202	0000295A
PLYR	203	0000295B
PLYR	204	0000295C
PLYR	205	0000295D
PLYR	208	0000295E
PLYR	209	0000295F
PLYR	210	00002960
PLYR	213	00002961
PLYR	214	00002962
PLYR	216	00002963
PLYR	217	00002964
PLYR	219	00002965
PLYR	220	00002966
PLYR	221	00002967
PLYR	222	00002968
PLYR	224	00002969
PLYR	225	0000296A
PLYR	226	0000296B
PLYR	227	0000296C
PLYR	228	0000296D
PLYR	230	0000296E
PLYR	231	0000296F
PLYR	232	00002970
PLYR	233	00002971
PLYR	235	00002972
PLYR	237	00002973
PLYR	238	00002974
PLYR	239	00002975
PLYR	243	00002976
PLYR	244	00002977
PLYR	246	00002978
PLYR	247	00002979
PLYR	248	0000297A
PLYR	249	0000297B
PLYR	250	0000297C
PLYR	254	0000297D
PLYR	255	0000297E
PLYR	256	0000297F
PLYR	257	00002980
PLYR	258	00002982
PLYR	259	00002983
PLYR	260	00002984
PLYR	261	00002985
PLYR	262	00002986
PLYR	273	00002987
PLYR	274	00002988
PLYR	276	00002989
PLYR	277	0000298A
PLYR	278	0000298B
PLYR	281	0000298C
PLYR	282	0000298D
PLYR	283	0000298E
PLYR	284	0000298F
PLYR	285	00002990
PLYR	286	00002991
PLYR	287	00002992
PLYR	289	00002993
PLYR	290	00002994
PLYR	291	00002995
PLYR	294	00002996
PLYR	295	00002997
PLYR	296	00002998
PLYR	297	00002999
PLYR	298	0000299A
PLYR	300	0000299B
PLYR	302	0000299C
PLYR	303	0000299D
PLYR	305	0000299E
PLYR	306	0000299F
PLYR	307	000029A0
PLYR	308	000029A1
PLYR	309	000029A2
PLYR	311	000029A3
PLYR	313	000029A4
PLYR	314	000029A5
PLYR	316	000029A6
PLYR	317	000029A7
PLYR	319	000029A8
PLYR	320	000029A9
PLYR	321	000029AA
PLYR	322	000029AB
PLYR	324	000029AC
PLYR	325	000029AD
PLYR	326	000029AE
PLYR	329	000029AF
PLYR	330	000029B0
PLYR	332	000029B1
PLYR	333	000029B2
PLYR	335	000029B3
PLYR	336	000029B4
PLYR	338	000029B5
PLYR	339	000029B6
PLYR	340	000029B7
PLYR	345	000029B8
PLYR	346	000029B9
PLYR	347	000029BA
PLYR	349	000029BB
PLYR	350	000029BC
PLYR	354	000029BD
PLYR	355	000029BE
PLYR	357	000029BF
PLYR	358	000029C0
PLYR	359	000029C1
PLYR	360	000029C2
PLYR	361	000029C3
PLYR	362	000029C4
PLYR	363	000029C5
PLYR	364	000029C6
PLYR	366	000029C7
PLYR	367	000029C8
PLYR	368	000029C9
PLYR	369	000029CA
PLYR	370	000029CB
PLYR	376	000029CC
PLYR	377	000029CD
PLYR	378	000029CE
PLYR	380	000029CF
PLYR	381	000029D0
PLYR	382	000029D1
PLYR	384	000029D2
PLYR	385	000029D3
PLYR	386	000029D4
PLYR	391	000029D5
PLYR	392	000029D6
PLYR	393	000029D7
PLYR	394	000029D8
PLYR	396	000029D9
PLYR	397	000029DA
PLYR	398	000029DB
PLYR	399	000029DC
PLYR	400	000029DD
PLYR	402	000029DE
PLYR	403	000029DF
PLYR	405	000029E0
PLYR	406	000029E1
PLYR	407	000029E2
PLYR	408	000029E3
PLYR	410	000029E4
PLYR	411	000029E5
PLYR	412	000029E6
PLYR	414	000029E7
PLYR	415	000029E8
PLYR	416	000029E9
PLYR	418	000029EA
PLYR	420	000029EB
PLYR	421	000029EC
PLYR	424	000029ED
PLYR	428	000029EE
PLYR	429	000029EF
PLYR	430	000029F0
PLYR	432	000029F1
PLYR	433	000029F2
PLYR	434	000029F3
PLYR	435	000029F4
PLYR	436	000029F5
PLYR	437	000029F6
PLYR	439	000029F7
PLYR	440	000029F8
PLYR	444	000029F9
PLYR	445	000029FA
PLYR	446	000029FB
PLYR	449	000029FC
PLYR	450	000029FD
PLYR	452	000029FE
PLYR	460	000029FF
PLYR	461	00002A00
PLYR	463	00002A01
PLYR	464	00002A02
PLYR	466	00002A03
PLYR	467	00002A04
PLYR	470	00002A05
PLYR	475	00002A06
PLYR	477	00002A07
PLYR	478	00002A08
PLYR	480	00002A09
PLYR	481	00002A0A
PLYR	482	00002A0B
PLYR	484	00002A0C
PLYR	485	00002A0D
PLYR	487	00002A0E
PLYR	488	00002A0F
PLYR	489	00002A10
PLYR	491	00002A11
PLYR	492	00002A12
PLYR	496	00002A13
PLYR	497	00002A14
PLYR	499	00002A15
PLYR	500	00002A16
PLYR	510	00002A17
PLYR	511	00002A18
PLYR	512	00002A19
PLYR	514	00002A1A
PLYR	515	00002A1B
PLYR	517	00002A1C
PLYR	518	00002A1D
PLYR	522	00002A1E
PLYR	524	00002A1F
PLYR	525	00002A20
PLYR	526	00002A21
PLYR	528	00002A22
PLYR	529	00002A23
PLYR	530	00002A24
PLYR	532	00002A25
PLYR	533	00002A26
PLYR	534	00002A27
PLYR	536	00002A28
PLYR	537	00002A29
PLYR	538	00002A2A
PLYR	543	00002A2B
PLYR	544	00002A2C
PLYR	546	00002A2D
PLYR	547	00002A2E
PLYR	548	00002A2F
PLYR	549	00002A30
PLYR	550	00002A31
PLYR	552	00002A32
PLYR	553	00002A33
PLYR	555	00002A34
PLYR	556	00002A35
PLYR	557	00002A36
PLYR	558	00002A37
PLYR	560	00002A38
PLYR	561	00002A39
PLYR	562	00002A3A
PLYR	564	00002A3B
PLYR	565	00002A3C
PLYR	566	00002A3D
PLYR	568	00002A3E
PLYR	576	00002A3F
PLYR	577	00002A40
PLYR	578	00002A41
PLYR	579	00002A42
PLYR	580	00002A43
PLYR	581	00002A44
PLYR	582	00002A45
PLYR	583	00002A46
PLYR	584	00002A47
PLYR	586	00002A48
PLYR	588	00002A49
PLYR	589	00002A4A
PLYR	591	00002A4B
PLYR	592	00002A4C
PLYR	594	00002A4D
PLYR	595	00002A4E
PLYR	597	00002A4F
PLYR	598	00002A50
PLYR	605	00002A51
PLYR	606	00002A52
PLYR	607	00002A53
PLYR	608	00002A54
PLYR	609	00002A55
PLYR	611	00002A56
PLYR	612	00002A57
PLYR	613	00002A58
PLYR	615	00002A59
PLYR	616	00002A5A
PLYR	617	00002A5B
PLYR	621	00002A5C
PLYR	622	00002A5D
PLYR	624	00002A5E
PLYR	625	00002A5F
PLYR	626	00002A60
PLYR	627	00002A61
PLYR	628	00002A62
PLYR	629	00002A63
PLYR	630	00002A64
PLYR	632	00002A65
PLYR	633	00002A66
PLYR	641	00002A67
PLYR	642	00002A68
PLYR	643	00002A69
PLYR	644	00002A6A
PLYR	646	00002A6B
PLYR	647	00002A6C
PLYR	654	00002A6D
PLYR	655	00002A6E
PLYR	656	00002A6F
PLYR	657	00002A70
PLYR	658	00002A71
PLYR	663	00002A72
PLYR	664	00002A73
PLYR	665	00002A74
PLYR	667	00002A75
PLYR	668	00002A76
PLYR	669	00002A77
PLYR	673	00002A78
PLYR	674	00002A79
PLYR	675	00002A7A
PLYR	676	00002A7B
PLYR	677	00002A7C
PLYR	682	00002A7D
PLYR	683	00002A7E
PLYR	684	00002A7F
PLYR	685	00002A80
PLYR	687	00002A81
PLYR	688	00002A82
PLYR	690	00002A84
PLYR	691	00002A87
PLYR	698	00002A8A
PLYR	699	00002A8B
PLYR	701	00002A8C
PLYR	713	00002A8D
PLYR	714	00002A8E
PLYR	715	00002A8F
PLYR	717	00002A90
PLYR	719	00002A91
PLYR	720	00002A92
PLYR	725	00002A93
PLYR	727	00002A94
PLYR	728	00002A95
PLYR	729	00002A96
PLYR	730	00002A97
PLYR	731	00002A98
PLYR	733	00002A99
PLYR	734	00002A9A
PLYR	735	00002A9B
PLYR	738	00002A9C
PLYR	740	00002A9D
PLYR	745	00002A9E
PLYR	746	00002A9F
PLYR	747	00002AA0
PLYR	748	00002AA1
PLYR	749	00002AA2
PLYR	750	00002AA3
PLYR	751	00002AA4
PLYR	752	00002AA5
PLYR	757	00002AA6
PLYR	758	00002AA7
PLYR	759	00002AA8
PLYR	760	00002AA9
PLYR	761	00002AAA
PLYR	762	00002AAB
PLYR	763	00002AAC
PLYR	764	00002AAD
PLYR	768	00002AAE
PLYR	769	00002AAF
PLYR	770	00002AB0
PLYR	772	00002AB1
PLYR	773	00002AB2
PLYR	774	00002AB3
PLYR	775	00002AB4
PLYR	778	00002AB5
PLYR	779	00002AB6
PLYR	781	00002AB7
PLYR	782	00002AB8
PLYR	785	00002AB9
PLYR	786	00002ABA
PLYR	787	00002ABB
PLYR	788	00002ABC
PLYR	791	00002ABD
PLYR	792	00002ABE
PLYR	794	00002ABF
PLYR	795	00002AC0
PLYR	797	00002AC1
PLYR	798	00002AC2
PLYR	800	00002AC3
PLYR	801	00002AC4
PLYR	804	00002AC5
PLYR	805	00002AC6
PLYR	808	00002AC7
PLYR	810	00002AC8
PLYR	811	00002AC9
PLYR	814	00002ACA
PLYR	815	00002ACB
PLYR	816	00002ACC
PLYR	818	00002ACD
PLYR	820	00002ACE
PLYR	821	00002ACF
PLYR	824	00002AD0
PLYR	825	00002AD1
PLYR	826	00002AD2
PLYR	827	00002AD3
PLYR	829	00002AD4
PLYR	830	00002AD5
PLYR	831	00002AD6
PLYR	832	00002AD7
PLYR	837	00002AD8
PLYR	839	00002AD9
PLYR	840	00002ADA
PLYR	845	00002ADB
PLYR	847	00002ADC
PLYR	848	00002ADD
PLYR	849	00002ADE
PLYR	850	00002ADF
PLYR	851	00002AE0
PLYR	853	00002AE1
PLYR	854	00002AE2
PLYR	855	00002AE3
PLYR	856	00002AE4
PLYR	857	00002AE5
PLYR	859	00002AE6
PLYR	860	00002AE7
PLYR	863	00002AE8
PLYR	864	00002AE9
PLYR	865	00002AEA
PLYR	868	00002AEB
PLYR	869	00002AEC
PLYR	871	00002AED
PLYR	872	00002AEE
PLYR	873	00002AEF
PLYR	875	00002AF0
PLYR	877	00002AF1
PLYR	879	00002AF2
PLYR	880	00002AF3
PLYR	881	00002AF4
PLYR	883	00002AF5
PLYR	884	00002AF6
PLYR	885	00002AF7
PLYR	886	00002AF8
PLYR	888	00002AF9
PLYR	890	00002AFA
PLYR	896	00002AFB
PLYR	897	00002AFC
PLYR	898	00002AFD
PLYR	899	00002AFE
PLYR	901	00002AFF
PLYR	902	00002B00
PLYR	903	00002B01
PLYR	904	00002B02
PLYR	905	00002B03
PLYR	907	00002B04
PLYR	908	00002B05
PLYR	910	00002B06
PLYR	911	00002B07
PLYR	912	00002B08
PLYR	916	00002B09
PLYR	917	00002B0A
PLYR	919	00002B0B
PLYR	920	00002B0C
PLYR	921	00002B0D
PLYR	923	00002B0E
PLYR	924	00002B0F
PLYR	925	00002B10
PLYR	927	00002B11
PLYR	928	00002B12
PLYR	929	00002B13
PLYR	931	00002B14
PLYR	932	00002B15
PLYR	935	00002B16
PLYR	936	00002B17
PLYR	937	00002B18
PLYR	938	00002B19
PLYR	939	00002B1A
PLYR	940	00002B1B
PLYR	942	00002B1C
PLYR	943	00002B1D
PLYR	944	00002B1E
PLYR	946	00002B1F
PLYR	947	00002B20
PLYR	948	00002B21
PLYR	950	00002B22
PLYR	951	00002B23
PLYR	953	00002B24
PLYR	954	00002B25
PLYR	958	00002B26
PLYR	959	00002B27
PLYR	960	00002B28
PLYR	962	00002B29
PLYR	963	00002B2A
PLYR	965	00002B2B
PLYR	967	00002B2C
PLYR	968	00002B2D
PLYR	969	00002B2E
PLYR	971	00002B2F
PLYR	973	00002B30
PLYR	975	00002B31
PLYR	977	00002B32
PLYR	979	00002B33
PLYR	980	00002B34
PLYR	981	00002B35
PLYR	983	00002B36
PLYR	984	00002B37
PLYR	985	00002B38
PLYR	986	00002B39
PLYR	994	00002B3A
PLYR	995	00002B3B
PLYR	997	00002B3C
PLYR	998	00002B3D
PLYR	999	00002B3E
PLYR	1005	00002B3F
PLYR	1006	00002B40
PLYR	1008	00002B41
PLYR	1009	00002B42
PLYR	1011	00002B43
PLYR	1012	00002B44
PLYR	1013	00002B45
PLYR	1014	00002B46
PLYR	1016	00002B47
PLYR	1018	00002B48
PLYR	1019	00002B49
PLYR	1020	00002B4A
PLYR	1022	00002B4B
PLYR	1023	00002B4C
PLYR	1024	00002B4D
PLYR	1026	00002B4E
PLYR	1027	00002B4F
PLYR	1028	00002B50
PLYR	1030	00002B51
PLYR	1031	00002B52
PLYR	1032	00002B53
PLYR	1033	00002B54
PLYR	1035	00002B55
PLYR	1036	00002B56
PLYR	1039	00002B57
PLYR	1040	00002B58
PLYR	1042	00002B59
PLYR	1043	00002B5A
PLYR	1044	00002B5B
PLYR	1045	00002B5C
PLYR	1046	00002B5D
PLYR	1049	00002B5E
PLYR	1050	00002B60
PLYR	1060	00002B61
PLYR	1061	00002B62
PLYR	1062	00002B63
PLYR	1063	00002B64
PLYR	1065	00002B65
PLYR	1066	00002B66
PLYR	1067	00002B67
PLYR	1068	00002B68
PLYR	1069	00002B69
PLYR	1070	00002B6A
PLYR	1074	00002B6B
PLYR	1075	00002B6C
PLYR	1076	00002B6D
PLYR	1077	00002B6E
PLYR	1078	00002B6F
PLYR	1079	00002B70
PLYR	1080	00002B71
PLYR	1081	00002B72
PLYR	1082	00002B73
PLYR	1083	00002B74
PLYR	1084	00002B75
PLYR	1086	00002B76
PLYR	1088	00002B77
PLYR	1089	00002B78
PLYR	1091	00002B79
PLYR	1092	00002B7A
PLYR	1096	00002B7B
PLYR	1099	00002B7C
PLYR	1100	00002B7D
PLYR	1101	00002B7E
PLYR	1102	00002B7F
PLYR	1103	00002B80
PLYR	1106	00002B81
PLYR	1107	00002B82
PLYR	1108	00002B83
PLYR	1109	00002B84
PLYR	1111	00002B85
PLYR	1112	00002B86
PLYR	1113	00002B87
PLYR	1114	00002B88
PLYR	1115	00002B89
PLYR	1116	00002B8A
PLYR	1117	00002B8B
PLYR	1118	00002B8C
PLYR	1120	00002B8D
PLYR	1121	00002B8E
PLYR	1140	00002B93
PLYR	1141	00002B94
PLYR	1143	00002B95
PLYR	1145	00002B96
PLYR	1146	00002B97
PLYR	1147	00002B98
PLYR	1148	00002B99
PLYR	1149	00002B9A
PLYR	1154	00002B9B
PLYR	1156	00002B9C
PLYR	1158	00002B9D
PLYR	1159	00002B9E
PLYR	1160	00002B9F
PLYR	1163	00002BA0
PLYR	1164	00002BA1
PLYR	1166	00002BA2
PLYR	1167	00002BA3
PLYR	1169	00002BA4
PLYR	1170	00002BA5
PLYR	1172	00002BA6
PLYR	1173	00002BA7
PLYR	1175	00002BA8
PLYR	1176	00002BA9
PLYR	1178	00002BAA
PLYR	1179	00002BAB
PLYR	1180	00002BAC
PLYR	1181	00002BAD
PLYR	1182	00002BAE
PLYR	1196	00002BAF
PLYR	1197	00002BB0
PLYR	1198	00002BB1
PLYR	1200	00002BB2
PLYR	1201	00002BB3
PLYR	1202	00002BB4
PLYR	1204	00002BB5
PLYR	1205	00002BB6
PLYR	1220	00002BB7
PLYR	1221	00002BB8
PLYR	1222	00002BB9
PLYR	1223	00002BBA
PLYR	1224	00002BBB
PLYR	1225	00002BBC
PLYR	1234	00002BBD
PLYR	1235	00002BBE
PLYR	1236	00002BBF
PLYR	1237	00002BC0
PLYR	1238	00002BC1
PLYR	1239	00002BC2
PLYR	1241	00002BC3
PLYR	1242	00002BC4
PLYR	1243	00002BC5
PLYR	1244	00002BC6
PLYR	1245	00002BC7
PLYR	1247	00002BC8
PLYR	1248	00002BC9
PLYR	1249	00002BCA
PLYR	1251	00002BCB
PLYR	1252	00002BCC
PLYR	1253	00002BCD
PLYR	1254	00002BCE
PLYR	1263	00002BCF
PLYR	1264	00002BD0
PLYR	1265	00002BD1
PLYR	1266	00002BD2
PLYR	1267	00002BD3
PLYR	1269	00002BD4
PLYR	1271	00002BD5
PLYR	1272	00002BD6
PLYR	1273	00002BD7
PLYR	1275	00002BD8
PLYR	1276	00002BD9
PLYR	1277	00002BDA
PLYR	1279	00002BDB
PLYR	1280	00002BDC
PLYR	1281	00002BDD
PLYR	1282	00002BDE
PLYR	1284	00002BDF
PLYR	1285	00002BE0
PLYR	1286	00002BE1
PLYR	1288	00002BE2
PLYR	1289	00002BE3
PLYR	1290	00002BE4
PLYR	1298	00002BE5
PLYR	1299	00002BE6
PLYR	1300	00002BE7
PLYR	1301	00002BE8
PLYR	1302	00002BE9
PLYR	1303	00002BEA
PLYR	1305	00002BEB
PLYR	1306	00002BEC
PLYR	1307	00002BED
PLYR	1309	00002BEE
PLYR	1310	00002BEF
PLYR	1311	00002BF0
PLYR	1313	00002BF1
PLYR	1314	00002BF2
PLYR	1315	00002BF3
PLYR	1317	00002BF4
PLYR	1324	00002BF5
PLYR	1325	00002BF6
PLYR	1326	00002BF7
PLYR	1328	00002BF8
PLYR	1329	00002BF9
PLYR	1330	00002BFA
PLYR	1332	00002BFB
PLYR	1333	00002BFC
PLYR	1334	00002BFD
PLYR	1336	00002BFE
PLYR	1338	00002BFF
PLYR	1339	00002C00
PLYR	1341	00002C01
PLYR	1342	00002C02
PLYR	1344	00002C03
PLYR	1345	00002C04
PLYR	1347	00002C05
PLYR	1349	00002C06
PLYR	1350	00002C07
PLYR	1351	00002C08
PLYR	1353	00002C09
PLYR	1354	00002C0A
PLYR	1355	00002C0B
PLYR	1356	00002C0C
PLYR	1358	00002C0D
PLYR	1359	00002C0E
PLYR	1360	00002C0F
PLYR	1362	00002C10
PLYR	1364	00002C11
PLYR	1365	00002C12
PLYR	1367	00002C13
PLYR	1368	00002C14
PLYR	1370	00002C15
PLYR	1371	00002C16
PLYR	1373	00002C17
PLYR	1388	00002C18
PLYR	1389	00002C19
PLYR	1390	00002C1A
PLYR	1395	00002C1B
PLYR	1396	00002C1C
PLYR	1397	00002C1D
PLYR	1401	00002C1E
PLYR	1402	00002C1F
PLYR	1404	00002C20
PLYR	1405	00002C21
PLYR	1406	00002C22
PLYR	1409	00002C23
PLYR	1410	00002C24
PLYR	1413	00002C25
PLYR	1414	00002C26
PLYR	1415	00002C27
PLYR	1416	00002C28
PLYR	1419	00002C29
PLYR	1420	00002C2A
PLYR	1422	00002C2B
PLYR	1423	00002C2C
PLYR	1425	00002C2D
PLYR	1426	00002C2E
PLYR	1428	00002C2F
PLYR	1429	00002C30
PLYR	1431	00002C31
PLYR	1432	00002C32
PLYR	1433	00002C33
PLYR	1434	00002C34
PLYR	1437	00002C35
PLYR	1438	00002C36
PLYR	1439	00002C37
PLYR	1441	00002C38
PLYR	1445	00002C39
PLYR	1446	00002C3A
PLYR	1449	00002C3B
PLYR	1450	00002C3C
PLYR	1451	00002C3D
PLYR	1452	00002C3E
PLYR	1455	00002C3F
PLYR	1456	00002C40
PLYR	1457	00002C41
PLYR	1458	00002C42
PLYR	1460	00002C43
PLYR	1461	00002C44
PLYR	1463	00002C45
PLYR	1478	00002C4C
PLYR	1479	00002C4D
PLYR	1480	00002C4E
PLYR	1482	00002C4F
PLYR	1483	00002C50
PLYR	1485	00002C51
PLYR	1486	00002C52
PLYR	1490	00002C53
PLYR	1491	00002C54
PLYR	1492	00002C55
PLYR	1494	00002C56
PLYR	1495	00002C57
PLYR	1496	00002C58
PLYR	1497	00002C59
PLYR	1498	00002C5A
PLYR	1499	00002C5B
PLYR	1500	00002C5C
PLYR	1501	00002C5D
PLYR	1502	00002C5E
PLYR	1503	00002C5F
PLYR	1504	00002C60
PLYR	1509	00002C61
PLYR	1510	00002C62
PLYR	1511	00002C63
PLYR	1512	00002C64
PLYR	1514	00002C65
PLYR	1515	00002C66
PLYR	1516	00002C67
PLYR	1524	00002C68
PLYR	1525	00002C69
PLYR	1526	00002C6A
PLYR	1530	00002C6B
PLYR	1531	00002C6C
PLYR	1532	00002C6D
PLYR	1533	00002C6E
PLYR	1534	00002C6F
PLYR	1535	00002C70
PLYR	1536	00002C71
PLYR	1537	00002C72
PLYR	1538	00002C73
PLYR	1539	00002C74
PLYR	1541	00002C75
PLYR	1542	00002C76
PLYR	1543	00002C77
PLYR	1546	00002C78
PLYR	1547	00002C79
PLYR	1548	00002C7A
PLYR	1549	00002C7B
PLYR	1550	00002C7C
PLYR	1551	00002C7D
PLYR	1555	00002C7E
PLYR	1556	00002C7F
PLYR	1558	00002C80
PLYR	1559	00002C81
PLYR	1560	00002C82
PLYR	1561	00002C83
PLYR	1562	00002C84
PLYR	1564	00002C85
PLYR	1565	00002C86
PLYR	1566	00002C87
PLYR	1567	00002C88
PLYR	1569	00002C89
PLYR	1571	00002C8A
PLYR	1572	00002C8B
PLYR	1573	00002C8C
PLYR	1575	00002C8D
PLYR	1576	00002C8E
PLYR	1577	00002C8F
PLYR	1578	00002C90
PLYR	1580	00002C91
PLYR	1590	00002C92
PLYR	1591	00002C93
PLYR	1592	00002C94
PLYR	1593	00002C95
PLYR	1595	00002C96
PLYR	1596	00002C97
PLYR	1597	00002C98
PLYR	1598	00002C99
PLYR	1599	00002C9A
PLYR	1600	00002C9B
PLYR	1611	00002C9C
PLYR	1612	00002C9D
PLYR	1613	00002C9E
PLYR	1614	00002C9F
PLYR	1617	00002CA0
PLYR	1618	00002CA1
PLYR	1619	00002CA2
PLYR	1621	00002CA3
PLYR	1622	00002CA4
PLYR	1624	00002CA5
PLYR	1625	00002CA6
PLYR	1626	00002CA7
PLYR	1630	00002CA8
PLYR	1631	00002CA9
PLYR	1632	00002CAA
PLYR	1634	00002CAB
PLYR	1635	00002CAC
PLYR	1637	00002CAD
PLYR	1638	00002CAE
PLYR	1640	00002CAF
PLYR	1641	00002CB0
PLYR	1643	00002CB1
PLYR	1644	00002CB2
PLYR	1645	00002CB3
PLYR	1646	00002CB4
PLYR	1648	00002CB5
PLYR	1652	00002CB6
PLYR	1653	00002CB7
PLYR	1654	00002CB8
PLYR	1658	00002CB9
PLYR	1659	00002CBA
PLYR	1660	00002CBB
PLYR	1661	00002CBC
PLYR	1663	00002CBD
PLYR	1665	00002CBE
PLYR	1667	00002CBF
PLYR	1668	00002CC0
PLYR	1669	00002CC1
PLYR	1670	00002CC2
PLYR	1675	00002CC3
PLYR	1676	00002CC4
PLYR	1677	00002CC5
PLYR	1678	00002CC6
PLYR	1682	00002CC7
PLYR	1683	00002CC8
PLYR	1684	00002CC9
PLYR	1685	00002CCA
PLYR	1687	00002CCB
PLYR	1689	00002CCC
PLYR	1691	00002CCD
PLYR	1693	00002CCE
PLYR	1694	00002CCF
PLYR	1695	00002CD0
PLYR	1697	00002CD1
PLYR	1698	00002CD2
PLYR	1706	00002CD3
PLYR	1707	00002CD4
PLYR	1708	00002CD5
PLYR	1709	00002CD6
PLYR	1710	00002CD7
PLYR	1712	00002CD8
PLYR	1713	00002CD9
PLYR	1714	00002CDA
PLYR	1715	00002CDB
PLYR	1716	00002CDC
PLYR	1717	00002CDD
PLYR	1718	00002CDE
PLYR	1719	00002CDF
PLYR	1720	00002CE0
PLYR	1721	00002CE1
PLYR	1722	00002CE2
PLYR	1724	00002CE3
PLYR	1725	00002CE4
PLYR	1726	00002CE5
PLYR	1727	00002CE6
PLYR	1728	00002CE7
PLYR	1730	00002CE8
PLYR	1731	00002CE9
PLYR	1733	00002CEA
PLYR	1746	00002CEB
PLYR	1747	00002CEC
PLYR	1748	00002CED
PLYR	1749	00002CEE
PLYR	1750	00002CEF
PLYR	1751	00002CF0
PLYR	1754	00002CF1
PLYR	1755	00002CF2
PLYR	1758	00002CF3
PLYR	1759	00002CF4
PLYR	1760	00002CF5
PLYR	1762	00002CF6
PLYR	1763	00002CF7
PLYR	1764	00002CF8
PLYR	1767	00002CF9
PLYR	1768	00002CFA
PLYR	1769	00002CFB
PLYR	1770	00002CFC
PLYR	1773	00002CFD
PLYR	1774	00002CFE
PLYR	1775	00002CFF
PLYR	1776	00002D00
PLYR	1779	00002D01
PLYR	1780	00002D02
PLYR	1781	00002D03
PLYR	1784	00002D04
PLYR	1785	00002D05
PLYR	1787	00002D06
PLYR	1788	00002D07
PLYR	1789	00002D08
PLYR	1790	00002D09
PLYR	1791	00002D0A
PLYR	1793	00002D0B
PLYR	1795	00002D0C
PLYR	1796	00002D0D
PLYR	1798	00002D0E
PLYR	1799	00002D0F
PLYR	1804	00002D10
PLYR	1805	00002D11
PLYR	1807	00002D12
PLYR	1808	00002D13
PLYR	1811	00002D14
PLYR	1812	00002D15
PLYR	1813	00002D16
PLYR	1814	00002D17
PLYR	1815	00002D18
PLYR	1817	00002D19
PLYR	1818	00002D1A
PLYR	1819	00002D1B
PLYR	1820	00002D1C
PLYR	1823	00002D1D
PLYR	1824	00002D1E
PLYR	1825	00002D1F
PLYR	1826	00002D20
PLYR	1828	00002D21
PLYR	1830	00002D22
PLYR	1831	00002D23
PLYR	1832	00002D24
PLYR	1834	00002D25
PLYR	1837	00002D26
PLYR	1838	00002D27
PLYR	1839	00002D28
PLYR	1840	00002D29
PLYR	1842	00002D2A
PLYR	1843	00002D2B
PLYR	1844	00002D2C
PLYR	1845	00002D2D
PLYR	1847	00002D2E
PLYR	1848	00002D2F
PLYR	1849	00002D30
PLYR	1850	00002D31
PLYR	1851	00002D32
PLYR	1852	00002D33
PLYR	1853	00002D34
PLYR	1856	00002D35
PLYR	1859	00002D36
PLYR	1860	00002D37
PLYR	1861	00002D38
PLYR	1863	00002D39
PLYR	1864	00002D3A
PLYR	1865	00002D3B
PLYR	1867	00002D3C
PLYR	1869	00002D3D
PLYR	1870	00002D3E
PLYR	1875	00002D3F
PLYR	1877	00002D40
PLYR	1878	00002D41
PLYR	1879	00002D42
PLYR	1880	00002D43
PLYR	1882	00002D44
PLYR	1883	00002D45
PLYR	1884	00002D46
PLYR	1885	00002D47
PLYR	1886	00002D48
PLYR	1887	00002D49
PLYR	1891	00002D4A
PLYR	1892	00002D4B
PLYR	1894	00002D4C
PLYR	1895	00002D4D
PLYR	1897	00002D4E
PLYR	1898	00002D4F
PLYR	1900	00002D50
PLYR	1901	00002D51
PLYR	1902	00002D52
PLYR	1903	00002D53
PLYR	1904	00002D54
PLYR	1906	00002D55
PLYR	1907	00002D56
PLYR	1908	00002D57
PLYR	1909	00002D58
PLYR	1911	00002D59
PLYR	1912	00002D5A
PLYR	1913	00002D5B
PLYR	1915	00002D5C
PLYR	1918	00002D5D
PLYR	1919	00002D5E
PLYR	1924	00002D5F
PLYR	1925	00002D60
PLYR	1926	00002D61
PLYR	1952	00002D83
PLYR	1953	00002D84
PLYR	1955	00002D85
PLYR	1956	00002D86
PLYR	1957	00002D87
PLYR	1958	00002D88
PLYR	1960	00002D89
PLYR	1961	00002D8A
PLYR	1962	00002D8B
PLYR	1966	00002D8C
PLYR	1967	00002D8D
PLYR	1968	00002D8E
PLYR	1970	00002D8F
PLYR	1971	00002D90
PLYR	1975	00002D91
PLYR	1976	00002D92
PLYR	1979	00002D93
PLYR	1980	00002D94
PLYR	1981	00002D95
PLYR	1982	00002D96
PLYR	1985	00002D97
PLYR	1986	00002D98
PLYR	1987	00002D99
PLYR	1988	00002D9A
PLYR	1989	00002D9B
PLYR	1991	00002D9C
PLYR	1992	00002D9D
PLYR	1993	00002D9E
PLYR	1994	00002D9F
PLYR	1995	00002DA0
PLYR	1996	00002DA1
PLYR	1997	00002DA2
PLYR	1998	00002DA3
PLYR	1999	00002DA4
PLYR	2001	00002DA5
PLYR	2002	00002DA6
PLYR	2003	00002DA7
PLYR	2004	00002DA8
PLYR	2006	00002DA9
PLYR	2007	00002DAA
PLYR	2008	00002DAB
PLYR	2010	00002DAC
PLYR	2011	00002DAD
PLYR	2012	00002DAE
PLYR	2013	00002DAF
PLYR	2016	00002DB0
PLYR	2018	00002DB1
PLYR	2019	00002DB2
PLYR	2020	00002DB3
PLYR	2021	00002DB4
PLYR	2024	00002DB5
PLYR	2025	00002DB6
PLYR	2027	00002DB7
PLYR	2028	00002DB8
PLYR	2030	00002DB9
PLYR	2031	00002DBA
PLYR	2032	00002DBB
PLYR	2034	00002DBC
PLYR	2035	00002DBD
PLYR	2036	00002DBE
PLYR	2037	00002DBF
PLYR	2038	00002DC0
PLYR	2042	00002DC1
PLYR	2043	00002DC2
PLYR	2044	00002DC3
PLYR	2045	00002DC4
PLYR	2047	00002DC5
PLYR	2048	00002DC6
PLYR	2049	00002DC7
PLYR	2050	00002DC8
PLYR	2051	00002DC9
PLYR	2053	00002DCA
PLYR	2054	00002DCB
PLYR	2058	00002DCC
PLYR	2059	00002DCD
PLYR	2062	00002DCE
PLYR	2063	00002DCF
PLYR	2064	00002DD0
PLYR	2065	00002DD1
PLYR	2066	00002DD2
PLYR	2067	00002DD3
PLYR	2068	00002DD4
PLYR	2073	00002DD5
PLYR	2074	00002DD6
PLYR	2075	00002DD7
PLYR	2077	00002DD8
PLYR	2078	00002DD9
PLYR	2079	00002DDA
PLYR	2081	00002DDB
PLYR	2082	00002DDC
PLYR	2083	00002DDD
PLYR	2085	00002DDE
PLYR	2086	00002DDF
PLYR	2087	00002DE0
PLYR	2091	00002DE1
PLYR	2095	00002DE2
PLYR	2096	00002DE3
PLYR	2098	00002DE4
PLYR	2099	00002DE5
PLYR	2100	00002DE6
PLYR	2102	00002DE7
PLYR	2103	00002DE8
PLYR	2104	00002DE9
PLYR	2105	00002DEA
PLYR	2106	00002DEB
PLYR	2107	00002DEC
PLYR	2108	00002DED
PLYR	2110	00002DEE
PLYR	2113	00002DEF
PLYR	2114	00002DF0
PLYR	2115	00002DF1
PLYR	2116	00002DF2
PLYR	2117	00002DF3
PLYR	2118	00002DF4
PLYR	2119	00002DF5
PLYR	2120	00002DF6
PLYR	2121	00002DF7
PLYR	2123	00002DF8
PLYR	2127	00002DF9
PLYR	2128	00002DFA
PLYR	2129	00002DFB
PLYR	2130	00002DFC
PLYR	2131	00002DFD
PLYR	2133	00002DFE
PLYR	2139	00002DFF
PLYR	2140	00002E00
PLYR	2141	00002E01
PLYR	2142	00002E02
PLYR	2143	00002E03
PLYR	2145	00002E04
PLYR	2146	00002E05
PLYR	2148	00002E06
PLYR	2149	00002E07
PLYR	2151	00002E08
PLYR	2152	00002E09
PLYR	2153	00002E0A
PLYR	2154	00002E0B
PLYR	2160	00002E0C
PLYR	2161	00002E0D
PLYR	2162	00002E0E
PLYR	2163	00002E0F
PLYR	2164	00002E10
PLYR	2165	00002E11
PLYR	2167	00002E12
PLYR	2168	00002E13
PLYR	2169	00002E14
PLYR	2170	00002E15
PLYR	2171	00002E16
PLYR	2172	00002E17
PLYR	2174	00002E18
PLYR	2176	00002E19
PLYR	2177	00002E1A
PLYR	2178	00002E1B
PLYR	2180	00002E1C
PLYR	2181	00002E1D
PLYR	2182	00002E1E
PLYR	2185	00002E1F
PLYR	2186	00002E20
PLYR	2187	00002E21
PLYR	2189	00002E22
PLYR	2190	00002E23
PLYR	2191	00002E24
PLYR	2193	00002E25
PLYR	2194	00002E26
PLYR	2214	00002E31
PLYR	2215	00002E32
PLYR	2216	00002E33
PLYR	2217	00002E34
PLYR	2218	00002E35
PLYR	2219	00002E36
PLYR	2220	00002E37
PLYR	2221	00002E38
PLYR	2222	00002E39
PLYR	2223	00002E3A
PLYR	2225	00002E3B
PLYR	2226	00002E3C
PLYR	2227	00002E3D
PLYR	2228	00002E3E
PLYR	2229	00002E3F
PLYR	2230	00002E40
PLYR	2231	00002E41
PLYR	2232	00002E42
PLYR	2233	00002E43
PLYR	2235	00002E44
PLYR	2236	00002E45
PLYR	2237	00002E46
PLYR	2238	00002E47
PLYR	2239	00002E48
PLYR	2241	00002E49
PLYR	2248	00002E4A
PLYR	2249	00002E4B
PLYR	2250	00002E4C
PLYR	2251	00002E4D
PLYR	2253	00002E4E
PLYR	2254	00002E4F
PLYR	2256	00002E50
PLYR	2257	00002E51
PLYR	2258	00002E52
PLYR	2259	00002E53
PLYR	2260	00002E54
PLYR	2262	00002E55
PLYR	2263	00002E56
PLYR	2268	00002E57
PLYR	2269	00002E58
PLYR	2270	00002E59
PLYR	2271	00002E5A
PLYR	2272	00002E5B
PLYR	2273	00002E5C
PLYR	2274	00002E5D
PLYR	2275	00002E5E
PLYR	2276	00002E5F
PLYR	2277	00002E60
PLYR	2284	00002E61
PLYR	2285	00002E62
PLYR	2287	00002E63
PLYR	2288	00002E64
PLYR	2289	00002E65
PLYR	2290	00002E66
PLYR	2291	00002E67
PLYR	2294	00002E68
PLYR	2295	00002E69
PLYR	2296	00002E6A
PLYR	2297	00002E6B
PLYR	2298	00002E6C
PLYR	2299	00002E6D
PLYR	2300	00002E6E
PLYR	2301	00002E6F
PLYR	2302	00002E70
PLYR	2303	00002E71
PLYR	2304	00002E72
PLYR	2311	00002E73
PLYR	2312	00002E74
PLYR	2313	00002E75
PLYR	2314	00002E76
PLYR	2315	00002E77
PLYR	2316	00002E78
PLYR	2317	00002E79
PLYR	2319	00002E7A
PLYR	2320	00002E7B
PLYR	2321	00002E7C
PLYR	2322	00002E7D
PLYR	2323	00002E7E
PLYR	2324	00002E7F
PLYR	2325	00002E80
PLYR	2326	00002E81
PLYR	2328	00002E82
PLYR	2329	00002E83
PLYR	2330	00002E84
PLYR	2331	00002E85
PLYR	2332	00002E86
PLYR	2340	00002E88
PLYR	2341	00002E89
PLYR	2343	00002E8A
PLYR	2344	00002E8B
PLYR	2345	00002E8C
PLYR	2346	00002E8D
PLYR	2347	00002E8E
PLYR	2348	00002E8F
PLYR	2349	00002E90
PLYR	2351	00002E91
PLYR	2352	00002E92
PLYR	2354	00002E93
PLYR	2355	00002E94
PLYR	2356	00002E95
PLYR	2358	00002E96
PLYR	2359	00002E97
PLYR	2361	00002E98
PLYR	2362	00002E99
PLYR	2364	00002E9A
PLYR	2365	00002E9B
PLYR	2366	00002E9C
PLYR	2368	00002E9D
PLYR	2369	00002E9E
PLYR	2371	00002E9F
PLYR	2372	00002EA0
PLYR	2376	00002EA1
PLYR	2378	00002EA2
PLYR	2379	00002EA3
PLYR	2380	00002EA4
PLYR	2382	00002EA5
PLYR	2383	00002EA6
PLYR	2385	00002EA7
PLYR	2386	00002EA8
PLYR	2387	00002EA9
PLYR	2388	00002EAA
PLYR	2390	00002EAB
PLYR	2391	00002EAC
PLYR	2392	00002EAD
PLYR	2393	00002EAE
PLYR	2394	00002EAF
PLYR	2396	00002EB0
PLYR	2397	00002EB1
PLYR	2398	00002EB2
PLYR	2399	00002EB3
PLYR	2405	00002EB4
PLYR	2406	00002EB5
PLYR	2407	00002EB6
PLYR	2408	00002EB7
PLYR	2409	00002EB8
PLYR	2411	00002EB9
PLYR	2412	00002EBA
PLYR	2413	00002EBB
PLYR	2414	00002EBC
PLYR	2415	00002EBD
PLYR	2417	00002EBE
PLYR	2418	00002EBF
PLYR	2419	00002EC0
PLYR	2420	00002EC1
PLYR	2427	00002EC2
PLYR	2428	00002EC3
PLYR	2429	00002EC4
PLYR	2430	00002EC5
PLYR	2432	00002EC6
PLYR	2433	00002EC7
PLYR	2435	00002EC8
PLYR	2436	00002EC9
PLYR	2437	00002ECA
PLYR	2439	00002ECB
PLYR	2440	00002ECC
PLYR	2441	00002ECD
PLYR	2442	00002ECE
PLYR	2444	00002ECF
PLYR	2445	00002ED0
PLYR	2447	00002ED1
PLYR	2448	00002ED2
PLYR	2450	00002ED3
PLYR	2451	00002ED4
PLYR	2453	00002ED5
PLYR	2454	00002ED6
PLYR	2455	00002ED7
PLYR	2456	00002ED8
PLYR	2457	00002ED9
PLYR	2458	00002EDA
PLYR	2460	00002EDB
PLYR	2461	00002EDC
PLYR	2463	00002EDD
PLYR	2464	00002EDE
PLYR	2465	00002EDF
PLYR	2467	00002EE0
PLYR	2468	00002EE1
PLYR	2469	00002EE2
PLYR	2470	00002EE3
PLYR	2472	00002EE4
PLYR	2473	00002EE5
PLYR	2477	00002EE6
PLYR	2478	00002EE7
PLYR	2480	00002EE8
PLYR	2481	00002EE9
PLYR	2482	00002EEA
PLYR	2483	00002EEB
PLYR	2486	00002EEC
PLYR	2487	00002EED
PLYR	2488	00002EEE
PLYR	2490	00002EEF
PLYR	2491	00002EF0
PLYR	2493	00002EF1
PLYR	2494	00002EF2
PLYR	2496	00002EF3
PLYR	2497	00002EF4
PLYR	2499	00002EF5
PLYR	2500	00002EF6
PLYR	2501	00002EF7
PLYR	2502	00002EF8
PLYR	2503	00002EF9
PLYR	2504	00002EFA
PLYR	2505	00002EFB
PLYR	2506	00002EFC
PLYR	2517	00002EFD
PLYR	2518	00002EFE
PLYR	2519	00002EFF
PLYR	2521	00002F00
PLYR	2522	00002F01
PLYR	2523	00002F02
PLYR	2524	00002F03
PLYR	2526	00002F04
PLYR	2527	00002F05
PLYR	2528	00002F06
PLYR	2530	00002F07
PLYR	2531	00002F08
PLYR	2533	00002F09
PLYR	2534	00002F0A
PLYR	2535	00002F0B
PLYR	2537	00002F0C
PLYR	2538	00002F0D
PLYR	2539	00002F0E
PLYR	2541	00002F0F
PLYR	2542	00002F10
PLYR	2544	00002F11
PLYR	2545	00002F12
PLYR	2546	00002F13
PLYR	2548	00002F14
PLYR	2549	00002F15
PLYR	2551	00002F16
PLYR	2558	00002F17
PLYR	2559	00002F18
PLYR	2561	00002F19
PLYR	2562	00002F1A
PLYR	2563	00002F1B
PLYR	2565	00002F1C
PLYR	2566	00002F1D
PLYR	2567	00002F1E
PLYR	2568	00002F1F
PLYR	2570	00002F20
PLYR	2571	00002F21
PLYR	2572	00002F22
PLYR	2574	00002F23
PLYR	2575	00002F24
PLYR	2577	00002F25
PLYR	2578	00002F26
PLYR	2579	00002F27
PLYR	2581	00002F28
PLYR	2583	00002F29
PLYR	2584	00002F2A
PLYR	2586	00002F2B
PLYR	2599	00002F2C
PLYR	2600	00002F2D
PLYR	2601	00002F2E
PLYR	2602	00002F2F
PLYR	2603	00002F30
PLYR	2604	00002F31
PLYR	2606	00002F32
PLYR	2607	00002F33
PLYR	2608	00002F34
PLYR	2610	00002F35
PLYR	2611	00002F36
PLYR	2612	00002F37
PLYR	2613	00002F38
PLYR	2614	00002F39
PLYR	2616	00002F3A
PLYR	2617	00002F3B
PLYR	2618	00002F3C
PLYR	2619	00002F3D
PLYR	2620	00002F3E
PLYR	2623	00002F3F
PLYR	2624	00002F40
PLYR	2625	00002F41
PLYR	2626	00002F42
PLYR	2633	00002F43
PLYR	2634	00002F44
PLYR	2635	00002F45
PLYR	2637	00002F46
PLYR	2638	00002F47
PLYR	2640	00002F48
PLYR	2641	00002F49
PLYR	2642	00002F4A
PLYR	2644	00002F4B
PLYR	2645	00002F4C
PLYR	2646	00002F4D
PLYR	2647	00002F4E
PLYR	2648	00002F4F
PLYR	2649	00002F50
PLYR	2650	00002F51
PLYR	2652	00002F52
PLYR	2653	00002F53
PLYR	2654	00002F54
PLYR	2655	00002F55
PLYR	2656	00002F56
PLYR	2657	00002F57
PLYR	2658	00002F58
PLYR	2660	00002F59
PLYR	2661	00002F5A
PLYR	2662	00002F5B
PLYR	2663	00002F5C
PLYR	2664	00002F5D
PLYR	2665	00002F5E
PLYR	2666	00002F5F
PLYR	2667	00002F60
PLYR	2668	00002F61
PLYR	2670	00002F62
PLYR	2678	00002F63
PLYR	2679	00002F64
PLYR	2680	00002F65
PLYR	2682	00002F66
PLYR	2684	00002F67
PLYR	2685	00002F68
PLYR	2686	00002F69
PLYR	2688	00002F6A
PLYR	2695	00002F6B
PLYR	2696	00002F6C
PLYR	2697	00002F6D
PLYR	2698	00002F6E
PLYR	2700	00002F6F
PLYR	2701	00002F70
PLYR	2702	00002F71
PLYR	2704	00002F72
PLYR	2705	00002F73
PLYR	2707	00002F74
PLYR	2712	00002F75
PLYR	2713	00002F76
PLYR	2714	00002F77
PLYR	2715	00002F78
PLYR	2718	00002F79
PLYR	2719	00002F7A
PLYR	2720	00002F7B
PLYR	2722	00002F7C
PLYR	2723	00002F7D
PLYR	2724	00002F7E
PLYR	2726	00002F7F
PLYR	2729	00002F80
PLYR	2730	00002F81
PLYR	2731	00002F82
PLYR	2733	00002F83
PLYR	2734	00002F84
PLYR	2735	00002F85
PLYR	2736	00002F86
PLYR	2737	00002F87
PLYR	2738	00002F88
PLYR	2740	00002F89
PLYR	2741	00002F8A
PLYR	2742	00002F8B
PLYR	2748	00002F8C
PLYR	2749	00002F8D
PLYR	2751	00002F8E
PLYR	2752	00002F8F
PLYR	2753	00002F90
PLYR	2754	00002F91
PLYR	2756	00002F92
PLYR	2757	00002F93
PLYR	2759	00002F94
PLYR	2761	00002F95
PLYR	2763	00002F96
PLYR	2764	00002F97
PLYR	2765	00002F98
PLYR	2767	00002F99
PLYR	2768	00002F9A
PLYR	2769	00002F9B
PLYR	2770	00002F9C
PLYR	2772	00002F9D
PLYR	2773	00002F9E
PLYR	2774	00002F9F
PLYR	2775	00002FA0
PLYR	2776	00002FA1
PLYR	2777	00002FA2
PLYR	2779	00002FA3
PLYR	2780	00002FA4
PLYR	2782	00002FA5
PLYR	2783	00002FA6
PLYR	2785	00002FA7
PLYR	2787	00002FA8
PLYR	2788	00002FA9
PLYR	2791	00002FAA
PLYR	2793	00002FAB
PLYR	2794	00002FAC
PLYR	2797	00002FAD
PLYR	2798	00002FAE
PLYR	2800	00002FAF
PLYR	2803	00002FB0
PLYR	2804	00002FB1
PLYR	2806	00002FB2
PLYR	2807	00002FB3
PLYR	2809	00002FB4
PLYR	2810	00002FB5
PLYR	2812	00002FB6
PLYR	2813	00002FB7
PLYR	2814	00002FB8
PLYR	2815	00002FB9
PLYR	2816	00002FBA
PLYR	2818	00002FBB
PLYR	2819	00002FBC
PLYR	2820	00002FBD
PLYR	2821	00002FBE
PLYR	2822	00002FBF
PLYR	2824	00002FC0
PLYR	2825	00002FC1
PLYR	2826	00002FC2
PLYR	2827	00002FC3
PLYR	2830	00002FC4
PLYR	2831	00002FC5
PLYR	2833	00002FC6
PLYR	2834	00002FC7
PLYR	2835	00002FC8
PLYR	2836	00002FC9
PLYR	2837	00002FCA
PLYR	2838	00002FCB
PLYR	2839	00002FCC
PLYR	2840	00002FCD
PLYR	2841	00002FCE
PLYR	2843	00002FCF
PLYR	2845	00002FD0
PLYR	2846	00002FD1
PLYR	2847	00002FD2
PLYR	2849	00002FD3
PLYR	2850	00002FD4
PLYR	2852	00002FD5
PLYR	2853	00002FD6
PLYR	2854	00002FD7
PLYR	2856	00002FD8
PLYR	2858	00002FD9
PLYR	2859	00002FDA
PLYR	2860	00002FDB
PLYR	2864	00002FDC
PLYR	2865	00002FDD
PLYR	2867	00002FDE
PLYR	2868	00002FDF
PLYR	2869	00002FE0
PLYR	2871	00002FE1
PLYR	2872	00002FE2
PLYR	2874	00002FE3
PLYR	2875	00002FE4
PLYR	2877	00002FE5
PLYR	2878	00002FE6
PLYR	2879	00002FE7
PLYR	2884	00002FE8
PLYR	2885	00002FE9
PLYR	2887	00002FEA
PLYR	2888	00002FEB
PLYR	2889	00002FEC
PLYR	2891	00002FED
PLYR	2892	00002FEE
PLYR	2893	00002FEF
PLYR	2895	00002FF0
PLYR	2896	00002FF1
PLYR	2898	00002FF2
PLYR	2899	00002FF3
PLYR	2901	00002FF4
PLYR	2902	00002FF5
PLYR	2903	00002FF6
PLYR	2905	00002FF7
PLYR	2906	00002FF8
PLYR	2907	00002FF9
PLYR	2909	00002FFA
PLYR	2910	00002FFB
PLYR	2911	00002FFC
PLYR	2912	00002FFD
PLYR	2913	00002FFE
PLYR	2914	00002FFF
PLYR	2915	00003000
PLYR	2918	00003001
PLYR	2919	00003002
PLYR	2920	00003003
PLYR	2921	00003004
PLYR	2925	00003005
PLYR	2926	00003006
PLYR	2927	00003007
PLYR	2929	00003008
PLYR	2930	00003009
PLYR	2932	0000300A
PLYR	2933	0000300B
PLYR	2935	0000300C
PLYR	2936	0000300D
PLYR	2937	0000300E
PLYR	2939	0000300F
PLYR	2940	00003010
PLYR	2942	00003011
PLYR	2943	00003012
PLYR	2945	00003013
PLYR	2946	00003014
PLYR	2949	00003015
PLYR	2950	00003016
PLYR	2951	00003017
PLYR	2952	00003018
PLYR	2954	00003019
PLYR	2955	0000301A
PLYR	2956	0000301B
PLYR	2958	0000301C
PLYR	2959	0000301D
PLYR	2960	0000301E
PLYR	2962	0000301F
PLYR	2963	00003020
PLYR	2964	00003021
PLYR	2965	00003022
PLYR	2966	00003023
PLYR	2967	00003024
PLYR	2969	00003025
PLYR	2970	00003026
PLYR	2972	00003027
PLYR	2973	00003028
PLYR	2974	00003029
PLYR	2975	0000302A
PLYR	2976	0000302B
PLYR	2978	0000302C
PLYR	2979	0000302D
PLYR	2980	0000302E
PLYR	2981	0000302F
PLYR	2983	00003030
PLYR	2988	00003031
PLYR	2989	00003032
PLYR	2990	00003033
PLYR	2991	00003034
PLYR	2998	00003035
PLYR	2999	00003036
PLYR	3005	00003037
PLYR	3006	00003038
PLYR	3007	00003039
PLYR	3013	0000303A
PLYR	3014	0000303B
PLYR	3015	0000303C
PLYR	3016	0000303D
PLYR	3017	0000303E
PLYR	3018	0000303F
PLYR	3019	00003040
PLYR	3020	00003041
PLYR	3021	00003042
PLYR	3022	00003043
PLYR	3024	00003044
PLYR	3025	00003045
PLYR	3026	00003046
PLYR	3027	00003047
PLYR	3028	00003048
PLYR	3029	00003049
PLYR	3038	0000304A
PLYR	3039	0000304B
PLYR	3040	0000304C
PLYR	3041	0000304D
PLYR	3042	0000304E
PLYR	3043	0000304F
PLYR	3044	00003050
PLYR	3045	00003051
PLYR	3046	00003052
PLYR	3047	00003053
PLYR	3048	00003054
PLYR	3049	00003055
PLYR	3050	00003056
PLYR	3051	00003057
PLYR	3052	00003058
PLYR	3053	00003059
PLYR	3054	0000305A
PLYR	3055	0000305B
PLYR	3056	0000305C
PLYR	3057	0000305D
PLYR	3058	0000305E
PLYR	3059	0000305F
PLYR	3061	00003060
PLYR	3062	00003061
PLYR	3064	00003062
PLYR	3065	00003063
PLYR	3066	00003064
PLYR	3067	00003065
PLYR	3068	00003066
PLYR	3069	00003067
PLYR	3070	00003068
PLYR	3071	00003069
PLYR	3072	0000306A
PLYR	3073	0000306B
PLYR	3074	0000306C
PLYR	3075	0000306D
PLYR	3076	0000306E
PLYR	3077	0000306F
PLYR	3080	00003070
PLYR	3081	00003071
PLYR	3083	00003072
PLYR	3084	00003073
PLYR	3086	00003074
PLYR	3087	00003075
PLYR	3089	00003076
PLYR	3090	00003077
PLYR	3091	00003078
PLYR	3092	00003079
PLYR	3094	0000307A
PLYR	3095	0000307B
PLYR	3096	0000307C
PLYR	3098	0000307D
PLYR	3099	0000307E
PLYR	3101	0000307F
PLYR	3102	00003080
PLYR	3103	00003081
PLYR	3104	00003082
PLYR	3105	00003083
PLYR	3106	00003084
PLYR	3137	00003097
PLYR	3138	00003098
PLYR	3139	00003099
PLYR	3140	0000309A
PLYR	3141	0000309B
PLYR	3143	0000309C
PLYR	3144	0000309D
PLYR	3146	0000309E
PLYR	3147	0000309F
PLYR	3148	000030A0
PLYR	3150	000030A1
PLYR	3152	000030A4
PLYR	3153	000030A5
PLYR	3155	000030A6
PLYR	3160	000030A9
PLYR	3161	000030AA
PLYR	3162	000030AB
PLYR	3164	000030AC
PLYR	3165	000030AD
PLYR	3167	000030AE
PLYR	3168	000030AF
PLYR	3169	000030B0
PLYR	3171	000030B1
PLYR	3175	000030B2
PLYR	3176	000030B3
PLYR	3177	000030B4
PLYR	3179	000030B5
PLYR	3180	000030B6
PLYR	3181	000030B7
PLYR	3182	000030B8
PLYR	3184	000030B9
PLYR	3191	000030BB
PLYR	3192	000030BC
PLYR	3194	000030BD
PLYR	3195	000030BE
PLYR	3197	000030BF
PLYR	3198	000030C0
PLYR	3199	000030C1
PLYR	3201	000030C2
PLYR	3202	000030C3
PLYR	3203	000030C4
PLYR	3204	000030C5
PLYR	3206	000030C6
PLYR	3207	000030C7
PLYR	3211	000030C8
PLYR	3212	000030C9
PLYR	3214	000030CA
PLYR	3215	000030CB
PLYR	3217	000030CC
PLYR	3219	000030CD
PLYR	3220	000030CF
PLYR	3222	000030D0
PLYR	3225	000030D1
PLYR	3226	000030D2
PLYR	3227	000030D3
PLYR	3228	000030D4
PLYR	3231	000030D7
PLYR	3232	000030D8
PLYR	3233	000030D9
PLYR	3235	000030DA
PLYR	3236	000030DB
PLYR	3237	000030DC
PLYR	3238	000030DD
PLYR	3240	000030DE
PLYR	3241	000030DF
PLYR	3242	000030E0
PLYR	3243	000030E1
PLYR	3244	000030E2
PLYR	3245	000030E3
PLYR	3246	000030E4
PLYR	3247	000030E5
PLYR	3248	000030E6
PLYR	3249	000030E7
PLYR	3252	000030E8
PLYR	3253	000030E9
PLYR	3254	000030EA
PLYR	3255	000030EB
PLYR	3258	000030EE
PLYR	3259	000030EF
PLYR	3260	000030F0
PLYR	3261	000030F1
PLYR	3263	000030F2
PLYR	3264	000030F3
PLYR	3265	000030F4
PLYR	3267	000030F5
PLYR	3268	000030F6
PLYR	3270	000030F7
PLYR	3271	000030F8
PLYR	3272	000030F9
PLYR	3273	000030FA
PLYR	3275	000030FB
PLYR	3276	000030FC
PLYR	3278	000030FD
PLYR	3279	000030FE
PLYR	3281	000030FF
PLYR	3282	00003100
PLYR	3285	00003101
PLYR	3286	00003102
PLYR	3287	00003103
PLYR	3289	00003104
PLYR	3290	00003105
PLYR	3291	00003106
PLYR	3293	00003107
PLYR	3296	0000310A
PLYR	3297	0000310B
PLYR	3298	0000310C
PLYR	3300	0000310D
PLYR	3301	0000310E
PLYR	3304	0000310F
PLYR	3305	00003110
PLYR	3306	00003111
PLYR	3308	00003112
PLYR	3309	00003113
PLYR	3310	00003114
PLYR	3313	00003115
PLYR	3314	00003116
PLYR	3315	00003117
PLYR	3318	00003118
PLYR	3319	00003119
PLYR	3320	0000311A
PLYR	3321	0000311B
PLYR	3322	0000311C
PLYR	3325	0000311D
PLYR	3326	0000311E
PLYR	3329	0000311F
PLYR	3330	00003120
PLYR	3331	00003121
PLYR	3333	00003122
PLYR	3334	00003123
PLYR	3335	00003124
PLYR	3337	00003125
PLYR	3338	00003126
PLYR	3340	00003127
PLYR	3341	00003128
PLYR	3342	00003129
PLYR	3343	0000312A
PLYR	3344	0000312B
PLYR	3349	0000312C
PLYR	3350	0000312D
PLYR	3351	0000312E
PLYR	3352	0000312F
PLYR	3353	00003130
PLYR	3354	00003131
PLYR	3356	00003132
PLYR	3357	00003133
PLYR	3358	00003134
PLYR	3359	00003135
PLYR	3360	00003136
PLYR	3361	00003137
PLYR	3364	00003138
PLYR	3365	00003139
PLYR	3366	0000313A
PLYR	3368	0000313B
PLYR	3369	0000313C
PLYR	3371	0000313D
PLYR	3372	0000313E
PLYR	3373	0000313F
PLYR	3374	00003140
PLYR	3377	00003142
PLYR	3383	00003143
PLYR	3384	00003144
PLYR	3385	00003145
PLYR	3386	00003146
PLYR	3388	00003147
PLYR	3395	00003148
PLYR	3396	00003149
PLYR	3397	0000314A
PLYR	3399	0000314B
PLYR	3400	0000314C
PLYR	3401	0000314D
PLYR	3402	0000314E
PLYR	3404	0000314F
PLYR	3405	00003150
PLYR	3407	00003151
PLYR	3408	00003152
PLYR	3410	00003153
PLYR	3411	00003154
PLYR	3412	00003155
PLYR	3413	00003156
PLYR	3415	00003157
PLYR	3416	00003158
PLYR	3424	00003159
PLYR	3425	0000315A
PLYR	3426	0000315B
PLYR	3427	0000315C
PLYR	3428	0000315D
PLYR	3429	0000315E
PLYR	3430	0000315F
PLYR	3438	00003160
PLYR	3439	00003161
PLYR	3440	00003162
PLYR	3441	00003163
PLYR	3442	00003164
PLYR	3443	00003165
PLYR	3444	00003166
PLYR	3445	00003167
PLYR	3455	00003168
PLYR	3456	00003169
PLYR	3457	0000316A
PLYR	3458	0000316B
PLYR	3459	0000316C
PLYR	3460	0000316D
PLYR	3462	0000316E
PLYR	3463	0000316F
PLYR	3464	00003170
PLYR	3465	00003171
PLYR	3466	00003172
PLYR	3467	00003173
PLYR	3468	00003174
PLYR	3469	00003175
PLYR	3470	00003176
PLYR	3472	00003177
PLYR	3473	00003178
PLYR	3474	00003179
PLYR	3475	0000317A
PLYR	3501	0000317C
PLYR	3502	0000317D
PLYR	3503	0000317E
PLYR	3504	0000317F
PLYR	3505	00003180
PLYR	3506	00003181
PLYR	3507	00003182
PLYR	3508	00003183
PLYR	3509	00003184
PLYR	3510	00003185
PLYR	3511	00003186
PLYR	3513	00003187
PLYR	3514	00003188
PLYR	3515	00003189
PLYR	3516	0000318A
PLYR	3517	0000318B
PLYR	3521	0000318C
PLYR	3522	0000318D
PLYR	3523	0000318E
PLYR	3524	0000318F
PLYR	3526	00003190
PLYR	3527	00003191
PLYR	3528	00003192
PLYR	3529	00003192
PLYR	3531	00003193
PLYR	3532	00003194
PLYR	3539	00003195
PLYR	3540	00003196
PLYR	3541	00003197
PLYR	3542	00003198
PLYR	3544	00003199
PLYR	3545	0000319A
PLYR	3546	0000319B
PLYR	3548	0000319C
PLYR	3549	0000319D
PLYR	3551	0000319E
PLYR	3552	0000319F
PLYR	3554	000031A0
PLYR	3555	000031A1
PLYR	3557	000031A2
PLYR	3558	000031A3
PLYR	3559	000031A4
PLYR	3560	000031A5
RACER	65	000050B5
RACER	66	000050B6
RACER	67	000050B7
RACER	68	000050B8
RACER	69	000050B9
RACER	70	000050BA
RACER	71	000050BB
RACER	72	000050BC
RACER	73	000050BD
RACER	74	000050BE
RACER	85	000050BF
RACER	86	000050C0
RACER	87	000050C1
RACER	88	000050C2
RACER	89	000050C3
RACER	93	000050C4
RACER	94	000050C5
RACER	95	000050C6
RACER	98	000050C7
RACER	99	000050C8
RACER	100	000050C9
RACER	101	000050CA
RACER	102	000050CB
RACER	104	000050CC
RACER	105	000050CD
RACER	107	000050CE
RACER	108	000050CF
RACER	109	000050D0
RACER	110	000050D1
RACER	111	000050D2
RACER	117	000050D3
RACER	119	000050D4
RACER	120	000050D5
RACER	121	000050D6
RACER	122	000050D7
RACER	124	000050D8
RACER	125	000050D9
RACER	127	000050DA
RACER	128	000050DB
RACER	130	000050DC
RACER	131	000050DD
RACER	132	000050DE
RACER	133	000050DF
RACER	134	000050E0
RACER	167	000050F0
RACER	168	000050F1
RACER	170	000050F2
RACER	171	000050F3
RACER	173	000050F4
RACER	174	000050F5
RACER	176	000050F6
RACER	177	000050F7
RACER	178	000050F8
RACER	179	000050F9
RACER	180	000050FA
RACER	182	000050FB
RACER	183	000050FC
RACER	185	000050FD
RACER	186	000050FE
RACER	188	000050FF
RACER	192	00005100
RACER	195	00005101
RACER	196	00005102
RACER	197	00005103
RACER	198	00005104
RACER	199	00005105
RACER	200	00005106
RACER	201	00005107
RACER	203	00005108
RACER	204	00005109
RACER	205	0000510A
RACER	209	0000510B
RACER	210	0000510C
RACER	211	0000510D
RACER	213	0000510E
RACER	214	0000510F
RACER	216	00005110
RACER	220	00005111
RACER	223	00005112
RACER	224	00005113
RACER	226	00005114
RACER	227	00005115
RACER	228	00005116
RACER	229	00005117
RACER	231	0000511A
RACER	232	0000511B
RACER	233	0000511C
RACER	235	0000511D
RACER	237	0000511E
RACER	238	0000511F
RACER	239	00005120
RACER	241	00005121
RACER	242	00005122
RACER	243	00005123
RACER	244	00005124
RACER	245	00005125
RACER	247	00005126
RACER	248	00005127
RACER	249	00005128
RACER	250	00005129
RACER	251	0000512A
RACER	253	0000512B
RACER	254	0000512C
RACER	256	0000512D
RACER	257	0000512E
RACER	261	0000512F
RACER	262	00005130
RACER	263	00005131
RACER	265	00005132
RACER	266	00005133
RACER	267	00005134
RACER	270	00005135
RACER	271	00005136
RACER	272	00005137
RACER	274	00005138
RACER	275	00005139
RACER	276	0000513A
RACER	278	0000513B
RACER	279	0000513C
RACER	280	0000513D
RACER	281	0000513E
RACER	285	0000513F
RACER	286	00005140
RACER	288	00005141
RACER	289	00005142
RACER	291	00005143
RACER	292	00005144
RACER	293	00005145
RACER	295	00005146
RACER	296	00005147
RACER	297	00005148
RACER	298	00005149
RACER	300	0000514A
RACER	301	0000514B
RACER	302	0000514C
RACER	304	0000514D
RACER	305	0000514E
RACER	307	0000514F
RACER	308	00005150
RACER	309	00005151
RACER	317	00005152
RACER	318	00005153
RACER	320	00005154
RACER	321	00005155
RACER	323	00005156
RACER	324	00005157
RACER	326	00005158
RACER	327	00005159
RACER	329	0000515A
RACER	330	0000515B
RACER	331	0000515C
RACER	333	0000515D
RACER	334	0000515E
RACER	342	0000515F
RACER	343	00005160
RACER	344	00005161
RACER	346	00005162
RACER	347	00005163
RACER	348	00005164
RACER	351	00005165
RACER	352	00005166
RACER	353	00005167
RACER	354	00005168
RACER	355	00005169
RACER	356	0000516A
RACER	360	0000516B
RACER	361	0000516C
RACER	362	0000516D
RACER	363	0000516E
RACER	365	0000516F
RACER	366	00005170
RACER	368	00005171
RACER	369	00005172
RACER	370	00005173
RACER	372	00005174
RACER	373	00005175
RACER	377	00005176
RACER	378	00005177
RACER	380	00005178
RACER	381	00005179
RACER	383	0000517A
RACER	384	0000517B
RACER	385	0000517C
RACER	387	0000517D
RACER	388	0000517E
RACER	389	0000517F
RACER	390	00005180
RACER	392	00005181
RACER	393	00005182
RACER	395	00005183
RACER	397	00005184
RACER	398	00005185
RACER	399	00005186
RACER	401	00005187
RACER	402	00005188
RACER	403	00005189
RACER	405	0000518A
RACER	406	0000518B
RACER	407	0000518C
RACER	409	0000518D
RACER	410	0000518E
RACER	412	0000518F
RACER	413	00005190
RACER	414	00005191
RACER	415	00005192
RACER	417	00005193
RACER	423	00005194
RACER	424	00005195
RACER	425	00005196
RACER	426	00005197
RACER	427	00005198
RACER	428	00005199
RACER	429	0000519A
RACER	433	0000519B
RACER	435	0000519C
RACER	436	0000519D
RACER	437	0000519E
RACER	438	0000519F
RACER	439	000051A0
RACER	443	000051A1
RACER	444	000051A2
RACER	445	000051A3
RACER	446	000051A4
RACER	448	000051A6
RACER	449	000051A7
RACER	450	000051A8
RACER	451	000051A9
RACER	452	000051AA
RACER	453	000051AB
RACER	454	000051AC
RACER	456	000051AD
RACER	457	000051AE
RACER	459	000051AF
RACER	461	000051B0
RACER	462	000051B1
RACER	464	000051B2
RACER	465	000051B3
RACER	467	000051B4
RACER	468	000051B5
RACER	469	000051B6
RACER	479	000051B7
RACER	480	000051B8
RACER	482	000051B9
RACER	483	000051BA
RACER	485	000051BB
RACER	486	000051BC
RACER	487	000051BD
RACER	489	000051BE
RACER	490	000051BF
RACER	491	000051C0
RACER	496	000051C1
RACER	498	000051C2
RACER	500	000051C3
RACER	501	000051C4
RACER	502	000051C5
RACER	503	000051C6
RACER	504	000051C7
RACER	508	000051C8
RACER	509	000051C9
RACER	511	000051CA
RACER	512	000051CB
RACER	513	000051CC
RACER	514	000051CD
RACER	515	000051CE
RACER	517	000051CF
RACER	518	000051D0
RACER	519	000051D1
RACER	520	000051D2
RACER	521	000051D3
RACER	522	000051D4
RACER	525	000051D5
RACER	527	000051D6
RACER	528	000051D7
RACER	530	000051D8
RACER	531	000051D9
RACER	534	000051DA
RACER	535	000051DB
RACER	536	000051DC
RACER	538	000051DD
RACER	539	000051DE
RACER	540	000051DF
RACER	541	000051E0
RACER	542	000051E1
RACER	544	000051E2
RACER	547	000051E3
RACER	550	000051E4
RACER	551	000051E6
RACER	556	000051E7
RACER	557	000051E8
RACER	558	000051E9
RACER	559	000051EA
RACER	560	000051EB
RACER	562	000051EC
RACER	563	000051ED
RACER	564	000051EE
RACER	565	000051EF
RACER	566	000051F0
RACER	567	000051F1
RACER	568	000051F2
RACER	570	000051F3
RACER	571	000051F4
RACER	572	000051F5
RACER	573	000051F6
RACER	574	000051F7
RACER	575	000051F8
RACER	576	000051F9
RACER	578	000051FA
RACER	579	000051FB
RACER	580	000051FC
RACER	581	000051FD
RACER	582	000051FE
RACER	583	000051FF
RACER	584	00005200
RACER	585	00005201
RACER	586	00005202
RACER	587	00005203
RACER	588	00005204
RACER	589	00005205
RACER	591	00005206
RACER	592	00005207
RACER	593	00005208
RACER	595	00005209
RACER	596	0000520A
RACER	598	0000520B
RACER	599	0000520C
RACER	600	0000520D
RACER	601	0000520E
RACER	603	0000520F
RACER	604	00005210
RACER	605	00005211
RACER	606	00005212
RACER	607	00005213
RACER	609	00005214
RACER	610	00005215
RACER	612	00005216
RACER	615	00005218
RACER	621	00005219
RACER	622	0000521A
RACER	623	0000521B
RACER	624	0000521C
RACER	628	0000521D
RACER	629	0000521E
RACER	630	0000521F
RACER	631	00005220
RACER	632	00005221
RACER	633	00005222
RACER	635	00005223
RACER	636	00005224
RACER	637	00005225
RACER	638	00005226
RACER	640	00005227
RACER	641	00005228
RACER	642	00005229
RACER	643	0000522A
RACER	644	0000522B
RACER	646	0000522C
RACER	651	0000522D
RACER	652	0000522E
RACER	654	0000522F
RACER	655	00005230
RACER	657	00005231
RACER	658	00005232
RACER	659	00005233
RACER	664	00005234
RACER	665	00005235
RACER	666	00005236
RACER	667	00005237
RACER	671	00005238
RACER	672	00005239
RACER	674	0000523A
RACER	675	0000523B
RACER	676	0000523C
RACER	678	0000523D
RACER	679	0000523E
RACER	681	0000523F
RACER	683	00005240
RACER	684	00005241
RACER	686	00005242
RACER	687	00005244
RACER	690	00005245
RACER	691	00005246
RACER	693	00005247
RACER	694	00005249
RACER	700	0000524A
RACER	701	0000524B
RACER	703	0000524C
RACER	704	0000524D
RACER	706	0000524E
RACER	707	0000524F
RACER	708	00005250
RACER	711	00005251
RACER	712	00005252
RACER	713	00005253
RACER	714	00005254
RACER	715	00005255
RACER	717	00005256
RACER	718	00005257
RACER	719	00005258
RACER	721	00005259
RACER	722	0000525A
RACER	724	0000525B
RACER	726	0000525C
RACER	727	0000525D
RACER	729	0000525E
RACER	730	00005260
RACER	736	00005261
RACER	737	00005262
RACER	739	00005263
RACER	740	00005264
RACER	741	00005265
RACER	743	00005266
RACER	744	00005267
RACER	746	00005268
RACER	748	00005269
RACER	749	0000526A
RACER	751	0000526B
RACER	752	0000526C
RACER	753	0000526D
RACER	755	0000526E
RACER	756	0000526F
RACER	757	00005270
RACER	758	00005271
RACER	760	00005272
RACER	761	00005273
RACER	763	00005274
RACER	764	00005275
RACER	765	00005276
RACER	767	00005277
RACER	768	00005278
RACER	769	00005279
RACER	775	0000527A
RACER	776	0000527B
RACER	777	0000527C
RACER	778	0000527D
RACER	780	0000527E
RACER	784	0000527F
RACER	785	00005280
RACER	786	00005281
RACER	787	00005282
RACER	789	00005283
RACER	794	00005284
RACER	795	00005285
RACER	796	00005286
RACER	797	00005287
RACER	798	00005288
RACER	799	00005289
RACER	800	0000528A
RACER	802	0000528B
RACER	803	0000528C
RACER	811	0000528D
RACER	812	0000528E
RACER	813	0000528F
RACER	814	00005290
RACER	815	00005291
RACER	816	00005292
RACER	817	00005293
RACER	825	00005294
RACER	829	00005295
RACER	830	00005296
RACER	834	00005297
RACER	835	00005298
RACER	837	00005299
RACER	838	0000529A
RACER	840	0000529B
RACER	841	0000529C
RACER	853	0000529D
RACER	854	0000529E
RACER	855	0000529F
RACER	857	000052A0
RACER	858	000052A1
RACER	859	000052A2
RACER	860	000052A3
RACER	862	000052A4
RACER	863	000052A5
RACER	864	000052A6
RACER	865	000052A7
RACER	866	000052A8
RACER	867	000052A9
RACER	871	000052AA
RACER	872	000052AB
RACER	873	000052AC
RACER	874	000052AD
RACER	876	000052AE
RACER	877	000052AF
RACER	878	000052B0
RACER	879	000052B1
RACER	881	000052B2
RACER	883	000052B3
RACER	884	000052B4
RACER	886	000052B5
RACER	887	000052B6
RACER	891	000052B7
RACER	892	000052B8
RACER	894	000052B9
RACER	895	000052BA
RACER	896	000052BB
RACER	897	000052BC
RACER	898	000052BD
RACER	899	000052BE
RACER	901	000052BF
RACER	902	000052C0
RACER	903	000052C1
RACER	904	000052C2
RACER	905	000052C3
RACER	907	000052C4
RACER	908	000052C5
RACER	909	000052C6
RACER	911	000052C7
RACER	912	000052C8
RACER	915	000052C9
RACER	927	000052CD
RACER	928	000052CE
RACER	930	000052CF
RACER	931	000052D0
RACER	932	000052D1
RACER	934	000052D2
RACER	935	000052D3
RACER	936	000052D4
RACER	937	000052D5
RACER	939	000052D6
RACER	940	000052D7
RACER	941	000052D8
RACER	942	000052D9
RACER	944	000052DA
RACER	945	000052DB
RACER	946	000052DC
RACER	955	000052DD
RACER	957	000052DE
RACER	958	000052DF
RACER	960	000052E0
RACER	961	000052E1
RACER	963	000052E2
RACER	964	000052E3
RACER	965	000052E4
RACER	967	000052E5
RACER	968	000052E6
RACER	970	000052E7
RACER	971	000052E8
RACER	973	000052E9
RACER	974	000052EA
RACER	976	000052EB
RACER	977	000052EC
RACER	979	000052ED
RACER	980	000052EE
RACER	982	000052EF
RACER	983	000052F0
RACER	986	000052F1
RACER	989	000052F2
RACER	990	000052F3
RACER	991	000052F4
RACER	993	000052F5
RACER	994	000052F6
RACER	995	000052F7
RACER	996	000052F8
RACER	997	000052F9
RACER	998	000052FA
RACER	1000	000052FB
RACER	1001	000052FC
RACER	1002	000052FD
RACER	1004	000052FE
RACER	1005	000052FF
RACER	1007	00005300
RACER	1009	00005301
RACER	1011	00005302
RACER	1012	00005303
RACER	1013	00005304
RACER	1015	00005305
RACER	1016	00005306
RACER	1017	00005307
RACER	1018	00005308
RACER	1023	00005309
RACER	1024	0000530A
RACER	1025	0000530B
RACER	1026	0000530C
RACER	1027	0000530D
RACER	1031	0000530E
RACER	1032	0000530F
RACER	1033	00005310
RACER	1034	00005311
RACER	1038	00005312
RACER	1039	00005313
RACER	1040	00005314
RACER	1041	00005315
RACER	1042	00005316
RACER	1043	00005317
RACER	1044	00005318
RACER	1045	00005319
RACER	1047	0000531A
RACER	1048	0000531B
RACER	1049	0000531C
RACER	1050	0000531D
RACER	1051	0000531E
RACER	1053	0000531F
RACER	1054	00005320
RACER	1055	00005321
RACER	1057	00005322
RACER	1058	00005323
RACER	1060	00005324
RACER	1061	00005325
RACER	1062	00005326
RACER	1064	00005327
RACER	1065	00005328
RACER	1067	00005329
RACER	1068	0000532A
RACER	1069	0000532B
RACER	1070	0000532C
RACER	1071	0000532D
RACER	1073	0000532E
RACER	1074	0000532F
RACER	1075	00005330
RACER	1078	00005331
RACER	1079	00005332
RACER	1081	00005333
RACER	1083	00005334
RACER	1084	00005335
RACER	1086	00005336
RACER	1087	00005337
RACER	1088	00005338
RACER	1089	00005339
RACER	1090	0000533A
RACER	1091	0000533B
RACER	1093	0000533C
RACER	1094	0000533D
RACER	1095	0000533E
RACER	1098	0000533F
RACER	1099	00005340
RACER	1100	00005341
RACER	1101	00005342
RACER	1103	00005343
RACER	1104	00005344
RACER	1105	00005345
RACER	1106	00005346
RACER	1108	00005347
RACER	1109	00005348
RACER	1110	00005349
RACER	1111	0000534A
RACER	1113	0000534B
RACER	1114	0000534C
RACER	1115	0000534D
RACER	1116	0000534E
RACER	1118	0000534F
RACER	1137	00005350
RACER	1138	00005351
RACER	1139	00005352
RACER	1140	00005353
RACER	1141	00005354
RACER	1142	00005355
RACER	1144	00005356
RACER	1145	00005357
RACER	1146	00005358
RACER	1147	00005359
RACER	1148	0000535A
RACER	1150	0000535B
RACER	1151	0000535C
RACER	1152	0000535D
RACER	1153	0000535E
RACER	1154	0000535F
RACER	1155	00005360
RACER	1156	00005361
RACER	1157	00005362
RACER	1158	00005363
RACER	1160	00005364
RACER	1161	00005365
RACER	1162	00005366
RACER	1163	00005367
RACER	1165	00005368
RACER	1166	00005369
RACER	1167	0000536A
RACER	1169	0000536B
RACER	1170	0000536C
RACER	1175	0000536D
RACER	1179	0000536E
RACER	1180	0000536F
RACER	1181	00005370
RACER	1182	00005371
RACER	1183	00005372
RACER	1184	00005373
RACER	1185	00005374
RACER	1186	00005375
RACER	1187	00005376
RACER	1189	00005377
RACER	1194	00005378
RACER	1195	00005379
RACER	1196	0000537A
RACER	1197	0000537B
RACER	1205	0000537C
RACER	1206	0000537D
RACER	1207	0000537E
RACER	1208	0000537F
RACER	1209	00005380
RACER	1211	00005381
RACER	1212	00005382
RACER	1213	00005383
RACER	1214	00005384
RACER	1228	00005385
RACER	1230	00005386
RACER	1231	00005387
RACER	1232	00005388
RACER	1233	00005389
RACER	1234	0000538A
RACER	1235	0000538B
RACER	1237	0000538C
RACER	1238	0000538E
RACER	1239	0000538F
RACER	1241	00005390
RACER	1261	00005391
RACER	1262	00005392
RACER	1264	00005393
RACER	1265	00005394
RACER	1266	00005395
RACER	1268	00005396
RACER	1269	00005397
RACER	1270	00005398
RACER	1272	00005399
RACER	1291	0000539A
RACER	1292	0000539B
RACER	1294	0000539C
RACER	1295	0000539D
RACER	1296	0000539E
RACER	1298	0000539F
RACER	1299	000053A0
RACER	1300	000053A1
RACER	1301	000053A2
RACER	1303	000053A3
RACER	1304	000053A4
RACER	1305	000053A5
RACER	1306	000053A6
RACER	1307	000053A7
RACER	1308	000053A8
RACER	1310	000053A9
RACER	1311	000053AA
RACER	1312	000053AB
RACER	1313	000053AC
RACER	1314	000053AD
RACER	1315	000053AE
RACER	1317	000053AF
RACER	1318	000053B0
RACER	1337	000053B2
RACER	1338	000053B3
RACER	1340	000053B4
RACER	1341	000053B5
RACER	1342	000053B6
RACER	1344	000053B7
RACER	1345	000053B8
RACER	1346	000053B9
RACER	1348	000053BA
RACER	1349	000053BB
RACER	1351	000053BC
RACER	1352	000053BD
RACER	1354	000053BE
RACER	1361	000053BF
RACER	1363	000053C0
RACER	1364	000053C1
RACER	1365	000053C2
RACER	1366	000053C3
RACER	1367	000053C4
RACER	1380	000053C7
RACER	1381	000053C8
RACER	1382	000053C9
RACER	1383	000053CA
RACER	1387	000053CB
RACER	1388	000053CC
RACER	1389	000053CD
RACER	1391	000053CE
RACER	1392	000053CF
RACER	1394	000053D0
RACER	1395	000053D1
RACER	1396	000053D2
RACER	1397	000053D3
RACER	1398	000053D4
RACER	1399	000053D5
RACER	1402	000053D6
RACER	1403	000053D7
RACER	1404	000053D8
RACER	1405	000053D9
RACER	1406	000053DA
RACER	1408	000053DB
RACER	1410	000053DC
RACER	1411	000053DD
RACER	1412	000053DE
RACER	1414	000053DF
RACER	1415	000053E0
RACER	1416	000053E1
RACER	1417	000053E2
RACER	1418	000053E3
RACER	1420	000053E4
RACER	1421	000053E5
RACER	1422	000053E6
RACER	1423	000053E7
RACER	1424	000053E8
RACER	1426	000053E9
RACER	1427	000053EA
RACER	1428	000053EB
RACER	1429	000053EC
RACER	1430	000053ED
RACER	1432	000053EE
RACER	1433	000053EF
RACER	1434	000053F0
RACER	1435	000053F1
RACER	1436	000053F2
RACER	1438	000053F3
RACER	1443	000053F4
RACER	1444	000053F5
RACER	1446	000053F6
RACER	1447	000053F7
RACER	1449	000053F8
RACER	1450	000053F9
RACER	1452	000053FA
RACER	1453	000053FB
RACER	1454	000053FC
RACER	1455	000053FD
RACER	1458	000053FE
RACER	1476	000053FF
RACER	1477	00005400
RACER	1479	00005401
RACER	1480	00005402
RACER	1482	00005403
RACER	1483	00005404
RACER	1485	00005405
RACER	1486	00005406
RACER	1488	00005407
RACER	1489	00005408
RACER	1491	00005409
RACER	1492	0000540A
RACER	1496	0000540B
RACER	1497	0000540C
RACER	1498	0000540D
RACER	1499	0000540E
RACER	1503	0000540F
RACER	1504	00005410
RACER	1506	00005411
RACER	1507	00005412
RACER	1508	00005413
RACER	1511	00005414
RACER	1512	00005415
RACER	1513	00005416
RACER	1515	00005417
RACER	1516	00005418
RACER	1517	00005419
RACER	1518	0000541A
RACER	1519	0000541B
RACER	1521	0000541C
RACER	1522	0000541D
RACER	1523	0000541E
RACER	1526	0000541F
RACER	1527	00005420
RACER	1537	00005421
RACER	1538	00005422
RACER	1539	00005423
RACER	1540	00005424
RACER	1541	00005425
RACER	1542	00005426
RACER	1544	00005427
RACER	1545	00005428
RACER	1547	00005429
RACER	1549	0000542A
RACER	1550	0000542B
RACER	1552	0000542C
RACER	1553	0000542D
RACER	1554	0000542E
RACER	1556	0000542F
RACER	1557	00005430
RACER	1559	00005431
RACER	1561	00005432
RACER	1562	00005433
RACER	1568	00005434
RACER	1569	00005435
RACER	1571	00005436
RACER	1572	00005437
RACER	1574	00005438
RACER	1575	00005439
RACER	1577	0000543A
RACER	1578	0000543B
RACER	1580	0000543C
RACER	1581	0000543D
RACER	1583	0000543E
RACER	1584	0000543F
RACER	1585	00005440
RACER	1586	00005441
RACER	1588	00005442
RACER	1590	00005443
RACER	1591	00005444
RACER	1593	00005445
RACER	1594	00005446
RACER	1595	00005447
RACER	1597	00005448
RACER	1598	00005449
RACER	1599	0000544A
RACER	1605	0000544B
RACER	1606	0000544C
RACER	1612	0000544D
RACER	1613	0000544E
RACER	1615	0000544F
RACER	1616	00005450
RACER	1618	00005451
RACER	1619	00005452
RACER	1621	00005453
RACER	1622	00005454
RACER	1624	00005455
RACER	1625	00005456
RACER	1626	00005457
RACER	1628	00005458
RACER	1629	00005459
RACER	1631	0000545A
RACER	1632	0000545B
RACER	1634	0000545C
RACER	1635	0000545D
RACER	1636	0000545E
RACER	1638	0000545F
RACER	1640	00005460
RACER	1641	00005461
RACER	1643	00005462
RACER	1645	00005463
RACER	1647	00005464
RACER	1648	00005465
RACER	1665	00005466
RACER	1666	00005467
RACER	1668	00005468
RACER	1669	00005469
RACER	1673	0000546A
RACER	1674	0000546B
RACER	1675	0000546C
RACER	1676	0000546D
RACER	1677	0000546E
RACER	1678	0000546F
RACER	1680	00005470
RACER	1681	00005471
RACER	1682	00005472
RACER	1683	00005473
RACER	1687	00005474
RACER	1688	00005475
RACER	1689	00005476
RACER	1690	00005477
RACER	1691	00005478
RACER	1692	00005479
RACER	1694	0000547A
RACER	1695	0000547B
RACER	1696	0000547C
RACER	1698	0000547D
RACER	1699	0000547E
RACER	1700	0000547F
RACER	1702	00005480
RACER	1703	00005481
RACER	1704	00005482
RACER	1706	00005483
RACER	1707	00005484
RACER	1712	00005485
RACER	1713	00005486
RACER	1714	00005487
RACER	1715	00005488
RACER	1716	00005489
RACER	1717	0000548A
RACER	1718	0000548B
RACER	1720	0000548C
RACER	1721	0000548D
RACER	1725	0000548E
RACER	1726	0000548F
RACER	1727	00005490
RACER	1728	00005491
RACER	1729	00005492
RACER	1730	00005493
RACER	1731	00005494
RACER	1733	00005495
RACER	1734	00005496
RACER	1736	00005497
RACER	1737	00005498
RACER	1738	00005499
RACER	1740	0000549A
RACER	1742	0000549B
RACER	1743	0000549C
RACER	1747	0000549D
RACER	1748	0000549E
RACER	1750	0000549F
RACER	1751	000054A0
RACER	1752	000054A1
RACER	1753	000054A2
RACER	1755	000054A3
RACER	1756	000054A4
RACER	1757	000054A5
RACER	1758	000054A6
RACER	1760	000054A7
RACER	1761	000054A8
RACER	1762	000054A9
RACER	1763	000054AA
RACER	1765	000054AB
RACER	1767	000054AC
RACER	1768	000054AD
RACER	1769	000054AE
RACER	1775	000054AF
RACER	1776	000054B0
RACER	1777	000054B1
RACER	1779	000054B2
RACER	1781	000054B3
RACER	1783	000054B4
RACER	1785	000054B5
RACER	1786	000054B6
RACER	1788	000054B7
RACER	1789	000054B8
RACER	1790	000054B9
RACER	1791	000054BA
RACER	1792	000054BB
RACER	1794	000054BC
RACER	1795	000054BD
RACER	1796	000054BE
RACER	1798	000054BF
RACER	1799	000054C0
RACER	1801	000054C1
RACER	1802	000054C2
RACER	1803	000054C3
RACER	1805	000054C4
RACER	1807	000054C5
RACER	1808	000054C6
RACER	1810	000054C7
RACER	1811	000054C8
RACER	1813	000054C9
RACER	1814	000054CA
RACER	1816	000054CB
RACER	1817	000054CC
RACER	1820	000054CD
RACER	1821	000054CE
RACER	1837	000054CF
RACER	1838	000054D0
RACER	1839	000054D1
RACER	1840	000054D2
RACER	1841	000054D3
RACER	1842	000054D4
RACER	1843	000054D5
RACER	1844	000054D6
RACER	1845	000054D7
RACER	1846	000054D8
RACER	1847	000054D9
RACER	1862	000054DA
RACER	1863	000054DB
RACER	1864	000054DC
RACER	1865	000054DD
RACER	1866	000054DE
RACER	1867	000054DF
RACER	1868	000054E0
RACER	1869	000054E1
RACER	1870	000054E2
RACER	1871	000054E3
RACER	1872	000054E4
RACER	1874	000054E5
RACER	1875	000054E6
RACER	1877	000054E7
RACER	1878	000054E8
RACER	1880	000054E9
RACER	1881	000054EA
RACER	1883	000054EB
RACER	1884	000054EC
RACER	1886	000054ED
RACER	1887	000054EE
RACER	1888	000054EF
RACER	1900	000054F0
RACER	1901	000054F1
RACER	1903	000054F2
RACER	1904	000054F3
RACER	1905	000054F4
RACER	1906	000054F5
RACER	1908	000054F6
RACER	1909	000054F7
RACER	1911	000054F8
RACER	1912	000054F9
RACER	1913	000054FA
RACER	1914	000054FB
RACER	1916	000054FC
RACER	1917	000054FD
RACER	1918	000054FE
RACER	1919	000054FF
RACER	1920	00005500
RACER	1922	00005501
RACER	1923	00005502
RACER	1924	00005503
RACER	1925	00005504
RACER	1926	00005505
RACER	1927	00005506
RACER	1929	00005507
RACER	1930	00005508
RACER	1931	00005509
RACER	1932	0000550A
RACER	1933	0000550B
RACER	1935	0000550C
RACER	1936	0000550D
RACER	1937	0000550E
RACER	1938	0000550F
RACER	1939	00005510
RACER	1940	00005511
RACER	1941	00005512
RACER	1942	00005513
RACER	1943	00005514
RACER	1944	00005515
RACER	1946	00005516
RACER	1947	00005517
RACER	1948	00005518
RACER	1949	00005519
RACER	1950	0000551A
RACER	1952	0000551B
RACER	1953	0000551C
RACER	1954	0000551D
RACER	1956	0000551E
RACER	1957	0000551F
RACER	1958	00005520
RACER	1960	00005521
RACER	1976	00005522
RACER	1977	00005523
RACER	1980	00005524
RACER	1981	00005525
RACER	1982	00005526
RACER	1983	00005527
RACER	1984	00005528
RACER	1985	00005529
RACER	1986	0000552A
RACER	1990	0000552B
RACER	1992	0000552C
RACER	1993	0000552D
RACER	1994	0000552E
RACER	1995	0000552F
RACER	1996	00005530
RACER	1997	00005531
RACER	1998	00005532
RACER	2000	00005533
RACER	2001	00005534
RACER	2003	00005535
RACER	2004	00005536
RACER	2006	00005537
RACER	2007	00005538
RACER	2008	00005539
RACER	2009	0000553A
RACER	2011	0000553B
RACER	2012	0000553C
RACER	2013	0000553D
RACER	2017	0000553E
RACER	2018	0000553F
RACER	2019	00005540
RACER	2020	00005541
RACER	2021	00005542
RACER	2022	00005543
RACER	2023	00005544
RACER	2024	00005545
RACER	2026	00005546
RACER	2027	00005547
RACER	2028	00005548
RACER	2030	00005549
RACER	2031	0000554A
RACER	2036	0000554B
RACER	2037	0000554C
RACER	2038	0000554D
RACER	2040	0000554E
RACER	2041	00005550
RACER	2042	00005551
RACER	2044	00005552
RACER	2045	00005553
RACER	2046	00005554
RACER	2048	00005555
RACER	2049	00005556
RACER	2050	00005557
RACER	2053	00005558
RACER	2054	00005559
RACER	2055	0000555A
RACER	2056	0000555B
RACER	2057	0000555C
RACER	2058	0000555D
RACER	2059	0000555E
RACER	2060	0000555F
RACER	2061	00005560
RACER	2062	00005561
RACER	2063	00005562
RACER	2065	00005563
RACER	2066	00005565
RACER	2067	00005566
RACER	2068	00005567
RACER	2083	00005568
RACER	2084	00005569
RACER	2085	0000556A
RACER	2086	0000556B
RACER	2087	0000556C
RACER	2088	0000556D
RACER	2089	0000556E
RACER	2090	0000556F
RACER	2091	00005570
RACER	2093	00005571
RACER	2094	00005572
RACER	2095	00005573
RACER	2097	00005574
RACER	2098	00005575
RACER	2099	00005576
RACER	2103	00005577
RACER	2104	00005578
RACER	2106	00005579
RACER	2107	0000557A
RACER	2109	0000557B
RACER	2110	0000557C
RACER	2112	0000557D
RACER	2113	0000557E
RACER	2114	0000557F
RACER	2115	00005580
RACER	2116	00005581
RACER	2118	00005582
RACER	2119	00005583
RACER	2121	00005584
RACER	2122	00005585
RACER	2124	00005586
RACER	2125	00005587
RACER	2128	00005588
RACER	2129	00005589
RACER	2130	0000558A
RACER	2131	0000558B
RACER	2155	0000558C
RACER	2156	0000558D
RACER	2158	0000558E
RACER	2159	0000558F
RACER	2160	00005590
RACER	2161	00005591
RACER	2163	00005592
RACER	2164	00005593
RACER	2165	00005594
RACER	2166	00005595
RACER	2168	00005596
RACER	2169	00005597
RACER	2170	00005598
RACER	2171	00005599
RACER	2173	0000559A
RACER	2177	0000559B
RACER	2178	0000559C
RACER	2179	0000559D
RACER	2180	0000559E
RACER	2181	0000559F
RACER	2182	000055A0
RACER	2183	000055A1
RACER	2184	000055A2
RACER	2185	000055A3
RACER	2187	000055A4
RACER	2189	000055A5
RACER	2190	000055A6
RACER	2191	000055A7
RACER	2195	000055A8
RACER	2196	000055A9
RACER	2198	000055AA
RACER	2199	000055AB
RACER	2200	000055AC
RACER	2201	000055AD
RACER	2202	000055AE
RACER	2203	000055AF
RACER	2204	000055B0
RACER	2209	000055B1
RACER	2210	000055B2
RACER	2211	000055B3
RACER	2212	000055B4
RACER	2214	000055B5
RACER	2215	000055B6
RACER	2218	000055B7
RACER	2219	000055B8
RACER	2221	000055B9
RACER	2222	000055BA
RACER	2224	000055BB
RACER	2226	000055BD
RACER	2227	000055BE
RACER	2229	000055BF
RACER	2230	000055C0
RACER	2231	000055C1
RACER	2234	000055C2
RHO	106	0000978C
RHO	107	0000978D
RHO	108	0000978E
RHO	109	0000978F
RHO	113	00009790
RHO	114	00009791
RHO	116	00009792
RHO	119	00009794
RHO	120	00009795
RHO	122	00009796
RHO	123	00009797
RHO	124	00009798
RHO	125	00009799
RHO	127	0000979A
RHO	128	0000979B
RHO	130	0000979C
RHO	131	0000979D
RHO	132	0000979E
RHO	133	0000979F
RHO	134	000097A0
RHO	137	000097A1
RHO	139	000097A2
RHO	140	000097A3
RHO	141	000097A4
RHO	142	000097A5
RHO	143	000097A6
RHO	144	000097A7
RHO	146	000097A8
RHO	147	000097A9
RHO	148	000097AA
RHO	150	000097AB
RHO	151	000097AC
RHO	153	000097AD
RHO	154	000097AE
RHO	156	000097AF
RHO	157	000097B0
RHO	158	000097B1
RHO	159	000097B2
RHO	160	000097B3
RHO	161	000097B4
RHO	164	000097B5
RHO	167	000097B6
RHO	168	000097B8
RHO	169	000097B9
RHO	174	000097BA
RHO	175	000097BB
RHO	176	000097BC
RHO	177	000097BD
RHO	178	000097BE
RHO	179	000097BF
RHO	180	000097C0
RHO	183	000097C1
RHO	184	000097C2
RHO	185	000097C3
RHO	186	000097C4
RHO	187	000097C5
RHO	188	000097C6
RHO	189	000097C7
RHO	190	000097C8
RHO	191	000097C9
RHO	192	000097CA
RHO	193	000097CB
RHO	194	000097CC
RHO	198	000097CD
RHO	199	000097CE
RHO	200	000097CF
RHO	201	000097D0
RHO	203	000097D1
RHO	204	000097D2
RHO	205	000097D3
RHO	207	000097D4
RHO	208	000097D5
RHO	209	000097D6
RHO	210	000097D7
RHO	217	000097D8
RHO	218	000097D9
RHO	219	000097DA
RHO	220	000097DB
RHO	221	000097DC
RHO	222	000097DD
RHO	224	000097DE
RHO	225	000097DF
RHO	226	000097E0
RHO	233	000097E1
RHO	234	000097E2
RHO	236	000097E3
RHO	237	000097E4
RHO	239	000097E5
RHO	240	000097E6
RHO	242	000097E7
RHO	243	000097E8
RHO	244	000097E9
RHO	245	000097EA
RHO	248	000097EB
RHO	249	000097EC
RHO	250	000097ED
RHO	251	000097EE
RHO	252	000097EF
RHO	255	000097F0
RHO	256	000097F1
RHO	257	000097F2
RHO	259	000097F3
RHO	262	000097F4
RHO	263	000097F5
RHO	265	000097F6
RHO	266	000097F7
RHO	267	000097F8
RHO	269	000097F9
RHO	270	000097FA
RHO	271	000097FB
RHO	275	000097FC
RHO	277	000097FD
RHO	289	000097FE
RHO	290	000097FF
RHO	291	00009800
RHO	294	00009801
RHO	295	00009802
RHO	296	00009803
RHO	297	00009804
RHO	322	00009805
RHO	323	00009806
RHO	324	00009807
RHO	329	00009808
RHO	330	00009809
RHO	331	0000980A
RHO	336	0000980B
RHO	337	0000980C
RHO	338	0000980D
RHO	339	0000980E
RHO	346	0000980F
RHO	347	00009810
RHO	349	00009811
RHO	350	00009813
RHO	351	00009814
RHO	352	00009815
RHO	355	00009816
RHO	356	00009817
RHO	357	00009818
RHO	359	00009819
RHO	360	0000981A
RHO	361	0000981B
RHO	362	0000981C
RHO	364	0000981D
RHO	365	0000981E
RHO	366	0000981F
RHO	367	00009820
RHO	368	00009821
RHO	373	00009822
RHO	374	00009823
RHO	375	00009824
RHO	377	00009825
RHO	378	00009826
RHO	379	00009827
RHO	386	00009828
RHO	387	00009829
RHO	388	0000982A
RHO	389	0000982B
RHO	390	0000982C
RHO	392	0000982D
RHO	393	0000982E
RHO	394	0000982F
RHO	399	00009830
RHO	400	00009831
RHO	409	00009832
RHO	410	00009833
RHO	412	00009834
RHO	413	00009835
RHO	414	00009836
RHO	415	00009837
RHO	418	00009838
RHO	419	00009839
RHO	421	0000983A
RHO	422	0000983B
RHO	423	0000983C
RHO	425	0000983D
RHO	426	0000983E
RHO	428	0000983F
RHO	429	00009840
RHO	430	00009841
RHO	431	00009842
RHO	432	00009843
RHO	433	00009844
RHO	434	00009845
RHO	436	00009846
RHO	437	00009847
RHO	447	00009848
RHO	451	00009849
RHO	452	0000984A
RHO	453	0000984B
RHO	454	0000984C
RHO	455	0000984D
RHO	457	0000984E
RHO	460	0000984F
RHO	461	00009850
RHO	462	00009851
RHO	465	00009852
RHO	466	00009853
RHO	467	00009854
RHO	469	00009855
RHO	470	00009856
RHO	473	00009857
RHO	475	00009858
RHO	476	00009859
RHO	477	0000985A
RHO	479	0000985B
RHO	480	0000985C
RHO	484	0000985D
RHO	485	0000985E
RHO	486	0000985F
RHO	490	00009860
RHO	491	00009861
RHO	494	00009862
RHO	495	00009863
RHO	496	00009864
RHO	497	00009865
RHO	498	00009866
RHO	499	00009867
RHO	501	00009868
RHO	502	00009869
RHO	503	0000986A
RHO	504	0000986B
RHO	505	0000986C
RHO	506	0000986D
RHO	507	0000986E
RHO	508	0000986F
RHO	509	00009870
RHO	515	00009871
RHO	516	00009872
RHO	518	00009873
RHO	519	00009874
RHO	520	00009875
RHO	521	00009876
RHO	522	00009877
RHO	523	00009878
RHO	524	00009879
RHO	527	0000987A
RHO	528	0000987B
RHO	532	0000987C
RHO	533	0000987D
RHO	535	0000987E
RHO	536	0000987F
RHO	538	00009880
RHO	539	00009881
RHO	541	00009882
RHO	542	00009883
RHO	544	00009884
RHO	545	00009886
RHO	546	00009887
RHO	548	00009888
RHO	549	00009889
RHO	550	0000988A
RHO	551	0000988B
RHO	552	0000988C
RHO	553	0000988D
RHO	554	0000988E
RHO	555	0000988F
RHO	556	00009890
RHO	557	00009891
RHO	559	00009892
RHO	560	00009893
RHO	561	00009894
RHO	562	00009895
RHO	564	00009896
RHO	565	00009897
RHO	566	00009898
RHO	567	00009899
RHO	571	0000989A
RHO	572	0000989C
RHO	573	0000989D
RHO	574	0000989E
RHO	575	0000989F
RHO	576	000098A0
RHO	577	000098A1
RHO	578	000098A2
RHO	580	000098A3
RHO	581	000098A4
RHO	582	000098A5
RHO	583	000098A6
RHO	588	000098A7
RHO	589	000098A8
RHO	591	000098A9
RHO	592	000098AA
RHO	593	000098AB
RHO	594	000098AC
RHO	595	000098AD
RHO	596	000098AE
RHO	597	000098AF
RHO	598	000098B0
RHO	600	000098B1
RHO	601	000098B2
RHO	603	000098B3
RHO	604	000098B4
RHO	607	000098B5
RHO	610	000098B6
RHO	611	000098B7
RHO	612	000098B8
RHO	614	000098B9
RHO	615	000098BB
RHO	623	000098BC
RHO	624	000098BD
RHO	625	000098BE
RHO	626	000098BF
RHO	628	000098C0
RHO	629	000098C1
RHO	630	000098C2
RHO	631	000098C3
RHO	633	000098C4
RHO	634	000098C5
RHO	635	000098C6
RHO	636	000098C7
RHO	638	000098C8
RHO	639	000098C9
RHO	641	000098CA
RHO	642	000098CB
RHO	650	000098CC
RHO	651	000098CD
RHO	653	000098CE
RHO	654	000098CF
RHO	656	000098D0
RHO	657	000098D1
RHO	661	000098D2
RHO	662	000098D3
RHO	666	000098D4
RHO	667	000098D5
RHO	668	000098D6
RHO	671	000098D7
RHO	672	000098D8
RHO	673	000098D9
RHO	674	000098DA
RHO	675	000098DB
RHO	677	000098DC
RHO	678	000098DD
RHO	679	000098DE
RHO	681	000098DF
RHO	682	000098E0
RHO	686	000098E1
RHO	687	000098E2
RHO	688	000098E3
RHO	714	000098E4
RHO	715	000098E5
RHO	716	000098E6
RHO	717	000098E7
RHO	718	000098E8
RHO	719	000098E9
RHO	722	000098EA
RHO	723	000098ED
RHO	725	000098F0
RHO	727	000098F1
RHO	728	000098F2
RHO	729	000098F3
RHO	731	000098F4
RHO	732	000098F5
RHO	733	000098F6
RHO	734	000098F7
RHO	740	000098FA
RHO	741	000098FB
RHO	748	000098FC
RHO	749	000098FD
RHO	750	000098FE
RHO	751	000098FF
RHO	753	00009900
RHO	754	00009901
RHO	755	00009902
RHO	756	00009903
RHO	759	00009904
RHO	760	00009905
RHO	761	00009906
RHO	763	00009907
RHO	766	00009908
RHO	767	00009909
RHO	769	0000990A
RHO	771	0000990C
RHO	772	0000990D
RHO	774	0000990E
RHO	785	0000990F
RHO	789	00009910
RHO	790	00009911
RHO	794	00009912
RHO	795	00009913
RHO	799	00009914
RHO	800	00009915
RHO	801	00009916
RHO	803	00009917
RHO	804	00009918
RHO	806	00009919
RHO	807	0000991A
RHO	808	0000991B
RHO	809	0000991C
RHO	821	0000991D
RHO	822	0000991E
RHO	824	0000991F
RHO	825	00009920
RHO	829	00009921
RHO	830	00009922
RHO	831	00009923
RHO	833	00009924
RHO	834	00009925
RHO	836	00009926
RHO	837	00009927
RHO	838	00009928
RHO	840	00009929
RHO	841	0000992A
RHO	843	0000992B
RHO	844	0000992C
RHO	851	0000992E
RHO	852	0000992F
RHO	854	00009930
RHO	855	00009931
RHO	857	00009932
RHO	858	00009933
RHO	859	00009934
RHO	860	00009935
RHO	862	00009936
RHO	863	00009937
RHO	864	00009938
RHO	865	00009939
RHO	867	0000993A
RHO	868	0000993B
RHO	870	0000993C
RHO	871	0000993D
RHO	872	0000993E
RHO	873	0000993F
RHO	875	00009940
RHO	876	00009941
RHO	877	00009942
RHO	878	00009943
RHO	880	00009944
RHO	882	00009945
RHO	883	00009946
RHO	884	00009947
RHO	885	00009948
RHO	886	00009949
RHO	887	0000994A
RHO	889	0000994B
RHO	890	0000994C
RHO	891	0000994D
RHO	892	0000994E
RHO	899	0000994F
RHO	900	00009950
RHO	901	00009951
RHO	902	00009952
RHO	904	00009953
RHO	905	00009954
RHO	906	00009955
RHO	912	00009956
RHO	913	00009957
RHO	915	00009958
RHO	916	00009959
RHO	918	0000995A
RHO	919	0000995B
RHO	920	0000995C
RHO	922	0000995D
RHO	924	0000995E
RHO	925	0000995F
ROADBLCK	53	0000AF85
ROADBLCK	54	0000AF86
ROADBLCK	55	0000AF87
ROADBLCK	76	0000AF88
ROADBLCK	77	0000AF89
ROADBLCK	84	0000AF8A
ROADBLCK	85	0000AF8B
ROADBLCK	87	0000AF8C
ROADBLCK	88	0000AF8D
ROADBLCK	89	0000AF8E
ROADBLCK	90	0000AF8F
ROADBLCK	92	0000AF90
ROADBLCK	93	0000AF91
ROADBLCK	94	0000AF92
ROADBLCK	95	0000AF93
ROADBLCK	97	0000AF94
ROADBLCK	98	0000AF95
ROADBLCK	109	0000AF96
ROADBLCK	110	0000AF97
ROADBLCK	112	0000AF98
ROADBLCK	113	0000AF99
ROADBLCK	115	0000AF9A
ROADBLCK	116	0000AF9B
ROADBLCK	120	0000AF9C
ROADBLCK	122	0000AF9D
ROADBLCK	123	0000AF9E
ROADBLCK	125	0000AF9F
ROADBLCK	126	0000AFA0
ROADBLCK	128	0000AFA1
ROADBLCK	129	0000AFA2
ROADBLCK	130	0000AFA3
ROADBLCK	147	0000AFA5
ROADBLCK	148	0000AFA6
ROADBLCK	149	0000AFA7
ROADBLCK	150	0000AFA8
ROADBLCK	154	0000AFA9
ROADBLCK	155	0000AFAA
ROADBLCK	156	0000AFAB
ROADBLCK	160	0000AFAC
ROADBLCK	161	0000AFAD
ROADBLCK	163	0000AFAE
ROADBLCK	164	0000AFAF
ROADBLCK	165	0000AFB0
ROADBLCK	167	0000AFB1
ROADBLCK	168	0000AFB2
ROADBLCK	169	0000AFB3
ROADBLCK	170	0000AFB4
ROADBLCK	171	0000AFB5
ROADBLCK	177	0000AFB6
ROADBLCK	178	0000AFB7
ROADBLCK	180	0000AFB8
ROADBLCK	181	0000AFB9
ROADBLCK	182	0000AFBA
ROADBLCK	184	0000AFBB
ROADBLCK	187	0000AFBC
ROADBLCK	188	0000AFBD
ROADBLCK	189	0000AFBE
ROADBLCK	190	0000AFBF
ROADBLCK	191	0000AFC0
ROADBLCK	192	0000AFC1
ROADBLCK	194	0000AFC2
ROADBLCK	195	0000AFC3
ROADBLCK	197	0000AFC4
ROADBLCK	198	0000AFC5
ROADBLCK	200	0000AFC6
ROADBLCK	201	0000AFC7
ROADBLCK	202	0000AFC8
ROADBLCK	204	0000AFC9
ROADBLCK	205	0000AFCA
ROADBLCK	206	0000AFCB
ROADBLCK	208	0000AFCC
ROADBLCK	209	0000AFCD
ROADBLCK	211	0000AFCE
ROADBLCK	212	0000AFCF
ROADBLCK	213	0000AFD0
ROADBLCK	216	0000AFD1
ROADBLCK	218	0000AFD2
ROADBLCK	219	0000AFD3
ROADBLCK	221	0000AFD4
ROADBLCK	222	0000AFD5
ROADBLCK	223	0000AFD6
ROADBLCK	224	0000AFD7
ROADBLCK	229	0000AFD8
ROADBLCK	230	0000AFD9
ROADBLCK	231	0000AFDA
ROADBLCK	232	0000AFDB
ROADBLCK	234	0000AFDC
ROADBLCK	236	0000AFDD
ROADBLCK	237	0000AFDE
ROADBLCK	238	0000AFDF
ROADBLCK	239	0000AFE0
ROADBLCK	241	0000AFE1
ROADBLCK	242	0000AFE2
ROADBLCK	243	0000AFE3
ROADBLCK	244	0000AFE4
ROADBLCK	245	0000AFE5
ROADBLCK	246	0000AFE6
ROADBLCK	247	0000AFE7
ROADBLCK	251	0000AFE8
ROADBLCK	252	0000AFE9
ROADBLCK	253	0000AFEA
ROADBLCK	254	0000AFEB
ROADBLCK	256	0000AFEC
ROADBLCK	258	0000AFED
ROADBLCK	259	0000AFEE
ROADBLCK	260	0000AFEF
ROADBLCK	261	0000AFF0
ROADBLCK	264	0000AFF1
ROADKILL	54	00006946
ROADKILL	55	00006947
ROADKILL	56	00006948
ROADKILL	58	00006949
ROADKILL	59	0000694A
ROADKILL	60	0000694B
ROADKILL	62	0000694C
ROADKILL	63	0000694D
ROADKILL	64	0000694E
ROADKILL	65	0000694F
ROADKILL	66	00006950
ROADKILL	67	00006951
ROADKILL	68	00006952
ROADKILL	70	00006953
ROADKILL	71	00006954
ROADKILL	72	00006955
ROADKILL	73	00006956
ROADKILL	79	00006957
ROADKILL	80	00006958
ROADKILL	81	00006959
ROADKILL	82	0000695A
ROADKILL	83	0000695B
ROADKILL	85	0000695C
ROADKILL	86	0000695D
ROADKILL	87	0000695E
ROADKILL	88	0000695F
ROADKILL	89	00006960
ROADKILL	90	00006961
ROADKILL	91	00006962
ROADKILL	92	00006963
ROADKILL	93	00006964
ROADKILL	94	00006965
ROADKILL	95	00006966
ROADKILL	97	00006967
ROADKILL	103	00006968
ROADKILL	104	00006969
ROADKILL	105	0000696A
ROADKILL	106	0000696B
ROADKILL	107	0000696C
ROADKILL	110	0000696D
ROADKILL	111	0000696E
ROADKILL	112	0000696F
ROADKILL	113	00006970
ROADKILL	114	00006971
ROADKILL	115	00006972
ROADKILL	116	00006973
ROADKILL	117	00006974
ROADKILL	118	00006975
ROADKILL	120	00006976
ROADKILL	121	00006977
ROADKILL	122	00006978
ROADKILL	123	00006979
ROADKILL	125	0000697A
ROADKILL	127	0000697B
ROADKILL	128	0000697C
ROADKILL	129	0000697D
ROADKILL	131	0000697E
ROADKILL	132	0000697F
ROADKILL	133	00006980
ROADKILL	134	00006981
ROADKILL	137	00006982
ROADKILL	138	00006983
ROADKILL	151	00006984
ROADKILL	152	00006985
ROADKILL	154	00006986
ROADKILL	155	00006987
ROADKILL	156	00006988
ROADKILL	157	00006989
ROADKILL	158	0000698A
ROADKILL	159	0000698B
ROADKILL	160	0000698C
ROADKILL	161	0000698D
ROADKILL	162	0000698E
ROADKILL	164	0000698F
ROADKILL	167	00006990
ROADKILL	168	00006991
ROADKILL	169	00006992
ROADKILL	171	00006993
ROADKILL	172	00006994
ROADKILL	173	00006995
ROADKILL	174	00006996
ROADKILL	176	00006997
ROADKILL	178	00006998
ROADKILL	179	00006999
ROADKILL	180	0000699A
ROADKILL	181	0000699B
ROADKILL	193	0000699C
ROADKILL	194	0000699D
ROADKILL	195	0000699E
ROADKILL	196	0000699F
ROADKILL	198	000069A0
ROADKILL	199	000069A1
ROADKILL	200	000069A2
ROADKILL	201	000069A3
ROADKILL	202	000069A4
ROADKILL	203	000069A5
ROADKILL	205	000069A6
ROADKILL	206	000069A7
ROADKILL	207	000069A8
ROADKILL	208	000069A9
ROADKILL	209	000069AA
ROADKILL	210	000069AB
ROADKILL	211	000069AC
ROADKILL	212	000069AD
ROADKILL	213	000069AE
ROADKILL	214	000069AF
ROADKILL	216	000069B0
ROADKILL	217	000069B1
ROADKILL	218	000069B2
ROADKILL	219	000069B3
ROADKILL	221	000069B4
ROADKILL	222	000069B5
ROADKILL	223	000069B6
ROADKILL	225	000069B7
ROADKILL	232	000069B8
ROADKILL	233	000069B9
ROADKILL	235	000069BA
ROADKILL	236	000069BB
ROADKILL	241	000069BC
ROADKILL	243	000069BD
ROADKILL	244	000069BE
ROADKILL	245	000069BF
ROADKILL	246	000069C0
ROADKILL	247	000069C1
ROADKILL	260	000069C2
ROADKILL	261	000069C3
ROADKILL	262	000069C4
ROADKILL	263	000069C5
ROADKILL	264	000069C6
ROADKILL	266	000069C7
ROADKILL	267	000069C8
ROADKILL	268	000069C9
ROADKILL	269	000069CA
ROADKILL	270	000069CB
ROADKILL	272	000069CC
ROADKILL	273	000069CD
ROADKILL	276	000069CE
ROADKILL	277	000069CF
ROADKILL	279	000069D0
ROADKILL	280	000069D1
ROADKILL	281	000069D2
ROADKILL	294	000069D3
ROADKILL	295	000069D4
ROADKILL	296	000069D5
ROADKILL	297	000069D6
ROADKILL	298	000069D7
ROADKILL	299	000069D8
ROADKILL	301	000069D9
ROADKILL	302	000069DA
ROADKILL	303	000069DB
ROADKILL	304	000069DC
ROADKILL	306	000069DD
ROADKILL	307	000069DE
ROADKILL	308	000069DF
ROADKILL	310	000069E0
ROADKILL	311	000069E1
ROADKILL	312	000069E2
ROADKILL	313	000069E3
ROADKILL	314	000069E4
ROADKILL	315	000069E5
ROADKILL	316	000069E6
ROADKILL	317	000069E7
ROADKILL	318	000069E8
ROADKILL	319	000069E9
ROADKILL	320	000069EA
ROADKILL	322	000069EB
ROADKILL	329	000069EC
ROADKILL	330	000069ED
ROADKILL	331	000069EE
ROADKILL	332	000069EF
ROADKILL	334	000069F0
ROADKILL	335	000069F1
ROADKILL	336	000069F2
ROADKILL	337	000069F3
ROADKILL	338	000069F4
ROADKILL	340	000069F5
ROADKILL	341	000069F6
ROADKILL	342	000069F7
ROADKILL	343	000069F8
ROADKILL	344	000069F9
ROADKILL	345	000069FA
ROADKILL	346	000069FB
ROADKILL	348	000069FC
ROADKILL	350	000069FD
ROADKILL	351	000069FE
ROADKILL	352	000069FF
ROADKILL	354	00006A00
ROADKILL	362	00006A01
ROADKILL	363	00006A02
ROADKILL	364	00006A03
ROADKILL	366	00006A04
ROADKILL	367	00006A05
ROADKILL	368	00006A06
ROADKILL	369	00006A07
ROADKILL	370	00006A08
ROADKILL	372	00006A09
ROADKILL	373	00006A0A
ROADKILL	374	00006A0B
ROADKILL	393	00006A0C
ROADKILL	394	00006A0E
ROADKILL	395	00006A0F
ROADKILL	397	00006A10
ROADKILL	398	00006A11
ROADKILL	399	00006A12
ROADKILL	400	00006A13
ROADKILL	401	00006A14
ROADKILL	402	00006A15
ROADKILL	403	00006A16
ROADKILL	406	00006A17
ROADKILL	407	00006A19
ROADKILL	408	00006A1A
ROADKILL	409	00006A1B
ROADKILL	412	00006A1C
ROADKILL	414	00006A1E
ROADKILL	415	00006A1F
ROADKILL	416	00006A20
ROADKILL	418	00006A21
ROADKILL	419	00006A22
ROADKILL	420	00006A23
ROADKILL	421	00006A24
ROADKILL	422	00006A25
ROADKILL	423	00006A28
ROADKILL	425	00006A29
ROADKILL	433	00006A2A
ROADKILL	434	00006A2B
ROADKILL	435	00006A2C
ROADKILL	436	00006A2D
ROADKILL	437	00006A2E
ROADKILL	438	00006A2F
ROADKILL	439	00006A30
ROADKILL	441	00006A31
ROADKILL	442	00006A33
ROADKILL	443	00006A34
ROADKILL	444	00006A35
ROADKILL	446	00006A36
ROADKILL	447	00006A37
ROADKILL	448	00006A38
ROADKILL	449	00006A39
ROADKILL	450	00006A3A
ROADKILL	452	00006A3B
ROADKILL	453	00006A3C
ROADKILL	454	00006A3D
ROADKILL	455	00006A3E
ROADKILL	456	00006A3F
ROADKILL	457	00006A40
ROADKILL	458	00006A41
ROADKILL	459	00006A42
ROADKILL	461	00006A44
ROADKILL	462	00006A46
ROADKILL	465	00006A47
ROADKILL	488	00006A48
ROADKILL	489	00006A4A
ROADKILL	490	00006A4B
ROADKILL	491	00006A4C
ROADKILL	492	00006A4E
ROADKILL	493	00006A4F
ROADKILL	494	00006A50
ROADKILL	497	00006A51
ROADKILL	499	00006A53
ROADKILL	500	00006A54
ROADKILL	501	00006A55
ROADKILL	503	00006A56
ROADKILL	504	00006A57
ROADKILL	505	00006A58
ROADKILL	506	00006A59
ROADKILL	507	00006A5A
ROADKILL	508	00006A5D
ROADKILL	510	00006A5E
ROADKILL	517	00006A5F
ROADKILL	518	00006A60
ROADKILL	519	00006A61
ROADKILL	520	00006A62
ROADKILL	523	00006A63
ROADKILL	524	00006A64
ROADKILL	526	00006A65
ROADKILL	527	00006A66
ROADKILL	530	00006A67
ROADKILL	531	00006A69
ROADKILL	533	00006A6A
ROADKILL	541	00006A6B
ROADKILL	543	00006A6C
ROADKILL	545	00006A6D
ROADKILL	546	00006A6E
ROADKILL	547	00006A6F
ROADKILL	548	00006A70
ROADKILL	550	00006A71
ROADKILL	552	00006A72
ROADKILL	553	00006A73
ROADKILL	554	00006A74
ROADKILL	555	00006A75
ROADKILL	556	00006A76
ROADKILL	559	00006A77
ROADKILL	560	00006A78
ROADKILL	562	00006A79
ROADKILL	564	00006A7A
ROADKILL	565	00006A7B
ROADKILL	566	00006A7C
ROADKILL	567	00006A7D
ROADKILL	568	00006A7E
ROADKILL	569	00006A7F
ROADKILL	571	00006A80
ROADKILL	572	00006A81
ROADKILL	573	00006A82
ROADKILL	574	00006A83
ROADKILL	575	00006A84
ROADKILL	576	00006A85
ROADKILL	577	00006A86
ROADKILL	578	00006A87
ROADKILL	580	00006A88
ROADKILL	581	00006A89
ROADKILL	582	00006A8A
ROADKILL	584	00006A8B
ROADKILL	585	00006A8C
ROADKILL	587	00006A8D
ROADKILL	588	00006A8E
ROADKILL	590	00006A8F
ROADKILL	592	00006A90
ROADKILL	615	00006A91
ROADKILL	617	00006A92
ROADKILL	618	00006A93
ROADKILL	619	00006A94
ROADKILL	620	00006A95
ROADKILL	621	00006A96
ROADKILL	622	00006A97
ROADKILL	623	00006A98
ROADKILL	624	00006A99
ROADKILL	627	00006A9A
ROADKILL	628	00006A9B
ROADKILL	630	00006A9C
ROADKILL	631	00006A9D
ROADKILL	632	00006A9E
ROADKILL	633	00006A9F
ROADKILL	634	00006AA0
ROADKILL	635	00006AA1
ROADKILL	637	00006AA2
ROADKILL	638	00006AA3
ROADKILL	640	00006AA4
ROADKILL	641	00006AA5
ROADKILL	643	00006AA6
ROADKILL	644	00006AA7
ROADKILL	645	00006AA8
ROADKILL	646	00006AA9
ROADKILL	647	00006AAA
ROADKILL	648	00006AAB
ROADKILL	650	00006AAC
ROADKILL	652	00006AAD
ROADKILL	653	00006AAE
ROADKILL	654	00006AAF
ROADKILL	656	00006AB0
ROADKILL	657	00006AB1
ROADKILL	658	00006AB2
ROADKILL	660	00006AB3
ROADKILL	661	00006AB4
ROADKILL	662	00006AB5
ROADKILL	663	00006AB6
ROADKILL	665	00006AB9
ROADKILL	666	00006ABA
ROADKILL	668	00006ABB
ROADKILL	669	00006ABC
ROADKILL	670	00006ABD
ROADKILL	671	00006ABE
ROADKILL	672	00006ABF
ROADKILL	673	00006AC0
ROADKILL	675	00006AC1
ROADKILL	678	00006AC2
ROADKILL	679	00006AC3
ROADKILL	680	00006AC4
ROADKILL	681	00006AC5
ROADKILL	682	00006AC6
ROADKILL	683	00006AC7
ROADKILL	684	00006AC8
ROADKILL	685	00006AC9
ROADKILL	686	00006ACA
ROADKILL	687	00006ACB
ROADKILL	690	00006ACC
ROADKILL	691	00006ACD
ROADKILL	692	00006ACE
ROADKILL	693	00006ACF
ROADKILL	694	00006AD0
ROADKILL	698	00006AD1
ROADKILL	699	00006AD2
ROADKILL	700	00006AD3
ROADKILL	701	00006AD4
ROADKILL	702	00006AD5
ROADKILL	703	00006AD6
ROADKILL	718	00006AD7
ROADKILL	719	00006AD8
ROADKILL	720	00006AD9
ROADKILL	721	00006ADA
ROADKILL	723	00006ADB
ROADKILL	725	00006ADE
ROADKILL	726	00006ADF
ROADKILL	727	00006AE0
ROADKILL	728	00006AE1
ROADKILL	729	00006AE2
ROADKILL	730	00006AE3
ROADKILL	731	00006AE4
ROADKILL	732	00006AE5
ROADKILL	734	00006AE6
ROADKILL	735	00006AE7
ROADKILL	736	00006AE8
ROADKILL	737	00006AE9
ROADKILL	739	00006AEA
ROADKILL	740	00006AEB
ROADKILL	741	00006AEC
ROADKILL	742	00006AED
ROADKILL	743	00006AEE
ROADKILL	744	00006AEF
ROADKILL	745	00006AF0
ROADKILL	747	00006AF1
ROADKILL	749	00006AF2
ROADKILL	750	00006AF3
ROADKILL	752	00006AF4
ROADKILL	753	00006AF6
ROADKILL	754	00006AF7
ROADKILL	755	00006AF8
ROADKILL	756	00006AF9
ROADKILL	757	00006AFA
ROADKILL	759	00006AFB
ROADKILL	760	00006AFC
ROADKILL	762	00006AFD
ROADKILL	768	00006AFE
ROADKILL	769	00006AFF
ROADKILL	770	00006B00
ROADKILL	771	00006B01
ROADKILL	772	00006B02
ROADKILL	773	00006B03
ROADKILL	784	00006B04
ROADKILL	785	00006B05
ROADKILL	786	00006B06
ROADKILL	787	00006B07
ROADKILL	789	00006B08
ROADKILL	790	00006B09
ROADKILL	791	00006B0A
ROADKILL	792	00006B0B
ROADKILL	794	00006B0C
ROADKILL	796	00006B0D
ROADKILL	797	00006B0E
ROADKILL	798	00006B0F
ROADKILL	799	00006B10
ROADKILL	800	00006B11
ROADKILL	803	00006B12
ROADKILL	804	00006B13
ROADKILL	805	00006B14
ROADKILL	807	00006B15
ROADKILL	808	00006B16
ROADKILL	809	00006B17
ROADKILL	810	00006B18
ROADKILL	812	00006B19
ROADKILL	813	00006B1A
ROADKILL	814	00006B1B
ROADKILL	815	00006B1C
ROADKILL	817	00006B1D
ROADKILL	818	00006B1E
ROADKILL	819	00006B1F
ROADKILL	820	00006B20
ROADKILL	821	00006B21
ROADKILL	822	00006B22
ROADKILL	823	00006B23
ROADKILL	826	00006B24
ROADKILL	827	00006B25
ROADKILL	828	00006B26
ROADKILL	829	00006B27
ROADKILL	830	00006B28
ROADKILL	832	00006B29
ROADKILL	834	00006B2A
ROADKILL	835	00006B2B
ROADKILL	836	00006B2C
ROADKILL	838	00006B2D
ROADKILL	839	00006B2E
ROADKILL	841	00006B2F
ROADKILL	842	00006B30
ROADKILL	843	00006B31
ROADKILL	844	00006B32
ROADKILL	846	00006B33
ROADKILL	848	00006B34
ROADKILL	849	00006B35
ROADKILL	851	00006B36
ROADKILL	852	00006B37
ROADKILL	853	00006B38
ROADKILL	855	00006B39
ROADKILL	856	00006B3A
ROADKILL	857	00006B3B
ROADKILL	859	00006B3C
ROADKILL	860	00006B3D
ROADKILL	862	00006B3E
ROADKILL	904	00006B3F
ROADKILL	905	00006B41
ROADKILL	906	00006B42
ROADKILL	907	00006B43
ROADKILL	908	00006B44
ROADKILL	909	00006B45
ROADKILL	911	00006B46
ROADKILL	914	00006B48
ROADKILL	915	00006B49
ROADKILL	916	00006B4A
ROADKILL	918	00006B4B
ROADKILL	919	00006B4C
ROADKILL	920	00006B4D
ROADKILL	921	00006B4E
ROADKILL	922	00006B4F
ROADKILL	924	00006B50
ROADKILL	925	00006B51
ROADKILL	927	00006B52
ROADKILL	928	00006B53
ROADKILL	929	00006B56
ROADKILL	942	00006B58
ROADKILL	943	00006B59
ROADKILL	944	00006B5A
ROADKILL	945	00006B5B
ROADKILL	947	00006B5C
ROADKILL	948	00006B5D
ROADKILL	950	00006B5E
ROADKILL	951	00006B5F
ROADKILL	953	00006B60
ROADKILL	955	00006B61
ROADKILL	958	00006B63
ROADKILL	959	00006B64
ROADKILL	960	00006B65
ROADKILL	962	00006B66
ROADKILL	963	00006B67
ROADKILL	964	00006B68
ROADKILL	966	00006B69
ROADKILL	967	00006B6A
ROADKILL	969	00006B6B
ROADKILL	970	00006B6C
ROADKILL	971	00006B6D
ROADKILL	973	00006B6E
ROADKILL	974	00006B6F
ROADKILL	975	00006B70
ROADKILL	976	00006B71
ROADKILL	978	00006B72
ROADKILL	979	00006B73
ROADKILL	981	00006B74
ROADKILL	982	00006B75
ROADKILL	983	00006B76
ROADKILL	984	00006B77
ROADKILL	985	00006B78
ROADKILL	986	00006B79
ROADKILL	988	00006B7A
ROADKILL	989	00006B7B
ROADKILL	990	00006B7C
ROADKILL	992	00006B7D
ROADKILL	993	00006B7E
ROADKILL	994	00006B7F
ROADKILL	997	00006B80
ROADKILL	998	00006B81
ROADKILL	999	00006B82
ROADKILL	1000	00006B83
ROADKILL	1001	00006B84
ROADKILL	1002	00006B85
ROADKILL	1004	00006B86
ROADKILL	1005	00006B87
ROADKILL	1008	00006B88
ROADKILL	1011	00006B89
ROADKILL	1012	00006B8A
ROADKILL	1014	00006B8B
ROADKILL	1016	00006B8C
ROADKILL	1017	00006B8D
ROADKILL	1018	00006B8E
ROADKILL	1019	00006B8F
ROADKILL	1020	00006B90
ROADKILL	1021	00006B91
ROADKILL	1022	00006B92
ROADKILL	1024	00006B93
ROADKILL	1025	00006B94
ROADKILL	1026	00006B95
ROADKILL	1028	00006B96
ROADKILL	1029	00006B97
ROADKILL	1030	00006B98
ROADKILL	1032	00006B99
ROADKILL	1033	00006B9A
ROADKILL	1034	00006B9B
ROADKILL	1035	00006B9C
ROADKILL	1036	00006B9D
ROADKILL	1037	00006B9E
ROADKILL	1038	00006B9F
ROADKILL	1039	00006BA0
ROADKILL	1040	00006BA1
ROADKILL	1042	00006BA2
ROADKILL	1043	00006BA3
ROADKILL	1044	00006BA4
ROADKILL	1045	00006BA5
ROADKILL	1047	00006BA6
ROADKILL	1048	00006BA7
ROADKILL	1049	00006BA8
ROADKILL	1051	00006BA9
ROADKILL	1052	00006BAA
ROADKILL	1053	00006BAB
ROADKILL	1055	00006BAC
ROADKILL	1056	00006BAD
ROADKILL	1057	00006BAE
ROADKILL	1058	00006BAF
ROADKILL	1059	00006BB0
ROADKILL	1060	00006BB1
ROADKILL	1061	00006BB2
ROADKILL	1062	00006BB3
ROADKILL	1063	00006BB4
ROADKILL	1065	00006BB5
ROADKILL	1066	00006BB6
ROADKILL	1067	00006BB7
ROADKILL	1068	00006BB8
ROADKILL	1069	00006BB9
ROADKILL	1070	00006BBA
ROADKILL	1072	00006BBB
ROADKILL	1073	00006BBC
ROADKILL	1074	00006BBD
ROADKILL	1076	00006BBE
ROADKILL	1077	00006BBF
ROADKILL	1078	00006BC0
ROADKILL	1079	00006BC1
ROADKILL	1080	00006BC2
ROADKILL	1082	00006BC3
ROADKILL	1083	00006BC4
ROADKILL	1084	00006BC5
ROADKILL	1087	00006BC6
ROADKILL	1089	00006BC8
ROADKILL	1090	00006BCA
ROADKILL	1091	00006BCB
ROADKILL	1093	00006BCC
ROADKILL	1094	00006BCD
ROADKILL	1096	00006BCE
ROADKILL	1097	00006BCF
ROADKILL	1099	00006BD0
ROADKILL	1100	00006BD1
ROADKILL	1101	00006BD2
ROADKILL	1102	00006BD3
ROADKILL	1104	00006BD4
ROADKILL	1105	00006BD5
ROADKILL	1106	00006BD6
ROADKILL	1107	00006BD7
ROADKILL	1108	00006BD8
ROADKILL	1109	00006BD9
ROADKILL	1110	00006BDA
ROADKILL	1111	00006BDB
ROADKILL	1112	00006BDC
ROADKILL	1113	00006BDD
ROADKILL	1114	00006BDE
ROADKILL	1116	00006BDF
ROADKILL	1117	00006BE0
ROADKILL	1118	00006BE1
ROADKILL	1119	00006BE2
ROADKILL	1121	00006BE3
ROADKILL	1122	00006BE4
ROADKILL	1123	00006BE5
ROADKILL	1124	00006BE6
ROADKILL	1126	00006BE7
ROADKILL	1127	00006BE8
ROADKILL	1128	00006BE9
ROADKILL	1129	00006BEA
ROADKILL	1130	00006BEB
ROADKILL	1131	00006BEC
ROADKILL	1132	00006BED
ROADKILL	1133	00006BEE
ROADKILL	1136	00006BEF
ROADKILL	1137	00006BF0
ROADKILL	1138	00006BF1
ROADKILL	1139	00006BF2
ROADKILL	1140	00006BF3
ROADKILL	1141	00006BF4
ROADKILL	1142	00006BF5
ROADKILL	1143	00006BF6
ROADKILL	1144	00006BF7
ROADKILL	1145	00006BF8
ROADKILL	1148	00006BFB
ROADKILL	1151	00006BFC
ROADKILL	1152	00006BFD
ROADKILL	1153	00006BFE
ROADKILL	1154	00006BFF
ROADKILL	1156	00006C00
ROADKILL	1172	00006C02
ROADKILL	1173	00006C04
ROADKILL	1174	00006C05
ROADKILL	1176	00006C06
ROADKILL	1177	00006C08
ROADKILL	1178	00006C09
ROADKILL	1179	00006C0A
ROADKILL	1182	00006C0B
ROADKILL	1183	00006C0D
ROADKILL	1184	00006C0E
ROADKILL	1186	00006C0F
ROADKILL	1187	00006C10
ROADKILL	1188	00006C11
ROADKILL	1190	00006C12
ROADKILL	1191	00006C14
ROADKILL	1192	00006C16
ROADKILL	1194	00006C18
ROADKILL	1195	00006C19
ROADKILL	1196	00006C1C
ROADKILL	1197	00006C1E
ROADKILL	1199	00006C1F
ROADKILL	1206	00006C20
ROADKILL	1207	00006C21
ROADKILL	1208	00006C22
ROADKILL	1209	00006C23
ROADKILL	1210	00006C24
ROADKILL	1212	00006C25
ROADKILL	1213	00006C26
ROADKILL	1215	00006C27
ROADKILL	1216	00006C28
ROADKILL	1217	00006C29
ROADKILL	1219	00006C2A
ROADKILL	1220	00006C2B
ROADKILL	1222	00006C2C
ROADKILL	1223	00006C2D
ROADKILL	1225	00006C2E
ROADKILL	1226	00006C2F
ROADKILL	1227	00006C30
ROADKILL	1228	00006C31
ROADKILL	1229	00006C32
ROADKILL	1231	00006C33
ROADKILL	1232	00006C34
ROADKILL	1233	00006C35
ROADKILL	1234	00006C36
ROADKILL	1235	00006C37
ROADKILL	1237	00006C38
ROADKILL	1238	00006C3A
ROADKILL	1239	00006C3B
ROADKILL	1241	00006C3C
ROADKILL	1242	00006C3D
ROADKILL	1243	00006C3E
ROADKILL	1244	00006C3F
ROADKILL	1245	00006C40
ROADKILL	1246	00006C41
ROADKILL	1247	00006C42
ROADKILL	1248	00006C43
ROADKILL	1249	00006C44
ROADKILL	1251	00006C45
ROADKILL	1252	00006C46
ROADKILL	1253	00006C47
ROADKILL	1254	00006C48
ROADKILL	1255	00006C49
ROADKILL	1256	00006C4A
ROADKILL	1258	00006C4B
ROADKILL	1259	00006C4C
ROADKILL	1260	00006C4D
ROADKILL	1261	00006C4F
ROADKILL	1263	00006C50
ROADKILL	1264	00006C51
ROADKILL	1265	00006C53
ROADKILL	1266	00006C54
ROADKILL	1268	00006C55
ROADKILL	1269	00006C56
ROADKILL	1271	00006C57
ROADKILL	1272	00006C58
ROADKILL	1273	00006C59
ROADKILL	1274	00006C5A
ROADKILL	1275	00006C5B
ROADKILL	1276	00006C5C
ROADKILL	1277	00006C5D
ROADKILL	1278	00006C5E
ROADKILL	1280	00006C5F
ROADKILL	1281	00006C61
ROADKILL	1282	00006C62
ROADKILL	1284	00006C63
ROADKILL	1286	00006C64
ROADKILL	1287	00006C65
ROADKILL	1288	00006C66
ROADKILL	1289	00006C67
ROADKILL	1290	00006C68
ROADKILL	1291	00006C69
ROADKILL	1292	00006C6A
ROADKILL	1294	00006C6B
ROADKILL	1295	00006C6C
ROADKILL	1296	00006C6D
ROADKILL	1297	00006C6E
ROADKILL	1298	00006C6F
ROADKILL	1299	00006C70
ROADKILL	1300	00006C71
ROADKILL	1302	00006C72
ROADKILL	1303	00006C73
ROADKILL	1304	00006C74
ROADKILL	1305	00006C75
ROADKILL	1307	00006C76
ROADKILL	1308	00006C77
ROADKILL	1311	00006C78
ROADKILL	1312	00006C79
ROADKILL	1314	00006C7A
ROADKILL	1315	00006C7B
ROADKILL	1316	00006C7C
ROADKILL	1320	00006C7D
ROADKILL	1321	00006C7E
ROADKILL	1322	00006C7F
ROADKILL	1323	00006C80
ROADKILL	1324	00006C81
ROADKILL	1325	00006C82
ROADKILL	1327	00006C83
ROADKILL	1339	00006C84
ROADKILL	1340	00006C85
ROADKILL	1341	00006C86
ROADKILL	1343	00006C87
ROADKILL	1344	00006C88
ROADKILL	1345	00006C89
ROADKILL	1346	00006C8A
ROADKILL	1347	00006C8B
ROADKILL	1348	00006C8C
ROADKILL	1349	00006C8D
ROADKILL	1351	00006C8E
ROADKILL	1352	00006C8F
ROADKILL	1353	00006C90
ROADKILL	1354	00006C91
ROADKILL	1355	00006C92
ROADKILL	1356	00006C93
ROADKILL	1357	00006C94
ROADKILL	1358	00006C95
ROADKILL	1359	00006C96
ROADKILL	1361	00006C97
ROADKILL	1362	00006C98
ROADKILL	1363	00006C99
ROADKILL	1364	00006C9A
ROADKILL	1365	00006C9B
ROADKILL	1366	00006C9C
ROADKILL	1367	00006C9D
ROADKILL	1368	00006C9E
ROADKILL	1370	00006C9F
ROADKILL	1371	00006CA0
ROADKILL	1379	00006CA1
ROADKILL	1380	00006CA2
ROADKILL	1381	00006CA3
ROADKILL	1383	00006CA4
ROADKILL	1384	00006CA5
ROADKILL	1385	00006CA6
ROADKILL	1386	00006CA7
ROADKILL	1387	00006CA8
ROADKILL	1388	00006CA9
ROADKILL	1389	00006CAA
ROADKILL	1390	00006CAB
ROADKILL	1391	00006CAC
ROADKILL	1392	00006CAD
ROADKILL	1393	00006CAE
ROADKILL	1394	00006CAF
ROADKILL	1402	00006CB0
ROADKILL	1403	00006CB1
ROADKILL	1405	00006CB2
ROADKILL	1406	00006CB3
ROADKILL	1407	00006CB4
ROADKILL	1409	00006CB5
ROADKILL	1410	00006CB6
ROUTS	69	0000A534
ROUTS	70	0000A535
ROUTS	71	0000A536
ROUTS	73	0000A537
ROUTS	74	0000A538
ROUTS	76	0000A539
ROUTS	82	0000A53A
ROUTS	83	0000A53B
ROUTS	84	0000A53C
ROUTS	96	0000A53D
ROUTS	97	0000A53E
ROUTS	98	0000A53F
ROUTS	99	0000A540
ROUTS	100	0000A541
ROUTS	105	0000A542
ROUTS	106	0000A543
ROUTS	107	0000A544
ROUTS	109	0000A545
ROUTS	110	0000A546
ROUTS	111	0000A547
ROUTS	113	0000A548
ROUTS	114	0000A549
ROUTS	115	0000A54A
ROUTS	117	0000A54B
ROUTS	118	0000A54C
ROUTS	119	0000A54D
ROUTS	121	0000A54E
ROUTS	128	0000A54F
ROUTS	129	0000A550
ROUTS	130	0000A551
ROUTS	131	0000A552
ROUTS	136	0000A553
ROUTS	137	0000A554
ROUTS	138	0000A555
ROUTS	144	0000A556
ROUTS	145	0000A557
ROUTS	147	0000A558
ROUTS	148	0000A559
ROUTS	149	0000A55A
ROUTS	150	0000A55B
ROUTS	190	0000A55C
ROUTS	191	0000A55D
ROUTS	192	0000A55E
ROUTS	193	0000A55F
ROUTS	194	0000A560
ROUTS	195	0000A561
ROUTS	196	0000A562
ROUTS	202	0000A563
ROUTS	203	0000A564
ROUTS	204	0000A565
ROUTS	206	0000A566
ROUTS	207	0000A567
ROUTS	208	0000A568
ROUTS	210	0000A569
ROUTS	211	0000A56A
ROUTS	212	0000A56B
ROUTS	213	0000A56C
ROUTS	217	0000A56D
ROUTS	218	0000A56E
ROUTS	222	0000A56F
ROUTS	223	0000A570
ROUTS	224	0000A571
ROUTS	225	0000A572
ROUTS	231	0000A573
ROUTS	232	0000A574
ROUTS	233	0000A575
ROUTS	234	0000A576
ROUTS	235	0000A577
ROUTS	236	0000A578
ROUTS	244	0000A579
ROUTS	245	0000A57A
ROUTS	246	0000A57B
ROUTS	247	0000A57C
ROUTS	251	0000A57D
ROUTS	252	0000A57E
ROUTS	283	0000A57F
ROUTS	284	0000A580
ROUTS	285	0000A581
ROUTS	290	0000A582
ROUTS	291	0000A583
ROUTS	295	0000A584
ROUTS	296	0000A585
ROUTS	297	0000A586
ROUTS	301	0000A587
ROUTS	302	0000A588
ROUTS	303	0000A589
ROUTS	307	0000A58A
ROUTS	308	0000A58B
ROUTS	309	0000A58C
ROUTS	310	0000A58D
ROUTS	314	0000A58E
ROUTS	315	0000A58F
ROUTS	319	0000A590
ROUTS	320	0000A591
ROUTS	321	0000A592
ROUTS	322	0000A593
ROUTS	323	0000A594
ROUTS	324	0000A595
ROUTS	339	0000A596
ROUTS	340	0000A597
ROUTS	341	0000A598
ROUTS	342	0000A599
ROUTS	343	0000A59A
ROUTS	350	0000A59B
ROUTS	351	0000A59C
ROUTS	352	0000A59D
ROUTS	354	0000A59E
ROUTS	355	0000A59F
ROUTS	356	0000A5A0
ROUTS	357	0000A5A1
ROUTS	358	0000A5A2
ROUTS	360	0000A5A3
ROUTS	361	0000A5A4
ROUTS	366	0000A5A5
ROUTS	367	0000A5A6
ROUTS	373	0000A5A7
ROUTS	374	0000A5A8
ROUTS	375	0000A5A9
ROUTS	376	0000A5AA
ROUTS	377	0000A5AB
ROUTS	383	0000A5AC
ROUTS	384	0000A5AD
ROUTS	389	0000A5AE
ROUTS	390	0000A5AF
ROUTS	430	0000A5B0
ROUTS	432	0000A5B1
ROUTS	433	0000A5B2
ROUTS	435	0000A5B3
ROUTS	436	0000A5B4
ROUTS	441	0000A5B5
ROUTS	442	0000A5B6
ROUTS	443	0000A5B7
ROUTS	455	0000A5B8
ROUTS	456	0000A5B9
ROUTS	457	0000A5BA
ROUTS	458	0000A5BB
ROUTS	459	0000A5BC
ROUTS	463	0000A5BD
ROUTS	464	0000A5BE
ROUTS	465	0000A5BF
ROUTS	467	0000A5C0
ROUTS	468	0000A5C1
ROUTS	469	0000A5C2
ROUTS	471	0000A5C3
ROUTS	472	0000A5C4
ROUTS	473	0000A5C5
ROUTS	475	0000A5C6
ROUTS	476	0000A5C7
ROUTS	477	0000A5C8
ROUTS	479	0000A5C9
ROUTS	484	0000A5CA
ROUTS	485	0000A5CB
ROUTS	486	0000A5CC
ROUTS	487	0000A5CD
ROUTS	492	0000A5CE
ROUTS	493	0000A5CF
ROUTS	495	0000A5D0
ROUTS	496	0000A5D1
ROUTS	497	0000A5D2
ROUTS	498	0000A5D3
ROUTS	531	0000A5D4
ROUTS	532	0000A5D5
ROUTS	533	0000A5D6
ROUTS	534	0000A5D7
ROUTS	535	0000A5D8
ROUTS	536	0000A5D9
ROUTS	537	0000A5DA
ROUTS	542	0000A5DB
ROUTS	543	0000A5DC
ROUTS	544	0000A5DD
ROUTS	546	0000A5DE
ROUTS	547	0000A5DF
ROUTS	548	0000A5E0
ROUTS	550	0000A5E1
ROUTS	551	0000A5E2
ROUTS	552	0000A5E3
ROUTS	553	0000A5E4
ROUTS	557	0000A5E5
ROUTS	558	0000A5E6
ROUTS	562	0000A5E7
ROUTS	563	0000A5E8
ROUTS	564	0000A5E9
ROUTS	569	0000A5EA
ROUTS	570	0000A5EB
ROUTS	571	0000A5EC
ROUTS	572	0000A5ED
ROUTS	573	0000A5EE
ROUTS	574	0000A5EF
ROUTS	582	0000A5F0
ROUTS	583	0000A5F1
ROUTS	584	0000A5F2
ROUTS	585	0000A5F3
ROUTS	613	0000A5F4
ROUTS	614	0000A5F5
ROUTS	615	0000A5F6
ROUTS	619	0000A5F7
ROUTS	620	0000A5F8
ROUTS	624	0000A5F9
ROUTS	625	0000A5FA
ROUTS	626	0000A5FB
ROUTS	630	0000A5FC
ROUTS	631	0000A5FD
ROUTS	632	0000A5FE
ROUTS	636	0000A5FF
ROUTS	637	0000A600
ROUTS	638	0000A601
ROUTS	639	0000A602
ROUTS	643	0000A603
ROUTS	644	0000A604
ROUTS	648	0000A605
ROUTS	649	0000A606
ROUTS	650	0000A607
ROUTS	651	0000A608
ROUTS	652	0000A609
ROUTS	668	0000A60A
ROUTS	669	0000A60B
ROUTS	671	0000A60C
ROUTS	672	0000A60D
ROUTS	673	0000A60E
ROUTS	674	0000A60F
ROUTS	681	0000A610
ROUTS	682	0000A611
ROUTS	683	0000A612
ROUTS	684	0000A613
ROUTS	689	0000A614
ROUTS	690	0000A615
ROUTS	695	0000A616
ROUTS	696	0000A617
ROUTS	701	0000A618
ROUTS	702	0000A619
ROUTS	707	0000A61A
ROUTS	708	0000A61B
ROUTS	739	0000A61C
ROUTS	740	0000A61D
ROUTS	742	0000A61E
ROUTS	743	0000A61F
ROUTS	744	0000A620
ROUTS	745	0000A621
ROUTS	747	0000A622
ROUTS	748	0000A623
ROUTS	749	0000A624
ROUTS	750	0000A625
ROUTS	755	0000A626
ROUTS	756	0000A627
ROUTS	757	0000A628
ROUTS	758	0000A629
ROUTS	759	0000A62A
ROUTS	764	0000A62B
ROUTS	765	0000A62C
ROUTS	766	0000A62D
ROUTS	767	0000A62E
ROUTS	770	0000A62F
ROUTS	771	0000A630
ROUTS	772	0000A631
ROUTS	773	0000A632
ROUTS	774	0000A633
ROUTS	777	0000A634
ROUTS	778	0000A635
ROUTS	779	0000A636
ROUTS	780	0000A637
ROUTS	781	0000A638
ROUTS	784	0000A639
ROUTS	785	0000A63A
ROUTS	786	0000A63B
ROUTS	787	0000A63C
ROUTS	788	0000A63D
ROUTS	791	0000A63E
ROUTS	792	0000A63F
ROUTS	793	0000A640
ROUTS	794	0000A641
ROUTS	795	0000A642
ROUTS	797	0000A643
ROUTS	799	0000A644
ROUTS	800	0000A645
ROUTS	802	0000A646
ROUTS	804	0000A647
ROUTS	805	0000A648
ROUTS	806	0000A649
RROAD	40	00009B6E
RROAD	41	00009B6F
RROAD	43	00009B70
RROAD	116	00009B71
RROAD	117	00009B72
RROAD	119	00009B73
RROAD	145	00009B74
RROAD	146	00009B75
RROAD	147	00009B76
RROAD	148	00009B77
RROAD	149	00009B78
RROAD	152	00009B79
RROAD	153	00009B7A
RROAD	154	00009B7B
RROAD	156	00009B7C
RROAD	157	00009B7D
RROAD	158	00009B7E
RROAD	160	00009B7F
RROAD	161	00009B80
RROAD	162	00009B81
RROAD	163	00009B82
RROAD	164	00009B83
RROAD	165	00009B84
RROAD	167	00009B85
RROAD	169	00009B86
RROAD	170	00009B87
RROAD	171	00009B88
RROAD	172	00009B89
RROAD	173	00009B8A
RROAD	175	00009B8B
RROAD	176	00009B8C
RROAD	177	00009B8D
RROAD	178	00009B8E
RROAD	179	00009B8F
RROAD	181	00009B90
RROAD	182	00009B91
RROAD	184	00009B92
RROAD	185	00009B93
RROAD	187	00009B94
RROAD	188	00009B95
RROAD	189	00009B96
RROAD	190	00009B97
RROAD	191	00009B98
RROAD	192	00009B99
RROAD	193	00009B9A
RROAD	194	00009B9B
RROAD	198	00009B9C
RROAD	199	00009B9D
RROAD	200	00009B9E
RROAD	206	00009B9F
RROAD	207	00009BA0
RROAD	208	00009BA1
RROAD	209	00009BA2
RROAD	210	00009BA3
RROAD	211	00009BA4
RROAD	213	00009BA5
RROAD	214	00009BA6
RROAD	216	00009BA7
RROAD	217	00009BA8
RROAD	221	00009BA9
RROAD	222	00009BAA
RROAD	223	00009BAB
RROAD	224	00009BAC
RROAD	225	00009BAD
RROAD	226	00009BAE
RROAD	227	00009BAF
RROAD	228	00009BB0
RROAD	229	00009BB1
RROAD	230	00009BB2
RROAD	231	00009BB3
RROAD	232	00009BB4
RROAD	233	00009BB5
RROAD	236	00009BB6
RROAD	237	00009BB7
RROAD	238	00009BB8
RROAD	239	00009BB9
RROAD	241	00009BBA
RROAD	242	00009BBB
RROAD	244	00009BBC
RROAD	245	00009BBD
RROAD	252	00009BBE
RROAD	253	00009BBF
RROAD	254	00009BC0
RROAD	255	00009BC1
RROAD	256	00009BC2
RROAD	257	00009BC3
RROAD	258	00009BC4
RROAD	259	00009BC5
RROAD	260	00009BC6
RROAD	261	00009BC7
RROAD	263	00009BC8
RROAD	264	00009BC9
RROAD	265	00009BCA
RROAD	266	00009BCB
RROAD	268	00009BCC
RROAD	269	00009BCD
RROAD	270	00009BCE
RROAD	271	00009BCF
RROAD	272	00009BD0
RROAD	275	00009BD1
RROAD	276	00009BD2
RROAD	277	00009BD3
RROAD	279	00009BD4
RROAD	280	00009BD5
RROAD	281	00009BD6
RROAD	282	00009BD7
RROAD	284	00009BD8
RROAD	286	00009BD9
RROAD	287	00009BDA
RROAD	288	00009BDB
RROAD	289	00009BDC
RROAD	290	00009BDD
RROAD	293	00009BDE
RROAD	294	00009BDF
RROAD	296	00009BE0
RROAD	297	00009BE1
RROAD	298	00009BE2
RROAD	299	00009BE3
RROAD	302	00009BE4
RROAD	303	00009BE5
RROAD	305	00009BE6
RROAD	306	00009BE8
RROAD	307	00009BE9
RROAD	309	00009BEA
RROAD	310	00009BEC
RROAD	311	00009BED
RROAD	312	00009BEE
RROAD	313	00009BEF
RROAD	315	00009BF0
RROAD	316	00009BF1
RROAD	318	00009BF2
RROAD	319	00009BF3
RROAD	320	00009BF4
RROAD	322	00009BF5
RROAD	323	00009BF6
RROAD	326	00009BF7
RROAD	327	00009BF8
RROAD	328	00009BF9
RROAD	330	00009BFA
RROAD	331	00009BFB
RROAD	332	00009BFC
RROAD	335	00009BFD
RROAD	336	00009BFE
RROAD	337	00009BFF
RROAD	338	00009C00
RROAD	340	00009C01
RROAD	341	00009C02
RROAD	342	00009C03
RROAD	343	00009C04
RROAD	345	00009C05
RROAD	346	00009C06
RROAD	347	00009C07
RROAD	348	00009C08
RROAD	351	00009C09
RROAD	352	00009C0A
RROAD	356	00009C0B
RROAD	357	00009C0C
RROAD	358	00009C0D
RROAD	360	00009C0E
RROAD	361	00009C0F
RROAD	363	00009C10
RROAD	364	00009C11
RROAD	367	00009C12
RROAD	368	00009C14
RROAD	375	00009C15
RROAD	376	00009C18
RROAD	383	00009C19
RROAD	423	00009C1A
RROAD	558	00009C1C
RROAD	559	00009C1D
RROAD	560	00009C1E
RROAD	562	00009C1F
RROAD	563	00009C20
RROAD	564	00009C21
RROAD	566	00009C22
RROAD	567	00009C23
RROAD	569	00009C24
RROAD	570	00009C25
RROAD	571	00009C26
RROAD	572	00009C27
RROAD	573	00009C28
RROAD	576	00009C29
RROAD	577	00009C2A
RROAD	578	00009C2B
RROAD	580	00009C2C
RROAD	581	00009C2D
RROAD	582	00009C2E
RROAD	584	00009C2F
RROAD	586	00009C30
RROAD	587	00009C31
RROAD	588	00009C32
RROAD	589	00009C33
RROAD	591	00009C34
RROAD	592	00009C35
RROAD	593	00009C36
RROAD	594	00009C37
RROAD	596	00009C38
RROAD	600	00009C39
RROAD	601	00009C3A
RROAD	602	00009C3B
RROAD	603	00009C3C
RROAD	604	00009C3D
RROAD	605	00009C3E
RROAD	606	00009C3F
RROAD	607	00009C40
RROAD	608	00009C41
RROAD	610	00009C42
RROAD	612	00009C43
RROAD	613	00009C44
RROAD	614	00009C45
RROAD	615	00009C46
RROAD	617	00009C47
RROAD	618	00009C48
RROAD	619	00009C49
RROAD	621	00009C4A
RROAD	624	00009C4B
RROAD	625	00009C4C
RROAD	627	00009C4D
RROAD	628	00009C4E
RROAD	633	00009C4F
RROAD	634	00009C50
RROAD	638	00009C51
RROAD	639	00009C52
RROAD	641	00009C53
RROAD	643	00009C54
RROAD	644	00009C55
RROAD	647	00009C56
RROAD	648	00009C57
RROAD	650	00009C58
RROAD	651	00009C59
RROAD	652	00009C5A
RROAD	654	00009C5B
RROAD	655	00009C5C
RROAD	656	00009C5D
RROAD	658	00009C5E
RROAD	659	00009C5F
RROAD	660	00009C60
RROAD	663	00009C61
RROAD	664	00009C62
RROAD	665	00009C63
RROAD	667	00009C64
RROAD	668	00009C66
RROAD	675	00009C67
RROAD	676	00009C68
RROAD	677	00009C69
RROAD	679	00009C6A
RROAD	680	00009C6B
RROAD	682	00009C6C
RROAD	683	00009C6D
RROAD	684	00009C6E
RROAD	685	00009C6F
RROAD	686	00009C70
RROAD	687	00009C71
RROAD	688	00009C72
RROAD	689	00009C73
RROAD	690	00009C74
RROAD	692	00009C75
RROAD	693	00009C76
RROAD	695	00009C77
RROAD	696	00009C78
RROAD	697	00009C79
RROAD	699	00009C7A
RROAD	700	00009C7B
RROAD	702	00009C7C
RROAD	704	00009C7D
RROAD	705	00009C7E
RROAD	706	00009C7F
RROAD	707	00009C80
RROAD	708	00009C81
RROAD	710	00009C82
RROAD	711	00009C83
RROAD	712	00009C84
RROAD	714	00009C85
RROAD	715	00009C86
RROAD	716	00009C87
RROAD	717	00009C88
RROAD	718	00009C89
RROAD	720	00009C8A
RROAD	721	00009C8B
RROAD	722	00009C8C
RROAD	724	00009C8D
RROAD	725	00009C8E
RROAD	727	00009C8F
RROAD	728	00009C90
RROAD	729	00009C91
RROAD	730	00009C92
RROAD	732	00009C93
RROAD	733	00009C94
RROAD	735	00009C95
RROAD	736	00009C96
RROAD	737	00009C97
RROAD	739	00009C98
RROAD	740	00009C99
RROAD	741	00009C9A
RROAD	745	00009C9B
RROAD	746	00009C9C
RROAD	748	00009C9D
RROAD	750	00009C9E
RROAD	751	00009C9F
RROAD	752	00009CA0
RROAD	753	00009CA1
RROAD	754	00009CA2
RROAD	756	00009CA3
RROAD	757	00009CA4
RROAD	759	00009CA5
RROAD	760	00009CA6
RROAD	761	00009CA7
RROAD	762	00009CA8
RROAD	765	00009CA9
RROAD	766	00009CAA
RROAD	768	00009CAB
RROAD	769	00009CAC
RROAD	774	00009CAD
RROAD	775	00009CAE
RROAD	777	00009CAF
RROAD	778	00009CB0
RROAD	781	00009CB1
RROAD	783	00009CB2
RROAD	784	00009CB3
RROAD	786	00009CB4
RROAD	787	00009CB5
RROAD	788	00009CB6
RROAD	789	00009CB7
RROAD	790	00009CB8
RROAD	791	00009CB9
RROAD	792	00009CBA
RROAD	793	00009CBB
RROAD	794	00009CBC
RROAD	795	00009CBD
RROAD	796	00009CBE
RROAD	797	00009CBF
RROAD	799	00009CC0
RROAD	800	00009CC1
RROAD	801	00009CC2
RROAD	802	00009CC3
RROAD	804	00009CC4
RROAD	807	00009CC5
RROAD	809	00009CC6
RROAD	810	00009CC7
RROAD	813	00009CC8
RROAD	815	00009CC9
RROAD	816	00009CCA
RROAD	817	00009CCB
RROAD	819	00009CCC
RROAD	820	00009CCD
RROAD	822	00009CCE
RROAD	823	00009CCF
RROAD	825	00009CD0
RROAD	826	00009CD2
RROAD	829	00009CD3
RROAD	830	00009CD4
RROAD	835	00009CD5
RROAD	836	00009CD6
RROAD	837	00009CD7
RROAD	839	00009CD8
RROAD	840	00009CD9
RROAD	845	00009CDA
RROAD	846	00009CDC
RROAD	847	00009CDD
RROAD	848	00009CDE
RROAD	849	00009CDF
RROAD	850	00009CE0
RROAD	854	00009CE1
RROAD	855	00009CE2
RROAD	856	00009CE3
RROAD	857	00009CE4
RROAD	862	00009CE5
RROAD	864	00009CE6
RROAD	865	00009CE7
RROAD	866	00009CE8
RROAD	867	00009CE9
RROAD	868	00009CEA
RROAD	870	00009CEB
RROAD	871	00009CEC
RROAD	873	00009CED
RROAD	874	00009CEE
RROAD	875	00009CEF
RROAD	881	00009CF0
RROAD	882	00009CF1
RROAD	883	00009CF2
RROAD	884	00009CF3
RROAD	885	00009CF4
RROAD	886	00009CF5
RROAD	888	00009CF6
RROAD	889	00009CF7
RROAD	890	00009CF8
RROAD	891	00009CF9
RROAD	892	00009CFA
RROAD	893	00009CFB
RROAD	895	00009CFC
RROAD	896	00009CFD
RROAD	897	00009CFE
RROAD	899	00009CFF
RROAD	900	00009D00
RROAD	902	00009D01
RROAD	903	00009D02
RROAD	904	00009D03
RROAD	907	00009D04
RROAD	908	00009D05
RROAD	909	00009D06
RROAD	911	00009D07
RROAD	912	00009D09
RROAD	931	00009D0A
SETUPS	26	00008C0C
SETUPS	27	00008C0D
SETUPS	28	00008C0E
SETUPS	30	00008C0F
SETUPS	31	00008C10
SETUPS	35	00008C11
SETUPS	36	00008C12
SETUPS	37	00008C13
SETUPS	38	00008C14
SETUPS	40	00008C15
SETUPS	41	00008C16
SETUPS	42	00008C17
SETUPS	43	00008C18
SETUPS	45	00008C19
SETUPS	46	00008C1A
SETUPS	47	00008C1B
SETUPS	48	00008C1C
SETUPS	49	00008C1D
SETUPS	50	00008C1E
SETUPS	52	00008C1F
SETUPS	53	00008C20
SETUPS	54	00008C21
SETUPS	55	00008C22
SETUPS	57	00008C23
SETUPS	58	00008C24
SETUPS	59	00008C25
SETUPS	60	00008C26
SETUPS	62	00008C27
SETUPS	63	00008C28
SETUPS	64	00008C29
SETUPS	65	00008C2A
SETUPS	67	00008C2B
SETUPS	68	00008C2C
SETUPS	69	00008C2D
SETUPS	70	00008C2E
SETUPS	71	00008C2F
SETUPS	72	00008C30
SETUPS	74	00008C31
SETUPS	75	00008C32
SETUPS	76	00008C33
SETUPS	77	00008C34
SETUPS	80	00008C35
SETUPS	81	00008C36
SETUPS	82	00008C37
SETUPS	83	00008C38
SETUPS	84	00008C39
SETUPS	114	00008C3C
SETUPS	115	00008C3D
SETUPS	116	00008C3E
SETUPS	117	00008C3F
SETUPS	118	00008C40
SETUPS	121	00008C41
SETUPS	122	00008C42
SETUPS	123	00008C43
SETUPS	124	00008C44
SETUPS	127	00008C45
SETUPS	129	00008C46
SETUPS	130	00008C47
SETUPS	131	00008C48
SETUPS	132	00008C49
SETUPS	133	00008C4A
SETUPS	136	00008C4B
SETUPS	137	00008C4C
SETUPS	138	00008C4D
SETUPS	141	00008C4E
SETUPS	142	00008C4F
SETUPS	143	00008C50
SETUPS	144	00008C51
SETUPS	145	00008C52
SETUPS	148	00008C53
SETUPS	149	00008C54
SETUPS	150	00008C55
SETUPS	151	00008C56
SETUPS	154	00008C57
SETUPS	155	00008C58
SETUPS	156	00008C59
SETUPS	158	00008C5A
SETUPS	159	00008C5B
SETUPS	160	00008C5C
SETUPS	163	00008C5D
SETUPS	164	00008C5E
SETUPS	165	00008C5F
SETUPS	167	00008C60
SETUPS	168	00008C61
SETUPS	169	00008C62
SETUPS	172	00008C63
SETUPS	173	00008C64
SETUPS	175	00008C65
SETUPS	176	00008C66
SETUPS	177	00008C67
SETUPS	180	00008C68
SETUPS	181	00008C69
SETUPS	183	00008C6A
SETUPS	184	00008C6B
SETUPS	186	00008C6C
SETUPS	187	00008C6D
SETUPS	188	00008C6E
SETUPS	192	00008C6F
SETUPS	193	00008C70
SETUPS	195	00008C71
SETUPS	196	00008C72
SETUPS	198	00008C73
SETUPS	199	00008C74
SETUPS	201	00008C75
SETUPS	202	00008C76
SETUPS	203	00008C77
SETUPS	206	00008C78
SETUPS	207	00008C79
SETUPS	209	00008C7A
SETUPS	210	00008C7B
SETUPS	212	00008C7C
SETUPS	213	00008C7D
SETUPS	214	00008C7E
SETUPS	217	00008C7F
SETUPS	218	00008C80
SETUPS	220	00008C81
SETUPS	221	00008C82
SETUPS	223	00008C83
SETUPS	224	00008C84
SETUPS	225	00008C85
SETUPS	228	00008C86
SETUPS	229	00008C87
SETUPS	231	00008C88
SETUPS	232	00008C89
SETUPS	234	00008C8A
SETUPS	235	00008C8B
SETUPS	237	00008C8C
SETUPS	238	00008C8D
SETUPS	239	00008C8E
SETUPS	242	00008C8F
SETUPS	243	00008C90
SETUPS	244	00008C91
SETUPS	245	00008C92
SETUPS	246	00008C93
SETUPS	249	00008C94
SETUPS	250	00008C95
SETUPS	251	00008C96
SETUPS	252	00008C97
SETUPS	255	00008C98
SETUPS	256	00008C99
SETUPS	257	00008C9A
SETUPS	258	00008C9B
SETUPS	264	00008C9C
SETUPS	265	00008C9D
SETUPS	266	00008C9E
SETUPS	267	00008C9F
SETUPS	269	00008CA0
SETUPS	270	00008CA1
SETUPS	272	00008CA2
SETUPS	273	00008CA3
SETUPS	274	00008CA4
SETUPS	275	00008CA5
SETUPS	278	00008CA6
SETUPS	279	00008CA7
SETUPS	281	00008CA8
SETUPS	282	00008CA9
SETUPS	284	00008CAA
SETUPS	285	00008CAB
SETUPS	286	00008CAC
SETUPS	288	00008CAD
SETUPS	289	00008CAE
SETUPS	290	00008CAF
SETUPS	291	00008CB0
SETUPS	293	00008CB1
SETUPS	300	00008CB2
SETUPS	301	00008CB3
SETUPS	302	00008CB4
SETUPS	304	00008CB5
SETUPS	305	00008CB6
SETUPS	306	00008CB7
SETUPS	307	00008CB8
SETUPS	309	00008CB9
SETUPS	310	00008CBA
SETUPS	311	00008CBB
SETUPS	313	00008CBC
SETUPS	314	00008CBD
SETUPS	315	00008CBE
SETUPS	316	00008CBF
SETUPS	319	00008CC0
SETUPS	320	00008CC1
SETUPS	322	00008CC2
SETUPS	323	00008CC3
SETUPS	325	00008CC4
SETUPS	326	00008CC5
SETUPS	327	00008CC6
SETUPS	328	00008CC7
SETUPS	329	00008CC8
SETUPS	330	00008CC9
SETUPS	333	00008CCA
SETUPS	334	00008CCB
SETUPS	336	00008CCC
SETUPS	337	00008CCD
SETUPS	338	00008CCE
SETUPS	339	00008CCF
SETUPS	340	00008CD0
SETUPS	341	00008CD1
SETUPS	342	00008CD2
SETUPS	343	00008CD3
SETUPS	349	00008CD4
SETUPS	350	00008CD5
SETUPS	351	00008CD6
SETUPS	352	00008CD7
SETUPS	353	00008CD8
SETUPS	355	00008CD9
SETUPS	356	00008CDA
SETUPS	358	00008CDB
SETUPS	359	00008CDC
SETUPS	360	00008CDD
SETUPS	361	00008CDE
SETUPS	363	00008CDF
SETUPS	364	00008CE0
SETUPS	365	00008CE1
SETUPS	366	00008CE2
SETUPS	368	00008CE3
SETUPS	369	00008CE4
SETUPS	370	00008CE5
SETUPS	371	00008CE6
SETUPS	373	00008CE7
SETUPS	374	00008CE8
SETUPS	375	00008CE9
SETUPS	376	00008CEA
SETUPS	377	00008CEB
SETUPS	379	00008CEC
SETUPS	380	00008CED
SETUPS	381	00008CEE
SETUPS	382	00008CEF
SETUPS	383	00008CF0
SETUPS	384	00008CF1
SETUPS	385	00008CF2
SETUPS	386	00008CF3
SETUPS	392	00008CF4
SETUPS	393	00008CF5
SETUPS	394	00008CF6
SETUPS	395	00008CF7
SETUPS	397	00008CF8
SETUPS	398	00008CF9
SETUPS	399	00008CFA
SETUPS	400	00008CFB
SETUPS	401	00008CFC
SETUPS	402	00008CFD
SETUPS	403	00008CFE
SETUPS	404	00008CFF
SETUPS	406	00008D00
SETUPS	407	00008D01
SETUPS	408	00008D02
SETUPS	410	00008D03
SETUPS	411	00008D04
SETUPS	412	00008D05
SETUPS	413	00008D06
SETUPS	415	00008D07
SETUPS	416	00008D08
SETUPS	417	00008D09
SETUPS	418	00008D0A
SETUPS	421	00008D0B
SETUPS	422	00008D0C
SETUPS	425	00008D0D
SETUPS	427	00008D0E
SETUPS	428	00008D0F
SETUPS	429	00008D10
SETUPS	430	00008D11
SETUPS	431	00008D12
SETUPS	432	00008D13
SETUPS	433	00008D14
SETUPS	434	00008D15
SETUPS	437	00008D16
SETUPS	438	00008D17
SETUPS	439	00008D18
SETUPS	440	00008D19
SETUPS	441	00008D1A
SETUPS	447	00008D1B
SETUPS	448	00008D1C
SETUPS	449	00008D1D
SETUPS	451	00008D1E
SETUPS	452	00008D1F
SETUPS	454	00008D20
SETUPS	455	00008D21
SETUPS	456	00008D22
SETUPS	457	00008D23
SETUPS	460	00008D24
SETUPS	461	00008D25
SETUPS	462	00008D26
SETUPS	463	00008D27
SETUPS	464	00008D28
SETUPS	465	00008D29
SETUPS	466	00008D2A
SETUPS	468	00008D2B
SETUPS	469	00008D2C
SETUPS	470	00008D2D
SETUPS	472	00008D2E
SETUPS	473	00008D2F
SETUPS	475	00008D30
SETUPS	476	00008D31
SETUPS	478	00008D32
SETUPS	479	00008D33
SETUPS	480	00008D34
SETUPS	481	00008D35
SETUPS	482	00008D36
SETUPS	483	00008D37
SETUPS	484	00008D38
SETUPS	485	00008D39
SETUPS	492	00008D3A
SETUPS	494	00008D3B
SETUPS	495	00008D3C
SETUPS	497	00008D3D
SETUPS	498	00008D3E
SETUPS	499	00008D3F
SETUPS	501	00008D40
SETUPS	502	00008D41
SETUPS	504	00008D42
SETUPS	505	00008D43
SETUPS	507	00008D44
SETUPS	508	00008D45
SETUPS	510	00008D46
SETUPS	511	00008D47
SETUPS	513	00008D48
SETUPS	514	00008D49
SETUPS	515	00008D4A
SETUPS	516	00008D4B
SETUPS	517	00008D4C
SETUPS	518	00008D4D
SETUPS	519	00008D4E
SETUPS	521	00008D4F
SETUPS	522	00008D50
SETUPS	523	00008D51
SETUPS	524	00008D52
SETUPS	527	00008D53
SETUPS	533	00008D54
SETUPS	534	00008D55
SETUPS	536	00008D56
SETUPS	537	00008D57
SETUPS	538	00008D58
SETUPS	540	00008D59
SETUPS	541	00008D5A
SETUPS	542	00008D5B
SETUPS	544	00008D5C
SETUPS	545	00008D5D
SETUPS	546	00008D5E
SETUPS	548	00008D5F
SETUPS	549	00008D60
SETUPS	551	00008D61
SETUPS	552	00008D62
SETUPS	553	00008D63
SETUPS	558	00008D64
SETUPS	559	00008D65
SETUPS	561	00008D66
SETUPS	562	00008D67
SETUPS	564	00008D68
SETUPS	565	00008D69
SETUPS	566	00008D6A
SETUPS	567	00008D6B
SETUPS	570	00008D6C
SETUPS	571	00008D6D
SETUPS	572	00008D6E
SETUPS	573	00008D6F
SETUPS	574	00008D70
SETUPS	575	00008D71
SETUPS	576	00008D72
SETUPS	577	00008D73
SETUPS	583	00008D74
SETUPS	584	00008D75
SETUPS	585	00008D76
SETUPS	587	00008D77
SETUPS	588	00008D78
SETUPS	589	00008D79
SETUPS	590	00008D7A
SETUPS	591	00008D7B
SETUPS	593	00008D7C
SETUPS	594	00008D7D
SETUPS	595	00008D7E
SETUPS	596	00008D7F
SETUPS	598	00008D80
SETUPS	599	00008D81
SETUPS	601	00008D82
SETUPS	602	00008D83
SETUPS	604	00008D84
SETUPS	605	00008D85
SETUPS	607	00008D86
SETUPS	608	00008D87
SETUPS	611	00008D88
SETUPS	612	00008D89
SETUPS	613	00008D8A
SETUPS	614	00008D8B
SETUPS	617	00008D8C
SETUPS	618	00008D8D
SETUPS	619	00008D8E
SETUPS	620	00008D8F
SETUPS	621	00008D90
SETUPS	622	00008D91
SETUPS	623	00008D92
SETUPS	624	00008D93
SETUPS	632	00008D94
SETUPS	633	00008D95
SETUPS	634	00008D96
SETUPS	635	00008D97
SETUPS	637	00008D98
SETUPS	638	00008D99
SETUPS	639	00008D9A
SETUPS	640	00008D9B
SETUPS	641	00008D9C
SETUPS	644	00008D9D
SETUPS	645	00008D9E
SETUPS	647	00008D9F
SETUPS	648	00008DA0
SETUPS	649	00008DA1
SETUPS	650	00008DA2
SETUPS	652	00008DA3
SETUPS	653	00008DA4
SETUPS	655	00008DA5
SETUPS	656	00008DA6
SETUPS	659	00008DA7
SETUPS	660	00008DA8
SETUPS	661	00008DA9
SETUPS	662	00008DAA
SETUPS	664	00008DAB
SETUPS	665	00008DAC
SETUPS	666	00008DAD
SETUPS	667	00008DAE
SETUPS	668	00008DAF
SETUPS	669	00008DB0
SETUPS	670	00008DB1
SETUPS	671	00008DB2
SETUPS	678	00008DB3
SETUPS	679	00008DB4
SETUPS	680	00008DB5
SETUPS	682	00008DB6
SETUPS	683	00008DB7
SETUPS	685	00008DB8
SETUPS	686	00008DB9
SETUPS	688	00008DBA
SETUPS	689	00008DBB
SETUPS	692	00008DBC
SETUPS	693	00008DBD
SETUPS	695	00008DBE
SETUPS	696	00008DBF
SETUPS	698	00008DC0
SETUPS	699	00008DC1
SETUPS	701	00008DC2
SETUPS	702	00008DC3
SETUPS	703	00008DC4
SETUPS	704	00008DC5
SETUPS	706	00008DC6
SETUPS	707	00008DC7
SETUPS	709	00008DC8
SETUPS	710	00008DC9
SETUPS	711	00008DCA
SETUPS	713	00008DCB
SETUPS	714	00008DCC
SETUPS	715	00008DCD
SETUPS	717	00008DCE
SETUPS	718	00008DCF
SETUPS	719	00008DD0
SETUPS	720	00008DD1
SETUPS	721	00008DD2
SETUPS	722	00008DD3
SETUPS	723	00008DD4
SETUPS	725	00008DD5
SETUPS	726	00008DD8
SETUPS	727	00008DDB
SETUPS	728	00008DDE
SETUPS	734	00008DDF
SETUPS	735	00008DE0
SETUPS	736	00008DE1
SETUPS	737	00008DE2
SETUPS	739	00008DE3
SETUPS	741	00008DE4
SETUPS	742	00008DE5
SETUPS	744	00008DE6
SETUPS	745	00008DE7
SETUPS	747	00008DE8
SETUPS	748	00008DE9
SETUPS	750	00008DEA
SETUPS	751	00008DEB
SETUPS	753	00008DEC
SETUPS	754	00008DED
SETUPS	756	00008DEE
SETUPS	757	00008DEF
SETUPS	760	00008DF0
SETUPS	761	00008DF1
SETUPS	762	00008DF2
SETUPS	763	00008DF3
SETUPS	766	00008DF4
SETUPS	767	00008DF5
SETUPS	768	00008DF6
SETUPS	769	00008DF7
SETUPS	770	00008DF8
SETUPS	771	00008DF9
SETUPS	772	00008DFA
SETUPS	773	00008DFB
SETUPS	780	00008DFC
SETUPS	782	00008DFD
SETUPS	783	00008DFE
SETUPS	785	00008DFF
SETUPS	786	00008E00
SETUPS	787	00008E01
SETUPS	788	00008E02
SETUPS	789	00008E03
SETUPS	791	00008E04
SETUPS	792	00008E05
SETUPS	794	00008E06
SETUPS	795	00008E07
SETUPS	797	00008E08
SETUPS	798	00008E09
SETUPS	800	00008E0A
SETUPS	801	00008E0B
SETUPS	803	00008E0C
SETUPS	804	00008E0D
SETUPS	805	00008E0E
SETUPS	806	00008E0F
SETUPS	807	00008E10
SETUPS	809	00008E11
SETUPS	810	00008E12
SETUPS	813	00008E13
SETUPS	814	00008E14
SETUPS	815	00008E15
SETUPS	816	00008E16
SETUPS	818	00008E17
SETUPS	819	00008E18
SETUPS	820	00008E19
SETUPS	821	00008E1A
SETUPS	822	00008E1B
SETUPS	823	00008E1C
SETUPS	824	00008E1D
SETUPS	826	00008E1E
SETUPS	827	00008E21
SETUPS	829	00008E24
SETUPS	831	00008E27
SETUPS	837	00008E28
SETUPS	839	00008E29
SETUPS	840	00008E2A
SETUPS	841	00008E2B
SETUPS	842	00008E2C
SETUPS	843	00008E2D
SETUPS	845	00008E2E
SETUPS	846	00008E2F
SETUPS	847	00008E30
SETUPS	848	00008E31
SETUPS	849	00008E32
SETUPS	850	00008E33
SETUPS	851	00008E34
SETUPS	853	00008E35
SETUPS	854	00008E36
SETUPS	855	00008E37
SETUPS	856	00008E38
SETUPS	859	00008E39
SETUPS	860	00008E3A
SETUPS	861	00008E3B
SETUPS	862	00008E3C
SETUPS	864	00008E3D
SETUPS	865	00008E3E
SETUPS	867	00008E3F
SETUPS	868	00008E40
SETUPS	870	00008E41
SETUPS	871	00008E42
SETUPS	873	00008E43
SETUPS	874	00008E44
SETUPS	875	00008E45
SETUPS	876	00008E46
SETUPS	877	00008E47
SETUPS	878	00008E48
SETUPS	879	00008E49
SETUPS	880	00008E4A
SETUPS	886	00008E4B
SETUPS	888	00008E4C
SETUPS	889	00008E4D
SETUPS	890	00008E4E
SETUPS	891	00008E4F
SETUPS	892	00008E50
SETUPS	895	00008E51
SETUPS	896	00008E52
SETUPS	897	00008E53
SETUPS	898	00008E54
SETUPS	899	00008E55
SETUPS	900	00008E56
SETUPS	901	00008E57
SETUPS	903	00008E58
SETUPS	904	00008E59
SETUPS	905	00008E5A
SETUPS	907	00008E5B
SETUPS	908	00008E5C
SETUPS	910	00008E5D
SETUPS	911	00008E5E
SETUPS	912	00008E5F
SETUPS	913	00008E60
SETUPS	915	00008E61
SETUPS	916	00008E62
SETUPS	917	00008E63
SETUPS	918	00008E64
SETUPS	920	00008E65
SETUPS	921	00008E66
SETUPS	922	00008E67
SETUPS	923	00008E68
SETUPS	926	00008E69
SETUPS	927	00008E6A
SETUPS	928	00008E6B
SETUPS	929	00008E6C
SETUPS	930	00008E6D
SETUPS	931	00008E6E
SETUPS	932	00008E6F
SETUPS	934	00008E70
SIGMA	79	0000A42A
SIGMA	80	0000A42B
SIGMA	81	0000A42C
SIGMA	82	0000A42E
SIGMA	85	0000A42F
SIGMA	86	0000A430
SIGMA	89	0000A431
SIGMA	90	0000A432
SIGMA	99	0000A433
SIGMA	100	0000A434
SIGMA	101	0000A435
SIGMA	102	0000A436
SIGMA	103	0000A437
SIGMA	104	0000A438
SIGMA	108	0000A439
SIGMA	110	0000A43A
SIGMA	111	0000A43B
SIGMA	113	0000A43C
SIGMA	114	0000A43D
SIGMA	116	0000A43E
SIGMA	117	0000A43F
SIGMA	120	0000A440
SIGMA	121	0000A441
SIGMA	122	0000A442
SIGMA	123	0000A443
SIGMA	124	0000A444
SIGMA	126	0000A445
SIGMA	127	0000A446
SIGMA	128	0000A447
SIGMA	130	0000A448
SIGMA	131	0000A449
SIGMA	133	0000A44A
SIGMA	134	0000A44B
SIGMA	135	0000A44C
SIGMA	136	0000A44D
SIGMA	137	0000A44E
SIGMA	139	0000A44F
SIGMA	141	0000A450
SIGMA	142	0000A452
SIGMA	143	0000A453
SIGMA	148	0000A454
SIGMA	149	0000A455
SIGMA	150	0000A456
SIGMA	152	0000A457
SIGMA	153	0000A458
SIGMA	154	0000A459
SIGMA	155	0000A45A
SIGMA	157	0000A45B
SIGMA	158	0000A45C
SIGMA	159	0000A45D
SIGMA	160	0000A45E
SIGMA	161	0000A45F
SIGMA	162	0000A460
SIGMA	163	0000A461
SIGMA	164	0000A462
SIGMA	165	0000A463
SIGMA	166	0000A464
SIGMA	167	0000A465
SIGMA	168	0000A466
SIGMA	172	0000A467
SIGMA	173	0000A468
SIGMA	174	0000A469
SIGMA	175	0000A46A
SIGMA	177	0000A46B
SIGMA	178	0000A46C
SIGMA	179	0000A46D
SIGMA	181	0000A46E
SIGMA	182	0000A46F
SIGMA	183	0000A470
SIGMA	184	0000A471
SIGMA	188	0000A472
SIGMA	189	0000A474
SIGMA	190	0000A475
SIGMA	192	0000A476
SIGMA	193	0000A477
SIGMA	195	0000A478
SIGMA	196	0000A47A
SIGMA	197	0000A47B
SIGMA	207	0000A47C
SIGMA	208	0000A47D
SIGMA	209	0000A47E
SIGMA	211	0000A47F
SIGMA	212	0000A480
SIGMA	213	0000A481
SIGMA	214	0000A482
SIGMA	238	0000A483
SIGMA	239	0000A484
SIGMA	240	0000A485
SIGMA	242	0000A486
SIGMA	243	0000A487
SIGMA	244	0000A488
SIGMA	245	0000A489
SIGMA	246	0000A48A
SIGMA	248	0000A48B
SIGMA	249	0000A48C
SIGMA	250	0000A48D
SIGMA	251	0000A48E
SIGMA	252	0000A48F
SIGMA	254	0000A490
SIGMA	255	0000A492
SIGMA	256	0000A493
SIGMA	263	0000A494
SIGMA	264	0000A495
SIGMA	265	0000A496
SIGMA	266	0000A498
SIGMA	267	0000A499
SIGMA	268	0000A49A
SIGMA	269	0000A49C
SIGMA	270	0000A49D
SIGMA	271	0000A49E
SIGMA	272	0000A4A0
SIGMA	273	0000A4A1
SIGMA	274	0000A4A2
SIGMA	275	0000A4A4
SIGMA	276	0000A4A5
SIGMA	277	0000A4A6
SIGMA	279	0000A4A7
SIGMA	280	0000A4A8
SIGMA	284	0000A4A9
SIGMA	285	0000A4AA
SIGMA	286	0000A4AB
SIGMA	287	0000A4AC
SIGMA	292	0000A4AD
SIGMA	300	0000A4B0
SIGMA	301	0000A4B1
SIGMA	303	0000A4B2
SIGMA	304	0000A4B3
SIGMA	306	0000A4B4
SIGMA	307	0000A4B5
SIGMA	308	0000A4B6
SIGMA	309	0000A4B7
SIGMA	311	0000A4B8
SIGMA	312	0000A4B9
SIGMA	313	0000A4BA
SIGMA	315	0000A4BB
SIGMA	316	0000A4BC
SIGMA	318	0000A4BD
SIGMA	319	0000A4BE
SIGMA	320	0000A4BF
SIGMA	321	0000A4C0
SIGMA	323	0000A4C1
SIGMA	324	0000A4C2
SIGMA	326	0000A4C3
SIGMA	327	0000A4C4
SIGMA	328	0000A4C5
SIGMA	329	0000A4C6
SIGMA	330	0000A4C7
SIGMA	331	0000A4C8
SIGMA	332	0000A4C9
SIGMA	336	0000A4CA
SIGMA	337	0000A4CB
SIGMA	338	0000A4CC
SIGMA	339	0000A4CD
SIGMA	345	0000A4CE
SIGMA	346	0000A4CF
SIGMA	347	0000A4D0
SIGMA	348	0000A4D1
SIGMA	350	0000A4D2
SIGMA	351	0000A4D3
SIGMA	352	0000A4D4
SIGMA	353	0000A4D5
SIGMA	365	0000A4D6
SIGMA	366	0000A4D7
SIGMA	367	0000A4D8
SIGMA	368	0000A4D9
SIGMA	369	0000A4DA
SIGMA	370	0000A4DB
SIGMA	372	0000A4DC
SIGMA	373	0000A4DD
SIGMA	374	0000A4DE
SIGMA	377	0000A4DF
SIGMA	378	0000A4E0
SIGMA	379	0000A4E1
SIGMA	380	0000A4E2
SIGMA	382	0000A4E3
SIGMA	383	0000A4E4
SIGMA	387	0000A4E5
SIGMA	388	0000A4E6
SIGMA	389	0000A4E7
SIGMA	393	0000A4E8
SIGMA	394	0000A4E9
SIGMA	397	0000A4EA
SIGMA	398	0000A4EB
SIGMA	399	0000A4EC
SIGMA	400	0000A4ED
SIGMA	401	0000A4EE
SIGMA	402	0000A4EF
SIGMA	404	0000A4F0
SIGMA	405	0000A4F1
SIGMA	406	0000A4F2
SIGMA	407	0000A4F3
SIGMA	408	0000A4F4
SIGMA	409	0000A4F5
SIGMA	410	0000A4F6
SIGMA	411	0000A4F7
SIGMA	412	0000A4F8
SIGMA	418	0000A4F9
SIGMA	419	0000A4FA
SIGMA	421	0000A4FB
SIGMA	422	0000A4FC
SIGMA	423	0000A4FD
SIGMA	424	0000A4FE
SIGMA	425	0000A4FF
SIGMA	426	0000A500
SIGMA	427	0000A501
SIGMA	431	0000A502
SIGMA	432	0000A503
SIGMA	434	0000A504
SIGMA	435	0000A505
SIGMA	436	0000A506
SIGMA	437	0000A507
SIGMA	443	0000A508
SIGMA	444	0000A509
SIGMA	445	0000A50A
SIGMA	446	0000A50B
SIGMA	447	0000A50C
SIGMA	448	0000A50D
SIGMA	449	0000A50E
SIGMA	450	0000A50F
SIGMA	452	0000A510
SIGMA	453	0000A511
SIGMA	456	0000A512
SIGMA	457	0000A513
SIGMA	459	0000A514
SIGMA	460	0000A515
SIGMA	464	0000A516
SIGMA	465	0000A518
SIGMA	485	0000A519
SIGMA	487	0000A51C
SIGMA	489	0000A51D
SIGMA	490	0000A51E
SIGMA	491	0000A51F
SIGMA	493	0000A520
SIGMA	494	0000A521
SIGMA	495	0000A522
SIGMA	496	0000A523
SIGMA	500	0000A526
SIGMA	501	0000A527
SIGMA	502	0000A528
SIGMA	503	0000A529
SIGMA	504	0000A52A
SIGMA	505	0000A52B
SIGMA	507	0000A52C
SIGMA	508	0000A52D
SIGMA	509	0000A52E
SIGMA	510	0000A52F
SIGMA	513	0000A530
SIGMA	514	0000A532
SIGMA	521	0000A533
SMOKE	44	000084B8
SMOKE	45	000084B9
SMOKE	46	000084BA
SMOKE	47	000084BB
SMOKE	49	000084BC
SMOKE	50	000084BD
SMOKE	51	000084BE
SMOKE	53	000084BF
SMOKE	54	000084C0
SMOKE	56	000084C1
SMOKE	57	000084C2
SMOKE	58	000084C3
SMOKE	60	000084C4
SMOKE	61	000084C5
SMOKE	62	000084C6
SMOKE	64	000084C7
SMOKE	65	000084C8
SMOKE	66	000084C9
SMOKE	67	000084CA
SMOKE	68	000084CB
SMOKE	69	000084CC
SMOKE	70	000084CD
SMOKE	71	000084CE
SMOKE	74	000084CF
SMOKE	75	000084D0
SMOKE	76	000084D1
SMOKE	78	000084D2
SMOKE	79	000084D3
SMOKE	80	000084D4
SMOKE	81	000084D5
SMOKE	82	000084D6
SMOKE	83	000084D7
SMOKE	85	000084D8
SMOKE	86	000084D9
SMOKE	87	000084DA
SMOKE	89	000084DB
SMOKE	90	000084DC
SMOKE	91	000084DD
SMOKE	92	000084DE
SMOKE	93	000084DF
SMOKE	94	000084E0
SMOKE	95	000084E1
SMOKE	97	000084E2
SMOKE	98	000084E3
SMOKE	99	000084E4
SMOKE	100	000084E5
SMOKE	101	000084E6
SMOKE	102	000084E7
SMOKE	103	000084E8
SMOKE	104	000084E9
SMOKE	105	000084EA
SMOKE	106	000084EB
SMOKE	107	000084EC
SMOKE	108	000084ED
SMOKE	110	000084EE
SMOKE	112	000084EF
SMOKE	113	000084F0
SMOKE	114	000084F1
SMOKE	115	000084F2
SMOKE	117	000084F3
SMOKE	118	000084F4
SMOKE	120	000084F5
SMOKE	122	000084F6
SMOKE	123	000084F7
SMOKE	125	000084F8
SMOKE	126	000084F9
SMOKE	127	000084FA
SMOKE	129	000084FB
SMOKE	131	000084FC
SMOKE	132	000084FD
SMOKE	133	000084FF
SMOKE	135	00008500
SMOKE	136	00008501
SMOKE	137	00008502
SMOKE	138	00008503
SMOKE	139	00008504
SMOKE	140	00008505
SMOKE	141	00008506
SMOKE	143	00008507
SMOKE	144	00008508
SMOKE	146	00008509
SMOKE	158	0000850A
SMOKE	159	0000850B
SMOKE	160	0000850C
SMOKE	162	0000850D
SMOKE	163	0000850E
SMOKE	164	0000850F
SMOKE	166	00008510
SMOKE	167	00008511
SMOKE	168	00008512
SMOKE	170	00008513
SMOKE	171	00008514
SMOKE	172	00008515
SMOKE	174	00008516
SMOKE	175	00008517
SMOKE	176	00008518
SMOKE	179	00008519
SMOKE	180	0000851A
SMOKE	181	0000851B
SMOKE	182	0000851C
SMOKE	183	0000851D
SMOKE	184	0000851E
SMOKE	185	0000851F
SMOKE	187	00008520
SMOKE	188	00008521
SMOKE	189	00008522
SMOKE	190	00008523
SMOKE	191	00008524
SMOKE	192	00008525
SMOKE	194	00008526
SMOKE	195	00008527
SMOKE	196	00008528
SMOKE	198	00008529
SMOKE	199	0000852A
SMOKE	200	0000852B
SMOKE	201	0000852C
SMOKE	202	0000852D
SMOKE	203	0000852E
SMOKE	205	0000852F
SMOKE	206	00008530
SMOKE	207	00008531
SMOKE	208	00008532
SMOKE	209	00008533
SMOKE	210	00008534
SMOKE	211	00008535
SMOKE	212	00008536
SMOKE	214	00008537
SMOKE	216	00008538
SMOKE	217	00008539
SMOKE	226	0000853A
SMOKE	227	0000853B
SMOKE	229	0000853C
SMOKE	232	0000853D
SMOKE	233	0000853E
SMOKE	234	0000853F
SMOKE	235	00008540
SMOKE	236	00008541
SMOKE	237	00008542
SMOKE	239	00008543
SMOKE	250	00008544
SMOKE	251	00008545
SMOKE	252	00008546
SMOKE	253	00008547
SMOKE	254	00008548
SMOKE	256	00008549
SMOKE	258	0000854A
SMOKE	259	0000854B
SMOKE	260	0000854C
SMOKE	261	0000854D
SMOKE	263	0000854E
SMOKE	264	0000854F
SMOKE	267	00008550
SMOKE	268	00008551
SMOKE	270	00008552
SMOKE	271	00008553
SMOKE	272	00008554
SMOKE	273	00008555
SMOKE	275	00008556
SMOKE	276	00008557
SMOKE	277	00008558
SMOKE	279	00008559
SMOKE	280	0000855A
SMOKE	281	0000855B
SMOKE	283	0000855C
SMOKE	284	0000855D
SMOKE	285	0000855E
SMOKE	286	0000855F
SMOKE	287	00008560
SMOKE	289	00008561
SMOKE	290	00008562
SMOKE	291	00008563
SMOKE	293	00008564
SMOKE	294	00008565
SMOKE	295	00008566
SMOKE	297	00008567
SMOKE	298	00008568
SMOKE	299	00008569
SMOKE	301	0000856A
SMOKE	302	0000856D
SMOKE	303	0000856E
SMOKE	305	0000856F
SMOKE	306	00008570
SMOKE	307	00008571
SMOKE	309	00008572
SMOKE	310	00008573
SMOKE	317	00008574
SMOKE	318	00008575
SMOKE	319	00008576
SMOKE	320	00008577
SMOKE	321	00008578
SMOKE	322	00008579
SMOKE	323	0000857A
SMOKE	325	0000857B
SMOKE	326	0000857C
SMOKE	327	0000857D
SMOKE	328	0000857E
SMOKE	329	0000857F
SMOKE	330	00008580
SMOKE	331	00008581
SMOKE	332	00008582
SMOKE	333	00008583
SMOKE	334	00008584
SMOKE	338	00008585
SMOKE	339	00008586
SMOKE	341	00008587
SMOKE	342	00008588
SMOKE	344	00008589
SMOKE	345	0000858A
SMOKE	346	0000858B
SMOKE	347	0000858C
SMOKE	348	0000858D
SMOKE	349	0000858E
SMOKE	351	0000858F
SMOKE	352	00008590
SMOKE	353	00008591
SMOKE	355	00008592
SMOKE	385	00008593
SMOKE	386	00008594
SMOKE	387	00008595
SMOKE	388	00008596
SMOKE	389	00008597
SMOKE	391	00008598
SMOKE	392	00008599
SMOKE	394	0000859A
SMOKE	395	0000859B
SMOKE	396	0000859E
SMOKE	397	0000859F
SMOKE	398	000085A0
SMOKE	399	000085A1
SMOKE	400	000085A2
SMOKE	402	000085A3
SMOKE	404	000085A4
SMOKE	405	000085A5
SMOKE	406	000085A6
SMOKE	407	000085A7
SMOKE	409	000085A8
SMOKE	410	000085A9
SMOKE	411	000085AA
SMOKE	413	000085AB
SMOKE	414	000085AC
SMOKE	416	000085AD
SMOKE	417	000085AE
SMOKE	419	000085AF
SMOKE	420	000085B0
SMOKE	421	000085B1
SMOKE	423	000085B2
SMOKE	424	000085B3
SMOKE	425	000085B4
SMOKE	426	000085B5
SMOKE	427	000085B6
SMOKE	428	000085B7
SMOKE	429	000085B8
SMOKE	430	000085B9
SMOKE	432	000085BA
SMOKE	433	000085BB
SMOKE	434	000085BC
SMOKE	435	000085BD
SMOKE	436	000085BE
SMOKE	438	000085BF
SMOKE	439	000085C0
SMOKE	440	000085C1
SMOKE	441	000085C2
SMOKE	442	000085C3
SMOKE	443	000085C4
SMOKE	444	000085C5
SMOKE	445	000085C6
SMOKE	447	000085C7
SMOKE	448	000085C8
SMOKE	449	000085C9
SMOKE	450	000085CA
SMOKE	452	000085CB
SMOKE	453	000085CC
SMOKE	454	000085CD
SMOKE	456	000085CE
SMOKE	457	000085CF
SMOKE	458	000085D0
SMOKE	459	000085D1
SMOKE	461	000085D2
SMOKE	462	000085D3
SMOKE	464	000085D4
SMOKE	465	000085D5
SMOKE	466	000085D6
SMOKE	468	000085D7
SMOKE	469	000085D8
SMOKE	471	000085D9
SMOKE	474	000085DA
SMOKE	475	000085DB
SMOKE	483	000085DC
SMOKE	484	000085DD
SMOKE	485	000085DE
SMOKE	486	000085DF
SMOKE	487	000085E0
SMOKE	488	000085E1
SMOKE	490	000085E2
SMOKE	491	000085E3
SMOKE	492	000085E4
SMOKE	493	000085E5
SMOKE	494	000085E6
SMOKE	496	000085E7
SMOKE	497	000085E8
SMOKE	498	000085E9
SMOKE	499	000085EA
SMOKE	501	000085EB
SMOKE	502	000085EC
SMOKE	503	000085ED
SMOKE	505	000085EE
SMOKE	506	000085EF
SMOKE	507	000085F0
SMOKE	509	000085F1
SMOKE	510	000085F2
SMOKE	511	000085F3
SMOKE	512	000085F4
SMOKE	513	000085F5
SMOKE	514	000085F6
SMOKE	516	000085F7
SMOKE	517	000085F8
SMOKE	518	000085F9
SMOKE	519	000085FA
SMOKE	520	000085FB
SMOKE	522	000085FC
SMOKE	523	000085FD
SMOKE	524	000085FE
SMOKE	525	000085FF
SMOKE	526	00008600
SMOKE	528	00008601
SMOKE	529	00008602
SMOKE	530	00008603
SMOKE	532	00008604
SMOKE	533	00008605
SMOKE	534	00008606
SMOKE	536	00008607
SMOKE	537	00008608
SMOKE	538	00008609
SMOKE	540	0000860A
SMOKE	541	0000860B
SMOKE	542	0000860C
SMOKE	543	0000860D
SMOKE	545	0000860E
SMOKE	546	0000860F
SMOKE	548	00008610
SMOKE	549	00008611
SMOKE	550	00008612
SMOKE	552	00008613
SMOKE	553	00008614
SMOKE	555	00008615
SMOKE	556	00008616
SMOKE	558	00008617
SMOKE	559	00008618
SMOKE	561	00008619
SMOKE	562	0000861A
SMOKE	565	0000861B
SMOKE	573	0000861C
SMOKE	574	0000861D
SMOKE	577	0000861E
SMOKE	578	0000861F
SMOKE	580	00008620
SMOKE	581	00008621
SMOKE	582	00008622
SMOKE	583	00008623
SMOKE	584	00008624
SMOKE	586	00008625
SMOKE	587	00008626
SMOKE	588	00008627
SMOKE	590	00008628
SMOKE	591	00008629
SMOKE	592	0000862A
SMOKE	594	0000862B
SMOKE	595	0000862C
SMOKE	596	0000862D
SMOKE	598	0000862E
SMOKE	599	0000862F
SMOKE	601	00008630
SMOKE	602	00008631
SMOKE	603	00008632
SMOKE	605	00008633
SMOKE	606	00008634
SMOKE	607	00008635
SMOKE	609	00008636
SMOKE	610	00008637
SMOKE	611	00008638
SMOKE	612	00008639
SMOKE	613	0000863A
SMOKE	614	0000863B
SMOKE	616	0000863C
SMOKE	617	0000863D
SMOKE	618	0000863E
SMOKE	620	0000863F
SMOKE	621	00008640
SMOKE	622	00008641
SMOKE	623	00008642
SMOKE	624	00008643
SMOKE	625	00008644
SMOKE	626	00008645
SMOKE	628	00008646
SMOKE	629	00008647
SMOKE	630	00008648
SMOKE	631	00008649
SMOKE	632	0000864A
SMOKE	633	0000864B
SMOKE	634	0000864C
SMOKE	635	0000864D
SMOKE	636	0000864E
SMOKE	638	0000864F
SMOKE	639	00008650
SMOKE	640	00008651
SMOKE	642	00008652
SMOKE	644	00008653
SMOKE	645	00008654
SMOKE	646	00008655
SMOKE	647	00008656
SMOKE	648	00008657
SMOKE	649	00008658
SMOKE	651	0000865A
SMOKE	652	0000865B
SMOKE	653	0000865C
SMOKE	654	0000865D
SMOKE	655	0000865E
SMOKE	657	0000865F
SMOKE	660	00008660
SMOKE	663	00008661
SMOKE	664	00008662
SMOKE	665	00008663
SMOKE	666	00008664
SMOKE	667	00008665
SMOKE	669	00008666
SMOKE	670	00008667
SMOKE	671	00008668
SMOKE	673	00008669
SMOKE	674	0000866A
SMOKE	675	0000866B
SMOKE	677	0000866C
SMOKE	679	0000866D
SMOKE	686	0000866E
SMOKE	688	0000866F
SMOKE	689	00008670
SMOKE	690	00008671
SMOKE	691	00008672
SMOKE	692	00008673
SMOKE	694	00008674
SMOKE	695	00008675
SMOKE	696	00008676
SMOKE	698	00008677
SMOKE	700	00008678
SMOKE	701	00008679
SMOKE	703	0000867A
SMOKE	704	0000867B
SMOKE	705	0000867C
SMOKE	707	0000867D
SMOKE	708	0000867E
SMOKE	709	0000867F
SMOKE	711	00008680
SMOKE	712	00008681
SMOKE	713	00008682
SMOKE	714	00008683
SMOKE	716	00008684
SMOKE	717	00008685
SMOKE	718	00008686
SMOKE	720	00008687
SMOKE	721	00008688
SMOKE	722	00008689
SMOKE	723	0000868A
SMOKE	724	0000868B
SMOKE	727	0000868C
SMOKE	728	0000868D
SMOKE	729	0000868E
SMOKE	730	0000868F
SMOKE	731	00008690
SMOKE	732	00008691
SMOKE	733	00008692
SMOKE	734	00008693
SMOKE	736	00008694
SMOKE	737	00008695
SMOKE	738	00008696
SMOKE	739	00008697
SMOKE	741	00008698
SMOKE	742	00008699
SMOKE	745	0000869A
SMOKE	746	0000869B
SMOKE	748	0000869C
SMOKE	749	0000869D
SMOKE	750	0000869E
SMOKE	752	0000869F
SMOKE	753	000086A0
SMOKE	754	000086A1
SMOKE	755	000086A2
SMOKE	758	000086A3
SMOKE	759	000086A4
SMOKE	760	000086A5
SMOKE	761	000086A6
SMOKE	771	000086A7
SMOKE	772	000086A8
SMOKE	773	000086A9
SMOKE	774	000086AA
SMOKE	775	000086AB
SMOKE	777	000086AC
SMOKE	778	000086AD
SMOKE	780	000086AE
SMOKE	781	000086AF
SMOKE	783	000086B0
SMOKE	784	000086B1
SMOKE	786	000086B2
SMOKE	787	000086B3
SMOKE	788	000086B6
SMOKE	790	000086B7
SMOKE	791	000086B8
SMOKE	792	000086B9
SMOKE	794	000086BA
SMOKE	795	000086BB
SMOKE	796	000086BC
SMOKE	799	000086BD
SMOKE	800	000086BE
SMOKE	801	000086BF
SMOKE	802	000086C0
SMOKE	804	000086C1
SMOKE	805	000086C2
SMOKE	806	000086C3
SMOKE	807	000086C4
SMOKE	808	000086C5
SMOKE	809	000086C6
SMOKE	811	000086C7
SMOKE	813	000086C8
SMOKE	814	000086C9
SMOKE	815	000086CA
SMOKE	816	000086CB
SMOKE	817	000086CC
SMOKE	819	000086CD
SMOKE	820	000086CE
SMOKE	822	000086CF
SMOKE	823	000086D0
SMOKE	824	000086D1
SMOKE	825	000086D2
SMOKE	826	000086D3
SMOKE	828	000086D4
SMOKE	829	000086D5
SMOKE	830	000086D6
SMOKE	831	000086D7
SMOKE	835	000086D8
SMOKE	836	000086D9
SMOKE	837	000086DA
SMOKE	838	000086DB
SMOKE	839	000086DC
SMOKE	840	000086DD
SMOKE	841	000086DE
SMOKE	842	000086DF
SMOKE	843	000086E0
SMOKE	846	000086E1
SMOKE	849	000086E2
SMOKE	850	000086E3
SMOKE	859	000086E4
SMOKE	860	000086E5
SMOKE	861	000086E6
SMOKE	862	000086E7
SMOKE	863	000086E8
SMOKE	866	000086E9
SMOKE	867	000086EA
SMOKE	868	000086EB
SMOKE	869	000086EC
SMOKE	870	000086ED
SMOKE	871	000086EE
SMOKE	874	000086EF
SMOKE	875	000086F0
SMOKE	876	000086F1
SMOKE	878	000086F2
SMOKE	879	000086F3
SMOKE	881	000086F4
SMOKE	882	000086F5
SMOKE	883	000086F8
SMOKE	885	000086F9
SMOKE	886	000086FA
SMOKE	887	000086FB
SMOKE	889	000086FC
SMOKE	890	000086FD
SMOKE	891	000086FE
SMOKE	895	000086FF
SMOKE	896	00008700
SMOKE	897	00008701
SMOKE	898	00008702
SMOKE	899	00008703
SMOKE	901	00008704
SMOKE	904	00008705
SMOKE	905	00008706
SMOKE	914	00008707
SMOKE	950	00008708
SMOKE	984	00008709
SMOKE	985	0000870A
SMOKE	986	0000870B
SMOKE	988	0000870C
SMOKE	989	0000870D
SMOKE	990	0000870E
SMOKE	991	0000870F
SMOKE	992	00008710
SMOKE	993	00008711
SMOKE	994	00008712
SMOKE	995	00008713
SMOKE	997	00008714
SMOKE	998	00008715
SMOKE	1000	00008716
SMOKE	1001	00008717
SMOKE	1002	00008718
SMOKE	1003	00008719
SMOKE	1005	0000871A
SMOKE	1006	0000871B
SMOKE	1010	0000871C
SMOKE	1011	0000871D
SMOKE	1012	0000871E
SMOKE	1013	0000871F
SMOKE	1014	00008720
SMOKE	1015	00008721
SMOKE	1017	00008722
SMOKE	1018	00008723
SMOKE	1019	00008724
SMOKE	1020	00008725
SMOKE	1021	00008726
SMOKE	1023	00008727
SMOKE	1024	00008728
SMOKE	1025	00008729
SMOKE	1026	0000872A
SMOKE	1028	0000872B
SMOKE	1029	0000872C
SMOKE	1030	0000872D
SMOKE	1031	0000872E
SMOKE	1033	0000872F
SND	63	000090E1
SND	64	000090E2
SND	65	000090E3
SND	66	000090E4
SND	67	000090E5
SND	68	000090E6
SND	69	000090E7
SND	71	000090E8
SND	72	000090E9
SND	73	000090EA
SND	74	000090EB
SND	75	000090EC
SND	77	000090ED
SND	78	000090EF
SND	79	000090F0
SND	80	000090F1
SND	81	000090F2
SND	83	000090F3
SND	84	000090F4
SND	85	000090F5
SND	86	000090F6
SND	87	000090F7
SND	90	000090F8
SND	91	000090F9
SND	92	000090FA
SND	98	000090FB
SND	99	000090FC
SND	100	000090FD
SND	103	000090FE
SND	104	000090FF
SND	107	00009100
SND	108	00009101
SND	123	00009102
SND	124	00009103
SND	125	00009104
SND	134	00009105
SND	135	00009106
SND	136	00009107
SND	137	00009108
SND	138	00009109
SND	139	0000910A
SND	141	0000910B
SND	142	0000910C
SND	143	0000910D
SND	153	0000910E
SND	154	0000910F
SND	155	00009110
SND	156	00009111
SND	157	00009112
SND	160	00009113
SND	161	00009114
SND	162	00009115
SND	163	00009116
SND	164	00009117
SND	167	00009118
SND	168	00009119
SND	169	0000911A
SND	172	0000911B
SND	174	0000911C
SND	175	0000911D
SND	176	0000911E
SND	177	0000911F
SND	178	00009120
SND	180	00009121
SND	182	00009124
SND	183	00009125
SND	184	00009126
SND	185	00009127
SND	191	00009128
SND	192	00009129
SND	194	0000912A
SND	195	0000912B
SND	196	0000912C
SND	200	0000912D
SND	201	0000912E
SND	202	0000912F
SND	208	00009130
SND	209	00009131
SND	210	00009132
SND	211	00009133
SND	212	00009134
SND	213	00009135
SND	214	00009136
SND	224	00009137
SND	225	00009138
SND	226	00009139
SND	227	0000913A
SND	228	0000913B
SND	231	0000913C
SND	232	0000913D
SND	233	0000913E
SND	235	0000913F
SND	236	00009140
SND	238	00009141
SND	239	00009142
SND	240	00009143
SND	241	00009144
SND	242	00009145
SND	243	00009146
SND	245	00009147
SND	248	00009148
SND	249	00009149
SND	251	0000914A
SND	252	0000914B
SND	253	0000914C
SND	255	0000914D
SND	256	0000914E
SND	258	0000914F
SND	259	00009150
SND	260	00009151
SND	261	00009152
SND	262	00009153
SND	263	00009154
SND	265	00009155
SND	266	00009156
SND	267	00009157
SND	268	00009158
SND	281	00009159
SND	282	0000915A
SND	283	0000915B
SND	284	0000915C
SND	285	0000915D
SND	286	0000915E
SND	287	0000915F
SND	288	00009160
SND	289	00009161
SND	290	00009162
SND	291	00009163
SND	292	00009164
SND	296	00009165
SND	297	00009166
SND	298	00009167
SND	299	00009168
SND	300	00009169
SND	301	0000916A
SND	302	0000916B
SND	303	0000916C
SND	304	0000916D
SND	305	0000916E
SND	306	0000916F
SND	307	00009170
SND	308	00009171
SND	311	00009172
SND	312	00009173
SND	313	00009174
SND	314	00009175
SND	315	00009176
SND	316	00009177
SND	317	00009178
SND	318	00009179
SND	319	0000917A
SND	320	0000917B
SND	321	0000917C
SND	324	0000917D
SND	325	0000917E
SND	326	0000917F
SND	327	00009180
SND	330	00009181
SND	331	00009182
SND	332	00009183
SND	333	00009184
SND	334	00009185
SND	335	00009186
SND	336	00009187
SND	337	00009188
SND	338	00009189
SND	339	0000918A
SND	340	0000918B
SND	341	0000918C
SND	343	0000918D
SND	349	0000918E
SND	350	0000918F
SND	351	00009190
SND	352	00009191
SND	353	00009192
SND	354	00009193
SND	356	00009194
SND	357	00009195
SND	358	00009196
SND	359	00009197
SND	360	00009198
SND	361	00009199
SND	362	0000919A
SND	364	0000919B
SND	365	0000919C
SND	374	0000919E
SND	375	0000919F
SND	376	000091A0
SND	377	000091A1
SND	378	000091A2
SND	379	000091A3
SND	380	000091A4
SND	381	000091A5
SND	382	000091A6
SND	394	000091A7
SND	395	000091A8
SND	396	000091A9
SND	397	000091AA
SND	398	000091AB
SND	399	000091AC
SND	400	000091AD
SND	414	000091AE
SND	415	000091AF
SND	434	000091B0
SND	440	000091B1
SND	441	000091B2
SND	442	000091B3
SND	443	000091B4
SND	444	000091B5
SND	446	000091B6
SND	447	000091B7
SND	448	000091B8
SND	449	000091B9
SND	452	000091BA
SND	453	000091BB
SND	454	000091BC
SND	455	000091BD
SND	456	000091BE
SND	457	000091BF
SND	458	000091C0
SND	459	000091C1
SND	460	000091C2
SND	461	000091C3
SND	462	000091C4
SND	464	000091C5
SND	465	000091C6
SND	466	000091C7
SND	467	000091C8
SND	469	000091C9
SND	470	000091CA
SND	471	000091CB
SND	473	000091CC
SND	474	000091CD
SND	476	000091CE
SND	477	000091CF
SND	479	000091D0
SND	481	000091D1
SND	482	000091D2
SND	484	000091D3
SND	485	000091D4
SND	486	000091D5
SND	488	000091D6
SND	490	000091D7
SND	491	000091D8
SND	492	000091D9
SND	493	000091DA
SND	494	000091DB
SND	495	000091DC
SND	496	000091DD
SND	498	000091DE
SND	499	000091DF
SND	501	000091E0
SND	502	000091E1
SND	503	000091E2
SND	504	000091E3
SND	505	000091E4
SND	506	000091E5
SND	507	000091E6
SND	510	000091E7
SND	511	000091E8
SND	528	000091E9
SND	529	000091EA
SND	530	000091EB
SND	531	000091EC
SND	532	000091EE
SND	534	000091EF
SND	535	000091F0
SND	536	000091F1
SND	537	000091F3
SND	538	000091F4
SND	540	000091F5
SND	542	000091F6
SND	543	000091F7
SND	558	000091F8
SND	559	000091F9
SND	561	000091FA
SND	562	000091FB
SND	564	000091FC
SND	565	000091FD
SND	567	000091FE
SND	568	000091FF
SND	570	00009200
SND	571	00009201
SND	581	00009202
SND	582	00009203
SND	583	00009204
SND	584	00009205
SND	585	00009206
SND	586	00009207
SND	599	00009208
SND	600	00009209
SND	601	0000920A
SND	602	0000920B
SND	603	0000920C
SND	604	0000920D
SND	613	0000920E
SND	615	0000920F
SND	617	00009210
SND	618	00009211
SND	619	00009212
SND	620	00009213
SND	627	00009214
SND	628	00009215
SND	629	00009216
SND	630	00009217
SND	631	00009218
SND	632	00009219
SND	633	0000921A
SND	634	0000921B
SND	635	0000921C
SND	636	0000921D
SND	637	0000921E
SND	639	0000921F
SND	640	00009220
SND	641	00009221
SND	644	00009222
SND	645	00009223
SND	646	00009224
SND	648	00009225
SND	649	00009226
SND	650	00009227
SND	651	00009228
SND	652	00009229
SND	655	0000922A
SND	656	0000922B
SND	657	0000922C
SND	658	0000922D
SND	659	0000922E
SND	660	0000922F
SND	661	00009230
SND	662	00009231
SND	665	00009232
SND	666	00009233
SND	667	00009234
SND	668	00009235
SND	669	00009236
SND	670	00009237
SND	671	00009238
SND	695	00009239
SND	696	0000923A
SND	697	0000923B
SND	698	0000923C
SND	699	0000923D
SND	700	0000923E
SND	702	0000923F
SND	703	00009240
SND	705	00009241
SND	706	00009243
SND	707	00009249
SND	708	0000924A
SND	710	0000924B
SND	711	0000924C
SND	712	0000924D
SND	713	0000924E
SND	714	0000924F
SND	715	00009250
SND	718	00009251
SND	719	00009252
SND	720	00009253
SND	721	00009254
SND	722	00009255
SND	723	00009256
SND	725	00009257
SND	726	00009258
SND	728	00009259
SND	729	0000925A
SND	730	0000925B
SND	731	0000925C
SND	732	0000925D
SND	734	0000925E
SND	735	0000925F
SND	736	00009260
SND	737	00009261
SND	738	00009262
SND	739	00009263
SND	740	00009264
SND	741	00009265
SND	743	00009266
SND	744	00009267
SND	746	00009268
SND	747	00009269
SND	748	0000926A
SND	749	0000926B
SND	750	0000926D
SND	751	0000926E
SND	765	0000926F
SND	766	00009275
SND	767	00009276
SND	768	00009277
SND	769	00009278
SND	770	00009279
SND	771	0000927A
SND	772	0000927B
SND	780	0000927C
SND	781	0000927D
SND	782	0000927E
SND	783	0000927F
SND	784	00009280
SND	785	00009281
SND	786	00009282
SND	790	00009283
SND	791	00009284
SND	792	00009285
SND	793	00009286
SND	794	00009287
SND	795	00009288
SND	796	00009289
SND	797	0000928A
SND	798	0000928B
SND	799	0000928C
SND	800	0000928D
SND	801	0000928E
SND	804	0000928F
SND	805	00009290
SND	806	00009291
SND	807	00009292
SND	808	00009293
SND	809	00009294
SND	810	00009295
SND	811	00009296
SND	812	00009297
SND	813	00009298
SND	814	00009299
SND	816	0000929A
SND	817	0000929B
SND	821	0000929C
SND	822	0000929D
SND	823	0000929E
SND	824	0000929F
SND	825	000092A0
SND	829	000092A1
SND	830	000092A2
SND	831	000092A3
SND	832	000092A4
SND	833	000092A5
SND	834	000092A6
SND	835	000092A7
SND	836	000092A8
SND	837	000092A9
SND	838	000092AA
SND	839	000092AB
SND	840	000092AC
SND	842	000092AD
SND	843	000092AE
SND	844	000092AF
SND	845	000092B0
SND	846	000092B1
SND	847	000092B2
SND	848	000092B3
SND	849	000092B4
SND	850	000092B5
SND	851	000092B6
SND	852	000092B7
SND	853	000092B8
SND	858	000092B9
SND	859	000092BA
SND	861	000092BB
SND	863	000092BC
SND	864	000092BD
SND	865	000092BE
SND	866	000092BF
SND	867	000092C0
SND	869	000092C1
SND	870	000092C2
SND	871	000092C3
SND	872	000092C4
SND	873	000092C5
SND	874	000092C6
SND	876	000092C7
SND	878	000092C8
SND	879	000092C9
SND	881	000092CA
SND	882	000092CB
SND	883	000092CC
SND	884	000092CD
SND	886	000092CE
SND	887	000092D0
SND	888	000092D1
SND	894	000092D2
SND	895	000092D3
SND	896	000092D4
SND	902	000092D5
SND	903	000092D6
SND	904	000092D7
SND	905	000092D8
SND	906	000092D9
SND	907	000092DA
SND	915	000092DB
SND	916	000092DC
SND	917	000092DD
SND	918	000092DE
SND	919	000092DF
SND	921	000092E0
SND	922	000092E1
SND	923	000092E2
SND	924	000092E3
SND	926	000092E4
SND	927	000092E5
SND	928	000092E6
SND	929	000092E7
SND	930	000092E8
SND	933	000092E9
SND	934	000092EA
SND	935	000092EB
SND	937	000092EC
SND	938	000092ED
SND	939	000092EE
SND	959	000092EF
SND	961	000092F0
SND	962	000092F1
SND	963	000092F2
SND	966	000092F3
SND	967	000092F4
SND	968	000092F5
SND	969	000092F6
SND	971	000092F7
SND	972	000092F8
SND	973	000092F9
SND	975	000092FA
SND	977	000092FB
SND	978	000092FC
SND	979	000092FD
SND	980	000092FE
SND	982	000092FF
SND	983	00009300
SND	985	00009301
SND	986	00009302
SND	987	00009303
SND	988	00009304
SND	990	00009305
SND	991	00009306
TEXT	46	00007973
TEXT	47	00007974
TEXT	48	00007975
TEXT	49	00007976
TEXT	50	00007977
TEXT	51	00007978
TEXT	53	00007979
TEXT	54	0000797A
TEXT	55	0000797B
TEXT	73	0000797C
TEXT	74	0000797D
TEXT	75	0000797E
TEXT	76	0000797F
TEXT	77	00007980
TEXT	78	00007981
TEXT	79	00007982
TEXT	80	00007983
TEXT	81	00007984
TEXT	82	00007985
TEXT	83	00007986
TEXT	84	00007987
TEXT	85	00007988
TEXT	86	00007989
TEXT	89	0000798A
TEXT	91	0000798B
TEXT	92	0000798C
TEXT	93	0000798D
TEXT	94	0000798E
TEXT	95	0000798F
TEXT	96	00007990
TEXT	101	00007991
TEXT	102	00007992
TEXT	103	00007993
TEXT	105	00007994
TEXT	106	00007995
TEXT	107	00007996
TEXT	109	00007997
TEXT	110	00007998
TEXT	111	00007999
TEXT	113	0000799A
TEXT	115	0000799B
TEXT	116	0000799C
TEXT	118	0000799D
TEXT	119	0000799E
TEXT	120	0000799F
TEXT	124	000079A0
TEXT	130	000079A1
TEXT	131	000079A2
TEXT	133	000079A3
TEXT	134	000079A4
TEXT	136	000079A5
TEXT	137	000079A6
TEXT	138	000079A7
TEXT	140	000079A8
TEXT	141	000079A9
TEXT	142	000079AA
TEXT	144	000079AB
TEXT	145	000079AC
TEXT	146	000079AD
TEXT	148	000079AE
TEXT	149	000079AF
TEXT	150	000079B0
TEXT	152	000079B1
TEXT	153	000079B2
TEXT	154	000079B3
TEXT	155	000079B4
TEXT	157	000079B5
TEXT	158	000079B6
TEXT	159	000079B7
TEXT	160	000079B8
TEXT	167	000079B9
TEXT	168	000079BA
TEXT	170	000079BB
TEXT	171	000079BC
TEXT	173	000079BD
TEXT	174	000079BE
TEXT	175	000079BF
TEXT	177	000079C0
TEXT	178	000079C1
TEXT	179	000079C2
TEXT	181	000079C3
TEXT	182	000079C4
TEXT	183	000079C5
TEXT	185	000079C6
TEXT	186	000079C7
TEXT	187	000079C8
TEXT	189	000079C9
TEXT	190	000079CA
TEXT	191	000079CB
TEXT	192	000079CC
TEXT	194	000079CD
TEXT	195	000079CE
TEXT	196	000079CF
TEXT	197	000079D0
TEXT	205	000079D2
TEXT	206	000079D3
TEXT	208	000079D4
TEXT	209	000079D5
TEXT	211	000079D6
TEXT	212	000079D7
TEXT	213	000079D8
TEXT	215	000079D9
TEXT	216	000079DA
TEXT	217	000079DB
TEXT	219	000079DC
TEXT	220	000079DD
TEXT	221	000079DE
TEXT	223	000079DF
TEXT	224	000079E0
TEXT	225	000079E1
TEXT	227	000079E2
TEXT	228	000079E3
TEXT	229	000079E4
TEXT	230	000079E5
TEXT	232	000079E6
TEXT	233	000079E7
TEXT	234	000079E8
TEXT	235	000079E9
TEXT	243	000079EA
TEXT	244	000079EB
TEXT	246	000079EC
TEXT	247	000079ED
TEXT	249	000079EE
TEXT	250	000079EF
TEXT	251	000079F0
TEXT	253	000079F1
TEXT	254	000079F2
TEXT	255	000079F3
TEXT	258	000079F4
TEXT	259	000079F5
TEXT	260	000079F6
TEXT	262	000079F7
TEXT	263	000079F8
TEXT	264	000079F9
TEXT	266	000079FA
TEXT	267	000079FB
TEXT	268	000079FC
TEXT	269	000079FD
TEXT	271	000079FE
TEXT	272	000079FF
TEXT	273	00007A00
TEXT	274	00007A01
TEXT	283	00007A03
TEXT	284	00007A04
TEXT	286	00007A05
TEXT	287	00007A06
TEXT	289	00007A07
TEXT	290	00007A08
TEXT	291	00007A09
TEXT	293	00007A0A
TEXT	294	00007A0B
TEXT	295	00007A0C
TEXT	298	00007A0D
TEXT	299	00007A0E
TEXT	300	00007A0F
TEXT	302	00007A10
TEXT	303	00007A11
TEXT	304	00007A12
TEXT	306	00007A13
TEXT	307	00007A14
TEXT	308	00007A15
TEXT	309	00007A16
TEXT	311	00007A17
TEXT	312	00007A18
TEXT	313	00007A19
TEXT	314	00007A1A
TEXT	320	00007A1B
TEXT	321	00007A1C
TEXT	323	00007A1D
TEXT	324	00007A1E
TEXT	326	00007A1F
TEXT	327	00007A20
TEXT	328	00007A21
TEXT	330	00007A22
TEXT	331	00007A23
TEXT	332	00007A24
TEXT	335	00007A25
TEXT	336	00007A26
TEXT	337	00007A27
TEXT	339	00007A28
TEXT	340	00007A29
TEXT	341	00007A2A
TEXT	343	00007A2B
TEXT	344	00007A2C
TEXT	345	00007A2D
TEXT	346	00007A2E
TEXT	348	00007A2F
TEXT	349	00007A30
TEXT	350	00007A31
TEXT	351	00007A32
TEXT	357	00007A33
TEXT	358	00007A34
TEXT	360	00007A35
TEXT	361	00007A36
TEXT	363	00007A37
TEXT	364	00007A38
TEXT	365	00007A39
TEXT	367	00007A3A
TEXT	368	00007A3B
TEXT	369	00007A3C
TEXT	372	00007A3D
TEXT	373	00007A3E
TEXT	374	00007A3F
TEXT	376	00007A40
TEXT	377	00007A41
TEXT	378	00007A42
TEXT	380	00007A43
TEXT	381	00007A44
TEXT	382	00007A45
TEXT	383	00007A46
TEXT	385	00007A47
TEXT	386	00007A48
TEXT	387	00007A49
TEXT	395	00007A4A
TEXT	410	00007A4B
TEXT	411	00007A4C
TEXT	412	00007A4D
TEXT	413	00007A4E
TEXT	414	00007A4F
TEXT	415	00007A50
TEXT	417	00007A51
TEXT	419	00007A52
TEXT	420	00007A53
TEXT	421	00007A54
TEXT	422	00007A55
TEXT	423	00007A56
TEXT	425	00007A57
TEXT	426	00007A58
TEXT	427	00007A59
TEXT	428	00007A5A
TEXT	429	00007A5B
TEXT	430	00007A5C
TEXT	431	00007A5D
TEXT	432	00007A5E
TEXT	433	00007A5F
TEXT	436	00007A60
TEXT	437	00007A61
TEXT	438	00007A62
TEXT	441	00007A63
TEXT	442	00007A64
TEXT	444	00007A65
TEXT	445	00007A66
TEXT	446	00007A67
TEXT	447	00007A68
TEXT	449	00007A69
TEXT	450	00007A6A
TEXT	451	00007A6B
TEXT	454	00007A6C
TEXT	455	00007A6D
TEXT	458	00007A6E
TEXT	459	00007A6F
TEXT	460	00007A70
TEXT	461	00007A71
TEXT	462	00007A72
TEXT	463	00007A73
TEXT	464	00007A74
TEXT	470	00007A75
TEXT	471	00007A76
TEXT	472	00007A77
TEXT	473	00007A78
TEXT	475	00007A79
TEXT	476	00007A7A
TEXT	477	00007A7B
TEXT	478	00007A7C
TEXT	483	00007A7D
TEXT	485	00007A7E
TEXT	486	00007A7F
TEXT	487	00007A80
TEXT	489	00007A81
TEXT	490	00007A82
TEXT	491	00007A83
TEXT	493	00007A84
TEXT	494	00007A85
TEXT	495	00007A86
TEXT	496	00007A87
TEXT	498	00007A88
TEXT	499	00007A89
TEXT	500	00007A8A
TEXT	501	00007A8B
TEXT	507	00007A8C
TEXT	508	00007A8D
TEXT	509	00007A8E
TEXT	510	00007A8F
TEXT	511	00007A90
TEXT	513	00007A91
TEXT	514	00007A92
TEXT	515	00007A93
TEXT	516	00007A94
TEXT	517	00007A95
TEXT	518	00007A96
TEXT	520	00007A97
TEXT	521	00007A98
TEXT	523	00007A99
TEXT	524	00007A9A
TEXT	525	00007A9B
TEXT	530	00007A9C
TEXT	531	00007A9D
TEXT	532	00007A9E
TEXT	534	00007A9F
TEXT	535	00007AA0
TEXT	536	00007AA1
TEXT	537	00007AA2
TEXT	541	00007AA3
TEXT	543	00007AA4
TEXT	544	00007AA5
TEXT	546	00007AA6
TEXT	547	00007AA7
TEXT	548	00007AA8
TEXT	550	00007AA9
TEXT	551	00007AAA
TEXT	552	00007AAB
TEXT	553	00007AAC
TEXT	554	00007AAD
TEXT	556	00007AAE
TEXT	557	00007AAF
TEXT	558	00007AB0
TEXT	560	00007AB1
TEXT	562	00007AB2
TEXT	563	00007AB3
TEXT	564	00007AB4
TEXT	565	00007AB5
TEXT	566	00007AB6
TEXT	567	00007AB7
TEXT	568	00007AB8
TEXT	570	00007AB9
TEXT	571	00007ABA
TEXT	572	00007ABB
TEXT	573	00007ABC
TEXT	575	00007ABD
TEXT	576	00007ABE
TEXT	578	00007ABF
TEXT	579	00007AC0
TEXT	581	00007AC1
TEXT	582	00007AC2
TEXT	583	00007AC3
TEXT	584	00007AC4
TEXT	585	00007AC5
TEXT	586	00007AC6
TEXT	588	00007AC7
TEXT	589	00007AC8
TEXT	591	00007AC9
TEXT	592	00007ACA
TEXT	593	00007ACB
TEXT	595	00007ACC
TEXT	597	00007ACD
TEXT	598	00007ACE
TEXT	599	00007ACF
TEXT	600	00007AD0
TEXT	603	00007AD1
TEXT	604	00007AD2
TEXT	608	00007AD3
TEXT	609	00007AD4
TEXT	610	00007AD5
TEXT	611	00007AD6
TEXT	612	00007AD7
TEXT	613	00007AD8
TEXT	614	00007AD9
TEXT	615	00007ADA
TEXT	618	00007ADB
TEXT	619	00007ADC
TEXT	620	00007ADD
TEXT	621	00007ADE
TEXT	623	00007ADF
TEXT	624	00007AE0
TEXT	626	00007AE1
TEXT	628	00007AE2
TEXT	629	00007AE3
TEXT	630	00007AE4
TEXT	635	00007AE5
TEXT	636	00007AE6
TEXT	638	00007AE7
TEXT	639	00007AE8
TEXT	641	00007AE9
TEXT	642	00007AEA
TEXT	643	00007AEB
TEXT	645	00007AEC
TEXT	646	00007AED
TEXT	647	00007AEE
TEXT	648	00007AEF
TEXT	650	00007AF0
TEXT	651	00007AF1
TEXT	652	00007AF2
TEXT	656	00007AF3
TEXT	659	00007AF4
TEXT	660	00007AF5
TEXT	663	00007AF6
TEXT	664	00007AF7
TEXT	665	00007AF8
TEXT	666	00007AF9
TEXT	667	00007AFA
TEXT	668	00007AFB
TEXT	682	00007AFC
TEXT	683	00007AFD
TEXT	684	00007AFE
TEXT	685	00007AFF
TEXT	689	00007B00
TEXT	690	00007B01
TEXT	691	00007B02
TEXT	692	00007B03
TEXT	693	00007B04
TEXT	694	00007B05
TEXT	696	00007B06
TEXT	697	00007B07
TEXT	698	00007B08
TEXT	699	00007B09
TEXT	700	00007B0A
TEXT	701	00007B0B
TEXT	702	00007B0C
TEXT	704	00007B0D
TEXT	705	00007B0E
TEXT	706	00007B0F
TEXT	707	00007B10
TEXT	708	00007B11
TEXT	724	00007B12
TEXT	725	00007B13
TEXT	726	00007B14
TEXT	727	00007B15
TEXT	728	00007B16
TEXT	729	00007B17
TEXT	730	00007B18
TEXT	731	00007B19
TEXT	732	00007B1A
TEXT	733	00007B1B
TEXT	737	00007B1C
TEXT	738	00007B1D
TEXT	739	00007B1E
TEXT	740	00007B1F
TEXT	741	00007B20
TEXT	743	00007B21
TEXT	744	00007B22
TEXT	745	00007B23
TEXT	746	00007B24
TEXT	747	00007B25
TEXT	748	00007B26
TEXT	750	00007B27
TEXT	755	00007B28
TEXT	756	00007B29
TEXT	757	00007B2A
TEXT	758	00007B2B
TEXT	759	00007B2C
TEXT	761	00007B2D
TEXT	762	00007B2E
TEXT	763	00007B2F
TEXT	764	00007B30
TEXT	766	00007B31
TEXT	768	00007B32
TEXT	769	00007B33
TEXT	770	00007B34
TEXT	771	00007B35
TEXT	772	00007B36
TEXT	774	00007B37
TEXT	775	00007B38
TEXT	776	00007B39
TEXT	777	00007B3A
TEXT	778	00007B3B
TEXT	779	00007B3C
TEXT	782	00007B3D
TEXT	783	00007B3E
TEXT	785	00007B3F
TEXT	786	00007B40
TEXT	787	00007B41
TEXT	788	00007B42
TEXT	789	00007B43
TEXT	790	00007B44
TEXT	791	00007B45
TEXT	792	00007B46
TEXT	793	00007B47
TEXT	794	00007B48
TEXT	795	00007B49
TEXT	870	00007BF6
TEXT	872	00007BF7
TEXT	874	00007BF8
TEXT	875	00007BF9
TEXT	876	00007BFA
TEXT	879	00007BFB
TEXT	880	00007BFC
TEXT	881	00007BFD
TEXT	883	00007BFE
TEXT	884	00007BFF
TEXT	885	00007C00
TEXT	887	00007C01
TEXT	888	00007C02
TEXT	889	00007C03
TEXT	890	00007C04
TEXT	892	00007C05
TEXT	893	00007C06
TEXT	894	00007C07
TEXT	895	00007C08
TEXT	901	00007C09
TEXT	902	00007C0A
TEXT	903	00007C0B
TEXT	904	00007C0C
TEXT	905	00007C0D
TEXT	906	00007C0E
TEXT	907	00007C0F
TEXT	909	00007C10
TEXT	910	00007C11
TEXT	911	00007C12
TEXT	912	00007C13
TEXT	913	00007C14
TEXT	914	00007C15
TEXT	915	00007C16
TEXT	916	00007C17
TEXT	917	00007C18
TEXT	920	00007C19
TEXT	921	00007C1A
TEXT	922	00007C1B
TEXT	925	00007C1C
TEXT	926	00007C1D
TEXT	927	00007C1E
TEXT	928	00007C1F
TEXT	929	00007C20
TEXT	930	00007C21
TEXT	931	00007C22
TEXT	932	00007C23
TEXT	933	00007C24
TEXT	934	00007C25
TEXT	935	00007C26
TEXT	936	00007C27
TEXT	938	00007C28
TEXT	944	00007C29
TEXT	945	00007C2A
TEXT	946	00007C2B
TEXT	947	00007C2C
TEXT	948	00007C2D
TEXT	950	00007C2E
TEXT	951	00007C2F
TEXT	953	00007C30
TEXT	954	00007C31
TEXT	956	00007C32
TEXT	957	00007C33
TEXT	958	00007C34
TEXT	960	00007C35
TEXT	961	00007C36
TEXT	962	00007C37
TEXT	963	00007C38
TEXT	964	00007C39
TEXT	966	00007C3A
TEXT	967	00007C3B
TEXT	968	00007C3C
TEXT	969	00007C3D
TEXT	971	00007C3E
TEXT	972	00007C3F
TEXT	973	00007C40
TEXT	974	00007C41
TEXT	975	00007C42
TEXT	976	00007C43
TEXT	977	00007C44
TEXT	979	00007C45
TEXT	980	00007C46
TEXT	981	00007C47
TEXT	982	00007C48
TEXT	984	00007C49
TEXT	985	00007C4A
TEXT	987	00007C4B
TEXT	988	00007C4C
TEXT	990	00007C4D
TEXT	991	00007C4E
TEXT	992	00007C4F
TEXT	993	00007C50
TEXT	994	00007C51
TEXT	995	00007C52
TEXT	997	00007C53
TEXT	998	00007C54
TEXT	1000	00007C55
TEXT	1001	00007C56
TEXT	1002	00007C57
TEXT	1003	00007C58
TEXT	1005	00007C59
TEXT	1006	00007C5A
TEXT	1008	00007C5B
TEXT	1009	00007C5C
TEXT	1010	00007C5D
TEXT	1011	00007C5E
TEXT	1014	00007C5F
TEXT	1015	00007C60
TEXT	1018	00007C61
TEXT	1019	00007C62
TOTALA	39	0000AEFC
TOTALA	40	0000AEFD
TOTALA	43	0000AEFE
TOTALA	44	0000AEFF
TOTALA	45	0000AF00
TOTALA	46	0000AF01
TOTALA	47	0000AF02
TOTALA	48	0000AF03
TOTALA	49	0000AF04
TOTALA	50	0000AF05
TOTALA	61	0000AF06
TOTALA	62	0000AF07
TOTALA	63	0000AF08
TOTALA	64	0000AF09
TOTALA	65	0000AF0A
TOTALA	66	0000AF0B
TOTALA	67	0000AF0C
TOTALA	76	0000AF0D
TOTALA	77	0000AF0E
TOTALA	78	0000AF0F
TOTALA	79	0000AF10
TOTALA	80	0000AF11
TOTALA	82	0000AF12
TOTALA	83	0000AF17
TOTALA	84	0000AF18
TOTALA	86	0000AF19
TOTALA	87	0000AF1A
TOTALA	89	0000AF1B
TOTALA	90	0000AF1B
TOTALA	92	0000AF1C
TOTALA	94	0000AF1D
TOTALA	95	0000AF1E
TOTALA	96	0000AF1F
TOTALA	97	0000AF20
TOTALA	98	0000AF21
TOTALA	99	0000AF22
TOTALA	101	0000AF23
TOTALA	102	0000AF24
TOTALA	103	0000AF24
TOTALA	104	0000AF25
TOTALA	105	0000AF25
TOTALA	106	0000AF26
TOTALA	107	0000AF26
TOTALA	108	0000AF27
TOTALA	109	0000AF27
TOTALA	110	0000AF28
TOTALA	112	0000AF29
TOTALA	113	0000AF2A
TOTALA	114	0000AF2B
TOTALA	116	0000AF2C
TOTALA	117	0000AF2D
TOTALA	119	0000AF2E
TOTALA	120	0000AF2F
TOTALA	121	0000AF30
TOTALA	122	0000AF31
TOTALA	123	0000AF32
TOTALA	124	0000AF33
TOTALA	125	0000AF34
TOTALA	126	0000AF35
TOTALA	177	0000AF36
TOTALA	178	0000AF3E
TOTALA	180	0000AF42
TOTALA	183	0000AF43
TOTALA	184	0000AF4B
TOTALA	186	0000AF4F
TOTALA	187	0000AF50
TOTALA	188	0000AF51
TOTALA	189	0000AF52
TOTALA	190	0000AF53
TOTALA	193	0000AF54
TOTALA	202	0000AF55
TOTALA	203	0000AF56
TOTALA	204	0000AF57
TOTALA	205	0000AF58
TOTALA	206	0000AF59
TOTALA	208	0000AF5A
TOTALA	209	0000AF5B
TOTALA	210	0000AF5C
TOTALA	211	0000AF5D
TOTALA	213	0000AF5E
TOTALA	216	0000AF5F
TOTALA	217	0000AF60
TOTALA	218	0000AF61
TOTALA	219	0000AF62
TOTALA	220	0000AF63
TOTALA	221	0000AF64
TOTALA	223	0000AF65
TOTALA	224	0000AF66
TOTALA	225	0000AF67
TOTALA	226	0000AF68
TOTALA	227	0000AF69
TOTALA	230	0000AF6A
TOTALA	232	0000AF6B
TOTALA	233	0000AF6F
TOTALA	234	0000AF77
TOTALA	241	0000AF78
TOTALA	242	0000AF7B
TOTALA	243	0000AF7C
TOTALA	244	0000AF7D
TOTALA	245	0000AF7E
TOTALA	246	0000AF7F
TOTALA	247	0000AF82
TOTALA	248	0000AF83
TRACKSEL	53	00006CBA
TRACKSEL	54	00006CBB
TRACKSEL	55	00006CBC
TRACKSEL	59	00006CBD
TRACKSEL	60	00006CC2
TRACKSEL	61	00006CC7
TRACKSEL	62	00006CC8
TRACKSEL	63	00006CC9
TRACKSEL	64	00006CCA
TRACKSEL	67	00006CCB
TRACKSEL	70	00006CCC
TRACKSEL	71	00006CCD
TRACKSEL	72	00006CCE
TRACKSEL	75	00006CCF
TRACKSEL	76	00006CD0
TRACKSEL	77	00006CD1
TRACKSEL	79	00006CD3
TRACKSEL	80	00006CD8
TRACKSEL	81	00006CDD
TRACKSEL	83	00006CDE
TRACKSEL	84	00006CDF
TRACKSEL	86	00006CE0
TRACKSEL	87	00006CE2
TRACKSEL	88	00006CE3
TRACKSEL	92	00006CE4
TRACKSEL	93	00006CE5
TRACKSEL	94	00006CE6
TRACKSEL	95	00006CE7
TRACKSEL	96	00006CE8
TRACKSEL	97	00006CE9
TRACKSEL	99	00006CEA
TRACKSEL	100	00006CEB
TRACKSEL	103	00006CEC
TRACKSEL	104	00006CED
TRACKSEL	106	00006CEE
TRACKSEL	107	00006CEF
TRACKSEL	108	00006CF0
TRACKSEL	109	00006CF1
TRACKSEL	112	00006CF2
TRACKSEL	113	00006CF3
TRACKSEL	114	00006CF4
TRACKSEL	115	00006CF5
TRACKSEL	117	00006CF6
TRACKSEL	118	00006CF7
TRACKSEL	119	00006CF8
TRACKSEL	121	00006CF9
TRACKSEL	122	00006CFA
TRACKSEL	124	00006CFB
TRACKSEL	125	00006CFC
TRACKSEL	128	00006CFD
TRACKSEL	129	00006CFE
TRACKSEL	130	00006CFF
TRACKSEL	133	00006D00
TRACKSEL	135	00006D02
TRACKSEL	136	00006D03
TRACKSEL	138	00006D04
TRACKSEL	140	00006D0A
TRACKSEL	141	00006D0C
TRACKSEL	142	00006D0D
TRACKSEL	162	00006D0E
TRACKSEL	164	00006D0F
TRACKSEL	166	00006D10
TRACKSEL	167	00006D11
TRACKSEL	168	00006D12
TRACKSEL	169	00006D13
TRACKSEL	170	00006D14
TRACKSEL	171	00006D15
TRACKSEL	172	00006D18
TRACKSEL	173	00006D1B
TRACKSEL	175	00006D1C
TRACKSEL	176	00006D1D
TRACKSEL	177	00006D1E
TRACKSEL	178	00006D1F
TRACKSEL	179	00006D20
TRACKSEL	180	00006D21
TRACKSEL	181	00006D24
TRACKSEL	182	00006D27
TRACKSEL	184	00006D28
TRACKSEL	185	00006D29
TRACKSEL	186	00006D2A
TRACKSEL	187	00006D2B
TRACKSEL	188	00006D2C
TRACKSEL	189	00006D2D
TRACKSEL	190	00006D30
TRACKSEL	191	00006D33
TRACKSEL	194	00006D34
TRACKSEL	195	00006D35
TRACKSEL	196	00006D36
TRACKSEL	197	00006D37
TRACKSEL	198	00006D38
TRACKSEL	199	00006D39
TRACKSEL	200	00006D3A
TRACKSEL	201	00006D3B
TRACKSEL	202	00006D3C
TRACKSEL	203	00006D3F
TRACKSEL	204	00006D42
TRACKSEL	206	00006D43
TRACKSEL	208	00006D45
TRACKSEL	209	00006D47
TRACKSEL	210	00006D48
TRACKSEL	211	00006D4A
TRACKSEL	222	00006D4B
TRACKSEL	223	00006D4C
TRACKSEL	225	00006D4D
TRACKSEL	226	00006D4E
TRACKSEL	228	00006D4F
TRACKSEL	229	00006D50
TRACKSEL	230	00006D51
TRACKSEL	232	00006D52
TRACKSEL	233	00006D54
TRACKSEL	234	00006D55
TRACKSEL	236	00006D56
TRACKSEL	237	00006D57
TRACKSEL	238	00006D58
TRACKSEL	239	00006D59
TRACKSEL	241	00006D5A
TRACKSEL	242	00006D5C
TRACKSEL	243	00006D5E
TRACKSEL	244	00006D5F
TRACKSEL	251	00006D60
TRACKSEL	252	00006D61
TRACKSEL	253	00006D67
TRACKSEL	255	00006D68
TRACKSEL	256	00006D69
TRACKSEL	257	00006D6A
TRACKSEL	258	00006D6C
TRACKSEL	260	00006D6D
TRACKSEL	263	00006D73
TRACKSEL	264	00006D74
TRACKSEL	265	00006D75
TRACKSEL	266	00006D76
TRACKSEL	268	00006D77
TRACKSEL	269	00006D78
TRACKSEL	270	00006D79
TRACKSEL	272	00006D7A
TRACKSEL	273	00006D7B
TRACKSEL	275	00006D7C
TRACKSEL	276	00006D7D
TRACKSEL	278	00006D7E
TRACKSEL	279	00006D7F
TRACKSEL	280	00006D80
TRACKSEL	283	00006D81
TRACKSEL	285	00006D82
TRACKSEL	286	00006D83
TRACKSEL	287	00006D84
TRACKSEL	288	00006D86
TRACKSEL	292	00006D87
TRACKSEL	293	00006D88
TRACKSEL	304	00006D89
TRACKSEL	305	00006D8A
TRACKSEL	309	00006D8B
TRACKSEL	310	00006D8C
TRACKSEL	311	00006D8D
TRACKSEL	313	00006D8E
TRACKSEL	314	00006D8F
TRACKSEL	316	00006D90
TRACKSEL	318	00006D91
TRACKSEL	319	00006D92
TRACKSEL	320	00006D93
TRACKSEL	325	00006D94
TRACKSEL	326	00006D95
TRACKSEL	328	00006D96
TRACKSEL	329	00006D97
TRACKSEL	330	00006D98
TRACKSEL	335	00006D99
TRACKSEL	336	00006D9A
TRACKSEL	337	00006D9B
TRACKSEL	338	00006D9C
TRACKSEL	339	00006D9D
TRACKSEL	342	00006D9E
TRACKSEL	343	00006D9F
TRACKSEL	344	00006DA0
TRACKSEL	345	00006DA1
TRACKSEL	346	00006DA2
TRACKSEL	347	00006DA3
TRACKSEL	348	00006DA6
TRACKSEL	360	00006DA9
TRACKSEL	361	00006DAA
TRACKSEL	362	00006DAB
TRACKSEL	363	00006DAC
TRACKSEL	364	00006DAE
TRACKSEL	365	00006DAF
TRACKSEL	377	00006DB0
TRACKSEL	378	00006DB1
TRACKSEL	379	00006DB2
TRACKSEL	385	00006DB3
TRACKSEL	386	00006DB4
TRACKSEL	388	00006DB5
TRACKSEL	389	00006DB6
TRACKSEL	390	00006DB7
TRACKSEL	393	00006DB8
TRACKSEL	395	00006DB9
TRACKSEL	396	00006DBB
TRACKSEL	397	00006DBC
TRACKSEL	401	00006DBD
TRACKSEL	402	00006DBE
TRACKSEL	403	00006DBF
TRACKSEL	404	00006DC0
TRACKSEL	406	00006DC1
TRACKSEL	407	00006DC2
TRACKSEL	409	00006DC3
TRACKSEL	410	00006DC4
TRACKSEL	412	00006DC5
TRACKSEL	413	00006DC6
TRACKSEL	420	00006DC7
TRACKSEL	421	00006DC8
TRACKSEL	427	00006DC9
TRACKSEL	445	00006DCB
TRACKSEL	446	00006DCC
TRACKSEL	448	00006DCD
TRACKSEL	449	00006DCE
TRACKSEL	450	00006DCF
TRACKSEL	454	00006DD0
TRACKSEL	455	00006DD1
TRACKSEL	456	00006DD2
TRACKSEL	457	00006DD3
TRACKSEL	458	00006DD4
TRACKSEL	462	00006DD5
TRACKSEL	463	00006DD6
TRACKSEL	474	00006DD7
TRACKSEL	475	00006DD8
TRACKSEL	476	00006DD9
TRACKSEL	488	00006DDF
TRACKSEL	489	00006DE0
TRACKSEL	490	00006DE1
TRACKSEL	497	00006DE2
TRACKSEL	498	00006DE3
TRACKSEL	499	00006DE4
TRACKSEL	500	00006DE5
TRACKSEL	501	00006DE6
TRACKSEL	503	00006DE7
TRACKSEL	504	00006DE8
TRACKSEL	506	00006DE9
TRACKSEL	507	00006DEB
TRACKSEL	509	00006DED
TRACKSEL	510	00006DEE
TRACKSEL	522	00006DEF
TRACKSEL	523	00006DF0
TRACKSEL	524	00006DF1
TRACKSEL	525	00006DF2
TRACKSEL	527	00006DF3
TRACKSEL	528	00006DF4
TRACKSEL	531	00006DF5
TRACKSEL	532	00006DF6
TRACKSEL	533	00006DF7
TRACKSEL	534	00006DF8
TRACKSEL	535	00006DF9
TRACKSEL	536	00006DFA
TRACKSEL	537	00006DFB
TRACKSEL	538	00006DFC
TRACKSEL	540	00006DFD
TRACKSEL	541	00006DFE
TRACKSEL	542	00006DFF
TRACKSEL	543	00006E00
TRACKSEL	545	00006E01
TRACKSEL	550	00006E02
TRACKSEL	551	00006E03
TRACKSEL	552	00006E04
TRACKSEL	553	00006E05
TRACKSEL	556	00006E06
TRACKSEL	557	00006E07
TRACKSEL	558	00006E08
TRACKSEL	559	00006E09
TRACKSEL	560	00006E0A
TRACKSEL	566	00006E0B
TRACKSEL	569	00006E11
TRACKSEL	570	00006E12
TRACKSEL	571	00006E13
TRACKSEL	572	00006E14
TRACKSEL	573	00006E16
TRACKSEL	575	00006E17
TRACKSEL	577	00006E18
TRACKSEL	578	00006E19
TRACKSEL	579	00006E1A
TRACKSEL	580	00006E1B
TRACKSEL	581	00006E1C
TRACKSEL	584	00006E1D
TRACKSEL	585	00006E1E
TRACKSEL	586	00006E1F
TRACKSEL	588	00006E20
TRACKSEL	589	00006E21
TRACKSEL	590	00006E22
TRACKSEL	597	00006E26
TRACKSEL	598	00006E27
TRACKSEL	599	00006E28
TRACKSEL	618	00006E29
TRACKSEL	619	00006E2A
TRACKSEL	620	00006E2B
TRACKSEL	621	00006E2C
TRACKSEL	622	00006E2D
TRACKSEL	623	00006E2E
TRACKSEL	624	00006E2F
TRACKSEL	625	00006E30
TRACKSEL	626	00006E31
TRACKSEL	627	00006E32
TRACKSEL	628	00006E33
TRACKSEL	629	00006E34
TRACKSEL	630	00006E35
TRACKSEL	631	00006E36
TRACKSEL	632	00006E37
TRACKSEL	639	00006E38
TRACKSEL	640	00006E39
TRACKSEL	641	00006E3A
TRACKSEL	643	00006E3B
TRACKSEL	644	00006E3C
TRACKSEL	646	00006E3D
TRACKSEL	647	00006E3E
TRACKSEL	648	00006E3F
TRACKSEL	650	00006E40
TRACKSEL	652	00006E41
TRACKSEL	653	00006E42
TRACKSEL	655	00006E43
TRACKSEL	656	00006E44
TRACKSEL	657	00006E45
TRACKSEL	658	00006E46
TRACKSEL	659	00006E47
TRACKSEL	661	00006E48
TRACKSEL	662	00006E49
TRACKSEL	664	00006E4A
TRACKSEL	665	00006E4B
TRACKSEL	667	00006E4C
TRACKSEL	670	00006E4D
TRACKSEL	671	00006E4E
TRACKSEL	673	00006E4F
TRACKSEL	674	00006E50
TRACKSEL	675	00006E51
TRACKSEL	676	00006E52
TRACKSEL	677	00006E53
TRACKSEL	678	00006E54
TRACKSEL	680	00006E55
TRACKSEL	681	00006E56
TRACKSEL	683	00006E57
TRACKSEL	684	00006E58
TRACKSEL	685	00006E59
TRACKSEL	687	00006E5A
TRACKSEL	688	00006E5B
TRACKSEL	689	00006E5C
TRACKSEL	690	00006E5D
TRACKSEL	691	00006E5E
TRACKSEL	694	00006E5F
TRACKSEL	695	00006E60
TRACKSEL	697	00006E61
TRACKSEL	698	00006E62
TRACKSEL	699	00006E63
TRACKSEL	700	00006E64
TRACKSEL	701	00006E65
TRACKSEL	702	00006E66
TRACKSEL	704	00006E67
TRACKSEL	705	00006E68
TRACKSEL	706	00006E69
TRACKSEL	707	00006E6A
TRACKSEL	708	00006E6B
TRACKSEL	710	00006E6C
TRACKSEL	711	00006E6D
TRACKSEL	712	00006E6E
TRACKSEL	713	00006E6F
TRACKSEL	714	00006E70
TRACKSEL	715	00006E71
TRACKSEL	716	00006E72
TRACKSEL	720	00006E73
TRACKSEL	721	00006E74
TRACKSEL	722	00006E75
TRACKSEL	723	00006E76
TRACKSEL	724	00006E77
TRACKSEL	725	00006E78
TRACKSEL	728	00006E79
TRACKSEL	737	00006E7A
TRACKSEL	739	00006E7B
TRACKSEL	740	00006E7C
TRACKSEL	741	00006E7D
TRACKSEL	742	00006E7E
TRACKSEL	743	00006E7F
TRACKSEL	744	00006E80
TRACKSEL	746	00006E81
TRACKSEL	747	00006E82
TRACKSEL	748	00006E84
TRACKSEL	751	00006E85
TRACKSEL	753	00006E86
TRACKSEL	754	00006E87
TRACKSEL	755	00006E88
TRACKSEL	757	00006E89
TRACKSEL	758	00006E8A
TRACKSEL	759	00006E8B
TRACKSEL	760	00006E8C
TRACKSEL	761	00006E8D
TRACKSEL	762	00006E8E
TRACKSEL	765	00006E8F
TRACKSEL	766	00006E90
TRACKSEL	767	00006E91
TRACKSEL	768	00006E92
TRACKSEL	769	00006E93
TRACKSEL	770	00006E94
TRACKSEL	773	00006E95
TRACKSEL	774	00006E96
TRACKSEL	775	00006E97
TRACKSEL	776	00006E98
TRACKSEL	777	00006E99
TRACKSEL	780	00006E9A
TRACKSEL	781	00006E9B
TRACKSEL	782	00006E9C
TRACKSEL	787	00006E9D
TRACKSEL	788	00006E9E
TRACKSEL	789	00006E9F
TRACKSEL	790	00006EA0
TRACKSEL	791	00006EA1
TRACKSEL	792	00006EA2
TRACKSEL	793	00006EA3
TRACKSEL	794	00006EA4
TRACKSEL	795	00006EA5
TRACKSEL	796	00006EA6
TRACKSEL	799	00006EA7
TRACKSEL	800	00006EA8
TRACKSEL	801	00006EA9
TRACKSEL	802	00006EAA
TRACKSEL	803	00006EAB
TRACKSEL	804	00006EAC
TRACKSEL	805	00006EAD
TRACKSEL	807	00006EAE
TRACKSEL	808	00006EAF
TRACKSEL	809	00006EB0
TRACKSEL	810	00006EB1
TRACKSEL	812	00006EB4
TRACKSEL	813	00006EB5
TRACKSEL	816	00006EB6
TRACKSEL	817	00006EB8
TRACKSEL	818	00006EB9
TRACKSEL	820	00006EBA
TRACKSEL	821	00006EBB
TRACKSEL	822	00006EBC
TRACKSEL	823	00006EBD
TRACKSEL	824	00006EBE
TRACKSEL	825	00006EBF
TRACKSEL	826	00006EC0
TRACKSEL	828	00006EC3
TRACKSEL	829	00006EC4
TRACKSEL	830	00006EC5
TRACKSEL	831	00006EC6
TRACKSEL	832	00006EC7
TRACKSEL	833	00006EC8
TRACKSEL	834	00006EC9
TRACKSEL	838	00006ECC
TRACKSEL	844	00006ECD
TRACKSEL	845	00006ECE
TRACKSEL	847	00006ECF
TRACKSEL	848	00006ED0
TRACKSEL	849	00006ED1
TRACKSEL	850	00006ED2
TRACKSEL	851	00006ED3
TRACKSEL	854	00006ED4
TRACKSEL	855	00006ED6
TRACKSEL	856	00006ED7
TRACKSEL	862	00006EDB
TRACKSEL	864	00006EDC
TRACKSEL	865	00006EDD
TRACKSEL	866	00006EDE
TRACKSEL	867	00006EDF
TRACKSEL	869	00006EE0
TRACKSEL	870	00006EE1
TRACKSEL	871	00006EE2
TRACKSEL	872	00006EE3
TRACKSEL	873	00006EE4
TRACKSEL	875	00006EE5
TRACKSEL	876	00006EE6
TRACKSEL	877	00006EE7
TRACKSEL	879	00006EE8
TRACKSEL	880	00006EE9
TRACKSEL	881	00006EEA
TRACKSEL	882	00006EEB
TRACKSEL	883	00006EEC
TRACKSEL	884	00006EED
TRACKSEL	885	00006EEE
TRACKSEL	886	00006EEF
TRACKSEL	890	00006EF0
TRACKSEL	891	00006EF1
TRACKSEL	892	00006EF2
TRACKSEL	893	00006EF3
TRACKSEL	894	00006EF4
TRACKSEL	895	00006EF5
TRACKSEL	897	00006EF6
TRACKSEL	900	00006EF7
TRACKSEL	913	00006EF8
TRACKSEL	914	00006EF9
TRACKSEL	916	00006EFA
TRACKSEL	918	00006EFB
TRACKSEL	919	00006EFC
TRACKSEL	920	00006EFD
TRACKSEL	921	00006EFE
TRACKSEL	922	00006EFF
TRACKSEL	925	00006F00
TRACKSEL	926	00006F01
TRACKSEL	927	00006F02
TRACKSEL	928	00006F03
TRACKSEL	929	00006F04
TRACKSEL	930	00006F05
TRACKSEL	932	00006F06
TRACKSEL	933	00006F08
TRACKSEL	934	00006F09
TRACKSEL	935	00006F0A
TRACKSEL	937	00006F0B
TRACKSEL	938	00006F0C
TRACKSEL	939	00006F0D
TRACKSEL	942	00006F0E
TRACKSEL	944	00006F0F
TRACKSEL	945	00006F10
TRACKSEL	946	00006F11
TRACKSEL	947	00006F12
TRACKSEL	948	00006F13
TRACKSEL	951	00006F14
TRACKSEL	952	00006F15
TRACKSEL	953	00006F16
TRACKSEL	954	00006F17
TRACKSEL	956	00006F18
TRACKSEL	957	00006F19
TRACKSEL	959	00006F1A
TRACKSEL	960	00006F1B
TRACKSEL	961	00006F1E
TRACKSEL	964	00006F1F
TRACKSEL	965	00006F20
TRACKSEL	966	00006F21
TRACKSEL	967	00006F22
TRACKSEL	969	00006F23
TRACKSEL	970	00006F24
TRACKSEL	972	00006F25
TRACKSEL	973	00006F26
TRACKSEL	974	00006F29
TRACKSEL	977	00006F2A
TRACKSEL	978	00006F2B
TRACKSEL	979	00006F2C
TRACKSEL	980	00006F2D
TRACKSEL	983	00006F2E
TRACKSEL	984	00006F2F
TRACKSEL	985	00006F30
TRACKSEL	986	00006F31
TRACKSEL	987	00006F32
TRACKSEL	989	00006F33
TRACKSEL	990	00006F34
TRACKSEL	992	00006F35
TRACKSEL	993	00006F36
TRACKSEL	994	00006F37
TRACKSEL	995	00006F38
TRACKSEL	998	00006F39
TRACKSEL	999	00006F3A
TRACKSEL	1000	00006F3B
TRACKSEL	1001	00006F3C
TRACKSEL	1002	00006F3D
TRACKSEL	1003	00006F40
TRACKSEL	1005	00006F41
TRACKSEL	1006	00006F42
TRACKSEL	1007	00006F43
TRACKSEL	1008	00006F44
TRACKSEL	1010	00006F45
TRACKSEL	1011	00006F46
TRACKSEL	1012	00006F47
TRACKSEL	1013	00006F48
TRACKSEL	1014	00006F49
TRACKSEL	1016	00006F4A
TRACKSEL	1017	00006F4B
TRACKSEL	1019	00006F4C
TRACKSEL	1020	00006F4D
TRACKSEL	1021	00006F4E
TRACKSEL	1023	00006F4F
TRACKSEL	1024	00006F50
TRACKSEL	1025	00006F51
TRACKSEL	1026	00006F52
TRACKSEL	1028	00006F53
TRACKSEL	1029	00006F54
TRACKSEL	1039	00006F55
TRACKSEL	1041	00006F57
TRACKSEL	1042	00006F58
TRACKSEL	1043	00006F59
TRACKSEL	1044	00006F5A
TRACKSEL	1045	00006F5B
TRACKSEL	1047	00006F5C
TRACKSEL	1048	00006F5D
TRACKSEL	1049	00006F5E
TRACKSEL	1050	00006F5F
TRACKSEL	1051	00006F60
TRACKSEL	1053	00006F61
TRACKSEL	1055	00006F64
TRACKSEL	1056	00006F65
TRACKSEL	1057	00006F66
TRACKSEL	1058	00006F68
TRACKSEL	1059	00006F69
TRACKSEL	1066	00006F6D
TRACKSEL	1068	00006F6E
TRACKSEL	1069	00006F6F
TRACKSEL	1070	00006F70
TRACKSEL	1071	00006F71
TRACKSEL	1073	00006F72
TRACKSEL	1074	00006F73
TRACKSEL	1075	00006F74
TRACKSEL	1077	00006F75
TRACKSEL	1079	00006F76
TRACKSEL	1080	00006F78
TRACKSEL	1083	00006F79
TRACKSEL	1084	00006F7A
TRACKSEL	1085	00006F7B
TRACKSEL	1086	00006F7C
TRACKSEL	1087	00006F7D
TRACKSEL	1088	00006F7E
TRACKSEL	1089	00006F7F
TRACKSEL	1091	00006F80
TRACKSEL	1093	00006F81
TRACKSEL	1094	00006F83
TRACKSEL	1095	00006F84
TRACKSEL	1098	00006F85
TRACKSEL	1099	00006F86
TRACKSEL	1100	00006F87
TRACKSEL	1101	00006F88
TRACKSEL	1102	00006F89
TRACKSEL	1103	00006F8A
TRACKSEL	1105	00006F8B
TRACKSEL	1106	00006F8C
TRACKSEL	1107	00006F8D
TRACKSEL	1108	00006F8E
TRACKSEL	1109	00006F8F
TRACKSEL	1111	00006F90
TRACKSEL	1112	00006F91
TRACKSEL	1113	00006F92
TRACKSEL	1115	00006F93
TRACKSEL	1116	00006F94
TRACKSEL	1117	00006F95
TRACKSEL	1118	00006F96
TRACKSEL	1119	00006F99
TRACKSEL	1125	00006F9A
TRACKSEL	1126	00006F9B
TRACKSEL	1128	00006F9C
TRACKSEL	1129	00006F9D
TRACKSEL	1130	00006F9E
TRACKSEL	1132	00006F9F
TRACKSEL	1133	00006FA0
TRACKSEL	1135	00006FA1
TRACKSEL	1136	00006FA2
TRACKSEL	1137	00006FA3
TRACKSEL	1138	00006FA4
TRACKSEL	1140	00006FA5
TRACKSEL	1141	00006FA6
TRACKSEL	1142	00006FA7
TRACKSEL	1143	00006FA8
TRACKSEL	1145	00006FA9
TRACKSEL	1146	00006FAA
TRACKSEL	1147	00006FAB
TRACKSEL	1148	00006FAC
TRACKSEL	1150	00006FAD
TRACKSEL	1151	00006FAE
TRACKSEL	1153	00006FAF
TRACKSEL	1155	00006FB0
TRACKSEL	1168	00006FB7
TRACKSEL	1170	00006FB8
TRACKSEL	1171	00006FB9
TRACKSEL	1172	00006FBA
TRACKSEL	1174	00006FBB
TRACKSEL	1175	00006FBD
TRACKSEL	1184	00006FBE
TRACKSEL	1186	00006FBF
TRACKSEL	1187	00006FC0
TRACKSEL	1188	00006FC1
TRACKSEL	1190	00006FC2
TRACKSEL	1192	00006FC3
TRACKSEL	1193	00006FC4
TRACKSEL	1194	00006FC5
TRACKSEL	1195	00006FC6
TRACKSEL	1198	00006FC7
TRACKSEL	1199	00006FC8
TRACKSEL	1200	00006FC9
TRACKSEL	1202	00006FCA
TRACKSEL	1203	00006FCB
TRACKSEL	1205	00006FCC
TRACKSEL	1206	00006FCD
TRACKSEL	1207	00006FCE
TRACKSEL	1208	00006FCF
TRACKSEL	1209	00006FD0
TRACKSEL	1210	00006FD1
TRACKSEL	1211	00006FD2
TRACKSEL	1212	00006FD3
TRACKSEL	1223	00006FDB
TRACKSEL	1224	00006FDC
TRACKSEL	1225	00006FDD
TRACKSEL	1226	00006FDE
TRACKSEL	1228	00006FDF
TRACKSEL	1229	00006FE0
TRACKSEL	1230	00006FE1
TRACKSEL	1233	00006FE2
TRACKSEL	1234	00006FE3
TRACKSEL	1236	00006FE4
TRACKSEL	1237	00006FE5
TRACKSEL	1238	00006FE6
TRACKSEL	1239	00006FE7
TRACKSEL	1241	00006FE8
TRACKSEL	1242	00006FE9
TRACKSEL	1243	00006FEA
TRACKSEL	1244	00006FEB
TRACKSEL	1245	00006FEC
TRACKSEL	1247	00006FED
TRACKSEL	1248	00006FEF
TRACKSEL	1286	00006FFF
TRACKSEL	1287	00007000
TRACKSEL	1288	00007001
TRACKSEL	1289	00007002
TRACKSEL	1290	00007003
TRACKSEL	1291	00007004
TRACKSEL	1292	00007005
TRACKSEL	1298	00007006
TRACKSEL	1299	00007007
TRACKSEL	1300	00007008
TRACKSEL	1301	00007009
TRACKSEL	1302	0000700A
TRACKSEL	1304	0000700B
TRACKSEL	1305	0000700C
TRACKSEL	1306	0000700D
TRACKSEL	1312	0000700E
TRACKSEL	1313	0000700F
TRACKSEL	1315	00007010
TRACKSEL	1316	00007011
TRACKSEL	1317	00007012
TRACKSEL	1318	00007013
TRANS	39	00005A17
TRANS	41	00005A18
TRANS	42	00005A19
TRANS	43	00005A1A
TRANS	46	00005A1B
TRANS	47	00005A1C
TRANS	48	00005A1D
TRANS	52	00005A1E
TRANS	53	00005A1F
TRANS	54	00005A20
TRANS	56	00005A21
TRANS	57	00005A22
TRANS	58	00005A23
TRANS	59	00005A24
TRANS	60	00005A25
TRANS	61	00005A26
TRANS	62	00005A27
TRANS	64	00005A28
TRANS	65	00005A29
TRANS	66	00005A2A
TRANS	67	00005A2B
TRANS	68	00005A2C
TRANS	69	00005A2D
TRANS	70	00005A2E
TRANS	72	00005A2F
TRANS	73	00005A30
TRANS	77	00005A31
TRANS	78	00005A32
TRANS	79	00005A33
TRANS	82	00005A34
TRANS	84	00005A37
TRANS	85	00005A38
TRANS	86	00005A39
TRANS	87	00005A3A
TRANS	89	00005A3B
TRANS	90	00005A3C
TRANS	91	00005A3D
TRANS	92	00005A3E
TRANS	95	00005A3F
TRANS	96	00005A41
TRANS	98	00005A42
TRANS	100	00005A44
TRANS	101	00005A45
TRANS	104	00005A46
TRANS	105	00005A47
TRANS	106	00005A48
TRANS	108	00005A49
TRANS	109	00005A4A
TRANS	113	00005A4B
TRANS	114	00005A4C
TRANS	116	00005A4D
TRANS	117	00005A4E
TRANS	118	00005A4F
TRANS	120	00005A50
TRANS	121	00005A51
TRANS	123	00005A52
TRANS	124	00005A53
TRANS	125	00005A54
TRANS	126	00005A55
TRANS	127	00005A56
TRANS	128	00005A57
TRANS	130	00005A58
TRANS	131	00005A59
TRANS	136	00005A5A
TRANS	137	00005A5B
TRANS	138	00005A5C
TRANS	139	00005A5D
TRANS	140	00005A5E
TRANS	143	00005A5F
TRANS	144	00005A60
TRANS	145	00005A61
TRANS	146	00005A62
TRANS	148	00005A64
TRANS	149	00005A65
TRANS	152	00005A66
TRANS	155	00005A68
TRANS	156	00005A69
TRANS	157	00005A6A
TRANS	160	00005A6B
TRANS	161	00005A6C
TRANS	162	00005A6D
TRANS	163	00005A6E
TRANS	164	00005A6F
TRANS	166	00005A70
TRANS	167	00005A71
TRANS	168	00005A72
TRANS	170	00005A73
TRANS	171	00005A74
TRANS	172	00005A75
TRANS	173	00005A76
TRANS	174	00005A77
TRANS	176	00005A78
TRANS	177	00005A79
TRANS	178	00005A7A
TRANS	179	00005A7B
TRANS	180	00005A7C
TRANS	182	00005A7D
TRANS	183	00005A7E
TRANS	184	00005A7F
TRANS	185	00005A80
TRANS	186	00005A81
TRANS	189	00005A82
TRANS	190	00005A85
TRANS	191	00005A88
TRANS	194	00005A89
TRANS	195	00005A8A
TRANS	196	00005A8B
TRANS	197	00005A8C
TRANS	198	00005A8D
TRANS	199	00005A8E
TRANS	202	00005A8F
TRANS	203	00005A90
TRANS	205	00005A91
TRANS	206	00005A93
TRANS	207	00005A95
TRANS	211	00005A97
TRANS	212	00005A9A
TRANS	214	00005A9B
TRANS	215	00005A9C
TRANS	217	00005A9D
TRANS	218	00005A9E
TRANS	219	00005A9F
TRANS	220	00005AA0
TRANS	221	00005AA1
TRANS	222	00005AA2
TRANS	224	00005AA3
TRANS	226	00005AA6
TRANS	227	00005AA7
TRANS	230	00005AA8
TRANS	232	00005AAA
TRANS	233	00005AB0
TRANS	241	00005AB4
TRANS	244	00005AB7
TRANS	245	00005AB8
TRANS	246	00005AB9
TRANS	247	00005ABA
TRANS	248	00005ABB
TRANS	249	00005ABC
TRANS	251	00005ABD
TRANS	252	00005ABE
TRANS	253	00005ABF
TRANS	255	00005AC0
TRANS	256	00005AC1
TRANS	257	00005AC2
TRANS	259	00005AC3
TRANS	260	00005AC4
TRANS	261	00005AC5
TRANS	264	00005AC6
TRANS	265	00005AC7
TRANS	266	00005AC8
TRANS	267	00005AC9
TRANS	268	00005ACA
TRANS	269	00005ACB
TRANS	270	00005ACC
TRANS	273	00005ACD
TRANS	274	00005ACE
TRANS	275	00005ACF
TRANS	276	00005AD0
TRANS	277	00005AD1
TRANS	278	00005AD2
TRANS	279	00005AD3
TRANS	281	00005AD4
TRANS	282	00005AD5
TRANS	283	00005AD6
TRANS	284	00005AD7
TRANS	285	00005AD8
TRANS	286	00005AD9
TRANS	287	00005ADB
TRANS	290	00005ADC
TRANS	292	00005ADD
TRANS	293	00005ADE
TRANS	294	00005ADF
TRANS	296	00005AE0
TRANS	297	00005AE1
TRANS	298	00005AE2
TRANS	299	00005AE3
TRANS	301	00005AE4
TRANS	302	00005AE5
TRANS	303	00005AE6
TRANS	304	00005AE7
TRANS	306	00005AE8
TRANS	316	00005AEC
TRANS	317	00005AED
TRANS	318	00005AEE
TRANS	319	00005AEF
TRANS	321	00005AF0
TRANS	322	00005AF1
TRANS	323	00005AF2
TRANS	324	00005AF3
TRANS	326	00005AF4
TRANS	327	00005AF5
TRANS	328	00005AF6
TRANS	329	00005AF7
TRANS	330	00005AF8
TRANS	338	00005AF9
TRANS	339	00005AFA
TRANS	340	00005AFB
TRANS	341	00005AFC
TRANS	342	00005AFD
TRANS	345	00005AFE
TRANS	346	00005AFF
TRANS	347	00005B00
TRANS	348	00005B01
TRANS	350	00005B02
TRANS	351	00005B03
TRANS	353	00005B04
TRANS	354	00005B05
TRANS	355	00005B06
TRANS	356	00005B07
TRANS	358	00005B08
TRANS	359	00005B09
TRANS	360	00005B0A
TRANS	361	00005B0B
TRANS	362	00005B0D
TRANS	365	00005B0E
TRANS	366	00005B0F
TRANS	368	00005B10
TRANS	369	00005B11
TRANS	370	00005B12
TRANS	371	00005B13
TRANS	372	00005B14
TRANS	373	00005B15
TRANS	375	00005B16
TRANS	376	00005B17
TRANS	377	00005B18
TRANS	378	00005B19
TRANS	379	00005B1A
TRANS	381	00005B1B
TRANS	382	00005B1C
TRANS	383	00005B1D
TRANS	385	00005B1E
TRANS	386	00005B1F
TRANS	387	00005B20
TRANS	389	00005B21
TRANS	390	00005B23
TRANS	398	00005B24
TRANS	399	00005B25
TRANS	401	00005B26
TRANS	402	00005B27
TRANS	404	00005B28
TRANS	405	00005B29
TRANS	408	00005B2A
TRANS	409	00005B2B
TRANS	410	00005B2C
TRANS	411	00005B2D
TRANS	413	00005B2E
TRANS	414	00005B2F
TRANS	415	00005B30
TRANS	416	00005B31
TRANS	418	00005B32
TRANS	419	00005B33
TRANS	420	00005B34
TRANS	421	00005B35
TRANS	423	00005B36
TRANS	424	00005B38
TRANS	425	00005B39
TRANS	433	00005B3A
TRANS	434	00005B3B
TRANS	436	00005B3C
TRANS	437	00005B3D
TRANS	438	00005B3E
TRANS	440	00005B3F
TRANS	441	00005B40
TRANS	442	00005B41
TRANS	443	00005B42
TRANS	446	00005B43
TRANS	447	00005B44
TRANS	448	00005B45
TRANS	449	00005B46
TRANS	451	00005B47
TRANS	452	00005B48
TRANS	453	00005B49
TRANS	454	00005B4A
TRANS	456	00005B4B
TRANS	457	00005B4C
TRANS	458	00005B4D
TRANS	459	00005B4E
TRANS	461	00005B4F
TRANS	493	00005B54
TRANS	494	00005B55
TRANS	495	00005B56
TRANS	497	00005B57
TRANS	498	00005B58
TRANS	499	00005B59
TRANS	502	00005B5A
TRANS	503	00005B5B
TRANS	505	00005B5C
TRANS	506	00005B5D
TRANS	507	00005B5E
TRANS	510	00005B5F
TRANS	512	00005B60
TRANS	513	00005B61
TRANS	514	00005B62
TRANS	515	00005B63
TRANS	517	00005B64
TRANS	518	00005B65
TRANS	519	00005B66
TRANS	521	00005B67
TRANS	522	00005B68
TRANS	523	00005B69
TRANS	525	00005B6A
TRANS	526	00005B6B
TRANS	527	00005B6C
TRANS	529	00005B6D
TRANS	530	00005B6E
TRANS	531	00005B6F
TRANS	533	00005B70
TRANS	534	00005B71
TRANS	535	00005B72
TRANS	538	00005B73
TRANS	539	00005B74
TRANS	540	00005B75
TRANS	541	00005B76
TRANS	543	00005B77
TRANS	545	00005B78
TRANS	546	00005B79
TRANS	547	00005B7A
TRANS	548	00005B7B
TRANS	549	00005B7C
TRANS	550	00005B7D
TRANS	552	00005B7E
TRANS	553	00005B7F
TRANS	554	00005B80
TRANS	556	00005B81
TRANS	557	00005B82
TRANS	558	00005B83
TRANS	560	00005B84
TRANS	561	00005B85
TRANS	562	00005B86
TRANS	564	00005B87
TRANS	565	00005B88
TRANS	566	00005B89
TRANS	567	00005B8A
TRANS	570	00005B8B
TRANS	573	00005B8C
TRANS	579	00005B8D
TRANS	580	00005B8E
TRANS	581	00005B8F
TRANS	582	00005B90
TRANS	593	00005B91
TRANS	595	00005B92
TRANS	596	00005B93
TRANS	598	00005B94
TRANS	599	00005B95
TRANS	601	00005B96
TRANS	602	00005B97
TRANS	605	00005B98
TRANS	606	00005B99
TRANS	608	00005B9A
TRANS	609	00005B9B
TRANS	610	00005B9C
TRANS	611	00005B9D
TRANS	612	00005B9E
TRANS	613	00005B9F
TRANS	614	00005BA0
TRANS	616	00005BA1
TRANS	617	00005BA2
TRANS	618	00005BA3
TRANS	620	00005BA4
TRANS	621	00005BA5
TRANS	622	00005BA6
TRANS	625	00005BA7
TRANS	626	00005BA8
TRANS	627	00005BA9
TRANS	628	00005BAA
TRANS	629	00005BAB
TRANS	630	00005BAC
TRANS	631	00005BAD
TRANS	633	00005BAE
TRANS	634	00005BAF
TRANS	635	00005BB0
TRANS	637	00005BB1
TRANS	638	00005BB2
TRANS	643	00005BB3
TRANS	644	00005BB4
TRANS	646	00005BB5
TRANS	647	00005BB6
TRANS	648	00005BB7
TRANS	649	00005BB8
TRANS	652	00005BB9
TRANS	653	00005BBA
TRANS	654	00005BBB
TRANS	655	00005BBC
TRANS	656	00005BBD
TRANS	659	00005BBE
TRANS	660	00005BBF
TRANS	661	00005BC0
TRANS	662	00005BC1
TRANS	664	00005BC2
TRANS	666	00005BC3
TRANS	667	00005BC4
TRANS	668	00005BC5
TRANS	669	00005BC6
TRANS	674	00005BC7
TRANS	681	00005BC8
TRANS	683	00005BC9
TRANS	684	00005BCA
TRANS	685	00005BCB
TRANS	687	00005BCC
TRANS	689	00005BCD
TRANS	690	00005BCE
TRANS	691	00005BCF
TRANS	694	00005BD0
TRANS	695	00005BD1
TRANS	696	00005BD2
TRANS	707	00005BD3
TRANS	708	00005BD4
TRANS	710	00005BD5
TRANS	711	00005BD6
TRANS	713	00005BD7
TRANS	714	00005BD8
TRANS	715	00005BD9
TRANS	717	00005BDA
TRANS	718	00005BDB
TRANS	720	00005BDC
TRANS	721	00005BDD
TRANS	724	00005BDE
TRANS	725	00005BDF
TRANS	726	00005BE0
TRANS	732	00005BE1
TRANS	734	00005BE2
TRANS	735	00005BE3
TRANS	736	00005BE4
TRANS	737	00005BE5
TRANS	738	00005BE6
TRANS	739	00005BE7
TRANS	740	00005BE8
TRANS	741	00005BE9
TRANS	752	00005BEA
TRANS	753	00005BEB
TRANS	754	00005BEC
TRANS	755	00005BED
TRANS	756	00005BEE
TRANS	757	00005BEF
TRANS	758	00005BF0
TRANS	759	00005BF1
TRANS	760	00005BF2
TRANS	761	00005BF3
TRANS	762	00005BF4
TRANS	768	00005BF5
TRANS	770	00005BF7
TRANS	772	00005BF8
TRANS	773	00005BF9
TRANS	774	00005BFA
TRANS	775	00005BFB
TRANS	776	00005BFC
TRANS	777	00005BFD
TRANS	778	00005BFE
TRANS	780	00005BFF
TRANS	781	00005C00
TRANS	782	00005C01
TRANS	783	00005C02
TRANS	784	00005C03
TRANS	785	00005C04
TRANS	788	00005C05
TRANS	789	00005C06
TRANS	790	00005C07
TRANS	791	00005C08
TRANS	792	00005C09
TRANS	793	00005C0A
TRANS	794	00005C0B
TRANS	796	00005C0C
TRANS	797	00005C0D
TRANS	798	00005C0E
TRANS	799	00005C0F
TRANS	800	00005C10
TRANS	801	00005C11
TRANS	803	00005C12
TRANS	804	00005C14
TRANS	807	00005C15
TRANS	833	00005C16
TRANS	835	00005C17
TRANS	836	00005C18
TRANS	838	00005C19
TRANS	839	00005C1A
TRANS	840	00005C1B
TRANS	841	00005C1C
TRANS	842	00005C1D
TRANS	844	00005C1E
TRANS	845	00005C1F
TRANS	846	00005C20
TRANS	849	00005C21
TRANS	850	00005C22
TRANS	851	00005C23
TRANS	852	00005C24
TRANS	854	00005C25
TRANS	855	00005C26
TRANS	858	00005C27
TRANS	859	00005C28
TRANS	860	00005C29
TRANS	861	00005C2A
TRANS	862	00005C2B
TRANS	863	00005C2C
TRANS	864	00005C2D
TRANS	865	00005C2E
TRANS	866	00005C2F
TRANS	870	00005C30
TRANS	871	00005C31
TRANS	872	00005C32
TRANS	873	00005C33
TRANS	875	00005C34
TRANS	876	00005C35
TRANS	878	00005C36
TRANS	879	00005C37
TRANS	881	00005C38
TRANS	882	00005C39
TRANS	883	00005C3A
TRANS	884	00005C3B
TRANS	885	00005C3C
TRANS	887	00005C3D
TRANS	888	00005C3E
TRANS	889	00005C3F
TRANS	890	00005C40
TRANS	891	00005C41
TRANS	892	00005C42
TRANS	894	00005C43
TRANS	895	00005C44
TRANS	896	00005C45
TRANS	897	00005C46
TRANS	898	00005C47
TRANS	899	00005C48
TRANS	900	00005C49
TRANS	901	00005C4A
TRANS	902	00005C4B
TRANS	904	00005C4C
TRANS	905	00005C4D
TRANS	906	00005C4E
TRANS	909	00005C4F
TRANS	911	00005C50
TRANS	912	00005C51
TRANS	914	00005C52
TRANS	915	00005C53
TRANS	916	00005C54
TRANS	917	00005C55
TRANS	918	00005C56
TRANS	919	00005C57
TRANS	921	00005C58
TRANS	922	00005C59
TRANS	923	00005C5A
TRANS	924	00005C5B
TRANS	925	00005C5C
TRANS	927	00005C5D
TRANS	928	00005C5E
TRANS	929	00005C5F
TRANS	930	00005C60
TRANS	931	00005C61
TRANS	933	00005C62
TRANS	934	00005C63
TRANS	935	00005C64
TRANS	936	00005C65
TRANS	937	00005C66
TRANS	938	00005C67
TRANS	940	00005C68
TRANS	941	00005C69
TRANS	942	00005C6A
TRANS	943	00005C6B
TRANS	945	00005C6C
TRANS	946	00005C6D
TRANS	947	00005C6E
TRANS	948	00005C6F
TRANS	950	00005C70
TRANS	951	00005C71
TRANS	952	00005C72
TRANS	953	00005C73
TRANS	954	00005C74
TRANS	956	00005C75
TRANS	957	00005C76
TRANS	958	00005C77
TRANS	959	00005C78
TRANS	960	00005C79
TRANS	961	00005C7A
TRANS	962	00005C7B
TRANS	963	00005C7C
TRANS	964	00005C7D
TRANS	967	00005C7E
TRANS	968	00005C7F
TRANS	970	00005C80
TRANS	971	00005C81
TRANS	972	00005C82
TRANS	973	00005C83
TRANS	974	00005C84
TRANS	975	00005C85
TRANS	977	00005C86
TRANS	978	00005C87
TRANS	979	00005C88
TRANS	980	00005C89
TRANS	982	00005C8A
TRANS	983	00005C8B
TRANS	984	00005C8C
TRANS	985	00005C8D
TRANS	987	00005C8E
TRANS	988	00005C8F
TRANS	989	00005C90
TRANS	990	00005C91
TRANS	991	00005C92
TRANS	993	00005C93
TRANS	994	00005C94
TRANS	995	00005C95
TRANS	996	00005C96
TRANS	997	00005C97
TRANS	998	00005C98
TRANS	999	00005C99
TRANS	1000	00005C9A
TRANS	1001	00005C9B
TRANS	1004	00005C9C
TRANS	1005	00005C9D
TRANS	1007	00005C9E
TRANS	1008	00005C9F
TRANS	1009	00005CA0
TRANS	1010	00005CA1
TRANS	1011	00005CA2
TRANS	1012	00005CA3
TRANS	1016	00005CA4
TRANS	1017	00005CA5
TRANS	1018	00005CA6
TRANS	1019	00005CA7
TRANS	1020	00005CA8
TRANS	1021	00005CA9
TRANS	1022	00005CAA
TRANS	1023	00005CAB
TRANS	1024	00005CAC
TRANS	1026	00005CAD
TRANS	1027	00005CAE
TRANS	1028	00005CAF
TRANS	1030	00005CB0
TRANS	1031	00005CB1
TRANS	1032	00005CB4
TRANS	1035	00005CB5
TRANS	1036	00005CB6
TRANS	1037	00005CB7
TRANS	1038	00005CB8
TRANS	1039	00005CB9
TRANS	1040	00005CBA
TRANS	1044	00005CBB
TRANS	1045	00005CBC
TRANS	1046	00005CBD
TRANS	1047	00005CBE
TRANS	1048	00005CBF
TRANS	1049	00005CC0
TRANS	1050	00005CC1
TRANS	1051	00005CC2
TRANS	1052	00005CC3
TRANS	1054	00005CC4
TRANS	1055	00005CC5
TRANS	1056	00005CC6
TRANS	1058	00005CC7
TRANS	1059	00005CC8
TRANS	1060	00005CCB
TRANS	1062	00005CCC
TRANS	1063	00005CCD
TRANS	1065	00005CCE
TRANS	1066	00005CCF
TRANS	1073	00005CD0
TRANS	1074	00005CD1
TRANS	1075	00005CD2
TRANS	1077	00005CD3
TRANS	1078	00005CD4
TRANS	1079	00005CD5
TRANS	1080	00005CD6
TRANS	1081	00005CD7
TRANS	1082	00005CD8
TRANS	1084	00005CD9
TRANS	1085	00005CDA
TRANS	1086	00005CDB
TRANS	1087	00005CDC
TRANS	1088	00005CDD
TRANS	1089	00005CDE
TRANS	1091	00005CDF
TRANS	1092	00005CE1
TRANS	1093	00005CE2
TRANS	1101	00005CEB
TRANS	1103	00005CEC
TRANS	1104	00005CED
TRANS	1105	00005CEE
TRANS	1107	00005CEF
TRANS	1109	00005CF0
TRANS	1110	00005CF2
TRANS	1119	00005CFB
TRANS	1120	00005CFC
TRANS	1122	00005CFE
TRANS	1123	00005CFF
TRANS	1124	00005D00
TRANS	1126	00005D01
TRANS	1127	00005D02
TRANS	1128	00005D03
TRANS	1129	00005D04
TRANS	1130	00005D05
TRANS	1131	00005D06
TRANS	1132	00005D07
TRANS	1143	00005D08
TRANS	1144	00005D09
TRANS	1145	00005D0A
TRANS	1146	00005D0B
TRANS	1159	00005D0C
TRANS	1160	00005D0D
TRANS	1161	00005D0E
TRANS	1162	00005D0F
TRANS	1163	00005D10
TRANS	1164	00005D11
TRANS	1165	00005D12
TRANS	1166	00005D13
TRANS	1167	00005D14
TRANS	1168	00005D15
TRANS	1169	00005D16
TRANS	1170	00005D17
TRANS	1171	00005D18
TRANS	1173	00005D19
TRANS	1174	00005D1A
TRANS	1179	00005D1B
TRANS	1180	00005D1C
TRANS	1181	00005D1D
TRANS	1182	00005D1E
TRANS	1183	00005D1F
TRANS	1184	00005D20
TRANS	1185	00005D21
TRANS	1186	00005D22
TRANS	1187	00005D23
TRANS	1188	00005D24
TRANS	1189	00005D25
TRANS	1190	00005D26
TRANS	1191	00005D27
TRANS	1193	00005D28
TRANS	1194	00005D29
TRANS	1197	00005D2A
TRANS	1211	00005D2B
TRANS	1212	00005D2C
TRANS	1213	00005D2E
TRANS	1214	00005D30
TRANS	1216	00005D31
TRANS	1217	00005D32
TRANS	1218	00005D33
TRANS	1219	00005D34
TRANS	1222	00005D35
TRANS	1224	00005D36
TRANS	1225	00005D37
TRANS	1226	00005D38
TRANS	1228	00005D39
TRANS	1229	00005D3A
TRANS	1230	00005D3B
TRANS	1231	00005D3C
TRANS	1232	00005D3D
TRANS	1233	00005D3E
TRANS	1234	00005D3F
TRANS	1236	00005D40
TRANS	1237	00005D41
TRANS	1238	00005D42
TRANS	1239	00005D43
TRANS	1240	00005D44
TRANS	1241	00005D45
TRANS	1242	00005D46
TRANS	1243	00005D47
TRANS	1244	00005D48
TRANS	1245	00005D49
TRANS	1246	00005D4A
TRANS	1247	00005D4B
TRANS	1249	00005D4C
TRANS	1250	00005D4D
TRANS	1251	00005D4E
TRANS	1252	00005D4F
TRANS	1253	00005D50
TRANS	1254	00005D51
TRANS	1255	00005D52
TRANS	1256	00005D53
TRANS	1257	00005D54
TRANS	1258	00005D55
TRANS	1259	00005D56
TRANS	1260	00005D57
TRANS	1261	00005D58
TRANS	1262	00005D59
TRANS	1265	00005D5A
TRANS	1266	00005D5B
TRANS	1267	00005D5C
TRANS	1268	00005D5D
TRANS	1269	00005D5E
TRANS	1270	00005D5F
TRANS	1271	00005D60
TRANS	1272	00005D61
TRANS	1273	00005D62
TRANS	1274	00005D63
TRANS	1275	00005D64
TRANS	1276	00005D65
TRANS	1277	00005D66
TRANS	1278	00005D67
TRANS	1280	00005D68
TRANS	1284	00005D69
TRANS	1285	00005D6A
TRANS	1286	00005D6B
TRANS	1287	00005D6C
TRANS	1288	00005D6D
TRANS	1290	00005D6E
TRANS	1291	00005D6F
TRANS	1292	00005D70
TRANS	1293	00005D71
TRANS	1294	00005D72
TRANS	1295	00005D73
TRANS	1296	00005D74
TRANS	1299	00005D75
TRANS	1300	00005D76
TRANS	1301	00005D77
TRANS	1302	00005D78
TRANS	1303	00005D79
TRANS	1304	00005D7A
TRANS	1305	00005D7B
TRANS	1306	00005D7C
TRANS	1307	00005D7D
TRANS	1308	00005D7E
TRANS	1309	00005D7F
TRANS	1310	00005D80
TRANS	1311	00005D81
TRANS	1312	00005D82
TRANS	1314	00005D83
TRANS	1315	00005D84
TRANS	1316	00005D85
TRANS	1317	00005D86
TRANS	1318	00005D87
TRANS	1319	00005D88
TRANS	1320	00005D89
TRANS	1321	00005D8A
TRANS	1322	00005D8B
TRANS	1323	00005D8C
TRANS	1324	00005D8D
TRANS	1325	00005D8E
TRANS	1326	00005D8F
TRANS	1327	00005D90
TRANS	1329	00005D91
TRANS	1330	00005D92
TRANS	1331	00005D93
TRANS	1332	00005D94
TRANS	1333	00005D95
TRANS	1335	00005D96
TRANS	1336	00005D97
TRANS	1339	00005D98
TRANS	1340	00005D99
TRANS	1341	00005D9A
TRANS	1342	00005D9B
TRANS	1343	00005D9C
TRANS	1351	00005D9D
TRANS	1353	00005D9E
TRANS	1354	00005D9F
TRANS	1355	00005DA0
TRANS	1357	00005DA1
TRANS	1358	00005DA2
TRANS	1359	00005DA3
TRANS	1360	00005DA4
TRANS	1361	00005DA5
TRANS	1362	00005DA6
TRANS	1363	00005DA7
TRANS	1365	00005DA8
TRANS	1366	00005DA9
TRANS	1367	00005DAA
TRANS	1368	00005DAB
TRANS	1369	00005DAC
TRANS	1370	00005DAD
TRANS	1371	00005DAE
TRANS	1372	00005DAF
TRANS	1373	00005DB0
TRANS	1374	00005DB1
TRANS	1375	00005DB2
TRANS	1376	00005DB3
TRANS	1378	00005DB4
TRANS	1379	00005DB5
TRANS	1380	00005DB6
TRANS	1381	00005DB7
TRANS	1382	00005DB8
TRANS	1383	00005DB9
TRANS	1384	00005DBA
TRANS	1385	00005DBB
TRANS	1386	00005DBC
TRANS	1387	00005DBD
TRANS	1388	00005DBE
TRANS	1389	00005DBF
TRANS	1390	00005DC0
TRANS	1391	00005DC1
TRANS	1394	00005DC2
TRANS	1395	00005DC3
TRANS	1396	00005DC4
TRANS	1397	00005DC5
TRANS	1398	00005DC6
TRANS	1399	00005DC7
TRANS	1400	00005DC8
TRANS	1401	00005DC9
TRANS	1402	00005DCA
TRANS	1403	00005DCB
TRANS	1404	00005DCC
TRANS	1405	00005DCD
TRANS	1406	00005DCE
TRANS	1407	00005DCF
TRANS	1409	00005DD0
TRANS	1413	00005DD1
TRANS	1414	00005DD2
TRANS	1415	00005DD3
TRANS	1416	00005DD4
TRANS	1417	00005DD5
TRANS	1419	00005DD6
TRANS	1420	00005DD7
TRANS	1421	00005DD8
TRANS	1422	00005DD9
TRANS	1423	00005DDA
TRANS	1424	00005DDB
TRANS	1425	00005DDC
TRANS	1428	00005DDD
TRANS	1429	00005DDE
TRANS	1430	00005DDF
TRANS	1431	00005DE0
TRANS	1432	00005DE1
TRANS	1433	00005DE2
TRANS	1434	00005DE3
TRANS	1435	00005DE4
TRANS	1436	00005DE5
TRANS	1437	00005DE6
TRANS	1438	00005DE7
TRANS	1439	00005DE8
TRANS	1440	00005DE9
TRANS	1441	00005DEA
TRANS	1443	00005DEB
TRANS	1444	00005DEC
TRANS	1445	00005DED
TRANS	1446	00005DEE
TRANS	1447	00005DEF
TRANS	1448	00005DF0
TRANS	1449	00005DF1
TRANS	1450	00005DF2
TRANS	1451	00005DF3
TRANS	1452	00005DF4
TRANS	1453	00005DF5
TRANS	1454	00005DF6
TRANS	1455	00005DF7
TRANS	1456	00005DF8
TRANS	1458	00005DF9
TRANS	1459	00005DFA
TRANS	1460	00005DFB
TRANS	1461	00005DFC
TRANS	1462	00005DFD
TRANS	1465	00005DFE
TRANS	1466	00005DFF
TRANS	1467	00005E00
TRANS	1468	00005E01
TRANS	1469	00005E02
TRANS	1472	00005E03
TRANS	1473	00005E05
TRANS	1474	00005E07
TRANS	1475	00005E08
UTIL	66	00008E76
UTIL	67	00008E77
UTIL	70	00008E78
UTIL	71	00008E79
UTIL	73	00008E7A
UTIL	74	00008E7B
UTIL	75	00008E7C
UTIL	76	00008E7D
UTIL	77	00008E7E
UTIL	78	00008E7F
UTIL	80	00008E80
UTIL	90	00008E81
UTIL	91	00008E82
UTIL	94	00008E83
UTIL	95	00008E84
UTIL	97	00008E85
UTIL	98	00008E86
UTIL	99	00008E87
UTIL	100	00008E88
UTIL	101	00008E89
UTIL	102	00008E8A
UTIL	103	00008E8B
UTIL	108	00008E8D
UTIL	109	00008E8E
UTIL	111	00008E8F
UTIL	112	00008E90
UTIL	113	00008E91
UTIL	114	00008E92
UTIL	115	00008E93
UTIL	116	00008E94
UTIL	129	00008E95
UTIL	130	00008E96
UTIL	132	00008E97
UTIL	133	00008E98
UTIL	134	00008E99
UTIL	135	00008E9A
UTIL	136	00008E9B
UTIL	137	00008E9C
UTIL	138	00008E9D
UTIL	139	00008E9E
UTIL	140	00008E9F
UTIL	141	00008EA0
UTIL	150	00008EA1
UTIL	152	00008EA2
UTIL	153	00008EA3
UTIL	154	00008EA4
UTIL	157	00008EA5
UTIL	158	00008EA6
UTIL	160	00008EA7
UTIL	161	00008EA8
UTIL	164	00008EA9
UTIL	165	00008EAA
UTIL	166	00008EAB
UTIL	167	00008EAC
UTIL	168	00008EAD
UTIL	169	00008EAE
UTIL	170	00008EAF
UTIL	178	00008EB0
UTIL	179	00008EB1
UTIL	180	00008EB2
UTIL	181	00008EB3
UTIL	182	00008EB4
UTIL	190	00008EB5
UTIL	191	00008EB6
UTIL	192	00008EB7
UTIL	193	00008EB8
UTIL	194	00008EB9
UTIL	202	00008EBA
UTIL	203	00008EBB
UTIL	204	00008EBC
UTIL	205	00008EBD
UTIL	221	00008EC0
UTIL	222	00008EC1
UTIL	223	00008EC2
UTIL	224	00008EC3
UTIL	226	00008EC4
UTIL	227	00008EC5
UTIL	228	00008EC6
UTIL	230	00008EC7
UTIL	231	00008EC8
UTIL	232	00008EC9
UTIL	233	00008ECA
UTIL	235	00008ECB
UTIL	236	00008ECC
UTIL	238	00008ECD
UTIL	239	00008ECE
UTIL	240	00008ECF
UTIL	242	00008ED0
UTIL	243	00008ED1
UTIL	244	00008ED2
UTIL	245	00008ED3
UTIL	247	00008ED4
UTIL	248	00008ED5
UTIL	249	00008ED6
UTIL	250	00008ED7
UTIL	251	00008ED8
UTIL	260	00008ED9
UTIL	261	00008EDA
UTIL	262	00008EDB
UTIL	263	00008EDC
UTIL	264	00008EDD
UTIL	265	00008EDE
UTIL	278	00008EDF
UTIL	279	00008EE0
UTIL	280	00008EE1
UTIL	281	00008EE2
UTIL	282	00008EE3
UTIL	283	00008EE4
UTIL	284	00008EE5
UTIL	285	00008EE6
UTIL	286	00008EE7
UTIL	287	00008EE8
UTIL	288	00008EE9
UTIL	301	00008EEA
UTIL	302	00008EEB
UTIL	304	00008EED
UTIL	305	00008EEE
UTIL	306	00008EEF
UTIL	307	00008EF0
UTIL	309	00008EF1
UTIL	310	00008EF2
UTIL	311	00008EF3
UTIL	312	00008EF4
UTIL	314	00008EF5
UTIL	315	00008EF7
UTIL	316	00008EF8
UTIL	329	00008EF9
UTIL	330	00008EFA
UTIL	331	00008EFB
UTIL	332	00008EFC
UTIL	333	00008EFD
UTIL	334	00008EFE
UTIL	335	00008EFF
UTIL	336	00008F00
UTIL	337	00008F01
UTIL	338	00008F02
UTIL	352	00008F03
UTIL	353	00008F04
UTIL	354	00008F05
UTIL	355	00008F06
UTIL	356	00008F07
UTIL	368	00008F08
UTIL	369	00008F09
UTIL	370	00008F0A
UTIL	383	00008F0B
UTIL	384	00008F0C
UTIL	385	00008F0D
UTIL	386	00008F0E
UTIL	387	00008F0F
UTIL	388	00008F10
UTIL	420	00008F11
UTIL	421	00008F12
UTIL	422	00008F13
UTIL	423	00008F14
UTIL	424	00008F15
UTIL	425	00008F16
UTIL	426	00008F17
UTIL	428	00008F18
UTIL	452	00008F19
UTIL	453	00008F1A
UTIL	454	00008F1B
UTIL	455	00008F1C
UTIL	456	00008F1D
UTIL	458	00008F1E
UTIL	459	00008F1F
UTIL	461	00008F20
UTIL	462	00008F21
UTIL	463	00008F22
UTIL	464	00008F23
UTIL	466	00008F24
UTIL	467	00008F25
UTIL	468	00008F26
UTIL	469	00008F27
UTIL	470	00008F28
UTIL	493	00008F29
UTIL	494	00008F2A
UTIL	495	00008F2B
UTIL	497	00008F2C
UTIL	499	00008F2D
UTIL	501	00008F2E
UTIL	502	00008F2F
UTIL	505	00008F30
UTIL	506	00008F31
UTIL	507	00008F32
UTIL	508	00008F33
UTIL	509	00008F34
UTIL	511	00008F35
UTIL	513	00008F36
UTIL	514	00008F37
UTIL	515	00008F38
UTIL	517	00008F39
UTIL	518	00008F3A
UTIL	532	00008F3B
UTIL	533	00008F3C
UTIL	535	00008F3D
UTIL	538	00008F3E
UTIL	540	00008F3F
UTIL	541	00008F40
UTIL	542	00008F41
UTIL	543	00008F42
UTIL	545	00008F43
UTIL	546	00008F44
UTIL	549	00008F45
UTIL	550	00008F46
UTIL	564	00008F47
UTIL	565	00008F48
UTIL	566	00008F49
UTIL	567	00008F4A
UTIL	568	00008F4B
UTIL	569	00008F4C
UTIL	570	00008F4D
UTIL	571	00008F4E
UTIL	572	00008F4F
UTIL	573	00008F50
UTIL	589	00008F51
UTIL	590	00008F52
UTIL	591	00008F53
UTIL	592	00008F54
UTIL	594	00008F55
UTIL	597	00008F56
UTIL	598	00008F57
UTIL	600	00008F58
UTIL	602	00008F59
UTIL	603	00008F5A
UTIL	605	00008F5B
UTIL	606	00008F5C
UTIL	608	00008F5D
UTIL	609	00008F5E
UTIL	610	00008F5F
UTIL	611	00008F60
UTIL	614	00008F61
UTIL	615	00008F62
UTIL	616	00008F63
UTIL	617	00008F64
UTIL	618	00008F65
UTIL	635	00008F66
UTIL	636	00008F67
UTIL	639	00008F68
UTIL	640	00008F69
UTIL	641	00008F6A
UTIL	642	00008F6B
UTIL	643	00008F6C
UTIL	645	00008F6D
UTIL	646	00008F6E
UTIL	647	00008F6F
UTIL	652	00008F70
UTIL	653	00008F71
UTIL	655	00008F72
UTIL	656	00008F73
UTIL	658	00008F74
UTIL	659	00008F75
UTIL	661	00008F76
UTIL	662	00008F77
UTIL	663	00008F78
UTIL	664	00008F79
UTIL	665	00008F7A
UTIL	666	00008F7B
UTIL	667	00008F7C
UTIL	668	00008F7D
UTIL	669	00008F7E
UTIL	670	00008F7F
UTIL	671	00008F80
UTIL	672	00008F81
UTIL	673	00008F82
UTIL	674	00008F83
UTIL	675	00008F84
UTIL	677	00008F85
UTIL	678	00008F86
UTIL	682	00008F87
UTIL	684	00008F88
UTIL	685	00008F89
UTIL	686	00008F8A
UTIL	687	00008F8B
UTIL	689	00008F8C
UTIL	690	00008F8D
UTIL	691	00008F8E
UTIL	721	00008F90
UTIL	723	00008F91
UTIL	725	00008F92
UTIL	726	00008F93
UTIL	728	00008F94
UTIL	729	00008F95
UTIL	731	00008F96
UTIL	732	00008F97
UTIL	734	00008F98
UTIL	735	00008F99
UTIL	737	00008F9A
UTIL	738	00008F9B
UTIL	739	00008F9C
UTIL	740	00008F9D
UTIL	741	00008F9E
UTIL	743	00008F9F
UTIL	744	00008FA0
UTIL	745	00008FA1
UTIL	748	00008FA2
UTIL	749	00008FA3
UTIL	750	00008FA4
UTIL	752	00008FA5
UTIL	753	00008FA6
UTIL	756	00008FA7
UTIL	757	00008FA8
UTIL	758	00008FA9
UTIL	761	00008FAA
UTIL	762	00008FAB
UTIL	764	00008FAC
UTIL	765	00008FAD
UTIL	766	00008FAE
UTIL	770	00008FAF
UTIL	771	00008FB0
UTIL	773	00008FB1
UTIL	774	00008FB2
UTIL	776	00008FB3
UTIL	777	00008FB4
UTIL	781	00008FB5
UTIL	783	00008FB6
UTIL	784	00008FB7
UTIL	785	00008FB8
UTIL	789	00008FB9
UTIL	793	00008FBA
UTIL	794	00008FBB
UTIL	795	00008FBC
UTIL	796	00008FBD
UTIL	798	00008FBE
UTIL	799	00008FBF
UTIL	801	00008FC0
UTIL	802	00008FC1
UTIL	806	00008FC2
UTIL	808	00008FC3
UTIL	809	00008FC4
UTIL	810	00008FC4
UTIL	812	00008FC5
UTIL	813	00008FC6
UTIL	814	00008FC7
UTIL	819	00008FC8
UTIL	821	00008FC9
UTIL	822	00008FCA
UTIL	823	00008FCA
UTIL	825	00008FCB
UTIL	826	00008FCC
UTIL	829	00008FCD
UTIL	830	00008FCE
UTIL	831	00008FCF
UTIL	832	00008FD0
UTIL	837	00008FD1
UTIL	838	00008FD2
UTIL	840	00008FD3
UTIL	841	00008FD4
UTIL	864	00008FD6
UTIL	865	00008FD7
UTIL	870	00008FD8
UTIL	871	00008FD9
UTIL	872	00008FDA
UTIL	874	00008FDB
UTIL	875	00008FDC
UTIL	876	00008FDD
UTIL	877	00008FDE
UTIL	878	00008FDF
UTIL	879	00008FE0
UTIL	880	00008FE1
UTIL	882	00008FE2
UTIL	883	00008FE3
UTIL	884	00008FE4
UTIL	885	00008FE5
UTIL	887	00008FE6
UTIL	888	00008FE7
UTIL	889	00008FE8
UTIL	890	00008FE9
UTIL	893	00008FEA
UTIL	894	00008FEB
UTIL	895	00008FEC
UTIL	896	00008FED
UTIL	897	00008FEE
UTIL	899	00008FEF
UTIL	900	00008FF0
UTIL	901	00008FF1
UTIL	906	00008FF2
UTIL	907	00008FF3
UTIL	909	00008FF4
UTIL	910	00008FF5
UTIL	911	00008FF6
UTIL	912	00008FF7
UTIL	913	00008FF8
UTIL	916	00008FF9
UTIL	917	00008FFA
UTIL	920	00008FFB
UTIL	921	00008FFC
UTIL	922	00008FFD
UTIL	923	00008FFE
UTIL	924	00008FFF
UTIL	925	00009000
UTIL	926	00009001
UTIL	927	00009002
UTIL	928	00009003
UTIL	930	00009004
UTIL	931	00009005
UTIL	932	00009006
UTIL	934	00009007
UTIL	935	00009008
UTIL	936	00009009
UTIL	937	0000900A
UTIL	938	0000900B
UTIL	941	0000900C
UTIL	942	0000900D
UTIL	943	0000900E
UTIL	944	0000900F
UTIL	945	00009010
UTIL	947	00009011
UTIL	948	00009012
UTIL	949	00009013
UTIL	950	00009014
UTIL	968	00009018
UTIL	969	00009019
UTIL	970	0000901A
UTIL	971	0000901B
UTIL	972	0000901C
UTIL	974	0000901D
UTIL	976	0000901E
UTIL	978	0000901F
UTIL	979	00009020
UTIL	980	00009021
UTIL	981	00009022
UTIL	983	00009023
UTIL	984	00009024
UTIL	985	00009025
UTIL	986	00009026
UTIL	987	00009027
UTIL	988	00009028
UTIL	1004	00009029
UTIL	1006	0000902A
UTIL	1007	0000902B
UTIL	1009	0000902C
UTIL	1011	0000902D
UTIL	1012	0000902E
UTIL	1014	0000902F
UTIL	1015	00009030
UTIL	1016	00009031
UTIL	1017	00009032
UTIL	1018	00009033
UTIL	1020	00009034
UTIL	1022	00009035
UTIL	1023	00009036
UTIL	1026	00009037
UTIL	1027	00009038
UTIL	1039	00009039
UTIL	1041	0000903A
UTIL	1042	0000903B
UTIL	1043	0000903C
UTIL	1044	0000903D
UTIL	1045	0000903E
UTIL	1058	00009041
UTIL	1059	00009042
UTIL	1061	00009043
UTIL	1062	00009044
UTIL	1064	00009045
UTIL	1065	00009046
UTIL	1066	00009047
UTIL	1068	00009048
UTIL	1069	00009049
UTIL	1070	0000904A
UTIL	1072	0000904B
UTIL	1088	0000904C
UTIL	1090	0000904D
UTIL	1091	0000904E
UTIL	1093	0000904F
UTIL	1094	00009050
UTIL	1095	00009051
UTIL	1097	00009052
UTIL	1098	00009055
UTIL	1100	00009056
UTIL	1101	00009057
UTIL	1104	00009058
UTIL	1105	00009059
UTIL	1116	0000905A
UTIL	1118	0000905B
UTIL	1119	0000905C
UTIL	1120	0000905D
UTIL	1123	0000905E
UTIL	1124	0000905F
UTIL	1127	00009060
UTIL	1128	00009061
UTIL	1129	00009062
UTIL	1136	00009063
UTIL	1137	00009064
UTIL	1139	00009066
UTIL	1140	00009067
UTIL	1141	00009069
UTIL	1148	0000906A
UTIL	1150	0000906B
UTIL	1151	0000906C
UTIL	1152	0000906D
UTIL	1153	0000906E
UTIL	1154	0000906F
UTIL	1155	00009070
UTIL	1156	00009071
UTIL	1157	00009072
UTIL	1159	00009073
UTIL	1160	00009074
UTIL	1161	00009075
UTIL	1162	00009076
UTIL	1163	00009077
UTIL	1164	00009078
UTIL	1165	00009079
UTIL	1166	0000907A
UTIL	1168	0000907B
UTIL	1169	0000907C
UTIL	1170	0000907D
UTIL	1171	0000907E
UTIL	1172	0000907F
UTIL	1173	00009080
UTIL	1174	00009081
UTIL	1175	00009082
UTIL	1177	00009083
UTIL	1183	00009084
UTIL	1185	00009085
UTIL	1186	00009086
UTIL	1187	00009087
UTIL	1188	00009088
UTIL	1189	00009089
UTIL	1190	0000908A
UTIL	1191	0000908B
UTIL	1192	0000908C
UTIL	1194	0000908D
UTIL	1195	0000908E
UTIL	1196	0000908F
UTIL	1197	00009090
UTIL	1198	00009091
UTIL	1199	00009092
UTIL	1200	00009093
UTIL	1201	00009094
UTIL	1203	00009095
UTIL	1204	00009096
UTIL	1205	00009097
UTIL	1206	00009098
UTIL	1207	00009099
UTIL	1208	0000909A
UTIL	1209	0000909B
UTIL	1210	0000909C
UTIL	1212	0000909D
UTIL	1229	0000909E
UTIL	1231	000090A0
UTIL	1232	000090A1
UTIL	1233	000090A2
UTIL	1234	000090A3
UTIL	1236	000090A4
UTIL	1237	000090A5
UTIL	1238	000090A6
UTIL	1239	000090A8
UTIL	1250	000090A9
UTIL	1251	000090AA
UTIL	1252	000090AB
UTIL	1254	000090AC
UTIL	1255	000090AD
UTIL	1256	000090AE
UTIL	1258	000090AF
UTIL	1259	000090B0
UTIL	1260	000090B1
UTIL	1261	000090B2
UTIL	1268	000090B3
UTIL	1269	000090B4
UTIL	1270	000090B5
UTIL	1271	000090B6
UTIL	1272	000090B7
UTIL	1274	000090B8
UTIL	1275	000090B9
UTIL	1276	000090BA
UTIL	1277	000090BB
UTIL	1279	000090BC
UTIL	1280	000090BD
UTIL	1281	000090BE
UTIL	1282	000090BF
UTIL	1283	000090C0
UTIL	1294	000090C1
UTIL	1295	000090C2
UTIL	1297	000090C3
UTIL	1298	000090C4
UTIL	1299	000090C5
UTIL	1301	000090C6
UTIL	1302	000090C7
UTIL	1303	000090C8
UTIL	1305	000090C9
UTIL	1306	000090CA
UTIL	1307	000090CB
UTIL	1308	000090CC
UTIL	1309	000090CD
WAVE	40	00009307
WAVE	41	00009308
WAVE	45	00009309
WAVE	46	0000930A
WAVE	47	0000930D
WAVE	48	0000930E
WAVE	50	0000930F
WAVE	56	00009310
WAVE	57	00009311
WAVE	58	00009312
WAVE	59	00009313
WAVE	60	00009314
WAVE	61	00009315
WAVE	62	00009316
WAVE	63	00009317
WAVE	66	00009318
WAVE	69	00009319
WAVE	70	0000931A
WAVE	71	0000931B
WAVE	72	0000931C
WAVE	73	0000931D
WAVE	74	0000931E
WAVE	75	0000931F
WAVE	76	00009320
WAVE	82	00009321
WAVE	83	00009322
WAVE	84	00009323
WAVE	85	00009324
WAVE	86	00009325
WAVE	87	00009326
WAVE	88	00009327
WAVE	89	00009328
WAVE	92	00009329
WAVE	93	0000932A
WAVE	101	0000932B
WAVE	104	0000932C
WAVE	105	0000932D
WAVE	106	0000932E
WAVE	107	0000932F
WAVE	108	00009330
WAVE	109	00009331
WAVE	110	00009332
WAVE	111	00009333
WAVE	112	00009334
WAVE	113	00009335
WAVE	114	00009336
WAVE	115	00009337
WAVE	116	00009338
WAVE	117	00009339
WAVE	119	0000933A
WAVE	121	0000933B
WAVE	122	0000933C
WAVE	124	0000933D
WAVE	125	0000933E
WAVE	126	0000933F
WAVE	127	00009340
WAVE	129	00009341
WAVE	130	00009343
WAVE	131	00009344
WAVE	132	00009345
WAVE	133	00009346
WAVE	134	00009347
WAVE	135	00009348
WAVE	136	00009349
WAVE	137	0000934A
WAVE	139	0000934B
WAVE	142	0000934C
WAVE	143	0000934F
WAVE	147	00009350
WAVE	148	00009351
WAVE	152	00009352
WAVE	153	00009353
WAVE	154	00009354
WAVE	155	00009355
WAVE	156	00009356
WAVE	157	00009357
WAVE	158	00009358
WAVE	159	00009359
WAVE	162	0000935A
WAVE	163	0000935B
WAVE	164	0000935C
WAVE	165	0000935D
WAVE	166	0000935E
WAVE	180	00009367
WAVE	181	00009369
WAVE	182	0000936A
WAVE	183	0000936B
WAVE	184	0000936C
WAVE	185	0000936D
WAVE	186	0000936E
WAVE	187	0000936F
WAVE	188	00009370
WAVE	190	00009371
WAVE	191	00009372
WAVE	192	00009373
WAVE	193	00009374
WAVE	194	00009375
WAVE	197	00009376
WAVE	198	00009377
WAVE	199	00009378
WAVE	200	00009379
WAVE	201	0000937C
WAVE	205	0000937D
WAVE	206	0000937E
WAVE	207	0000937F
WAVE	210	00009380
WAVE	211	00009381
WAVE	213	00009382
WAVE	214	00009383
WAVE	215	00009384
WAVE	216	00009387
WAVE	217	0000938A
WAVE	220	0000938B
WAVE	221	0000938C
WAVE	222	0000938D
WAVE	224	0000938E
WAVE	226	0000938F
WAVE	227	00009390
WAVE	228	00009391
WAVE	230	00009392
WAVE	232	00009395
WAVE	242	00009396
WAVE	243	00009399
WAVE	246	0000939A
WAVE	247	0000939B
WAVE	248	0000939C
WAVE	250	0000939D
WAVE	251	0000939E
WAVE	253	0000939F
WAVE	254	000093A0
WAVE	257	000093A1
WAVE	258	000093A4
WAVE	259	000093A7
WAVE	262	000093A8
WAVE	263	000093A9
WAVE	264	000093AA
WAVE	265	000093AB
WAVE	267	000093AC
WAVE	269	000093AF
WAVE	270	000093B0
WAVE	271	000093B1
WAVE	272	000093B2
WAVE	273	000093B3
WAVE	274	000093B4
WAVE	275	000093B7
WAVE	276	000093BA
WAVE	280	000093BB
WAVE	281	000093BC
WAVE	286	000093BD
WAVE	287	000093C0
WAVE	288	000093C1
WAVE	289	000093C2
WAVE	292	000093C3
WAVE	293	000093C4
WAVE	294	000093C5
WAVE	296	000093C6
WAVE	297	000093C7
WAVE	298	000093C8
WAVE	299	000093C9
WAVE	300	000093CA
WAVE	305	000093CB
WAVE	306	000093CC
WAVE	307	000093CD
WAVE	309	000093CE
WAVE	310	000093D1
WAVE	317	000093D2
WAVE	318	000093D3
WAVE	319	000093D4
WAVE	321	000093D5
WAVE	322	000093D6
WAVE	323	000093D7
WAVE	324	000093D8
WAVE	325	000093D9
WAVE	326	000093DA
WAVE	327	000093DB
WAVE	394	000093FC
WAVE	395	000093FD
WAVE	396	000093FE
WAVE	398	000093FF
WAVE	399	00009400
WAVE	400	00009401
WAVE	401	00009402
WAVE	403	00009403
WAVE	404	00009404
WAVE	406	00009405
WAVE	407	00009406
WAVE	409	00009407
WAVE	410	00009408
WAVE	412	00009409
WAVE	413	0000940A
WAVE	415	0000940B
WAVE	416	0000940C
WAVE	418	0000940D
WAVE	419	0000940E
WAVE	420	0000940F
WAVE	422	00009410
WAVE	423	00009411
WAVE	425	00009412
WAVE	426	00009413
WAVE	428	00009414
WAVE	429	00009415
WAVE	431	00009416
WAVE	432	00009417
WAVE	433	00009418
WAVE	434	00009419
WAVE	435	0000941A
WAVE	436	0000941B
WAVE	438	0000941C
WAVE	439	0000941D
WAVE	440	0000941E
WAVE	446	0000941F
WAVE	447	00009420
WAVE	448	00009421
WAVE	957	00009506
WAVE	958	00009507
WAVE	959	00009508
WAVE	960	00009509
WAVE	962	0000950A
WAVE	963	0000950B
WAVE	964	0000950C
WAVE	965	0000950D
WAVE	970	0000950E
WAVE	971	0000950F
WAVE	972	00009510
WAVE	973	00009511
WAVE	974	00009512
WAVE	975	00009513
WAVE	977	00009514
WAVE	978	00009515
WAVE	979	00009516
WAVE	980	00009517
WAVE	982	00009518
WAVE	983	00009519
WAVE	984	0000951A
WAVE	985	0000951B
WAVE	986	0000951C
WAVE	987	0000951D
WAVE	989	0000951E
WAVE	990	0000951F
WAVE	991	00009520
WAVE	992	00009521
WAVE	998	00009522
WAVE	999	00009523
WAVE	1001	00009524
WAVE	1002	00009525
WAVE	1003	00009526
WAVE	1004	00009527
WAVE	1006	00009528
WAVE	1007	00009529
WAVE	1008	0000952A
WAVE	1009	0000952B
WAVE	1011	0000952C
WHEEL	36	0000AFF2
WHEEL	37	0000AFF3
WHEEL	38	0000AFF4
WHEEL	39	0000AFF5
WHEEL	40	0000AFF6
WHEEL	47	0000AFF7
WHEEL	48	0000AFF8
WHEEL	50	0000AFF9
WHEEL	51	0000AFFA
WHEEL	52	0000AFFB
WHEEL	53	0000AFFC
WHEEL	55	0000AFFD
WHEEL	56	0000AFFE
WHEEL	57	0000AFFF
WHEEL	60	0000B000
WHEEL	62	0000B001
WHEEL	63	0000B002
WHEEL	64	0000B003
WHEEL	67	0000B004
WHEEL	69	0000B005
WHEEL	70	0000B006
WHEEL	71	0000B007
WHEEL	74	0000B008
WHEEL	76	0000B009
WHEEL	77	0000B00A
WHEEL	78	0000B00B
WHEEL	81	0000B00C
WHEEL	83	0000B00D
WHEEL	84	0000B00E
WHEEL	85	0000B00F
WHEEL	89	0000B010
WHEEL	90	0000B011
WHEEL	91	0000B012
WHEEL	92	0000B013
WHEEL	94	0000B014
WHEEL	95	0000B015
WHEEL	97	0000B016
WHEEL	98	0000B017
WHEEL	100	0000B018
WHEEL	103	0000B019
WHEEL	104	0000B01A
WHEEL	105	0000B01B
WHEEL	106	0000B01C
WHEEL	109	0000B01D
WHEEL	110	0000B01E
WHEEL	111	0000B01F
WHEEL	112	0000B020
WHEEL	113	0000B021
WHEEL	115	0000B022
WHEEL	116	0000B023
WHEEL	117	0000B024
WHEEL	118	0000B025
WHEEL	120	0000B026
WHEEL	121	0000B027
WHEEL	122	0000B028
WHEEL	123	0000B029
WHEEL	124	0000B02A
WHEEL	125	0000B02B
WHEEL	127	0000B02C
WHEEL	128	0000B02D
WHEEL	130	0000B02E
WHEEL	131	0000B02F
WHEEL	132	0000B030
WHEEL	144	0000B031
WHEEL	145	0000B032
WHEEL	146	0000B034
WHEEL	148	0000B035
WHEEL	149	0000B036
WHEEL	150	0000B037
WHEEL	151	0000B038
WHEEL	152	0000B039
WHEEL	153	0000B03A
WHEEL	154	0000B03B
WHEEL	156	0000B03C
WHEEL	157	0000B03D
WHEEL	159	0000B03E
WHEEL	160	0000B03F
WHEEL	161	0000B040
WHEEL	162	0000B041
WHEEL	164	0000B042
WHEEL	165	0000B043
WHEEL	166	0000B044
WHEEL	167	0000B045
WHEEL	169	0000B046
WHEEL	171	0000B047
WHEEL	172	0000B048
WHEEL	173	0000B049
