label	label_norm	module	kind	address	status	src_first5	rom_first5
OACTIVEI	OACTIVEI		data	0x00000040	OK		
IDLE_LISTI	IDLE_LISTI		data	0x00000041	OK		
dnums_p	dnums_p@TEXT	TEXT	data	0x00000041	OK		
OACTIVE_PRIORITYI	OACTIVE_PRIORITYI		data	0x00000042	OK		
OLOW_PRIORITYI	OLOW_PRIORITYI@DIRQ	DIRQ	data	0x00000043	OK		
ommdfont_p	ommdfont_p@TEXT	TEXT	data	0x00000043	OK		
OHIGH_PRIORITYI	OHIGH_PRIORITYI		data	0x00000044	OK		
font18_p	font18_p@TEXT	TEXT	data	0x00000044	OK		
CAMERAPOSI	CAMERAPOSI		data	0x00000045	OK		
lgnum43_p	lgnum43_p@TEXT	TEXT	data	0x00000045	OK		
CAMERARADI	CAMERARADI		data	0x00000046	OK		
CAMERAMATRIXI	CAMERAMATRIXI		data	0x00000047	OK		
ASHADOW	ASHADOW		data	0x00000048	OK		
LIGHTIY	LIGHTIY		data	0x00000049	OK		
LOCTEMPER_MATI	LOCTEMPER_MATI		data	0x0000004A	OK		
transmatrixI	transmatrixI		data	0x0000004B	OK		
transvectorYI	transvectorYI		data	0x0000004C	OK		
POSTERMATI	POSTERMATI		data	0x0000004D	OK		
POSTERMAT2DI	POSTERMAT2DI@DIRQ	DIRQ	data	0x0000004E	OK		
BLOWLISTI	BLOWLISTI		data	0x0000004F	OK		
tmpmatI	tmpmatI		data	0x00000050	OK		
tmpmatY	tmpmatY		data	0x00000051	OK		
INVTABI	INVTABI		data	0x00000052	OK		
SCRNHXI	SCRNHXI		data	0x00000053	OK		
SCRNHYI	SCRNHYI		data	0x00000054	OK		
HIGH_CLIP_LEV8	HIGH_CLIP_LEV8		data	0x00000055	OK		
DRIVE_LISTI	DRIVE_LISTI		data	0x00000056	OK		
CAR_LISTI	CAR_LISTI		data	0x00000057	OK		
SIGN_LISTI	SIGN_LISTI		data	0x00000058	OK		
GROUND_LISTI	GROUND_LISTI		data	0x00000059	OK		
MATRIXAI	MATRIXAI		data	0x0000005A	OK		
MATRIXBI	MATRIXBI		data	0x0000005B	OK		
MATRIXCI	MATRIXCI		data	0x0000005C	OK		
VECTORAI	VECTORAI		data	0x0000005D	OK		
VECTORBI	VECTORBI		data	0x0000005E	OK		
VECTORCI	VECTORCI		data	0x0000005F	OK		
VECTORDI	VECTORDI		data	0x00000060	OK		
VECTORAYI	VECTORAYI@DIRQ	DIRQ	data	0x00000061	OK		
_PALLISTI	_PALLISTI		data	0x00000062	OK		
FASTSTKI	FASTSTKI		data	0x00000063	OK		
DIRQ	DIRQ		code	0x00000064	OK		
NEXTOBJ	NEXTOBJ@DIRQ	DIRQ	label	0x00000091	OK		
NOBREAK_CONTINUE	NOBREAK_CONTINUE@DIRQ	DIRQ	label	0x00000097	OK		
TRU_UNIV	TRU_UNIV@DIRQ	DIRQ	label	0x000000A3	OK		
TRANS_RET	TRANS_RET@DIRQ	DIRQ	label	0x000000A6	OK		
UNIV_ROT	UNIV_ROT@DIRQ	DIRQ	label	0x000000B0	OK		
TRIVIAL_REJECTION	TRIVIAL_REJECTION@DIRQ	DIRQ	label	0x000000BA	OK		
NO_DEGRADE	NO_DEGRADE@DIRQ	DIRQ	label	0x000000C5	OK		
ROT3D	ROT3D@DIRQ	DIRQ	label	0x000000F6	OK		
CHECKTHEREG	CHECKTHEREG@DIRQ	DIRQ	label	0x000000FD	OK		
REGULAR	REGULAR@DIRQ	DIRQ	label	0x00000106	OK		
IDENTITY_ROTATION	IDENTITY_ROTATION@DIRQ	DIRQ	label	0x00000112	OK		
SELF_ORIENTING	SELF_ORIENTING@DIRQ	DIRQ	label	0x00000115	OK		
INLP1	INLP1@DIRQ	DIRQ	label	0x00000124	OK		
VECTOR_TRANSFORMATION	VECTOR_TRANSFORMATION@DIRQ	DIRQ	code	0x00000125	OK		
VECTORTRANSFULL	VECTORTRANSFULL@DIRQ	DIRQ	label	0x00000128	OK		
VT	VT@DIRQ	DIRQ	label	0x00000129	OK		
VTL	VTL@DIRQ	DIRQ	label	0x00000140	OK		
EOVCTR	EOVCTR@DIRQ	DIRQ	label	0x00000162	OK		
POLYPOLY_ENTER	POLYPOLY_ENTER@DIRQ	DIRQ	label	0x00000163	OK		
DISPLAY	DISPLAY@DIRQ	DIRQ	code	0x00000166	OK		
DISPLAYX	DISPLAYX@DIRQ	DIRQ	code	0x00000168	OK		
TRANS2D	TRANS2D@DIRQ	DIRQ	label	0x00000169	OK		
REGULAR1	REGULAR1@DIRQ	DIRQ	label	0x00000175	OK		
SELF_ORIENTING2	SELF_ORIENTING2@DIRQ	DIRQ	code	0x00000175	OK		
VECTOR_TRANSFORMATION2	VECTOR_TRANSFORMATION2@DIRQ	DIRQ	code	0x00000187	OK		
VT2	VT2@DIRQ	DIRQ	label	0x00000188	OK		
VTL2	VTL2@DIRQ	DIRQ	label	0x000001A0	OK		
EOVCTR2	EOVCTR2@DIRQ	DIRQ	label	0x000001BA	OK		
DYNAMIC_OBJECT	DYNAMIC_OBJECT@DIRQ	DIRQ	label	0x000001BC	OK		
DYNALOOP	DYNALOOP@DIRQ	DIRQ	label	0x000001CE	OK		
DYNREG	DYNREG@DIRQ	DIRQ	label	0x000001D0	OK		
DYNLP1	DYNLP1@DIRQ	DIRQ	label	0x000001F7	OK		
DYNALP	DYNALP@DIRQ	DIRQ	label	0x00000220	OK		
EODVCTR	EODVCTR@DIRQ	DIRQ	label	0x00000246	OK		
DYNALPX	DYNALPX@DIRQ	DIRQ	label	0x00000247	OK		
DYNASHD	DYNASHD@DIRQ	DIRQ	code	0x00000250	OK		
EOSVCTR	EOSVCTR@DIRQ	DIRQ	label	0x00000282	OK		
NOSHAD	NOSHAD@DIRQ	DIRQ	label	0x00000285	OK		
PLOTPOLY	PLOTPOLY@DIRQ	DIRQ	code	0x0000028D	OK		
PLOTPOLY0	PLOTPOLY0@DIRQ	DIRQ	code	0x00000298	OK		
PLOTPOLYLP	PLOTPOLYLP@DIRQ	DIRQ	label	0x000002C0	OK		
PLTPOLYLP	PLTPOLYLP@DIRQ	DIRQ	label	0x000002C0	OK		
PLOTPOLYLP1	PLOTPOLYLP1@DIRQ	DIRQ	code	0x000002C2	OK		
INBNDS	INBNDS@DIRQ	DIRQ	label	0x000002D5	OK		
LOF1X	LOF1X@DIRQ	DIRQ	label	0x000002E7	OK		
BLOWOUT	BLOWOUT@DIRQ	DIRQ	code	0x000002EE	OK		
POLYLP	POLYLP@DIRQ	DIRQ	label	0x000002FD	OK		
CLIPIT	CLIPIT@DIRQ	DIRQ	label	0x00000303	OK		
CLIPCK	CLIPCK@DIRQ	DIRQ	code	0x00000309	OK		
LPP2	LPP2@DIRQ	DIRQ	label	0x00000316	OK		
CKLP	CKLP@DIRQ	DIRQ	label	0x00000325	OK		
CLIP	CLIP@DIRQ	DIRQ	code	0x0000032F	OK		
CLIPOP	CLIPOP@DIRQ	DIRQ	label	0x0000036F	OK		
CLIP0	CLIP0@DIRQ	DIRQ	label	0x00000370	OK		
CLCKLP	CLCKLP@DIRQ	DIRQ	label	0x00000399	OK		
PCOUT	PCOUT@DIRQ	DIRQ	label	0x000003A1	OK		
PCWT	PCWT@DIRQ	DIRQ	label	0x000003A1	OK		
BUSTUP	BUSTUP@DIRQ	DIRQ	label	0x000003BD	OK		
BUSTUP0	BUSTUP0@DIRQ	DIRQ	label	0x000003C0	OK		
CLIPX	CLIPX@DIRQ	DIRQ	code	0x00000448	OK		
CLIPDONE	CLIPDONE@DIRQ	DIRQ	label	0x0000044A	OK		
PLTPOLY	PLTPOLY@DIRQ	DIRQ	label	0x00000453	OK		
PLTPOLYLP1	PLTPOLYLP1@DIRQ	DIRQ	label	0x00000463	OK		
PLTWT	PLTWT@DIRQ	DIRQ	label	0x0000046A	OK		
PLTPOLL	PLTPOLL@DIRQ	DIRQ	label	0x0000048F	OK		
PLTLP1	PLTLP1@DIRQ	DIRQ	label	0x00000491	OK		
PLTXX	PLTXX@DIRQ	DIRQ	code	0x00000497	OK		
PLOT1PAL	PLOT1PAL@DIRQ	DIRQ	label	0x00000498	OK		
PLOTPOLYLP_1	PLOTPOLYLP_1@DIRQ	DIRQ	label	0x000004C0	OK		
PLTPOLYLP_1	PLTPOLYLP_1@DIRQ	DIRQ	label	0x000004C0	OK		
PLOTPOLYLP1_1	PLOTPOLYLP1_1@DIRQ	DIRQ	code	0x000004C2	OK		
INBNDS_1	INBNDS_1@DIRQ	DIRQ	label	0x000004D5	OK		
LOF2X	LOF2X@DIRQ	DIRQ	label	0x000004E7	OK		
BLOWOUT_1	BLOWOUT_1@DIRQ	DIRQ	code	0x000004ED	OK		
POLYLP_1	POLYLP_1@DIRQ	DIRQ	label	0x000004FC	OK		
CLIPIT_1	CLIPIT_1@DIRQ	DIRQ	label	0x00000502	OK		
PLT1PAL	PLT1PAL@DIRQ	DIRQ	label	0x00000506	OK		
PLT1PAL1	PLT1PAL1@DIRQ	DIRQ	label	0x00000515	OK		
PLTPOLYLP_2	PLTPOLYLP_2@DIRQ	DIRQ	label	0x00000520	OK		
PLTPOLYLP1_2	PLTPOLYLP1_2@DIRQ	DIRQ	label	0x00000523	OK		
PLTWT_2	PLTWT_2@DIRQ	DIRQ	label	0x0000052A	OK		
PLTPOLL_2	PLTPOLL_2@DIRQ	DIRQ	label	0x0000054E	OK		
PLTLP1_2	PLTLP1_2@DIRQ	DIRQ	label	0x00000550	OK		
PLTG1PAL	PLTG1PAL@DIRQ	DIRQ	label	0x00000557	OK		
PLTGPOLYLP_2	PLTGPOLYLP_2@DIRQ	DIRQ	label	0x00000560	OK		
PLTGPOLYLP1_2	PLTGPOLYLP1_2@DIRQ	DIRQ	label	0x00000563	OK		
PLTGWT_2	PLTGWT_2@DIRQ	DIRQ	label	0x0000056D	OK		
LOF4X	LOF4X@DIRQ	DIRQ	label	0x0000057F	OK		
PLTGPOLL_2	PLTGPOLL_2@DIRQ	DIRQ	label	0x00000595	OK		
PLTGLP1_2	PLTGLP1_2@DIRQ	DIRQ	label	0x00000597	OK		
PLOTILLUM	PLOTILLUM@DIRQ	DIRQ	label	0x0000059E	OK		
ILLUM_PLOTPOLYLP	ILLUM_PLOTPOLYLP@DIRQ	DIRQ	code	0x000005A7	OK		
ILLUM1	ILLUM1@DIRQ	DIRQ	code	0x000005BA	OK		
ILLUMFF	ILLUMFF@DIRQ	DIRQ	code	0x000005D8	OK		
LP1	LP1@DIRQ	DIRQ	label	0x000005E8	OK		
ILLUM_POLYLP	ILLUM_POLYLP@DIRQ	DIRQ	code	0x000005EA	OK		
ZCLIP	ZCLIP@DIRQ	DIRQ	label	0x000005ED	OK		
ZCLIP1	ZCLIP1@DIRQ	DIRQ	code	0x000005F1	OK		
WT_S1	WT_S1@DIAG	DIAG	label	0x000005F6	OK		
WT_START	WT_START@DIAG	DIAG	code	0x000005F6	OK		
WT_NS1	WT_NS1@DIAG	DIAG	label	0x000005FA	OK		
WT_NSTART	WT_NSTART@DIAG	DIAG	label	0x000005FA	OK		
KEYPAUSE	KEYPAUSE@DIAG	DIAG	code	0x000005FE	OK		
BEEP	BEEP@DIAG	DIAG	code	0x00000600	OK		
MAKE_WINDOW	MAKE_WINDOW		code	0x00000602	OK		
MAKE_IWINDOW	MAKE_IWINDOW		code	0x00000628	OK		
DIAGPAL	DIAGPAL		data	0x0000064E	OK		
HARD_LOAD_DIAGPAL	HARD_LOAD_DIAGPAL		code	0x0000065F	OK		
LODLP	LODLP@DIAG	DIAG	code	0x00000665	OK		
HIDDEN_DIAG	HIDDEN_DIAG		label	0x00000669	OK		
ENTER_DIAG_INIT	ENTER_DIAG_INIT@DIAG	DIAG	code	0x00000678	OK		
ENTER_DIAG	ENTER_DIAG		label	0x00000699	OK		
ENTER_DIAG2	ENTER_DIAG2@DIAG	DIAG	code	0x0000069A	OK		
RETURN_TO_MAINMENU	RETURN_TO_MAINMENU@DIAG	DIAG	code	0x000006A2	OK		
TOEXIT	TOEXIT		code	0x000006A8	OK		
FILSIZI	FILSIZI@DIAG	DIAG	data	0x000006AE	OK		
REDV	REDV@DIAG	DIAG	data	0x000006AF	OK		
GREENV	GREENV@DIAG	DIAG	data	0x000006B0	OK		
BLUEV	BLUEV@DIAG	DIAG	data	0x000006B1	OK		
BLACKV	BLACKV@DIAG	DIAG	data	0x000006B2	OK		
MONITOR_DIAGNOSTICS	MONITOR_DIAGNOSTICS@DIAG	DIAG	code	0x000006B3	OK		
LINLOP	LINLOP@DIAG	DIAG	code	0x000006D5	OK		
VLINLOP	VLINLOP@DIAG	DIAG	code	0x000006E1	OK		
COLORBARS	COLORBARS@DIAG	DIAG	code	0x000006ED	OK		
GREYLP	GREYLP@DIAG	DIAG	label	0x000006FC	OK		
REDLP	REDLP@DIAG	DIAG	label	0x00000703	OK		
GREENLP	GREENLP@DIAG	DIAG	label	0x0000070A	OK		
BLUELP	BLUELP@DIAG	DIAG	label	0x0000070F	OK		
WHOLELP	WHOLELP@DIAG	DIAG	code	0x00000713	OK		
GROUPLP	GROUPLP@DIAG	DIAG	code	0x00000715	OK		
LINELP	LINELP@DIAG	DIAG	code	0x00000718	OK		
BLOCKLP	BLOCKLP@DIAG	DIAG	code	0x00000719	OK		
bufferI	bufferI		data	0x00000723	OK		
SHOWSWITCH	SHOWSWITCH@DIAG	DIAG	code	0x00000724	OK		
SSLP	SSLP@DIAG	DIAG	label	0x0000081D	OK		
NOWTOEXIT	NOWTOEXIT@DIAG	DIAG	label	0x00000874	OK		
BBD5	BBD5@DIAG	DIAG	code	0x0000087E	OK		
ASCII_TO_BINARY	ASCII_TO_BINARY@DIAG	DIAG	code	0x00000881	OK		
ATBLP	ATBLP@DIAG	DIAG	code	0x00000885	OK		
JJ	JJ@DIAG	DIAG	label	0x00000891	OK		
DISPLAY_SWITCH_STATUS	DISPLAY_SWITCH_STATUS@DIAG	DIAG	code	0x00000895	OK		
DSS	DSS@DIAG	DIAG	label	0x000008A8	OK		
NOPLOT	NOPLOT@DIAG	DIAG	code	0x000008B7	OK		
DONEDSS	DONEDSS@DIAG	DIAG	label	0x000008B8	OK		
SWITCHES_DIAGI	SWITCHES_DIAGI@DIAG	DIAG	data	0x000008B9	OK		
DISPLAY_SHIFTER	DISPLAY_SHIFTER@DIAG	DIAG	code	0x000008BA	OK		
NOT1ST	NOT1ST@DIAG	DIAG	label	0x000008E3	OK		
NOT2ND	NOT2ND@DIAG	DIAG	label	0x000008EC	OK		
NOT3RD	NOT3RD@DIAG	DIAG	label	0x000008F5	OK		
NOT4TH	NOT4TH@DIAG	DIAG	label	0x000008FE	OK		
DISPPOTS	DISPPOTS@DIAG	DIAG	code	0x000008FF	OK		
NOPLOTpot0	NOPLOTpot0@DIAG	DIAG	label	0x00000910	OK		
NOPLOTpot1	NOPLOTpot1@DIAG	DIAG	label	0x00000921	OK		
NOPLOTpot2	NOPLOTpot2@DIAG	DIAG	label	0x00000932	OK		
SHOW_DIPSWITCH	SHOW_DIPSWITCH@DIAG	DIAG	code	0x00000933	OK		
DIPLP	DIPLP@DIAG	DIAG	label	0x0000093C	OK		
SHOW_DIPSWITCH_STATUS	SHOW_DIPSWITCH_STATUS@DIAG	DIAG	code	0x00000942	OK		
SDS_LP	SDS_LP@DIAG	DIAG	code	0x00000944	OK		
DISPLAY_DIPSWITCH_STATUS	DISPLAY_DIPSWITCH_STATUS@DIAG	DIAG	code	0x0000095A	OK		
DONE_MODE_MSG	DONE_MODE_MSG@DIAG	DIAG	label	0x00000A20	OK		
DMOD1	DMOD1@DIAG	DIAG	data	0x00000A2F	OK		
DMOTI	DMOTI@DIAG	DIAG	data	0x00000A2F	OK		
DMOD2	DMOD2@DIAG	DIAG	data	0x00000A30	OK		
DNMOTI	DNMOTI@DIAG	DIAG	data	0x00000A30	OK		
DLINKDI	DLINKDI@DIAG	DIAG	data	0x00000A31	OK		
DNLINKDI	DNLINKDI@DIAG	DIAG	data	0x00000A32	OK		
MOMT	MOMT@DIAG	DIAG	data	0x00000A35	OK		
RUN_MOTION_MENU	RUN_MOTION_MENU@DIAG	DIAG	code	0x00000A36	OK		
AMT	AMT@DIAG	DIAG	data	0x00000A3A	OK		
RUN_ADJUSTMENT_MENU	RUN_ADJUSTMENT_MENU@DIAG	DIAG	code	0x00000A3B	OK		
ADJTABI	ADJTABI@DIAG	DIAG	data	0x00000A3F	OK		
PRINT_ADJUSTMENT	PRINT_ADJUSTMENT@DIAG	DIAG	code	0x00000A40	OK		
UMT	UMT@DIAG	DIAG	data	0x00000A45	OK		
RUN_UTILITIES_MENU	RUN_UTILITIES_MENU@DIAG	DIAG	code	0x00000A46	OK		
MMT	MMT@DIAG	DIAG	data	0x00000A4A	OK		
DMT	DMT@DIAG	DIAG	data	0x00000A4B	OK		
RUN_DIAG_MENU	RUN_DIAG_MENU@DIAG	DIAG	code	0x00000A4C	OK		
HANDLE_MENU	HANDLE_MENU@DIAG	DIAG	label	0x00000A4F	OK		
HMER	HMER@DIAG	DIAG	label	0x00000A52	OK		
HMSTAND	HMSTAND@DIAG	DIAG	label	0x00000A6A	OK		
HMNOTSTAND	HMNOTSTAND@DIAG	DIAG	label	0x00000A6F	OK		
HANMENL	HANMENL@DIAG	DIAG	label	0x00000A78	OK		
HANMENL_PLOT	HANMENL_PLOT@DIAG	DIAG	code	0x00000A83	OK		
JAJA5	JAJA5@DIAG	DIAG	label	0x00000A9D	OK		
HM_NOTUP	HM_NOTUP@DIAG	DIAG	label	0x00000AA9	OK		
HM_WT	HM_WT@DIAG	DIAG	label	0x00000AAF	OK		
wta	wta@DIAG	DIAG	label	0x00000AB0	OK		
wtta	wtta@DIAG	DIAG	label	0x00000AB9	OK		
HM_NOTDOWN	HM_NOTDOWN@DIAG	DIAG	label	0x00000ABB	OK		
J55	J55@DIAG	DIAG	label	0x00000ABB	OK		
GO_SCROLL	GO_SCROLL@DIAG	DIAG	label	0x00000AC5	OK		
NO_SCROLL	NO_SCROLL@DIAG	DIAG	label	0x00000ACE	OK		
HM_EXECUTE	HM_EXECUTE@DIAG	DIAG	label	0x00000ACF	OK		
XIT_MENU_TO_MAIN	XIT_MENU_TO_MAIN@DIAG	DIAG	code	0x00000AE0	OK		
SETUP_DIAG_SCREEN	SETUP_DIAG_SCREEN		code	0x00000AE9	OK		
MUSIC_TAB	MUSIC_TAB@DIAG	DIAG	data	0x00000AF0	OK		
EFFECTS_TAB	EFFECTS_TAB@DIAG	DIAG	data	0x00000AF7	OK		
SOUND_BOARD_TEST	SOUND_BOARD_TEST@DIAG	DIAG	code	0x00000B02	OK		
SBT_UPDT	SBT_UPDT@DIAG	DIAG	label	0x00000B1A	OK		
NUPDT	NUPDT@DIAG	DIAG	label	0x00000B2E	OK		
NUPDE	NUPDE@DIAG	DIAG	label	0x00000B42	OK		
SBT_LP	SBT_LP@DIAG	DIAG	label	0x00000B42	OK		
NOXIT	NOXIT@DIAG	DIAG	label	0x00000B47	OK		
SBTLP2	SBTLP2@DIAG	DIAG	code	0x00000B4A	OK		
NONEXTT	NONEXTT@DIAG	DIAG	label	0x00000B53	OK		
SBTLP1	SBTLP1@DIAG	DIAG	code	0x00000B56	OK		
NONEXTE	NONEXTE@DIAG	DIAG	label	0x00000B5F	OK		
STEERING_WHEEL_TEST	STEERING_WHEEL_TEST@DIAG	DIAG	code	0x00000B65	OK		
SWTLP1	SWTLP1@DIAG	DIAG	code	0x00000B71	OK		
SWTLP3	SWTLP3@DIAG	DIAG	code	0x00000B88	OK		
AMODES	AMODES@DIAG	DIAG	data	0x00000B9A	OK		
AMODESND	AMODESND@DIAG	DIAG	code	0x00000B9B	OK		
BURNIN_TEST	BURNIN_TEST@DIAG	DIAG	label	0x00000BA5	OK		
COUNTRY_MENUTABI	COUNTRY_MENUTABI@DIAG	DIAG	data	0x00000BBB	OK		
STANDARD_PRICING_MENU	STANDARD_PRICING_MENU@DIAG	DIAG	data	0x00000BBB	OK		
RUN_COUNTRY	RUN_COUNTRY@DIAG	DIAG	code	0x00000BDC	OK		
MAKE_STANDARW	MAKE_STANDARW@DIAG	DIAG	code	0x00000BEA	OK		
PRINT_STANDARD	PRINT_STANDARD@DIAG	DIAG	code	0x00000BF5	OK		
DONE_MSG	DONE_MSG@DIAG	DIAG	label	0x00000C26	OK		
PS_SKIPMENU	PS_SKIPMENU@DIAG	DIAG	label	0x00000C57	OK		
PSLP	PSLP@DIAG	DIAG	label	0x00000C61	OK		
PSLP1	PSLP1@DIAG	DIAG	label	0x00000C7B	OK		
PSLP1_CHECK	PSLP1_CHECK@DIAG	DIAG	label	0x00000C7C	OK		
PSLPX	PSLPX@DIAG	DIAG	label	0x00000C95	OK		
PRINT_SPYN	PRINT_SPYN@DIAG	DIAG	code	0x00000C97	OK		
CUSTOM_PRICING_MENU	CUSTOM_PRICING_MENU@DIAG	DIAG	data	0x00000CA0	OK		
SET_CONTROLS	SET_CONTROLS		code	0x00000CC0	OK		
DADA5	DADA5@DIAG	DIAG	label	0x00000D1E	OK		
SET_VOLUME	SET_VOLUME@DIAG	DIAG	code	0x00000D1F	OK		
SETVOL_LP	SETVOL_LP@DIAG	DIAG	label	0x00000D86	OK		
SETNN	SETNN@DIAG	DIAG	label	0x00000D90	OK		
NOTRET	NOTRET@DIAG	DIAG	label	0x00000D97	OK		
NOTUPA	NOTUPA@DIAG	DIAG	label	0x00000DA9	OK		
NOTDOWNA	NOTDOWNA@DIAG	DIAG	label	0x00000DB9	OK		
WTA	WTA@DIAG	DIAG	label	0x00000DB9	OK		
SHOW_VOLUME	SHOW_VOLUME@DIAG	DIAG	code	0x00000DBA	OK		
FFRSUB	FFRSUB		code	0x00000DCE	OK		
FFRST	FFRST@DIAG	DIAG	data	0x00000DDA	OK		
DAS	DAS@DIAG	DIAG	data	0x00000DE5	OK		
HSRS	HSRS@DIAG	DIAG	data	0x00000DEF	OK		
BOOKR	BOOKR@DIAG	DIAG	data	0x00000DF9	OK		
FREEPLAYT	FREEPLAYT@DIAG	DIAG	data	0x00000DFA	OK		
FREEPLAYONOFF	FREEPLAYONOFF@DIAG	DIAG	code	0x00000DFB	OK		
FGOO1	FGOO1@DIAG	DIAG	data	0x00000E05	OK		
FGOO2	FGOO2@DIAG	DIAG	data	0x00000E06	OK		
FREEGAMEONOFF	FREEGAMEONOFF@DIAG	DIAG	code	0x00000E07	OK		
APHSTD	APHSTD@DIAG	DIAG	data	0x00000E11	OK		
APHSTD2	APHSTD2@DIAG	DIAG	data	0x00000E12	OK		
HIGHSCORE_ENTRY	HIGHSCORE_ENTRY@DIAG	DIAG	code	0x00000E13	OK		
GI1	GI1@DIAG	DIAG	data	0x00000E1D	OK		
GIRLS_ONOFF	GIRLS_ONOFF@DIAG	DIAG	code	0x00000E1E	OK		
CL1	CL1@DIAG	DIAG	data	0x00000E28	OK		
CLINTON_ONOFF	CLINTON_ONOFF@DIAG	DIAG	code	0x00000E29	OK		
RK1	RK1@DIAG	DIAG	data	0x00000E33	OK		
ROADKILL_ONOFF	ROADKILL_ONOFF@DIAG	DIAG	code	0x00000E34	OK		
MP1	MP1@DIAG	DIAG	data	0x00000E3E	OK		
MP2	MP2@DIAG	DIAG	data	0x00000E3F	OK		
MP3	MP3@DIAG	DIAG	data	0x00000E40	OK		
MILES_OR_KILO	MILES_OR_KILO@DIAG	DIAG	code	0x00000E41	OK		
CLR_CRED	CLR_CRED@DIAG	DIAG	data	0x00000E4D	OK		
YES	YES@DIAG	DIAG	data	0x00000E4E	OK		
NO	NO@DIAG	DIAG	data	0x00000E4F	OK		
ONS	ONS@DIAG	DIAG	data	0x00000E50	OK		
OFFS	OFFS@DIAG	DIAG	data	0x00000E51	OK		
NULLSTR	NULLSTR		data	0x00000E52	OK		
AREUSURE	AREUSURE@DIAG	DIAG	data	0x00000E53	OK		
CLEAR_CREDITS	CLEAR_CREDITS@DIAG	DIAG	code	0x00000E54	OK		
CCD2A	CCD2A@DIAG	DIAG	data	0x00000E61	OK		
MESSAGE_BOX	MESSAGE_BOX@DIAG	DIAG	code	0x00000E62	OK		
ABLP	ABLP@DIAG	DIAG	code	0x00000E73	OK		
CLEAR_YES_NO	CLEAR_YES_NO@DIAG	DIAG	code	0x00000E76	OK		
ASK_YES_NO	ASK_YES_NO@DIAG	DIAG	code	0x00000E77	OK		
DUAL_ON_OFF	DUAL_ON_OFF@DIAG	DIAG	code	0x00000E7A	OK		
DUAL_VALUE	DUAL_VALUE@DIAG	DIAG	code	0x00000E7D	OK		
CYNLOOP	CYNLOOP@DIAG	DIAG	label	0x00000EA5	OK		
CHNG	CHNG@DIAG	DIAG	label	0x00000EBB	OK		
NCHNG	NCHNG@DIAG	DIAG	label	0x00000EBE	OK		
DOEXIT	DOEXIT@DIAG	DIAG	label	0x00000EC3	OK		
CYN_NO	CYN_NO@DIAG	DIAG	code	0x00000EC5	OK		
CYN_YES	CYN_YES@DIAG	DIAG	label	0x00000EC7	OK		
SSGD	SSGD@DIAG	DIAG	data	0x00000EC9	OK		
SSGD2	SSGD2@DIAG	DIAG	data	0x00000ECA	OK		
SET_STEERING_SENSITIVITY	SET_STEERING_SENSITIVITY@DIAG	DIAG	code	0x00000ECB	OK		
HSGD	HSGD@DIAG	DIAG	data	0x00000ED9	OK		
HSGD2	HSGD2@DIAG	DIAG	data	0x00000EDA	OK		
SET_HIGHSCORE_RESET	SET_HIGHSCORE_RESET@DIAG	DIAG	code	0x00000EDB	OK		
SGD	SGD@DIAG	DIAG	data	0x00000EE9	OK		
SGD2	SGD2@DIAG	DIAG	data	0x00000EEA	OK		
SET_GAME_DIFFICULTY	SET_GAME_DIFFICULTY@DIAG	DIAG	code	0x00000EEB	OK		
GAMEDIFF_CVTI	GAMEDIFF_CVTI@DIAG	DIAG	data	0x00000EF9	OK		
GAMEDIFF_CVT	GAMEDIFF_CVT@DIAG	DIAG	data	0x00000EFA	OK		
ITD	ITD@DIAG	DIAG	data	0x00000F01	OK		
ITD2	ITD2@DIAG	DIAG	data	0x00000F02	OK		
SET_TIME_TO_START	SET_TIME_TO_START@DIAG	DIAG	code	0x00000F03	OK		
TIME_CVTI	TIME_CVTI@DIAG	DIAG	data	0x00000F10	OK		
TIME_CVT	TIME_CVT@DIAG	DIAG	data	0x00000F11	OK		
CPBTT	CPBTT@DIAG	DIAG	data	0x00000F1A	OK		
CPBTT2	CPBTT2@DIAG	DIAG	data	0x00000F1B	OK		
SET_CHECKPOINT_BONUS	SET_CHECKPOINT_BONUS@DIAG	DIAG	code	0x00000F1C	OK		
CHECKPOINT_BONUS_CVTI	CHECKPOINT_BONUS_CVTI@DIAG	DIAG	data	0x00000F29	OK		
CHECKPOINT_BONUS_CVT	CHECKPOINT_BONUS_CVT@DIAG	DIAG	data	0x00000F2A	OK		
MXT1	MXT1@DIAG	DIAG	data	0x00000F31	OK		
MXT2	MXT2@DIAG	DIAG	data	0x00000F32	OK		
SET_MAX_CREDITS	SET_MAX_CREDITS@DIAG	DIAG	code	0x00000F33	OK		
MVL	MVL@DIAG	DIAG	data	0x00000F40	OK		
SET_MIN_VOL_LEVEL	SET_MIN_VOL_LEVEL@DIAG	DIAG	code	0x00000F41	OK		
SET_MIN_VOL_LEVEL_CVTI	SET_MIN_VOL_LEVEL_CVTI@DIAG	DIAG	data	0x00000F52	OK		
SET_MIN_VOL_LEVEL_CVT	SET_MIN_VOL_LEVEL_CVT@DIAG	DIAG	data	0x00000F53	OK		
MULTI_VALUE	MULTI_VALUE@DIAG	DIAG	code	0x00000F5A	OK		
MULTI_VALUE_STEP	MULTI_VALUE_STEP@DIAG	DIAG	code	0x00000F5B	OK		
DVLOOP	DVLOOP@DIAG	DIAG	label	0x00000F91	OK		
CHNGDV	CHNGDV@DIAG	DIAG	label	0x00000FAD	OK		
NCHNGDV	NCHNGDV@DIAG	DIAG	label	0x00000FB0	OK		
WT5	WT5@DIAG	DIAG	label	0x00000FB1	OK		
WTT5	WTT5@DIAG	DIAG	label	0x00000FB7	OK		
WTTT5	WTTT5@DIAG	DIAG	label	0x00000FBD	OK		
DOEXITDV	DOEXITDV@DIAG	DIAG	label	0x00000FC2	OK		
SPM	SPM@DIAG	DIAG	data	0x00000FC3	OK		
RUN_STANDARD_PRICING	RUN_STANDARD_PRICING@DIAG	DIAG	code	0x00000FC4	OK		
PRICE_YES_NO	PRICE_YES_NO@DIAG	DIAG	code	0x00000FC8	OK		
STP	STP@DIAG	DIAG	data	0x00000FE1	OK		
RCMT	RCMT@DIAG	DIAG	data	0x00000FE2	OK		
RUN_CUSTOM_PRICING	RUN_CUSTOM_PRICING@DIAG	DIAG	code	0x00000FE3	OK		
FRACTION_YES_NO	FRACTION_YES_NO@DIAG	DIAG	code	0x00000FE7	OK		
CUSTOM_YES_NO	CUSTOM_YES_NO@DIAG	DIAG	code	0x00000FF2	OK		
CUSTOM_NO	CUSTOM_NO@DIAG	DIAG	label	0x00001003	OK		
CPS	CPS@DIAG	DIAG	data	0x00001004	OK		
CMESSAGE_TAB	CMESSAGE_TAB@DIAG	DIAG	data	0x00001005	OK		
CUPC	CUPC@DIAG	DIAG	data	0x00001015	OK		
CTSS	CTSS@DIAG	DIAG	data	0x0000101A	OK		
CTCS	CTCS@DIAG	DIAG	data	0x0000101D	OK		
CCTS	CCTS@DIAG	DIAG	data	0x00001021	OK		
CCTC	CCTC@DIAG	DIAG	data	0x00001026	OK		
CTPC	CTPC@DIAG	DIAG	data	0x0000102B	OK		
SET_SLOT	SET_SLOT@DIAG	DIAG	code	0x00001032	OK		
SET_SLOT1	SET_SLOT1@DIAG	DIAG	label	0x00001038	OK		
SET_SLOT2	SET_SLOT2@DIAG	DIAG	label	0x0000104C	OK		
PSTABI	PSTABI@DIAG	DIAG	data	0x00001055	OK		
PRINT_SLOT	PRINT_SLOT@DIAG	DIAG	code	0x00001056	OK		
PRINT_VALUE	PRINT_VALUE@DIAG	DIAG	code	0x0000105B	OK		
PRINT_VALUEX	PRINT_VALUEX@DIAG	DIAG	label	0x00001066	OK		
PRINT_VOL	PRINT_VOL@DIAG	DIAG	code	0x0000106B	OK		
GETSTR_LENGTH	GETSTR_LENGTH@DIAG	DIAG	code	0x0000107B	OK		
GSLP	GSLP@DIAG	DIAG	label	0x00001080	OK		
GSLP1	GSLP1@DIAG	DIAG	label	0x00001082	OK		
GSLDONE	GSLDONE@DIAG	DIAG	label	0x0000108B	OK		
PRINT_COINMODE	PRINT_COINMODE@DIAG	DIAG	code	0x00001090	OK		
PRINT_CUSTOM_SELECTED	PRINT_CUSTOM_SELECTED@DIAG	DIAG	code	0x0000109E	OK		
PRINT_TIME	PRINT_TIME@DIAG	DIAG	code	0x000010A4	OK		
PRINT_NUMBER	PRINT_NUMBER@DIAG	DIAG	code	0x000010A6	OK		
PRINT_YN_INV	PRINT_YN_INV@DIAG	DIAG	code	0x000010BD	OK		
PRINT_YN	PRINT_YN@DIAG	DIAG	code	0x000010BF	OK		
PRINT_ONOFF_INV	PRINT_ONOFF_INV@DIAG	DIAG	code	0x000010C6	OK		
PRINT_ONOFF	PRINT_ONOFF@DIAG	DIAG	code	0x000010C8	OK		
PRINT_MPH_INV	PRINT_MPH_INV@DIAG	DIAG	code	0x000010CF	OK		
PRINT_MPH	PRINT_MPH@DIAG	DIAG	code	0x000010D1	OK		
MAIN_MENU	MAIN_MENU@DIAG	DIAG	data	0x000010D8	OK		
DIAGNOSTIC_MENU	DIAGNOSTIC_MENU@DIAG	DIAG	data	0x000010E7	OK		
UTILITIES_MENU	UTILITIES_MENU@DIAG	DIAG	data	0x000010FC	OK		
ADJUSTMENT_MENU	ADJUSTMENT_MENU@DIAG	DIAG	data	0x0000110A	OK		
MOTION_MENU	MOTION_MENU@DIAG	DIAG	data	0x0000112F	OK		
LAMPT	LAMPT@DIAG	DIAG	data	0x0000113D	OK		
LAMP_MENU	LAMP_MENU@DIAG	DIAG	data	0x0000113F	OK		
RUN_LAMP_TEST	RUN_LAMP_TEST@DIAG	DIAG	code	0x00001155	OK		
LAMPSOFF	LAMPSOFF@DIAG	DIAG	code	0x00001159	OK		
LAMPSALL	LAMPSALL@DIAG	DIAG	code	0x0000115B	OK		
LAMPS	LAMPS@DIAG	DIAG	code	0x0000115D	OK		
LAMPV1	LAMPV1@DIAG	DIAG	code	0x0000115F	OK		
LAMPV2	LAMPV2@DIAG	DIAG	code	0x00001161	OK		
LAMPV3	LAMPV3@DIAG	DIAG	code	0x00001163	OK		
LAMPLT	LAMPLT@DIAG	DIAG	code	0x00001165	OK		
LAMPRT	LAMPRT@DIAG	DIAG	code	0x00001167	OK		
LAMPLF	LAMPLF@DIAG	DIAG	code	0x00001169	OK		
LAMPRF	LAMPRF@DIAG	DIAG	code	0x0000116B	OK		
LJIN	LJIN@DIAG	DIAG	label	0x0000116C	OK		
MOTION_CHECK_SAFETY_CODES	MOTION_CHECK_SAFETY_CODES@DIAG	DIAG	code	0x00001170	OK		
MCSC_LP	MCSC_LP@DIAG	DIAG	code	0x0000117C	OK		
JJDDA	JJDDA@DIAG	DIAG	label	0x00001187	OK		
NO_ERRORS	NO_ERRORS@DIAG	DIAG	label	0x00001189	OK		
ALL_DONE	ALL_DONE@DIAG	DIAG	label	0x00001193	OK		
MOTION_SAFETY_CODES	MOTION_SAFETY_CODES@DIAG	DIAG	data	0x00001198	OK		
MSC_BOARD_NOTPLUGGED	MSC_BOARD_NOTPLUGGED@DIAG	DIAG	code	0x000011B1	OK		
MSC_MAT_STEPPED	MSC_MAT_STEPPED@DIAG	DIAG	code	0x000011BC	OK		
NM1	NM1@DIAG	DIAG	label	0x000011D4	OK		
NM2	NM2@DIAG	DIAG	label	0x000011DC	OK		
NM3	NM3@DIAG	DIAG	label	0x000011E4	OK		
NM4	NM4@DIAG	DIAG	label	0x000011EC	OK		
MSC_MAT_NOTPLUGGED	MSC_MAT_NOTPLUGGED@DIAG	DIAG	code	0x000011ED	OK		
NM1A	NM1A@DIAG	DIAG	label	0x00001205	OK		
NM2A	NM2A@DIAG	DIAG	label	0x0000120D	OK		
NM3A	NM3A@DIAG	DIAG	label	0x00001215	OK		
NM4A	NM4A@DIAG	DIAG	label	0x0000121D	OK		
MSC_OPTO_PATH	MSC_OPTO_PATH@DIAG	DIAG	code	0x0000121E	OK		
MSC_OPTO_LED	MSC_OPTO_LED@DIAG	DIAG	code	0x00001229	OK		
NJ1	NJ1@DIAG	DIAG	label	0x00001241	OK		
NJ2	NJ2@DIAG	DIAG	label	0x00001249	OK		
NJ3	NJ3@DIAG	DIAG	label	0x00001251	OK		
NJ4	NJ4@DIAG	DIAG	label	0x00001259	OK		
MSC_OPTO_DETECTOR	MSC_OPTO_DETECTOR@DIAG	DIAG	code	0x0000125A	OK		
NJ1A	NJ1A@DIAG	DIAG	label	0x00001272	OK		
NJ2A	NJ2A@DIAG	DIAG	label	0x0000127A	OK		
NJ3A	NJ3A@DIAG	DIAG	label	0x00001282	OK		
NJ4A	NJ4A@DIAG	DIAG	label	0x0000128A	OK		
MSC_FAILSAFE_OK	MSC_FAILSAFE_OK@DIAG	DIAG	code	0x0000128B	OK		
NM4B	NM4B@DIAG	DIAG	label	0x000012A3	OK		
NM1B	NM1B@DIAG	DIAG	label	0x000012AB	OK		
NM2B	NM2B@DIAG	DIAG	label	0x000012B3	OK		
MSC_FAILSAFE_NOTCONNECTED	MSC_FAILSAFE_NOTCONNECTED@DIAG	DIAG	code	0x000012B4	OK		
NM4BA	NM4BA@DIAG	DIAG	label	0x000012CC	OK		
NM1BA	NM1BA@DIAG	DIAG	label	0x000012D4	OK		
NM2BA	NM2BA@DIAG	DIAG	label	0x000012DC	OK		
DRAW_MOTION_SAFETY_DIAG	DRAW_MOTION_SAFETY_DIAG@DIAG	DIAG	code	0x000012DD	OK		
CLEAR_MATS	CLEAR_MATS@DIAG	DIAG	code	0x0000137A	OK		
MOTION_SAFETY_SWITCHES_DIAG	MOTION_SAFETY_SWITCHES_DIAG		code	0x000013D5	OK		
MSSD_LP	MSSD_LP@DIAG	DIAG	label	0x000013E1	OK		
MSOFF	MSOFF@DIAG	DIAG	label	0x000013F2	OK		
MSFX	MSFX@DIAG	DIAG	label	0x000013F8	OK		
COMPUTE_FREEGAMES_PRCNT	COMPUTE_FREEGAMES_PRCNT@AUDITS	AUDITS	code	0x00001419	OK		
COMPUTE_GAMETIME	COMPUTE_GAMETIME@AUDITS	AUDITS	code	0x00001426	OK		
AUDIT_LIST	AUDIT_LIST@AUDITS	AUDITS	data	0x00001430	OK		
AUDIT_DISPLAY	AUDIT_DISPLAY		code	0x000014D0	OK		
KKLL	KKLL@AUDITS	AUDITS	label	0x000014DF	OK		
LYTL	LYTL@AUDITS	AUDITS	label	0x000014F8	OK		
LLTT	LLTT@AUDITS	AUDITS	code	0x00001500	OK		
NOCALL	NOCALL@AUDITS	AUDITS	label	0x0000150E	OK		
J22AB	J22AB@AUDITS	AUDITS	label	0x0000150F	OK		
J22A	J22A@AUDITS	AUDITS	code	0x00001512	OK		
JJTTA	JJTTA@AUDITS	AUDITS	label	0x0000151B	OK		
LLRR	LLRR@AUDITS	AUDITS	label	0x0000151D	OK		
WL2A	WL2A@AUDITS	AUDITS	label	0x0000151F	OK		
NODIPPLOT	NODIPPLOT@AUDITS	AUDITS	label	0x0000152A	OK		
NOLOG	NOLOG@AUDITS	AUDITS	label	0x00001535	OK		
DBNCE	DBNCE@AUDITS	AUDITS	label	0x00001539	OK		
FFB2	FFB2@AUDITS	AUDITS	label	0x0000153D	OK		
RB44	RB44@AUDITS	AUDITS	code	0x0000153F	OK		
KKLL5	KKLL5@AUDITS	AUDITS	label	0x00001544	OK		
KKL	KKL@AUDITS	AUDITS	label	0x00001548	OK		
BOOKX	BOOKX@AUDITS	AUDITS	label	0x00001549	OK		
WL266	WL266@AUDITS	AUDITS	label	0x00001549	OK		
HEAD2HEAD_LOGO_WAIT	HEAD2HEAD_LOGO_WAIT		code	0x0000154D	OK		
HEAD2HEAD_LOGO	HEAD2HEAD_LOGO		code	0x0000154F	OK		
H2HLE	H2HLE@INTRO	INTRO	label	0x00001550	OK		
H2HLLP	H2HLLP@INTRO	INTRO	code	0x00001582	OK		
NOSND1	NOSND1@INTRO	INTRO	label	0x0000159A	OK		
WFC	WFC@INTRO	INTRO	label	0x000015BF	OK		
WFCLP342	WFCLP342@INTRO	INTRO	label	0x000015C1	OK		
NOMSGG	NOMSGG@INTRO	INTRO	label	0x000015CC	OK		
KABOSH	KABOSH@INTRO	INTRO	label	0x000015D0	OK		
KABOSHP	KABOSHP@INTRO	INTRO	code	0x000015D4	OK		
FKABOSH	FKABOSH@INTRO	INTRO	label	0x000015E2	OK		
TKABOSH	TKABOSH@INTRO	INTRO	label	0x000015E4	OK		
JINMSG	JINMSG@INTRO	INTRO	code	0x000015E6	OK		
NOJINMSG	NOJINMSG@INTRO	INTRO	label	0x000015F1	OK		
THROBIT	THROBIT@INTRO	INTRO	code	0x000015F2	OK		
THROBLP1	THROBLP1@INTRO	INTRO	code	0x000015F3	OK		
NOSND2	NOSND2@INTRO	INTRO	label	0x00001602	OK		
KKGKG	KKGKG@INTRO	INTRO	code	0x00001603	OK		
THROBLP2	THROBLP2@INTRO	INTRO	code	0x0000160A	OK		
ENDTHROB	ENDTHROB@INTRO	INTRO	label	0x00001613	OK		
WAIT_FOR_CHALLENGER	WAIT_FOR_CHALLENGER		code	0x00001617	OK		
CHAHC	CHAHC@INTRO	INTRO	label	0x00001624	OK		
WFCLP	WFCLP@INTRO	INTRO	label	0x0000162D	OK		
NOWORRY	NOWORRY@INTRO	INTRO	label	0x00001634	OK		
JJFHF	JJFHF@INTRO	INTRO	label	0x0000163B	OK		
BABAB	BABAB@INTRO	INTRO	label	0x00001640	OK		
HHFBF	HHFBF@INTRO	INTRO	label	0x00001644	OK		
NOMSG768	NOMSG768@INTRO	INTRO	label	0x0000165B	OK		
BABAHH	BABAHH@INTRO	INTRO	label	0x00001660	OK		
JJFJFJ	JJFJFJ@INTRO	INTRO	label	0x00001668	OK		
NOMSG123	NOMSG123@INTRO	INTRO	label	0x00001676	OK		
WFCLPXXX	WFCLPXXX@INTRO	INTRO	label	0x00001679	OK		
WAITX	WAITX@INTRO	INTRO	label	0x00001680	OK		
CHECK_ENDBONUS	CHECK_ENDBONUS@INTRO	INTRO	code	0x0000168C	OK		
CEBT	CEBT@INTRO	INTRO	label	0x0000169A	OK		
WAIT_FOR_ENDBONUS	WAIT_FOR_ENDBONUS@INTRO	INTRO	code	0x0000169C	OK		
NOOBJSSS	NOOBJSSS@INTRO	INTRO	label	0x000016E0	OK		
LKJASDFGD	LKJASDFGD@INTRO	INTRO	label	0x000016E3	OK		
WAIT_FOR_ENDBONUS_LP	WAIT_FOR_ENDBONUS_LP@INTRO	INTRO	label	0x000016E6	OK		
ISGAME5	ISGAME5@INTRO	INTRO	label	0x000016FF	OK		
NOJHASD	NOJHASD@INTRO	INTRO	label	0x00001719	OK		
IURENDFL	IURENDFL@INTRO	INTRO	label	0x0000171C	OK		
ISSUE_STARTGAME_TSEL	ISSUE_STARTGAME_TSEL		code	0x00001720	OK		
ISSUE_STARTGAME	ISSUE_STARTGAME		code	0x00001722	OK		
LKAS534	LKAS534@INTRO	INTRO	label	0x00001723	OK		
NOTNND	NOTNND@INTRO	INTRO	label	0x00001731	OK		
DOIT6	DOIT6@INTRO	INTRO	label	0x00001739	OK		
NODOIT6	NODOIT6@INTRO	INTRO	label	0x0000173F	OK		
DOITANY4	DOITANY4@INTRO	INTRO	label	0x0000174C	OK		
WTFORRETVAL	WTFORRETVAL@INTRO	INTRO	label	0x00001752	OK		
NTINLK	NTINLK@INTRO	INTRO	label	0x00001764	OK		
NOGAME	NOGAME@INTRO	INTRO	label	0x0000176A	OK		
PLYR_INTRO	PLYR_INTRO		code	0x00001775	OK		
NOULOG	NOULOG@INTRO	INTRO	label	0x000017A3	OK		
CNR_ENTER	CNR_ENTER@INTRO	INTRO	label	0x000017A7	OK		
CONTINUE	CONTINUE@INTRO	INTRO	label	0x000017AE	OK		
WFSNP	WFSNP@INTRO	INTRO	code	0x000017DC	OK		
ALL_JOINUP	ALL_JOINUP@INTRO	INTRO	label	0x000017E0	OK		
CHOOSE_NEXT_RACE	CHOOSE_NEXT_RACE		label	0x0000180C	OK		
LOAD_NEW_SELECTION	LOAD_NEW_SELECTION@INTRO	INTRO	label	0x0000181F	OK		
WATCH_PLYRS_CAR	WATCH_PLYRS_CAR@INTRO	INTRO	code	0x00001841	OK		
INIT_GAMELEG	INIT_GAMELEG		code	0x00001859	OK		
BABA66	BABA66@INTRO	INTRO	label	0x0000189C	OK		
CCTI	CCTI@INTRO	INTRO	data	0x000018A0	OK		
CCT	CCT@INTRO	INTRO	data	0x000018A1	OK		
CCTABI	CCTABI@INTRO	INTRO	data	0x000018A4	OK		
RACE_STARTING_POINTSI	RACE_STARTING_POINTSI		data	0x000018A5	OK		
CHOOSECAR	CHOOSECAR@INTRO	INTRO	code	0x000018A6	OK		
JT75	JT75@INTRO	INTRO	code	0x000018C3	OK		
KIBO	KIBO@INTRO	INTRO	label	0x000018C8	OK		
BABA	BABA@INTRO	INTRO	label	0x000018D6	OK		
NLD	NLD@INTRO	INTRO	code	0x000018E1	OK		
LNNN	LNNN@INTRO	INTRO	code	0x000018F3	OK		
NOHIDE	NOHIDE@INTRO	INTRO	label	0x00001914	OK		
TMP886	TMP886@INTRO	INTRO	label	0x00001919	OK		
JAJAKKA	JAJAKKA@INTRO	INTRO	label	0x00001926	OK		
THE_CAR_CHOICE_PROC	THE_CAR_CHOICE_PROC		code	0x00001942	OK		
CCLP	CCLP@INTRO	INTRO	label	0x00001948	OK		
CCLPX	CCLPX@INTRO	INTRO	label	0x0000195A	OK		
RAISE_DOOR	RAISE_DOOR@INTRO	INTRO	code	0x0000195D	OK		
RDLP	RDLP@INTRO	INTRO	code	0x00001964	OK		
ZTCLP	ZTCLP@INTRO	INTRO	code	0x00001975	OK		
DOALL1	DOALL1@INTRO	INTRO	label	0x000019A2	OK		
IBO45A	IBO45A@INTRO	INTRO	label	0x000019A3	OK		
NDO	NDO@INTRO	INTRO	label	0x000019C4	OK		
NDO2	NDO2@INTRO	INTRO	label	0x000019DC	OK		
MOVELOOP	MOVELOOP@INTRO	INTRO	label	0x000019F9	OK		
BABADUY	BABADUY@INTRO	INTRO	label	0x00001A09	OK		
IBODONE	IBODONE@INTRO	INTRO	label	0x00001A17	OK		
BABADUY4	BABADUY4@INTRO	INTRO	label	0x00001A22	OK		
GETTHECARS	GETTHECARS		code	0x00001A27	OK		
LISTLP	LISTLP@INTRO	INTRO	code	0x00001A2D	OK		
SCS_TABI	SCS_TABI@INTRO	INTRO	data	0x00001A57	OK		
SCS_TAB	SCS_TAB@INTRO	INTRO	data	0x00001A58	OK		
SHOW_CAR_STATISTICS	SHOW_CAR_STATISTICS		code	0x00001A5C	OK		
GBERLP	GBERLP@INTRO	INTRO	code	0x00001A67	OK		
GNNERLP	GNNERLP@INTRO	INTRO	code	0x00001A75	OK		
DEFAULT_TABLE_TOTAL	DEFAULT_TABLE_TOTAL@CMOS	CMOS	data	0x00001A78	OK		
CARPAL_TABLEI	CARPAL_TABLEI@INTRO	INTRO	data	0x00001A88	OK		
CARSRCPAL_TABI	CARSRCPAL_TABI@INTRO	INTRO	data	0x00001A89	OK		
CLEANUP_DIMCAR_PALS	CLEANUP_DIMCAR_PALS@INTRO	INTRO	code	0x00001A8A	OK		
GETTHECAR	GETTHECAR@INTRO	INTRO	code	0x00001A9F	OK		
ROUNDER	ROUNDER		code	0x00001AB0	OK		
ROUNDERLP	ROUNDERLP@INTRO	INTRO	label	0x00001AE5	OK		
NODO56	NODO56@INTRO	INTRO	label	0x00001AF2	OK		
RLL	RLL@INTRO	INTRO	label	0x00001B0F	OK		
AFFECT_THE_CARS	AFFECT_THE_CARS@INTRO	INTRO	code	0x00001B13	OK		
HIDDEN_TABLEI	HIDDEN_TABLEI@INTRO	INTRO	data	0x00001B24	OK		
HIDDEN_TABLE	HIDDEN_TABLE@INTRO	INTRO	data	0x00001B25	OK		
HIDDEN_VEHICLES	HIDDEN_VEHICLES@INTRO	INTRO	code	0x00001B29	OK		
HIDDEN_VEHICLES_LP	HIDDEN_VEHICLES_LP@INTRO	INTRO	label	0x00001B2B	OK		
NSCD	NSCD@INTRO	INTRO	label	0x00001B30	OK		
SETAS_HIDDEN	SETAS_HIDDEN@INTRO	INTRO	code	0x00001B34	OK		
SETAS_ORIGINALS	SETAS_ORIGINALS@INTRO	INTRO	label	0x00001B45	OK		
RESET_ORIGINAL	RESET_ORIGINAL@INTRO	INTRO	code	0x00001B4C	OK		
AFFECTED_CAR	AFFECTED_CAR@INTRO	INTRO	code	0x00001B59	OK		
DOALL	DOALL@INTRO	INTRO	label	0x00001B8D	OK		
IBO45	IBO45@INTRO	INTRO	label	0x00001B90	OK		
IBOIBO	IBOIBO@INTRO	INTRO	label	0x00001B94	OK		
N12	N12@INTRO	INTRO	label	0x00001B9C	OK		
CAR_DIMMER	CAR_DIMMER@INTRO	INTRO	code	0x00001B9D	OK		
flour_lghtof	flour_lghtof@INTRO	INTRO	data	0x00001BA6	OK		
LIGHT_INIT	LIGHT_INIT@INTRO	INTRO	code	0x00001C27	OK		
LIGHT_OFF	LIGHT_OFF@INTRO	INTRO	code	0x00001C34	OK		
LIGHT_ON	LIGHT_ON@INTRO	INTRO	code	0x00001C4A	OK		
INIT_PEDALCHK	INIT_PEDALCHK		code	0x00001C5B	OK		
GETCHOICE	GETCHOICE		code	0x00001C62	OK		
GETCHA	GETCHA@INTRO	INTRO	label	0x00001C73	OK		
GETCH1	GETCH1@INTRO	INTRO	label	0x00001C81	OK		
GETCHX	GETCHX@INTRO	INTRO	label	0x00001C82	OK		
PEDALCHK	PEDALCHK		code	0x00001C85	OK		
PEDALFALSE	PEDALFALSE@INTRO	INTRO	code	0x00001C8E	OK		
SKIPKEY	SKIPKEY@INTRO	INTRO	label	0x00001C8E	OK		
PEDALTRUE	PEDALTRUE@INTRO	INTRO	label	0x00001C90	OK		
TLIST	TLIST@INTRO	INTRO	data	0x00001C92	OK		
TLGO	TLGO@INTRO	INTRO	data	0x00001C98	OK		
WAVEFLAG	WAVEFLAG		code	0x00001C9B	OK		
FGLL	FGLL@INTRO	INTRO	label	0x00001CB3	OK		
NOBABE	NOBABE@INTRO	INTRO	label	0x00001CBC	OK		
H2HWTLP	H2HWTLP@INTRO	INTRO	label	0x00001CC2	OK		
NOHEAD2HEAD	NOHEAD2HEAD@INTRO	INTRO	label	0x00001CC8	OK		
WAVEFLAGLP	WAVEFLAGLP@INTRO	INTRO	label	0x00001CCC	OK		
JFF	JFF@INTRO	INTRO	code	0x00001CD1	OK		
NXTSTAT	NXTSTAT@INTRO	INTRO	label	0x00001CD9	OK		
JDJFF	JDJFF@INTRO	INTRO	label	0x00001CDC	OK		
KKLFF	KKLFF@INTRO	INTRO	label	0x00001CDE	OK		
BABAD	BABAD@INTRO	INTRO	label	0x00001CF0	OK		
JUMPOUT	JUMPOUT@INTRO	INTRO	label	0x00001CF4	OK		
BABAD666	BABAD666@INTRO	INTRO	label	0x00001D0C	OK		
NANAD	NANAD@INTRO	INTRO	label	0x00001D23	OK		
NOTHHHH	NOTHHHH@INTRO	INTRO	label	0x00001D33	OK		
RACESEL_TIMER	RACESEL_TIMER		code	0x00001D38	OK		
WAITINTROTIMER	WAITINTROTIMER@INTRO	INTRO	code	0x00001D3F	OK		
INTROTIMER	INTROTIMER		code	0x00001D41	OK		
LKJAFSD	LKJAFSD@INTRO	INTRO	label	0x00001D42	OK		
IT_E2	IT_E2@INTRO	INTRO	label	0x00001D49	OK		
DIAL_ROUT	DIAL_ROUT		code	0x00001D52	OK		
ENDPLAYER	ENDPLAYER		label	0x00001D59	OK		
KK5	KK5@INTRO	INTRO	code	0x00001D78	OK		
GAME_AVAILABLEP	GAME_AVAILABLEP@INTRO	INTRO	code	0x00001D7F	OK		
GA_TRUE	GA_TRUE@INTRO	INTRO	label	0x00001D8A	OK		
GA_FALSE	GA_FALSE@INTRO	INTRO	label	0x00001D8E	OK		
_start	_start		code	0x00001D92	OK		
CN	CN@INTRO	INTRO	label	0x00001D9E	OK		
NOTINSRT	NOTINSRT@INTRO	INTRO	code	0x00001DA1	OK		
NOTINTRO	NOTINTRO@INTRO	INTRO	label	0x00001DA1	OK		
CANSTART	CANSTART@INTRO	INTRO	label	0x00001DAD	OK		
startgame	startgame@INTRO	INTRO	code	0x00001DB7	OK		
_startX	_startX@INTRO	INTRO	label	0x00001DC2	OK		
ULTRA_PROC	ULTRA_PROC@INTRO	INTRO	code	0x00001DC3	OK		
UPLP	UPLP@INTRO	INTRO	code	0x00001DC4	OK		
ULTRA_LOGO	ULTRA_LOGO		code	0x00001DCF	OK		
LOGO_SMALL	LOGO_SMALL		code	0x00001DE9	OK		
SET_ATTR	SET_ATTR		label	0x00001E17	OK		
CYCLE_ATTR	CYCLE_ATTR		label	0x00001E1C	OK		
_debug	_debug		code	0x00001E1C	OK		
_timeout	_timeout		code	0x00001E26	OK		
TROI	TROI@INTRO	INTRO	data	0x00001E29	OK		
ICCI	ICCI@INTRO	INTRO	data	0x00001E2A	OK		
PSCI	PSCI@INTRO	INTRO	data	0x00001E2B	OK		
INSMORE	INSMORE		code	0x00001E2C	OK		
KFFDA	KFFDA@INTRO	INTRO	label	0x00001E35	OK		
INSMORE_LP	INSMORE_LP@INTRO	INTRO	label	0x00001E6E	OK		
NOINCTIM	NOINCTIM@INTRO	INTRO	label	0x00001E76	OK		
FREEP	FREEP@INTRO	INTRO	label	0x00001E81	OK		
JUSTGOON	JUSTGOON@INTRO	INTRO	label	0x00001E87	OK		
TOSLP	TOSLP@INTRO	INTRO	label	0x00001E89	OK		
NRST	NRST@INTRO	INTRO	label	0x00001E8F	OK		
TOSLP2	TOSLP2@INTRO	INTRO	label	0x00001E9A	OK		
CANWT	CANWT@INTRO	INTRO	label	0x00001EA4	OK		
CHECKHIT	CHECKHIT@INTRO	INTRO	label	0x00001EAF	OK		
NOSECRET_CRUISE	NOSECRET_CRUISE@INTRO	INTRO	label	0x00001EBA	OK		
RETURNTOPLYR	RETURNTOPLYR@INTRO	INTRO	label	0x00001ED3	OK		
COIN_CNTDOWN	COIN_CNTDOWN@INTRO	INTRO	code	0x00001EE0	OK		
COIN_CNTDOWN_LP	COIN_CNTDOWN_LP@INTRO	INTRO	label	0x00001EE1	OK		
LOAD_SHARED	LOAD_SHARED		code	0x00001EF2	OK		
TRAFFIC_LIGHT	TRAFFIC_LIGHT		code	0x00001F0F	OK		
TLT_LP	TLT_LP@INTRO	INTRO	label	0x00001F12	OK		
NSSD	NSSD@INTRO	INTRO	label	0x00001F16	OK		
CCC	CCC@INTRO	INTRO	label	0x00001F1B	OK		
TRAFFIC_LL	TRAFFIC_LL@INTRO	INTRO	data	0x00001F23	OK		
CPOINT_LIGHT	CPOINT_LIGHT		code	0x00001F2A	OK		
SDASDFA	SDASDFA@INTRO	INTRO	label	0x00001F30	OK		
CPL_LP	CPL_LP@INTRO	INTRO	label	0x00001F31	OK		
CNT	CNT@INTRO	INTRO	label	0x00001F39	OK		
RGBTAB_CPI	RGBTAB_CPI@INTRO	INTRO	data	0x00001F3C	OK		
RGBTAB_CP	RGBTAB_CP@INTRO	INTRO	data	0x00001F3D	OK		
SHOW_RACE_NAME	SHOW_RACE_NAME@INTRO	INTRO	code	0x00001F56	OK		
SLLP1	SLLP1@INTRO	INTRO	code	0x00001F67	OK		
SLLP1A	SLLP1A@INTRO	INTRO	code	0x00001F7A	OK		
CAMSCAN	CAMSCAN		code	0x00001F8B	OK		
CAMSCANS	CAMSCANS@COLLA	COLLA	code	0x00001F8F	OK		
CMS0	CMS0@COLLA	COLLA	label	0x00001F94	OK		
CMS1	CMS1@COLLA	COLLA	label	0x00001F97	OK		
CMS2	CMS2@COLLA	COLLA	label	0x00001FA4	OK		
CMS1L	CMS1L@COLLA	COLLA	label	0x00001FA7	OK		
CMSX	CMSX@COLLA	COLLA	label	0x00001FAD	OK		
OBJSCAN	OBJSCAN		code	0x00001FB0	OK		
BOXSCRAMI	BOXSCRAMI		data	0x00001FB5	OK		
BOXSCAN	BOXSCAN		code	0x00001FB6	OK		
BS3X	BS3X@COLLA	COLLA	label	0x00001FCD	OK		
BOXSCSUB	BOXSCSUB@COLLA	COLLA	code	0x00001FCF	OK		
BS0	BS0@COLLA	COLLA	label	0x00001FD2	OK		
BS1	BS1@COLLA	COLLA	label	0x00001FD8	OK		
BS2	BS2@COLLA	COLLA	label	0x00001FE6	OK		
BSRDLP	BSRDLP@COLLA	COLLA	code	0x00001FEA	OK		
BS10	BS10@COLLA	COLLA	label	0x00001FEE	OK		
BSCX	BSCX@COLLA	COLLA	label	0x00001FF5	OK		
CAR_ROAD_COLL	CAR_ROAD_COLL		code	0x00001FF6	OK		
PC1XX	PC1XX@COLLA	COLLA	code	0x00001FFD	OK		
PC1X0	PC1X0@COLLA	COLLA	label	0x00002003	OK		
PC1A	PC1A@COLLA	COLLA	label	0x00002011	OK		
PC1B	PC1B@COLLA	COLLA	label	0x0000201D	OK		
PC2A	PC2A@COLLA	COLLA	label	0x00002020	OK		
PC2B	PC2B@COLLA	COLLA	code	0x00002021	OK		
PC2	PC2@COLLA	COLLA	label	0x00002023	OK		
PCOLLX	PCOLLX@COLLA	COLLA	code	0x0000203A	OK		
ROADSCAN	ROADSCAN		code	0x00002041	OK		
LOOP	LOOP@COLLA	COLLA	label	0x00002058	OK		
PC3A	PC3A@COLLA	COLLA	code	0x00002071	OK		
PC3X	PC3X@COLLA	COLLA	label	0x00002073	OK		
RDSCNSUB	RDSCNSUB@COLLA	COLLA	code	0x00002074	OK		
RS0	RS0@COLLA	COLLA	label	0x00002079	OK		
RS1	RS1@COLLA	COLLA	label	0x0000207A	OK		
RS1L	RS1L@COLLA	COLLA	code	0x00002084	OK		
RS2	RS2@COLLA	COLLA	label	0x0000208B	OK		
RS3LP	RS3LP@COLLA	COLLA	code	0x0000208E	OK		
RS297	RS297@COLLA	COLLA	label	0x0000209D	OK		
RS299	RS299@COLLA	COLLA	label	0x000020A3	OK		
RS300	RS300@COLLA	COLLA	label	0x000020A6	OK		
RS301	RS301@COLLA	COLLA	label	0x000020A8	OK		
RS30	RS30@COLLA	COLLA	label	0x000020AA	OK		
RS3L	RS3L@COLLA	COLLA	code	0x000020AD	OK		
RDSCNX	RDSCNX@COLLA	COLLA	label	0x000020B3	OK		
_coll_road	_coll_road		code	0x000020B4	OK		
CRX	CRX@COLLA	COLLA	label	0x000020D3	OK		
GETNMAT	GETNMAT@COLLA	COLLA	code	0x000020D4	OK		
_obj_coll	_obj_coll		code	0x000020FF	OK		
EOTV	EOTV@COLLA	COLLA	label	0x00002133	OK		
VLINST	VLINST@COLLA	COLLA	code	0x0000213C	OK		
VLQUAD	VLQUAD@COLLA	COLLA	code	0x0000214A	OK		
VLTRI	VLTRI@COLLA	COLLA	label	0x00002152	OK		
VLINLP	VLINLP@COLLA	COLLA	label	0x0000216A	OK		
VLCOLL	VLCOLL@COLLA	COLLA	label	0x00002175	OK		
_makbox	_makbox		code	0x00002185	OK		
MBVL	MBVL@COLLA	COLLA	label	0x000021AF	OK		
COLSCC	COLSCC		code	0x000021D0	OK		
COLSCCX	COLSCCX@COLLA	COLLA	label	0x000021DF	OK		
ATTR_COLLISION	ATTR_COLLISION@COLLA	COLLA	label	0x000021E0	OK		
NO_ATTR_COL	NO_ATTR_COL@COLLA	COLLA	label	0x000021E8	OK		
PLYRDEBRIS	PLYRDEBRIS@COLLA	COLLA	code	0x000021E9	OK		
PLYR_VS_DEBRIS	PLYR_VS_DEBRIS@COLLA	COLLA	code	0x000021E9	OK		
PLYRSIGN	PLYRSIGN@COLLA	COLLA	code	0x000021EC	OK		
PLYR_VS_SIGN	PLYR_VS_SIGN@COLLA	COLLA	code	0x000021EC	OK		
DRONDEBRIS	DRONDEBRIS@COLLA	COLLA	code	0x000021EF	OK		
DRONE_VS_DEBRIS	DRONE_VS_DEBRIS@COLLA	COLLA	code	0x000021EF	OK		
DRONE_VS_SIGN	DRONE_VS_SIGN@COLLA	COLLA	code	0x000021F1	OK		
DRONSIGN	DRONSIGN@COLLA	COLLA	code	0x000021F1	OK		
DRONEPT	DRONEPT@COLLA	COLLA	label	0x000021F2	OK		
DRONEPTL	DRONEPTL@COLLA	COLLA	label	0x000021F5	OK		
DRONEPT1	DRONEPT1@COLLA	COLLA	label	0x00002203	OK		
COLPOINT	COLPOINT@COLLA	COLLA	label	0x00002207	OK		
CARSCLP0	CARSCLP0@COLLA	COLLA	label	0x0000220B	OK		
CARSCL0	CARSCL0@COLLA	COLLA	label	0x00002215	OK		
CARSCL	CARSCL@COLLA	COLLA	label	0x00002218	OK		
COLSGCK	COLSGCK		code	0x0000221F	OK		
CSGLNEQ	CSGLNEQ@COLLA	COLLA	label	0x00002233	OK		
HARDCOL	HARDCOL@COLLA	COLLA	code	0x00002243	OK		
NOTCOCONUT	NOTCOCONUT@COLLA	COLLA	label	0x0000225C	OK		
DOREPEL	DOREPEL@COLLA	COLLA	label	0x0000225F	OK		
HARDCOL00	HARDCOL00@COLLA	COLLA	label	0x0000226F	OK		
HARDCOL1	HARDCOL1@COLLA	COLLA	label	0x0000227B	OK		
HARDCOL2	HARDCOL2@COLLA	COLLA	label	0x00002280	OK		
HARDCOL3	HARDCOL3@COLLA	COLLA	label	0x000022A9	OK		
ROADKILL	ROADKILL@COLLA	COLLA	label	0x000022AC	OK		
FLYCOLL	FLYCOLL@COLLA	COLLA	label	0x000022B2	OK		
CLLL1	CLLL1@COLLA	COLLA	label	0x000022D9	OK		
KLFD	KLFD@COLLA	COLLA	label	0x000022EE	OK		
FLYCOLL1	FLYCOLL1@COLLA	COLLA	label	0x000022F6	OK		
RUNOVER	RUNOVER@COLLA	COLLA	label	0x000022FA	OK		
RUNOV0	RUNOV0@COLLA	COLLA	label	0x00002321	OK		
RUNOV00	RUNOV00@COLLA	COLLA	label	0x00002325	OK		
COLSGCX0	COLSGCX0@COLLA	COLLA	label	0x00002329	OK		
COLSGCX	COLSGCX@COLLA	COLLA	label	0x0000232A	OK		
SIGN_IGNORE	SIGN_IGNORE@COLLA	COLLA	label	0x0000232A	OK		
SAGETABI	SAGETABI@COLLA	COLLA	data	0x0000232D	OK		
SAGETAB	SAGETAB@COLLA	COLLA	data	0x0000232E	OK		
FLYCOLLPI	FLYCOLLPI		data	0x00002333	OK		
FLYCOLLP	FLYCOLLP@COLLA	COLLA	data	0x00002334	OK		
FLYCOLP0	FLYCOLP0@COLLA	COLLA	label	0x00002343	OK		
FLYCOLPL	FLYCOLPL@COLLA	COLLA	code	0x00002345	OK		
FLYROAD	FLYROAD@COLLA	COLLA	code	0x00002357	OK		
FLYCSLP	FLYCSLP@COLLA	COLLA	label	0x0000237E	OK		
FLYSTOP	FLYSTOP@COLLA	COLLA	label	0x00002381	OK		
NOT_ROADKILL	NOT_ROADKILL@COLLA	COLLA	label	0x0000238B	OK		
DEBSCAN	DEBSCAN@COLLA	COLLA	code	0x0000238C	OK		
DEBSCL0	DEBSCL0@COLLA	COLLA	label	0x0000238E	OK		
DEBSCL	DEBSCL@COLLA	COLLA	label	0x00002397	OK		
DEBSCL1	DEBSCL1@COLLA	COLLA	label	0x00002398	OK		
SIGNFALLI	SIGNFALLI@COLLA	COLLA	data	0x0000239B	OK		
SIGNFALL	SIGNFALL@COLLA	COLLA	data	0x0000239C	OK		
SIGNFALP	SIGNFALP@COLLA	COLLA	label	0x0000239D	OK		
SIGNFALP0	SIGNFALP0@COLLA	COLLA	label	0x000023A3	OK		
TREESHAKI	TREESHAKI@COLLA	COLLA	data	0x000023AF	OK		
TREESHAK	TREESHAK@COLLA	COLLA	data	0x000023B0	OK		
TREESHKL	TREESHKL@COLLA	COLLA	label	0x000023BB	OK		
TREESHKL1	TREESHKL1@COLLA	COLLA	code	0x000023C5	OK		
FREESIGN	FREESIGN@COLLA	COLLA	code	0x000023D1	OK		
SFREELP	SFREELP@COLLA	COLLA	code	0x000023D4	OK		
ADDSIGN	ADDSIGN@COLLA	COLLA	code	0x000023E5	OK		
SBUSI	SBUSI@COLLA	COLLA	data	0x000023ED	OK		
CBUSI	CBUSI@COLLA	COLLA	data	0x000023EE	OK		
FLYCAR	FLYCAR@COLLA	COLLA	label	0x000023EF	OK		
NOTLINKED	NOTLINKED@COLLA	COLLA	label	0x000023FB	OK		
FLYCAR0	FLYCAR0@COLLA	COLLA	label	0x00002405	OK		
FLYCAR1	FLYCAR1		label	0x0000240E	OK		
L78G	L78G@COLLA	COLLA	label	0x0000242D	OK		
FLY0	FLY0@COLLA	COLLA	label	0x00002440	OK		
FLY1	FLY1@COLLA	COLLA	label	0x00002445	OK		
FLY3	FLY3@COLLA	COLLA	label	0x0000244B	OK		
FLYCARX	FLYCARX@COLLA	COLLA	label	0x00002454	OK		
FLYCARXX	FLYCARXX@COLLA	COLLA	label	0x00002458	OK		
FC00	FC00@COLLA	COLLA	label	0x0000245D	OK		
FC01	FC01@COLLA	COLLA	label	0x00002460	OK		
FC02	FC02@COLLA	COLLA	label	0x00002462	OK		
FC03	FC03@COLLA	COLLA	label	0x00002463	OK		
DETHTAB1I	DETHTAB1I@COLLA	COLLA	data	0x00002469	OK		
DETHTAB2I	DETHTAB2I@COLLA	COLLA	data	0x0000246A	OK		
DETHTAB1	DETHTAB1@COLLA	COLLA	data	0x0000246B	OK		
DETHTAB2	DETHTAB2@COLLA	COLLA	data	0x00002473	OK		
FLYCARPI	FLYCARPI@COLLA	COLLA	data	0x00002477	OK		
FLYCARP	FLYCARP		data	0x00002478	OK		
FLYCARP0	FLYCARP0@COLLA	COLLA	label	0x00002485	OK		
FLYCROAD	FLYCROAD@COLLA	COLLA	code	0x000024B2	OK		
FLYCROAD1	FLYCROAD1@COLLA	COLLA	code	0x000024BC	OK		
FLYCARSLP	FLYCARSLP@COLLA	COLLA	label	0x000024CA	OK		
FLYCARSTOP	FLYCARSTOP@COLLA	COLLA	data	0x000024CF	OK		
FLYCARSTOP0	FLYCARSTOP0@COLLA	COLLA	label	0x000024CF	OK		
FLYCSTP00	FLYCSTP00@COLLA	COLLA	label	0x00002515	OK		
FLYCSTP	FLYCSTP@COLLA	COLLA	code	0x00002517	OK		
FLYCSTP0	FLYCSTP0@COLLA	COLLA	label	0x00002519	OK		
FLYCSTP1	FLYCSTP1@COLLA	COLLA	code	0x0000251D	OK		
FLYCSTP2	FLYCSTP2@COLLA	COLLA	label	0x0000251E	OK		
FLYCSTL	FLYCSTL@COLLA	COLLA	label	0x00002530	OK		
FLYCCC	FLYCCC@COLLA	COLLA	label	0x00002532	OK		
FLYSTOPSLP	FLYSTOPSLP@COLLA	COLLA	label	0x0000253E	OK		
FLYCARSTP	FLYCARSTP@COLLA	COLLA	label	0x00002543	OK		
FLYCARWT	FLYCARWT@COLLA	COLLA	label	0x0000254A	OK		
FLYCARPXX	FLYCARPXX@COLLA	COLLA	label	0x00002558	OK		
FLYCARPXXX	FLYCARPXXX@COLLA	COLLA	data	0x0000255E	OK		
FLYCARPXXXX	FLYCARPXXXX@COLLA	COLLA	data	0x00002560	OK		
DEADCAR	DEADCAR@COLLA	COLLA	label	0x0000256A	OK		
DEADLP	DEADLP@COLLA	COLLA	data	0x0000257B	OK		
DEADSLP	DEADSLP@COLLA	COLLA	code	0x00002582	OK		
SEND_FLY_KILL	SEND_FLY_KILL		code	0x00002587	OK		
DECODE_FLY_KILL	DECODE_FLY_KILL		code	0x0000258F	OK		
DRKX	DRKX@COLLA	COLLA	label	0x00002594	OK		
FLYCARPXXXXI	FLYCARPXXXXI@COLLA	COLLA	data	0x00002595	OK		
FLYCARPXXXI	FLYCARPXXXI@COLLA	COLLA	data	0x00002596	OK		
SEND_FLY_XSFER	SEND_FLY_XSFER@COLLA	COLLA	code	0x00002597	OK		
SENDP	SENDP@COLLA	COLLA	label	0x000025A8	OK		
DECODE_FLY_XSFER	DECODE_FLY_XSFER		code	0x000025AD	OK		
DECP	DECP@COLLA	COLLA	label	0x000025BB	OK		
DFX1	DFX1@COLLA	COLLA	label	0x000025CF	OK		
DFXX	DFXX@COLLA	COLLA	label	0x000025D1	OK		
DEADLPI	DEADLPI@COLLA	COLLA	data	0x000025D3	OK		
FLYCARP0I	FLYCARP0I@COLLA	COLLA	data	0x000025D4	OK		
FLYCARSTOPI	FLYCARSTOPI@COLLA	COLLA	data	0x000025D5	OK		
GETFLYMAT	GETFLYMAT		code	0x000025D6	OK		
COLSCAN	COLSCAN		code	0x000025E8	OK		
PLYR_VS_DRONES	PLYR_VS_DRONES@COLLA	COLLA	code	0x000025E8	OK		
COLSCLP0	COLSCLP0@COLLA	COLLA	label	0x000025EC	OK		
COLSCL0	COLSCL0@COLLA	COLLA	label	0x00002604	OK		
COLSCL	COLSCL@COLLA	COLLA	label	0x00002608	OK		
CLDSCAN	CLDSCAN@COLLA	COLLA	code	0x0000260E	OK		
DRONES_VS_DRONES	DRONES_VS_DRONES@COLLA	COLLA	code	0x0000260E	OK		
CLDSCLP0	CLDSCLP0@COLLA	COLLA	label	0x00002614	OK		
CLDSCL0	CLDSCL0@COLLA	COLLA	label	0x00002621	OK		
CLDSCL	CLDSCL@COLLA	COLLA	label	0x00002628	OK		
CLDSCL1	CLDSCL1@COLLA	COLLA	label	0x0000262D	OK		
REPELL	REPELL@COLLA	COLLA	code	0x00002633	OK		
COLDISP	COLDISP@COLLA	COLLA	label	0x00002645	OK		
NOTHELI	NOTHELI@COLLA	COLLA	label	0x00002659	OK		
NTRN	NTRN@COLLA	COLLA	label	0x0000265F	OK		
COLDISP0	COLDISP0@COLLA	COLLA	label	0x000026A2	OK		
COLIN1	COLIN1@COLLA	COLLA	label	0x000026AA	OK		
ZZZ1	ZZZ1@COLLA	COLLA	label	0x000026FC	OK		
COLDSP30	COLDSP30@COLLA	COLLA	code	0x00002719	OK		
COLDSPX	COLDSPX@COLLA	COLLA	code	0x00002726	OK		
SPINROT	SPINROT@COLLA	COLLA	code	0x00002727	OK		
PLYRSPIN	PLYRSPIN@COLLA	COLLA	code	0x00002774	OK		
PLSPIN1	PLSPIN1@COLLA	COLLA	label	0x0000277A	OK		
PLSPIN2	PLSPIN2@COLLA	COLLA	label	0x00002781	OK		
PLBIG	PLBIG@COLLA	COLLA	label	0x00002787	OK		
BEHINDCK	BEHINDCK@COLLA	COLLA	code	0x0000278F	OK		
PSPINNIT	PSPINNIT@COLLA	COLLA	label	0x000027A3	OK		
SPINBOUNCE	SPINBOUNCE@COLLA	COLLA	label	0x000027A6	OK		
DRONESPIN	DRONESPIN@COLLA	COLLA	label	0x000027B6	OK		
DSPIN	DSPIN@COLLA	COLLA	label	0x000027C3	OK		
DSPIN1	DSPIN1@COLLA	COLLA	label	0x000027CF	OK		
DSPIN0	DSPIN0@COLLA	COLLA	label	0x000027D8	OK		
SPINNIT	SPINNIT@COLLA	COLLA	label	0x000027DC	OK		
SPINTM0	SPINTM0@COLLA	COLLA	label	0x000027E5	OK		
SPINTM1	SPINTM1@COLLA	COLLA	label	0x000027F0	OK		
SPINBUMP	SPINBUMP@COLLA	COLLA	label	0x000027F7	OK		
SPINB0	SPINB0@COLLA	COLLA	label	0x00002809	OK		
SPINBUMP1	SPINBUMP1@COLLA	COLLA	label	0x0000280F	OK		
SPINBX	SPINBX@COLLA	COLLA	label	0x00002814	OK		
SPINX	SPINX@COLLA	COLLA	label	0x00002816	OK		
SPINXX	SPINXX@COLLA	COLLA	label	0x00002817	OK		
SPINXXX	SPINXXX@COLLA	COLLA	label	0x0000281C	OK		
ANGMOM	ANGMOM@COLLA	COLLA	code	0x0000281D	OK		
ANGM1	ANGM1@COLLA	COLLA	label	0x00002823	OK		
CKBOUNCE	CKBOUNCE@COLLA	COLLA	code	0x00002824	OK		
CKBNCX	CKBNCX@COLLA	COLLA	label	0x00002833	OK		
COLSND	COLSND@COLLA	COLLA	code	0x00002835	OK		
COLSND1	COLSND1@COLLA	COLLA	label	0x0000284B	OK		
DRCOLSND	DRCOLSND@COLLA	COLLA	label	0x0000284F	OK		
COLSNDX	COLSNDX@COLLA	COLLA	label	0x00002853	OK		
SCUPDTABI	SCUPDTABI@COLLA	COLLA	data	0x00002858	OK		
SCUPDTAB	SCUPDTAB@COLLA	COLLA	data	0x00002859	OK		
SCTABI	SCTABI@COLLA	COLLA	data	0x0000285D	OK		
SCTAB	SCTAB@COLLA	COLLA	data	0x0000285E	OK		
COLCHK	COLCHK		code	0x00002863	OK		
PLANEQ	PLANEQ@COLLA	COLLA	label	0x00002879	OK		
PNTCKL0	PNTCKL0@COLLA	COLLA	code	0x0000287E	OK		
EQCHK0	EQCHK0@COLLA	COLLA	label	0x00002887	OK		
PNTNXT0	PNTNXT0@COLLA	COLLA	label	0x00002889	OK		
PNTCKL1	PNTCKL1@COLLA	COLLA	code	0x0000288F	OK		
EQCHK1	EQCHK1@COLLA	COLLA	label	0x00002898	OK		
PNTNXT1	PNTNXT1@COLLA	COLLA	label	0x0000289A	OK		
COLCHKX	COLCHKX@COLLA	COLLA	label	0x0000289F	OK		
GOTCOL	GOTCOL@COLLA	COLLA	label	0x000028A4	OK		
GETBOX	GETBOX@COLLA	COLLA	code	0x000028A8	OK		
GETBOX0	GETBOX0@COLLA	COLLA	code	0x000028AE	OK		
EOCV	EOCV@COLLA	COLLA	label	0x000028E2	OK		
GETCARPARAM	GETCARPARAM@PLYR	PLYR	code	0x00002939	OK		
_CARV0	_CARV0		code	0x00002945	OK		
CARV_ERR	CARV_ERR@PLYR	PLYR	label	0x00002973	OK		
BONUS_WAIT_LOOP	BONUS_WAIT_LOOP		label	0x00002976	OK		
BONUS_WAIT_LP	BONUS_WAIT_LP@PLYR	PLYR	label	0x0000297D	OK		
BWLX	BWLX@PLYR	PLYR	label	0x0000297D	OK		
PLYR_CAR_INIT	PLYR_CAR_INIT		code	0x00002987	OK		
DOGENRLB	DOGENRLB@PLYR	PLYR	label	0x00002996	OK		
PLYR_INTRO_ENTER	PLYR_INTRO_ENTER		label	0x000029B8	OK		
_PLYR	_PLYR		label	0x000029EE	OK		
PLYR_ENTER	PLYR_ENTER@PLYR	PLYR	label	0x000029EE	OK		
BABA	BABA@PLYR	PLYR	label	0x00002A1E	OK		
PLYR_INTRO_JOIN	PLYR_INTRO_JOIN@PLYR	PLYR	label	0x00002A3F	OK		
L883	L883@PLYR	PLYR	code	0x00002A51	OK		
PLYRLP	PLYRLP@PLYR	PLYR	code	0x00002A5C	OK		
DONT_TIMEOUT	DONT_TIMEOUT@PLYR	PLYR	code	0x00002A67	OK		
PLYRSPD00	PLYRSPD00@PLYR	PLYR	code	0x00002A6D	OK		
PLYRSPD	PLYRSPD@PLYR	PLYR	label	0x00002A72	OK		
PLYRSPD0	PLYRSPD0@PLYR	PLYR	label	0x00002A8C	OK		
PLYRSPD01	PLYRSPD01@PLYR	PLYR	label	0x00002A8D	OK		
NOTGO	NOTGO@PLYR	PLYR	label	0x00002A99	OK		
GSKD1	GSKD1@PLYR	PLYR	label	0x00002AA6	OK		
PAIRB	PAIRB@PLYR	PLYR	label	0x00002ACD	OK		
PLYRCAM	PLYRCAM@PLYR	PLYR	label	0x00002AD8	OK		
CAM1ST	CAM1ST@PLYR	PLYR	code	0x00002ADB	OK		
CAM3RD	CAM3RD@PLYR	PLYR	label	0x00002AFB	OK		
CAM3RD0	CAM3RD0@PLYR	PLYR	label	0x00002B26	OK		
CAMBAD1	CAMBAD1@PLYR	PLYR	label	0x00002B26	OK		
CAMOK	CAMOK@PLYR	PLYR	label	0x00002B2C	OK		
CAM3RDX	CAM3RDX@PLYR	PLYR	label	0x00002B3A	OK		
PLYS1	PLYS1@PLYR	PLYR	label	0x00002B51	OK		
PLYSLP	PLYSLP@PLYR	PLYR	code	0x00002B57	OK		
NOPLINK	NOPLINK@PLYR	PLYR	label	0x00002B5E	OK		
CHEATCK	CHEATCK@PLYR	PLYR	code	0x00002B61	OK		
CCK1	CCK1@PLYR	PLYR	label	0x00002B7B	OK		
CCKX	CCKX@PLYR	PLYR	label	0x00002B8D	OK		
CATCHUP	CATCHUP@PLYR	PLYR	data	0x00002B8F	OK		
AHEAD	AHEAD@PLYR	PLYR	data	0x00002B90	OK		
DISTCON	DISTCON@PLYR	PLYR	data	0x00002B91	OK		
SPDCON	SPDCON@PLYR	PLYR	data	0x00002B92	OK		
CAMCHKL	CAMCHKL@PLYR	PLYR	code	0x00002B93	OK		
CAMCHKR	CAMCHKR@PLYR	PLYR	code	0x00002B95	OK		
CAMCHK0	CAMCHK0@PLYR	PLYR	label	0x00002B96	OK		
CAMCHKRX	CAMCHKRX@PLYR	PLYR	code	0x00002BAA	OK		
CAMCHKLR	CAMCHKLR@PLYR	PLYR	code	0x00002BAF	OK		
CAMCHK	CAMCHK@PLYR	PLYR	code	0x00002BB7	OK		
CAMROT	CAMROT@PLYR	PLYR	code	0x00002BBD	OK		
CAMROT1	CAMROT1@PLYR	PLYR	label	0x00002BC8	OK		
CAMROT2	CAMROT2@PLYR	PLYR	label	0x00002BCB	OK		
GETCAMPOS	GETCAMPOS@PLYR	PLYR	code	0x00002BCF	OK		
CAMYADJ	CAMYADJ		code	0x00002BE5	OK		
CAM1XX	CAM1XX@PLYR	PLYR	label	0x00002BF4	OK		
PLYONRD	PLYONRD@PLYR	PLYR	code	0x00002BF5	OK		
DRONEGO	DRONEGO		code	0x00002C18	OK		
DAIRB	DAIRB@PLYR	PLYR	label	0x00002C38	OK		
DRONESTOP	DRONESTOP		code	0x00002C39	OK		
GEARTABI	GEARTABI@PLYR	PLYR	data	0x00002C46	OK		
GEARTAB	GEARTAB@PLYR	PLYR	data	0x00002C47	OK		
GETREV	GETREV@PLYR	PLYR	code	0x00002C4C	OK		
REV0	REV0@PLYR	PLYR	label	0x00002C53	OK		
REV1	REV1@PLYR	PLYR	label	0x00002C61	OK		
REV3	REV3@PLYR	PLYR	label	0x00002C65	OK		
REV4	REV4@PLYR	PLYR	label	0x00002C85	OK		
REV5	REV5@PLYR	PLYR	label	0x00002C91	OK		
GETRPM	GETRPM		code	0x00002C92	OK		
GETSKID	GETSKID@PLYR	PLYR	code	0x00002C9C	OK		
GETSK00	GETSK00@PLYR	PLYR	label	0x00002CA0	OK		
GETSK0	GETSK0@PLYR	PLYR	label	0x00002CA8	OK		
GETSK1	GETSK1@PLYR	PLYR	label	0x00002CC3	OK		
GETSKX	GETSKX@PLYR	PLYR	code	0x00002CCE	OK		
GETSKXX	GETSKXX@PLYR	PLYR	label	0x00002CD1	OK		
CKOFRD	CKOFRD@PLYR	PLYR	code	0x00002CD3	OK		
OFFRLP	OFFRLP@PLYR	PLYR	label	0x00002CE2	OK		
NOTOFF	NOTOFF@PLYR	PLYR	label	0x00002CE8	OK		
NOTOFFX	NOTOFFX@PLYR	PLYR	label	0x00002CEA	OK		
GETDIR	GETDIR@PLYR	PLYR	code	0x00002CEB	OK		
GETDIR1	GETDIR1@PLYR	PLYR	label	0x00002CF1	OK		
GETDIR2	GETDIR2@PLYR	PLYR	label	0x00002D0E	OK		
CARSPIN	CARSPIN@PLYR	PLYR	label	0x00002D10	OK		
SPINL0	SPINL0@PLYR	PLYR	label	0x00002D1D	OK		
DRONESPIN	DRONESPIN@PLYR	PLYR	label	0x00002D35	OK		
REGSPIN	REGSPIN@PLYR	PLYR	label	0x00002D36	OK		
SPINL	SPINL@PLYR	PLYR	label	0x00002D3C	OK		
SPINLX	SPINLX@PLYR	PLYR	label	0x00002D3D	OK		
SPINREC0	SPINREC0@PLYR	PLYR	label	0x00002D3F	OK		
SPINREC	SPINREC@PLYR	PLYR	label	0x00002D40	OK		
GETCARROT	GETCARROT@PLYR	PLYR	code	0x00002D4A	OK		
GETC0	GETC0@PLYR	PLYR	code	0x00002D5C	OK		
GETC1	GETC1@PLYR	PLYR	label	0x00002D5D	OK		
GEARACTABI	GEARACTABI		data	0x00002D62	OK		
GEARACTAB	GEARACTAB@PLYR	PLYR	data	0x00002D63	OK		
ENGACTABI	ENGACTABI		data	0x00002D68	OK		
ENGACTAB	ENGACTAB@PLYR	PLYR	data	0x00002D69	OK		
ENGFRI	ENGFRI		data	0x00002D7D	OK		
ENGFR	ENGFR@PLYR	PLYR	data	0x00002D7E	OK		
GETSPD	GETSPD		code	0x00002D83	OK		
GETSPD1	GETSPD1@PLYR	PLYR	label	0x00002D8C	OK		
GETSPD10	GETSPD10@PLYR	PLYR	label	0x00002D91	OK		
FRICLP	FRICLP@PLYR	PLYR	label	0x00002DCC	OK		
FRL1	FRL1@PLYR	PLYR	label	0x00002DD5	OK		
FRIC0	FRIC0@PLYR	PLYR	label	0x00002DE1	OK		
FRIC1	FRIC1@PLYR	PLYR	label	0x00002DE2	OK		
GETSP22	GETSP22@PLYR	PLYR	code	0x00002DF8	OK		
GETSPD2	GETSPD2@PLYR	PLYR	label	0x00002DF9	OK		
GSL0	GSL0@PLYR	PLYR	label	0x00002E03	OK		
GETBRAKE	GETBRAKE@PLYR	PLYR	code	0x00002E0C	OK		
BRAKEOFF	BRAKEOFF@PLYR	PLYR	label	0x00002E1F	OK		
GETBXX	GETBXX@PLYR	PLYR	label	0x00002E24	OK		
GETBX	GETBX@PLYR	PLYR	label	0x00002E25	OK		
HIREDI	HIREDI@PLYR	PLYR	data	0x00002E27	OK		
HIRED	HIRED@PLYR	PLYR	data	0x00002E28	OK		
OFFREDI	OFFREDI@PLYR	PLYR	data	0x00002E28	OK		
_off_brake	_off_brake		code	0x00002E31	OK		
_on_brake	_on_brake		code	0x00002E3B	OK		
L888	L888@PLYR	PLYR	label	0x00002E44	OK		
BRAK_X	BRAK_X@PLYR	PLYR	code	0x00002E50	OK		
NO_COLORS	NO_COLORS@PLYR	PLYR	label	0x00002E55	OK		
GETPEDAL	GETPEDAL@PLYR	PLYR	code	0x00002E57	OK		
GETGEAR	GETGEAR@PLYR	PLYR	code	0x00002E61	OK		
GETMAN	GETMAN@PLYR	PLYR	label	0x00002E68	OK		
GETAUTO	GETAUTO		code	0x00002E73	OK		
STEERI	STEERI		data	0x00002E87	OK		
GETSTEER	GETSTEER@PLYR	PLYR	code	0x00002E88	OK		
_VIEW0	_VIEW0		data	0x00002EB4	OK		
_VIEW1	_VIEW1		data	0x00002EB9	OK		
_VIEW2	_VIEW2		data	0x00002EBE	OK		
ZOOM	ZOOM		label	0x00002EC2	OK		
ZOOMX	ZOOMX@PLYR	PLYR	label	0x00002EE4	OK		
ZOOMUP	ZOOMUP@PLYR	PLYR	code	0x00002EE6	OK		
ZOOMUP1	ZOOMUP1@PLYR	PLYR	code	0x00002EEF	OK		
ZOOMDN	ZOOMDN@PLYR	PLYR	label	0x00002EF1	OK		
ZOOMDN1	ZOOMDN1@PLYR	PLYR	label	0x00002EF5	OK		
ZOOMUP3	ZOOMUP3@PLYR	PLYR	label	0x00002EFA	OK		
ZOOMUPX	ZOOMUPX@PLYR	PLYR	label	0x00002EFC	OK		
GETTRAK	GETTRAK		code	0x00002EFD	OK		
GETRK	GETRK@PLYR	PLYR	label	0x00002F07	OK		
GETRKL	GETRKL@PLYR	PLYR	code	0x00002F0F	OK		
GETRKX	GETRKX@PLYR	PLYR	label	0x00002F16	OK		
BACKCK	BACKCK@PLYR	PLYR	code	0x00002F17	OK		
BACKCK1	BACKCK1@PLYR	PLYR	code	0x00002F23	OK		
BACKCK2	BACKCK2@PLYR	PLYR	code	0x00002F29	OK		
BACKCKX	BACKCKX@PLYR	PLYR	label	0x00002F2B	OK		
CKBND	CKBND@PLYR	PLYR	code	0x00002F2C	OK		
CURBCKL	CURBCKL@PLYR	PLYR	label	0x00002F39	OK		
CURBCKX	CURBCKX@PLYR	PLYR	label	0x00002F3F	OK		
TUNCHK	TUNCHK@PLYR	PLYR	code	0x00002F43	OK		
TUNCHKX	TUNCHKX@PLYR	PLYR	code	0x00002F62	OK		
INBOUNDZ	INBOUNDZ		code	0x00002F63	OK		
CURBCKLX	CURBCKLX@PLYR	PLYR	code	0x00002F6A	OK		
DRONINBZ	DRONINBZ		code	0x00002F6B	OK		
DRONINBX	DRONINBX@PLYR	PLYR	label	0x00002F74	OK		
CURBCOL0	CURBCOL0@PLYR	PLYR	label	0x00002F75	OK		
CURBCOLP	CURBCOLP@PLYR	PLYR	label	0x00002F80	OK		
CURBCOL	CURBCOL@PLYR	PLYR	label	0x00002F83	OK		
CURBCOL1	CURBCOL1@PLYR	PLYR	code	0x00002FAD	OK		
CURBCOL1A	CURBCOL1A@PLYR	PLYR	label	0x00002FB0	OK		
CURBCOL2A	CURBCOL2A@PLYR	PLYR	label	0x00002FBB	OK		
CURBCOL2	CURBCOL2@PLYR	PLYR	label	0x00002FC0	OK		
CURBSPIN	CURBSPIN@PLYR	PLYR	label	0x00002FC4	OK		
CURBSPIN1	CURBSPIN1@PLYR	PLYR	code	0x00002FCF	OK		
CURBCLX	CURBCLX@PLYR	PLYR	label	0x00002FDB	OK		
CURBSPN	CURBSPN@PLYR	PLYR	label	0x00002FDC	OK		
SOFTCURB	SOFTCURB@PLYR	PLYR	label	0x00002FE8	OK		
SOFTCRB00	SOFTCRB00@PLYR	PLYR	label	0x00003001	OK		
SOFTCURB0	SOFTCURB0@PLYR	PLYR	label	0x00003005	OK		
SOFT10	SOFT10@PLYR	PLYR	code	0x0000300F	OK		
SOFT11	SOFT11@PLYR	PLYR	label	0x00003013	OK		
SOFTVEL	SOFTVEL@PLYR	PLYR	label	0x00003015	OK		
SOFTV1	SOFTV1@PLYR	PLYR	label	0x00003023	OK		
SOFT20	SOFT20@PLYR	PLYR	code	0x0000302A	OK		
SOFT21	SOFT21@PLYR	PLYR	label	0x0000302E	OK		
SOFTVELX	SOFTVELX@PLYR	PLYR	label	0x00003030	OK		
GETNXTRDIR	GETNXTRDIR		code	0x00003031	OK		
GETRDCAR	GETRDCAR@PLYR	PLYR	code	0x00003035	OK		
ROADIR	ROADIR		code	0x00003037	OK		
GETRDIR	GETRDIR		code	0x0000303A	OK		
GETRD1	GETRD1@PLYR	PLYR	label	0x0000303B	OK		
ROADIRX	ROADIRX@PLYR	PLYR	label	0x00003049	OK		
PLYRWHL	PLYRWHL@PLYR	PLYR	code	0x0000304A	OK		
PWHL0	PWHL0@PLYR	PLYR	label	0x00003056	OK		
PWHL1	PWHL1@PLYR	PLYR	label	0x0000305D	OK		
PWHLX	PWHLX@PLYR	PLYR	label	0x0000306D	OK		
PWHLX0	PWHLX0@PLYR	PLYR	label	0x00003070	OK		
PWHLXX	PWHLXX@PLYR	PLYR	label	0x00003071	OK		
WHLOFFX	WHLOFFX@PLYR	PLYR	label	0x00003084	OK		
SCOLLTABI	SCOLLTABI		data	0x00003085	OK		
SCOLLTAB	SCOLLTAB@PLYR	PLYR	data	0x00003086	OK		
WALLHITABI	WALLHITABI@PLYR	PLYR	data	0x00003089	OK		
WALLHITAB	WALLHITAB@PLYR	PLYR	data	0x0000308A	OK		
SKIDTABI	SKIDTABI@PLYR	PLYR	data	0x0000308D	OK		
SKIDTAB	SKIDTAB@PLYR	PLYR	data	0x0000308E	OK		
PLAIRSNDI	PLAIRSNDI@PLYR	PLYR	data	0x00003090	OK		
PLAIRSND	PLAIRSND@PLYR	PLYR	data	0x00003091	OK		
REVSNDTABI	REVSNDTABI@PLYR	PLYR	data	0x00003094	OK		
REVSNDTAB	REVSNDTAB@PLYR	PLYR	data	0x00003095	OK		
PLYR_SNDS	PLYR_SNDS@PLYR	PLYR	code	0x00003097	OK		
PSND0	PSND0@PLYR	PLYR	label	0x000030A4	OK		
PSND1	PSND1@PLYR	PLYR	label	0x000030AE	OK		
PSND2	PSND2@PLYR	PLYR	label	0x000030B1	OK		
BACKREV	BACKREV@PLYR	PLYR	label	0x000030B2	OK		
BACKREV1	BACKREV1@PLYR	PLYR	label	0x000030B9	OK		
PLAIR	PLAIR@PLYR	PLYR	label	0x000030BB	OK		
PLYRSND1A	PLYRSND1A@PLYR	PLYR	label	0x000030C6	OK		
PLYRSND1B	PLYRSND1B@PLYR	PLYR	label	0x000030C8	OK		
NOBOTTOM	NOBOTTOM@PLYR	PLYR	label	0x000030D0	OK		
BOTX	BOTX@PLYR	PLYR	label	0x000030D1	OK		
NO_SMOKE	NO_SMOKE@PLYR	PLYR	label	0x000030D7	OK		
NO_FLAME	NO_FLAME@PLYR	PLYR	label	0x000030EE	OK		
SKIDAMP	SKIDAMP@PLYR	PLYR	label	0x000030F2	OK		
SKIDAMP1	SKIDAMP1@PLYR	PLYR	label	0x000030F5	OK		
SKIDAMP10	SKIDAMP10@PLYR	PLYR	label	0x000030F7	OK		
NOSKID	NOSKID@PLYR	PLYR	label	0x000030FD	OK		
SKIDX	SKIDX@PLYR	PLYR	label	0x00003101	OK		
NOBRAKSND	NOBRAKSND@PLYR	PLYR	label	0x0000310D	OK		
BRAKSNDX	BRAKSNDX@PLYR	PLYR	label	0x0000310F	OK		
NOSPUTSND	NOSPUTSND@PLYR	PLYR	label	0x0000311D	OK		
SPUTSNDX	SPUTSNDX@PLYR	PLYR	label	0x0000311F	OK		
TUNOFF	TUNOFF@PLYR	PLYR	label	0x0000312A	OK		
TUNSNDX	TUNSNDX@PLYR	PLYR	label	0x0000312C	OK		
GRAVEL	GRAVEL@PLYR	PLYR	code	0x00003138	OK		
NOGRAV	NOGRAV@PLYR	PLYR	label	0x0000313D	OK		
GRAVX	GRAVX@PLYR	PLYR	label	0x00003142	OK		
PLSNDX	PLSNDX@PLYR	PLYR	code	0x00003142	OK		
MKFXSND	MKFXSND		code	0x00003143	OK		
MKFXSNDX	MKFXSNDX@PLYR	PLYR	code	0x00003147	OK		
MKVFXSND	MKVFXSND@PLYR	PLYR	code	0x00003148	OK		
MKVFX1	MKVFX1@PLYR	PLYR	label	0x00003151	OK		
RANDSND	RANDSND		code	0x00003159	OK		
RANDVSND	RANDVSND		code	0x00003160	OK		
DRONESND	DRONESND		code	0x00003168	OK		
DRONESND1	DRONESND1		code	0x0000316E	OK		
PEDALMNI	PEDALMNI@PLYR	PLYR	data	0x0000317B	OK		
GETCMOS_VALUES	GETCMOS_VALUES		code	0x0000317C	OK		
CMOSALP	CMOSALP@PLYR	PLYR	label	0x00003186	OK		
CAMMATSAV	CAMMATSAV@PLYR	PLYR	code	0x0000318C	OK		
CAMMATAVG	CAMMATAVG@PLYR	PLYR	code	0x00003195	OK		
CAMAVG	CAMAVG@PLYR	PLYR	label	0x000031A3	OK		
CAMMATX	CAMMATX@PLYR	PLYR	label	0x000031A4	OK		
ENTER_INITIALS	ENTER_INITIALS		code	0x000031A6	OK		
GOODENOUGH	GOODENOUGH@HSTDP	HSTDP	label	0x000031AC	OK		
MSLP2	MSLP2@HSTDP	HSTDP	label	0x000031B0	OK		
MSLP3	MSLP3@HSTDP	HSTDP	label	0x000031B5	OK		
MSLPX	MSLPX@HSTDP	HSTDP	label	0x000031B8	OK		
EIML	EIML@HSTDP	HSTDP	label	0x00003235	OK		
TOSLP2	TOSLP2@HSTDP	HSTDP	label	0x0000323F	OK		
TOSLP3	TOSLP3@HSTDP	HSTDP	label	0x00003242	OK		
EMIL1	EMIL1@HSTDP	HSTDP	label	0x00003264	OK		
EMIL1A	EMIL1A@HSTDP	HSTDP	label	0x00003265	OK		
TRIGPOTCHK	TRIGPOTCHK@HSTDP	HSTDP	label	0x00003270	OK		
DOTRIG	DOTRIG@HSTDP	HSTDP	label	0x00003275	OK		
DT1	DT1@HSTDP	HSTDP	label	0x00003279	OK		
DORUB	DORUB@HSTDP	HSTDP	label	0x00003289	OK		
NOTBCKSPC	NOTBCKSPC@HSTDP	HSTDP	label	0x0000328F	OK		
NOTRIG	NOTRIG@HSTDP	HSTDP	label	0x000032A1	OK		
PEDALWT	PEDALWT@HSTDP	HSTDP	label	0x000032A1	OK		
DONE_ENTRY	DONE_ENTRY@HSTDP	HSTDP	label	0x000032A6	OK		
DE1	DE1@HSTDP	HSTDP	label	0x000032AA	OK		
ENTERTEXT	ENTERTEXT		code	0x000032B2	OK		
ET0	ET0@HSTDP	HSTDP	label	0x000032BE	OK		
CREATE_ENTERTEXT	CREATE_ENTERTEXT@HSTDP	HSTDP	code	0x000032C1	OK		
MAKE_CENTER	MAKE_CENTER@HSTDP	HSTDP	code	0x000032C7	OK		
HSTD_TIMER	HSTD_TIMER@HSTDP	HSTDP	code	0x000032D0	OK		
INSERT_INITS	INSERT_INITS@HSTDP	HSTDP	code	0x000032DD	OK		
INTO_TABLE_P	INTO_TABLE_P		code	0x000032E7	OK		
ITP1	ITP1@HSTDP	HSTDP	label	0x000032F7	OK		
ITP2	ITP2@HSTDP	HSTDP	label	0x000032F9	OK		
CHECK_FIRST_TIME	CHECK_FIRST_TIME@HSTDP	HSTDP	code	0x000032FB	OK		
NOT_FIRST_TIME	NOT_FIRST_TIME@HSTDP	HSTDP	label	0x00003301	OK		
NFTLP	NFTLP@HSTDP	HSTDP	label	0x00003306	OK		
NFTX	NFTX@HSTDP	HSTDP	label	0x0000330C	OK		
CALC_TOTAL_ELAPSED	CALC_TOTAL_ELAPSED@HSTDP	HSTDP	code	0x0000330E	OK		
CTELP	CTELP@HSTDP	HSTDP	code	0x00003314	OK		
CTEX	CTEX@HSTDP	HSTDP	label	0x0000331B	OK		
PRESS_CODE_ENTRY	PRESS_CODE_ENTRY@HSTDP	HSTDP	label	0x0000331F	OK		
NOINS0	NOINS0@HSTDP	HSTDP	label	0x00003331	OK		
NOINS1	NOINS1@HSTDP	HSTDP	label	0x0000333F	OK		
NOINS2	NOINS2@HSTDP	HSTDP	label	0x0000334B	OK		
PAPA35	PAPA35@HSTDP	HSTDP	code	0x00003351	OK		
PAPA35X	PAPA35X@HSTDP	HSTDP	label	0x00003359	OK		
PRESS_CODE	PRESS_CODE@HSTDP	HSTDP	label	0x0000335C	OK		
PRA0	PRA0@HSTDP	HSTDP	label	0x0000338A	OK		
PRA	PRA@HSTDP	HSTDP	label	0x00003390	OK		
PRA1	PRA1@HSTDP	HSTDP	label	0x000033AE	OK		
PRA2	PRA2@HSTDP	HSTDP	label	0x000033B3	OK		
PR0A	PR0A@HSTDP	HSTDP	label	0x000033C1	OK		
PR0A2	PR0A2@HSTDP	HSTDP	label	0x000033C7	OK		
PR0	PR0@HSTDP	HSTDP	label	0x000033CB	OK		
PR1	PR1@HSTDP	HSTDP	label	0x000033E2	OK		
PR1A1	PR1A1@HSTDP	HSTDP	label	0x000033EB	OK		
PR1A2	PR1A2@HSTDP	HSTDP	label	0x000033F0	OK		
PR1A3	PR1A3@HSTDP	HSTDP	label	0x000033F5	OK		
PR1A	PR1A@HSTDP	HSTDP	code	0x000033F6	OK		
PR1ZZZ	PR1ZZZ@HSTDP	HSTDP	label	0x0000340E	OK		
PR2	PR2@HSTDP	HSTDP	label	0x0000340F	OK		
PR2A	PR2A@HSTDP	HSTDP	label	0x00003424	OK		
PR2AA	PR2AA@HSTDP	HSTDP	code	0x0000342F	OK		
PR2A1	PR2A1@HSTDP	HSTDP	label	0x0000345F	OK		
PR2A2	PR2A2@HSTDP	HSTDP	label	0x00003492	OK		
PR2A3	PR2A3@HSTDP	HSTDP	label	0x00003497	OK		
PR3	PR3@HSTDP	HSTDP	code	0x000034BE	OK		
PR3A	PR3A@HSTDP	HSTDP	label	0x000034DC	OK		
PR3B	PR3B@HSTDP	HSTDP	label	0x00003509	OK		
PR3BA	PR3BA@HSTDP	HSTDP	label	0x00003516	OK		
PR4A	PR4A@HSTDP	HSTDP	label	0x0000351B	OK		
PR5A	PR5A@HSTDP	HSTDP	label	0x00003529	OK		
PRESS_CODEX	PRESS_CODEX@HSTDP	HSTDP	code	0x0000353C	OK		
PRESSCODEX2	PRESSCODEX2@HSTDP	HSTDP	label	0x00003540	OK		
INIT_PRESS_OBJECTS	INIT_PRESS_OBJECTS@HSTDP	HSTDP	code	0x0000355D	OK		
FPO	FPO@HSTDP	HSTDP	code	0x0000356F	OK		
FPO1	FPO1@HSTDP	HSTDP	label	0x0000357E	OK		
FPO1A	FPO1A@HSTDP	HSTDP	label	0x00003584	OK		
FPO3	FPO3@HSTDP	HSTDP	label	0x0000358C	OK		
FPO4	FPO4@HSTDP	HSTDP	label	0x00003590	OK		
FPO6	FPO6@HSTDP	HSTDP	label	0x00003596	OK		
FPLE	FPLE@HSTDP	HSTDP	label	0x00003597	OK		
FPO7	FPO7@HSTDP	HSTDP	code	0x00003597	OK		
FPOX	FPOX@HSTDP	HSTDP	label	0x00003598	OK		
MAKE_NEW_MARQ	MAKE_NEW_MARQ@HSTDP	HSTDP	code	0x0000359B	OK		
MOVE_PRESSB	MOVE_PRESSB@HSTDP	HSTDP	code	0x000035A4	OK		
MOVE_BIGLET_PRESS	MOVE_BIGLET_PRESS@HSTDP	HSTDP	code	0x000035C4	OK		
MPB	MPB@HSTDP	HSTDP	label	0x000035E6	OK		
SCROLLBTAB	SCROLLBTAB@HSTDP	HSTDP	data	0x000035F5	OK		
POS_SCROLLB	POS_SCROLLB@HSTDP	HSTDP	code	0x0000361B	OK		
POSBX	POSBX@HSTDP	HSTDP	label	0x0000362D	OK		
ADJUST_ROLLERS	ADJUST_ROLLERS@HSTDP	HSTDP	code	0x0000362E	OK		
ADJRL	ADJRL@HSTDP	HSTDP	label	0x00003632	OK		
FIND_ROLLER	FIND_ROLLER@HSTDP	HSTDP	code	0x00003646	OK		
FRL	FRL@HSTDP	HSTDP	label	0x0000364C	OK		
SPIN_ROLLERS	SPIN_ROLLERS@HSTDP	HSTDP	code	0x00003657	OK		
SR0	SR0@HSTDP	HSTDP	label	0x00003659	OK		
MOVE_PLAYERS_LETTERS	MOVE_PLAYERS_LETTERS@HSTDP	HSTDP	code	0x00003669	OK		
MPL1	MPL1@HSTDP	HSTDP	label	0x00003678	OK		
MPL2	MPL2@HSTDP	HSTDP	label	0x00003683	OK		
MPLX	MPLX@HSTDP	HSTDP	label	0x00003685	OK		
MAKE_PLAYERS_PLATE	MAKE_PLAYERS_PLATE@HSTDP	HSTDP	code	0x00003688	OK		
INI_PLAYERS_BOLTS	INI_PLAYERS_BOLTS@HSTDP	HSTDP	code	0x00003695	OK		
IPB1	IPB1@HSTDP	HSTDP	code	0x00003699	OK		
IPBX	IPBX@HSTDP	HSTDP	label	0x0000369F	OK		
FLY_BOLT	FLY_BOLT@HSTDP	HSTDP	code	0x000036A0	OK		
FBL	FBL@HSTDP	HSTDP	code	0x000036A3	OK		
OBJ_FIND	OBJ_FIND@HSTDP	HSTDP	code	0x000036B3	OK		
OFIND	OFIND@HSTDP	HSTDP	code	0x000036B8	OK		
O_FOUND	O_FOUND@HSTDP	HSTDP	label	0x000036C1	OK		
OH_NO	OH_NO@HSTDP	HSTDP	label	0x000036C5	OK		
OBJ_FIND_NEXT	OBJ_FIND_NEXT@HSTDP	HSTDP	code	0x000036C7	OK		
OFN	OFN@HSTDP	HSTDP	code	0x000036CB	OK		
OFNX	OFNX@HSTDP	HSTDP	label	0x000036D3	OK		
OFNX1	OFNX1@HSTDP	HSTDP	label	0x000036D7	OK		
OBJ_GFIND	OBJ_GFIND@HSTDP	HSTDP	code	0x000036DB	OK		
OGFIND	OGFIND@HSTDP	HSTDP	code	0x000036E0	OK		
O_GFOUND	O_GFOUND@HSTDP	HSTDP	label	0x000036E8	OK		
OH_GNO	OH_GNO@HSTDP	HSTDP	label	0x000036EC	OK		
OBJ_GFIND_NEXT	OBJ_GFIND_NEXT@HSTDP	HSTDP	code	0x000036EF	OK		
OGFN	OGFN@HSTDP	HSTDP	code	0x000036F3	OK		
OGFNX	OGFNX@HSTDP	HSTDP	label	0x000036FA	OK		
OGFNX1	OGFNX1@HSTDP	HSTDP	label	0x000036FE	OK		
OBJ_TAG	OBJ_TAG@HSTDP	HSTDP	code	0x00003702	OK		
OTAG0	OTAG0@HSTDP	HSTDP	label	0x00003702	OK		
OTAG1	OTAG1@HSTDP	HSTDP	label	0x00003708	OK		
OTAG	OTAG@HSTDP	HSTDP	label	0x0000370D	OK		
OTAGX	OTAGX@HSTDP	HSTDP	label	0x00003711	OK		
OBJ_TAGALL	OBJ_TAGALL@HSTDP	HSTDP	code	0x00003712	OK		
OTA1	OTA1@HSTDP	HSTDP	label	0x00003717	OK		
OTAX	OTAX@HSTDP	HSTDP	label	0x0000371D	OK		
OBJ_MOVY_GROUP	OBJ_MOVY_GROUP@HSTDP	HSTDP	code	0x0000371E	OK		
OMYG1	OMYG1@HSTDP	HSTDP	label	0x00003725	OK		
OMYG	OMYG@HSTDP	HSTDP	label	0x0000372B	OK		
OBJ_DEL_GROUP	OBJ_DEL_GROUP@HSTDP	HSTDP	code	0x0000372E	OK		
ODG1	ODG1@HSTDP	HSTDP	label	0x00003732	OK		
ODG	ODG@HSTDP	HSTDP	label	0x00003737	OK		
FIND_ALL_PLATES	FIND_ALL_PLATES@HSTDP	HSTDP	code	0x00003738	OK		
FIND_PLATES	FIND_PLATES@HSTDP	HSTDP	code	0x0000373C	OK		
MP0	MP0@HSTDP	HSTDP	label	0x00003742	OK		
MP2	MP2@HSTDP	HSTDP	label	0x00003750	OK		
MP1	MP1@HSTDP	HSTDP	label	0x00003755	OK		
MAKE_NUMBERS	MAKE_NUMBERS@HSTDP	HSTDP	code	0x0000375F	OK		
MNLOOP	MNLOOP@HSTDP	HSTDP	code	0x00003770	OK		
MAKE_TIME	MAKE_TIME@HSTDP	HSTDP	code	0x00003788	OK		
MTLOOP	MTLOOP@HSTDP	HSTDP	code	0x000037A2	OK		
MT1	MT1@HSTDP	HSTDP	label	0x000037A8	OK		
MT2	MT2@HSTDP	HSTDP	label	0x000037AC	OK		
MT3	MT3@HSTDP	HSTDP	label	0x000037B0	OK		
FORMAT_NUM	FORMAT_NUM@HSTDP	HSTDP	code	0x000037C2	OK		
FORMN_LOOP	FORMN_LOOP@HSTDP	HSTDP	label	0x000037C5	OK		
FORMNA	FORMNA@HSTDP	HSTDP	label	0x000037C8	OK		
FORMN	FORMN@HSTDP	HSTDP	label	0x000037D5	OK		
FN_PAD	FN_PAD@HSTDP	HSTDP	label	0x000037D7	OK		
FORMN1	FORMN1@HSTDP	HSTDP	label	0x000037DB	OK		
FORMN2	FORMN2@HSTDP	HSTDP	label	0x000037E4	OK		
FORMNX	FORMNX@HSTDP	HSTDP	label	0x000037E5	OK		
CREATE_LETTERS	CREATE_LETTERS@HSTDP	HSTDP	code	0x000037E6	OK		
CRLLOOP	CRLLOOP@HSTDP	HSTDP	label	0x000037EE	OK		
CRLX	CRLX@HSTDP	HSTDP	label	0x00003812	OK		
ASCII_TO_OBJ	ASCII_TO_OBJ@HSTDP	HSTDP	code	0x00003813	OK		
CRLL	CRLL@HSTDP	HSTDP	label	0x00003819	OK		
CRL1	CRL1@HSTDP	HSTDP	label	0x0000381B	OK		
PRINT3D	PRINT3D@HSTDP	HSTDP	code	0x00003824	OK		
PR3DFS	PR3DFS@HSTDP	HSTDP	label	0x00003828	OK		
PR3DA	PR3DA@HSTDP	HSTDP	label	0x0000382F	OK		
PR3DLOOP	PR3DLOOP@HSTDP	HSTDP	label	0x00003838	OK		
PR3DNEXT	PR3DNEXT@HSTDP	HSTDP	label	0x00003855	OK		
PR3DX	PR3DX@HSTDP	HSTDP	label	0x00003858	OK		
DISPLAY_HIGH_SCORES	DISPLAY_HIGH_SCORES		code	0x00003859	OK		
DHSLOOP	DHSLOOP@HSTDP	HSTDP	label	0x00003869	OK		
DHSWAIT	DHSWAIT@HSTDP	HSTDP	code	0x00003870	OK		
DHSNOBUT	DHSNOBUT@HSTDP	HSTDP	label	0x00003879	OK		
DHSLOOPX	DHSLOOPX@HSTDP	HSTDP	label	0x00003880	OK		
DHSNEXT	DHSNEXT@HSTDP	HSTDP	label	0x00003881	OK		
DISPLAY_HS	DISPLAY_HS@HSTDP	HSTDP	code	0x00003889	OK		
DHS0	DHS0@HSTDP	HSTDP	label	0x000038AE	OK		
DHS1	DHS1@HSTDP	HSTDP	code	0x000038B8	OK		
FLASH_PALSI	FLASH_PALSI@HSTDP	HSTDP	data	0x000038CB	OK		
scroll_whiteI	scroll_whiteI@HSTDP	HSTDP	data	0x000038CC	OK		
FLASH_LETTERS_PROC	FLASH_LETTERS_PROC@HSTDP	HSTDP	code	0x000038CD	OK		
FLASH_LOOP	FLASH_LOOP@HSTDP	HSTDP	label	0x000038D6	OK		
FLASH_LOCK	FLASH_LOCK@HSTDP	HSTDP	label	0x000038E2	OK		
FLASH_LETTERS	FLASH_LETTERS@HSTDP	HSTDP	code	0x000038E5	OK		
FLASH_LP	FLASH_LP@HSTDP	HSTDP	label	0x000038EA	OK		
FLASHX	FLASHX@HSTDP	HSTDP	label	0x000038EE	OK		
DELIST	DELIST@HSTDP	HSTDP	data	0x000038EF	OK		
DELETE_PRESS_OBJECTS	DELETE_PRESS_OBJECTS@HSTDP	HSTDP	code	0x000038F3	OK		
FIX_PLATES	FIX_PLATES@HSTDP	HSTDP	code	0x000038F9	OK		
FIXPL	FIXPL@HSTDP	HSTDP	label	0x000038FE	OK		
FIXPL1	FIXPL1@HSTDP	HSTDP	code	0x00003905	OK		
FIXPL2	FIXPL2@HSTDP	HSTDP	label	0x00003909	OK		
FIXPL3	FIXPL3@HSTDP	HSTDP	label	0x0000390C	OK		
FLY_PLATES	FLY_PLATES@HSTDP	HSTDP	code	0x00003913	OK		
FLPL	FLPL@HSTDP	HSTDP	label	0x00003917	OK		
FLPL1	FLPL1@HSTDP	HSTDP	code	0x00003922	OK		
FLPL2	FLPL2@HSTDP	HSTDP	label	0x00003926	OK		
FLPL3	FLPL3@HSTDP	HSTDP	label	0x00003929	OK		
DISPLAY_HSTEXT	DISPLAY_HSTEXT@HSTDP	HSTDP	code	0x0000392E	OK		
ENTER_HSTEXT	ENTER_HSTEXT@HSTDP	HSTDP	code	0x00003930	OK		
RACE_TEXT	RACE_TEXT@HSTDP	HSTDP	label	0x00003931	OK		
INIT_LOGO	INIT_LOGO@HSTDP	HSTDP	code	0x00003939	OK		
LOGOX	LOGOX@HSTDP	HSTDP	label	0x0000394B	OK		
RBMATTR_CHECK	RBMATTR_CHECK		label	0x0000394C	OK		
RBMCX	RBMCX@HSTDP	HSTDP	label	0x00003952	OK		
LEG_NAMESI	LEG_NAMESI		data	0x00003953	OK		
LEG_NAMES	LEG_NAMES		data	0x00003954	OK		
GAMETRAKI	GAMETRAKI		data	0x00003963	OK		
BUFFERSI	BUFFERSI@BONUS	BONUS	data	0x00003964	OK		
BONUS_POSTLAUNCHI	BONUS_POSTLAUNCHI		data	0x00003965	OK		
BONUS_SANFRAN	BONUS_SANFRAN@BONUS	BONUS	code	0x00003966	OK		
BONUS_BEVHILLS	BONUS_BEVHILLS@BONUS	BONUS	code	0x0000396B	OK		
BONUS_GGATE	BONUS_GGATE@BONUS	BONUS	code	0x0000396B	OK		
BONUSNULL	BONUSNULL@BONUS	BONUS	code	0x0000396E	OK		
BONUS_TABLEI	BONUS_TABLEI		data	0x0000396F	OK		
BONUS14	BONUS14		code	0x00003970	OK		
BONUS13	BONUS13		code	0x00003972	OK		
BONUS12	BONUS12		code	0x00003975	OK		
BONUS11	BONUS11		code	0x00003978	OK		
BONUS10	BONUS10		code	0x0000397B	OK		
BONUS9	BONUS9		code	0x0000397E	OK		
BONUS8	BONUS8		code	0x00003981	OK		
BONUS7	BONUS7		code	0x00003984	OK		
BONUS6	BONUS6		code	0x00003987	OK		
BONUS5	BONUS5		code	0x0000398A	OK		
BONUS4	BONUS4		code	0x0000398D	OK		
BONUS3	BONUS3		code	0x00003990	OK		
BONUS2	BONUS2		code	0x00003993	OK		
BONUS1	BONUS1		code	0x00003996	OK		
LK	LK@BONUS	BONUS	label	0x00003998	OK		
JSUB	JSUB@BONUS	BONUS	code	0x000039BF	OK		
DISPLAY_H2H_WINNER	DISPLAY_H2H_WINNER@BONUS	BONUS	code	0x000039CF	OK		
DHHW_LP	DHHW_LP@BONUS	BONUS	code	0x00003A00	OK		
DODIEXXX	DODIEXXX@BONUS	BONUS	label	0x00003A25	OK		
DODIE	DODIE@BONUS	BONUS	label	0x00003A2B	OK		
OBJ_DELETE_HIGH_PRIORITY	OBJ_DELETE_HIGH_PRIORITY@BONUS	BONUS	code	0x00003A2C	OK		
DELLP	DELLP@BONUS	BONUS	code	0x00003A31	OK		
DELOBJX	DELOBJX@BONUS	BONUS	label	0x00003A41	OK		
BONUS_SCREEN	BONUS_SCREEN@BONUS	BONUS	code	0x00003A46	OK		
BONSCRN2	BONSCRN2@BONUS	BONUS	code	0x00003A64	OK		
DOREG3A	DOREG3A@BONUS	BONUS	label	0x00003A68	OK		
CNR_ENTER	CNR_ENTER@BONUS	BONUS	label	0x00003A70	OK		
CONTINUE	CONTINUE@BONUS	BONUS	label	0x00003A77	OK		
PAPAPA44	PAPAPA44@BONUS	BONUS	label	0x00003A86	OK		
JJDDHH	JJDDHH@BONUS	BONUS	code	0x00003A8F	OK		
COOLRET	COOLRET@BONUS	BONUS	label	0x00003A9B	OK		
ISREC	ISREC@BONUS	BONUS	label	0x00003AB5	OK		
NODOHOTTIME	NODOHOTTIME@BONUS	BONUS	label	0x00003AB8	OK		
JJAG	JJAG@BONUS	BONUS	label	0x00003AC2	OK		
PAPA45	PAPA45@BONUS	BONUS	code	0x00003AC5	OK		
PAPA45X	PAPA45X@BONUS	BONUS	label	0x00003ACD	OK		
FIXPALLP	FIXPALLP@BONUS	BONUS	code	0x00003ADB	OK		
FIXPAL1	FIXPAL1@BONUS	BONUS	label	0x00003AE1	OK		
NOWAY	NOWAY@BONUS	BONUS	label	0x00003AF3	OK		
DDF1	DDF1@BONUS	BONUS	label	0x00003B01	OK		
NXTNAME	NXTNAME@BONUS	BONUS	label	0x00003B14	OK		
NOTNIN2	NOTNIN2@BONUS	BONUS	label	0x00003B1E	OK		
PAPA35	PAPA35@BONUS	BONUS	code	0x00003B1F	OK		
PAPA35X	PAPA35X@BONUS	BONUS	label	0x00003B24	OK		
NOENTER	NOENTER@BONUS	BONUS	label	0x00003B32	OK		
NOTNIN	NOTNIN@BONUS	BONUS	label	0x00003B3A	OK		
ISWRP	ISWRP@BONUS	BONUS	code	0x00003B4E	OK		
NOT_ATOZ	NOT_ATOZ@BONUS	BONUS	label	0x00003B50	OK		
NOT1ST	NOT1ST@BONUS	BONUS	label	0x00003B77	OK		
FINFIN	FINFIN@BONUS	BONUS	label	0x00003B89	OK		
CLINTON_SHOW	CLINTON_SHOW@BONUS	BONUS	label	0x00003BDB	OK		
NOCLINTON	NOCLINTON@BONUS	BONUS	label	0x00003BF3	OK		
NOENTR2	NOENTR2@BONUS	BONUS	label	0x00003C12	OK		
JAJD	JAJD@BONUS	BONUS	label	0x00003C21	OK		
BLINK_FREEBE	BLINK_FREEBE		code	0x00003C2A	OK		
BFLP1	BFLP1@BONUS	BONUS	code	0x00003C2D	OK		
BACKUP_CAMERA	BACKUP_CAMERA@BONUS	BONUS	code	0x00003C5B	OK		
BACKLP	BACKLP@BONUS	BONUS	code	0x00003C6F	OK		
TIMED_OUT	TIMED_OUT		code	0x00003C82	OK		
KILL_PLYR_SOUNDS	KILL_PLYR_SOUNDS@BONUS	BONUS	code	0x00003C8B	OK		
CONGRAT_SPEECHI	CONGRAT_SPEECHI@BONUS	BONUS	data	0x00003C98	OK		
FREE_RACE_ANNOUNCE	FREE_RACE_ANNOUNCE@BONUS	BONUS	code	0x00003CC4	OK		
FRAL1	FRAL1@BONUS	BONUS	code	0x00003CCD	OK		
ISFREE	ISFREE@BONUS	BONUS	label	0x00003CE2	OK		
LCTSI	LCTSI@BONUS	BONUS	data	0x00003CEE	OK		
LNLSI	LNLSI@BONUS	BONUS	data	0x00003CEF	OK		
SHOWLEG_PROC	SHOWLEG_PROC@BONUS	BONUS	code	0x00003CF0	OK		
SLLP1	SLLP1@BONUS	BONUS	code	0x00003D11	OK		
SLLP1A	SLLP1A@BONUS	BONUS	code	0x00003D30	OK		
SHOWNEXTLEG_PROC	SHOWNEXTLEG_PROC@BONUS	BONUS	code	0x00003D42	OK		
SLLP2	SLLP2@BONUS	BONUS	code	0x00003D64	OK		
SLLP2A	SLLP2A@BONUS	BONUS	code	0x00003D83	OK		
FLAG_POS_TABLEI	FLAG_POS_TABLEI@BONUS	BONUS	data	0x00003D95	OK		
PLACE_FLAG	PLACE_FLAG@BONUS	BONUS	code	0x00003D96	OK		
PLACE_FLAG_PROC	PLACE_FLAG_PROC@BONUS	BONUS	code	0x00003DC2	OK		
PFPLP	PFPLP@BONUS	BONUS	code	0x00003DC3	OK		
ALLDN7	ALLDN7@BONUS	BONUS	label	0x00003DDB	OK		
BONS_MAXMPH	BONS_MAXMPH@BONUS	BONUS	code	0x00003DE0	OK		
h2p1a_I	h2p1a_I		data	0x00003DF4	OK		
h2p2b_I	h2p2b_I		data	0x00003DF4	OK		
ISMPHT	ISMPHT@BONUS	BONUS	label	0x00003DFA	OK		
KJL	KJL@BONUS	BONUS	label	0x00003DFB	OK		
ENTER_HERE	ENTER_HERE@BONUS	BONUS	label	0x00003E0F	OK		
BML	BML@BONUS	BONUS	code	0x00003E12	OK		
KKL	KKL@BONUS	BONUS	code	0x00003E3F	OK		
BML2	BML2@BONUS	BONUS	code	0x00003E48	OK		
BONS_RECORDTIME	BONS_RECORDTIME@BONUS	BONUS	code	0x00003E60	OK		
BONS_HOTTIME_REC	BONS_HOTTIME_REC@BONUS	BONUS	code	0x00003E93	OK		
BONS_HOTTIME	BONS_HOTTIME@BONUS	BONUS	code	0x00003E98	OK		
BLAHB	BLAHB@BONUS	BONUS	label	0x00003E9C	OK		
BONHTLP	BONHTLP@BONUS	BONUS	label	0x00003EAD	OK		
BONHTLP2	BONHTLP2@BONUS	BONUS	label	0x00003EC4	OK		
BADA	BADA@BONUS	BONUS	code	0x00003ED9	OK		
TEXTTOG	TEXTTOG@BONUS	BONUS	code	0x00003EDD	OK		
GAGA	GAGA@BONUS	BONUS	label	0x00003EE3	OK		
ISOFF	ISOFF@BONUS	BONUS	label	0x00003EE5	OK		
IBOIBO	IBOIBO@BONUS	BONUS	label	0x00003EE6	OK		
BONS_ETIME	BONS_ETIME@BONUS	BONUS	code	0x00003EE9	OK		
DOREG3	DOREG3@BONUS	BONUS	label	0x00003EFF	OK		
LREG3	LREG3@BONUS	BONUS	label	0x00003F04	OK		
BONS_POSITION	BONS_POSITION@BONUS	BONUS	code	0x00003F12	OK		
BPL1	BPL1@BONUS	BONUS	code	0x00003F18	OK		
BPL2	BPL2@BONUS	BONUS	label	0x00003F2E	OK		
BPL3	BPL3@BONUS	BONUS	code	0x00003F3E	OK		
KILL_THEM	KILL_THEM		code	0x00003F53	OK		
FIND_AND_REACTIVATE	FIND_AND_REACTIVATE@BONUS	BONUS	code	0x00003F61	OK		
FARLP	FARLP@BONUS	BONUS	code	0x00003F64	OK		
NOTRUT	NOTRUT@BONUS	BONUS	label	0x00003F6D	OK		
FARX	FARX@BONUS	BONUS	label	0x00003F72	OK		
KILL_THE_REANIMATORS	KILL_THE_REANIMATORS@BONUS	BONUS	code	0x00003F75	OK		
DGROUPSI	DGROUPSI		data	0x00003F7A	OK		
ATTRACT_ACTIVATE_DIST	ATTRACT_ACTIVATE_DIST@BACKGRND	BACKGRND	data	0x00003F7B	OK		
ACTIVATE_DIST	ACTIVATE_DIST@BACKGRND	BACKGRND	data	0x00003F7C	OK		
DACT_DIST	DACT_DIST@BACKGRND	BACKGRND	data	0x00003F7D	OK		
DDACT_DIST	DDACT_DIST@BACKGRND	BACKGRND	data	0x00003F7E	OK		
ATTR_DDACT_DIST	ATTR_DDACT_DIST@BACKGRND	BACKGRND	data	0x00003F7F	OK		
FIND_STARTING_VALUES	FIND_STARTING_VALUES		code	0x00003F80	OK		
LPP	LPP@BACKGRND	BACKGRND	code	0x00003F86	OK		
NOOVER	NOOVER@BACKGRND	BACKGRND	label	0x00003F8A	OK		
CNT	CNT@BACKGRND	BACKGRND	label	0x00003F8D	OK		
CNTN	CNTN@BACKGRND	BACKGRND	label	0x00003F90	OK		
NOWARP	NOWARP@BACKGRND	BACKGRND	label	0x00003F91	OK		
BGD_INIT	BGD_INIT		code	0x00003F9E	OK		
REGULAR_START	REGULAR_START@BACKGRND	BACKGRND	code	0x00003FA6	OK		
KKTIL	KKTIL@BACKGRND	BACKGRND	label	0x00003FB1	OK		
NOOVERD	NOOVERD@BACKGRND	BACKGRND	label	0x00003FC7	OK		
CNT55a	CNT55a@BACKGRND	BACKGRND	label	0x00003FCA	OK		
NOO2a	NOO2a@BACKGRND	BACKGRND	label	0x00003FCD	OK		
LPP5	LPP5@BACKGRND	BACKGRND	code	0x00003FD1	OK		
NOOVERE	NOOVERE@BACKGRND	BACKGRND	label	0x00003FE4	OK		
CNT55d	CNT55d@BACKGRND	BACKGRND	label	0x00003FE7	OK		
NOO2d	NOO2d@BACKGRND	BACKGRND	label	0x00003FEA	OK		
BGD_SLP	BGD_SLP@BACKGRND	BACKGRND	label	0x00003FF2	OK		
BGD_WATCHER	BGD_WATCHER@BACKGRND	BACKGRND	label	0x00003FF4	OK		
LLKK	LLKK@BACKGRND	BACKGRND	label	0x00003FFA	OK		
NOOVERA	NOOVERA@BACKGRND	BACKGRND	label	0x00004013	OK		
CNTFF	CNTFF@BACKGRND	BACKGRND	label	0x00004016	OK		
NOO2FF	NOO2FF@BACKGRND	BACKGRND	label	0x00004019	OK		
NO_ACTIVATION	NO_ACTIVATION@BACKGRND	BACKGRND	label	0x0000401A	OK		
NOOVERB	NOOVERB@BACKGRND	BACKGRND	label	0x00004035	OK		
CNT55	CNT55@BACKGRND	BACKGRND	label	0x00004038	OK		
NOO2	NOO2@BACKGRND	BACKGRND	label	0x0000403B	OK		
NOACT	NOACT@BACKGRND	BACKGRND	label	0x0000403C	OK		
GAMECHK	GAMECHK@BACKGRND	BACKGRND	label	0x0000404A	OK		
DO_DEL	DO_DEL@BACKGRND	BACKGRND	label	0x0000404C	OK		
SHIFT1	SHIFT1@BACKGRND	BACKGRND	label	0x0000405A	OK		
LL45	LL45@BACKGRND	BACKGRND	label	0x00004063	OK		
NODEACT	NODEACT@BACKGRND	BACKGRND	label	0x00004067	OK		
NEWSUBLIST_TOP	NEWSUBLIST_TOP		data	0x0000406A	OK		
BGD_ACTIVATE_TYCOGROUP	BGD_ACTIVATE_TYCOGROUP@BACKGRND	BACKGRND	code	0x0000406B	OK		
NOTCORNFLAKE	NOTCORNFLAKE@BACKGRND	BACKGRND	label	0x00004091	OK		
NOVRDD	NOVRDD@BACKGRND	BACKGRND	label	0x0000409D	OK		
REG_LD	REG_LD@BACKGRND	BACKGRND	label	0x000040A4	OK		
NOEXTRA	NOEXTRA@BACKGRND	BACKGRND	label	0x000040A9	OK		
L12	L12@BACKGRND	BACKGRND	label	0x000040B8	OK		
ISOVER	ISOVER@BACKGRND	BACKGRND	label	0x000040CC	OK		
NOTREVERSED	NOTREVERSED@BACKGRND	BACKGRND	label	0x000040EC	OK		
JOIN_UP	JOIN_UP@BACKGRND	BACKGRND	label	0x00004102	OK		
NOTBIGOBJ	NOTBIGOBJ@BACKGRND	BACKGRND	label	0x00004110	OK		
NOTDRIVE	NOTDRIVE@BACKGRND	BACKGRND	label	0x00004120	OK		
NOTGROUND	NOTGROUND@BACKGRND	BACKGRND	label	0x0000412A	OK		
NOTSIGN	NOTSIGN@BACKGRND	BACKGRND	label	0x00004134	OK		
NOTRVSTRK	NOTRVSTRK@BACKGRND	BACKGRND	label	0x0000413E	OK		
DONELISTS	DONELISTS@BACKGRND	BACKGRND	label	0x0000414B	OK		
NOTDYNAROAD	NOTDYNAROAD@BACKGRND	BACKGRND	label	0x0000414B	OK		
ACTIVATE_X	ACTIVATE_X@BACKGRND	BACKGRND	label	0x0000414D	OK		
CHECK2	CHECK2@BACKGRND	BACKGRND	label	0x0000415D	OK		
UHNO2	UHNO2@BACKGRND	BACKGRND	label	0x00004171	OK		
CHECK2II	CHECK2II@BACKGRND	BACKGRND	label	0x0000417B	OK		
UHNO	UHNO@BACKGRND	BACKGRND	label	0x0000418E	OK		
NOOVERLAYGROUP	NOOVERLAYGROUP@BACKGRND	BACKGRND	label	0x00004199	OK		
NO_NEWLOAD	NO_NEWLOAD@BACKGRND	BACKGRND	label	0x0000419C	OK		
ADD_TO_NEWLIST	ADD_TO_NEWLIST@BACKGRND	BACKGRND	code	0x000041A8	OK		
REGADD	REGADD@BACKGRND	BACKGRND	label	0x000041B0	OK		
ADDNOBJL	ADDNOBJL@BACKGRND	BACKGRND	label	0x000041B3	OK		
ADDNOBJ_AT_END	ADDNOBJ_AT_END@BACKGRND	BACKGRND	label	0x000041B9	OK		
ISZERO	ISZERO@BACKGRND	BACKGRND	label	0x000041C2	OK		
FIND_SUBLIST_START_END	FIND_SUBLIST_START_END@BACKGRND	BACKGRND	code	0x000041C3	OK		
FSLP	FSLP@BACKGRND	BACKGRND	label	0x000041C7	OK		
FSDN	FSDN@BACKGRND	BACKGRND	label	0x000041CB	OK		
APPEND_NEWLIST	APPEND_NEWLIST@BACKGRND	BACKGRND	code	0x000041CF	OK		
SHINY_NEWLIST	SHINY_NEWLIST@BACKGRND	BACKGRND	label	0x000041DA	OK		
GROUP_DELETE	GROUP_DELETE@BACKGRND	BACKGRND	code	0x000041E2	OK		
DELLP	DELLP@BACKGRND	BACKGRND	code	0x000041EF	OK		
NXTCHK	NXTCHK@BACKGRND	BACKGRND	label	0x00004214	OK		
GET_XZ_DISTANCE	GET_XZ_DISTANCE		code	0x00004215	OK		
BGD_OROUTINE	BGD_OROUTINE@BACKGRND	BACKGRND	code	0x00004223	OK		
BGDORLP	BGDORLP@BACKGRND	BACKGRND	code	0x00004228	OK		
BGD_RFND	BGD_RFND@BACKGRND	BACKGRND	label	0x00004230	OK		
OVERCAR	OVERCAR@BACKGRND	BACKGRND	code	0x00004236	OK		
OVERCARLISTI	OVERCARLISTI@BACKGRND	BACKGRND	data	0x0000424E	OK		
OVERCARLIST	OVERCARLIST@BACKGRND	BACKGRND	data	0x0000424F	OK		
CARFORWARD	CARFORWARD@BACKGRND	BACKGRND	code	0x00004253	OK		
CARSUP	CARSUP@BACKGRND	BACKGRND	label	0x0000426D	OK		
CARFORWARDLP	CARFORWARDLP@BACKGRND	BACKGRND	label	0x00004289	OK		
ROAD_DEBRIS_CREATE_55GAL	ROAD_DEBRIS_CREATE_55GAL@BACKGRND	BACKGRND	code	0x0000429D	OK		
ROAD_DEBRIS_CREATE	ROAD_DEBRIS_CREATE@BACKGRND	BACKGRND	code	0x000042A3	OK		
SMOKE_STACK	SMOKE_STACK@BACKGRND	BACKGRND	code	0x000042A4	OK		
CAR_FIRE	CAR_FIRE@BACKGRND	BACKGRND	code	0x000042AD	OK		
SMOKE_ANII	SMOKE_ANII@BACKGRND	BACKGRND	data	0x000042B6	OK		
SMOKE_ANI	SMOKE_ANI@BACKGRND	BACKGRND	data	0x000042B7	OK		
CAR_FIRE_ANII	CAR_FIRE_ANII@BACKGRND	BACKGRND	data	0x000042BE	OK		
CAR_FIRE_ANI	CAR_FIRE_ANI@BACKGRND	BACKGRND	data	0x000042BF	OK		
DC_MINIFOUNTAIN_ANII	DC_MINIFOUNTAIN_ANII@BACKGRND	BACKGRND	data	0x000042CC	OK		
DC_MINIFOUNTAIN_ANI	DC_MINIFOUNTAIN_ANI@BACKGRND	BACKGRND	data	0x000042CD	OK		
DC_MINIFOUNTAIN	DC_MINIFOUNTAIN@BACKGRND	BACKGRND	code	0x000042D4	OK		
DC_FOUNTAIN_ANII	DC_FOUNTAIN_ANII@BACKGRND	BACKGRND	data	0x000042E0	OK		
DC_FOUNTAIN_ANI	DC_FOUNTAIN_ANI@BACKGRND	BACKGRND	data	0x000042E1	OK		
DC_FOUNTAIN	DC_FOUNTAIN@BACKGRND	BACKGRND	code	0x000042E7	OK		
WATERFALL_ANII	WATERFALL_ANII@BACKGRND	BACKGRND	data	0x000042F3	OK		
WATERFALL_ANI	WATERFALL_ANI@BACKGRND	BACKGRND	data	0x000042F4	OK		
WATERFALL	WATERFALL@BACKGRND	BACKGRND	code	0x000042FF	OK		
J262	J262@BACKGRND	BACKGRND	label	0x0000430D	OK		
FWL1A	FWL1A@BACKGRND	BACKGRND	label	0x00004312	OK		
WATERANI_PROC	WATERANI_PROC@BACKGRND	BACKGRND	label	0x00004319	OK		
WATERANI_LP	WATERANI_LP@BACKGRND	BACKGRND	label	0x0000431A	OK		
WATERFALL_SND	WATERFALL_SND@BACKGRND	BACKGRND	label	0x00004324	OK		
WF0	WF0@BACKGRND	BACKGRND	label	0x00004330	OK		
WF1	WF1@BACKGRND	BACKGRND	label	0x00004333	OK		
AMBIENCE_SOUND	AMBIENCE_SOUND		code	0x00004341	OK		
IS_T1	IS_T1@BACKGRND	BACKGRND	label	0x00004348	OK		
NOT_T1	NOT_T1@BACKGRND	BACKGRND	label	0x0000434C	OK		
IS_T2	IS_T2@BACKGRND	BACKGRND	label	0x0000434E	OK		
HEND	HEND@BACKGRND	BACKGRND	label	0x00004351	OK		
NOT_T2	NOT_T2@BACKGRND	BACKGRND	label	0x00004351	OK		
FLAGANII	FLAGANII@BACKGRND	BACKGRND	data	0x00004352	OK		
FLAGANI	FLAGANI@BACKGRND	BACKGRND	data	0x00004353	OK		
FLAGANITALLI	FLAGANITALLI@BACKGRND	BACKGRND	data	0x0000435D	OK		
FLAGANITALL	FLAGANITALL@BACKGRND	BACKGRND	data	0x0000435E	OK		
RUT_ANISI	RUT_ANISI		data	0x00004368	OK		
RUT_ANIS	RUT_ANIS@BACKGRND	BACKGRND	data	0x00004369	OK		
HUNGH_ANISI	HUNGH_ANISI		data	0x0000436D	OK		
HUNGH_ANIS	HUNGH_ANIS@BACKGRND	BACKGRND	data	0x0000436E	OK		
BABE_PALISTI	BABE_PALISTI@BACKGRND	BACKGRND	data	0x00004376	OK		
HUNGH_ANI	HUNGH_ANI		code	0x00004377	OK		
HUNGH_NOPAL	HUNGH_NOPAL@BACKGRND	BACKGRND	label	0x00004396	OK		
HUNGH_ANI_REENTER	HUNGH_ANI_REENTER@BACKGRND	BACKGRND	code	0x0000439F	OK		
PLACE_ON_ROAD	PLACE_ON_ROAD@BACKGRND	BACKGRND	code	0x000043AF	OK		
PORX	PORX@BACKGRND	BACKGRND	label	0x000043BB	OK		
RUT_ANI	RUT_ANI		code	0x000043BC	OK		
DORUT_ANI	DORUT_ANI@BACKGRND	BACKGRND	label	0x000043C2	OK		
PLAINANI_PROC_SLOW	PLAINANI_PROC_SLOW@BACKGRND	BACKGRND	label	0x000043D0	OK		
PLAINANI_LP_SLOW	PLAINANI_LP_SLOW@BACKGRND	BACKGRND	label	0x000043D1	OK		
FLAGWAVE_TALL	FLAGWAVE_TALL@BACKGRND	BACKGRND	code	0x000043DC	OK		
FLAGWAVE	FLAGWAVE@BACKGRND	BACKGRND	code	0x000043EF	OK		
MAKEPPP	MAKEPPP@BACKGRND	BACKGRND	label	0x00004402	OK		
J2	J2@BACKGRND	BACKGRND	label	0x00004406	OK		
FWL1	FWL1@BACKGRND	BACKGRND	label	0x0000440B	OK		
PLAINANI_PROC	PLAINANI_PROC@BACKGRND	BACKGRND	label	0x00004412	OK		
PLAINANI_LP	PLAINANI_LP@BACKGRND	BACKGRND	label	0x00004413	OK		
LOAD_SINGLE_SECTION	LOAD_SINGLE_SECTION		code	0x0000441D	OK		
LS_L12	LS_L12@BACKGRND	BACKGRND	label	0x0000442C	OK		
LS_ACTIVATE_X	LS_ACTIVATE_X@BACKGRND	BACKGRND	label	0x00004445	OK		
OHARE_PLANE	OHARE_PLANE@BACKGRND	BACKGRND	code	0x00004451	OK		
PLANE_FWRD	PLANE_FWRD@BACKGRND	BACKGRND	code	0x00004462	OK		
PLANE_FWL	PLANE_FWL@BACKGRND	BACKGRND	label	0x00004465	OK		
TRAIN_FWRD_MAKEB	TRAIN_FWRD_MAKEB@BACKGRND	BACKGRND	code	0x00004484	OK		
TRAIN_FWRD_MAKE	TRAIN_FWRD_MAKE@BACKGRND	BACKGRND	code	0x00004490	OK		
J87	J87@BACKGRND	BACKGRND	label	0x0000449B	OK		
TRAIN_FWRDB	TRAIN_FWRDB@BACKGRND	BACKGRND	code	0x0000449F	OK		
TRAIN_FWRD	TRAIN_FWRD@BACKGRND	BACKGRND	code	0x000044A6	OK		
J765	J765@BACKGRND	BACKGRND	label	0x000044A9	OK		
TRAIN_FWL	TRAIN_FWL@BACKGRND	BACKGRND	label	0x000044A9	OK		
TRAINX	TRAINX@BACKGRND	BACKGRND	label	0x000044C4	OK		
LOAD_SINGLE_SECTION_OFFSET	LOAD_SINGLE_SECTION_OFFSET		code	0x000044CC	OK		
LS_L12O	LS_L12O@BACKGRND	BACKGRND	label	0x000044DE	OK		
LS_ACTIVATE_XO	LS_ACTIVATE_XO@BACKGRND	BACKGRND	label	0x00004505	OK		
INITIALIZATION_MOTION_CHECK	INITIALIZATION_MOTION_CHECK		code	0x00004541	OK		
JAJA66	JAJA66@MOTION	MOTION	label	0x0000456A	OK		
JAJA887	JAJA887@MOTION	MOTION	label	0x0000456B	OK		
GLLLT	GLLLT@MOTION	MOTION	code	0x0000456E	OK		
SAFETY_ERROR_CHK	SAFETY_ERROR_CHK@MOTION	MOTION	label	0x00004571	OK		
MILOOP2	MILOOP2@MOTION	MOTION	code	0x00004572	OK		
NO_ERRORMIL	NO_ERRORMIL@MOTION	MOTION	label	0x00004585	OK		
LLLT	LLLT@MOTION	MOTION	code	0x00004592	OK		
MILOOP1	MILOOP1@MOTION	MOTION	code	0x00004599	OK		
NO_UP_LIM_YET	NO_UP_LIM_YET@MOTION	MOTION	label	0x000045AE	OK		
NO_UP_SAFETY_ERROR	NO_UP_SAFETY_ERROR@MOTION	MOTION	label	0x000045B6	OK		
GOT_ALL_UPPERS	GOT_ALL_UPPERS@MOTION	MOTION	label	0x000045B8	OK		
LLLLT	LLLLT@MOTION	MOTION	code	0x000045CD	OK		
MILOOP1LOW	MILOOP1LOW@MOTION	MOTION	code	0x000045D0	OK		
NO_LO_LIM_YET	NO_LO_LIM_YET@MOTION	MOTION	label	0x000045E5	OK		
NO_LO_SAFETY_ERROR	NO_LO_SAFETY_ERROR@MOTION	MOTION	label	0x000045ED	OK		
GOT_ALL_LOWERS	GOT_ALL_LOWERS@MOTION	MOTION	label	0x000045EF	OK		
LLLTA	LLLTA@MOTION	MOTION	code	0x000045F5	OK		
SEND_MOTOR_OFF	SEND_MOTOR_OFF		code	0x0000461C	OK		
SEND_MOTOR_OFF_NO_RESET	SEND_MOTOR_OFF_NO_RESET@MOTION	MOTION	code	0x00004626	OK		
MOTOFF_LOOP	MOTOFF_LOOP@MOTION	MOTION	label	0x00004632	OK		
MOTOFF_DONE	MOTOFF_DONE@MOTION	MOTION	label	0x0000464E	OK		
INIT_MOTION_ERROROUT	INIT_MOTION_ERROROUT@MOTION	MOTION	label	0x00004655	OK		
GDLPAA	GDLPAA@MOTION	MOTION	code	0x00004660	OK		
NNE1	NNE1@MOTION	MOTION	label	0x00004685	OK		
FFFD	FFFD@MOTION	MOTION	label	0x0000468C	OK		
BABAID	BABAID@MOTION	MOTION	data	0x00004695	OK		
bbd	bbd@MOTION	MOTION	data	0x00004696	OK		
WAIT500	WAIT500@MOTION	MOTION	code	0x0000469A	OK		
WT500X	WT500X@MOTION	MOTION	label	0x000046A2	OK		
CHECK_MOTION_DIP	CHECK_MOTION_DIP		code	0x000046A4	OK		
CHECK_MOTION_PRESENT	CHECK_MOTION_PRESENT		code	0x000046AE	OK		
DIAG_MOTION_TESTZ	DIAG_MOTION_TESTZ		code	0x000046B2	OK		
DIAG_MOTION_TESTX	DIAG_MOTION_TESTX		code	0x000046B4	OK		
DIAG_MOTION_TESTY	DIAG_MOTION_TESTY		code	0x000046B6	OK		
DIAG_MOTION_BURNIN	DIAG_MOTION_BURNIN		code	0x000046B8	OK		
MOTION_BURNIN_J	MOTION_BURNIN_J@MOTION	MOTION	label	0x000046B9	OK		
MBI_LP	MBI_LP@MOTION	MOTION	label	0x000046CF	OK		
JAJA	JAJA@MOTION	MOTION	label	0x000046DA	OK		
JJ5	JJ5@MOTION	MOTION	label	0x000046E0	OK		
JJ6	JJ6@MOTION	MOTION	label	0x000046E6	OK		
JJ7	JJ7@MOTION	MOTION	label	0x000046EC	OK		
PLMOTION	PLMOTION		code	0x0000473B	OK		
NOCHECK	NOCHECK@MOTION	MOTION	label	0x00004748	OK		
NO_NEW_MOTION_ERRORS	NO_NEW_MOTION_ERRORS@MOTION	MOTION	label	0x00004757	OK		
NO_PREVMOTION_ERRORS	NO_PREVMOTION_ERRORS@MOTION	MOTION	label	0x0000476B	OK		
KKGK	KKGK@MOTION	MOTION	code	0x00004775	OK		
NOTTLRST	NOTTLRST@MOTION	MOTION	label	0x00004785	OK		
KDS	KDS@MOTION	MOTION	code	0x000047B5	OK		
NOTTHIS	NOTTHIS@MOTION	MOTION	label	0x000047B5	OK		
NO_MOTION_ERRORS	NO_MOTION_ERRORS@MOTION	MOTION	label	0x000047B5	OK		
MOTION_SCALE_ENTER	MOTION_SCALE_ENTER@MOTION	MOTION	code	0x000047F9	OK		
N76	N76@MOTION	MOTION	label	0x0000481A	OK		
N77	N77@MOTION	MOTION	label	0x0000482F	OK		
N78	N78@MOTION	MOTION	label	0x00004844	OK		
LEVEL_THE_MOTION	LEVEL_THE_MOTION		code	0x00004845	OK		
SH	SH@MOTION	MOTION	data	0x00004878	OK		
THEPROGL	THEPROGL@MOTION	MOTION	data	0x0000487F	OK		
DOWNLOAD_PROGRAM	DOWNLOAD_PROGRAM@MOTION	MOTION	code	0x000048D5	OK		
IBO654	IBO654@MOTION	MOTION	label	0x000048D5	OK		
DNF	DNF@MOTION	MOTION	label	0x000048DC	OK		
SEND_CMD	SEND_CMD		code	0x000048E3	OK		
LLKK	LLKK@MOTION	MOTION	code	0x000048FF	OK		
REGLP	REGLP@MOTION	MOTION	label	0x00004903	OK		
KKKII	KKKII@MOTION	MOTION	label	0x00004912	OK		
RESET_GALIL	RESET_GALIL		code	0x0000491C	OK		
ABORT_RESET_GALIL	ABORT_RESET_GALIL		code	0x00004947	OK		
MOTION_DLPROG	MOTION_DLPROG		code	0x00004965	OK		
GALIL_ERR1	GALIL_ERR1@MOTION	MOTION	label	0x00004972	OK		
GDLP	GDLP@MOTION	MOTION	code	0x00004978	OK		
GALIL_ERROR	GALIL_ERROR@MOTION	MOTION	label	0x0000498A	OK		
GLP	GLP@MOTION	MOTION	code	0x00004990	OK		
WAITMSEC	WAITMSEC@MOTION	MOTION	code	0x000049A2	OK		
WTMLP	WTMLP@MOTION	MOTION	label	0x000049A3	OK		
CME_MASK	CME_MASK@MOTION	MOTION	data	0x000049A6	OK		
CHECK_MOTION_ERROR	CHECK_MOTION_ERROR@MOTION	MOTION	code	0x000049A7	OK		
CME_NO_MOTION_ERRORS	CME_NO_MOTION_ERRORS@MOTION	MOTION	label	0x000049B4	OK		
CLEAR_LATCH_ERROR	CLEAR_LATCH_ERROR		code	0x000049B8	OK		
LATCH_ERROR	LATCH_ERROR		code	0x000049C2	OK		
G_READY	G_READY@MOTION	MOTION	code	0x000049C9	OK		
G_CHAR	G_CHAR@MOTION	MOTION	code	0x000049DF	OK		
GS0	GS0@MOTION	MOTION	label	0x000049FB	OK		
G_STRING	G_STRING@MOTION	MOTION	code	0x000049FB	OK		
NOTPERR	NOTPERR@MOTION	MOTION	label	0x00004A06	OK		
NOTQSTATUS	NOTQSTATUS@MOTION	MOTION	label	0x00004A11	OK		
NOTQQERRORX	NOTQQERRORX@MOTION	MOTION	label	0x00004A15	OK		
NOTQQERRORY	NOTQQERRORY@MOTION	MOTION	label	0x00004A19	OK		
SHOWENCODER	SHOWENCODER@MOTION	MOTION	label	0x00004A1D	OK		
NOTQQERROR	NOTQQERROR@MOTION	MOTION	code	0x00004A2C	OK		
NOTQQERRORZ	NOTQQERRORZ@MOTION	MOTION	label	0x00004A2C	OK		
GS1	GS1@MOTION	MOTION	label	0x00004A32	OK		
GS2	GS2@MOTION	MOTION	label	0x00004A38	OK		
GSX	GSX@MOTION	MOTION	label	0x00004A3E	OK		
G_HEX	G_HEX@MOTION	MOTION	code	0x00004A3F	OK		
GHX	GHX@MOTION	MOTION	label	0x00004A50	OK		
ASCIIHEX	ASCIIHEX@MOTION	MOTION	code	0x00004A52	OK		
AH1	AH1@MOTION	MOTION	label	0x00004A5B	OK		
ASCERR	ASCERR@MOTION	MOTION	label	0x00004A5D	OK		
WAIT_ACK	WAIT_ACK		code	0x00004A5F	OK		
WAIT_ACK_LOOP	WAIT_ACK_LOOP@MOTION	MOTION	label	0x00004A66	OK		
EXITL2	EXITL2@MOTION	MOTION	label	0x00004A6F	OK		
NO_RESPONSE	NO_RESPONSE@MOTION	MOTION	label	0x00004A71	OK		
WAIT_ACK_REAL	WAIT_ACK_REAL@MOTION	MOTION	code	0x00004A76	OK		
WAR0	WAR0@MOTION	MOTION	label	0x00004A77	OK		
WAR1	WAR1@MOTION	MOTION	label	0x00004A7C	OK		
WAR1L	WAR1L@MOTION	MOTION	label	0x00004A7D	OK		
EXITL2A	EXITL2A@MOTION	MOTION	label	0x00004A82	OK		
UPPER_LIMIT_ERROR	UPPER_LIMIT_ERROR@MOTION	MOTION	label	0x00004A83	OK		
ULLERR	ULLERR@MOTION	MOTION	code	0x00004A88	OK		
ULL1	ULL1@MOTION	MOTION	label	0x00004A9C	OK		
ULL2	ULL2@MOTION	MOTION	label	0x00004AA3	OK		
ULL3	ULL3@MOTION	MOTION	label	0x00004AAA	OK		
LOWER_LIMIT_ERROR	LOWER_LIMIT_ERROR@MOTION	MOTION	label	0x00004AAE	OK		
LLLERR	LLLERR@MOTION	MOTION	code	0x00004AB9	OK		
LLL1	LLL1@MOTION	MOTION	label	0x00004ACD	OK		
LLL2	LLL2@MOTION	MOTION	label	0x00004AD4	OK		
LLL3	LLL3@MOTION	MOTION	label	0x00004ADB	OK		
DATE_STAMP	DATE_STAMP		data	0x00004ADF	OK		
_c_int00	_c_int00		code	0x00004AE6	OK		
LD_RAM	LD_RAM@CUSA	CUSA	label	0x00004B18	OK		
DIAG_RETURN	DIAG_RETURN		label	0x00004B39	OK		
DR1	DR1@CUSA	CUSA	label	0x00004B3C	OK		
LD_RAM2	LD_RAM2@CUSA	CUSA	label	0x00004B50	OK		
NOPEIT	NOPEIT@CUSA	CUSA	label	0x00004BAE	OK		
NODO1	NODO1@CUSA	CUSA	label	0x00004BCA	OK		
MAINLOOP	MAINLOOP@CUSA	CUSA	label	0x00004BD1	OK		
MWAIT0	MWAIT0@CUSA	CUSA	code	0x00004BDF	OK		
MWAIT	MWAIT@CUSA	CUSA	code	0x00004BE5	OK		
ENTER2	ENTER2@CUSA	CUSA	label	0x00004BE7	OK		
DOIT8	DOIT8@CUSA	CUSA	label	0x00004C01	OK		
NHUD	NHUD@CUSA	CUSA	label	0x00004C02	OK		
NODO555	NODO555@CUSA	CUSA	label	0x00004C0E	OK		
COLD_ENTER	COLD_ENTER		label	0x00004C2C	OK		
C_WAIT	C_WAIT@CUSA	CUSA	code	0x00004C3B	OK		
INT0	INT0		code	0x00004C45	OK		
REGIT	REGIT@CUSA	CUSA	label	0x00004C89	OK		
NTEST	NTEST@CUSA	CUSA	label	0x00004C8C	OK		
PAGE1	PAGE1@CUSA	CUSA	label	0x00004C9E	OK		
DN_PAGE	DN_PAGE@CUSA	CUSA	label	0x00004CA0	OK		
NCLRSCR	NCLRSCR@CUSA	CUSA	label	0x00004CA0	OK		
NOSTOPWUPDT	NOSTOPWUPDT@CUSA	CUSA	label	0x00004CA5	OK		
JJ88	JJ88@CUSA	CUSA	label	0x00004CBB	OK		
NOTASEC	NOTASEC@CUSA	CUSA	label	0x00004CC6	OK		
NOTINGAME	NOTINGAME@CUSA	CUSA	code	0x00004CC9	OK		
SWRAMI	SWRAMI@CUSA	CUSA	data	0x00004CFF	OK		
READIO	READIO@CUSA	CUSA	code	0x00004D00	OK		
NIGY	NIGY@CUSA	CUSA	label	0x00004D38	OK		
VOL_MINUS	VOL_MINUS@CUSA	CUSA	code	0x00004D39	OK		
VOL_PLUS	VOL_PLUS@CUSA	CUSA	code	0x00004D4E	OK		
VOLJN	VOLJN@CUSA	CUSA	label	0x00004D62	OK		
DIAG_TOGGLE	DIAG_TOGGLE@CUSA	CUSA	code	0x00004D72	OK		
DTXX	DTXX@CUSA	CUSA	label	0x00004D7E	OK		
ATODINT	ATODINT@CUSA	CUSA	code	0x00004D80	OK		
NOSMOOTH1	NOSMOOTH1@CUSA	CUSA	code	0x00004DAC	OK		
RDFOOT	RDFOOT@CUSA	CUSA	label	0x00004DBB	OK		
RDBRAKE	RDBRAKE@CUSA	CUSA	label	0x00004DDB	OK		
EXITR	EXITR@CUSA	CUSA	label	0x00004DEA	OK		
SWDISP	SWDISP@CUSA	CUSA	code	0x00004DF7	OK		
SWTLP	SWTLP@CUSA	CUSA	label	0x00004DFE	OK		
NOGPROC	NOGPROC@CUSA	CUSA	label	0x00004E08	OK		
SWSTX	SWSTX@CUSA	CUSA	label	0x00004E0A	OK		
SWTABI	SWTABI@CUSA	CUSA	data	0x00004E0B	OK		
SWTAB	SWTAB@CUSA	CUSA	data	0x00004E0C	OK		
CHECKDIAG	CHECKDIAG		code	0x00004E2C	OK		
PBSS_PTR	PBSS_PTR@CUSA	CUSA	data	0x00004E2F	OK		
PBSS_BSSEND	PBSS_BSSEND@CUSA	CUSA	data	0x00004E30	OK		
CLR_PBSS	CLR_PBSS@CUSA	CUSA	code	0x00004E31	OK		
PRAMCLP	PRAMCLP@CUSA	CUSA	label	0x00004E3C	OK		
RAM_PTR	RAM_PTR@CUSA	CUSA	data	0x00004E44	OK		
RAM_BSSEND	RAM_BSSEND@CUSA	CUSA	data	0x00004E45	OK		
CLR_RAM	CLR_RAM		code	0x00004E46	OK		
RAMCLP	RAMCLP@CUSA	CUSA	label	0x00004E51	OK		
CLEAR_ONCHIPRAM	CLEAR_ONCHIPRAM@CUSA	CUSA	code	0x00004E58	OK		
BUTTONS	BUTTONS@CUSA	CUSA	code	0x00004E60	OK		
JUSTGOON	JUSTGOON@CUSA	CUSA	label	0x00004E6E	OK		
BUT3	BUT3@CUSA	CUSA	label	0x00004E72	OK		
NOSTART	NOSTART@CUSA	CUSA	label	0x00004E83	OK		
PAPAFFD	PAPAFFD@CUSA	CUSA	label	0x00004E87	OK		
BUTLITE	BUTLITE@CUSA	CUSA	label	0x00004E88	OK		
KKDAK	KKDAK@CUSA	CUSA	label	0x00004E9D	OK		
FDDDA	FDDDA@CUSA	CUSA	label	0x00004E9F	OK		
DIAG_BUTTONS	DIAG_BUTTONS@CUSA	CUSA	label	0x00004EAC	OK		
DGBT	DGBT@CUSA	CUSA	label	0x00004EBD	OK		
WAIT_FOR_VBLANK	WAIT_FOR_VBLANK		code	0x00004ED8	OK		
WAIT1	WAIT1@CUSA	CUSA	code	0x00004ED9	OK		
CRT_REG_SETUP_STRI	CRT_REG_SETUP_STRI@CUSA	CUSA	data	0x00004EDC	OK		
CRT_REG_SETUP	CRT_REG_SETUP@CUSA	CUSA	code	0x00004EDD	OK		
CRTRGLP	CRTRGLP@CUSA	CUSA	label	0x00004EE9	OK		
ERROR_TRAP	ERROR_TRAP@CUSA	CUSA	code	0x00004EEF	OK		
FIFO_RESET	FIFO_RESET		code	0x00004EF4	OK		
TIMER_RESET	TIMER_RESET		code	0x00004F0A	OK		
TIMER_READ	TIMER_READ		code	0x00004F13	OK		
TIMERAMI	TIMERAMI@CUSA	CUSA	data	0x00004F18	OK		
TIMERESET	TIMERESET@CUSA	CUSA	code	0x00004F19	OK		
TIMELP	TIMELP@CUSA	CUSA	label	0x00004F2C	OK		
TIMEL1	TIMEL1@CUSA	CUSA	label	0x00004F2F	OK		
TIMEREC	TIMEREC@CUSA	CUSA	code	0x00004F38	OK		
MESSAGE1	MESSAGE1@CUSA	CUSA	code	0x00004F43	OK		
DODOIBO	DODOIBO@CUSA	CUSA	label	0x00004F80	OK		
HJSADF	HJSADF@CUSA	CUSA	label	0x00004F83	OK		
MSG1	MSG1@CUSA	CUSA	code	0x00004F9F	OK		
MSG2	MSG2@CUSA	CUSA	code	0x00004FB1	OK		
LINKDISABLED	LINKDISABLED@CUSA	CUSA	data	0x00004FBB	OK		
IAMMASTER	IAMMASTER@CUSA	CUSA	data	0x00004FBC	OK		
IAMSLAVE	IAMSLAVE@CUSA	CUSA	data	0x00004FBD	OK		
TPALI	TPALI@CUSA	CUSA	data	0x00004FBE	OK		
TPALNI	TPALNI@CUSA	CUSA	data	0x00004FBF	OK		
MSG3	MSG3@CUSA	CUSA	code	0x00004FC0	OK		
STATE_TABLE	STATE_TABLE@CUSA	CUSA	data	0x00004FCA	OK		
STATE_TABLEI	STATE_TABLEI@CUSA	CUSA	data	0x00004FD1	OK		
STATE_MASK	STATE_MASK@CUSA	CUSA	data	0x00004FD2	OK		
CHECK_STATE	CHECK_STATE@CUSA	CUSA	code	0x00004FD3	OK		
NEXTSTATE	NEXTSTATE@CUSA	CUSA	label	0x00004FEC	OK		
DODIAG	DODIAG@CUSA	CUSA	label	0x00004FF4	OK		
ABORT_STATE	ABORT_STATE@CUSA	CUSA	label	0x00004FF8	OK		
BUTTONI	BUTTONI@CUSA	CUSA	data	0x00004FFC	OK		
BUTTII	BUTTII@CUSA	CUSA	data	0x00004FFD	OK		
DASHLIGHT	DASHLIGHT@CUSA	CUSA	label	0x00005001	OK		
CMOS_ERROR	CMOS_ERROR@CUSA	CUSA	label	0x00005014	OK		
FLASH_LP	FLASH_LP@CUSA	CUSA	code	0x00005015	OK		
FLASH_LP1	FLASH_LP1@CUSA	CUSA	code	0x0000501C	OK		
VERSION_UPDATE	VERSION_UPDATE@CUSA	CUSA	label	0x0000502B	OK		
VFLASH_LP	VFLASH_LP@CUSA	CUSA	code	0x0000502C	OK		
VFLASH_LP1	VFLASH_LP1@CUSA	CUSA	code	0x00005033	OK		
FAKEDIAG	FAKEDIAG		code	0x00005045	OK		
FEED_WATCHDOG	FEED_WATCHDOG		code	0x0000504E	OK		
FEED_WATCHDOG_HARD	FEED_WATCHDOG_HARD		code	0x00005061	OK		
BSSSTARTI	BSSSTARTI@CUSA	CUSA	data	0x00005074	OK		
VERIFY_CODE_INTEGRITY	VERIFY_CODE_INTEGRITY		code	0x00005075	OK		
RACER_PTRI	RACER_PTRI		data	0x000050B3	OK		
DIFF_CHANGE	DIFF_CHANGE		code	0x000050B5	OK		
GETDIFF	GETDIFF@RACER	RACER	code	0x000050BF	OK		
GD1	GD1@RACER	RACER	label	0x000050CE	OK		
DIFFTABI	DIFFTABI@RACER	RACER	data	0x000050E1	OK		
DIFFTAB	DIFFTAB@RACER	RACER	data	0x000050E2	OK		
RACER_DRONE	RACER_DRONE		code	0x000050F0	OK		
NOTLINKED	NOTLINKED@RACER	RACER	label	0x00005101	OK		
JJKK	JJKK@RACER	RACER	code	0x00005102	OK		
NOOTHERPAL	NOOTHERPAL@RACER	RACER	label	0x0000511A	OK		
NOTLINKED3	NOTLINKED3@RACER	RACER	label	0x0000515F	OK		
RACER_LP	RACER_LP@RACER	RACER	label	0x0000515F	OK		
RACE_ON	RACE_ON@RACER	RACER	label	0x00005165	OK		
CKSTEALTH	CKSTEALTH@RACER	RACER	label	0x0000516B	OK		
NUTRACK	NUTRACK@RACER	RACER	label	0x0000518D	OK		
ONTRACK	ONTRACK@RACER	RACER	label	0x00005194	OK		
ROADTRAK1	ROADTRAK1@RACER	RACER	label	0x000051A6	OK		
NODIV	NODIV@RACER	RACER	label	0x000051C1	OK		
NOTURN	NOTURN@RACER	RACER	label	0x000051DA	OK		
RACER_SLP	RACER_SLP@RACER	RACER	label	0x000051E2	OK		
NOTLINKED4	NOTLINKED4@RACER	RACER	code	0x000051E4	OK		
RACE_FIN	RACE_FIN@RACER	RACER	code	0x000051E7	OK		
RACFIN1	RACFIN1@RACER	RACER	label	0x000051F3	OK		
RACEDONE	RACEDONE@RACER	RACER	label	0x000051FA	OK		
RD0	RD0@RACER	RACER	label	0x00005206	OK		
RDL	RDL@RACER	RACER	label	0x0000520F	OK		
CKPCOL	CKPCOL@RACER	RACER	code	0x00005219	OK		
CKPX	CKPX@RACER	RACER	label	0x0000522C	OK		
HI_STEALTH	HI_STEALTH@RACER	RACER	data	0x0000522D	OK		
HI_STLP	HI_STLP@RACER	RACER	label	0x00005234	OK		
HI_ST_END	HI_ST_END@RACER	RACER	label	0x00005245	OK		
LO_STEALTH	LO_STEALTH@RACER	RACER	data	0x0000524A	OK		
LO_STLP	LO_STLP@RACER	RACER	label	0x00005251	OK		
REENTER	REENTER@RACER	RACER	label	0x00005261	OK		
CKTRANSLO	CKTRANSLO@RACER	RACER	code	0x0000527A	OK		
CKTLX	CKTLX@RACER	RACER	label	0x0000527E	OK		
CKTRANSHI	CKTRANSHI@RACER	RACER	code	0x0000527F	OK		
CKTHX	CKTHX@RACER	RACER	label	0x00005283	OK		
CKRANGE	CKRANGE@RACER	RACER	code	0x00005284	OK		
CKRFAIL	CKRFAIL@RACER	RACER	label	0x0000528B	OK		
COMPTRAK	COMPTRAK		code	0x0000528D	OK		
SEND_RACER_XSFER	SEND_RACER_XSFER@RACER	RACER	label	0x00005294	OK		
DECODE_RACER_XSFER	DECODE_RACER_XSFER		code	0x0000529D	OK		
LINKREC1	LINKREC1@RACER	RACER	label	0x000052BF	OK		
LINKREC3	LINKREC3@RACER	RACER	label	0x000052C7	OK		
LINKRECX	LINKRECX@RACER	RACER	label	0x000052C9	OK		
HI_STEALTHI	HI_STEALTHI@RACER	RACER	data	0x000052CA	OK		
LO_STEALTHI	LO_STEALTHI@RACER	RACER	data	0x000052CB	OK		
ACTIVE_XSFERI	ACTIVE_XSFERI@RACER	RACER	data	0x000052CC	OK		
ACTIVE_XSFER	ACTIVE_XSFER@RACER	RACER	data	0x000052CD	OK		
STEALTH_UPDATE	STEALTH_UPDATE@RACER	RACER	code	0x000052DD	OK		
STLUP1	STLUP1@RACER	RACER	label	0x000052F1	OK		
GETPOWER	GETPOWER@RACER	RACER	code	0x00005309	OK		
PDIST	PDIST@RACER	RACER	label	0x0000531F	OK		
PDIST1	PDIST1@RACER	RACER	label	0x00005324	OK		
PDIST1A	PDIST1A@RACER	RACER	label	0x00005331	OK		
PDIST1B	PDIST1B@RACER	RACER	label	0x00005333	OK		
PDIST2	PDIST2@RACER	RACER	label	0x0000533C	OK		
GETSURGE	GETSURGE@RACER	RACER	label	0x0000533F	OK		
POWERX	POWERX@RACER	RACER	label	0x0000534B	OK		
GETSTSPD	GETSTSPD@RACER	RACER	code	0x00005350	OK		
GETSP22	GETSP22@RACER	RACER	code	0x00005377	OK		
GETSPD2	GETSPD2@RACER	RACER	code	0x00005378	OK		
GSL0	GSL0@RACER	RACER	label	0x00005380	OK		
FIND_DYNA	FIND_DYNA		code	0x00005385	OK		
FDL	FDL@RACER	RACER	label	0x00005386	OK		
FDLX	FDLX@RACER	RACER	label	0x00005390	OK		
FIND_MAP	FIND_MAP@RACER	RACER	code	0x00005391	OK		
FIND_LP	FIND_LP@RACER	RACER	label	0x00005393	OK		
FINDX	FINDX@RACER	RACER	code	0x00005396	OK		
CKAHEAD	CKAHEAD		code	0x0000539A	OK		
ROADOBSTABI	ROADOBSTABI@RACER	RACER	data	0x000053B1	OK		
CARSCAN	CARSCAN		code	0x000053B2	OK		
OBSCL	OBSCL@RACER	RACER	label	0x000053B4	OK		
OBSCLP	OBSCLP@RACER	RACER	label	0x000053BC	OK		
OBSCX	OBSCX@RACER	RACER	label	0x000053BE	OK		
PLSCAN	PLSCAN		code	0x000053BF	OK		
WACKER	WACKER@RACER	RACER	data	0x000053C5	OK		
LAKEL	LAKEL@RACER	RACER	data	0x000053C6	OK		
OBSTABINIT	OBSTABINIT		code	0x000053C7	OK		
OILP00	OILP00@RACER	RACER	label	0x000053DD	OK		
OI1	OI1@RACER	RACER	label	0x000053DF	OK		
OI10	OI10@RACER	RACER	label	0x000053E4	OK		
OILP0	OILP0@RACER	RACER	label	0x000053E7	OK		
OI2	OI2@RACER	RACER	label	0x000053E9	OK		
OI4	OI4@RACER	RACER	label	0x000053F4	OK		
OILP	OILP@RACER	RACER	label	0x000053FD	OK		
OIX	OIX@RACER	RACER	label	0x000053FE	OK		
GETRDOFFSET	GETRDOFFSET		code	0x000053FF	OK		
S00	S00@RACER	RACER	label	0x00005421	OK		
S000	S000@RACER	RACER	label	0x00005421	OK		
SR00	SR00@RACER	RACER	label	0x00005427	OK		
SR0	SR0@RACER	RACER	label	0x0000542A	OK		
FOUNDR	FOUNDR@RACER	RACER	label	0x00005432	OK		
LEFTSCAN	LEFTSCAN@RACER	RACER	label	0x00005434	OK		
SL00	SL00@RACER	RACER	label	0x00005442	OK		
SL0	SL0@RACER	RACER	label	0x00005443	OK		
FOUNDL	FOUNDL@RACER	RACER	label	0x0000544B	OK		
DONE	DONE@RACER	RACER	label	0x0000544D	OK		
ROXX	ROXX@RACER	RACER	code	0x00005462	OK		
FAIL	FAIL@RACER	RACER	label	0x00005463	OK		
OK	OK@RACER	RACER	label	0x00005464	OK		
CARCHEK	CARCHEK@RACER	RACER	code	0x00005466	OK		
SIDECKX	SIDECKX@RACER	RACER	label	0x00005483	OK		
GOTONE	GOTONE@RACER	RACER	label	0x000054AF	OK		
LOADLP	LOADLP@RACER	RACER	label	0x000054CA	OK		
LOADLPX	LOADLPX@RACER	RACER	label	0x000054CB	OK		
CARCHKX	CARCHKX@RACER	RACER	label	0x000054CD	OK		
GETPV	GETPV@RACER	RACER	code	0x000054CF	OK		
GETWIDTH	GETWIDTH@RACER	RACER	code	0x000054DA	OK		
RPASS	RPASS@RACER	RACER	code	0x000054F0	OK		
RPASS1	RPASS1@RACER	RACER	label	0x000054F6	OK		
RPASS2	RPASS2@RACER	RACER	label	0x00005507	OK		
RPASS3	RPASS3@RACER	RACER	label	0x0000550C	OK		
RPASS4	RPASS4@RACER	RACER	label	0x0000551E	OK		
RPASSX	RPASSX@RACER	RACER	label	0x00005521	OK		
SPOS_INIT	SPOS_INIT		code	0x00005522	OK		
LOOP56	LOOP56@RACER	RACER	label	0x0000552C	OK		
LOOP56A	LOOP56A@RACER	RACER	label	0x0000553E	OK		
OFFANDDONE	OFFANDDONE@RACER	RACER	label	0x0000554B	OK		
L874	L874@RACER	RACER	code	0x0000554C	OK		
WRECKST	WRECKST		code	0x00005568	OK		
WRKST1	WRKST1@RACER	RACER	label	0x00005574	OK		
WRECK	WRECK		code	0x0000558C	OK		
WRECK1	WRECK1@RACER	RACER	label	0x000055B1	OK		
WRECKSLP	WRECKSLP@RACER	RACER	label	0x000055C2	OK		
ATTRACT_DELTA	ATTRACT_DELTA		code	0x000055C3	OK		
aDELTA_LOOP	aDELTA_LOOP@ATTRDRNE	ATTRDRNE	label	0x000055E5	OK		
ADELTA2	ADELTA2@ATTRDRNE	ATTRDRNE	label	0x000055E7	OK		
ADELTA2A	ADELTA2A@ATTRDRNE	ATTRDRNE	label	0x000055EE	OK		
DELTA_LOOP_ENTRY	DELTA_LOOP_ENTRY@ATTRDRNE	ATTRDRNE	label	0x000055F1	OK		
sDELTA_LOOP	sDELTA_LOOP@ATTRDRNE	ATTRDRNE	label	0x000055F5	OK		
NO_OBJINS	NO_OBJINS@ATTRDRNE	ATTRDRNE	label	0x000055FB	OK		
LOGO_PROC	LOGO_PROC		code	0x000055FF	OK		
LOGO_LOOP1	LOGO_LOOP1@ATTRDRNE	ATTRDRNE	code	0x00005613	OK		
LOGO2	LOGO2@ATTRDRNE	ATTRDRNE	label	0x0000562C	OK		
LOGOX	LOGOX@ATTRDRNE	ATTRDRNE	label	0x00005644	OK		
GET_LIST_ADDR	GET_LIST_ADDR@ATTRDRNE	ATTRDRNE	code	0x00005645	OK		
INIT_STARTING	INIT_STARTING@ATTRDRNE	ATTRDRNE	code	0x00005649	OK		
INIT_WATCH	INIT_WATCH@ATTRDRNE	ATTRDRNE	code	0x00005658	OK		
INIW1	INIW1@ATTRDRNE	ATTRDRNE	label	0x0000565E	OK		
INIW2	INIW2@ATTRDRNE	ATTRDRNE	label	0x00005664	OK		
INIT_REVERS_CUP	INIT_REVERS_CUP@ATTRDRNE	ATTRDRNE	code	0x00005696	OK		
INIT_CATCHUP	INIT_CATCHUP@ATTRDRNE	ATTRDRNE	code	0x000056A5	OK		
INIT_LEAD	INIT_LEAD@ATTRDRNE	ATTRDRNE	code	0x000056B4	OK		
INITROAD_VIEW	INITROAD_VIEW@ATTRDRNE	ATTRDRNE	code	0x000056C3	OK		
TRY_AGAIN	TRY_AGAIN@ATTRDRNE	ATTRDRNE	label	0x000056D9	OK		
OK_FOUNDIT	OK_FOUNDIT@ATTRDRNE	ATTRDRNE	label	0x000056DF	OK		
WATCH_VIEW	WATCH_VIEW@ATTRDRNE	ATTRDRNE	code	0x000056EA	OK		
WV1	WV1@ATTRDRNE	ATTRDRNE	code	0x000056F5	OK		
NO_WHOOSH	NO_WHOOSH@ATTRDRNE	ATTRDRNE	label	0x0000570A	OK		
REV_ROAD_VIEW	REV_ROAD_VIEW@ATTRDRNE	ATTRDRNE	code	0x0000570B	OK		
ROAD_VIEW	ROAD_VIEW@ATTRDRNE	ATTRDRNE	code	0x00005714	OK		
RV1A	RV1A@ATTRDRNE	ATTRDRNE	label	0x00005721	OK		
RV1B	RV1B@ATTRDRNE	ATTRDRNE	label	0x00005728	OK		
RV1	RV1@ATTRDRNE	ATTRDRNE	label	0x00005731	OK		
LEAD_VIEW	LEAD_VIEW@ATTRDRNE	ATTRDRNE	code	0x00005735	OK		
MOVE_ROAD_CAMERA	MOVE_ROAD_CAMERA@ATTRDRNE	ATTRDRNE	code	0x0000573E	OK		
MRC1	MRC1@ATTRDRNE	ATTRDRNE	label	0x00005743	OK		
USE_SLOPE	USE_SLOPE@ATTRDRNE	ATTRDRNE	label	0x0000576E	OK		
NO_SLOPE	NO_SLOPE@ATTRDRNE	ATTRDRNE	label	0x0000578C	OK		
MRCX	MRCX@ATTRDRNE	ATTRDRNE	label	0x00005792	OK		
NEXT_ROAD	NEXT_ROAD@ATTRDRNE	ATTRDRNE	code	0x00005793	OK		
fcrx	fcrx@ATTRDRNE	ATTRDRNE	label	0x000057A8	OK		
GETCAMDIR	GETCAMDIR@ATTRDRNE	ATTRDRNE	code	0x000057A9	OK		
SET_LANE	SET_LANE@ATTRDRNE	ATTRDRNE	code	0x000057D3	OK		
SL1	SL1@ATTRDRNE	ATTRDRNE	code	0x000057D9	OK		
SL2	SL2@ATTRDRNE	ATTRDRNE	label	0x000057E2	OK		
INIT_LANE	INIT_LANE@ATTRDRNE	ATTRDRNE	code	0x000057E4	OK		
DO_LANE_POS	DO_LANE_POS@ATTRDRNE	ATTRDRNE	code	0x000057E7	OK		
GET_ROAD_RADY	GET_ROAD_RADY@ATTRDRNE	ATTRDRNE	code	0x00005800	OK		
FIND_RACER	FIND_RACER@ATTRDRNE	ATTRDRNE	code	0x00005815	OK		
FR0	FR0@ATTRDRNE	ATTRDRNE	code	0x00005820	OK		
FR1	FR1@ATTRDRNE	ATTRDRNE	label	0x00005823	OK		
FR2A	FR2A@ATTRDRNE	ATTRDRNE	label	0x0000582F	OK		
FR2	FR2@ATTRDRNE	ATTRDRNE	code	0x00005832	OK		
FR2B	FR2B@ATTRDRNE	ATTRDRNE	code	0x00005835	OK		
FRX	FRX@ATTRDRNE	ATTRDRNE	label	0x00005838	OK		
FRXX	FRXX@ATTRDRNE	ATTRDRNE	label	0x00005841	OK		
FIND_CLOSEST_RACER	FIND_CLOSEST_RACER@ATTRDRNE	ATTRDRNE	code	0x00005843	OK		
FCR1	FCR1@ATTRDRNE	ATTRDRNE	label	0x0000584B	OK		
FCRX	FCRX@ATTRDRNE	ATTRDRNE	label	0x0000586A	OK		
FIND_TRACK	FIND_TRACK@ATTRDRNE	ATTRDRNE	code	0x0000586C	OK		
FDL	FDL@ATTRDRNE	ATTRDRNE	label	0x0000586D	OK		
FDLX	FDLX@ATTRDRNE	ATTRDRNE	label	0x00005873	OK		
GET_MAP_CARBLK	GET_MAP_CARBLK@ATTRDRNE	ATTRDRNE	code	0x00005874	OK		
GMSX	GMSX@ATTRDRNE	ATTRDRNE	label	0x0000587D	OK		
FIND_MAP	FIND_MAP@ATTRDRNE	ATTRDRNE	code	0x0000587F	OK		
FIND_LP	FIND_LP@ATTRDRNE	ATTRDRNE	label	0x00005881	OK		
FINDX	FINDX@ATTRDRNE	ATTRDRNE	code	0x00005884	OK		
INITVIEW1_VIEW	INITVIEW1_VIEW@ATTRDRNE	ATTRDRNE	code	0x00005886	OK		
CUT_TO_VIEW2	CUT_TO_VIEW2@ATTRDRNE	ATTRDRNE	code	0x0000588E	OK		
INITVIEW2_VIEW	INITVIEW2_VIEW@ATTRDRNE	ATTRDRNE	code	0x00005899	OK		
INITVIEW3_VIEW	INITVIEW3_VIEW@ATTRDRNE	ATTRDRNE	code	0x000058A1	OK		
FACE_FRONT	FACE_FRONT@ATTRDRNE	ATTRDRNE	code	0x000058A8	OK		
FIRST_PERSON	FIRST_PERSON@ATTRDRNE	ATTRDRNE	code	0x000058AD	OK		
SECOND_PERSON	SECOND_PERSON@ATTRDRNE	ATTRDRNE	label	0x000058D2	OK		
FFX1	FFX1@ATTRDRNE	ATTRDRNE	label	0x000058DD	OK		
FFX2	FFX2@ATTRDRNE	ATTRDRNE	label	0x000058DE	OK		
FFX3	FFX3@ATTRDRNE	ATTRDRNE	label	0x000058E7	OK		
FFX4	FFX4@ATTRDRNE	ATTRDRNE	code	0x000058EB	OK		
FFX	FFX@ATTRDRNE	ATTRDRNE	label	0x000058F3	OK		
SMOOTH_VECTOR	SMOOTH_VECTOR@ATTRDRNE	ATTRDRNE	code	0x000058F5	OK		
SV1	SV1@ATTRDRNE	ATTRDRNE	label	0x000058FF	OK		
SVX	SVX@ATTRDRNE	ATTRDRNE	label	0x00005901	OK		
SERIOUSLY_NORMALIZE	SERIOUSLY_NORMALIZE@ATTRDRNE	ATTRDRNE	code	0x00005902	OK		
NORM_VECTOR	NORM_VECTOR@ATTRDRNE	ATTRDRNE	code	0x0000590D	OK		
SET_SMOOTH_VIEW	SET_SMOOTH_VIEW@ATTRDRNE	ATTRDRNE	label	0x00005914	OK		
SMOOTH_VIEW	SMOOTH_VIEW@ATTRDRNE	ATTRDRNE	label	0x00005921	OK		
SMOOTH_VIEWX	SMOOTH_VIEWX@ATTRDRNE	ATTRDRNE	label	0x0000593D	OK		
ZOOMACCEL	ZOOMACCEL@ATTRDRNE	ATTRDRNE	data	0x0000593E	OK		
ZOOM_CAMERA	ZOOM_CAMERA@ATTRDRNE	ATTRDRNE	code	0x0000593F	OK		
ZOOMLP	ZOOMLP@ATTRDRNE	ATTRDRNE	label	0x00005950	OK		
ZOOM1	ZOOM1@ATTRDRNE	ATTRDRNE	label	0x0000595D	OK		
ZOOMX	ZOOMX@ATTRDRNE	ATTRDRNE	label	0x00005967	OK		
UPDATE_CAMERA	UPDATE_CAMERA@ATTRDRNE	ATTRDRNE	code	0x00005968	OK		
loopA	loopA@ATTRDRNE	ATTRDRNE	label	0x0000597F	OK		
SMOOTH_MATRIX	SMOOTH_MATRIX@ATTRDRNE	ATTRDRNE	label	0x00005981	OK		
loop	loop@ATTRDRNE	ATTRDRNE	label	0x00005988	OK		
UPCAMX	UPCAMX@ATTRDRNE	ATTRDRNE	label	0x00005989	OK		
CAMERA_HORIZON_PROJECTION	CAMERA_HORIZON_PROJECTION@ATTRDRNE	ATTRDRNE	code	0x0000598D	OK		
INIT_ATTR_LEG	INIT_ATTR_LEG@ATTRDRNE	ATTRDRNE	code	0x00005994	OK		
DOTEST	DOTEST@ATTRDRNE	ATTRDRNE	label	0x0000599C	OK		
NO_MUSIC	NO_MUSIC@ATTRDRNE	ATTRDRNE	label	0x000059A2	OK		
ATTR_INIT_GAMELEG	ATTR_INIT_GAMELEG@ATTRDRNE	ATTRDRNE	code	0x000059DA	OK		
LOAD_ATTR_LEG	LOAD_ATTR_LEG		code	0x00005A0E	OK		
EPALR	EPALR		data	0x00005A15	OK		
EPALL	EPALL		data	0x00005A16	OK		
CHOOSE_TRANSMISSION	CHOOSE_TRANSMISSION		code	0x00005A17	OK		
LGF7	LGF7@TRANS	TRANS	code	0x00005A38	OK		
CTLP	CTLP@TRANS	TRANS	label	0x00005A50	OK		
CTLPX	CTLPX@TRANS	TRANS	label	0x00005A66	OK		
IJH	IJH@TRANS	TRANS	code	0x00005AC7	OK		
WHEEL_FROM_BELOW	WHEEL_FROM_BELOW@TRANS	TRANS	code	0x00005AEC	OK		
CENTERTHEONE	CENTERTHEONE@TRANS	TRANS	code	0x00005AF9	OK		
CTOLP	CTOLP@TRANS	TRANS	code	0x00005B05	OK		
FLYUPL	FLYUPL@TRANS	TRANS	label	0x00005B10	OK		
DROPTHETURN	DROPTHETURN		code	0x00005B24	OK		
DROPTHECYCLE	DROPTHECYCLE		code	0x00005B26	OK		
DROPTHEWHEEL	DROPTHEWHEEL		code	0x00005B28	OK		
DROPTHEOTHER	DROPTHEOTHER		code	0x00005B2A	OK		
J85	J85@TRANS	TRANS	label	0x00005B2E	OK		
J86	J86@TRANS	TRANS	code	0x00005B30	OK		
DTOLP	DTOLP@TRANS	TRANS	code	0x00005B32	OK		
SIDE_DOOR	SIDE_DOOR		code	0x00005B3A	OK		
DOLS	DOLS@TRANS	TRANS	code	0x00005B3C	OK		
NTLTS	NTLTS@TRANS	TRANS	label	0x00005B4B	OK		
DOLSX	DOLSX@TRANS	TRANS	label	0x00005B4F	OK		
DOORLISTI	DOORLISTI		data	0x00005B50	OK		
DO_LPPX	DO_LPPX@TRANS	TRANS	data	0x00005B51	OK		
DO_PPZ	DO_PPZ@TRANS	TRANS	data	0x00005B52	OK		
DO_RPPX	DO_RPPX@TRANS	TRANS	data	0x00005B53	OK		
DOOR_OPENING	DOOR_OPENING		code	0x00005B54	OK		
DOL	DOL@TRANS	TRANS	code	0x00005B5C	OK		
NOTLEFT	NOTLEFT@TRANS	TRANS	label	0x00005B78	OK		
KJL	KJL@TRANS	TRANS	label	0x00005B8B	OK		
DOLX	DOLX@TRANS	TRANS	label	0x00005B8C	OK		
SNAPCURSOR	SNAPCURSOR@TRANS	TRANS	code	0x00005B8D	OK		
WHEEL_ROUT	WHEEL_ROUT		code	0x00005B91	OK		
ISR	ISR@TRANS	TRANS	label	0x00005B9E	OK		
ISL	ISL@TRANS	TRANS	label	0x00005BA7	OK		
ISLT	ISLT@TRANS	TRANS	label	0x00005BAB	OK		
ISDN2	ISDN2@TRANS	TRANS	label	0x00005BB3	OK		
NUTHIN	NUTHIN@TRANS	TRANS	label	0x00005BC7	OK		
DOOR_ELEMENT_DELETE_ALL	DOOR_ELEMENT_DELETE_ALL		code	0x00005BC8	OK		
DEDL	DEDL@TRANS	TRANS	code	0x00005BC9	OK		
DEDX	DEDX@TRANS	TRANS	label	0x00005BD0	OK		
DOOR_ELEMENT_DELETE	DOOR_ELEMENT_DELETE		code	0x00005BD3	OK		
DELLP	DELLP@TRANS	TRANS	code	0x00005BD7	OK		
FREEDE_X	FREEDE_X@TRANS	TRANS	label	0x00005BDE	OK		
TRANSCHOICE	TRANSCHOICE		code	0x00005BE1	OK		
GET_UNIT_WHEEL	GET_UNIT_WHEEL		code	0x00005BEA	OK		
TILE_PIECES	TILE_PIECES@TRANS	TRANS	code	0x00005BF5	OK		
TP_LP	TP_LP@TRANS	TRANS	code	0x00005BF8	OK		
FIX_TRANSMISSION_SCREEN	FIX_TRANSMISSION_SCREEN		code	0x00005C16	OK		
FTSL	FTSL@TRANS	TRANS	code	0x00005C1A	OK		
NOTFRNT	NOTFRNT@TRANS	TRANS	label	0x00005C3D	OK		
NOT366	NOT366@TRANS	TRANS	label	0x00005C50	OK		
NOTCURSOR	NOTCURSOR@TRANS	TRANS	label	0x00005C58	OK		
NOTLEN	NOTLEN@TRANS	TRANS	label	0x00005C5D	OK		
NOTREN	NOTREN@TRANS	TRANS	label	0x00005C62	OK		
NOTMAN	NOTMAN@TRANS	TRANS	label	0x00005C80	OK		
NOTAUTO	NOTAUTO@TRANS	TRANS	label	0x00005C9E	OK		
NOTPTCYC	NOTPTCYC@TRANS	TRANS	label	0x00005CB5	OK		
NOTWHELTOSEL	NOTWHELTOSEL@TRANS	TRANS	label	0x00005CCC	OK		
FTSLX	FTSLX@TRANS	TRANS	label	0x00005CCE	OK		
MOVE_PUSH_BOX	MOVE_PUSH_BOX@TRANS	TRANS	code	0x00005CD0	OK		
MVPBL	MVPBL@TRANS	TRANS	code	0x00005CD3	OK		
TRNTABI	TRNTABI@TRANS	TRANS	data	0x00005CE3	OK		
TRNTAB	TRNTAB@TRANS	TRANS	data	0x00005CE4	OK		
TURNTO_SELECT	TURNTO_SELECT		label	0x00005CEB	OK		
TURNLP	TURNLP@TRANS	TRANS	code	0x00005CEC	OK		
CYCTABI	CYCTABI@TRANS	TRANS	data	0x00005CF3	OK		
CYCTAB	CYCTAB@TRANS	TRANS	data	0x00005CF4	OK		
CYCLE_PUSH	CYCLE_PUSH		label	0x00005CFB	OK		
CYCLP	CYCLP@TRANS	TRANS	label	0x00005CFE	OK		
ADD_TO_DOOR_LIST	ADD_TO_DOOR_LIST		code	0x00005D08	OK		
ENGINE_COLOR_INIT	ENGINE_COLOR_INIT		code	0x00005D0C	OK		
L342	L342@TRANS	TRANS	code	0x00005D16	OK		
L343	L343@TRANS	TRANS	code	0x00005D25	OK		
ENGINE_COLOR	ENGINE_COLOR		code	0x00005D2B	OK		
L894	L894@TRANS	TRANS	code	0x00005D40	OK		
L894D	L894D@TRANS	TRANS	code	0x00005DA8	OK		
UNFOLDMAP	UNFOLDMAP		code	0x00005E0B	OK		
UNFOLDMAP_NOPAL	UNFOLDMAP_NOPAL		code	0x00005E0C	OK		
UNFOLD_LP	UNFOLD_LP@MAP	MAP	code	0x00005E55	OK		
FOLDMAP	FOLDMAP		code	0x00005EEB	OK		
FOLD_LP	FOLD_LP@MAP	MAP	code	0x00005F33	OK		
CLEAR_MAP_PALS	CLEAR_MAP_PALS		code	0x00005FCC	OK		
IBOIBO	IBOIBO@MAP	MAP	label	0x00005FD1	OK		
MAPPAL_ILLUM_INIT	MAPPAL_ILLUM_INIT@MAP	MAP	code	0x00005FD7	OK		
L342	L342@MAP	MAP	code	0x00005FE3	OK		
FORMULA1	FORMULA1@MAP	MAP	data	0x00005FEC	OK		
MAP_ILLUM_COMPUTE	MAP_ILLUM_COMPUTE@MAP	MAP	code	0x00005FED	OK		
MAPPAL_ILLUM	MAPPAL_ILLUM@MAP	MAP	code	0x00005FFD	OK		
L894	L894@MAP	MAP	code	0x00006015	OK		
JAJA4	JAJA4@MAP	MAP	label	0x0000605E	OK		
L894D	L894D@MAP	MAP	code	0x00006068	OK		
JAJA5	JAJA5@MAP	MAP	label	0x000060B1	OK		
COLONI	COLONI@MAP	MAP	data	0x000060C0	OK		
COLON	COLON@MAP	MAP	data	0x000060C1	OK		
lap_bufferI	lap_bufferI@MAP	MAP	data	0x000060C2	OK		
tmp_bufferI	tmp_bufferI@MAP	MAP	data	0x000060C3	OK		
TIME2STR	TIME2STR		code	0x000060C4	OK		
MINFACT	MINFACT@MAP	MAP	data	0x000060E5	OK		
SECFACT	SECFACT@MAP	MAP	data	0x000060E6	OK		
HUNFACT	HUNFACT@MAP	MAP	data	0x000060E7	OK		
CVTTIME	CVTTIME		code	0x000060E8	OK		
RADAR_PLOT	RADAR_PLOT		code	0x0000610A	OK		
RADAR_LP	RADAR_LP@MAP	MAP	label	0x00006128	OK		
GL14	GL14@MAP	MAP	label	0x00006181	OK		
GL15	GL15@MAP	MAP	label	0x00006197	OK		
ISBEHIND	ISBEHIND@MAP	MAP	label	0x000061A9	OK		
DADA4	DADA4@MAP	MAP	label	0x000061B0	OK		
NOTTHEOPLYR	NOTTHEOPLYR@MAP	MAP	label	0x000061B4	OK		
RADAR_X	RADAR_X@MAP	MAP	label	0x000061CE	OK		
NODOAP	NODOAP@MAP	MAP	label	0x000061EB	OK		
CHIPTEST_TABLE	CHIPTEST_TABLE@MEMTEST	MEMTEST	data	0x000061EE	OK		
STATIC_TABLE	STATIC_TABLE@MEMTEST	MEMTEST	data	0x00006218	OK		
TESTING_CHIPS	TESTING_CHIPS@MEMTEST	MEMTEST	data	0x00006234	OK		
CMOS_CHIP	CMOS_CHIP@MEMTEST	MEMTEST	data	0x000062F9	OK		
TEST_STATIC_CHIPS	TEST_STATIC_CHIPS		code	0x00006300	OK		
TSTBL1A	TSTBL1A@MEMTEST	MEMTEST	code	0x0000630B	OK		
GET_AR4_DIGITS	GET_AR4_DIGITS@MEMTEST	MEMTEST	code	0x00006322	OK		
R1R2ZER	R1R2ZER@MEMTEST	MEMTEST	label	0x00006335	OK		
R3ZERO	R3ZERO@MEMTEST	MEMTEST	label	0x00006336	OK		
NZERO	NZERO@MEMTEST	MEMTEST	label	0x00006337	OK		
BLINK_AND_CONTINUE	BLINK_AND_CONTINUE@MEMTEST	MEMTEST	code	0x00006338	OK		
IS_STATIC_ERROR	IS_STATIC_ERROR@MEMTEST	MEMTEST	label	0x00006349	OK		
ELOOP	ELOOP@MEMTEST	MEMTEST	label	0x0000634A	OK		
LLED_ON	LLED_ON@MEMTEST	MEMTEST	code	0x0000634C	OK		
LLED_OFF	LLED_OFF@MEMTEST	MEMTEST	code	0x00006353	OK		
BLINK_DIGITS	BLINK_DIGITS@MEMTEST	MEMTEST	code	0x0000635A	OK		
BDL1	BDL1@MEMTEST	MEMTEST	code	0x00006363	OK		
BDL1X	BDL1X@MEMTEST	MEMTEST	label	0x00006370	OK		
BDL2	BDL2@MEMTEST	MEMTEST	code	0x00006379	OK		
BDL2X	BDL2X@MEMTEST	MEMTEST	label	0x00006386	OK		
BDL3	BDL3@MEMTEST	MEMTEST	code	0x0000638F	OK		
BDL3X	BDL3X@MEMTEST	MEMTEST	label	0x0000639C	OK		
TEST_CHIPS	TEST_CHIPS		code	0x000063AC	OK		
TESTLP1	TESTLP1@MEMTEST	MEMTEST	label	0x000063C4	OK		
CHECK_AS_RAM	CHECK_AS_RAM@MEMTEST	MEMTEST	label	0x000063D2	OK		
DN_CHK	DN_CHK@MEMTEST	MEMTEST	label	0x000063E3	OK		
TEST_CHIPSX	TEST_CHIPSX@MEMTEST	MEMTEST	label	0x000063FB	OK		
PLOT_OUTLINE_OF_CHIPS	PLOT_OUTLINE_OF_CHIPS@MEMTEST	MEMTEST	code	0x000063FD	OK		
POOCL	POOCL@MEMTEST	MEMTEST	label	0x000063FE	OK		
CMOS_CHIP_DISPLAY	CMOS_CHIP_DISPLAY@MEMTEST	MEMTEST	code	0x00006417	OK		
CMOS_CHIP_TEST	CMOS_CHIP_TEST@MEMTEST	MEMTEST	code	0x0000642E	OK		
KKLL1	KKLL1@MEMTEST	MEMTEST	code	0x0000643E	OK		
RND2	RND2@MEMTEST	MEMTEST	label	0x00006451	OK		
CM_ISERROR	CM_ISERROR@MEMTEST	MEMTEST	label	0x00006456	OK		
KKJJ	KKJJ@MEMTEST	MEMTEST	label	0x00006458	OK		
TEST_BASICS	TEST_BASICS@MEMTEST	MEMTEST	code	0x00006478	OK		
TSTBL1	TSTBL1@MEMTEST	MEMTEST	code	0x0000647B	OK		
TSTBL2	TSTBL2@MEMTEST	MEMTEST	code	0x000064EF	OK		
TSTBL2C	TSTBL2C@MEMTEST	MEMTEST	code	0x0000650C	OK		
RAMTEST	RAMTEST@MEMTEST	MEMTEST	code	0x00006527	OK		
RAMTEST_REAL	RAMTEST_REAL@MEMTEST	MEMTEST	data	0x00006529	OK		
RAMTST0	RAMTST0@MEMTEST	MEMTEST	code	0x00006542	OK		
RAMTST1	RAMTST1@MEMTEST	MEMTEST	code	0x00006544	OK		
LKKK	LKKK@MEMTEST	MEMTEST	code	0x0000654D	OK		
RAMTST3	RAMTST3@MEMTEST	MEMTEST	code	0x00006557	OK		
JJJH	JJJH@MEMTEST	MEMTEST	code	0x00006565	OK		
RAMRPT	RAMRPT@MEMTEST	MEMTEST	code	0x00006568	OK		
ENDING	ENDING@MEMTEST	MEMTEST	label	0x0000656A	OK		
RAMERR	RAMERR@MEMTEST	MEMTEST	label	0x00006571	OK		
COPY_RAMTEST	COPY_RAMTEST@MEMTEST	MEMTEST	code	0x00006573	OK		
RAMTEST_END	RAMTEST_END@MEMTEST	MEMTEST	data	0x00006573	OK		
BBCP	BBCP@MEMTEST	MEMTEST	label	0x0000657B	OK		
GENERATE_CHECKSUM	GENERATE_CHECKSUM@MEMTEST	MEMTEST	code	0x0000657D	OK		
CHKSUMG	CHKSUMG@MEMTEST	MEMTEST	label	0x00006590	OK		
POSITION_FINDER	POSITION_FINDER		code	0x000065CA	OK		
FIND_PLAYERS_POSITION	FIND_PLAYERS_POSITION		code	0x000065D0	OK		
FPPLP	FPPLP@DRONES	DRONES	label	0x000065D7	OK		
NNEG	NNEG@DRONES	DRONES	label	0x000065DE	OK		
FPP1	FPP1@DRONES	DRONES	label	0x000065F4	OK		
FPP2	FPP2@DRONES	DRONES	label	0x000065FC	OK		
KKDKA	KKDKA@DRONES	DRONES	code	0x0000660F	OK		
NXTLP1	NXTLP1@DRONES	DRONES	label	0x00006610	OK		
NXTLP	NXTLP@DRONES	DRONES	label	0x00006612	OK		
FPPX	FPPX@DRONES	DRONES	label	0x00006615	OK		
SIGMA_DISPATCHER	SIGMA_DISPATCHER		code	0x00006618	OK		
CONTIN	CONTIN@DRONES	DRONES	label	0x0000661B	OK		
SIGDSP_LP	SIGDSP_LP@DRONES	DRONES	label	0x0000661D	OK		
SG_DISP_S	SG_DISP_S@DRONES	DRONES	label	0x00006622	OK		
OV1	OV1@DRONES	DRONES	label	0x00006637	OK		
OV2	OV2@DRONES	DRONES	label	0x0000663C	OK		
DOIT	DOIT@DRONES	DRONES	label	0x0000663E	OK		
NOTYET	NOTYET@DRONES	DRONES	code	0x00006643	OK		
DRONE_PTR_ADD	DRONE_PTR_ADD		code	0x00006653	OK		
DRONE_CLR	DRONE_CLR		code	0x00006661	OK		
RHO_DISPATCHER	RHO_DISPATCHER		code	0x00006664	OK		
RHOPSL	RHOPSL@DRONES	DRONES	label	0x00006670	OK		
BEGIN_RELEASING	BEGIN_RELEASING@DRONES	DRONES	label	0x0000667E	OK		
RHO_DLP	RHO_DLP@DRONES	DRONES	label	0x0000667E	OK		
NKLD	NKLD@DRONES	DRONES	label	0x00006683	OK		
TF_DISP_S	TF_DISP_S@DRONES	DRONES	label	0x00006687	OK		
OV1R	OV1R@DRONES	DRONES	label	0x0000669B	OK		
OV2R	OV2R@DRONES	DRONES	label	0x000066A0	OK		
DOITR	DOITR@DRONES	DRONES	label	0x000066A2	OK		
CK_LINK_DISP	CK_LINK_DISP@DRONES	DRONES	code	0x000066AB	OK		
NOGO	NOGO@DRONES	DRONES	label	0x000066B3	OK		
GODISP	GODISP@DRONES	DRONES	label	0x000066B5	OK		
SET_DRONE_PAL	SET_DRONE_PAL		code	0x000066B7	OK		
NO_EPALS	NO_EPALS@DRONES	DRONES	label	0x000066CF	OK		
GET_LANES	GET_LANES		code	0x000066D2	OK		
GL_LP	GL_LP@DRONES	DRONES	code	0x000066D9	OK		
GL_FND	GL_FND@DRONES	DRONES	label	0x000066E1	OK		
DIST_TO_PLYR	DIST_TO_PLYR		code	0x000066E7	OK		
INIT_TRACKING_PIECE	INIT_TRACKING_PIECE		code	0x000066FB	OK		
LPP	LPP@DRONES	DRONES	code	0x000066FE	OK		
GET_TRACK_POS_RVS_XLANE	GET_TRACK_POS_RVS_XLANE		code	0x00006706	OK		
GET_TRACK_POS_RVS	GET_TRACK_POS_RVS		code	0x0000670E	OK		
DELTA_GET_TRACK_POS	DELTA_GET_TRACK_POS		code	0x00006716	OK		
GET_TRACK_POS	GET_TRACK_POS		code	0x0000671E	OK		
TRACK_PIECE	TRACK_PIECE@DRONES	DRONES	code	0x00006724	OK		
TRKP2	TRKP2@DRONES	DRONES	label	0x00006725	OK		
DISTANCE_OK	DISTANCE_OK@DRONES	DRONES	code	0x0000672D	OK		
SF_ENTER2	SF_ENTER2@DRONES	DRONES	label	0x00006740	OK		
DELTA_JOININ	DELTA_JOININ@DRONES	DRONES	label	0x00006754	OK		
DELTA_SUB_FUNCTION	DELTA_SUB_FUNCTION		code	0x0000676B	OK		
SFENTER66	SFENTER66@DRONES	DRONES	label	0x00006771	OK		
INIT_DRONES	INIT_DRONES		code	0x0000677F	OK		
ADD_DRONE	ADD_DRONE		code	0x0000678D	OK		
FREE_DRONE	FREE_DRONE		code	0x00006796	OK		
FREELP	FREELP@DRONES	DRONES	code	0x0000679B	OK		
FREEDR_X	FREEDR_X@DRONES	DRONES	label	0x000067A5	OK		
EXP_PUFF	EXP_PUFF		code	0x000067A9	OK		
EXP_PUFFLP	EXP_PUFFLP@DRONES	DRONES	label	0x000067C4	OK		
EXP_DIE	EXP_DIE@DRONES	DRONES	label	0x000067D7	OK		
EXP_ANII	EXP_ANII@DRONES	DRONES	data	0x000067DA	OK		
PRECOLLIDE_PLYR	PRECOLLIDE_PLYR		code	0x000067DB	OK		
IS_IMMINENT	IS_IMMINENT@DRONES	DRONES	code	0x0000680A	OK		
NOT_IMMINENT	NOT_IMMINENT@DRONES	DRONES	label	0x0000680C	OK		
DRONE_RIDE_RIGHT	DRONE_RIDE_RIGHT		code	0x0000680E	OK		
PLYR_RIDE_RIGHT	PLYR_RIDE_RIGHT		code	0x00006817	OK		
RIDE_RIGHT_JOININ	RIDE_RIGHT_JOININ@DRONES	DRONES	label	0x00006823	OK		
PRR_NONRITE	PRR_NONRITE@DRONES	DRONES	code	0x00006841	OK		
PRR_ONRITE	PRR_ONRITE@DRONES	DRONES	label	0x00006843	OK		
PRR_X	PRR_X@DRONES	DRONES	label	0x00006844	OK		
SMOKE_PUFF	SMOKE_PUFF		code	0x0000684D	OK		
SMOKE_PUFFLP	SMOKE_PUFFLP@DRONES	DRONES	label	0x0000686C	OK		
SMOKE_DIE	SMOKE_DIE@DRONES	DRONES	label	0x00006881	OK		
SMOKE_ANII	SMOKE_ANII@DRONES	DRONES	data	0x00006887	OK		
DROP_COCONUTS	DROP_COCONUTS		code	0x00006888	OK		
NSND1	NSND1@DRONES	DRONES	label	0x000068A5	OK		
DROPLP	DROPLP@DRONES	DRONES	label	0x000068C2	OK		
NOTINITIAL	NOTINITIAL@DRONES	DRONES	label	0x000068E6	OK		
LLKK	LLKK@DRONES	DRONES	label	0x000068EE	OK		
FRSL	FRSL@DRONES	DRONES	label	0x00006902	OK		
NSND2	NSND2@DRONES	DRONES	label	0x00006902	OK		
HOLDTOSLEEP	HOLDTOSLEEP@DRONES	DRONES	label	0x00006905	OK		
DROPCOCOKILL	DROPCOCOKILL@DRONES	DRONES	label	0x0000690A	OK		
MODELTABI	MODELTABI		data	0x00006910	OK		
MODELTAB	MODELTAB@DRONES	DRONES	data	0x00006911	OK		
TEXTTABSI	TEXTTABSI		data	0x00006915	OK		
TEXTTABS	TEXTTABS@DRONES	DRONES	data	0x00006916	OK		
TITLES	TITLES		data	0x0000691A	OK		
AHEAD_OF_PLAYER_P	AHEAD_OF_PLAYER_P		code	0x0000691F	OK		
ISBEHIND	ISBEHIND@DRONES	DRONES	label	0x0000693C	OK		
AHEADOF	AHEADOF@DRONES	DRONES	label	0x00006941	OK		
PLYRROADKILL	PLYRROADKILL		code	0x00006946	OK		
FINDLP	FINDLP@ROADKILL	ROADKILL	label	0x0000694C	OK		
PLYRKX	PLYRKX@ROADKILL	ROADKILL	label	0x00006953	OK		
CHECK_COLLISION	CHECK_COLLISION@ROADKILL	ROADKILL	code	0x00006957	OK		
CCOLLX	CCOLLX@ROADKILL	ROADKILL	label	0x00006967	OK		
CHECK_OFFSET	CHECK_OFFSET@ROADKILL	ROADKILL	code	0x00006968	OK		
COFFX	COFFX@ROADKILL	ROADKILL	label	0x00006982	OK		
ROADKILL_FLYERP	ROADKILL_FLYERP		code	0x00006984	OK		
NORMAL_ROADKILL	NORMAL_ROADKILL@ROADKILL	ROADKILL	label	0x0000698F	OK		
RKFP	RKFP@ROADKILL	ROADKILL	label	0x00006997	OK		
RKFPX	RKFPX@ROADKILL	ROADKILL	label	0x00006998	OK		
ROADKILL_HIT	ROADKILL_HIT		code	0x0000699C	OK		
DO_PLYR	DO_PLYR@ROADKILL	ROADKILL	label	0x000069B7	OK		
PKQ	PKQ@ROADKILL	ROADKILL	label	0x000069BD	OK		
ROADKILL_SETKILL	ROADKILL_SETKILL		code	0x000069C2	OK		
RS1	RS1@ROADKILL	ROADKILL	code	0x000069CE	OK		
NNWAY	NNWAY@ROADKILL	ROADKILL	label	0x000069D0	OK		
OBJ_MOVE_GROUND	OBJ_MOVE_GROUND		code	0x000069D3	OK		
OMGX	OMGX@ROADKILL	ROADKILL	label	0x000069EB	OK		
GET_ROADKILL_TRACK	GET_ROADKILL_TRACK		code	0x000069EC	OK		
GRT_FF	GRT_FF@ROADKILL	ROADKILL	code	0x000069F0	OK		
OUT_OF_TRACK	OUT_OF_TRACK@ROADKILL	ROADKILL	label	0x000069F5	OK		
PROC_COUNT	PROC_COUNT		code	0x00006A01	OK		
PCLP	PCLP@ROADKILL	ROADKILL	label	0x00006A04	OK		
PC1	PC1@ROADKILL	ROADKILL	label	0x00006A09	OK		
COW_SPAWNER_PROC	COW_SPAWNER_PROC		code	0x00006A0C	OK		
CSPSLEEP	CSPSLEEP@ROADKILL	ROADKILL	label	0x00006A17	OK		
CSPLP	CSPLP@ROADKILL	ROADKILL	label	0x00006A1C	OK		
CSPX	CSPX@ROADKILL	ROADKILL	label	0x00006A29	OK		
COW_PROC	COW_PROC@ROADKILL	ROADKILL	code	0x00006A2A	OK		
COW_WAIT	COW_WAIT@ROADKILL	ROADKILL	label	0x00006A31	OK		
COW_SLEEP	COW_SLEEP@ROADKILL	ROADKILL	label	0x00006A44	OK		
COW_DIE	COW_DIE@ROADKILL	ROADKILL	label	0x00006A47	OK		
DEER_SPAWNER_PROC	DEER_SPAWNER_PROC		label	0x00006A48	OK		
DSPLP	DSPLP@ROADKILL	ROADKILL	label	0x00006A51	OK		
DSPX	DSPX@ROADKILL	ROADKILL	label	0x00006A5E	OK		
DEER_PROC	DEER_PROC@ROADKILL	ROADKILL	code	0x00006A5F	OK		
DEERANI_LOOP	DEERANI_LOOP@ROADKILL	ROADKILL	label	0x00006A63	OK		
DEER_SLEEP	DEER_SLEEP@ROADKILL	ROADKILL	code	0x00006A67	OK		
DEER_DIE	DEER_DIE@ROADKILL	ROADKILL	label	0x00006A6A	OK		
INIT_DEER	INIT_DEER@ROADKILL	ROADKILL	code	0x00006A6B	OK		
INIT_COW	INIT_COW@ROADKILL	ROADKILL	code	0x00006A6D	OK		
INIT_DEERX	INIT_DEERX@ROADKILL	ROADKILL	label	0x00006A90	OK		
DEER_EXPLODE	DEER_EXPLODE		code	0x00006A91	OK		
MAKE_PARTSLP	MAKE_PARTSLP@ROADKILL	ROADKILL	label	0x00006A9C	OK		
DEER_EXPX	DEER_EXPX@ROADKILL	ROADKILL	label	0x00006AB3	OK		
NO_NEG	NO_NEG@ROADKILL	ROADKILL	label	0x00006AC1	OK		
NO_SPINOUT	NO_SPINOUT@ROADKILL	ROADKILL	label	0x00006ACC	OK		
MAKE_NOCOLL	MAKE_NOCOLL@ROADKILL	ROADKILL	code	0x00006AD1	OK		
DEER_BLOOD_PROC	DEER_BLOOD_PROC@ROADKILL	ROADKILL	code	0x00006AD7	OK		
DBP_LP	DBP_LP@ROADKILL	ROADKILL	label	0x00006AF4	OK		
DBP_DONE	DBP_DONE@ROADKILL	ROADKILL	code	0x00006AFB	OK		
DBP_DIE	DBP_DIE@ROADKILL	ROADKILL	label	0x00006AFD	OK		
FLYING_PARTS	FLYING_PARTS		code	0x00006AFE	OK		
FLY_PARTS	FLY_PARTS@ROADKILL	ROADKILL	code	0x00006B04	OK		
FLY_PARTSX	FLY_PARTSX@ROADKILL	ROADKILL	label	0x00006B3E	OK		
GEESE_SPAWNER	GEESE_SPAWNER		label	0x00006B3F	OK		
GOOSE_ME	GOOSE_ME@ROADKILL	ROADKILL	label	0x00006B46	OK		
SHIT_ANII	SHIT_ANII@ROADKILL	ROADKILL	data	0x00006B57	OK		
GEESE_PROC	GEESE_PROC@ROADKILL	ROADKILL	code	0x00006B58	OK		
NO_XOFFSET	NO_XOFFSET@ROADKILL	ROADKILL	label	0x00006B80	OK		
GEESERST	GEESERST@ROADKILL	ROADKILL	code	0x00006B88	OK		
GEESELP	GEESELP@ROADKILL	ROADKILL	label	0x00006B89	OK		
OFF_MAP	OFF_MAP@ROADKILL	ROADKILL	code	0x00006BB5	OK		
GEESE_SLEEP	GEESE_SLEEP@ROADKILL	ROADKILL	code	0x00006BC6	OK		
NO_SPLAT	NO_SPLAT@ROADKILL	ROADKILL	label	0x00006BFB	OK		
GEESE_DONE	GEESE_DONE@ROADKILL	ROADKILL	label	0x00006BFC	OK		
GEESE_DIE	GEESE_DIE@ROADKILL	ROADKILL	label	0x00006C00	OK		
BUG_ANII	BUG_ANII@ROADKILL	ROADKILL	data	0x00006C01	OK		
BUG_SPAWNER_PROC	BUG_SPAWNER_PROC		label	0x00006C02	OK		
BSPLP	BSPLP@ROADKILL	ROADKILL	label	0x00006C0B	OK		
BSPX	BSPX@ROADKILL	ROADKILL	label	0x00006C1F	OK		
SPLAT_PROC	SPLAT_PROC@ROADKILL	ROADKILL	code	0x00006C20	OK		
SPLAT_LP	SPLAT_LP@ROADKILL	ROADKILL	label	0x00006C38	OK		
SPLAT_LP1	SPLAT_LP1@ROADKILL	ROADKILL	code	0x00006C50	OK		
SPLAT_LP2	SPLAT_LP2@ROADKILL	ROADKILL	label	0x00006C5F	OK		
SPLAT_DONE	SPLAT_DONE@ROADKILL	ROADKILL	label	0x00006C78	OK		
SPLAT_DIE	SPLAT_DIE@ROADKILL	ROADKILL	code	0x00006C7A	OK		
DELETE_SPLAT	DELETE_SPLAT		code	0x00006C7D	OK		
DBSLP	DBSLP@ROADKILL	ROADKILL	label	0x00006C7D	OK		
DBSX	DBSX@ROADKILL	ROADKILL	label	0x00006C83	OK		
NEXT_ROAD	NEXT_ROAD@ROADKILL	ROADKILL	code	0x00006C84	OK		
NEXT_ROADLP	NEXT_ROADLP@ROADKILL	ROADKILL	label	0x00006C87	OK		
NEXTRX	NEXTRX@ROADKILL	ROADKILL	label	0x00006C9F	OK		
GET_ROAD_RADY	GET_ROAD_RADY@ROADKILL	ROADKILL	code	0x00006CA1	OK		
FIND_MAP	FIND_MAP@ROADKILL	ROADKILL	code	0x00006CB0	OK		
FIND_LP	FIND_LP@ROADKILL	ROADKILL	label	0x00006CB2	OK		
FINDX	FINDX@ROADKILL	ROADKILL	code	0x00006CB5	OK		
CRUISE	CRUISE@TRACKSEL	TRACKSEL	data	0x00006CB7	OK		
CRUISE2	CRUISE2@TRACKSEL	TRACKSEL	data	0x00006CB8	OK		
CRUISE3	CRUISE3@TRACKSEL	TRACKSEL	data	0x00006CB9	OK		
TRACK_SELECTION	TRACK_SELECTION		code	0x00006CBA	OK		
KK5	KK5@TRACKSEL	TRACKSEL	code	0x00006CC9	OK		
HOLD4LOAD	HOLD4LOAD@TRACKSEL	TRACKSEL	label	0x00006CE0	OK		
NOT_RACE1	NOT_RACE1@TRACKSEL	TRACKSEL	label	0x00006CF2	OK		
MOTION_SCREWED	MOTION_SCREWED		label	0x00006D0E	OK		
LLKJ	LLKJ@TRACKSEL	TRACKSEL	code	0x00006D10	OK		
JAJAD	JAJAD@TRACKSEL	TRACKSEL	label	0x00006D4B	OK		
NOT1ST	NOT1ST@TRACKSEL	TRACKSEL	label	0x00006D60	OK		
TOJOIN	TOJOIN@TRACKSEL	TRACKSEL	label	0x00006D6D	OK		
NOBUYIN77	NOBUYIN77@TRACKSEL	TRACKSEL	label	0x00006D73	OK		
PRAPA	PRAPA@TRACKSEL	TRACKSEL	label	0x00006D81	OK		
BABO	BABO@TRACKSEL	TRACKSEL	code	0x00006D82	OK		
PRAJHFS	PRAJHFS@TRACKSEL	TRACKSEL	label	0x00006D87	OK		
TRACK_SEL_LP	TRACK_SEL_LP@TRACKSEL	TRACKSEL	label	0x00006D89	OK		
NOWAY	NOWAY@TRACKSEL	TRACKSEL	label	0x00006D94	OK		
TSLPX	TSLPX@TRACKSEL	TRACKSEL	label	0x00006DB0	OK		
FEEDBACKLP	FEEDBACKLP@TRACKSEL	TRACKSEL	label	0x00006DB9	OK		
NOTYETLNKD	NOTYETLNKD@TRACKSEL	TRACKSEL	label	0x00006DC7	OK		
JJKKA	JJKKA@TRACKSEL	TRACKSEL	code	0x00006DCF	OK		
LKGGA	LKGGA@TRACKSEL	TRACKSEL	label	0x00006DD1	OK		
ALLDNA	ALLDNA@TRACKSEL	TRACKSEL	label	0x00006DD5	OK		
KAKAF	KAKAF@TRACKSEL	TRACKSEL	label	0x00006DDF	OK		
NOTUSA_RACE	NOTUSA_RACE@TRACKSEL	TRACKSEL	label	0x00006DEF	OK		
NO_HID1	NO_HID1@TRACKSEL	TRACKSEL	label	0x00006E02	OK		
JJ2	JJ2@TRACKSEL	TRACKSEL	label	0x00006E0A	OK		
BOUGHRAU	BOUGHRAU@TRACKSEL	TRACKSEL	label	0x00006E0B	OK		
CLEANUP_TRACKSEL_PALS	CLEANUP_TRACKSEL_PALS		code	0x00006E26	OK		
RESTORE_HIDDEN	RESTORE_HIDDEN@TRACKSEL	TRACKSEL	code	0x00006E29	OK		
HIDDEN_TRACKS	HIDDEN_TRACKS@TRACKSEL	TRACKSEL	code	0x00006E38	OK		
NHT1	NHT1@TRACKSEL	TRACKSEL	label	0x00006E4D	OK		
NHT2	NHT2@TRACKSEL	TRACKSEL	label	0x00006E5F	OK		
NHT3	NHT3@TRACKSEL	TRACKSEL	label	0x00006E73	OK		
HIDDTX	HIDDTX@TRACKSEL	TRACKSEL	label	0x00006E79	OK		
GET_RACE_IDX	GET_RACE_IDX@TRACKSEL	TRACKSEL	code	0x00006E7A	OK		
NDDR	NDDR@TRACKSEL	TRACKSEL	label	0x00006E7F	OK		
NSND	NSND@TRACKSEL	TRACKSEL	label	0x00006E85	OK		
R55	R55@TRACKSEL	TRACKSEL	label	0x00006E8F	OK		
R56	R56@TRACKSEL	TRACKSEL	label	0x00006E95	OK		
R66	R66@TRACKSEL	TRACKSEL	label	0x00006E9A	OK		
NH	NH@TRACKSEL	TRACKSEL	label	0x00006E9D	OK		
KK88	KK88@TRACKSEL	TRACKSEL	label	0x00006E9F	OK		
NOTTHEWH	NOTTHEWH@TRACKSEL	TRACKSEL	label	0x00006ECC	OK		
ZOOMINP	ZOOMINP@TRACKSEL	TRACKSEL	code	0x00006ECD	OK		
ZITSP	ZITSP@TRACKSEL	TRACKSEL	code	0x00006ECE	OK		
NOWAY543	NOWAY543@TRACKSEL	TRACKSEL	label	0x00006ED4	OK		
ZOOMIN_TSEL	ZOOMIN_TSEL@TRACKSEL	TRACKSEL	code	0x00006EDB	OK		
ZISL	ZISL@TRACKSEL	TRACKSEL	code	0x00006EDC	OK		
JJDD	JJDD@TRACKSEL	TRACKSEL	label	0x00006EE8	OK		
HGF	HGF@TRACKSEL	TRACKSEL	label	0x00006EF0	OK		
HHFFD	HHFFD@TRACKSEL	TRACKSEL	label	0x00006EF6	OK		
ZIX	ZIX@TRACKSEL	TRACKSEL	label	0x00006EF7	OK		
FIX_TRACK_SCREEN	FIX_TRACK_SCREEN@TRACKSEL	TRACKSEL	code	0x00006EF8	OK		
FTSL	FTSL@TRACKSEL	TRACKSEL	code	0x00006EFC	OK		
NSC	NSC@TRACKSEL	TRACKSEL	label	0x00006F18	OK		
NTRM1	NTRM1@TRACKSEL	TRACKSEL	label	0x00006F23	OK		
NWHEL1	NWHEL1@TRACKSEL	TRACKSEL	label	0x00006F2E	OK		
NBC	NBC@TRACKSEL	TRACKSEL	label	0x00006F39	OK		
NAS	NAS@TRACKSEL	TRACKSEL	label	0x00006F45	OK		
NN77	NN77@TRACKSEL	TRACKSEL	label	0x00006F4A	OK		
NN88	NN88@TRACKSEL	TRACKSEL	label	0x00006F4F	OK		
FTSLX	FTSLX@TRACKSEL	TRACKSEL	label	0x00006F53	OK		
TSEL_ZOOMOUTP	TSEL_ZOOMOUTP@TRACKSEL	TRACKSEL	code	0x00006F55	OK		
JJKKD	JJKKD@TRACKSEL	TRACKSEL	label	0x00006F5C	OK		
LLGF	LLGF@TRACKSEL	TRACKSEL	label	0x00006F5D	OK		
TSLLP	TSLLP@TRACKSEL	TRACKSEL	code	0x00006F65	OK		
CENTER_THEONE	CENTER_THEONE@TRACKSEL	TRACKSEL	code	0x00006F6D	OK		
CTOLP	CTOLP@TRACKSEL	TRACKSEL	code	0x00006F6F	OK		
CTOLPB	CTOLPB@TRACKSEL	TRACKSEL	code	0x00006F7A	OK		
CENTER_SUB1	CENTER_SUB1@TRACKSEL	TRACKSEL	code	0x00006F85	OK		
K89	K89@TRACKSEL	TRACKSEL	label	0x00006F90	OK		
K99	K99@TRACKSEL	TRACKSEL	label	0x00006F91	OK		
TSEL_ZOOMOUT	TSEL_ZOOMOUT@TRACKSEL	TRACKSEL	code	0x00006F9A	OK		
JJKK	JJKK@TRACKSEL	TRACKSEL	code	0x00006F9C	OK		
LKGG	LKGG@TRACKSEL	TRACKSEL	label	0x00006F9E	OK		
ALLDN	ALLDN@TRACKSEL	TRACKSEL	label	0x00006FB0	OK		
ANIMATE_MAP_TABI	ANIMATE_MAP_TABI@TRACKSEL	TRACKSEL	data	0x00006FB1	OK		
ANIMATE_MAP_TAB	ANIMATE_MAP_TAB@TRACKSEL	TRACKSEL	data	0x00006FB2	OK		
ANIMATE_MAP	ANIMATE_MAP@TRACKSEL	TRACKSEL	code	0x00006FB7	OK		
AMLP	AMLP@TRACKSEL	TRACKSEL	label	0x00006FB8	OK		
TRACK_SEL_CURSOR	TRACK_SEL_CURSOR@TRACKSEL	TRACKSEL	code	0x00006FBE	OK		
TURNANI	TURNANI@TRACKSEL	TRACKSEL	data	0x00006FD4	OK		
GET_TURNOBJ	GET_TURNOBJ@TRACKSEL	TRACKSEL	code	0x00006FDB	OK		
GETTOLP	GETTOLP@TRACKSEL	TRACKSEL	label	0x00006FE4	OK		
JIJI	JIJI@TRACKSEL	TRACKSEL	label	0x00006FEC	OK		
TRACK_SELECTION_LISTI	TRACK_SELECTION_LISTI@TRACKSEL	TRACKSEL	data	0x00006FF0	OK		
TRACK_SELECTION_LIST	TRACK_SELECTION_LIST@TRACKSEL	TRACKSEL	data	0x00006FF1	OK		
BOILERPLATE_INIT	BOILERPLATE_INIT		code	0x00006FFF	OK		
BOILERPLATE	BOILERPLATE@TRACKSEL	TRACKSEL	code	0x00007006	OK		
BOILERPLATE_DELETE	BOILERPLATE_DELETE@TRACKSEL	TRACKSEL	code	0x0000700E	OK		
OBJSTRI	OBJSTRI		data	0x00007015	OK		
OBJ_INIT	OBJ_INIT		code	0x00007016	OK		
OINITL	OINITL@OBJ	OBJ	label	0x0000702E	OK		
OBJ_GETE	OBJ_GETE		code	0x00007035	OK		
NOT_ILLUM	NOT_ILLUM@OBJ	OBJ	label	0x00007042	OK		
NOT_1PAL	NOT_1PAL@OBJ	OBJ	label	0x0000704C	OK		
OBJ_GET	OBJ_GET		code	0x00007050	OK		
NOOBJ	NOOBJ@OBJ	OBJ	label	0x00007078	OK		
GETDIST	GETDIST@OBJ	OBJ	code	0x00007083	OK		
OBJ_INSERTP	OBJ_INSERTP		code	0x0000709B	OK		
INSOBJLP	INSOBJLP@OBJ	OBJ	label	0x000070A5	OK		
INS_AT_ENDP	INS_AT_ENDP@OBJ	OBJ	label	0x000070AB	OK		
OBJ_INSERTLP	OBJ_INSERTLP		code	0x000070B2	OK		
OBJ_INSERTHP	OBJ_INSERTHP		code	0x000070B8	OK		
OBJ_INSERT	OBJ_INSERT		code	0x000070BE	OK		
INSIDLE	INSIDLE@OBJ	OBJ	label	0x000070C8	OK		
INSACT	INSACT@OBJ	OBJ	label	0x000070D0	OK		
INSOBJL	INSOBJL@OBJ	OBJ	label	0x000070D5	OK		
INS_AT_END	INS_AT_END@OBJ	OBJ	label	0x000070DB	OK		
INSOBJX	INSOBJX@OBJ	OBJ	label	0x000070DD	OK		
OBJ_FIND_FIRST_PRIORITY	OBJ_FIND_FIRST_PRIORITY		code	0x000070E3	OK		
OBJ_FIND_FIRST	OBJ_FIND_FIRST		code	0x000070E6	OK		
L89	L89@OBJ	OBJ	label	0x000070E8	OK		
FF_LP	FF_LP@OBJ	OBJ	label	0x000070EA	OK		
FF_ERR	FF_ERR@OBJ	OBJ	label	0x000070EF	OK		
FF_OK	FF_OK@OBJ	OBJ	label	0x000070F2	OK		
OBJ_FREE_GROUND	OBJ_FREE_GROUND		code	0x000070F5	OK		
OBJ_FREE_SIGN	OBJ_FREE_SIGN		code	0x000070FA	OK		
DELSLP	DELSLP@OBJ	OBJ	label	0x000070FE	OK		
NOT_ON_SUPPXLIST	NOT_ON_SUPPXLIST@OBJ	OBJ	label	0x0000710D	OK		
OBJ_FREE_DRIVE	OBJ_FREE_DRIVE		code	0x00007110	OK		
DELRLP	DELRLP@OBJ	OBJ	code	0x00007114	OK		
NOT_ON_SUPPROADLIST	NOT_ON_SUPPROADLIST@OBJ	OBJ	label	0x00007123	OK		
OBJ_FREE_PROC	OBJ_FREE_PROC		code	0x00007126	OK		
OBJ_DELETE	OBJ_DELETE		code	0x0000712B	OK		
DYNDEL	DYNDEL@OBJ	OBJ	code	0x00007134	OK		
NOTDYNAMIC	NOTDYNAMIC@OBJ	OBJ	label	0x0000713B	OK		
DELLP	DELLP@OBJ	OBJ	code	0x00007151	OK		
DELOBJX	DELOBJX@OBJ	OBJ	label	0x00007169	OK		
OBJ_DELETE_CLASS	OBJ_DELETE_CLASS		code	0x0000716E	OK		
ODC	ODC@OBJ	OBJ	code	0x00007176	OK		
ODCL2	ODCL2@OBJ	OBJ	code	0x00007179	OK		
ODCX	ODCX@OBJ	OBJ	label	0x00007183	OK		
OBJ_PULL	OBJ_PULL		code	0x0000718A	OK		
PULLP	PULLP@OBJ	OBJ	label	0x00007195	OK		
PULOBJ_X	PULOBJ_X@OBJ	OBJ	label	0x000071A7	OK		
OBJ_FREE	OBJ_FREE		code	0x000071AC	OK		
ZSORTWT	ZSORTWT		code	0x000071B2	OK		
ZSORTWL	ZSORTWL@OBJ	OBJ	label	0x000071B4	OK		
ZSWTLP	ZSWTLP@OBJ	OBJ	label	0x000071BC	OK		
DOSWAP	DOSWAP@OBJ	OBJ	code	0x000071C2	OK		
ZWPRIOK	ZWPRIOK@OBJ	OBJ	label	0x000071CE	OK		
ZSWTX	ZSWTX@OBJ	OBJ	label	0x000071D4	OK		
ZSWTXX	ZSWTXX@OBJ	OBJ	label	0x000071D4	OK		
PLYRDLINK	PLYRDLINK@OBJ	OBJ	code	0x000071DE	OK		
PSORTNXT	PSORTNXT@OBJ	OBJ	label	0x000071DF	OK		
PSORTL	PSORTL@OBJ	OBJ	code	0x000071E4	OK		
PDLINKX	PDLINKX@OBJ	OBJ	label	0x000071E8	OK		
PLYRSORT	PLYRSORT@OBJ	OBJ	code	0x000071EA	OK		
PSRT1L	PSRT1L@OBJ	OBJ	label	0x000071F3	OK		
PSRT2A	PSRT2A@OBJ	OBJ	label	0x000071FF	OK		
PSRT2	PSRT2@OBJ	OBJ	label	0x00007203	OK		
PSRT1NXT	PSRT1NXT@OBJ	OBJ	label	0x00007208	OK		
PSORTX	PSORTX@OBJ	OBJ	label	0x0000720E	OK		
DRONESORT	DRONESORT@OBJ	OBJ	code	0x0000720F	OK		
DSORTL	DSORTL@OBJ	OBJ	label	0x00007213	OK		
DSORTNXT	DSORTNXT@OBJ	OBJ	label	0x0000721B	OK		
DSORTX	DSORTX@OBJ	OBJ	code	0x00007220	OK		
NXTDRONE	NXTDRONE@OBJ	OBJ	label	0x00007222	OK		
DSORTL1	DSORTL1@OBJ	OBJ	label	0x0000724E	OK		
DSORTL1X	DSORTL1X@OBJ	OBJ	label	0x00007250	OK		
DSORTL2	DSORTL2@OBJ	OBJ	label	0x00007256	OK		
DZSORTUP	DZSORTUP@OBJ	OBJ	label	0x00007259	OK		
DSLP1	DSLP1@OBJ	OBJ	label	0x00007261	OK		
DSL000	DSL000@OBJ	OBJ	label	0x00007265	OK		
DSL00	DSL00@OBJ	OBJ	label	0x00007267	OK		
DSL11	DSL11@OBJ	OBJ	label	0x00007268	OK		
DZSORTUP1	DZSORTUP1@OBJ	OBJ	label	0x0000726E	OK		
DSLP	DSLP@OBJ	OBJ	label	0x00007270	OK		
DSL1	DSL1@OBJ	OBJ	label	0x00007272	OK		
DSDONE	DSDONE@OBJ	OBJ	label	0x00007277	OK		
DSORTLLL	DSORTLLL@OBJ	OBJ	code	0x0000727A	OK		
DSORTXX	DSORTXX@OBJ	OBJ	label	0x0000727C	OK		
ACTIVEHI1	ACTIVEHI1@OBJ	OBJ	data	0x0000727D	OK		
ACTIVEHI	ACTIVEHI@OBJ	OBJ	data	0x0000727E	OK		
OSCAN	OSCAN		code	0x0000727F	OK		
OSCANL	OSCANL@OBJ	OBJ	label	0x00007283	OK		
OSCANACT	OSCANACT@OBJ	OBJ	label	0x0000728B	OK		
OSCANNXT	OSCANNXT@OBJ	OBJ	label	0x00007294	OK		
ISCAN	ISCAN		code	0x0000729A	OK		
ISCANL	ISCANL@OBJ	OBJ	label	0x000072A5	OK		
ISCANACT	ISCANACT@OBJ	OBJ	code	0x000072B4	OK		
ISCANNXT	ISCANNXT@OBJ	OBJ	label	0x000072BD	OK		
RESCAN	RESCAN		code	0x000072C3	OK		
RESCAN0	RESCAN0@OBJ	OBJ	label	0x000072CB	OK		
RESCAN1	RESCAN1@OBJ	OBJ	label	0x000072D7	OK		
ZSORTPRIOR	ZSORTPRIOR		code	0x000072DE	OK		
ZSORTA1P	ZSORTA1P@OBJ	OBJ	label	0x000072DE	OK		
ZSLPP	ZSLPP@OBJ	OBJ	label	0x000072E7	OK		
PRIOKP	PRIOKP@OBJ	OBJ	label	0x000072F4	OK		
ZSORTXP	ZSORTXP@OBJ	OBJ	label	0x000072FA	OK		
ZSORTA1	ZSORTA1@OBJ	OBJ	label	0x000072FD	OK		
ZSORTACT	ZSORTACT@OBJ	OBJ	code	0x000072FD	OK		
ZSLP	ZSLP@OBJ	OBJ	label	0x00007306	OK		
PRIOK	PRIOK@OBJ	OBJ	label	0x00007313	OK		
ZSORTX	ZSORTX@OBJ	OBJ	label	0x00007319	OK		
OBJ_MAKE	OBJ_MAKE		code	0x0000731C	OK		
OBJ_QMAKE	OBJ_QMAKE		code	0x00007334	OK		
COIN1	COIN1		code	0x0000733F	OK		
COIN2	COIN2		code	0x0000734C	OK		
JAJA3	JAJA3@COIN	COIN	label	0x0000735B	OK		
JAJA5	JAJA5@COIN	COIN	label	0x00007361	OK		
COIN3	COIN3		code	0x00007363	OK		
COIN4	COIN4		code	0x0000736F	OK		
SERV_COIN	SERV_COIN		code	0x0000737B	OK		
CHECK_CREDITS	CHECK_CREDITS		label	0x0000738B	OK		
CHECK_CREDITSLP	CHECK_CREDITSLP@COIN	COIN	label	0x00007396	OK		
SKIP_MIN	SKIP_MIN@COIN	COIN	code	0x00007399	OK		
NOINCCRD	NOINCCRD@COIN	COIN	code	0x000073AF	OK		
NOINC	NOINC@COIN	COIN	label	0x000073B1	OK		
CHECK_CREDITSX	CHECK_CREDITSX@COIN	COIN	label	0x000073CA	OK		
NOBONUS	NOBONUS@COIN	COIN	label	0x000073CA	OK		
GETCOIN	GETCOIN@COIN	COIN	code	0x000073CB	OK		
USE_STANDARD	USE_STANDARD@COIN	COIN	label	0x000073D1	OK		
GET_THIS_COIN	GET_THIS_COIN@COIN	COIN	code	0x000073D4	OK		
GETCOINX	GETCOINX@COIN	COIN	label	0x000073DA	OK		
GET_THIS_COINTXT	GET_THIS_COINTXT@COIN	COIN	code	0x000073DB	OK		
GETCOINTXT	GETCOINTXT		code	0x000073DE	OK		
GETCOIN_DEFAULT	GETCOIN_DEFAULT@COIN	COIN	code	0x000073E2	OK		
INVBLP	INVBLP@COIN	COIN	label	0x000073EF	OK		
SET_COINAGE_ADJ	SET_COINAGE_ADJ@COIN	COIN	code	0x00007401	OK		
INIT_CUSTOM_COIN	INIT_CUSTOM_COIN		code	0x00007434	OK		
ICCX	ICCX@COIN	COIN	code	0x0000744B	OK		
INICC	INICC@COIN	COIN	code	0x0000744C	OK		
INICC_LP	INICC_LP@COIN	COIN	label	0x0000744D	OK		
CUSTOM_COINTABI	CUSTOM_COINTABI@COIN	COIN	data	0x00007458	OK		
CUSTOM_COINSTRI	CUSTOM_COINSTRI@COIN	COIN	data	0x00007459	OK		
bufferi	bufferi		data	0x0000745A	OK		
CTS_STRI	CTS_STRI@COIN	COIN	data	0x0000745B	OK		
CTS_STR	CTS_STR@COIN	COIN	data	0x0000745C	OK		
CTC_STRI	CTC_STRI@COIN	COIN	data	0x0000745F	OK		
CTC_STR	CTC_STR@COIN	COIN	data	0x00007460	OK		
FCBI	FCBI@COIN	COIN	data	0x00007464	OK		
PCBI	PCBI@COIN	COIN	data	0x00007465	OK		
CREDITBUFFI	CREDITBUFFI@COIN	COIN	data	0x00007466	OK		
TOSTARTBUFFI	TOSTARTBUFFI@COIN	COIN	data	0x00007467	OK		
NCBI	NCBI@COIN	COIN	data	0x00007468	OK		
NCB	NCB@COIN	COIN	data	0x00007469	OK		
SPCI	SPCI@COIN	COIN	data	0x0000746A	OK		
SPC	SPC@COIN	COIN	data	0x0000746B	OK		
DBLSPCI	DBLSPCI@COIN	COIN	data	0x0000746C	OK		
DBLSPC	DBLSPC@COIN	COIN	data	0x0000746D	OK		
CWI	CWI@COIN	COIN	data	0x0000746E	OK		
CW	CW@COIN	COIN	data	0x0000746F	OK		
CWSI	CWSI@COIN	COIN	data	0x00007471	OK		
CWS	CWS@COIN	COIN	data	0x00007472	OK		
SCI	SCI@COIN	COIN	data	0x00007474	OK		
MSG_NULLI	MSG_NULLI@COIN	COIN	data	0x00007475	OK		
MSG_NULL	MSG_NULL@COIN	COIN	data	0x00007476	OK		
FONT18REDDS	FONT18REDDS@COIN	COIN	code	0x0000747B	OK		
INSERTCOINSI	INSERTCOINSI@COIN	COIN	data	0x00007480	OK		
INSERTCOINS	INSERTCOINS@COIN	COIN	data	0x00007481	OK		
HITSTARTI	HITSTARTI@COIN	COIN	data	0x00007485	OK		
HITSTART	HITSTART@COIN	COIN	data	0x00007486	OK		
INSERT_COINS	INSERT_COINS		code	0x00007489	OK		
SHOW_COINAGE	SHOW_COINAGE@COIN	COIN	label	0x000074A1	OK		
NO_START	NO_START@COIN	COIN	label	0x000074AE	OK		
SHOW_CREDITS	SHOW_CREDITS@COIN	COIN	label	0x000074B0	OK		
GODO_CREDITS	GODO_CREDITS@COIN	COIN	label	0x000074BA	OK		
DO_COINAGE	DO_COINAGE@COIN	COIN	label	0x000074C6	OK		
INSERT_COINSX	INSERT_COINSX@COIN	COIN	code	0x000074C9	OK		
FLASH_INSERTCOINS	FLASH_INSERTCOINS@COIN	COIN	label	0x000074CA	OK		
SHOW_INSERTCOINS	SHOW_INSERTCOINS@COIN	COIN	code	0x000074D0	OK		
NO_INSERTCOINS	NO_INSERTCOINS@COIN	COIN	label	0x000074DC	OK		
FLASH_INSERTCOINSX	FLASH_INSERTCOINSX@COIN	COIN	label	0x000074E1	OK		
FLASH_START	FLASH_START@COIN	COIN	label	0x000074E2	OK		
START_SKIP	START_SKIP@COIN	COIN	label	0x000074F6	OK		
FLASH_STARTX	FLASH_STARTX@COIN	COIN	label	0x000074FB	OK		
PRINT_COINAGE	PRINT_COINAGE@COIN	COIN	code	0x000074FC	OK		
PRINT_COINAGEX	PRINT_COINAGEX@COIN	COIN	label	0x00007526	OK		
GET_COINAGE_HIGHT	GET_COINAGE_HIGHT@COIN	COIN	code	0x00007527	OK		
GCHX	GCHX@COIN	COIN	label	0x00007532	OK		
WHITE10FNT	WHITE10FNT@COIN	COIN	code	0x00007536	OK		
PRINT_CREDITS	PRINT_CREDITS@COIN	COIN	code	0x0000753B	OK		
DO_CREDITS	DO_CREDITS@COIN	COIN	label	0x00007545	OK		
CHKPCREDITS	CHKPCREDITS@COIN	COIN	label	0x0000754E	OK		
NO_PCREDITS	NO_PCREDITS@COIN	COIN	label	0x00007567	OK		
FLASH_TO_START	FLASH_TO_START@COIN	COIN	code	0x0000756F	OK		
NO_TOSTART	NO_TOSTART@COIN	COIN	label	0x00007577	OK		
PRINT_TOSTART	PRINT_TOSTART@COIN	COIN	label	0x00007583	OK		
FLASH_TOSTARTX	FLASH_TOSTARTX@COIN	COIN	label	0x0000758E	OK		
TOSTART_STRING	TOSTART_STRING@COIN	COIN	code	0x0000758F	OK		
TOCONT_STRING	TOCONT_STRING@COIN	COIN	code	0x000075A6	OK		
VOLUME_TXT	VOLUME_TXT@COIN	COIN	data	0x000075BD	OK		
VOLUME_DISPLAY	VOLUME_DISPLAY		code	0x000075BF	OK		
INSERT_MORE_COINS	INSERT_MORE_COINS		code	0x000075DA	OK		
ISMCC	ISMCC@COIN	COIN	label	0x000075E9	OK		
INSERT_COINSXM	INSERT_COINSXM@COIN	COIN	label	0x000075F5	OK		
FLASH_INSERTCOINSM	FLASH_INSERTCOINSM@COIN	COIN	code	0x000075F7	OK		
NO_INSERTCOINSM	NO_INSERTCOINSM@COIN	COIN	label	0x00007609	OK		
FLASH_INSERTCOINSXM	FLASH_INSERTCOINSXM@COIN	COIN	label	0x0000760E	OK		
PRINT_TOCONT	PRINT_TOCONT@COIN	COIN	code	0x0000760F	OK		
TOCONTX	TOCONTX@COIN	COIN	code	0x0000761B	OK		
COIN_COUNTER	COIN_COUNTER		code	0x0000761C	OK		
NOINC1	NOINC1@COIN	COIN	label	0x00007634	OK		
NOINC2	NOINC2@COIN	COIN	label	0x0000763A	OK		
CLEARIT	CLEARIT@COIN	COIN	label	0x00007647	OK		
MOTIONDIS	MOTIONDIS@COIN	COIN	data	0x00007658	OK		
MOTION_VALID	MOTION_VALID@COIN	COIN	code	0x00007659	OK		
SEND_BUFFER_AI	SEND_BUFFER_AI		data	0x00007669	OK		
COMMQ_TMP_BUFFI	COMMQ_TMP_BUFFI		data	0x0000766A	OK		
CLEAR_LINK	CLEAR_LINK		code	0x0000766B	OK		
DECODE_BUFFER	DECODE_BUFFER		code	0x0000767D	OK		
DECODE_LP	DECODE_LP@COMMQ	COMMQ	label	0x0000768A	OK		
DECLPX	DECLPX@COMMQ	COMMQ	label	0x00007692	OK		
ISDONE	ISDONE@COMMQ	COMMQ	label	0x00007694	OK		
DECODE_BLOCKI	DECODE_BLOCKI@COMMQ	COMMQ	data	0x00007697	OK		
DECODE_BLOCK	DECODE_BLOCK@COMMQ	COMMQ	data	0x00007698	OK		
COMMQ_PACKET_INIT	COMMQ_PACKET_INIT		code	0x000076BB	OK		
CMQIX	CMQIX@COMMQ	COMMQ	code	0x000076BE	OK		
COMMQ_READY_TO_SEND	COMMQ_READY_TO_SEND		code	0x000076C1	OK		
MESSAGE_ADD	MESSAGE_ADD		code	0x000076CA	OK		
JJAG	JJAG@COMMQ	COMMQ	label	0x000076DB	OK		
MESSADDX	MESSADDX@COMMQ	COMMQ	label	0x000076DC	OK		
MESSAGE_ADD_SB	MESSAGE_ADD_SB		code	0x000076E1	OK		
MASBX	MASBX@COMMQ	COMMQ	label	0x000076EE	OK		
DECODE_NULL	DECODE_NULL@COMMQ	COMMQ	code	0x000076F1	OK		
SEND_WAVEFL_READY	SEND_WAVEFL_READY		code	0x000076F2	OK		
SEND_WAVEFL_SET	SEND_WAVEFL_SET		code	0x000076F4	OK		
SEND_WAVEFL_GO	SEND_WAVEFL_GO		code	0x000076F6	OK		
DECODE_WAVEFL_READY	DECODE_WAVEFL_READY@COMMQ	COMMQ	code	0x000076FA	OK		
DECODE_WAVEFL_SET	DECODE_WAVEFL_SET@COMMQ	COMMQ	code	0x000076FD	OK		
DECODE_WAVEFL_GO	DECODE_WAVEFL_GO@COMMQ	COMMQ	code	0x00007700	OK		
SEND_LINKEDT	SEND_LINKEDT@COMMQ	COMMQ	code	0x00007705	OK		
SEND_LINKEDF	SEND_LINKEDF@COMMQ	COMMQ	code	0x0000770A	OK		
DECODE_LINKEDT	DECODE_LINKEDT@COMMQ	COMMQ	code	0x0000770F	OK		
DECODE_LINKEDF	DECODE_LINKEDF@COMMQ	COMMQ	code	0x00007714	OK		
DECODE_MODE	DECODE_MODE@COMMQ	COMMQ	code	0x00007719	OK		
DC_M_NOP	DC_M_NOP@COMMQ	COMMQ	label	0x0000774B	OK		
DWAI	DWAI@COMMQ	COMMQ	label	0x00007754	OK		
DCMX	DCMX@COMMQ	COMMQ	label	0x00007764	OK		
NONEWCP	NONEWCP@COMMQ	COMMQ	label	0x00007764	OK		
SEND_CHECKPOINT	SEND_CHECKPOINT		code	0x00007768	OK		
SEND_FINISH	SEND_FINISH@COMMQ	COMMQ	code	0x0000776F	OK		
SEND_MODE	SEND_MODE		code	0x00007773	OK		
DECODE_LINKCANCELLED	DECODE_LINKCANCELLED@COMMQ	COMMQ	code	0x0000778E	OK		
SEND_LINKCANCELLED	SEND_LINKCANCELLED		code	0x00007791	OK		
SEND_START_GAME	SEND_START_GAME		code	0x00007793	OK		
DECODE_START_GAME	DECODE_START_GAME@COMMQ	COMMQ	code	0x0000779D	OK		
NOPE	NOPE@COMMQ	COMMQ	label	0x000077B5	OK		
SEND_END_GAME	SEND_END_GAME		code	0x000077BA	OK		
DECODE_END_GAME	DECODE_END_GAME@COMMQ	COMMQ	code	0x000077BC	OK		
SEND_TIMECODE	SEND_TIMECODE		code	0x000077BF	OK		
SEND_RACENUM	SEND_RACENUM		code	0x000077CA	OK		
DECODE_RACENUM	DECODE_RACENUM@COMMQ	COMMQ	code	0x000077D5	OK		
NOTHIDDEN	NOTHIDDEN@COMMQ	COMMQ	code	0x000077E2	OK		
DECODE_VEHICLE	DECODE_VEHICLE@COMMQ	COMMQ	code	0x000077E4	OK		
SEND_VEHICLE	SEND_VEHICLE		code	0x000077E9	OK		
DECODE_TIMECODE	DECODE_TIMECODE@COMMQ	COMMQ	code	0x000077F0	OK		
SEND_FLY_POS	SEND_FLY_POS		code	0x00007801	OK		
SEND_RHO_POS	SEND_RHO_POS		code	0x00007801	OK		
SEND_RACER_POS	SEND_RACER_POS		code	0x00007809	OK		
SEND_PLAYERS_POS	SEND_PLAYERS_POS		code	0x0000780D	OK		
SEND_CAR_POS	SEND_CAR_POS@COMMQ	COMMQ	label	0x0000780E	OK		
SEND_CP0	SEND_CP0@COMMQ	COMMQ	label	0x00007812	OK		
SENDXYZ	SENDXYZ@COMMQ	COMMQ	label	0x0000781D	OK		
MATLP	MATLP@COMMQ	COMMQ	label	0x00007827	OK		
SEND_RHO_CREATE	SEND_RHO_CREATE		code	0x00007857	OK		
MATCON	MATCON@COMMQ	COMMQ	data	0x00007864	OK		
RADCON	RADCON@COMMQ	COMMQ	data	0x00007865	OK		
FIND_DRONE	FIND_DRONE		code	0x00007866	OK		
FDL	FDL@COMMQ	COMMQ	label	0x0000786B	OK		
FD1	FD1@COMMQ	COMMQ	label	0x0000786F	OK		
DECODE_FLY_UPDATE	DECODE_FLY_UPDATE@COMMQ	COMMQ	code	0x00007875	OK		
DECODE_RHO_UPDATE	DECODE_RHO_UPDATE@COMMQ	COMMQ	code	0x00007875	OK		
DECODE_RACER_UPDATE	DECODE_RACER_UPDATE@COMMQ	COMMQ	code	0x0000787B	OK		
DECODE_CAR_UPDATE	DECODE_CAR_UPDATE@COMMQ	COMMQ	code	0x0000788A	OK		
DECODE_CAR_UP0	DECODE_CAR_UP0@COMMQ	COMMQ	label	0x00007892	OK		
GETXYZ	GETXYZ@COMMQ	COMMQ	label	0x000078A1	OK		
GETMAT	GETMAT@COMMQ	COMMQ	label	0x000078AE	OK		
DECCARX	DECCARX@COMMQ	COMMQ	label	0x000078E0	OK		
DECODE_RHO_CREATE	DECODE_RHO_CREATE@COMMQ	COMMQ	code	0x000078E2	OK		
DCRHOX	DCRHOX@COMMQ	COMMQ	label	0x000078F3	OK		
DECODE_RACER_KILL	DECODE_RACER_KILL@COMMQ	COMMQ	code	0x000078F5	OK		
DECRKX	DECRKX@COMMQ	COMMQ	label	0x00007900	OK		
DCRKX	DCRKX@COMMQ	COMMQ	label	0x00007901	OK		
DECODE_OM_TRACK	DECODE_OM_TRACK@COMMQ	COMMQ	code	0x00007903	OK		
SEND_OM_TRACK	SEND_OM_TRACK		code	0x00007912	OK		
SEND_BSYNC0	SEND_BSYNC0		code	0x00007928	OK		
SEND_BSYNC1	SEND_BSYNC1		code	0x00007928	OK		
SEND_BSYNC2	SEND_BSYNC2		code	0x00007928	OK		
SEND_BSYNC3	SEND_BSYNC3		code	0x00007928	OK		
SBLS	SBLS@COMMQ	COMMQ	code	0x0000792B	OK		
DECODE_BSYNC0	DECODE_BSYNC0@COMMQ	COMMQ	code	0x0000792C	OK		
DECODE_BSYNC1	DECODE_BSYNC1@COMMQ	COMMQ	code	0x0000792C	OK		
DECODE_BSYNC2	DECODE_BSYNC2@COMMQ	COMMQ	code	0x0000792C	OK		
DECODE_BSYNC3	DECODE_BSYNC3@COMMQ	COMMQ	code	0x0000792C	OK		
DECODE_CHANGE_MUSIC	DECODE_CHANGE_MUSIC@COMMQ	COMMQ	code	0x0000792F	OK		
SEND_CHANGE_MUSIC	SEND_CHANGE_MUSIC		code	0x00007939	OK		
DECODE_COINDROP	DECODE_COINDROP@COMMQ	COMMQ	code	0x00007941	OK		
SEND_COINDROP	SEND_COINDROP		code	0x00007944	OK		
DECODE_DIAGNOSTIC	DECODE_DIAGNOSTIC@COMMQ	COMMQ	code	0x00007946	OK		
SEND_DIAGNOSTIC	SEND_DIAGNOSTIC@COMMQ	COMMQ	code	0x0000794E	OK		
DECODE_ATTRSND	DECODE_ATTRSND@COMMQ	COMMQ	code	0x0000795C	OK		
NO_MUSIC	NO_MUSIC@COMMQ	COMMQ	label	0x00007964	OK		
SEND_ATTRSND	SEND_ATTRSND		code	0x00007967	OK		
TEXT_FREEI	TEXT_FREEI		data	0x00007969	OK		
TEXT_ACTIVEI	TEXT_ACTIVEI		data	0x0000796A	OK		
TEXT_LISTI	TEXT_LISTI@TEXT	TEXT	data	0x0000796B	OK		
FIXEDFONT_A	FIXEDFONT_A@TEXT	TEXT	data	0x0000796C	OK		
TEXTTABLEFIXEDI	TEXTTABLEFIXEDI@TEXT	TEXT	data	0x0000796D	OK		
FONTDIGITLG_A	FONTDIGITLG_A@TEXT	TEXT	data	0x0000796E	OK		
FONTDIGITSM_A	FONTDIGITSM_A@TEXT	TEXT	data	0x0000796E	OK		
FONT18_A	FONT18_A@TEXT	TEXT	data	0x0000796F	OK		
TEXTTABLEFONT18	TEXTTABLEFONT18@TEXT	TEXT	data	0x00007970	OK		
FONT40_A	FONT40_A@TEXT	TEXT	data	0x00007971	OK		
FONT10_A	FONT10_A@TEXT	TEXT	data	0x00007972	OK		
TEXT_INIT	TEXT_INIT		code	0x00007973	OK		
TEXT_ADDDS	TEXT_ADDDS		code	0x0000797C	OK		
TEXT_ADD1	TEXT_ADD1		code	0x0000798A	OK		
TEXT_ADD	TEXT_ADD		code	0x0000798B	OK		
SETSMDIGITFONT	SETSMDIGITFONT		code	0x000079A1	OK		
SETSMDIGITFONTDS	SETSMDIGITFONTDS		code	0x000079AB	OK		
SETLGDIGITFONT	SETLGDIGITFONT		code	0x000079B9	OK		
SETLGDIGITFONTDS	SETLGDIGITFONTDS		code	0x000079C3	OK		
FONTN43_A	FONTN43_A@TEXT	TEXT	data	0x000079D1	OK		
SETN43FONT	SETN43FONT		code	0x000079D2	OK		
SETN43FONTDS	SETN43FONTDS		code	0x000079DC	OK		
SET40FONT	SET40FONT		code	0x000079EA	OK		
SET40FONTDS	SET40FONTDS		code	0x000079F4	OK		
OGSMFONT_TABI	OGSMFONT_TABI@TEXT	TEXT	data	0x00007A02	OK		
SET12FONT	SET12FONT		code	0x00007A03	OK		
SET12FONTDS	SET12FONTDS		code	0x00007A0D	OK		
SET18FONT	SET18FONT		label	0x00007A1B	OK		
SET18FONTDS	SET18FONTDS		code	0x00007A25	OK		
SETFIXEDFONT	SETFIXEDFONT		code	0x00007A33	OK		
SETFIXEDFONTDS	SETFIXEDFONTDS		code	0x00007A3D	OK		
STRLEN	STRLEN@TEXT	TEXT	code	0x00007A4B	OK		
STRLP	STRLP@TEXT	TEXT	code	0x00007A53	OK		
STLP2	STLP2@TEXT	TEXT	label	0x00007A57	OK		
STRLENNCHAR	STRLENNCHAR@TEXT	TEXT	label	0x00007A6C	OK		
STRLENX	STRLENX@TEXT	TEXT	label	0x00007A6E	OK		
TEXT_OUTPUT	TEXT_OUTPUT		code	0x00007A75	OK		
TEXTLP	TEXTLP@TEXT	TEXT	label	0x00007A7D	OK		
NO_CENTER	NO_CENTER@TEXT	TEXT	label	0x00007A88	OK		
NO_RIGHT	NO_RIGHT@TEXT	TEXT	label	0x00007A8C	OK		
TEXT_RET	TEXT_RET@TEXT	TEXT	label	0x00007A8C	OK		
OLP	OLP@TEXT	TEXT	code	0x00007A8D	OK		
REGLP	REGLP@TEXT	TEXT	label	0x00007A91	OK		
IBO1	IBO1@TEXT	TEXT	label	0x00007AA2	OK		
IBO2	IBO2@TEXT	TEXT	label	0x00007AA3	OK		
NXTCHAR	NXTCHAR@TEXT	TEXT	label	0x00007AD1	OK		
OUCX	OUCX@TEXT	TEXT	label	0x00007AD3	OK		
ISFROZEN	ISFROZEN@TEXT	TEXT	label	0x00007ADB	OK		
DELLP	DELLP@TEXT	TEXT	code	0x00007AE3	OK		
NODELETE	NODELETE@TEXT	TEXT	label	0x00007AF3	OK		
NXTGRP	NXTGRP@TEXT	TEXT	label	0x00007AF4	OK		
TXTOUT	TXTOUT@TEXT	TEXT	label	0x00007AF6	OK		
STRCPY	STRCPY		code	0x00007AFC	OK		
SCPLP0	SCPLP0@TEXT	TEXT	code	0x00007B01	OK		
REGPLP0	REGPLP0@TEXT	TEXT	label	0x00007B06	OK		
STRCAT	STRCAT		code	0x00007B12	OK		
SCLP0	SCLP0@TEXT	TEXT	code	0x00007B1D	OK		
REGLP0	REGLP0@TEXT	TEXT	label	0x00007B21	OK		
SCLP1	SCLP1@TEXT	TEXT	code	0x00007B29	OK		
REGLP1	REGLP1@TEXT	TEXT	label	0x00007B2D	OK		
REGLP2	REGLP2@TEXT	TEXT	label	0x00007B3D	OK		
HIGHLIGHTN	HIGHLIGHTN		code	0x00007BF6	OK		
OFFRED	OFFRED@PLYR	PLYR	data	0x00007C00	OK		
NO_CENTERa	NO_CENTERa@TEXT	TEXT	label	0x00007C05	OK		
NO_RIGHTa	NO_RIGHTa@TEXT	TEXT	label	0x00007C09	OK		
text_reta	text_reta@TEXT	TEXT	label	0x00007C09	OK		
OLPa	OLPa@TEXT	TEXT	code	0x00007C0B	OK		
REGLPa	REGLPa@TEXT	TEXT	label	0x00007C10	OK		
ALLREG	ALLREG@TEXT	TEXT	label	0x00007C29	OK		
IBO1a	IBO1a@TEXT	TEXT	label	0x00007C2D	OK		
NXTCHARa	NXTCHARa@TEXT	TEXT	label	0x00007C5F	OK		
oucXa	oucXa@TEXT	TEXT	label	0x00007C61	OK		
CHOPPERDYNA	CHOPPERDYNA@CHOPPER	CHOPPER	data	0x00007C63	OK		
DIRECT_ATTACK	DIRECT_ATTACK@CHOPPER	CHOPPER	code	0x00007C6E	OK		
CHECK_DIST28	CHECK_DIST28@CHOPPER	CHOPPER	label	0x00007C76	OK		
THIS_PIECE28	THIS_PIECE28@CHOPPER	CHOPPER	label	0x00007C8D	OK		
NODIV8	NODIV8@CHOPPER	CHOPPER	label	0x00007CA3	OK		
LLK28	LLK28@CHOPPER	CHOPPER	label	0x00007CB3	OK		
ONCOMMING_BUZZ	ONCOMMING_BUZZ@CHOPPER	CHOPPER	label	0x00007CBF	OK		
ONBUZZ_L	ONBUZZ_L@CHOPPER	CHOPPER	label	0x00007CE2	OK		
CHECK_DIST2	CHECK_DIST2@CHOPPER	CHOPPER	label	0x00007CEA	OK		
THIS_PIECE2	THIS_PIECE2@CHOPPER	CHOPPER	label	0x00007D01	OK		
NODIV	NODIV@CHOPPER	CHOPPER	label	0x00007D17	OK		
LLK2	LLK2@CHOPPER	CHOPPER	label	0x00007D27	OK		
CHOPPER	CHOPPER		code	0x00007D33	OK		
CHOPPER_PASS	CHOPPER_PASS@CHOPPER	CHOPPER	label	0x00007D5D	OK		
DOTHEMOVE	DOTHEMOVE@CHOPPER	CHOPPER	label	0x00007D67	OK		
FORWARD_BUZZ	FORWARD_BUZZ@CHOPPER	CHOPPER	code	0x00007D6E	OK		
CHOPPER_L	CHOPPER_L@CHOPPER	CHOPPER	label	0x00007D9A	OK		
CHECK_DIST	CHECK_DIST@CHOPPER	CHOPPER	label	0x00007DA7	OK		
THIS_PIECE	THIS_PIECE@CHOPPER	CHOPPER	label	0x00007DBB	OK		
NODIV2	NODIV2@CHOPPER	CHOPPER	label	0x00007DD1	OK		
ISAHED	ISAHED@CHOPPER	CHOPPER	label	0x00007DF9	OK		
ISBEND	ISBEND@CHOPPER	CHOPPER	label	0x00007E0B	OK		
LITTLE	LITTLE@CHOPPER	CHOPPER	label	0x00007E18	OK		
L88	L88@CHOPPER	CHOPPER	label	0x00007E22	OK		
CHOPPER_SLP	CHOPPER_SLP@CHOPPER	CHOPPER	label	0x00007E3E	OK		
NO_BOMBS	NO_BOMBS@CHOPPER	CHOPPER	label	0x00007E3E	OK		
FLYAWAY	FLYAWAY@CHOPPER	CHOPPER	label	0x00007E41	OK		
KKII	KKII@CHOPPER	CHOPPER	label	0x00007E4A	OK		
KKUU	KKUU@CHOPPER	CHOPPER	label	0x00007E4B	OK		
FLYAWAY_LP	FLYAWAY_LP@CHOPPER	CHOPPER	code	0x00007E4C	OK		
CHOPPER_DIE	CHOPPER_DIE@CHOPPER	CHOPPER	label	0x00007E62	OK		
FIND_YX_MATRIX	FIND_YX_MATRIX@CHOPPER	CHOPPER	code	0x00007E6B	OK		
SETDYNAOBJ	SETDYNAOBJ@CHOPPER	CHOPPER	code	0x00007E78	OK		
CHOPLP	CHOPLP@CHOPPER	CHOPPER	label	0x00007E90	OK		
CHOPPERANI	CHOPPERANI@CHOPPER	CHOPPER	data	0x00007E9C	OK		
FSL_MOVE	FSL_MOVE@CHOPPER	CHOPPER	code	0x00007E9D	OK		
HELI_SND	HELI_SND@CHOPPER	CHOPPER	code	0x00007EFF	OK		
IS_T1	IS_T1@CHOPPER	CHOPPER	label	0x00007F07	OK		
NOT_T1	NOT_T1@CHOPPER	CHOPPER	label	0x00007F13	OK		
IS_T2	IS_T2@CHOPPER	CHOPPER	label	0x00007F15	OK		
HEND	HEND@CHOPPER	CHOPPER	label	0x00007F21	OK		
NOT_T2	NOT_T2@CHOPPER	CHOPPER	label	0x00007F21	OK		
GET_CLOSEST_TRAK	GET_CLOSEST_TRAK		code	0x00007F22	OK		
GETRK	GETRK@CHOPPER	CHOPPER	label	0x00007F2A	OK		
GETRKL	GETRKL@CHOPPER	CHOPPER	label	0x00007F39	OK		
GETRKX	GETRKX@CHOPPER	CHOPPER	label	0x00007F3E	OK		
COMM_INIT	COMM_INIT		code	0x00007F3F	OK		
RECEIVE_BUFFERI	RECEIVE_BUFFERI		data	0x00007F4F	OK		
COMM_IOI	COMM_IOI@COMM	COMM	data	0x00007F50	OK		
COMM_ENABLE_INT2	COMM_ENABLE_INT2		code	0x00007F51	OK		
BABA	BABA@COMM	COMM	label	0x00007F5A	OK		
COMM_MASTER_SEND_SYNC	COMM_MASTER_SEND_SYNC		code	0x00007F5E	OK		
SETONE	SETONE		code	0x00007F7B	OK		
CLRONE	CLRONE		code	0x00007F86	OK		
ONEX	ONEX@COMM	COMM	label	0x00007F90	OK		
COMM_ROUTINE	COMM_ROUTINE		code	0x00007F96	OK		
COMM_HOLDFORA2D	COMM_HOLDFORA2D@COMM	COMM	label	0x00007FA1	OK		
COMM_MASTER	COMM_MASTER@COMM	COMM	code	0x00007FA8	OK		
CM1	CM1@COMM	COMM	label	0x00007FAD	OK		
WTLPMI	WTLPMI@COMM	COMM	label	0x00007FC1	OK		
CM2	CM2@COMM	COMM	label	0x00007FC9	OK		
CM3	CM3@COMM	COMM	label	0x00007FCE	OK		
WTLPMI2	WTLPMI2@COMM	COMM	label	0x00007FD6	OK		
WTLPMI3	WTLPMI3@COMM	COMM	code	0x00007FE5	OK		
MSDLP	MSDLP@COMM	COMM	code	0x00008015	OK		
CML1XX	CML1XX@COMM	COMM	code	0x00008039	OK		
PWL2M	PWL2M@COMM	COMM	code	0x00008047	OK		
PWL3M	PWL3M@COMM	COMM	code	0x0000804E	OK		
PWL4M	PWL4M@COMM	COMM	code	0x00008056	OK		
PWL5M	PWL5M@COMM	COMM	code	0x0000805D	OK		
WL2M	WL2M@COMM	COMM	code	0x0000807C	OK		
WL3M	WL3M@COMM	COMM	code	0x00008085	OK		
WL2MC	WL2MC@COMM	COMM	code	0x00008090	OK		
WL3MC	WL3MC@COMM	COMM	code	0x00008097	OK		
COMM_MASTER_X	COMM_MASTER_X@COMM	COMM	code	0x000080A4	OK		
M0LENGTH	M0LENGTH@COMM	COMM	code	0x000080A4	OK		
COMM_MASTER_ERR_X	COMM_MASTER_ERR_X@COMM	COMM	label	0x000080A8	OK		
CMERROR1	CMERROR1		label	0x000080B3	OK		
CMERROR2	CMERROR2@COMM	COMM	label	0x000080B4	OK		
CMERROR3	CMERROR3@COMM	COMM	label	0x000080B5	OK		
CMERROR4	CMERROR4@COMM	COMM	label	0x000080B6	OK		
CMERROR5	CMERROR5@COMM	COMM	label	0x000080B7	OK		
CMERROR6	CMERROR6@COMM	COMM	label	0x000080B8	OK		
CMERROR7	CMERROR7@COMM	COMM	label	0x000080B9	OK		
CMERROR8	CMERROR8@COMM	COMM	label	0x000080BA	OK		
CMERROR9	CMERROR9@COMM	COMM	code	0x000080BB	OK		
CMERROR10	CMERROR10@COMM	COMM	label	0x000080BC	OK		
CMERRORL	CMERRORL@COMM	COMM	label	0x000080BD	OK		
CMERRORDEAD	CMERRORDEAD@COMM	COMM	label	0x000080BE	OK		
COMM_MASTER_ERROR	COMM_MASTER_ERROR@COMM	COMM	label	0x000080C1	OK		
COMM_IRQ	COMM_IRQ		code	0x000080C9	OK		
DO_SLAVE_SYNC	DO_SLAVE_SYNC@COMM	COMM	label	0x000080D5	OK		
WTLP	WTLP@COMM	COMM	code	0x000080E2	OK		
COMM_SLAVE	COMM_SLAVE@COMM	COMM	label	0x000080FA	OK		
CS1	CS1@COMM	COMM	label	0x00008102	OK		
CS2	CS2@COMM	COMM	label	0x00008108	OK		
CS20	CS20@COMM	COMM	label	0x0000810F	OK		
WTLPI	WTLPI@COMM	COMM	label	0x00008114	OK		
WTLPI2	WTLPI2@COMM	COMM	code	0x0000811E	OK		
CS3	CS3@COMM	COMM	label	0x00008123	OK		
PWL2	PWL2@COMM	COMM	code	0x00008131	OK		
PWL3	PWL3@COMM	COMM	code	0x00008138	OK		
PWL4	PWL4@COMM	COMM	code	0x00008140	OK		
PWL5	PWL5@COMM	COMM	code	0x00008147	OK		
WL2	WL2@COMM	COMM	code	0x00008164	OK		
WL3	WL3@COMM	COMM	code	0x0000816D	OK		
WL2C	WL2C@COMM	COMM	code	0x00008178	OK		
WL3C	WL3C@COMM	COMM	code	0x0000817F	OK		
CML1S	CML1S@COMM	COMM	code	0x00008191	OK		
SSDLP	SSDLP@COMM	COMM	code	0x000081C7	OK		
LENGTHOF0	LENGTHOF0@COMM	COMM	code	0x000081E7	OK		
CML1WT	CML1WT@COMM	COMM	code	0x000081E8	OK		
COMM_SLAVE_X	COMM_SLAVE_X@COMM	COMM	code	0x000081EE	OK		
COMM_SLAVE_ERR_X	COMM_SLAVE_ERR_X@COMM	COMM	label	0x000081F2	OK		
CSERROR1	CSERROR1@COMM	COMM	label	0x000081FD	OK		
CSERROR2	CSERROR2@COMM	COMM	label	0x000081FE	OK		
CSERROR3	CSERROR3@COMM	COMM	label	0x000081FF	OK		
CSERROR4	CSERROR4@COMM	COMM	label	0x00008200	OK		
CSERROR5	CSERROR5@COMM	COMM	label	0x00008201	OK		
CSERROR6	CSERROR6@COMM	COMM	label	0x00008202	OK		
CSERROR7	CSERROR7@COMM	COMM	label	0x00008203	OK		
CSERROR8	CSERROR8@COMM	COMM	label	0x00008204	OK		
CSERROR9	CSERROR9@COMM	COMM	label	0x00008205	OK		
CSERROR11	CSERROR11@COMM	COMM	label	0x00008206	OK		
CSERRORDEAD	CSERRORDEAD@COMM	COMM	label	0x00008207	OK		
COMM_SLAVE_ERROR	COMM_SLAVE_ERROR@COMM	COMM	label	0x0000820A	OK		
FIND_HIGHEST_ROADY	FIND_HIGHEST_ROADY@INFIN	INFIN	code	0x00008212	OK		
FHRYLP	FHRYLP@INFIN	INFIN	label	0x0000821F	OK		
NOCHANCE	NOCHANCE@INFIN	INFIN	label	0x0000824D	OK		
FHRY_X	FHRY_X@INFIN	INFIN	label	0x00008255	OK		
FORMULA	FORMULA@INFIN	INFIN	data	0x0000825D	OK		
LOWVAL	LOWVAL@INFIN	INFIN	data	0x0000825E	OK		
HIGHVAL	HIGHVAL@INFIN	INFIN	data	0x0000825F	OK		
LOIVAL	LOIVAL@INFIN	INFIN	data	0x00008260	OK		
HIGHIVAL	HIGHIVAL@INFIN	INFIN	data	0x00008261	OK		
INFPROJ	INFPROJ@INFIN	INFIN	data	0x00008262	OK		
INFVAL	INFVAL@INFIN	INFIN	data	0x00008263	OK		
INFINITY	INFINITY		code	0x00008264	OK		
INFF0	INFF0@INFIN	INFIN	label	0x00008270	OK		
INFF1	INFF1@INFIN	INFIN	label	0x00008275	OK		
OK23	OK23@INFIN	INFIN	label	0x0000827B	OK		
OK554	OK554@INFIN	INFIN	label	0x0000827E	OK		
LOOP	LOOP@INFIN	INFIN	code	0x000082A3	OK		
II33	II33@INFIN	INFIN	label	0x000082D0	OK		
II	II@INFIN	INFIN	label	0x000082D2	OK		
III44	III44@INFIN	INFIN	label	0x000082D3	OK		
NOCLIPPING	NOCLIPPING@INFIN	INFIN	label	0x00008306	OK		
PLOT_CONSTANTS	PLOT_CONSTANTS@INFIN	INFIN	label	0x00008324	OK		
LOOP1A	LOOP1A@INFIN	INFIN	code	0x0000832C	OK		
LOOP1	LOOP1@INFIN	INFIN	code	0x0000832D	OK		
INFINITY_POINTS	INFINITY_POINTS@INFIN	INFIN	data	0x00008354	OK		
INFINPOINTS	INFINPOINTS@INFIN	INFIN	data	0x00008355	OK		
INFIN_POLYGONSI	INFIN_POLYGONSI@INFIN	INFIN	data	0x000083BB	OK		
BLUESKY	BLUESKY@INFIN	INFIN	data	0x000083BC	OK		
TRANS_PTS	TRANS_PTS@INFIN	INFIN	code	0x000083D4	OK		
TRANS_LP	TRANS_LP@INFIN	INFIN	code	0x000083D5	OK		
LKJ2	LKJ2@INFIN	INFIN	label	0x000083DC	OK		
LKJ25	LKJ25@INFIN	INFIN	label	0x000083F6	OK		
WATER_INFINITY	WATER_INFINITY@INFIN	INFIN	code	0x0000840A	OK		
ok23a	ok23a@INFIN	INFIN	label	0x00008411	OK		
ok24a	ok24a@INFIN	INFIN	label	0x00008415	OK		
LOOPA	LOOPA@INFIN	INFIN	code	0x0000843F	OK		
SMOKE_PROC	SMOKE_PROC		code	0x000084B8	OK		
SMOKE_PUFFLP	SMOKE_PUFFLP@SMOKE	SMOKE	label	0x000084C4	OK		
SMPUFFLP1	SMPUFFLP1@SMOKE	SMOKE	label	0x000084C7	OK		
SMPUFF1	SMPUFF1@SMOKE	SMOKE	label	0x000084EF	OK		
SMOKE_CONT	SMOKE_CONT@SMOKE	SMOKE	code	0x000084F3	OK		
SMOKELP_ENTRY	SMOKELP_ENTRY@SMOKE	SMOKE	label	0x000084F5	OK		
SMOKEN	SMOKEN@SMOKE	SMOKE	label	0x000084FB	OK		
KLUDGE_MO	KLUDGE_MO@SMOKE	SMOKE	label	0x000084FC	OK		
SMOKE_DONE	SMOKE_DONE@SMOKE	SMOKE	code	0x00008500	OK		
SMOKEX	SMOKEX@SMOKE	SMOKE	label	0x00008507	OK		
SMOKE_DIE	SMOKE_DIE@SMOKE	SMOKE	label	0x00008509	OK		
CREATE_SMOKE_OBJ	CREATE_SMOKE_OBJ@SMOKE	SMOKE	code	0x0000850A	OK		
CHECK_SKID	CHECK_SKID@SMOKE	SMOKE	label	0x00008513	OK		
OK_SMOKE	OK_SMOKE@SMOKE	SMOKE	label	0x00008516	OK		
DO_SMOKE	DO_SMOKE@SMOKE	SMOKE	label	0x00008519	OK		
CSOX	CSOX@SMOKE	SMOKE	label	0x00008537	OK		
NO_SMOKE	NO_SMOKE@SMOKE	SMOKE	label	0x00008538	OK		
GET_OTHER_REAR	GET_OTHER_REAR@SMOKE	SMOKE	code	0x0000853A	OK		
GET_REAR	GET_REAR@SMOKE	SMOKE	code	0x0000853C	OK		
FBLOOP	FBLOOP@SMOKE	SMOKE	label	0x0000853D	OK		
FOUND_REAR	FOUND_REAR@SMOKE	SMOKE	label	0x00008543	OK		
INIT_SMOKE	INIT_SMOKE@SMOKE	SMOKE	code	0x00008544	OK		
INSM1	INSM1@SMOKE	SMOKE	label	0x0000854E	OK		
SORT_SMOKE	SORT_SMOKE		code	0x00008574	OK		
SSLOOP	SSLOOP@SMOKE	SMOKE	label	0x0000857B	OK		
UNLINK	UNLINK@SMOKE	SMOKE	label	0x00008587	OK		
LINK	LINK@SMOKE	SMOKE	label	0x00008589	OK		
SSLOOPEND	SSLOOPEND@SMOKE	SMOKE	label	0x0000858F	OK		
SORT_SMOKEX	SORT_SMOKEX@SMOKE	SMOKE	label	0x00008592	OK		
INIT_SPARK	INIT_SPARK		code	0x00008593	OK		
IS_LOOP	IS_LOOP@SMOKE	SMOKE	label	0x000085A4	OK		
IS_LOOPX	IS_LOOPX@SMOKE	SMOKE	label	0x000085D7	OK		
INIT_SPARKX	INIT_SPARKX@SMOKE	SMOKE	label	0x000085DA	OK		
REPLICATE_SPARK	REPLICATE_SPARK@SMOKE	SMOKE	code	0x000085DC	OK		
FIND_LAST_SPARKLP	FIND_LAST_SPARKLP@SMOKE	SMOKE	label	0x000085E2	OK		
REPSPARKX	REPSPARKX@SMOKE	SMOKE	label	0x0000861B	OK		
SPARK_PROC	SPARK_PROC		code	0x0000861C	OK		
SSANI_LOOP	SSANI_LOOP@SMOKE	SMOKE	label	0x0000861E	OK		
SS1	SS1@SMOKE	SMOKE	label	0x00008620	OK		
NEXT_SPARK	NEXT_SPARK@SMOKE	SMOKE	label	0x00008653	OK		
KLUDGE_MOFO	KLUDGE_MOFO@SMOKE	SMOKE	label	0x0000865F	OK		
SPARK_DIE	SPARK_DIE@SMOKE	SMOKE	label	0x00008660	OK		
SPARK_ANIX	SPARK_ANIX@SMOKE	SMOKE	label	0x00008661	OK		
NO_OBJ	NO_OBJ@SMOKE	SMOKE	label	0x0000866D	OK		
INIT_COLLA_OBJS	INIT_COLLA_OBJS@SMOKE	SMOKE	code	0x0000866E	OK		
ICO_LOOP	ICO_LOOP@SMOKE	SMOKE	label	0x0000866F	OK		
ICO_LOOPX	ICO_LOOPX@SMOKE	SMOKE	label	0x0000869F	OK		
INIT_SPARK_KILL	INIT_SPARK_KILL@SMOKE	SMOKE	label	0x000086A3	OK		
WALL_SPARK	WALL_SPARK		code	0x000086A7	OK		
FACINGFRONT	FACINGFRONT@SMOKE	SMOKE	label	0x000086CD	OK		
RIGHT_SIDE	RIGHT_SIDE@SMOKE	SMOKE	code	0x000086CF	OK		
LEFT_SIDE	LEFT_SIDE@SMOKE	SMOKE	label	0x000086D4	OK		
WALLS1	WALLS1@SMOKE	SMOKE	label	0x000086D8	OK		
WALL_SPARKX	WALL_SPARKX@SMOKE	SMOKE	label	0x000086E2	OK		
IMPACT_SPARK	IMPACT_SPARK		code	0x000086E4	OK		
IMPACTED_PLAYER	IMPACTED_PLAYER@SMOKE	SMOKE	label	0x000086EF	OK		
IMPACT_SPARKX	IMPACT_SPARKX@SMOKE	SMOKE	label	0x00008705	OK		
ROAD_IMPACT_SPARK	ROAD_IMPACT_SPARK		code	0x00008707	OK		
SKID_SPARK	SKID_SPARK		code	0x00008708	OK		
TOO_MANY_SPARKS	TOO_MANY_SPARKS@SMOKE	SMOKE	code	0x00008709	OK		
TMS_LP	TMS_LP@SMOKE	SMOKE	label	0x0000870C	OK		
TMSLPE	TMSLPE@SMOKE	SMOKE	label	0x00008714	OK		
TMSXCC	TMSXCC@SMOKE	SMOKE	label	0x0000871A	OK		
OBJ_MOVE	OBJ_MOVE		code	0x0000871C	OK		
BABA1	BABA1@HOTTUB	HOTTUB	data	0x000089A0	OK		
BABA2	BABA2@HOTTUB	HOTTUB	data	0x000089A1	OK		
HOTTUB_SCENE	HOTTUB_SCENE		code	0x000089A2	OK		
HOTTUB_LPB	HOTTUB_LPB@HOTTUB	HOTTUB	code	0x00008A19	OK		
HOTTUB_LPB2	HOTTUB_LPB2@HOTTUB	HOTTUB	code	0x00008A3A	OK		
HOTTT	HOTTT@HOTTUB	HOTTUB	label	0x00008A48	OK		
HOTTUB_WATERVOL	HOTTUB_WATERVOL@HOTTUB	HOTTUB	label	0x00008A4F	OK		
NBIBO	NBIBO@HOTTUB	HOTTUB	code	0x00008A5E	OK		
NDOO	NDOO@HOTTUB	HOTTUB	label	0x00008A60	OK		
BIBO	BIBO@HOTTUB	HOTTUB	label	0x00008A6A	OK		
PREZSPEAK	PREZSPEAK@HOTTUB	HOTTUB	code	0x00008A6F	OK		
START_ANIMATIONS	START_ANIMATIONS@HOTTUB	HOTTUB	code	0x00008A9C	OK		
ODC	ODC@HOTTUB	HOTTUB	code	0x00008A9D	OK		
ODCL2	ODCL2@HOTTUB	HOTTUB	code	0x00008AA0	OK		
HHTT	HHTT@HOTTUB	HOTTUB	label	0x00008AA5	OK		
NTT1	NTT1@HOTTUB	HOTTUB	label	0x00008AA9	OK		
NTT1A	NTT1A@HOTTUB	HOTTUB	label	0x00008AAD	OK		
NTT1B	NTT1B@HOTTUB	HOTTUB	label	0x00008AB1	OK		
NTT2	NTT2@HOTTUB	HOTTUB	label	0x00008AB5	OK		
ODCX	ODCX@HOTTUB	HOTTUB	label	0x00008AB9	OK		
ANI_HOTTUBI	ANI_HOTTUBI@HOTTUB	HOTTUB	data	0x00008ABA	OK		
ANI_HOTTUB	ANI_HOTTUB@HOTTUB	HOTTUB	data	0x00008ABB	OK		
HILLANII	HILLANII@HOTTUB	HOTTUB	data	0x00008AC2	OK		
HILLANI	HILLANI@HOTTUB	HOTTUB	data	0x00008AC3	OK		
GIRLANII	GIRLANII@HOTTUB	HOTTUB	data	0x00008ACA	OK		
GIRLANI	GIRLANI@HOTTUB	HOTTUB	data	0x00008ACB	OK		
ANI_RADARI	ANI_RADARI@HOTTUB	HOTTUB	data	0x00008AD2	OK		
ANI_RADAR	ANI_RADAR@HOTTUB	HOTTUB	data	0x00008AD3	OK		
ANI_STAGI	ANI_STAGI@HOTTUB	HOTTUB	data	0x00008ADD	OK		
ANI_STAG	ANI_STAG@HOTTUB	HOTTUB	data	0x00008ADE	OK		
HT_HUNGH	HT_HUNGH@HOTTUB	HOTTUB	code	0x00008AE4	OK		
HT_RUT	HT_RUT@HOTTUB	HOTTUB	code	0x00008AEF	OK		
HT_HILLY	HT_HILLY@HOTTUB	HOTTUB	code	0x00008AFB	OK		
HT_GIRL	HT_GIRL@HOTTUB	HOTTUB	code	0x00008B02	OK		
HT_HOTTUB	HT_HOTTUB		code	0x00008B09	OK		
HT_RADAR	HT_RADAR		code	0x00008B11	OK		
HT_STAGENT	HT_STAGENT		code	0x00008B18	OK		
PLAINANI_PROC	PLAINANI_PROC@HOTTUB	HOTTUB	label	0x00008B1F	OK		
PLAINANI_LP	PLAINANI_LP@HOTTUB	HOTTUB	label	0x00008B20	OK		
PPDD	PPDD@HOTTUB	HOTTUB	code	0x00008B27	OK		
AGENTANI_PROC	AGENTANI_PROC@HOTTUB	HOTTUB	label	0x00008B2C	OK		
AGENTANI_LP	AGENTANI_LP@HOTTUB	HOTTUB	label	0x00008B32	OK		
JKG	JKG@HOTTUB	HOTTUB	label	0x00008B39	OK		
PPDDA	PPDDA@HOTTUB	HOTTUB	code	0x00008B3B	OK		
PC1	PC1@HOTTUB	HOTTUB	data	0x00008B40	OK		
PC2	PC2@HOTTUB	HOTTUB	data	0x00008B41	OK		
POLITICAL_CARTOON_NOTICE	POLITICAL_CARTOON_NOTICE@HOTTUB	HOTTUB	code	0x00008B42	OK		
POLTXT	POLTXT@HOTTUB	HOTTUB	code	0x00008B4B	OK		
CROWD_IT	CROWD_IT		code	0x00008B59	OK		
BABE_TROPHY	BABE_TROPHY		code	0x00008B5D	OK		
DABLP3	DABLP3@HOTTUB	HOTTUB	code	0x00008B5E	OK		
NODA	NODA@HOTTUB	HOTTUB	label	0x00008B79	OK		
BABE_LP	BABE_LP@HOTTUB	HOTTUB	code	0x00008B7C	OK		
BBD	BBD@HOTTUB	HOTTUB	code	0x00008B91	OK		
BABE_LP2	BABE_LP2@HOTTUB	HOTTUB	code	0x00008B99	OK		
BABLP3	BABLP3@HOTTUB	HOTTUB	code	0x00008B9F	OK		
BABE_TROPHYX	BABE_TROPHYX@HOTTUB	HOTTUB	code	0x00008BA5	OK		
BABE_IBO	BABE_IBO@HOTTUB	HOTTUB	code	0x00008BAE	OK		
BABE_LP3	BABE_LP3@HOTTUB	HOTTUB	code	0x00008BAF	OK		
BABE_ANI	BABE_ANI@HOTTUB	HOTTUB	code	0x00008BC5	OK		
BABE_TROPHY_SCRIPT	BABE_TROPHY_SCRIPT@HOTTUB	HOTTUB	data	0x00008BC6	OK		
BABE_FLAG_SCRIPT	BABE_FLAG_SCRIPT@HOTTUB	HOTTUB	data	0x00008BCD	OK		
BABE_WAVEFLAG	BABE_WAVEFLAG		code	0x00008BD5	OK		
BABEWTLP	BABEWTLP@HOTTUB	HOTTUB	label	0x00008BE8	OK		
IBO2	IBO2@HOTTUB	HOTTUB	label	0x00008BF0	OK		
BABEGO	BABEGO@HOTTUB	HOTTUB	label	0x00008BF3	OK		
BABERST	BABERST@HOTTUB	HOTTUB	code	0x00008BF4	OK		
BABE_LPWF	BABE_LPWF@HOTTUB	HOTTUB	code	0x00008BF5	OK		
BABEOFF	BABEOFF@HOTTUB	HOTTUB	code	0x00008BFE	OK		
CLEANUP_PALS	CLEANUP_PALS		code	0x00008C0C	OK		
DONTDEL	DONTDEL@SETUPS	SETUPS	label	0x00008C11	OK		
FULLSETUP_TABLEI	FULLSETUP_TABLEI		data	0x00008C3A	OK		
LOADSECTION_TABLEI	LOADSECTION_TABLEI		data	0x00008C3B	OK		
LOADGGPARK	LOADGGPARK@SETUPS	SETUPS	code	0x00008C3C	OK		
LOADSANFRAN	LOADSANFRAN@SETUPS	SETUPS	code	0x00008C41	OK		
LOADALLH280	LOADALLH280@SETUPS	SETUPS	code	0x00008C45	OK		
LOADH280	LOADH280@SETUPS	SETUPS	code	0x00008C46	OK		
LOADREDWOOD	LOADREDWOOD@SETUPS	SETUPS	code	0x00008C4B	OK		
LOADBEVERLY	LOADBEVERLY@SETUPS	SETUPS	code	0x00008C4E	OK		
LOADLAFREEWAY	LOADLAFREEWAY@SETUPS	SETUPS	code	0x00008C53	OK		
LOADDEATHVALLEY	LOADDEATHVALLEY@SETUPS	SETUPS	code	0x00008C57	OK		
LOADARIZONA	LOADARIZONA@SETUPS	SETUPS	code	0x00008C5D	OK		
LOADGCANYON	LOADGCANYON@SETUPS	SETUPS	code	0x00008C63	OK		
LOADIOWA	LOADIOWA@SETUPS	SETUPS	code	0x00008C68	OK		
LOADCHICAGO	LOADCHICAGO@SETUPS	SETUPS	code	0x00008C6F	OK		
LOADINDIANA	LOADINDIANA@SETUPS	SETUPS	code	0x00008C78	OK		
LOADAPPALACHIA	LOADAPPALACHIA@SETUPS	SETUPS	code	0x00008C7F	OK		
LOADWASHINGTONDC	LOADWASHINGTONDC@SETUPS	SETUPS	code	0x00008C86	OK		
LOAD_TUNNEL2	LOAD_TUNNEL2@SETUPS	SETUPS	code	0x00008C8F	OK		
WATERON	WATERON@SETUPS	SETUPS	code	0x00008C94	OK		
WATEROFF	WATEROFF@SETUPS	SETUPS	code	0x00008C98	OK		
FULLSETUP_GGPARK	FULLSETUP_GGPARK@SETUPS	SETUPS	code	0x00008C9C	OK		
FULLSETUP_SANFRAN	FULLSETUP_SANFRAN@SETUPS	SETUPS	code	0x00008CB2	OK		
FULLSETUP_H280	FULLSETUP_H280@SETUPS	SETUPS	code	0x00008CD4	OK		
FULLSETUP_REDWOOD	FULLSETUP_REDWOOD@SETUPS	SETUPS	code	0x00008CF4	OK		
LOAD_TUNNEL	LOAD_TUNNEL		code	0x00008D16	OK		
FULLSETUP_BEVERLY	FULLSETUP_BEVERLY@SETUPS	SETUPS	code	0x00008D1B	OK		
FULLSETUP_LAFREEWAY	FULLSETUP_LAFREEWAY@SETUPS	SETUPS	code	0x00008D3A	OK		
FULLSETUP_DEATHVALLEY	FULLSETUP_DEATHVALLEY@SETUPS	SETUPS	code	0x00008D54	OK		
FULLSETUP_ARIZONA	FULLSETUP_ARIZONA@SETUPS	SETUPS	code	0x00008D74	OK		
FULLSETUP_GCANYON	FULLSETUP_GCANYON@SETUPS	SETUPS	code	0x00008D94	OK		
FULLSETUP_IOWA	FULLSETUP_IOWA@SETUPS	SETUPS	code	0x00008DB3	OK		
FULLSETUP_CHICAGO	FULLSETUP_CHICAGO@SETUPS	SETUPS	code	0x00008DDF	OK		
FULLSETUP_INDIANA	FULLSETUP_INDIANA@SETUPS	SETUPS	code	0x00008DFC	OK		
FULLSETUP_APPALACHIA	FULLSETUP_APPALACHIA@SETUPS	SETUPS	code	0x00008E28	OK		
FULLSETUP_WASHINGTONDC	FULLSETUP_WASHINGTONDC@SETUPS	SETUPS	code	0x00008E4B	OK		
SETPAGE0	SETPAGE0		code	0x00008E76	OK		
SETPAGE1	SETPAGE1		code	0x00008E81	OK		
PAGEWORD	PAGEWORD@UTIL	UTIL	data	0x00008E8C	OK		
P1	P1@UTIL	UTIL	label	0x00008E8D	OK		
FASTCLR0	FASTCLR0		code	0x00008E95	OK		
FASTCLR1	FASTCLR1		code	0x00008E95	OK		
CLRSCRN	CLRSCRN		code	0x00008EA1	OK		
CLRSCRN1	CLRSCRN1		code	0x00008EA2	OK		
CLRSCRN0	CLRSCRN0		code	0x00008EA5	OK		
CLRSC00	CLRSC00@UTIL	UTIL	label	0x00008EA7	OK		
CLRSC01	CLRSC01@UTIL	UTIL	label	0x00008EA9	OK		
CLR255	CLR255		code	0x00008EB0	OK		
CLR511	CLR511		code	0x00008EB5	OK		
SCRNFIL	SCRNFIL		code	0x00008EBA	OK		
FILSIZI	FILSIZI@UTIL	UTIL	data	0x00008EBE	OK		
FILWORD	FILWORD@UTIL	UTIL	data	0x00008EBF	OK		
SCREEN_FILL	SCREEN_FILL		code	0x00008EC0	OK		
CLRSCL	CLRSCL@UTIL	UTIL	label	0x00008ECF	OK		
CLRCRAM	CLRCRAM		code	0x00008ED9	OK		
RANDOM	RANDOM		code	0x00008EDF	OK		
RND2	RND2@UTIL	UTIL	label	0x00008EE6	OK		
FRAND	FRAND		code	0x00008EEA	OK		
SFRAND	SFRAND		code	0x00008EF9	OK		
RANDU0	RANDU0		code	0x00008F03	OK		
RANDU	RANDU		code	0x00008F08	OK		
SRAND	SRAND		code	0x00008F0B	OK		
RANDPER	RANDPER		code	0x00008F11	OK		
RANDPX	RANDPX@UTIL	UTIL	label	0x00008F18	OK		
INIT_LINKED_LIST	INIT_LINKED_LIST		code	0x00008F19	OK		
INIT_LL	INIT_LL@UTIL	UTIL	label	0x00008F23	OK		
GET_LLIST	GET_LLIST		code	0x00008F29	OK		
GETLL_X	GETLL_X@UTIL	UTIL	label	0x00008F36	OK		
GETLL_ERR	GETLL_ERR@UTIL	UTIL	label	0x00008F39	OK		
ALLOC_LLIST	ALLOC_LLIST		code	0x00008F3B	OK		
ALLOCLIST_X	ALLOCLIST_X@UTIL	UTIL	label	0x00008F43	OK		
ALLOCLIST_ISERROR	ALLOCLIST_ISERROR@UTIL	UTIL	label	0x00008F45	OK		
FREE_LLIST	FREE_LLIST		code	0x00008F47	OK		
DEL_LLIST	DEL_LLIST		code	0x00008F51	OK		
DELLP	DELLP@UTIL	UTIL	code	0x00008F56	OK		
DEL_LLX	DEL_LLX@UTIL	UTIL	label	0x00008F61	OK		
VEHICLE_ANI_INIT	VEHICLE_ANI_INIT		code	0x00008F66	OK		
WHEELLP	WHEELLP@UTIL	UTIL	label	0x00008F84	OK		
VANIX	VANIX@UTIL	UTIL	label	0x00008F8C	OK		
CARPROCI	CARPROCI@UTIL	UTIL	data	0x00008F8F	OK		
CARPROC	CARPROC		data	0x00008F90	OK		
CARPROCL	CARPROCL@UTIL	UTIL	label	0x00008F9A	OK		
NCS	NCS@UTIL	UTIL	label	0x00008FA7	OK		
CDTOP	CDTOP@UTIL	UTIL	label	0x00008FBA	OK		
CARRWHL	CARRWHL@UTIL	UTIL	label	0x00008FC8	OK		
CDLP	CDLP@UTIL	UTIL	label	0x00008FCD	OK		
CARBODY	CARBODY@UTIL	UTIL	label	0x00008FD1	OK		
CARSLP	CARSLP@UTIL	UTIL	label	0x00008FD3	OK		
NTWOPII	NTWOPII@UTIL	UTIL	data	0x00008FD5	OK		
LEAN	LEAN		code	0x00008FD6	OK		
DYNALISTI	DYNALISTI		data	0x00009015	OK		
DYNAFREEI	DYNAFREEI		data	0x00009016	OK		
NULLI	NULLI		data	0x00009017	OK		
DYNAOBJ_INIT	DYNAOBJ_INIT		code	0x00009018	OK		
GETDYNA	GETDYNA		code	0x00009029	OK		
GETDYNA_X	GETDYNA_X@UTIL	UTIL	label	0x00009035	OK		
GETDYNA_ERR	GETDYNA_ERR@UTIL	UTIL	label	0x00009037	OK		
DELDYNA	DELDYNA		code	0x00009039	OK		
CARLISTI	CARLISTI		data	0x0000903F	OK		
CARFREEI	CARFREEI		data	0x00009040	OK		
CARB_INIT	CARB_INIT		code	0x00009041	OK		
CARINTL	CARINTL@UTIL	UTIL	label	0x00009047	OK		
GETCAR	GETCAR		code	0x0000904C	OK		
GETCAR_X	GETCAR_X@UTIL	UTIL	label	0x00009056	OK		
GETCAR_ERR	GETCAR_ERR@UTIL	UTIL	label	0x00009058	OK		
DELCAR	DELCAR		code	0x0000905A	OK		
SCAN_OBJECTS	SCAN_OBJECTS		label	0x00009063	OK		
PUSHALL	PUSHALL		code	0x0000906A	OK		
POPALL	POPALL		code	0x00009084	OK		
DISTANCE_2D	DISTANCE_2D		code	0x0000909E	OK		
OVELADD	OVELADD		code	0x000090A9	OK		
OVELNADD	OVELNADD		code	0x000090B3	OK		
FORWARD	FORWARD		code	0x000090C1	OK		
RADIO_SHOW	RADIO_SHOW@SND	SND	code	0x000090E1	OK		
KILLME	KILLME@SND	SND	label	0x000090F8	OK		
RADIO_BUT	RADIO_BUT		code	0x000090FB	OK		
RBMGAME	RBMGAME@SND	SND	label	0x00009100	OK		
SET_STATION	SET_STATION		code	0x00009102	OK		
CHANGE_STATION	CHANGE_STATION		code	0x00009105	OK		
SET_TUNE_LINKED	SET_TUNE_LINKED		code	0x0000910E	OK		
SET_TUNE	SET_TUNE		code	0x00009113	OK		
RESUME_TUNE	RESUME_TUNE		code	0x00009118	OK		
L987	L987@SND	SND	label	0x0000911B	OK		
ISTHERE	ISTHERE@SND	SND	label	0x00009124	OK		
NOOMUS	NOOMUS@SND	SND	label	0x0000912D	OK		
RESUME_TUNE_NT	RESUME_TUNE_NT		code	0x00009130	OK		
SET_MASTER_VOL	SET_MASTER_VOL		code	0x00009137	OK		
SET_TRACK_VOL	SET_TRACK_VOL		code	0x0000913C	OK		
JI1	JI1@SND	SND	label	0x00009148	OK		
RESET_SNDBRD	RESET_SNDBRD		code	0x00009159	OK		
WAITIT	WAITIT@SND	SND	label	0x00009180	OK		
SILENT	SILENT		code	0x0000918E	OK		
SNDSTRI	SNDSTRI		data	0x0000919D	OK		
CLRSNDDB	CLRSNDDB		label	0x0000919E	OK		
GETPRI	GETPRI		code	0x000091A7	OK		
VOLSNDFX	VOLSNDFX		code	0x000091AE	OK		
ONESNDFX	ONESNDFX		code	0x000091B0	OK		
SNDFX	SNDFX@SND	SND	label	0x000091B1	OK		
ONESNDFX2	ONESNDFX2@SND	SND	label	0x000091CE	OK		
NOVOL	NOVOL@SND	SND	label	0x000091D7	OK		
SNDLDXFX	SNDLDXFX@SND	SND	label	0x000091E0	OK		
L88	L88@SND	SND	code	0x000091E1	OK		
NOSOUND_FX	NOSOUND_FX@SND	SND	label	0x000091E7	OK		
KILLSNDFX	KILLSNDFX		code	0x000091E9	OK		
KILSFX1	KILSFX1@SND	SND	label	0x000091EF	OK		
KILSFX2	KILSFX2@SND	SND	label	0x000091F5	OK		
KILSFX3	KILSFX3@SND	SND	label	0x000091F6	OK		
PLYR_ENGINE	PLYR_ENGINE		label	0x000091F8	OK		
HARDSND	HARDSND		code	0x00009202	OK		
ONESND	ONESND		code	0x00009208	OK		
SNDLD1	SNDLD1@SND	SND	label	0x00009222	OK		
NOTRESETVOL	NOTRESETVOL@SND	SND	label	0x0000922A	OK		
SNDLDX	SNDLDX@SND	SND	label	0x00009232	OK		
SENDSND	SENDSND		label	0x00009239	OK		
NIRM	NIRM@SND	SND	label	0x0000923F	OK		
RESETMUNGE	RESETMUNGE@SND	SND	label	0x0000926F	OK		
NOT_F1	NOT_F1@SND	SND	label	0x000092B9	OK		
NOT_F2	NOT_F2@SND	SND	code	0x000092B9	OK		
NOT_F4	NOT_F4@SND	SND	label	0x000092C8	OK		
NOT_F6	NOT_F6@SND	SND	label	0x000092D2	OK		
RESETMUNGE_X	RESETMUNGE_X@SND	SND	label	0x000092D2	OK		
SND_RESET_QUIET	SND_RESET_QUIET		code	0x000092D5	OK		
SNDPROC	SNDPROC		code	0x000092DB	OK		
SNDLP	SNDLP@SND	SND	label	0x000092E4	OK		
SNDPLP	SNDPLP@SND	SND	label	0x000092E9	OK		
SNDUPD	SNDUPD@SND	SND	code	0x000092EF	OK		
JUSTGO	JUSTGO@SND	SND	label	0x000092FA	OK		
SNDCLRE	SNDCLRE@SND	SND	label	0x00009301	OK		
SNDUPX	SNDUPX@SND	SND	label	0x00009305	OK		
WAVE	WAVE		code	0x00009307	OK		
LD_RAM	LD_RAM@WAVE	WAVE	label	0x00009328	OK		
_ATTR_WAVETABI	_ATTR_WAVETABI@WAVE	WAVE	data	0x0000935F	OK		
HEAD2HEADWATCH	HEAD2HEADWATCH@WAVE	WAVE	label	0x00009367	OK		
_ATTR_WAVETAB	_ATTR_WAVETAB@WAVE	WAVE	data	0x00009367	OK		
ISTRUE	ISTRUE@WAVE	WAVE	label	0x00009373	OK		
HEAD2HEAD_WAIT	HEAD2HEAD_WAIT@WAVE	WAVE	code	0x00009376	OK		
HIGH_SCORE	HIGH_SCORE@WAVE	WAVE	label	0x0000937D	OK		
MIDSPIN	MIDSPIN@WAVE	WAVE	code	0x0000938B	OK		
MIDSPINHS	MIDSPINHS@WAVE	WAVE	code	0x0000939A	OK		
RACELEG	RACELEG@WAVE	WAVE	code	0x000093A8	OK		
HIGH_SCORE_INI	HIGH_SCORE_INI@WAVE	WAVE	code	0x000093BB	OK		
THANKS	THANKS@WAVE	WAVE	code	0x000093BB	OK		
CREDITS	CREDITS@WAVE	WAVE	label	0x000093BD	OK		
LOAD_HIGH_SCORE	LOAD_HIGH_SCORE@WAVE	WAVE	code	0x000093C3	OK		
BEGIN_GAME	BEGIN_GAME@WAVE	WAVE	label	0x000093CB	OK		
INIT_SYSTEM	INIT_SYSTEM		code	0x000093D2	OK		
FIXEDPAL	FIXEDPAL		data	0x000093DC	OK		
ILLUM_PAL	ILLUM_PAL		data	0x000093EB	OK		
LOAD_FIXED_PALETTES	LOAD_FIXED_PALETTES		code	0x000093FC	OK		
LOAD_STARTUP_PALS	LOAD_STARTUP_PALS		code	0x0000941F	OK		
VEHICLE_TABLEI	VEHICLE_TABLEI		data	0x00009422	OK		
VEHICLE_TABLE	VEHICLE_TABLE		data	0x00009423	OK		
NOPAL	NOPAL@WAVE	WAVE	data	0x000094E9	OK		
TESTORPAL	TESTORPAL@WAVE	WAVE	data	0x000094EA	OK		
BULLETPAL	BULLETPAL@WAVE	WAVE	data	0x000094ED	OK		
HOTRODPAL	HOTRODPAL@WAVE	WAVE	data	0x000094F1	OK		
CVETTEPAL	CVETTEPAL@WAVE	WAVE	data	0x000094F4	OK		
JEEPPAL	JEEPPAL@WAVE	WAVE	data	0x000094F8	OK		
GTRUCKPAL	GTRUCKPAL@WAVE	WAVE	data	0x000094FB	OK		
CARAVANPAL	CARAVANPAL@WAVE	WAVE	data	0x000094FD	OK		
MUSCLEPAL	MUSCLEPAL@WAVE	WAVE	data	0x00009500	OK		
PTRUCKGPAL	PTRUCKGPAL@WAVE	WAVE	data	0x00009503	OK		
LOAD_VARIOUS_PALETTES	LOAD_VARIOUS_PALETTES@WAVE	WAVE	code	0x00009506	OK		
_COSI	_COSI		code	0x0000952D	OK		
_SINE	_SINE		code	0x00009530	OK		
SINE0	SINE0@MATH	MATH	label	0x00009531	OK		
NOTNEG	NOTNEG@MATH	MATH	label	0x00009535	OK		
PERFECT2	PERFECT2@MATH	MATH	label	0x00009540	OK		
ALLOK	ALLOK@MATH	MATH	label	0x00009545	OK		
PERFECT	PERFECT@MATH	MATH	label	0x00009549	OK		
FORMULA	FORMULA@MATH	MATH	data	0x0000954E	OK		
SINTABLEI	SINTABLEI@MATH	MATH	data	0x0000954F	OK		
HALFPII	HALFPII		data	0x00009550	OK		
PII	PII		data	0x00009551	OK		
TWOPII	TWOPII		data	0x00009552	OK		
INVFORM	INVFORM@MATH	MATH	data	0x00009553	OK		
RADFORM	RADFORM@MATH	MATH	data	0x00009554	OK		
RADFORMI	RADFORMI@MATH	MATH	data	0x00009555	OK		
NORMITS	NORMITS		code	0x00009556	OK		
NMS1	NMS1@MATH	MATH	label	0x0000955E	OK		
NORMIT	NORMIT		code	0x00009561	OK		
NORMCHKL	NORMCHKL@MATH	MATH	code	0x00009567	OK		
ARCTANF	ARCTANF		code	0x00009568	OK		
_arctanf	_arctanf		code	0x00009568	OK		
ATF0	ATF0@MATH	MATH	label	0x0000957B	OK		
AT1	AT1@MATH	MATH	label	0x0000957D	OK		
ATTABV	ATTABV@MATH	MATH	data	0x0000958E	OK		
OFFTABV	OFFTABV@MATH	MATH	data	0x0000958F	OK		
LOCTEMPER_MAT2I	LOCTEMPER_MAT2I@MATH	MATH	data	0x00009590	OK		
FIND_MATRIX	FIND_MATRIX		code	0x00009591	OK		
FM1	FM1@MATH	MATH	label	0x000095A2	OK		
FIND_XMATRIX	FIND_XMATRIX		code	0x000095C5	OK		
FIND_YMATRIX	FIND_YMATRIX		code	0x000095D8	OK		
_find_Ymatrix	_find_Ymatrix		code	0x000095D8	OK		
HPFIND_YMATRIX	HPFIND_YMATRIX		code	0x000095EB	OK		
FIND_ZMATRIX	FIND_ZMATRIX		code	0x00009612	OK		
INITMAT	INITMAT		code	0x00009625	OK		
VECTLEN	VECTLEN		code	0x00009636	OK		
CPYMAT	CPYMAT		code	0x0000963F	OK		
CPYIMAT	CPYIMAT		code	0x0000964B	OK		
CLR_VECTORA	CLR_VECTORA		code	0x00009662	OK		
MATRIX_MUL	MATRIX_MUL		code	0x0000966C	OK		
NORMALIZE	NORMALIZE		code	0x00009689	OK		
NORMAT	NORMAT		code	0x0000969A	OK		
NORMROW	NORMROW@MATH	MATH	label	0x000096AB	OK		
GEN_NORMAL	GEN_NORMAL		code	0x000096B4	OK		
CONCATMATV	CONCATMATV		code	0x000096CD	OK		
CONCAT201	CONCAT201		code	0x000096CF	OK		
INLP2	INLP2@MATH	MATH	label	0x000096E0	OK		
CONCATMAT	CONCATMAT		code	0x000096E2	OK		
GETTHETADIFF	GETTHETADIFF		code	0x000096F5	OK		
ISNEG	ISNEG@MATH	MATH	code	0x000096FF	OK		
NONEG	NONEG@MATH	MATH	label	0x00009700	OK		
DIST_PT2LINE	DIST_PT2LINE		code	0x00009702	OK		
GETLINE_EQ_2D	GETLINE_EQ_2D		code	0x00009717	OK		
SCALE_MATRIX	SCALE_MATRIX		code	0x00009731	OK		
RHO_START	RHO_START		code	0x0000978C	OK		
RHO_DRONE	RHO_DRONE		code	0x00009790	OK		
IBOIBO	IBOIBO@RHO	RHO	label	0x00009794	OK		
NONOLONG	NONOLONG@RHO	RHO	label	0x000097A1	OK		
NOT_WEAVER	NOT_WEAVER@RHO	RHO	label	0x000097F4	OK		
RHOLL1	RHOLL1@RHO	RHO	label	0x000097FC	OK		
RHO_LP	RHO_LP@RHO	RHO	label	0x000097FE	OK		
ABORTWEAVE	ABORTWEAVE@RHO	RHO	label	0x0000980F	OK		
DONTABORT	DONTABORT@RHO	RHO	label	0x00009816	OK		
III	III@RHO	RHO	label	0x00009822	OK		
III4	III4@RHO	RHO	label	0x00009828	OK		
NOT_WEAVER_LP	NOT_WEAVER_LP@RHO	RHO	label	0x00009830	OK		
NONOISE	NONOISE@RHO	RHO	label	0x00009846	OK		
CHECK_DIST	CHECK_DIST@RHO	RHO	label	0x00009848	OK		
ALLOK66	ALLOK66@RHO	RHO	label	0x0000984F	OK		
NOT_WEAVER_LP2	NOT_WEAVER_LP2@RHO	RHO	label	0x00009857	OK		
L9999	L9999@RHO	RHO	label	0x00009858	OK		
THIS_PIECE	THIS_PIECE@RHO	RHO	label	0x00009862	OK		
JOINUP998	JOINUP998@RHO	RHO	code	0x00009871	OK		
NODIV	NODIV@RHO	RHO	label	0x00009879	OK		
IIIL	IIIL@RHO	RHO	label	0x0000989A	OK		
NOLOAD	NOLOAD@RHO	RHO	label	0x0000989A	OK		
LLL88	LLL88@RHO	RHO	label	0x0000989F	OK		
NOTPRECOL	NOTPRECOL@RHO	RHO	label	0x000098A7	OK		
L99	L99@RHO	RHO	label	0x000098B1	OK		
RHO_SLP	RHO_SLP@RHO	RHO	label	0x000098B5	OK		
CKCAROFF	CKCAROFF@RHO	RHO	code	0x000098BC	OK		
CKCXFAIL	CKCXFAIL@RHO	RHO	label	0x000098C8	OK		
CKCXPASS	CKCXPASS@RHO	RHO	label	0x000098CA	OK		
RHO_DIE	RHO_DIE		label	0x000098CC	OK		
RHO_DIE0	RHO_DIE0@RHO	RHO	label	0x000098D2	OK		
RHO_DIE1	RHO_DIE1@RHO	RHO	label	0x000098D4	OK		
NODYNALEAN	NODYNALEAN@RHO	RHO	label	0x000098E1	OK		
RHO_ISHIT	RHO_ISHIT@RHO	RHO	label	0x000098E4	OK		
RHO_ISHITLP	RHO_ISHITLP@RHO	RHO	label	0x000098F1	OK		
NOSMK	NOSMK@RHO	RHO	label	0x000098FA	OK		
RHOISHIT_SLP	RHOISHIT_SLP@RHO	RHO	label	0x0000990A	OK		
SEND_RHO_XSFER	SEND_RHO_XSFER@RHO	RHO	code	0x0000990F	OK		
DECODE_RHO_XSFER	DECODE_RHO_XSFER		code	0x0000991D	OK		
DECRHOX2	DECRHOX2@RHO	RHO	label	0x00009929	OK		
DECRHOX	DECRHOX@RHO	RHO	label	0x0000992B	OK		
RHO_ACTIVE_XSFERI	RHO_ACTIVE_XSFERI@RHO	RHO	data	0x0000992D	OK		
RHO_ACTIVE_XSFER	RHO_ACTIVE_XSFER@RHO	RHO	data	0x0000992E	OK		
SEND_RHO_KILL	SEND_RHO_KILL@RHO	RHO	code	0x0000994F	OK		
DECODE_RHO_KILL	DECODE_RHO_KILL		code	0x00009956	OK		
DRKX	DRKX@RHO	RHO	label	0x0000995D	OK		
DRKXX	DRKXX@RHO	RHO	label	0x0000995E	OK		
CMOSI	CMOSI		data	0x00009961	OK		
HSTDEC	HSTDEC		code	0x00009962	OK		
CMOS_ON_C	CMOS_ON_C		code	0x0000996A	OK		
CMOS_OFF_C	CMOS_OFF_C		code	0x00009970	OK		
CMOS_WPON_C	CMOS_WPON_C		code	0x00009976	OK		
CMOS_WPOFF_C	CMOS_WPOFF_C		code	0x0000997E	OK		
VALIDATE_CMOS	VALIDATE_CMOS		code	0x00009987	OK		
RESET_BOOKKEEPING	RESET_BOOKKEEPING		code	0x0000999D	OK		
RBLP	RBLP@CMOS	CMOS	code	0x000099A5	OK		
VERIFY_ADJUSTMENTS_ACCURACY	VERIFY_ADJUSTMENTS_ACCURACY@CMOS	CMOS	code	0x000099AC	OK		
VAALP	VAALP@CMOS	CMOS	label	0x000099B6	OK		
DORST	DORST@CMOS	CMOS	label	0x000099BF	OK		
NORST	NORST@CMOS	CMOS	label	0x000099C2	OK		
RESET_ADJUSTMENTS	RESET_ADJUSTMENTS		code	0x000099CE	OK		
VAALP2	VAALP2@CMOS	CMOS	label	0x000099D7	OK		
CHECKSUMGEN_ADJ	CHECKSUMGEN_ADJ@CMOS	CMOS	code	0x000099F5	OK		
VAALP3	VAALP3@CMOS	CMOS	label	0x000099FA	OK		
AUDIT_INC	AUDIT_INC		code	0x00009A05	OK		
AUDIT_ADD	AUDIT_ADD		code	0x00009A0D	OK		
ADJUSTMENT_READ	ADJUSTMENT_READ		code	0x00009A14	OK		
AUDIT_READ	AUDIT_READ		code	0x00009A14	OK		
ADJUSTMENT_WRITE	ADJUSTMENT_WRITE		code	0x00009A19	OK		
AUDIT_WRITE	AUDIT_WRITE		code	0x00009A1F	OK		
AUDIT_WRITE_ADJ	AUDIT_WRITE_ADJ@CMOS	CMOS	code	0x00009A1F	OK		
_rd_cw	_rd_cw		code	0x00009A24	OK		
_wr_cw	_wr_cw		code	0x00009A38	OK		
_rd_cwR	_rd_cwR		code	0x00009A4B	OK		
_wr_cwR	_wr_cwR		code	0x00009A5F	OK		
OM_DIAGVALUE	OM_DIAGVALUE@COMMQ	COMMQ	data	0x00009A6B	OK		
DIAGVALUE	DIAGVALUE@COMMQ	COMMQ	data	0x00009A6C	OK		
DEFAULT_TABLE	DEFAULT_TABLE@CMOS	CMOS	data	0x00009A79	OK		
DEFAULT_TABLE_TOTALI	DEFAULT_TABLE_TOTALI@CMOS	CMOS	data	0x00009A79	OK		
INIT_LASTHS_TABLE	INIT_LASTHS_TABLE		code	0x00009AA2	OK		
ILT_LP	ILT_LP@CMOS	CMOS	code	0x00009AA7	OK		
UPDATE_LASTHS	UPDATE_LASTHS@CMOS	CMOS	code	0x00009AAA	OK		
CHECK_LASTHS	CHECK_LASTHS		code	0x00009ABD	OK		
INIT_HSTD_TABLES	INIT_HSTD_TABLES		code	0x00009AC4	OK		
ITL1	ITL1@CMOS	CMOS	code	0x00009AC6	OK		
ITL2	ITL2@CMOS	CMOS	code	0x00009ACB	OK		
VALIDATE_HSTD_TABLES	VALIDATE_HSTD_TABLES		code	0x00009AD4	OK		
ITL1A	ITL1A@CMOS	CMOS	code	0x00009AD6	OK		
ITL2A	ITL2A@CMOS	CMOS	code	0x00009AD9	OK		
J1	J1@CMOS	CMOS	label	0x00009AE1	OK		
J2	J2@CMOS	CMOS	label	0x00009AE7	OK		
J3	J3@CMOS	CMOS	label	0x00009AED	OK		
RESETALL	RESETALL@CMOS	CMOS	label	0x00009AFB	OK		
GET_TABLE_ADDR	GET_TABLE_ADDR		code	0x00009AFD	OK		
TABLE_ENTRY_WRITE	TABLE_ENTRY_WRITE@CMOS	CMOS	code	0x00009B07	OK		
TABLE_ENTRY_WRITE0	TABLE_ENTRY_WRITE0@CMOS	CMOS	code	0x00009B16	OK		
TEWL1	TEWL1@CMOS	CMOS	label	0x00009B1A	OK		
TABLE_ENTRY_READ	TABLE_ENTRY_READ		code	0x00009B31	OK		
CHECK_RACE_TABLE	CHECK_RACE_TABLE		code	0x00009B43	OK		
NXTENT	NXTENT@CMOS	CMOS	code	0x00009B49	OK		
INSERT_HERE	INSERT_HERE@CMOS	CMOS	label	0x00009B51	OK		
INSERT_TABLE_ENTRY	INSERT_TABLE_ENTRY		code	0x00009B53	OK		
ITEL	ITEL@CMOS	CMOS	code	0x00009B5D	OK		
ITLX	ITLX@CMOS	CMOS	label	0x00009B63	OK		
RRSTART_ENGINE	RRSTART_ENGINE		code	0x00009B6E	OK		
RRSTART_BOXCAR	RRSTART_BOXCAR		code	0x00009B71	OK		
CARFORWARD	CARFORWARD@RROAD	RROAD	code	0x00009B74	OK		
CARFORWARD_ENGINE	CARFORWARD_ENGINE@RROAD	RROAD	code	0x00009B79	OK		
KKG	KKG@RROAD	RROAD	label	0x00009B85	OK		
CARFLP	CARFLP@RROAD	RROAD	label	0x00009B9F	OK		
REGULAR	REGULAR@RROAD	RROAD	label	0x00009BBE	OK		
SLOWDOWN	SLOWDOWN@RROAD	RROAD	label	0x00009BDE	OK		
NOCHANGE	NOCHANGE@RROAD	RROAD	label	0x00009BE4	OK		
NOTLEAD	NOTLEAD@RROAD	RROAD	label	0x00009BF0	OK		
NLSLP	NLSLP@RROAD	RROAD	label	0x00009C12	OK		
RAMPDOWNTRAINSND	RAMPDOWNTRAINSND		code	0x00009C15	OK		
RAMPDOWNTRAINSND_PROC	RAMPDOWNTRAINSND_PROC@RROAD	RROAD	code	0x00009C19	OK		
FLYTRAIN	FLYTRAIN		label	0x00009C1A	OK		
FLYTRAINPI	FLYTRAINPI		data	0x00009C1B	OK		
FLYTRAINP	FLYTRAINP@RROAD	RROAD	data	0x00009C1C	OK		
FLYCARP0A	FLYCARP0A@RROAD	RROAD	label	0x00009C29	OK		
FLYCROADA	FLYCROADA@RROAD	RROAD	code	0x00009C4F	OK		
FLYCROAD1A	FLYCROAD1A@RROAD	RROAD	code	0x00009C56	OK		
FLYCARSLPA	FLYCARSLPA@RROAD	RROAD	label	0x00009C64	OK		
FLYCARSTOP0A	FLYCARSTOP0A@RROAD	RROAD	label	0x00009C67	OK		
FLYCARSTOPA	FLYCARSTOPA@RROAD	RROAD	label	0x00009C67	OK		
FLYCSTP00A	FLYCSTP00A@RROAD	RROAD	label	0x00009CA9	OK		
FLYCSTPA	FLYCSTPA@RROAD	RROAD	code	0x00009CAB	OK		
FLYCSTP0A	FLYCSTP0A@RROAD	RROAD	label	0x00009CAD	OK		
FLYCSTP1A	FLYCSTP1A@RROAD	RROAD	code	0x00009CB1	OK		
FLYCSTP2A	FLYCSTP2A@RROAD	RROAD	label	0x00009CB2	OK		
FLYCSTLA	FLYCSTLA@RROAD	RROAD	label	0x00009CC4	OK		
FLYCCCA	FLYCCCA@RROAD	RROAD	label	0x00009CC6	OK		
FLYCARSTPA	FLYCARSTPA@RROAD	RROAD	label	0x00009CD3	OK		
FLYCARWTA	FLYCARWTA@RROAD	RROAD	label	0x00009CDA	OK		
RROAD_DIE	RROAD_DIE@RROAD	RROAD	label	0x00009CE5	OK		
DEADCARA	DEADCARA		label	0x00009CF0	OK		
DEADLPA	DEADLPA@RROAD	RROAD	label	0x00009D01	OK		
DEADSLPA	DEADSLPA@RROAD	RROAD	code	0x00009D07	OK		
GETFLYMAT_TRAIN	GETFLYMAT_TRAIN		code	0x00009D0A	OK		
COUNTDOWN_BUFI	COUNTDOWN_BUFI		data	0x00009D0B	OK		
MPH_BUFFERI	MPH_BUFFERI@HUD	HUD	data	0x00009D0C	OK		
STOPBUFFI	STOPBUFFI@HUD	HUD	data	0x00009D0D	OK		
MOVEIN_HUD_EQUIP	MOVEIN_HUD_EQUIP		code	0x00009D0E	OK		
LIU8	LIU8@HUD	HUD	code	0x00009D10	OK		
M2L	M2L@HUD	HUD	label	0x00009D16	OK		
MIHEL	MIHEL@HUD	HUD	code	0x00009D17	OK		
MOVEOUT_HUD_EQUIP	MOVEOUT_HUD_EQUIP		code	0x00009D20	OK		
MIHEL2	MIHEL2@HUD	HUD	code	0x00009D21	OK		
HUD	HUD		code	0x00009D2A	OK		
BLAHBLAH	BLAHBLAH@HUD	HUD	label	0x00009D41	OK		
NOMOTIONMSGS	NOMOTIONMSGS@HUD	HUD	label	0x00009D41	OK		
NOTLOST	NOTLOST@HUD	HUD	label	0x00009D57	OK		
OFJN	OFJN@HUD	HUD	label	0x00009D63	OK		
NOT_OFFROAD	NOT_OFFROAD@HUD	HUD	label	0x00009D70	OK		
ISAUTOTRNS	ISAUTOTRNS@HUD	HUD	label	0x00009D80	OK		
DNDNL	DNDNL@HUD	HUD	label	0x00009D86	OK		
ISMPHT	ISMPHT@HUD	HUD	label	0x00009DA2	OK		
ISDNN	ISDNN@HUD	HUD	label	0x00009DA8	OK		
NOINITBP	NOINITBP@HUD	HUD	label	0x00009DCD	OK		
NBEEP	NBEEP@HUD	HUD	label	0x00009DD5	OK		
ISMPH	ISMPH@HUD	HUD	label	0x00009DDD	OK		
ISKPH	ISKPH@HUD	HUD	label	0x00009DDE	OK		
HARDalloc_section	HARDalloc_section		code	0x00009E21	OK		
alloc_section	alloc_section		code	0x00009E21	OK		
SECTION_PALETTE_ALLOC	SECTION_PALETTE_ALLOC@HUD	HUD	code	0x00009E21	OK		
alloc_LPA	alloc_LPA@HUD	HUD	code	0x00009E24	OK		
dealloc_section	dealloc_section		code	0x00009E29	OK		
deal_LP	deal_LP@HUD	HUD	code	0x00009E2F	OK		
TACH_GRADIENT	TACH_GRADIENT@HUD	HUD	data	0x00009E37	OK		
TACHOMETER_ANIMATE	TACHOMETER_ANIMATE@HUD	HUD	code	0x00009E4D	OK		
LP89	LP89@HUD	HUD	label	0x00009E52	OK		
GEARPAL	GEARPAL@HUD	HUD	data	0x00009E7C	OK		
FILL_DITHER	FILL_DITHER		code	0x00009E84	OK		
FILL_PLOT	FILL_PLOT		code	0x00009E8E	OK		
ENTER2	ENTER2@HUD	HUD	label	0x00009E93	OK		
PALROMI	PALROMI		data	0x00009EA6	OK		
PTTRAMI	PTTRAMI@PALL	PALL	data	0x00009EA7	OK		
PALRAMI	PALRAMI@PALL	PALL	data	0x00009EA8	OK		
PALLISTI	PALLISTI		data	0x00009EA9	OK		
RAWLOCSI	RAWLOCSI@PALL	PALL	data	0x00009EAA	OK		
PAL_INIT	PAL_INIT		code	0x00009EAB	OK		
PAL_XFER	PAL_XFER		code	0x00009EC2	OK		
NOTCLR	NOTCLR@PALL	PALL	label	0x00009EC8	OK		
PALTR0	PALTR0@PALL	PALL	label	0x00009ECA	OK		
I889	I889@PALL	PALL	label	0x00009ECF	OK		
PACBLK	PACBLK@PALL	PALL	label	0x00009EDE	OK		
NOT_PACKED_PAL	NOT_PACKED_PAL@PALL	PALL	label	0x00009EE0	OK		
REGDOIT	REGDOIT@PALL	PALL	label	0x00009EE7	OK		
PALTRX	PALTRX@PALL	PALL	label	0x00009EEC	OK		
PAL_OVERWRITE	PAL_OVERWRITE		code	0x00009EED	OK		
PAL_FIND	PAL_FIND		code	0x00009EF8	OK		
FPLX	FPLX@PALL	PALL	code	0x00009F01	OK		
FPLXEX	FPLXEX@PALL	PALL	label	0x00009F03	OK		
PAL_FIND_RAW	PAL_FIND_RAW		code	0x00009F06	OK		
FINDRLP	FINDRLP@PALL	PALL	code	0x00009F0A	OK		
FOUNDRAW	FOUNDRAW@PALL	PALL	label	0x00009F13	OK		
PAL_DELETE_RAW	PAL_DELETE_RAW		code	0x00009F17	OK		
PAL_ALLOC	PAL_ALLOC		code	0x00009F25	OK		
GPL0	GPL0@PALL	PALL	label	0x00009F31	OK		
GPLP	GPLP@PALL	PALL	label	0x00009F37	OK		
GPERR	GPERR@PALL	PALL	code	0x00009F38	OK		
GETPL	GETPL@PALL	PALL	label	0x00009F41	OK		
GPLX	GPLX@PALL	PALL	label	0x00009F52	OK		
PAL_ALLOC_RAW	PAL_ALLOC_RAW		code	0x00009F5A	OK		
RPLP	RPLP@PALL	PALL	label	0x00009F65	OK		
RAWPL	RAWPL@PALL	PALL	label	0x00009F6F	OK		
RPLX	RPLX@PALL	PALL	code	0x00009F7B	OK		
RAWPEX	RAWPEX@PALL	PALL	label	0x00009F80	OK		
PAL_SET	PAL_SET		code	0x00009F87	OK		
PALXFER_ACTIVEI	PALXFER_ACTIVEI@PALL	PALL	data	0x00009F9A	OK		
PALXFER_FREEI	PALXFER_FREEI@PALL	PALL	data	0x00009F9B	OK		
PALXFER_STRI	PALXFER_STRI@PALL	PALL	data	0x00009F9C	OK		
PALXFER_INIT	PALXFER_INIT@PALL	PALL	code	0x00009F9D	OK		
PXIL	PXIL@PALL	PALL	label	0x00009FA8	OK		
PALXFER_GET	PALXFER_GET@PALL	PALL	code	0x00009FAF	OK		
PALXFER_DEL	PALXFER_DEL@PALL	PALL	code	0x00009FBA	OK		
PXFLP	PXFLP@PALL	PALL	code	0x00009FBD	OK		
PXXX	PXXX@PALL	PALL	label	0x00009FC7	OK		
PAL_DELETE	PAL_DELETE		code	0x00009FCA	OK		
DELP1	DELP1@PALL	PALL	code	0x00009FD7	OK		
DELP2	DELP2@PALL	PALL	label	0x00009FDE	OK		
PAL_DIMMER	PAL_DIMMER		code	0x00009FE1	OK		
PDMLP	PDMLP@PALL	PALL	code	0x00009FEF	OK		
_PALROM	_PALROM		data	0x0000A030	OK		
TYCO_TRKI	TYCO_TRKI		data	0x0000A12E	OK		
_SECshared	_SECshared		data	0x0000A130	OK		
_SECskys	_SECskys@CUSA	CUSA	data	0x0000A132	OK		
_SECtunnel	_SECtunnel@SETUPS	SETUPS	data	0x0000A134	OK		
_SECtunnel2	_SECtunnel2@SETUPS	SETUPS	data	0x0000A136	OK		
_SECgeneral	_SECgeneral@CUSA	CUSA	data	0x0000A138	OK		
_SECthetrains	_SECthetrains@SETUPS	SETUPS	data	0x0000A13A	OK		
_SECdeserts	_SECdeserts@SETUPS	SETUPS	data	0x0000A13C	OK		
_SECggate	_SECggate@SETUPS	SETUPS	data	0x0000A13E	OK		
_SECh280	_SECh280@SETUPS	SETUPS	data	0x0000A140	OK		
_SECbevhnred	_SECbevhnred@SETUPS	SETUPS	data	0x0000A142	OK		
_SEClafreeway	_SEClafreeway@SETUPS	SETUPS	data	0x0000A144	OK		
_SECdeathvalley	_SECdeathvalley@SETUPS	SETUPS	data	0x0000A146	OK		
_SECarizona	_SECarizona@SETUPS	SETUPS	data	0x0000A148	OK		
_SECmtrush	_SECmtrush@SETUPS	SETUPS	data	0x0000A14A	OK		
_SECmwest	_SECmwest@SETUPS	SETUPS	data	0x0000A14C	OK		
_SECchicago	_SECchicago@SETUPS	SETUPS	data	0x0000A14E	OK		
_SECappl	_SECappl@SETUPS	SETUPS	data	0x0000A150	OK		
_SECcrace	_SECcrace@TRACKSEL	TRACKSEL	data	0x0000A152	OK		
_SECctrans	_SECctrans@TRACKSEL	TRACKSEL	data	0x0000A154	OK		
_SECdc_shared	_SECdc_shared		data	0x0000A156	OK		
_SECdc	_SECdc@SETUPS	SETUPS	data	0x0000A158	OK		
_SECfinale	_SECfinale@HOTTUB	HOTTUB	data	0x0000A15A	OK		
_SECtheheads	_SECtheheads@HEADS	HEADS	data	0x0000A15C	OK		
_SECpress	_SECpress		data	0x0000A15E	OK		
_SECmwest_bottom	_SECmwest_bottom@SETUPS	SETUPS	data	0x0000A162	OK		
_SECiowa_bottom	_SECiowa_bottom@SETUPS	SETUPS	data	0x0000A164	OK		
_SECiowa_b2	_SECiowa_b2@SETUPS	SETUPS	data	0x0000A168	OK		
shared_PALETTES	shared_PALETTES		data	0x0000A16A	OK		
tunnel_PALETTES	tunnel_PALETTES@SETUPS	SETUPS	data	0x0000A16E	OK		
tunnel2_PALETTES	tunnel2_PALETTES@SETUPS	SETUPS	data	0x0000A170	OK		
general_PALETTES	general_PALETTES@WAVE	WAVE	data	0x0000A172	OK		
thetrains_PALETTES	thetrains_PALETTES@SETUPS	SETUPS	data	0x0000A174	OK		
deserts_PALETTES	deserts_PALETTES@SETUPS	SETUPS	data	0x0000A176	OK		
ggate_PALETTES	ggate_PALETTES		data	0x0000A178	OK		
h280_PALETTES	h280_PALETTES@SETUPS	SETUPS	data	0x0000A17A	OK		
bevhnred_PALETTES	bevhnred_PALETTES@SETUPS	SETUPS	data	0x0000A17C	OK		
lafreeway_PALETTES	lafreeway_PALETTES@SETUPS	SETUPS	data	0x0000A17E	OK		
deathvalley_PALETTES	deathvalley_PALETTES@SETUPS	SETUPS	data	0x0000A180	OK		
arizona_PALETTES	arizona_PALETTES@SETUPS	SETUPS	data	0x0000A182	OK		
mtrush_PALETTES	mtrush_PALETTES@SETUPS	SETUPS	data	0x0000A184	OK		
mwest_PALETTES	mwest_PALETTES@SETUPS	SETUPS	data	0x0000A186	OK		
chicago_PALETTES	chicago_PALETTES@SETUPS	SETUPS	data	0x0000A188	OK		
appl_PALETTES	appl_PALETTES@SETUPS	SETUPS	data	0x0000A18A	OK		
crace_PALETTES	crace_PALETTES		data	0x0000A18C	OK		
ctrans_PALETTES	ctrans_PALETTES@TRACKSEL	TRACKSEL	data	0x0000A18E	OK		
dc_shared_PALETTES	dc_shared_PALETTES		data	0x0000A190	OK		
dc_PALETTES	dc_PALETTES		data	0x0000A192	OK		
finale_PALETTES	finale_PALETTES		data	0x0000A194	OK		
theheads_PALETTES	theheads_PALETTES		data	0x0000A196	OK		
press_PALETTES	press_PALETTES		data	0x0000A198	OK		
TEXTDELER	TEXTDELER@HEADS	HEADS	code	0x0000A1A4	OK		
TEXTDELERLP	TEXTDELERLP@HEADS	HEADS	label	0x0000A1A5	OK		
TTEST	TTEST@HEADS	HEADS	code	0x0000A1A7	OK		
DELLP	DELLP@HEADS	HEADS	code	0x0000A1AD	OK		
TXTXX	TXTXX@HEADS	HEADS	label	0x0000A1BD	OK		
HEADS	HEADS@HEADS	HEADS	data	0x0000A1C0	OK		
VANITY_HEADS	VANITY_HEADS@HEADS	HEADS	code	0x0000A1CC	OK		
VANHDLP	VANHDLP@HEADS	HEADS	label	0x0000A1E5	OK		
VANITY_HEADS_LP	VANITY_HEADS_LP@HEADS	HEADS	label	0x0000A1FC	OK		
VHIX	VHIX@HEADS	HEADS	code	0x0000A1FC	OK		
VOLP	VOLP@HEADS	HEADS	label	0x0000A1FD	OK		
VOSLP	VOSLP@HEADS	HEADS	label	0x0000A20C	OK		
SET18FONTDS_WHITE	SET18FONTDS_WHITE@HEADS	HEADS	data	0x0000A20F	OK		
VANITY	VANITY		code	0x0000A215	OK		
VANITY_SUB	VANITY_SUB		code	0x0000A21C	OK		
DTLP2	DTLP2@HEADS	HEADS	label	0x0000A23D	OK		
KKPD	KKPD@HEADS	HEADS	code	0x0000A23E	OK		
JJDDA	JJDDA@HEADS	HEADS	label	0x0000A245	OK		
NOT10	NOT10@HEADS	HEADS	label	0x0000A24D	OK		
NOTSPEC8	NOTSPEC8@HEADS	HEADS	label	0x0000A254	OK		
NOTSPEC7	NOTSPEC7@HEADS	HEADS	label	0x0000A25C	OK		
NOTSPEC4	NOTSPEC4@HEADS	HEADS	label	0x0000A265	OK		
KRIS	KRIS@HEADS	HEADS	code	0x0000A277	OK		
NOTSPEC99	NOTSPEC99@HEADS	HEADS	label	0x0000A286	OK		
CHISPRIB	CHISPRIB@HEADS	HEADS	data	0x0000A297	OK		
ADAMSTOPRIBYL	ADAMSTOPRIBYL@HEADS	HEADS	label	0x0000A298	OK		
NOTSPEC3	NOTSPEC3@HEADS	HEADS	label	0x0000A2A2	OK		
NOT0	NOT0@HEADS	HEADS	label	0x0000A2A7	OK		
TWO	TWO@HEADS	HEADS	label	0x0000A2AF	OK		
WTD55	WTD55@HEADS	HEADS	label	0x0000A2B9	OK		
GETT	GETT@HEADS	HEADS	code	0x0000A2C0	OK		
CENTEREM	CENTEREM@HEADS	HEADS	code	0x0000A2C8	OK		
RIGHTEM	RIGHTEM@HEADS	HEADS	code	0x0000A2CF	OK		
THANKS_TABLEI	THANKS_TABLEI@HEADS	HEADS	data	0x0000A2D6	OK		
INPUT_BITS	INPUT_BITS@COMP	COMP	code	0x0000A2DB	OK		
MULTIWORD	MULTIWORD@COMP	COMP	label	0x0000A2E5	OK		
PUTC	PUTC@COMP	COMP	code	0x0000A2F4	OK		
WVWRLP2	WVWRLP2@COMP	COMP	label	0x0000A316	OK		
DECOMPRESS	DECOMPRESS		code	0x0000A324	OK		
NOHARDLOAD	NOHARDLOAD@COMP	COMP	label	0x0000A340	OK		
DECOMPRESS_TOPLP	DECOMPRESS_TOPLP@COMP	COMP	label	0x0000A342	OK		
CONT	CONT@COMP	COMP	label	0x0000A34B	OK		
DECOMPRESS_PROC	DECOMPRESS_PROC		code	0x0000A34E	OK		
DECOMPRESS_TOPLP2	DECOMPRESS_TOPLP2@COMP	COMP	code	0x0000A35D	OK		
DECOMPRESS_TOPLP3	DECOMPRESS_TOPLP3@COMP	COMP	label	0x0000A35F	OK		
DECOMPRESSLP	DECOMPRESSLP@COMP	COMP	label	0x0000A36D	OK		
NOBUMP	NOBUMP@COMP	COMP	label	0x0000A377	OK		
NODS	NODS@COMP	COMP	label	0x0000A380	OK		
NODSRT	NODSRT@COMP	COMP	label	0x0000A381	OK		
DECODEL3i	DECODEL3i@COMP	COMP	label	0x0000A383	OK		
DECODEL1i	DECODEL1i@COMP	COMP	label	0x0000A38A	OK		
BLOOPER	BLOOPER@COMP	COMP	label	0x0000A392	OK		
DECOMPRESSX	DECOMPRESSX@COMP	COMP	label	0x0000A399	OK		
SAVESPCI	SAVESPCI@COMP	COMP	data	0x0000A39E	OK		
SAVE_DECOMP_REGS	SAVE_DECOMP_REGS@COMP	COMP	code	0x0000A39F	OK		
RESTORE_DECOMP_REGS	RESTORE_DECOMP_REGS@COMP	COMP	code	0x0000A3B7	OK		
BOOT_PACIFY_SCREEN_P	BOOT_PACIFY_SCREEN_P		data	0x0000A3CF	OK		
BOOT_PACIFY_SCREEN	BOOT_PACIFY_SCREEN@COMP	COMP	code	0x0000A3D0	OK		
LL	LL@COMP	COMP	label	0x0000A3E7	OK		
LLL	LLL@COMP	COMP	label	0x0000A3EB	OK		
LOAD_SECTION_REQ	LOAD_SECTION_REQ		code	0x0000A3ED	OK		
NOWTLD	NOWTLD@COMP	COMP	label	0x0000A3FC	OK		
NOLOAD	NOLOAD@COMP	COMP	label	0x0000A3FF	OK		
REQWAIT	REQWAIT@COMP	COMP	label	0x0000A402	OK		
SIGMA_DRONE	SIGMA_DRONE		code	0x0000A42A	OK		
GOAHEAD	GOAHEAD@SIGMA	SIGMA	label	0x0000A42F	OK		
NOT_COP	NOT_COP@SIGMA	SIGMA	label	0x0000A433	OK		
WORIT	WORIT@SIGMA	SIGMA	label	0x0000A433	OK		
DONTWORRY	DONTWORRY@SIGMA	SIGMA	label	0x0000A440	OK		
NOTWEAVER	NOTWEAVER@SIGMA	SIGMA	label	0x0000A47C	OK		
SIGMA_LP	SIGMA_LP@SIGMA	SIGMA	label	0x0000A47C	OK		
NOTPSYCHO_LP	NOTPSYCHO_LP@SIGMA	SIGMA	label	0x0000A494	OK		
NOSL2DIE	NOSL2DIE@SIGMA	SIGMA	label	0x0000A4A7	OK		
NOSL2DIE2	NOSL2DIE2@SIGMA	SIGMA	label	0x0000A4A9	OK		
NOBUMP	NOBUMP@SIGMA	SIGMA	label	0x0000A4B0	OK		
NOYELL	NOYELL@SIGMA	SIGMA	label	0x0000A4CA	OK		
CHECK_DIST	CHECK_DIST@SIGMA	SIGMA	label	0x0000A4D6	OK		
THIS_PIECE	THIS_PIECE@SIGMA	SIGMA	label	0x0000A4EA	OK		
JOINUP998	JOINUP998@SIGMA	SIGMA	code	0x0000A4F9	OK		
NODIV	NODIV@SIGMA	SIGMA	label	0x0000A501	OK		
NOTPRECOL	NOTPRECOL@SIGMA	SIGMA	label	0x0000A508	OK		
L99	L99@SIGMA	SIGMA	label	0x0000A510	OK		
SIGMASLP	SIGMASLP@SIGMA	SIGMA	label	0x0000A516	OK		
BREAKDOWN	BREAKDOWN@SIGMA	SIGMA	label	0x0000A519	OK		
BREAKDOWNLP	BREAKDOWNLP@SIGMA	SIGMA	label	0x0000A51D	OK		
NOSMK	NOSMK@SIGMA	SIGMA	label	0x0000A526	OK		
BREAKDNSLP	BREAKDNSLP@SIGMA	SIGMA	label	0x0000A530	OK		
SIGMA_DIE	SIGMA_DIE@SIGMA	SIGMA	label	0x0000A533	OK		
DIV_F	DIV_F		code	0x0000A534	OK		
DIV_F30	DIV_F30		code	0x0000A534	OK		
DIV_I	DIV_I		code	0x0000A55C	OK		
DIV_I30	DIV_I30		code	0x0000A55C	OK		
return	return@ROUTS	ROUTS	label	0x0000A573	OK		
div_32	div_32@ROUTS	ROUTS	code	0x0000A579	OK		
zero	zero@ROUTS	ROUTS	label	0x0000A57D	OK		
DIV_U30	DIV_U30		code	0x0000A57F	OK		
div_32b	div_32b@ROUTS	ROUTS	label	0x0000A596	OK		
one	one@ROUTS	ROUTS	label	0x0000A5AC	OK		
zerob	zerob@ROUTS	ROUTS	label	0x0000A5AE	OK		
INV_F30	INV_F30		code	0x0000A5B0	OK		
MOD_I30	MOD_I30		code	0x0000A5D4	OK		
returnc	returnc@ROUTS	ROUTS	label	0x0000A5EA	OK		
mod_32	mod_32@ROUTS	ROUTS	code	0x0000A5F0	OK		
MOD_U30	MOD_U30		code	0x0000A5F4	OK		
mod_32c	mod_32c@ROUTS	ROUTS	label	0x0000A60A	OK		
onec	onec@ROUTS	ROUTS	label	0x0000A618	OK		
zeroc	zeroc@ROUTS	ROUTS	code	0x0000A61A	OK		
SQRT	SQRT		label	0x0000A61C	OK		
COMM_DRONE	COMM_DRONE		code	0x0000A699	OK		
DOGENRLB	DOGENRLB@COMMDRNE	COMMDRNE	code	0x0000A6A2	OK		
NNDDF3	NNDDF3@COMMDRNE	COMMDRNE	label	0x0000A6F8	OK		
NOTPLYR	NOTPLYR@COMMDRNE	COMMDRNE	label	0x0000A714	OK		
COMMDRNE_LP	COMMDRNE_LP@COMMDRNE	COMMDRNE	label	0x0000A715	OK		
COMM_DRONE_PTR_SORT	COMM_DRONE_PTR_SORT		code	0x0000A723	OK		
REGULAR	REGULAR@COMMDRNE	COMMDRNE	code	0x0000A725	OK		
OM_DRONE	OM_DRONE		label	0x0000A743	OK		
OM_DRONEL	OM_DRONEL@COMMDRNE	COMMDRNE	label	0x0000A745	OK		
DRONELL	DRONELL@COMMDRNE	COMMDRNE	label	0x0000A75A	OK		
ENABLEGIE	ENABLEGIE		code	0x0000A75C	OK		
POINT	POINT@FONT1A	FONT1A	data	0x0000A75D	OK		
_ftoa	_ftoa		code	0x0000A75E	OK		
_itoaLZ	_itoaLZ		code	0x0000A779	OK		
_itoa	_itoa		code	0x0000A78D	OK		
itoa1	itoa1@FONT1A	FONT1A	label	0x0000A79E	OK		
NOLEADINGZERO	NOLEADINGZERO@FONT1A	FONT1A	label	0x0000A7AE	OK		
LOOP2	LOOP2@FONT1A	FONT1A	code	0x0000A7B4	OK		
NOTNEG	NOTNEG@FONT1A	FONT1A	label	0x0000A7B4	OK		
DALOP	DALOP@FONT1A	FONT1A	label	0x0000A7BD	OK		
itoaX	itoaX@FONT1A	FONT1A	label	0x0000A7C4	OK		
ISZERO2	ISZERO2@FONT1A	FONT1A	label	0x0000A7CF	OK		
ISZERO	ISZERO@FONT1A	FONT1A	label	0x0000A7D3	OK		
HEX2ASC	HEX2ASC		code	0x0000A7D7	OK		
htoa1	htoa1@FONT1A	FONT1A	label	0x0000A7E4	OK		
DDJ	DDJ@FONT1A	FONT1A	label	0x0000A7EA	OK		
JJK	JJK@FONT1A	FONT1A	label	0x0000A7EB	OK		
LOOP2H	LOOP2H@FONT1A	FONT1A	code	0x0000A7F1	OK		
HDALOP	HDALOP@FONT1A	FONT1A	label	0x0000A7FA	OK		
htoaX	htoaX@FONT1A	FONT1A	label	0x0000A801	OK		
ISZEROH	ISZEROH@FONT1A	FONT1A	label	0x0000A80C	OK		
_fill	_fill		code	0x0000A810	OK		
FILLLP1	FILLLP1@FONT1A	FONT1A	label	0x0000A811	OK		
_outtextxyc	_outtextxyc		code	0x0000A81F	OK		
OLP	OLP@FONT1A	FONT1A	code	0x0000A823	OK		
REGLP	REGLP@FONT1A	FONT1A	label	0x0000A827	OK		
OUTRLP	OUTRLP@FONT1A	FONT1A	label	0x0000A833	OK		
LOOP1	LOOP1@FONT1A	FONT1A	code	0x0000A836	OK		
NPLOT	NPLOT@FONT1A	FONT1A	label	0x0000A842	OK		
NXTCHAR	NXTCHAR@FONT1A	FONT1A	label	0x0000A84A	OK		
oucX	oucX@FONT1A	FONT1A	label	0x0000A84C	OK		
_pixel	_pixel		code	0x0000A84F	OK		
PACTIVEI	PACTIVEI		data	0x0000A86B	OK		
PFREEI	PFREEI@MPROC	MPROC	data	0x0000A86C	OK		
PRCSTRI	PRCSTRI@MPROC	MPROC	data	0x0000A86D	OK		
PRC_DEBUG_CHECK	PRC_DEBUG_CHECK@MPROC	MPROC	code	0x0000A86E	OK		
PRC_CREATE	PRC_CREATE		code	0x0000A86F	OK		
GETPROC0	GETPROC0@MPROC	MPROC	label	0x0000A87C	OK		
GETPROCX	GETPROCX@MPROC	MPROC	label	0x0000A891	OK		
PRC_CREATE_CHILD	PRC_CREATE_CHILD		code	0x0000A893	OK		
PRC_DISPATCH	PRC_DISPATCH		code	0x0000A89D	OK		
DISPPROC	DISPPROC@MPROC	MPROC	code	0x0000A89D	OK		
PRC_SLEEP	PRC_SLEEP		code	0x0000A89F	OK		
SLEEP	SLEEP		code	0x0000A89F	OK		
NEXTPRC	NEXTPRC@MPROC	MPROC	label	0x0000A8AC	OK		
NP1	NP1@MPROC	MPROC	code	0x0000A8AD	OK		
EXEC	EXEC@MPROC	MPROC	code	0x0000A8B5	OK		
DISPPRCX	DISPPRCX@MPROC	MPROC	label	0x0000A8C0	OK		
PRC_SUICIDE	PRC_SUICIDE		label	0x0000A8C1	OK		
SUICIDE	SUICIDE		label	0x0000A8C1	OK		
DIELP	DIELP@MPROC	MPROC	code	0x0000A8C6	OK		
PRC_KILL	PRC_KILL		code	0x0000A8D7	OK		
KILLP	KILLP@MPROC	MPROC	label	0x0000A8E4	OK		
KILL_X	KILL_X@MPROC	MPROC	label	0x0000A8F7	OK		
PRC_KILLALL	PRC_KILLALL		code	0x0000A8FA	OK		
KILLALLP	KILLALLP@MPROC	MPROC	label	0x0000A8FE	OK		
KLP0	KLP0@MPROC	MPROC	label	0x0000A8FF	OK		
KADONE	KADONE@MPROC	MPROC	label	0x0000A90E	OK		
PRC_EXISTP	PRC_EXISTP		code	0x0000A911	OK		
EXPL	EXPL@MPROC	MPROC	label	0x0000A916	OK		
EXDONE	EXDONE@MPROC	MPROC	label	0x0000A91E	OK		
PRC_INIT	PRC_INIT		code	0x0000A920	OK		
PINITL	PINITL@MPROC	MPROC	label	0x0000A92C	OK		
PRC_XFER	PRC_XFER		code	0x0000A933	OK		
PRC_FINDNEXT	PRC_FINDNEXT		code	0x0000A939	OK		
PRC_FIND	PRC_FIND		code	0x0000A93D	OK		
FINDLP	FINDLP@MPROC	MPROC	label	0x0000A941	OK		
FINDE	FINDE@MPROC	MPROC	label	0x0000A943	OK		
FINDPROCX	FINDPROCX@MPROC	MPROC	label	0x0000A948	OK		
PRC_FOLLOW	PRC_FOLLOW		code	0x0000A94A	OK		
PFOLLP	PFOLLP@MPROC	MPROC	label	0x0000A94F	OK		
PROC_FOLLOW_X	PROC_FOLLOW_X@MPROC	MPROC	label	0x0000A961	OK		
_MIDWAYSPIN	_MIDWAYSPIN		code	0x0000A966	OK		
DOMUS	DOMUS@ATTRACTA	ATTRACTA	label	0x0000A979	OK		
NO_NINTENDO	NO_NINTENDO@ATTRACTA	ATTRACTA	label	0x0000A97C	OK		
MSLP1	MSLP1@ATTRACTA	ATTRACTA	label	0x0000A9A4	OK		
MSLP2	MSLP2@ATTRACTA	ATTRACTA	code	0x0000A9B2	OK		
MSLP_CHECK	MSLP_CHECK@ATTRACTA	ATTRACTA	code	0x0000A9B6	OK		
MSLP3	MSLP3@ATTRACTA	ATTRACTA	label	0x0000A9BF	OK		
MSLP4	MSLP4@ATTRACTA	ATTRACTA	label	0x0000A9C0	OK		
MSLPX	MSLPX@ATTRACTA	ATTRACTA	code	0x0000A9C2	OK		
MIDWAYSPINENTER	MIDWAYSPINENTER		label	0x0000A9C6	OK		
MSLP1a	MSLP1a@ATTRACTA	ATTRACTA	code	0x0000A9E6	OK		
SPIN_CARTABI	SPIN_CARTABI@ATTRACTA	ATTRACTA	data	0x0000A9F7	OK		
SPIN_CAR	SPIN_CAR		code	0x0000A9F8	OK		
SPIN_CAR_WAIT	SPIN_CAR_WAIT@ATTRACTA	ATTRACTA	label	0x0000AA23	OK		
SPIN_CARLP	SPIN_CARLP@ATTRACTA	ATTRACTA	label	0x0000AA29	OK		
TEXTTOGET	TEXTTOGET@ATTRACTA	ATTRACTA	code	0x0000AA37	OK		
TXTLP	TXTLP@ATTRACTA	ATTRACTA	code	0x0000AA3B	OK		
NXTWT	NXTWT@ATTRACTA	ATTRACTA	label	0x0000AA40	OK		
TXTLPA	TXTLPA@ATTRACTA	ATTRACTA	code	0x0000AA44	OK		
TXTLPB	TXTLPB@ATTRACTA	ATTRACTA	label	0x0000AA47	OK		
DEMOTHANKS	DEMOTHANKS@ATTRACTA	ATTRACTA	code	0x0000AA4A	OK		
DTLP	DTLP@ATTRACTA	ATTRACTA	code	0x0000AA50	OK		
LEG_MAPI	LEG_MAPI		data	0x0000AA5F	OK		
LEG_INIT	LEG_INIT		code	0x0000AA60	OK		
ELEMENT_INIT	ELEMENT_INIT@LEG	LEG	code	0x0000AA69	OK		
ELEMENT_GET	ELEMENT_GET@LEG	LEG	code	0x0000AA70	OK		
LEGLLI	LEGLLI@LEG	LEG	data	0x0000AA77	OK		
ELEMENT_ADD	ELEMENT_ADD@LEG	LEG	code	0x0000AA78	OK		
R65	R65@LEG	LEG	code	0x0000AA7A	OK		
QT	QT@LEG	LEG	label	0x0000AA81	OK		
ELEMENT_DUMP_INTO_LEGMAP	ELEMENT_DUMP_INTO_LEGMAP@LEG	LEG	code	0x0000AA84	OK		
EDILL	EDILL@LEG	LEG	code	0x0000AA88	OK		
K99	K99@LEG	LEG	label	0x0000AA90	OK		
ENDIT	ENDIT@LEG	LEG	label	0x0000AA92	OK		
LEG_GENERATE_MAP	LEG_GENERATE_MAP		code	0x0000AA96	OK		
GENMAPLP	GENMAPLP@LEG	LEG	code	0x0000AA9B	OK		
LPP	LPP@LEG	LEG	code	0x0000AA9B	OK		
NOOVERA	NOOVERA@LEG	LEG	label	0x0000AAA1	OK		
CNTA	CNTA@LEG	LEG	label	0x0000AAA4	OK		
CNTNA	CNTNA@LEG	LEG	label	0x0000AAA7	OK		
DNFND	DNFND@LEG	LEG	label	0x0000AAA9	OK		
LOAD_LP	LOAD_LP@LEG	LEG	label	0x0000AAAA	OK		
NOOVERB	NOOVERB@LEG	LEG	label	0x0000AAAF	OK		
CNTB	CNTB@LEG	LEG	label	0x0000AAB2	OK		
CNTNB	CNTNB@LEG	LEG	label	0x0000AAB5	OK		
LOAD_LP2	LOAD_LP2@LEG	LEG	label	0x0000AABB	OK		
NOOVERB2	NOOVERB2@LEG	LEG	label	0x0000AAC0	OK		
CNTB2	CNTB2@LEG	LEG	label	0x0000AAC3	OK		
CNTNB2	CNTNB2@LEG	LEG	label	0x0000AAC6	OK		
LEG_ADD_GROUP	LEG_ADD_GROUP@LEG	LEG	code	0x0000AACD	OK		
L12	L12@LEG	LEG	code	0x0000AAE8	OK		
ISOVER	ISOVER@LEG	LEG	label	0x0000AAF5	OK		
ISOVERA	ISOVERA@LEG	LEG	code	0x0000AAFF	OK		
NOTREVERSED	NOTREVERSED@LEG	LEG	label	0x0000AB0F	OK		
JOIN_UP	JOIN_UP@LEG	LEG	label	0x0000AB1F	OK		
NOTRVSTRK	NOTRVSTRK@LEG	LEG	label	0x0000AB2D	OK		
NOTDYNAROAD	NOTDYNAROAD@LEG	LEG	label	0x0000AB3B	OK		
ACTIVATE_X	ACTIVATE_X@LEG	LEG	code	0x0000AB3D	OK		
GENERATE_LINEAR_DISTANCE	GENERATE_LINEAR_DISTANCE@LEG	LEG	code	0x0000AB49	OK		
ERROR_LOG	ERROR_LOG		code	0x0000AB4A	OK		
ERROR_X	ERROR_X@ERROR	ERROR	label	0x0000AB99	OK		
ERROR_LOG_DISPLAY	ERROR_LOG_DISPLAY		code	0x0000ABA9	OK		
ERRLOG_D	ERRLOG_D@ERROR	ERROR	label	0x0000ABBC	OK		
NEXT_PAGE	NEXT_PAGE@ERROR	ERROR	label	0x0000ABC0	OK		
ERRLOG_D2	ERRLOG_D2@ERROR	ERROR	label	0x0000ABD1	OK		
BIGLOOP	BIGLOOP@ERROR	ERROR	label	0x0000ABD4	OK		
ONE_LOG	ONE_LOG@ERROR	ERROR	code	0x0000ABF1	OK		
ION	ION@ERROR	ERROR	label	0x0000AC01	OK		
LLPPT	LLPPT@ERROR	ERROR	label	0x0000AC08	OK		
NOCLEAR	NOCLEAR@ERROR	ERROR	label	0x0000AC17	OK		
NOT_NEXT_PAGE	NOT_NEXT_PAGE@ERROR	ERROR	label	0x0000AC20	OK		
BOOKX2	BOOKX2@ERROR	ERROR	label	0x0000AC23	OK		
BOOKX	BOOKX@ERROR	ERROR	label	0x0000AC28	OK		
_rectangle	_rectangle		code	0x0000AC2C	OK		
_line	_line		code	0x0000AC53	OK		
L5	L5@LINE	LINE	label	0x0000AC7E	OK		
L44	L44@LINE	LINE	label	0x0000AC85	OK		
L10	L10@LINE	LINE	label	0x0000AC8F	OK		
L43	L43@LINE	LINE	label	0x0000AC93	OK		
L14	L14@LINE	LINE	label	0x0000AC9D	OK		
L16	L16@LINE	LINE	label	0x0000ACA5	OK		
L17	L17@LINE	LINE	label	0x0000ACB2	OK		
L42	L42@LINE	LINE	label	0x0000ACB9	OK		
L22	L22@LINE	LINE	label	0x0000ACC3	OK		
L41	L41@LINE	LINE	label	0x0000ACC7	OK		
L26	L26@LINE	LINE	label	0x0000ACD1	OK		
L28	L28@LINE	LINE	label	0x0000ACD6	OK		
L40	L40@LINE	LINE	label	0x0000ACDA	OK		
L32	L32@LINE	LINE	label	0x0000ACE2	OK		
L34	L34@LINE	LINE	label	0x0000ACE6	OK		
L39	L39@LINE	LINE	label	0x0000ACEA	OK		
L38	L38@LINE	LINE	label	0x0000ACF1	OK		
SECTION_ROUTINE	SECTION_ROUTINE		code	0x0000ACFA	OK		
ROUTINE_TABLEI	ROUTINE_TABLEI@OVERLAY	OVERLAY	data	0x0000AD00	OK		
ROUTINE_TABLE	ROUTINE_TABLE@OVERLAY	OVERLAY	data	0x0000AD01	OK		
OL	OL@OVERLAY	OVERLAY	code	0x0000AD2F	OK		
OVERLOCK	OVERLOCK@OVERLAY	OVERLAY	code	0x0000AD2F	OK		
CHECKPOINT_HIT_R	CHECKPOINT_HIT_R		code	0x0000AD30	OK		
CHECKPOINT_HIT	CHECKPOINT_HIT		code	0x0000AD33	OK		
JJGH	JJGH@OVERLAY	OVERLAY	label	0x0000AD3A	OK		
CPHX	CPHX@OVERLAY	OVERLAY	label	0x0000AD47	OK		
WATERON	WATERON@OVERLAY	OVERLAY	code	0x0000AD4A	OK		
WATEROFF	WATEROFF@OVERLAY	OVERLAY	code	0x0000AD4E	OK		
HELISTART	HELISTART@OVERLAY	OVERLAY	code	0x0000AD52	OK		
HELIEND	HELIEND@OVERLAY	OVERLAY	code	0x0000AD58	OK		
RAILPRIME	RAILPRIME@OVERLAY	OVERLAY	code	0x0000AD5B	OK		
RR_UNFREEZE	RR_UNFREEZE@OVERLAY	OVERLAY	code	0x0000AD5F	OK		
BRIDGE_OFF	BRIDGE_OFF@OVERLAY	OVERLAY	code	0x0000AD62	OK		
BRIDGE_ON	BRIDGE_ON@OVERLAY	OVERLAY	code	0x0000AD66	OK		
BOFFNC	BOFFNC@OVERLAY	OVERLAY	code	0x0000AD6A	OK		
TUNNEL_ON	TUNNEL_ON@OVERLAY	OVERLAY	code	0x0000AD6C	OK		
TUNNEL_OFF	TUNNEL_OFF@OVERLAY	OVERLAY	code	0x0000AD70	OK		
START_SANFRAN	START_SANFRAN@OVERLAY	OVERLAY	code	0x0000AD74	OK		
BEACHON	BEACHON@OVERLAY	OVERLAY	code	0x0000AD75	OK		
REDWOOD_START	REDWOOD_START@OVERLAY	OVERLAY	code	0x0000AD7F	OK		
LOOK_SANFRANCISCO	LOOK_SANFRANCISCO@OVERLAY	OVERLAY	code	0x0000AD8A	OK		
LOOK_REDWOOD	LOOK_REDWOOD@OVERLAY	OVERLAY	code	0x0000AD8D	OK		
LOOK_MIDWEST	LOOK_MIDWEST@OVERLAY	OVERLAY	code	0x0000AD90	OK		
LOOK_MTRUSHMORE	LOOK_MTRUSHMORE@OVERLAY	OVERLAY	code	0x0000AD93	OK		
LOOK_DEATHVALLEY	LOOK_DEATHVALLEY@OVERLAY	OVERLAY	code	0x0000AD96	OK		
LOOK_GCANYON	LOOK_GCANYON@OVERLAY	OVERLAY	code	0x0000AD99	OK		
LOOK_HOLLYWOOD	LOOK_HOLLYWOOD@OVERLAY	OVERLAY	code	0x0000AD9C	OK		
CHANGE_TUNE	CHANGE_TUNE@OVERLAY	OVERLAY	code	0x0000AD9F	OK		
SET_BGNDCOL2BROWN	SET_BGNDCOL2BROWN@OVERLAY	OVERLAY	code	0x0000ADA1	OK		
TURNOFF_INFINITY	TURNOFF_INFINITY@OVERLAY	OVERLAY	code	0x0000ADA9	OK		
TURNON_INFINITY	TURNON_INFINITY@OVERLAY	OVERLAY	code	0x0000ADAD	OK		
TOWER_PAL_LD	TOWER_PAL_LD@OVERLAY	OVERLAY	code	0x0000ADB1	OK		
TOWER_PAL_RESTORE	TOWER_PAL_RESTORE@OVERLAY	OVERLAY	code	0x0000ADB8	OK		
END_OF_GAME	END_OF_GAME@OVERLAY	OVERLAY	code	0x0000ADC0	OK		
FLAME_PRC	FLAME_PRC		code	0x0000ADC3	OK		
FLAME_ANI_LOOP	FLAME_ANI_LOOP@FLAME	FLAME	code	0x0000ADF2	OK		
FLAME_ANIX	FLAME_ANIX@FLAME	FLAME	label	0x0000AE09	OK		
FLAME_DIE	FLAME_DIE@FLAME	FLAME	label	0x0000AE0F	OK		
FLANX1	FLANX1@FLAME	FLAME	label	0x0000AE0F	OK		
animate_child	animate_child@FLAME	FLAME	code	0x0000AE10	OK		
set_frame	set_frame@FLAME	FLAME	code	0x0000AE10	OK		
FLAMESORT	FLAMESORT		code	0x0000AE35	OK		
FLMSORT_LOOP	FLMSORT_LOOP@FLAME	FLAME	code	0x0000AE38	OK		
FLMSORTX	FLMSORTX@FLAME	FLAME	label	0x0000AE4E	OK		
GETCARBODY	GETCARBODY		code	0x0000AE4F	OK		
FBLOOP	FBLOOP@FLAME	FLAME	label	0x0000AE50	OK		
FOUND_BODY	FOUND_BODY@FLAME	FLAME	label	0x0000AE55	OK		
FIND_NEXT_OBJ	FIND_NEXT_OBJ		code	0x0000AE57	OK		
OFN	OFN@FLAME	FLAME	code	0x0000AE5B	OK		
OFNX	OFNX@FLAME	FLAME	label	0x0000AE62	OK		
OFNX1	OFNX1@FLAME	FLAME	label	0x0000AE66	OK		
DELTA_OINIT	DELTA_OINIT		code	0x0000AE6A	OK		
NOTDEGRADE	NOTDEGRADE@DELTA	DELTA	label	0x0000AE92	OK		
NODYNAX1	NODYNAX1@DELTA	DELTA	label	0x0000AE99	OK		
DDYNA_INIT	DDYNA_INIT@DELTA	DELTA	code	0x0000AE9A	OK		
WHEELLP	WHEELLP@DELTA	DELTA	label	0x0000AEBB	OK		
VANIX	VANIX@DELTA	DELTA	label	0x0000AED0	OK		
DRONE_DANI_PROCI	DRONE_DANI_PROCI@DELTA	DELTA	data	0x0000AED7	OK		
DRONE_DANI_PROC	DRONE_DANI_PROC@DELTA	DELTA	data	0x0000AED8	OK		
CARPROCL	CARPROCL@DELTA	DELTA	label	0x0000AEDD	OK		
CDTOP	CDTOP@DELTA	DELTA	label	0x0000AEEC	OK		
CARSLP	CARSLP@DELTA	DELTA	label	0x0000AEF8	OK		
_rdma	_rdma		code	0x0000AEFC	OK		
_stuff_fpga	_stuff_fpga		code	0x0000AF06	OK		
STUFFWT	STUFFWT@TOTALA	TOTALA	code	0x0000AF0E	OK		
LP1	LP1@TOTALA	TOTALA	label	0x0000AF22	OK		
BLTMOD2D_NOPAL	BLTMOD2D_NOPAL		code	0x0000AF36	OK		
BLTMOD2D	BLTMOD2D		code	0x0000AF43	OK		
SKIPPALENTRY	SKIPPALENTRY@TOTALA	TOTALA	label	0x0000AF54	OK		
BLTMOD2D_DS	BLTMOD2D_DS		code	0x0000AF78	OK		
ROAD_DEBRISI	ROAD_DEBRISI		data	0x0000AF84	OK		
INIT_RDDEBRIS	INIT_RDDEBRIS		code	0x0000AF85	OK		
ADD_RDDEBRIS	ADD_RDDEBRIS		code	0x0000AF88	OK		
FREE_RDDEBRIS	FREE_RDDEBRIS		code	0x0000AF96	OK		
FREELP	FREELP@ROADBLCK	ROADBLCK	code	0x0000AF9A	OK		
FREEDR_X	FREEDR_X@ROADBLCK	ROADBLCK	label	0x0000AFA1	OK		
MAXDIST	MAXDIST@ROADBLCK	ROADBLCK	data	0x0000AFA4	OK		
DEBRIS_SORT	DEBRIS_SORT		code	0x0000AFA5	OK		
DSORTL	DSORTL@ROADBLCK	ROADBLCK	label	0x0000AFA9	OK		
DSORTNXT	DSORTNXT@ROADBLCK	ROADBLCK	label	0x0000AFB1	OK		
DSORTX	DSORTX@ROADBLCK	ROADBLCK	code	0x0000AFB6	OK		
DBINSLP	DBINSLP@ROADBLCK	ROADBLCK	label	0x0000AFBC	OK		
GETRK0	GETRK0@ROADBLCK	ROADBLCK	label	0x0000AFC2	OK		
GETRK	GETRK@ROADBLCK	ROADBLCK	label	0x0000AFC4	OK		
GETRKL	GETRKL@ROADBLCK	ROADBLCK	code	0x0000AFCC	OK		
GETLINK	GETLINK@ROADBLCK	ROADBLCK	label	0x0000AFD4	OK		
SHLOOP	SHLOOP@ROADBLCK	ROADBLCK	label	0x0000AFDD	OK		
SHDONE	SHDONE@ROADBLCK	ROADBLCK	label	0x0000AFE8	OK		
IDB1	IDB1@ROADBLCK	ROADBLCK	label	0x0000AFED	OK		
IDBX	IDBX@ROADBLCK	ROADBLCK	label	0x0000AFF1	OK		
NUWHEEL	NUWHEEL		code	0x0000AFF2	OK		
NUWHL1	NUWHL1@WHEEL	WHEEL	label	0x0000AFFD	OK		
NBON	NBON@WHEEL	WHEEL	label	0x0000B001	OK		
NIC	NIC@WHEEL	WHEEL	label	0x0000B005	OK		
NUWHL2	NUWHL2@WHEEL	WHEEL	label	0x0000B009	OK		
NUWHL3	NUWHL3@WHEEL	WHEEL	label	0x0000B00D	OK		
NUWHL	NUWHL@WHEEL	WHEEL	label	0x0000B010	OK		
TOWHEEL	TOWHEEL		code	0x0000B031	OK		
_HPsin	_HPsin		code	0x0000B04A	OK		
LL3	LL3@HPMATH	HPMATH	label	0x0000B05A	OK		
_HPcos	_HPcos		code	0x0000B072	OK		
SCREENWIPE_OPEN	SCREENWIPE_OPEN		code	0x0000B09F	OK		
SCREENWIPE_CLOSE	SCREENWIPE_CLOSE		code	0x0000B0A5	OK		
SCREENWIPE_OPEN_PRC_FAST	SCREENWIPE_OPEN_PRC_FAST		code	0x0000B0AB	OK		
SCREENWIPE_OPEN_PRC	SCREENWIPE_OPEN_PRC		code	0x0000B0AC	OK		
SCREENWIPE_CLOSE_PRC	SCREENWIPE_CLOSE_PRC		code	0x0000B0AD	OK		
GET_EFFECTS_OBJS	GET_EFFECTS_OBJS@EFFECTS	EFFECTS	code	0x0000B0AE	OK		
MEMCPY	MEMCPY@EFFECTS	EFFECTS	code	0x0000B0AF	OK		
COIN_TABLEI	COIN_TABLEI		data	0x0000B0B0	OK		
COIN_TABLEENDI	COIN_TABLEENDI@COINTAB	COINTAB	data	0x0000B0B1	OK		
COUNTRY_TABI	COUNTRY_TABI@COINTAB	COINTAB	data	0x0000B0B2	OK		
COUNTRY_DEFAULTSI	COUNTRY_DEFAULTSI@COINTAB	COINTAB	data	0x0000B0B3	OK		
COINMSGC_TABI	COINMSGC_TABI@COINTAB	COINTAB	data	0x0000B0B4	OK		
COUNTRY_DEFAULTS_ENDI	COUNTRY_DEFAULTS_ENDI@COINTAB	COINTAB	data	0x0000B0B5	OK		
FONTDIGLGI	FONTDIGLGI		data	0x0000B0B6	OK		
FONTDIGSMI	FONTDIGSMI		data	0x0000B0B7	OK		
FONTN43TABI	FONTN43TABI		data	0x0000B0B8	OK		
FONT40TABI	FONT40TABI		data	0x0000B0B9	OK		
_SECcorn	_SECcorn		data	0x0000B0BA	OK		
_SEChead2head	_SEChead2head		data	0x0000B0BC	OK		
_SECshared_ptr_0000B0BF	_SECshared_ptr_0000B0BF		data	0x0000B0BF	OK		
_SECskys_ptr_0000B0C0	_SECskys_ptr_0000B0C0		data	0x0000B0C0	OK		
_SECgeneral_ptr_0000B0C1	_SECgeneral_ptr_0000B0C1		data	0x0000B0C1	OK		
_SEChead2head_ptr_0000B0C2	_SEChead2head_ptr_0000B0C2		data	0x0000B0C2	OK		
_SECpress_ptr_0000B0C3	_SECpress_ptr_0000B0C3		data	0x0000B0C3	OK		
startup0_ptr_0000B0C5	startup0_ptr_0000B0C5		data	0x0000B0C5	OK		
startup1_ptr_0000B0C6	startup1_ptr_0000B0C6		data	0x0000B0C6	OK		
startup2_ptr_0000B0C7	startup2_ptr_0000B0C7		data	0x0000B0C7	OK		
startup3_ptr_0000B0C8	startup3_ptr_0000B0C8		data	0x0000B0C8	OK		
dlts_ptr_0000B0C9	dlts_ptr_0000B0C9		data	0x0000B0C9	OK		
VERSION_STAMP_ptr_0000B0CA	VERSION_STAMP_ptr_0000B0CA		data	0x0000B0CA	OK		
INTERNAL_VERS_ptr_0000B0CB	INTERNAL_VERS_ptr_0000B0CB		data	0x0000B0CB	OK		
DATE_STAMP_ptr_0000B0CC	DATE_STAMP_ptr_0000B0CC		data	0x0000B0CC	OK		
M1_ptr_0000B0CD	M1_ptr_0000B0CD		data	0x0000B0CD	OK		
M2_ptr_0000B0CE	M2_ptr_0000B0CE		data	0x0000B0CE	OK		
M3_ptr_0000B0CF	M3_ptr_0000B0CF		data	0x0000B0CF	OK		
M4_ptr_0000B0D0	M4_ptr_0000B0D0		data	0x0000B0D0	OK		
M5_ptr_0000B0D1	M5_ptr_0000B0D1		data	0x0000B0D1	OK		
M6_ptr_0000B0D2	M6_ptr_0000B0D2		data	0x0000B0D2	OK		
M7_ptr_0000B0D3	M7_ptr_0000B0D3		data	0x0000B0D3	OK		
M8_ptr_0000B0D4	M8_ptr_0000B0D4		data	0x0000B0D4	OK		
M9_ptr_0000B0D5	M9_ptr_0000B0D5		data	0x0000B0D5	OK		
DIAGPAL_ptr_0000B0DA	DIAGPAL_ptr_0000B0DA		data	0x0000B0DA	OK		
press_PALETTES_ptr_0000B0E0	press_PALETTES_ptr_0000B0E0		data	0x0000B0E0	OK		
midway_ptr_0000B0EF	midway_ptr_0000B0EF		data	0x0000B0EF	OK		
midway_ptr_0000B0F0	midway_ptr_0000B0F0		data	0x0000B0F0	OK		
cornpops_ptr_0000B0F3	cornpops_ptr_0000B0F3		data	0x0000B0F3	OK		
CORNPAL_ptr_0000B0F5	CORNPAL_ptr_0000B0F5		data	0x0000B0F5	OK		
SINGLE_SECTION_TEMPPTR_ptr_0000B101	SINGLE_SECTION_TEMPPTR_ptr_0000B101		data	0x0000B101	OK		
SINGLE_SECTION_TEMPPTR_ptr_0000B105	SINGLE_SECTION_TEMPPTR_ptr_0000B105		data	0x0000B105	OK		
BHDDFAS_ptr_0000B108	BHDDFAS_ptr_0000B108		data	0x0000B108	OK		
font18_white_ptr_0000B109	font18_white_ptr_0000B109		data	0x0000B109	OK		
big2_ptr_0000B10A	big2_ptr_0000B10A		data	0x0000B10A	OK		
H2HPAL3_ptr_0000B10B	H2HPAL3_ptr_0000B10B		data	0x0000B10B	OK		
redhd1_ptr_0000B10C	redhd1_ptr_0000B10C		data	0x0000B10C	OK		
H2HPAL2_ptr_0000B10D	H2HPAL2_ptr_0000B10D		data	0x0000B10D	OK		
yelhd1_ptr_0000B10E	yelhd1_ptr_0000B10E		data	0x0000B10E	OK		
H2HPAL2_ptr_0000B10F	H2HPAL2_ptr_0000B10F		data	0x0000B10F	OK		
shared_PALETTES_ptr_0000B122	shared_PALETTES_ptr_0000B122		data	0x0000B122	OK		
shared_PALETTES_ptr_0000B123	shared_PALETTES_ptr_0000B123		data	0x0000B123	OK		
_SECshared_ptr_0000B124	_SECshared_ptr_0000B124		data	0x0000B124	OK		
dc_shared_PALETTES_ptr_0000B133	dc_shared_PALETTES_ptr_0000B133		data	0x0000B133	OK		
finale_PALETTES_ptr_0000B134	finale_PALETTES_ptr_0000B134		data	0x0000B134	OK		
WINT1_ptr_0000B139	WINT1_ptr_0000B139		data	0x0000B139	OK		
font18_white_ptr_0000B13A	font18_white_ptr_0000B13A		data	0x0000B13A	OK		
WINT2_ptr_0000B13B	WINT2_ptr_0000B13B		data	0x0000B13B	OK		
font18_white_ptr_0000B13C	font18_white_ptr_0000B13C		data	0x0000B13C	OK		
FRA1_ptr_0000B13D	FRA1_ptr_0000B13D		data	0x0000B13D	OK		
FRA2_ptr_0000B13E	FRA2_ptr_0000B13E		data	0x0000B13E	OK		
FRA1_ptr_0000B13F	FRA1_ptr_0000B13F		data	0x0000B13F	OK		
star_ptr_0000B140	star_ptr_0000B140		data	0x0000B140	OK		
BT1_ptr_0000B142	BT1_ptr_0000B142		data	0x0000B142	OK		
BT1A_ptr_0000B143	BT1A_ptr_0000B143		data	0x0000B143	OK		
dnums_amber_ptr_0000B144	dnums_amber_ptr_0000B144		data	0x0000B144	OK		
RT2_ptr_0000B145	RT2_ptr_0000B145		data	0x0000B145	OK		
HH1_ptr_0000B146	HH1_ptr_0000B146		data	0x0000B146	OK		
HH2_ptr_0000B147	HH2_ptr_0000B147		data	0x0000B147	OK		
font18_white_ptr_0000B148	font18_white_ptr_0000B148		data	0x0000B148	OK		
NULLSTR5_ptr_0000B149	NULLSTR5_ptr_0000B149		data	0x0000B149	OK		
BT2_ptr_0000B14A	BT2_ptr_0000B14A		data	0x0000B14A	OK		
EXPIRED_ptr_0000B14B	EXPIRED_ptr_0000B14B		data	0x0000B14B	OK		
font18_white_ptr_0000B14C	font18_white_ptr_0000B14C		data	0x0000B14C	OK		
CHOPPERDYNA_ptr_0000B14D	CHOPPERDYNA_ptr_0000B14D		data	0x0000B14D	OK		
CHOPPERANI_ptr_0000B14E	CHOPPERANI_ptr_0000B14E		data	0x0000B14E	OK		
font18_white_ptr_0000B151	font18_white_ptr_0000B151		data	0x0000B151	OK		
font18_white_ptr_0000B152	font18_white_ptr_0000B152		data	0x0000B152	OK		
osg10fnt_white_ptr_0000B153	osg10fnt_white_ptr_0000B153		data	0x0000B153	OK		
VOLUME_COUNT_ptr_0000B154	VOLUME_COUNT_ptr_0000B154		data	0x0000B154	OK		
VOLUME_TXT_ptr_0000B155	VOLUME_TXT_ptr_0000B155		data	0x0000B155	OK		
h2p1_ptr_0000B157	h2p1_ptr_0000B157		data	0x0000B157	OK		
h2p2_ptr_0000B158	h2p2_ptr_0000B158		data	0x0000B158	OK		
H2HPAL1_ptr_0000B159	H2HPAL1_ptr_0000B159		data	0x0000B159	OK		
COMMQ_TMP_BUFF_ptr_0000B15A	COMMQ_TMP_BUFF_ptr_0000B15A		data	0x0000B15A	OK		
bnout1_smoke_ptr_0000B162	bnout1_smoke_ptr_0000B162		data	0x0000B162	OK		
coco1_ptr_0000B164	coco1_ptr_0000B164		data	0x0000B164	OK		
TIBO	TIBO@ERROR	ERROR	data	0x0000B170	OK		
TIBO_ptr_0000B171	TIBO_ptr_0000B171		data	0x0000B171	OK		
theheads_PALETTES_ptr_0000B174	theheads_PALETTES_ptr_0000B174		data	0x0000B174	OK		
_SECtheheads_ptr_0000B175	_SECtheheads_ptr_0000B175		data	0x0000B175	OK		
HEADS_ptr_0000B176	HEADS_ptr_0000B176		data	0x0000B176	OK		
font18_white_ptr_0000B177	font18_white_ptr_0000B177		data	0x0000B177	OK		
SET18FONTDS_WHITE_ptr_0000B17C	SET18FONTDS_WHITE_ptr_0000B17C		data	0x0000B17C	OK		
dc_PALETTES_ptr_0000B17F	dc_PALETTES_ptr_0000B17F		data	0x0000B17F	OK		
dc_shared_PALETTES_ptr_0000B180	dc_shared_PALETTES_ptr_0000B180		data	0x0000B180	OK		
finale_PALETTES_ptr_0000B181	finale_PALETTES_ptr_0000B181		data	0x0000B181	OK		
_SECdc_shared_ptr_0000B182	_SECdc_shared_ptr_0000B182		data	0x0000B182	OK		
_SECfinale_ptr_0000B183	_SECfinale_ptr_0000B183		data	0x0000B183	OK		
_SECdc_shared_ptr_0000B184	_SECdc_shared_ptr_0000B184		data	0x0000B184	OK		
preseal2_ptr_0000B185	preseal2_ptr_0000B185		data	0x0000B185	OK		
whitehse_grp_ptr_0000B187	whitehse_grp_ptr_0000B187		data	0x0000B187	OK		
font18_white_ptr_0000B192	font18_white_ptr_0000B192		data	0x0000B192	OK		
here1_ptr_0000B193	here1_ptr_0000B193		data	0x0000B193	OK		
BABE_TROPHY_SCRIPT_ptr_0000B194	BABE_TROPHY_SCRIPT_ptr_0000B194		data	0x0000B194	OK		
flag1_ptr_0000B196	flag1_ptr_0000B196		data	0x0000B196	OK		
BABE_FLAG_SCRIPT_ptr_0000B197	BABE_FLAG_SCRIPT_ptr_0000B197		data	0x0000B197	OK		
press_PALETTES_ptr_0000B19E	press_PALETTES_ptr_0000B19E		data	0x0000B19E	OK		
_SECpress_ptr_0000B19F	_SECpress_ptr_0000B19F		data	0x0000B19F	OK		
scroll_white_ptr_0000B1A0	scroll_white_ptr_0000B1A0		data	0x0000B1A0	OK		
press_grp_ptr_0000B1A1	press_grp_ptr_0000B1A1		data	0x0000B1A1	OK		
scroll_gr2_ptr_0000B1A2	scroll_gr2_ptr_0000B1A2		data	0x0000B1A2	OK		
pa_ptr_0000B1A3	pa_ptr_0000B1A3		data	0x0000B1A3	OK		
po_ptr_0000B1A4	po_ptr_0000B1A4		data	0x0000B1A4	OK		
po_ptr_0000B1A5	po_ptr_0000B1A5		data	0x0000B1A5	OK		
plate_darkp_ptr_0000B1A9	plate_darkp_ptr_0000B1A9		data	0x0000B1A9	OK		
plate_medp_ptr_0000B1AA	plate_medp_ptr_0000B1AA		data	0x0000B1AA	OK		
plate_lightp_ptr_0000B1AB	plate_lightp_ptr_0000B1AB		data	0x0000B1AB	OK		
plate_lightp1_ptr_0000B1AC	plate_lightp1_ptr_0000B1AC		data	0x0000B1AC	OK		
press_PALETTES_ptr_0000B1AF	press_PALETTES_ptr_0000B1AF		data	0x0000B1AF	OK		
dcol_ptr_0000B1B1	dcol_ptr_0000B1B1		data	0x0000B1B1	OK		
scroll_white_ptr_0000B1B2	scroll_white_ptr_0000B1B2		data	0x0000B1B2	OK		
plate_darkp_ptr_0000B1B3	plate_darkp_ptr_0000B1B3		data	0x0000B1B3	OK		
plate_medp_ptr_0000B1B4	plate_medp_ptr_0000B1B4		data	0x0000B1B4	OK		
plate_lightp_ptr_0000B1B5	plate_lightp_ptr_0000B1B5		data	0x0000B1B5	OK		
plate_lightp1_ptr_0000B1B6	plate_lightp1_ptr_0000B1B6		data	0x0000B1B6	OK		
press_PALETTES_ptr_0000B1B7	press_PALETTES_ptr_0000B1B7		data	0x0000B1B7	OK		
scroll_white_ptr_0000B1B9	scroll_white_ptr_0000B1B9		data	0x0000B1B9	OK		
press_grp_ptr_0000B1BA	press_grp_ptr_0000B1BA		data	0x0000B1BA	OK		
YOURLOSTTXT_ptr_0000B1BD	YOURLOSTTXT_ptr_0000B1BD		data	0x0000B1BD	OK		
OFFROADTXT_ptr_0000B1BE	OFFROADTXT_ptr_0000B1BE		data	0x0000B1BE	OK		
OFFROADBUFF_ptr_0000B1BF	OFFROADBUFF_ptr_0000B1BF		data	0x0000B1BF	OK		
rpm_ptr_0000B1C0	rpm_ptr_0000B1C0		data	0x0000B1C0	OK		
rpmman_ptr_0000B1C1	rpmman_ptr_0000B1C1		data	0x0000B1C1	OK		
rpmauto_ptr_0000B1C2	rpmauto_ptr_0000B1C2		data	0x0000B1C2	OK		
mph_ptr_0000B1CE	mph_ptr_0000B1CE		data	0x0000B1CE	OK		
kph_ptr_0000B1CF	kph_ptr_0000B1CF		data	0x0000B1CF	OK		
mphmph_ptr_0000B1D0	mphmph_ptr_0000B1D0		data	0x0000B1D0	OK		
time_ptr_0000B1D1	time_ptr_0000B1D1		data	0x0000B1D1	OK		
lgnum43_coolyelo_ptr_0000B1D2	lgnum43_coolyelo_ptr_0000B1D2		data	0x0000B1D2	OK		
dnums_amber_ptr_0000B1D3	dnums_amber_ptr_0000B1D3		data	0x0000B1D3	OK		
elap_ptr_0000B1D4	elap_ptr_0000B1D4		data	0x0000B1D4	OK		
POS_TABLEI	POS_TABLEI		data	0x0000B1D5	OK		
POS_TABLE	POS_TABLE@HUD	HUD	data	0x0000B1D6	OK		
TACH_GRADIENT_ptr_0000B1F4	TACH_GRADIENT_ptr_0000B1F4		data	0x0000B1F4	OK		
TACHOMETER_PAL_ptr_0000B1F5	TACHOMETER_PAL_ptr_0000B1F5		data	0x0000B1F5	OK		
TACHOMETER_PAL_ptr_0000B1F6	TACHOMETER_PAL_ptr_0000B1F6		data	0x0000B1F6	OK		
TACHOMETER_PAL_ptr_0000B1F7	TACHOMETER_PAL_ptr_0000B1F7		data	0x0000B1F7	OK		
GEARPAL_ptr_0000B1F8	GEARPAL_ptr_0000B1F8		data	0x0000B1F8	OK		
redhd1_ptr_0000B1F9	redhd1_ptr_0000B1F9		data	0x0000B1F9	OK		
H2HPAL2_ptr_0000B1FA	H2HPAL2_ptr_0000B1FA		data	0x0000B1FA	OK		
yelhd1_ptr_0000B1FB	yelhd1_ptr_0000B1FB		data	0x0000B1FB	OK		
H2HPAL2_ptr_0000B1FC	H2HPAL2_ptr_0000B1FC		data	0x0000B1FC	OK		
big2_ptr_0000B1FD	big2_ptr_0000B1FD		data	0x0000B1FD	OK		
H2HPAL3_ptr_0000B1FE	H2HPAL3_ptr_0000B1FE		data	0x0000B1FE	OK		
JINOW_ptr_0000B206	JINOW_ptr_0000B206		data	0x0000B206	OK		
JINOW_ptr_0000B207	JINOW_ptr_0000B207		data	0x0000B207	OK		
WFCHAL1_ptr_0000B208	WFCHAL1_ptr_0000B208		data	0x0000B208	OK		
WFCHAL2_ptr_0000B209	WFCHAL2_ptr_0000B209		data	0x0000B209	OK		
WFCHAL3_ptr_0000B20A	WFCHAL3_ptr_0000B20A		data	0x0000B20A	OK		
H2HPAL2_ptr_0000B20B	H2HPAL2_ptr_0000B20B		data	0x0000B20B	OK		
H2HPAL3_ptr_0000B20C	H2HPAL3_ptr_0000B20C		data	0x0000B20C	OK		
redhd1_ptr_0000B20D	redhd1_ptr_0000B20D		data	0x0000B20D	OK		
H2HPAL2_ptr_0000B20E	H2HPAL2_ptr_0000B20E		data	0x0000B20E	OK		
yelhd1_ptr_0000B20F	yelhd1_ptr_0000B20F		data	0x0000B20F	OK		
H2HPAL2_ptr_0000B210	H2HPAL2_ptr_0000B210		data	0x0000B210	OK		
big2_ptr_0000B211	big2_ptr_0000B211		data	0x0000B211	OK		
H2HPAL3_ptr_0000B212	H2HPAL3_ptr_0000B212		data	0x0000B212	OK		
WFCHAL1_ptr_0000B213	WFCHAL1_ptr_0000B213		data	0x0000B213	OK		
WFCHAL2_ptr_0000B214	WFCHAL2_ptr_0000B214		data	0x0000B214	OK		
H2HPAL2_ptr_0000B215	H2HPAL2_ptr_0000B215		data	0x0000B215	OK		
H2HPAL3_ptr_0000B216	H2HPAL3_ptr_0000B216		data	0x0000B216	OK		
crace_PALETTES_ptr_0000B231	crace_PALETTES_ptr_0000B231		data	0x0000B231	OK		
CAR_ARRAY_ptr_0000B237	CAR_ARRAY_ptr_0000B237		data	0x0000B237	OK		
time_ptr_0000B23F	time_ptr_0000B23F		data	0x0000B23F	OK		
CAR_ARRAY_ptr_0000B240	CAR_ARRAY_ptr_0000B240		data	0x0000B240	OK		
TITLES_ptr_0000B241	TITLES_ptr_0000B241		data	0x0000B241	OK		
flour_lghtof_ptr_0000B242	flour_lghtof_ptr_0000B242		data	0x0000B242	OK		
CAR1PAL_ptr_0000B243	CAR1PAL_ptr_0000B243		data	0x0000B243	OK		
CAR2PAL_ptr_0000B244	CAR2PAL_ptr_0000B244		data	0x0000B244	OK		
CAR3PAL_ptr_0000B245	CAR3PAL_ptr_0000B245		data	0x0000B245	OK		
CAR4PAL_ptr_0000B246	CAR4PAL_ptr_0000B246		data	0x0000B246	OK		
CAR1PAL_ptr_0000B247	CAR1PAL_ptr_0000B247		data	0x0000B247	OK		
CAR2PAL_ptr_0000B248	CAR2PAL_ptr_0000B248		data	0x0000B248	OK		
CAR3PAL_ptr_0000B249	CAR3PAL_ptr_0000B249		data	0x0000B249	OK		
CAR4PAL_ptr_0000B24A	CAR4PAL_ptr_0000B24A		data	0x0000B24A	OK		
flour_lghtof_ptr_0000B24C	flour_lghtof_ptr_0000B24C		data	0x0000B24C	OK		
flour_lghtof_ptr_0000B24D	flour_lghtof_ptr_0000B24D		data	0x0000B24D	OK		
TLIST_ptr_0000B251	TLIST_ptr_0000B251		data	0x0000B251	OK		
TLGO_ptr_0000B252	TLGO_ptr_0000B252		data	0x0000B252	OK		
XQ_ptr_0000B254	XQ_ptr_0000B254		data	0x0000B254	OK		
lgnum43_coolyelo_ptr_0000B255	lgnum43_coolyelo_ptr_0000B255		data	0x0000B255	OK		
redhd1_ptr_0000B257	redhd1_ptr_0000B257		data	0x0000B257	OK		
H2HPAL2_ptr_0000B258	H2HPAL2_ptr_0000B258		data	0x0000B258	OK		
yelhd1_ptr_0000B259	yelhd1_ptr_0000B259		data	0x0000B259	OK		
H2HPAL2_ptr_0000B25A	H2HPAL2_ptr_0000B25A		data	0x0000B25A	OK		
big2_ptr_0000B25B	big2_ptr_0000B25B		data	0x0000B25B	OK		
H2HPAL3_ptr_0000B25C	H2HPAL3_ptr_0000B25C		data	0x0000B25C	OK		
lgnum43_coolyelo_ptr_0000B25F	lgnum43_coolyelo_ptr_0000B25F		data	0x0000B25F	OK		
_SECshared_ptr_0000B260	_SECshared_ptr_0000B260		data	0x0000B260	OK		
TRAFFIC_LL_ptr_0000B261	TRAFFIC_LL_ptr_0000B261		data	0x0000B261	OK		
TRAFFIC_LL_ptr_0000B262	TRAFFIC_LL_ptr_0000B262		data	0x0000B262	OK		
INVTAB	INVTAB		data	0x0000B2B3	OK		
LEG_SSLL_ptr_0000C63B	LEG_SSLL_ptr_0000C63B		data	0x0000C63B	OK		
map1_ptr_0000C63C	map1_ptr_0000C63C		data	0x0000C63C	OK		
map2_ptr_0000C63D	map2_ptr_0000C63D		data	0x0000C63D	OK		
map3_ptr_0000C63E	map3_ptr_0000C63E		data	0x0000C63E	OK		
map4_ptr_0000C63F	map4_ptr_0000C63F		data	0x0000C63F	OK		
map1_ptr_0000C640	map1_ptr_0000C640		data	0x0000C640	OK		
map2_ptr_0000C641	map2_ptr_0000C641		data	0x0000C641	OK		
map3_ptr_0000C642	map3_ptr_0000C642		data	0x0000C642	OK		
map4_ptr_0000C643	map4_ptr_0000C643		data	0x0000C643	OK		
H2HPAL1_ptr_0000C646	H2HPAL1_ptr_0000C646		data	0x0000C646	OK		
h2p1a_I_ptr_0000C647	h2p1a_I_ptr_0000C647		data	0x0000C647	OK		
h2p2b_I_ptr_0000C648	h2p2b_I_ptr_0000C648		data	0x0000C648	OK		
tower_bgrey_ptr_0000C64A	tower_bgrey_ptr_0000C64A		data	0x0000C64A	OK		
VIEW0I	VIEW0I		data	0x0000C64B	OK		
VIEW1I	VIEW1I		data	0x0000C64C	OK		
VIEW2I	VIEW2I		data	0x0000C64D	OK		
cow_pal_ptr_0000C65D	cow_pal_ptr_0000C65D		data	0x0000C65D	OK		
kow3_ptr_0000C65F	kow3_ptr_0000C65F		data	0x0000C65F	OK		
DEERBLOOD_ANI_ptr_0000C664	DEERBLOOD_ANI_ptr_0000C664		data	0x0000C664	OK		
CORNPAL_ptr_0000C66A	CORNPAL_ptr_0000C66A		data	0x0000C66A	OK		
CORNPAL_ptr_0000C66B	CORNPAL_ptr_0000C66B		data	0x0000C66B	OK		
tunnel2_PALETTES_ptr_0000C66C	tunnel2_PALETTES_ptr_0000C66C		data	0x0000C66C	OK		
tunnel_PALETTES_ptr_0000C66D	tunnel_PALETTES_ptr_0000C66D		data	0x0000C66D	OK		
thetrains_PALETTES_ptr_0000C66E	thetrains_PALETTES_ptr_0000C66E		data	0x0000C66E	OK		
deserts_PALETTES_ptr_0000C66F	deserts_PALETTES_ptr_0000C66F		data	0x0000C66F	OK		
ggate_PALETTES_ptr_0000C670	ggate_PALETTES_ptr_0000C670		data	0x0000C670	OK		
h280_PALETTES_ptr_0000C671	h280_PALETTES_ptr_0000C671		data	0x0000C671	OK		
bevhnred_PALETTES_ptr_0000C672	bevhnred_PALETTES_ptr_0000C672		data	0x0000C672	OK		
lafreeway_PALETTES_ptr_0000C673	lafreeway_PALETTES_ptr_0000C673		data	0x0000C673	OK		
deathvalley_PALETTES_ptr_0000C674	deathvalley_PALETTES_ptr_0000C674		data	0x0000C674	OK		
arizona_PALETTES_ptr_0000C675	arizona_PALETTES_ptr_0000C675		data	0x0000C675	OK		
mtrush_PALETTES_ptr_0000C676	mtrush_PALETTES_ptr_0000C676		data	0x0000C676	OK		
mwest_PALETTES_ptr_0000C677	mwest_PALETTES_ptr_0000C677		data	0x0000C677	OK		
chicago_PALETTES_ptr_0000C678	chicago_PALETTES_ptr_0000C678		data	0x0000C678	OK		
appl_PALETTES_ptr_0000C679	appl_PALETTES_ptr_0000C679		data	0x0000C679	OK		
dc_PALETTES_ptr_0000C67A	dc_PALETTES_ptr_0000C67A		data	0x0000C67A	OK		
dc_shared_PALETTES_ptr_0000C67B	dc_shared_PALETTES_ptr_0000C67B		data	0x0000C67B	OK		
finale_PALETTES_ptr_0000C67C	finale_PALETTES_ptr_0000C67C		data	0x0000C67C	OK		
theheads_PALETTES_ptr_0000C67D	theheads_PALETTES_ptr_0000C67D		data	0x0000C67D	OK		
press_PALETTES_ptr_0000C67E	press_PALETTES_ptr_0000C67E		data	0x0000C67E	OK		
crace_PALETTES_ptr_0000C67F	crace_PALETTES_ptr_0000C67F		data	0x0000C67F	OK		
_SECggate_ptr_0000C680	_SECggate_ptr_0000C680		data	0x0000C680	OK		
_SECcorn_ptr_0000C681	_SECcorn_ptr_0000C681		data	0x0000C681	OK		
_SECggate_ptr_0000C682	_SECggate_ptr_0000C682		data	0x0000C682	OK		
_SECdeserts_ptr_0000C683	_SECdeserts_ptr_0000C683		data	0x0000C683	OK		
_SECh280_ptr_0000C684	_SECh280_ptr_0000C684		data	0x0000C684	OK		
_SECbevhnred_ptr_0000C685	_SECbevhnred_ptr_0000C685		data	0x0000C685	OK		
_SEClafreeway_ptr_0000C686	_SEClafreeway_ptr_0000C686		data	0x0000C686	OK		
_SECdeathvalley_ptr_0000C687	_SECdeathvalley_ptr_0000C687		data	0x0000C687	OK		
_SECthetrains_ptr_0000C688	_SECthetrains_ptr_0000C688		data	0x0000C688	OK		
_SECarizona_ptr_0000C689	_SECarizona_ptr_0000C689		data	0x0000C689	OK		
_SECdeserts_ptr_0000C68A	_SECdeserts_ptr_0000C68A		data	0x0000C68A	OK		
_SECdeserts_ptr_0000C68B	_SECdeserts_ptr_0000C68B		data	0x0000C68B	OK		
_SECmtrush_ptr_0000C68C	_SECmtrush_ptr_0000C68C		data	0x0000C68C	OK		
_SECiowa_bottom_ptr_0000C68D	_SECiowa_bottom_ptr_0000C68D		data	0x0000C68D	OK		
_SECiowa_b2_ptr_0000C68E	_SECiowa_b2_ptr_0000C68E		data	0x0000C68E	OK		
_SECmwest_ptr_0000C68F	_SECmwest_ptr_0000C68F		data	0x0000C68F	OK		
_SECthetrains_ptr_0000C690	_SECthetrains_ptr_0000C690		data	0x0000C690	OK		
_SECiowa_bottom_ptr_0000C691	_SECiowa_bottom_ptr_0000C691		data	0x0000C691	OK		
_SECiowa_b2_ptr_0000C692	_SECiowa_b2_ptr_0000C692		data	0x0000C692	OK		
_SECchicago_ptr_0000C693	_SECchicago_ptr_0000C693		data	0x0000C693	OK		
_SECiowa_b2_ptr_0000C694	_SECiowa_b2_ptr_0000C694		data	0x0000C694	OK		
_SECmwest_ptr_0000C695	_SECmwest_ptr_0000C695		data	0x0000C695	OK		
_SECmwest_bottom_ptr_0000C696	_SECmwest_bottom_ptr_0000C696		data	0x0000C696	OK		
_SECiowa_b2_ptr_0000C697	_SECiowa_b2_ptr_0000C697		data	0x0000C697	OK		
_SECmwest_bottom_ptr_0000C698	_SECmwest_bottom_ptr_0000C698		data	0x0000C698	OK		
_SECappl_ptr_0000C699	_SECappl_ptr_0000C699		data	0x0000C699	OK		
_SECmwest_bottom_ptr_0000C69A	_SECmwest_bottom_ptr_0000C69A		data	0x0000C69A	OK		
_SECiowa_b2_ptr_0000C69B	_SECiowa_b2_ptr_0000C69B		data	0x0000C69B	OK		
_SECdc_ptr_0000C69C	_SECdc_ptr_0000C69C		data	0x0000C69C	OK		
_SECdc_shared_ptr_0000C69D	_SECdc_shared_ptr_0000C69D		data	0x0000C69D	OK		
_SECtunnel2_ptr_0000C69E	_SECtunnel2_ptr_0000C69E		data	0x0000C69E	OK		
tunnel2_PALETTES_ptr_0000C69F	tunnel2_PALETTES_ptr_0000C69F		data	0x0000C69F	OK		
_SECggate_ptr_0000C6A0	_SECggate_ptr_0000C6A0		data	0x0000C6A0	OK		
_SECcorn_ptr_0000C6A1	_SECcorn_ptr_0000C6A1		data	0x0000C6A1	OK		
ggate_PALETTES_ptr_0000C6A2	ggate_PALETTES_ptr_0000C6A2		data	0x0000C6A2	OK		
CORNPAL_ptr_0000C6A3	CORNPAL_ptr_0000C6A3		data	0x0000C6A3	OK		
_SECggate_ptr_0000C6A4	_SECggate_ptr_0000C6A4		data	0x0000C6A4	OK		
ggate_PALETTES_ptr_0000C6A5	ggate_PALETTES_ptr_0000C6A5		data	0x0000C6A5	OK		
tunnel2_PALETTES_ptr_0000C6A6	tunnel2_PALETTES_ptr_0000C6A6		data	0x0000C6A6	OK		
shared_PALETTES_ptr_0000C6A7	shared_PALETTES_ptr_0000C6A7		data	0x0000C6A7	OK		
shared_PALETTES_ptr_0000C6A8	shared_PALETTES_ptr_0000C6A8		data	0x0000C6A8	OK		
_SECshared_ptr_0000C6A9	_SECshared_ptr_0000C6A9		data	0x0000C6A9	OK		
_SECh280_ptr_0000C6AA	_SECh280_ptr_0000C6AA		data	0x0000C6AA	OK		
_SECdeserts_ptr_0000C6AB	_SECdeserts_ptr_0000C6AB		data	0x0000C6AB	OK		
deserts_PALETTES_ptr_0000C6AC	deserts_PALETTES_ptr_0000C6AC		data	0x0000C6AC	OK		
h280_PALETTES_ptr_0000C6AD	h280_PALETTES_ptr_0000C6AD		data	0x0000C6AD	OK		
_SECdeserts_ptr_0000C6AE	_SECdeserts_ptr_0000C6AE		data	0x0000C6AE	OK		
_SECh280_ptr_0000C6AF	_SECh280_ptr_0000C6AF		data	0x0000C6AF	OK		
deserts_PALETTES_ptr_0000C6B0	deserts_PALETTES_ptr_0000C6B0		data	0x0000C6B0	OK		
h280_PALETTES_ptr_0000C6B1	h280_PALETTES_ptr_0000C6B1		data	0x0000C6B1	OK		
_SECbevhnred_ptr_0000C6B2	_SECbevhnred_ptr_0000C6B2		data	0x0000C6B2	OK		
bevhnred_PALETTES_ptr_0000C6B3	bevhnred_PALETTES_ptr_0000C6B3		data	0x0000C6B3	OK		
tunnel_PALETTES_ptr_0000C6B4	tunnel_PALETTES_ptr_0000C6B4		data	0x0000C6B4	OK		
_SECtunnel_ptr_0000C6B5	_SECtunnel_ptr_0000C6B5		data	0x0000C6B5	OK		
_SECdeserts_ptr_0000C6B6	_SECdeserts_ptr_0000C6B6		data	0x0000C6B6	OK		
_SECbevhnred_ptr_0000C6B7	_SECbevhnred_ptr_0000C6B7		data	0x0000C6B7	OK		
bevhnred_PALETTES_ptr_0000C6B8	bevhnred_PALETTES_ptr_0000C6B8		data	0x0000C6B8	OK		
deserts_PALETTES_ptr_0000C6B9	deserts_PALETTES_ptr_0000C6B9		data	0x0000C6B9	OK		
_SEClafreeway_ptr_0000C6BA	_SEClafreeway_ptr_0000C6BA		data	0x0000C6BA	OK		
lafreeway_PALETTES_ptr_0000C6BB	lafreeway_PALETTES_ptr_0000C6BB		data	0x0000C6BB	OK		
_SECdeathvalley_ptr_0000C6BC	_SECdeathvalley_ptr_0000C6BC		data	0x0000C6BC	OK		
_SECthetrains_ptr_0000C6BD	_SECthetrains_ptr_0000C6BD		data	0x0000C6BD	OK		
deathvalley_PALETTES_ptr_0000C6BE	deathvalley_PALETTES_ptr_0000C6BE		data	0x0000C6BE	OK		
thetrains_PALETTES_ptr_0000C6BF	thetrains_PALETTES_ptr_0000C6BF		data	0x0000C6BF	OK		
tunnel_PALETTES_ptr_0000C6C0	tunnel_PALETTES_ptr_0000C6C0		data	0x0000C6C0	OK		
deserts_PALETTES_ptr_0000C6C1	deserts_PALETTES_ptr_0000C6C1		data	0x0000C6C1	OK		
arizona_PALETTES_ptr_0000C6C2	arizona_PALETTES_ptr_0000C6C2		data	0x0000C6C2	OK		
_SECdeserts_ptr_0000C6C3	_SECdeserts_ptr_0000C6C3		data	0x0000C6C3	OK		
_SECarizona_ptr_0000C6C4	_SECarizona_ptr_0000C6C4		data	0x0000C6C4	OK		
_SECdeserts_ptr_0000C6C5	_SECdeserts_ptr_0000C6C5		data	0x0000C6C5	OK		
_SECmtrush_ptr_0000C6C6	_SECmtrush_ptr_0000C6C6		data	0x0000C6C6	OK		
deserts_PALETTES_ptr_0000C6C7	deserts_PALETTES_ptr_0000C6C7		data	0x0000C6C7	OK		
_SECdeserts_ptr_0000C6C8	_SECdeserts_ptr_0000C6C8		data	0x0000C6C8	OK		
mtrush_PALETTES_ptr_0000C6C9	mtrush_PALETTES_ptr_0000C6C9		data	0x0000C6C9	OK		
_SECiowa_bottom_ptr_0000C6CA	_SECiowa_bottom_ptr_0000C6CA		data	0x0000C6CA	OK		
_SECiowa_b2_ptr_0000C6CB	_SECiowa_b2_ptr_0000C6CB		data	0x0000C6CB	OK		
_SECmwest_ptr_0000C6CC	_SECmwest_ptr_0000C6CC		data	0x0000C6CC	OK		
mwest_PALETTES_ptr_0000C6CD	mwest_PALETTES_ptr_0000C6CD		data	0x0000C6CD	OK		
_SECthetrains_ptr_0000C6D1	_SECthetrains_ptr_0000C6D1		data	0x0000C6D1	OK		
_SECchicago_ptr_0000C6D2	_SECchicago_ptr_0000C6D2		data	0x0000C6D2	OK		
thetrains_PALETTES_ptr_0000C6D3	thetrains_PALETTES_ptr_0000C6D3		data	0x0000C6D3	OK		
chicago_PALETTES_ptr_0000C6D4	chicago_PALETTES_ptr_0000C6D4		data	0x0000C6D4	OK		
_SECiowa_b2_ptr_0000C6D5	_SECiowa_b2_ptr_0000C6D5		data	0x0000C6D5	OK		
mwest_PALETTES_ptr_0000C6D6	mwest_PALETTES_ptr_0000C6D6		data	0x0000C6D6	OK		
_SECmwest_bottom_ptr_0000C6D7	_SECmwest_bottom_ptr_0000C6D7		data	0x0000C6D7	OK		
_SECmwest_ptr_0000C6D8	_SECmwest_ptr_0000C6D8		data	0x0000C6D8	OK		
_SECiowa_b2_ptr_0000C6DC	_SECiowa_b2_ptr_0000C6DC		data	0x0000C6DC	OK		
_SECmwest_bottom_ptr_0000C6DD	_SECmwest_bottom_ptr_0000C6DD		data	0x0000C6DD	OK		
appl_PALETTES_ptr_0000C6DE	appl_PALETTES_ptr_0000C6DE		data	0x0000C6DE	OK		
_SECappl_ptr_0000C6DF	_SECappl_ptr_0000C6DF		data	0x0000C6DF	OK		
_SECmwest_bottom_ptr_0000C6E0	_SECmwest_bottom_ptr_0000C6E0		data	0x0000C6E0	OK		
_SECiowa_b2_ptr_0000C6E1	_SECiowa_b2_ptr_0000C6E1		data	0x0000C6E1	OK		
dc_PALETTES_ptr_0000C6E2	dc_PALETTES_ptr_0000C6E2		data	0x0000C6E2	OK		
dc_shared_PALETTES_ptr_0000C6E3	dc_shared_PALETTES_ptr_0000C6E3		data	0x0000C6E3	OK		
_SECdc_shared_ptr_0000C6E4	_SECdc_shared_ptr_0000C6E4		data	0x0000C6E4	OK		
_SECdc_ptr_0000C6E5	_SECdc_ptr_0000C6E5		data	0x0000C6E5	OK		
cdd_ptr_0000C6E9	cdd_ptr_0000C6E9		data	0x0000C6E9	OK		
bnout1_smoke_ptr_0000C6EF	bnout1_smoke_ptr_0000C6EF		data	0x0000C6EF	OK		
dnums_p_ptr_0000C6F4	dnums_p_ptr_0000C6F4		data	0x0000C6F4	OK		
dnums_p_ptr_0000C6F5	dnums_p_ptr_0000C6F5		data	0x0000C6F5	OK		
dnums_p_ptr_0000C6F6	dnums_p_ptr_0000C6F6		data	0x0000C6F6	OK		
dnums_p_ptr_0000C6F7	dnums_p_ptr_0000C6F7		data	0x0000C6F7	OK		
lgnum43_p_ptr_0000C6F8	lgnum43_p_ptr_0000C6F8		data	0x0000C6F8	OK		
lgnum43_p_ptr_0000C6F9	lgnum43_p_ptr_0000C6F9		data	0x0000C6F9	OK		
ommdfont_p_ptr_0000C6FA	ommdfont_p_ptr_0000C6FA		data	0x0000C6FA	OK		
ommdfont_p_ptr_0000C6FB	ommdfont_p_ptr_0000C6FB		data	0x0000C6FB	OK		
font18_p_ptr_0000C6FC	font18_p_ptr_0000C6FC		data	0x0000C6FC	OK		
font18_p_ptr_0000C6FD	font18_p_ptr_0000C6FD		data	0x0000C6FD	OK		
fixedfnt_tPAL_ptr_0000C6FE	fixedfnt_tPAL_ptr_0000C6FE		data	0x0000C6FE	OK		
fixedfnt_tPAL_ptr_0000C6FF	fixedfnt_tPAL_ptr_0000C6FF		data	0x0000C6FF	OK		
chostrns_grp_ptr_0000C700	chostrns_grp_ptr_0000C700		data	0x0000C700	OK		
time_ptr_0000C702	time_ptr_0000C702		data	0x0000C702	OK		
garage_grp_ptr_0000C705	garage_grp_ptr_0000C705		data	0x0000C705	OK		
trmeng1_chrome_ptr_0000C70D	trmeng1_chrome_ptr_0000C70D		data	0x0000C70D	OK		
trmeng1_chrome_ptr_0000C70E	trmeng1_chrome_ptr_0000C70E		data	0x0000C70E	OK		
crace_PALETTES_ptr_0000C70F	crace_PALETTES_ptr_0000C70F		data	0x0000C70F	OK		
_SECcrace_ptr_0000C710	_SECcrace_ptr_0000C710		data	0x0000C710	OK		
shared_PALETTES_ptr_0000C711	shared_PALETTES_ptr_0000C711		data	0x0000C711	OK		
shared_PALETTES_ptr_0000C712	shared_PALETTES_ptr_0000C712		data	0x0000C712	OK		
_SECshared_ptr_0000C713	_SECshared_ptr_0000C713		data	0x0000C713	OK		
_SECctrans_ptr_0000C714	_SECctrans_ptr_0000C714		data	0x0000C714	OK		
ctrans_PALETTES_ptr_0000C715	ctrans_PALETTES_ptr_0000C715		data	0x0000C715	OK		
racemap_grp_ptr_0000C716	racemap_grp_ptr_0000C716		data	0x0000C716	OK		
time_ptr_0000C721	time_ptr_0000C721		data	0x0000C721	OK		
crace_PALETTES_ptr_0000C726	crace_PALETTES_ptr_0000C726		data	0x0000C726	OK		
mpcesy_ptr_0000C727	mpcesy_ptr_0000C727		data	0x0000C727	OK		
mpcmed_ptr_0000C728	mpcmed_ptr_0000C728		data	0x0000C728	OK		
mpcexp_ptr_0000C729	mpcexp_ptr_0000C729		data	0x0000C729	OK		
TURNANI_ptr_0000C72E	TURNANI_ptr_0000C72E		data	0x0000C72E	OK		
TURNANI_ptr_0000C72F	TURNANI_ptr_0000C72F		data	0x0000C72F	OK		
next_ptr_0000C730	next_ptr_0000C730		data	0x0000C730	OK		
_SECpress_ptr_0000C737	_SECpress_ptr_0000C737		data	0x0000C737	OK		
_SECpress_ptr_0000C73E	_SECpress_ptr_0000C73E		data	0x0000C73E	OK		
FIXEDPAL_ptr_0000C740	FIXEDPAL_ptr_0000C740		data	0x0000C740	OK		
fixedfnt_tPAL_ptr_0000C741	fixedfnt_tPAL_ptr_0000C741		data	0x0000C741	OK		
ILLUM_PAL_ptr_0000C742	ILLUM_PAL_ptr_0000C742		data	0x0000C742	OK		
lgnum43_coolyelo_ptr_0000C743	lgnum43_coolyelo_ptr_0000C743		data	0x0000C743	OK		
font18_white_ptr_0000C744	font18_white_ptr_0000C744		data	0x0000C744	OK		
dnums_amber_ptr_0000C745	dnums_amber_ptr_0000C745		data	0x0000C745	OK		
shared_PALETTES_ptr_0000C746	shared_PALETTES_ptr_0000C746		data	0x0000C746	OK		
osg10fnt_white_ptr_0000C747	osg10fnt_white_ptr_0000C747		data	0x0000C747	OK		
bnout1_smoke_ptr_0000C748	bnout1_smoke_ptr_0000C748		data	0x0000C748	OK		
H2HPAL1_ptr_0000C749	H2HPAL1_ptr_0000C749		data	0x0000C749	OK		
H2HPAL2_ptr_0000C74A	H2HPAL2_ptr_0000C74A		data	0x0000C74A	OK		
H2HPAL3_ptr_0000C74B	H2HPAL3_ptr_0000C74B		data	0x0000C74B	OK		
general_PALETTES_ptr_0000C74C	general_PALETTES_ptr_0000C74C		data	0x0000C74C	OK		
ggate_PALETTES_ptr_0000C74D	ggate_PALETTES_ptr_0000C74D		data	0x0000C74D	OK		
caravan_redyelo_ptr_0000C74E	caravan_redyelo_ptr_0000C74E		data	0x0000C74E	OK		
caravan_yelogrey_ptr_0000C74F	caravan_yelogrey_ptr_0000C74F		data	0x0000C74F	OK		
hotrod_yellow_ptr_0000C750	hotrod_yellow_ptr_0000C750		data	0x0000C750	OK		
hotrod_brtblue_ptr_0000C751	hotrod_brtblue_ptr_0000C751		data	0x0000C751	OK		
missle_yellow_ptr_0000C752	missle_yellow_ptr_0000C752		data	0x0000C752	OK		
missle_red_ptr_0000C753	missle_red_ptr_0000C753		data	0x0000C753	OK		
missle_blue_ptr_0000C754	missle_blue_ptr_0000C754		data	0x0000C754	OK		
jeep_red_ptr_0000C755	jeep_red_ptr_0000C755		data	0x0000C755	OK		
jeep_yellow_ptr_0000C756	jeep_yellow_ptr_0000C756		data	0x0000C756	OK		
cvette_blue_ptr_0000C757	cvette_blue_ptr_0000C757		data	0x0000C757	OK		
cvette_red_ptr_0000C758	cvette_red_ptr_0000C758		data	0x0000C758	OK		
cvette_purple_ptr_0000C759	cvette_purple_ptr_0000C759		data	0x0000C759	OK		
testor_blue_ptr_0000C75A	testor_blue_ptr_0000C75A		data	0x0000C75A	OK		
testor_grape_ptr_0000C75B	testor_grape_ptr_0000C75B		data	0x0000C75B	OK		
gtruck_bluep_ptr_0000C75C	gtruck_bluep_ptr_0000C75C		data	0x0000C75C	OK		
muscle_yellow_ptr_0000C75D	muscle_yellow_ptr_0000C75D		data	0x0000C75D	OK		
muscle_green_ptr_0000C75E	muscle_green_ptr_0000C75E		data	0x0000C75E	OK		
ptruckg_purple_ptr_0000C75F	ptruckg_purple_ptr_0000C75F		data	0x0000C75F	OK		
ptruckg_yellr_ptr_0000C760	ptruckg_yellr_ptr_0000C760		data	0x0000C760	OK		
POINT_ptr_0000C761	POINT_ptr_0000C761		data	0x0000C761	OK		
ftoa_tmp_ptr_0000C762	ftoa_tmp_ptr_0000C762		data	0x0000C762	OK		
VERIFY_ADJUSTMENTS_ACCURACYTAB_ptr_0000C763	VERIFY_ADJUSTMENTS_ACCURACYTAB_ptr_0000C763		data	0x0000C763	OK		
VERIFY_ADJUSTMENTS_ACCURACYTAB_ptr_0000C764	VERIFY_ADJUSTMENTS_ACCURACYTAB_ptr_0000C764		data	0x0000C764	OK		
VERIFY_ADJUSTMENTS_ACCURACYTAB_ptr_0000C765	VERIFY_ADJUSTMENTS_ACCURACYTAB_ptr_0000C765		data	0x0000C765	OK		
DEFAULT_TABLE_ptr_0000C766	DEFAULT_TABLE_ptr_0000C766		data	0x0000C766	OK		
DEFAULT_TABLE_ptr_0000C767	DEFAULT_TABLE_ptr_0000C767		data	0x0000C767	OK		
BASICS_RAM_ptr_0000C791	BASICS_RAM_ptr_0000C791		data	0x0000C791	OK		
STATIC_TABLE_ptr_0000C792	STATIC_TABLE_ptr_0000C792		data	0x0000C792	OK		
TESTING_CHIPS_ptr_0000C794	TESTING_CHIPS_ptr_0000C794		data	0x0000C794	OK		
CMOS_CHIP_ptr_0000C795	CMOS_CHIP_ptr_0000C795		data	0x0000C795	OK		
CMOS_CHIP_ptr_0000C796	CMOS_CHIP_ptr_0000C796		data	0x0000C796	OK		
BASICS_RAM_ptr_0000C798	BASICS_RAM_ptr_0000C798		data	0x0000C798	OK		
CHIPTEST_TABLE_ptr_0000C799	CHIPTEST_TABLE_ptr_0000C799		data	0x0000C799	OK		
MEMTST1_ptr_0000C79A	MEMTST1_ptr_0000C79A		data	0x0000C79A	OK		
DATE_STAMP_ptr_0000C79B	DATE_STAMP_ptr_0000C79B		data	0x0000C79B	OK		
VERSION_STAMP_ptr_0000C79C	VERSION_STAMP_ptr_0000C79C		data	0x0000C79C	OK		
BASICS_RAM_ptr_0000C79D	BASICS_RAM_ptr_0000C79D		data	0x0000C79D	OK		
CHIPTEST_TABLE_ptr_0000C79E	CHIPTEST_TABLE_ptr_0000C79E		data	0x0000C79E	OK		
STATIC_TABLE_ptr_0000C79F	STATIC_TABLE_ptr_0000C79F		data	0x0000C79F	OK		
BLOWLIST_ptr_0000C7A0	BLOWLIST_ptr_0000C7A0		data	0x0000C7A0	OK		
RAMTEST_END_ptr_0000C7A1	RAMTEST_END_ptr_0000C7A1		data	0x0000C7A1	OK		
RAMTEST_REAL_ptr_0000C7A2	RAMTEST_REAL_ptr_0000C7A2		data	0x0000C7A2	OK		
BLOWLIST_ptr_0000C7A3	BLOWLIST_ptr_0000C7A3		data	0x0000C7A3	OK		
MINIT10_ptr_0000C7A6	MINIT10_ptr_0000C7A6		data	0x0000C7A6	OK		
MINIT11_ptr_0000C7A7	MINIT11_ptr_0000C7A7		data	0x0000C7A7	OK		
MINIT12_ptr_0000C7A8	MINIT12_ptr_0000C7A8		data	0x0000C7A8	OK		
MINIT13_ptr_0000C7A9	MINIT13_ptr_0000C7A9		data	0x0000C7A9	OK		
MINIT9DIAG_ptr_0000C7AA	MINIT9DIAG_ptr_0000C7AA		data	0x0000C7AA	OK		
MINIT9_ptr_0000C7AB	MINIT9_ptr_0000C7AB		data	0x0000C7AB	OK		
MINIT1_ptr_0000C7AE	MINIT1_ptr_0000C7AE		data	0x0000C7AE	OK		
MINITQX_ptr_0000C7AF	MINITQX_ptr_0000C7AF		data	0x0000C7AF	OK		
MINITQY_ptr_0000C7B0	MINITQY_ptr_0000C7B0		data	0x0000C7B0	OK		
MINITQZ_ptr_0000C7B1	MINITQZ_ptr_0000C7B1		data	0x0000C7B1	OK		
MINIT1L_ptr_0000C7B3	MINIT1L_ptr_0000C7B3		data	0x0000C7B3	OK		
MINITQX_ptr_0000C7B4	MINITQX_ptr_0000C7B4		data	0x0000C7B4	OK		
MINITQY_ptr_0000C7B5	MINITQY_ptr_0000C7B5		data	0x0000C7B5	OK		
MINITQZ_ptr_0000C7B6	MINITQZ_ptr_0000C7B6		data	0x0000C7B6	OK		
PP_ptr_0000C7B7	PP_ptr_0000C7B7		data	0x0000C7B7	OK		
PP1_ptr_0000C7B8	PP1_ptr_0000C7B8		data	0x0000C7B8	OK		
PP2_ptr_0000C7B9	PP2_ptr_0000C7B9		data	0x0000C7B9	OK		
PP3_ptr_0000C7BA	PP3_ptr_0000C7BA		data	0x0000C7BA	OK		
PP4_ptr_0000C7BB	PP4_ptr_0000C7BB		data	0x0000C7BB	OK		
MOTOROFF12_ptr_0000C7BD	MOTOROFF12_ptr_0000C7BD		data	0x0000C7BD	OK		
MOTOROFF0_ptr_0000C7BE	MOTOROFF0_ptr_0000C7BE		data	0x0000C7BE	OK		
MOTOFF_PROG_ptr_0000C7BF	MOTOFF_PROG_ptr_0000C7BF		data	0x0000C7BF	OK		
bbd_ptr_0000C7C4	bbd_ptr_0000C7C4		data	0x0000C7C4	OK		
ABORTQ_ptr_0000C7C8	ABORTQ_ptr_0000C7C8		data	0x0000C7C8	OK		
XQ_ptr_0000C7CB	XQ_ptr_0000C7CB		data	0x0000C7CB	OK		
PP1_ptr_0000C7CC	PP1_ptr_0000C7CC		data	0x0000C7CC	OK		
PP2_ptr_0000C7CD	PP2_ptr_0000C7CD		data	0x0000C7CD	OK		
PP3_ptr_0000C7CE	PP3_ptr_0000C7CE		data	0x0000C7CE	OK		
PP4_ptr_0000C7CF	PP4_ptr_0000C7CF		data	0x0000C7CF	OK		
MSSM_ptr_0000C7D1	MSSM_ptr_0000C7D1		data	0x0000C7D1	OK		
sPOTVALUE_ptr_0000C7D2	sPOTVALUE_ptr_0000C7D2		data	0x0000C7D2	OK		
PZC1_ptr_0000C7D3	PZC1_ptr_0000C7D3		data	0x0000C7D3	OK		
MOTION_CMDSTR_ptr_0000C7D4	MOTION_CMDSTR_ptr_0000C7D4		data	0x0000C7D4	OK		
MOTION_CMDSTR_ptr_0000C7D5	MOTION_CMDSTR_ptr_0000C7D5		data	0x0000C7D5	OK		
sPOTVALUE_ptr_0000C7D6	sPOTVALUE_ptr_0000C7D6		data	0x0000C7D6	OK		
MOTION_CMDSTR_ptr_0000C7D7	MOTION_CMDSTR_ptr_0000C7D7		data	0x0000C7D7	OK		
PZC2_ptr_0000C7D8	PZC2_ptr_0000C7D8		data	0x0000C7D8	OK		
sPOTVALUE_ptr_0000C7D9	sPOTVALUE_ptr_0000C7D9		data	0x0000C7D9	OK		
PYC1_ptr_0000C7DA	PYC1_ptr_0000C7DA		data	0x0000C7DA	OK		
MOTION_CMDSTR_ptr_0000C7DB	MOTION_CMDSTR_ptr_0000C7DB		data	0x0000C7DB	OK		
MOTION_CMDSTR_ptr_0000C7DC	MOTION_CMDSTR_ptr_0000C7DC		data	0x0000C7DC	OK		
sPOTVALUE_ptr_0000C7DD	sPOTVALUE_ptr_0000C7DD		data	0x0000C7DD	OK		
MOTION_CMDSTR_ptr_0000C7DE	MOTION_CMDSTR_ptr_0000C7DE		data	0x0000C7DE	OK		
PYC2_ptr_0000C7DF	PYC2_ptr_0000C7DF		data	0x0000C7DF	OK		
sPOTVALUE_ptr_0000C7E0	sPOTVALUE_ptr_0000C7E0		data	0x0000C7E0	OK		
PXC1_ptr_0000C7E1	PXC1_ptr_0000C7E1		data	0x0000C7E1	OK		
MOTION_CMDSTR_ptr_0000C7E2	MOTION_CMDSTR_ptr_0000C7E2		data	0x0000C7E2	OK		
MOTION_CMDSTR_ptr_0000C7E3	MOTION_CMDSTR_ptr_0000C7E3		data	0x0000C7E3	OK		
sPOTVALUE_ptr_0000C7E4	sPOTVALUE_ptr_0000C7E4		data	0x0000C7E4	OK		
MOTION_CMDSTR_ptr_0000C7E5	MOTION_CMDSTR_ptr_0000C7E5		data	0x0000C7E5	OK		
PXC2_ptr_0000C7E6	PXC2_ptr_0000C7E6		data	0x0000C7E6	OK		
sPOTVALUE_ptr_0000C7E7	sPOTVALUE_ptr_0000C7E7		data	0x0000C7E7	OK		
PZC1_ptr_0000C7E8	PZC1_ptr_0000C7E8		data	0x0000C7E8	OK		
MOTION_CMDSTR_ptr_0000C7E9	MOTION_CMDSTR_ptr_0000C7E9		data	0x0000C7E9	OK		
MOTION_CMDSTR_ptr_0000C7EA	MOTION_CMDSTR_ptr_0000C7EA		data	0x0000C7EA	OK		
sPOTVALUE_ptr_0000C7EB	sPOTVALUE_ptr_0000C7EB		data	0x0000C7EB	OK		
MOTION_CMDSTR_ptr_0000C7EC	MOTION_CMDSTR_ptr_0000C7EC		data	0x0000C7EC	OK		
PZC2_ptr_0000C7ED	PZC2_ptr_0000C7ED		data	0x0000C7ED	OK		
sPOTVALUE_ptr_0000C7EE	sPOTVALUE_ptr_0000C7EE		data	0x0000C7EE	OK		
PYC1_ptr_0000C7EF	PYC1_ptr_0000C7EF		data	0x0000C7EF	OK		
MOTION_CMDSTR_ptr_0000C7F0	MOTION_CMDSTR_ptr_0000C7F0		data	0x0000C7F0	OK		
MOTION_CMDSTR_ptr_0000C7F1	MOTION_CMDSTR_ptr_0000C7F1		data	0x0000C7F1	OK		
sPOTVALUE_ptr_0000C7F2	sPOTVALUE_ptr_0000C7F2		data	0x0000C7F2	OK		
MOTION_CMDSTR_ptr_0000C7F3	MOTION_CMDSTR_ptr_0000C7F3		data	0x0000C7F3	OK		
PYC2_ptr_0000C7F4	PYC2_ptr_0000C7F4		data	0x0000C7F4	OK		
sPOTVALUE_ptr_0000C7F5	sPOTVALUE_ptr_0000C7F5		data	0x0000C7F5	OK		
PXC1_ptr_0000C7F6	PXC1_ptr_0000C7F6		data	0x0000C7F6	OK		
MOTION_CMDSTR_ptr_0000C7F7	MOTION_CMDSTR_ptr_0000C7F7		data	0x0000C7F7	OK		
MOTION_CMDSTR_ptr_0000C7F8	MOTION_CMDSTR_ptr_0000C7F8		data	0x0000C7F8	OK		
sPOTVALUE_ptr_0000C7F9	sPOTVALUE_ptr_0000C7F9		data	0x0000C7F9	OK		
MOTION_CMDSTR_ptr_0000C7FA	MOTION_CMDSTR_ptr_0000C7FA		data	0x0000C7FA	OK		
PXC2_ptr_0000C7FB	PXC2_ptr_0000C7FB		data	0x0000C7FB	OK		
ENDED_ptr_0000C7FC	ENDED_ptr_0000C7FC		data	0x0000C7FC	OK		
XQ_ptr_0000C7FD	XQ_ptr_0000C7FD		data	0x0000C7FD	OK		
XQ_ptr_0000C7FE	XQ_ptr_0000C7FE		data	0x0000C7FE	OK		
THEPROGL_ptr_0000C7FF	THEPROGL_ptr_0000C7FF		data	0x0000C7FF	OK		
DIAGPAL_ptr_0000C810	DIAGPAL_ptr_0000C810		data	0x0000C810	OK		
MAIN_MENU_ptr_0000C811	MAIN_MENU_ptr_0000C811		data	0x0000C811	OK		
MAIN_MENU_ptr_0000C812	MAIN_MENU_ptr_0000C812		data	0x0000C812	OK		
toexit_ptr_0000C813	toexit_ptr_0000C813		data	0x0000C813	OK		
DIAGPAL_ptr_0000C814	DIAGPAL_ptr_0000C814		data	0x0000C814	OK		
DIPTMP_ptr_0000C832	DIPTMP_ptr_0000C832		data	0x0000C832	OK		
MOTION_MENU_ptr_0000C847	MOTION_MENU_ptr_0000C847		data	0x0000C847	OK		
ADJUSTMENT_MENU_ptr_0000C848	ADJUSTMENT_MENU_ptr_0000C848		data	0x0000C848	OK		
UTILITIES_MENU_ptr_0000C849	UTILITIES_MENU_ptr_0000C849		data	0x0000C849	OK		
DIAGNOSTIC_MENU_ptr_0000C84A	DIAGNOSTIC_MENU_ptr_0000C84A		data	0x0000C84A	OK		
title_ptr_0000C84B	title_ptr_0000C84B		data	0x0000C84B	OK		
inst1_ptr_0000C84C	inst1_ptr_0000C84C		data	0x0000C84C	OK		
inst2_ptr_0000C84D	inst2_ptr_0000C84D		data	0x0000C84D	OK		
MAIN_MENU_ptr_0000C84E	MAIN_MENU_ptr_0000C84E		data	0x0000C84E	OK		
MUSIC_TAB_ptr_0000C86E	MUSIC_TAB_ptr_0000C86E		data	0x0000C86E	OK		
EFFECTS_TAB_ptr_0000C86F	EFFECTS_TAB_ptr_0000C86F		data	0x0000C86F	OK		
MUSIC_TAB_ptr_0000C872	MUSIC_TAB_ptr_0000C872		data	0x0000C872	OK		
EFFECTS_TAB_ptr_0000C873	EFFECTS_TAB_ptr_0000C873		data	0x0000C873	OK		
sct_ptr_0000C885	sct_ptr_0000C885		data	0x0000C885	OK		
sct_ptr_0000C888	sct_ptr_0000C888		data	0x0000C888	OK		
sct_ptr_0000C88A	sct_ptr_0000C88A		data	0x0000C88A	OK		
sct_ptr_0000C88C	sct_ptr_0000C88C		data	0x0000C88C	OK		
sct_ptr_0000C88E	sct_ptr_0000C88E		data	0x0000C88E	OK		
FFR	FFR@DIAG	DIAG	data	0x0000C89D	OK		
FFR_ptr_0000C8A3	FFR_ptr_0000C8A3		data	0x0000C8A3	OK		
RDA	RDA@DIAG	DIAG	data	0x0000C8A4	OK		
RDA_ptr_0000C8AB	RDA_ptr_0000C8AB		data	0x0000C8AB	OK		
RHS	RHS@DIAG	DIAG	data	0x0000C8AC	OK		
RHS_ptr_0000C8B1	RHS_ptr_0000C8B1		data	0x0000C8B1	OK		
CGA	CGA@DIAG	DIAG	data	0x0000C8B2	OK		
CGA_ptr_0000C8B7	CGA_ptr_0000C8B7		data	0x0000C8B7	OK		
STANDARD_PRICING_MENU_ptr_0000C8BD	STANDARD_PRICING_MENU_ptr_0000C8BD		data	0x0000C8BD	OK		
SELTP	SELTP@DIAG	DIAG	data	0x0000C8BE	OK		
SELTP_ptr_0000C8C3	SELTP_ptr_0000C8C3		data	0x0000C8C3	OK		
CUSTOM_PRICING_MENU_ptr_0000C8C4	CUSTOM_PRICING_MENU_ptr_0000C8C4		data	0x0000C8C4	OK		
FRACYN	FRACYN@DIAG	DIAG	data	0x0000C8C5	OK		
FRACYN_ptr_0000C8C9	FRACYN_ptr_0000C8C9		data	0x0000C8C9	OK		
USECP	USECP@DIAG	DIAG	data	0x0000C8CA	OK		
USECP_ptr_0000C8CF	USECP_ptr_0000C8CF		data	0x0000C8CF	OK		
CMESSAGE_TAB_ptr_0000C8D0	CMESSAGE_TAB_ptr_0000C8D0		data	0x0000C8D0	OK		
LAMP_MENU_ptr_0000C8D1	LAMP_MENU_ptr_0000C8D1		data	0x0000C8D1	OK		
MOTION_SAFETY_CODES_ptr_0000C8D2	MOTION_SAFETY_CODES_ptr_0000C8D2		data	0x0000C8D2	OK		
IBOIBOT_ptr_0000C8E9	IBOIBOT_ptr_0000C8E9		data	0x0000C8E9	OK		
AUDIT_LIST_ptr_0000C8EC	AUDIT_LIST_ptr_0000C8EC		data	0x0000C8EC	OK		
_MODE	_MODE		data	0x0000C8F5	OK		
SYSCNTL	SYSCNTL		data	0x0000C8F7	OK		
_pot0	_pot0		data	0x0000C8F8	OK		
SWRAM	SWRAM		data	0x0000C8F9	OK		
DIPRAM	DIPRAM		data	0x0000C8FC	OK		
BUTTON_STATUS	BUTTON_STATUS		data	0x0000C8FD	OK		
RAND	RAND		data	0x0000C8FE	OK		
ATTRWAVE	ATTRWAVE		data	0x0000C8FF	OK		
ONEFLAG	ONEFLAG@COMM	COMM	data	0x0000C900	OK		
TRANSMISSION_ACTIVE	TRANSMISSION_ACTIVE		data	0x0000C901	OK		
TRANSMISSION_DEAD	TRANSMISSION_DEAD@COMM	COMM	data	0x0000C902	OK		
SEND_BUFFER_A_LEN	SEND_BUFFER_A_LEN		data	0x0000C903	OK		
RBUFF_LEN	RBUFF_LEN		data	0x0000C904	OK		
OM_DIFF	OM_DIFF		data	0x0000C905	OK		
OM_MODE	OM_MODE		data	0x0000C906	OK		
OM_CHOSEN_RACE	OM_CHOSEN_RACE		data	0x0000C907	OK		
OM_VEHICLE	OM_VEHICLE		data	0x0000C908	OK		
OM_STATE	OM_STATE		data	0x0000C909	OK		
MY_STATE	MY_STATE		data	0x0000C90A	OK		
OM_ATTR_MODE	OM_ATTR_MODE		data	0x0000C90B	OK		
OLD_OM_ATTR_MODE	OLD_OM_ATTR_MODE		data	0x0000C90C	OK		
OM_LINKWAIT	OM_LINKWAIT		data	0x0000C90D	OK		
LINKEDP	LINKEDP		data	0x0000C90E	OK		
OM_HIDDEN_ON	OM_HIDDEN_ON		data	0x0000C90F	OK		
OM_RACE_MODE	OM_RACE_MODE		data	0x0000C910	OK		
OM_BSYNC	OM_BSYNC		data	0x0000C911	OK		
OM_POSITION	OM_POSITION		data	0x0000C912	OK		
HEAD2HEAD_ON	HEAD2HEAD_ON		data	0x0000C913	OK		
BONUS_WAITFLAG	BONUS_WAITFLAG		data	0x0000C914	OK		
OM_BONUS_WAITFLAG	OM_BONUS_WAITFLAG		data	0x0000C915	OK		
TEASE_COUNT	TEASE_COUNT		data	0x0000C916	OK		
_ATTR_MODE	_ATTR_MODE		data	0x0000C918	OK		
LOADED	LOADED		data	0x0000C919	OK		
lpot0	lpot0		data	0x0000C91A	OK		
WHEELPWR	WHEELPWR		data	0x0000C91B	OK		
WHEELVEL	WHEELVEL		data	0x0000C91C	OK		
BSSSTART	BSSSTART		data	0x0000C91E	OK		
BREAKOBJ	BREAKOBJ@DIRQ	DIRQ	data	0x0000C95E	OK		
NFRAMES	NFRAMES		data	0x0000C95F	OK		
INFRAMES	INFRAMES		data	0x0000C960	OK		
FRAMRATE	FRAMRATE		data	0x0000C961	OK		
IFRAMES	IFRAMES@CUSA	CUSA	data	0x0000C962	OK		
ERRORN	ERRORN@CUSA	CUSA	data	0x0000C964	OK		
ERRORO	ERRORO@CUSA	CUSA	data	0x0000C965	OK		
FRAMETIME	FRAMETIME		data	0x0000C966	OK		
SWITCHBUTS	SWITCHBUTS		data	0x0000C967	OK		
DIAG_ACTIVE	DIAG_ACTIVE		data	0x0000C969	OK		
GAME_TIMER	GAME_TIMER		data	0x0000C96A	OK		
_pot1	_pot1		data	0x0000C96B	OK		
_pot2	_pot2		data	0x0000C96C	OK		
RDPOT	RDPOT		data	0x0000C96D	OK		
_sectime	_sectime		data	0x0000C96E	OK		
CLEARRDY	CLEARRDY		data	0x0000C96F	OK		
NOAERASE	NOAERASE		data	0x0000C970	OK		
NOSWAP	NOSWAP		data	0x0000C971	OK		
DISPLAY_PAGE	DISPLAY_PAGE		data	0x0000C972	OK		
OLD_BUTTON_STATUS	OLD_BUTTON_STATUS		data	0x0000C973	OK		
TIMEFRAME	TIMEFRAME@CUSA	CUSA	data	0x0000C974	OK		
TIMEX	TIMEX@CUSA	CUSA	data	0x0000C975	OK		
TIMECLR	TIMECLR		data	0x0000C976	OK		
TIMERAM	TIMERAM@CUSA	CUSA	data	0x0000C977	OK		
STATE_NUM	STATE_NUM@CUSA	CUSA	data	0x0000C9AA	OK		
STATE_TIK	STATE_TIK@CUSA	CUSA	data	0x0000C9AB	OK		
BUTTON_IBO	BUTTON_IBO@CUSA	CUSA	data	0x0000C9AC	OK		
BUTTON_TIK	BUTTON_TIK@CUSA	CUSA	data	0x0000C9AD	OK		
CURRENT_PROC	CURRENT_PROC		data	0x0000C9AE	OK		
OLDSP	OLDSP		data	0x0000C9AF	OK		
PACTIVE	PACTIVE		data	0x0000C9B0	OK		
PFREE	PFREE		data	0x0000C9B1	OK		
OACTIVE	OACTIVE		data	0x0000C9B2	OK		
OFREE	OFREE		data	0x0000C9B3	OK		
IDLE_LIST	IDLE_LIST		data	0x0000C9B4	OK		
OACTIVE_PRIORITY	OACTIVE_PRIORITY		data	0x0000C9B5	OK		
OLOW_PRIORITY	OLOW_PRIORITY		data	0x0000C9B6	OK		
OHIGH_PRIORITY	OHIGH_PRIORITY		data	0x0000C9B7	OK		
OACTIVECNT	OACTIVECNT		data	0x0000C9B8	OK		
OFREECNT	OFREECNT		data	0x0000C9B9	OK		
OMAX_OBJECTS	OMAX_OBJECTS		data	0x0000C9BA	OK		
COMM_DRONE_PTR	COMM_DRONE_PTR		data	0x0000C9BB	OK		
PLYRTEMP	PLYRTEMP@OBJ	OBJ	data	0x0000C9BC	OK		
PALRAM	PALRAM@PALL	PALL	data	0x0000C9BD	OK		
RAWLOCS	RAWLOCS@PALL	PALL	data	0x0000CA3D	OK		
PTTRAM	PTTRAM		data	0x0000CABD	OK		
PALXFER_ACTIVE	PALXFER_ACTIVE@PALL	PALL	data	0x0000CC3F	OK		
PALXFER_FREE	PALXFER_FREE@PALL	PALL	data	0x0000CC40	OK		
PALXFER_AVAILABLE_P	PALXFER_AVAILABLE_P@PALL	PALL	data	0x0000CC41	OK		
PALXFER_STR	PALXFER_STR@PALL	PALL	data	0x0000CC42	OK		
ACTIVE_SCREEN	ACTIVE_SCREEN		data	0x0000CE43	OK		
DYNALIST	DYNALIST		data	0x0000CE44	OK		
DYNAFREE	DYNAFREE		data	0x0000DB41	OK		
NULL	NULL		data	0x0000DB42	OK		
CARLIST	CARLIST		data	0x0000DB43	OK		
CARFREE	CARFREE		data	0x0000E426	OK		
CAR_COUNT	CAR_COUNT		data	0x0000E427	OK		
CAMRADY	CAMRADY@INFIN	INFIN	data	0x0000E428	OK		
HIGHEST_ROADY	HIGHEST_ROADY@INFIN	INFIN	data	0x0000E429	OK		
HIGHEST_ROADY_X	HIGHEST_ROADY_X@INFIN	INFIN	data	0x0000E42A	OK		
VAR_ROAD_KFACTOR	VAR_ROAD_KFACTOR		data	0x0000E42B	OK		
AMOUNT_CLIPPED	AMOUNT_CLIPPED@INFIN	INFIN	data	0x0000E42C	OK		
INFIN_CORRECT	INFIN_CORRECT		data	0x0000E42D	OK		
STARTSECTION	STARTSECTION		data	0x0000E42E	OK		
START_POS	START_POS		data	0x0000E42F	OK		
START_RADY	START_RADY		data	0x0000E432	OK		
DRIVE_LIST	DRIVE_LIST		data	0x0000E433	OK		
CAR_LIST	CAR_LIST		data	0x0000E434	OK		
SIGN_LIST	SIGN_LIST		data	0x0000E435	OK		
GROUND_LIST	GROUND_LIST		data	0x0000E436	OK		
NEW_GROUP	NEW_GROUP@BACKGRND	BACKGRND	data	0x0000E437	OK		
DGROUPS	DGROUPS		data	0x0000E438	OK		
DGROUP_COUNT	DGROUP_COUNT		data	0x0000E49C	OK		
DGROUP_AW	DGROUP_AW		data	0x0000E49D	OK		
DYNALIST_TRUEBEGIN	DYNALIST_TRUEBEGIN		data	0x0000E49E	OK		
DYNALIST_BEGIN	DYNALIST_BEGIN		data	0x0000E49F	OK		
DYNALIST_END	DYNALIST_END		data	0x0000E4A0	OK		
SUBLIST_BEGIN	SUBLIST_BEGIN@BACKGRND	BACKGRND	data	0x0000E4A1	OK		
SUBLIST_END	SUBLIST_END@BACKGRND	BACKGRND	data	0x0000E4A2	OK		
STARTS	STARTS		data	0x0000E4A3	OK		
SECTIONIDX	SECTIONIDX		data	0x0000E4A4	OK		
TYCO_TRACK	TYCO_TRACK		data	0x0000E4A5	OK		
TYCO_TRACK_NTL	TYCO_TRACK_NTL		data	0x0000E4A6	OK		
TYCO_NTL_IDX	TYCO_NTL_IDX@BACKGRND	BACKGRND	data	0x0000E4A7	OK		
NEWSUBLIST_TOPB	NEWSUBLIST_TOPB@BACKGRND	BACKGRND	data	0x0000E4A8	OK		
TYCOFLAG	TYCOFLAG@BACKGRND	BACKGRND	data	0x0000E4AA	OK		
PASS1	PASS1@BACKGRND	BACKGRND	data	0x0000E4AB	OK		
SECRADY	SECRADY@BACKGRND	BACKGRND	data	0x0000E4AC	OK		
SINGLE_SECTION_TEMPPTR	SINGLE_SECTION_TEMPPTR		data	0x0000E4AD	OK		
MAXMPH	MAXMPH		data	0x0000E4AE	OK		
CHALLENGE_RACE	CHALLENGE_RACE		data	0x0000E4AF	OK		
NEXT_STARTUP	NEXT_STARTUP		data	0x0000E4B0	OK		
BONUS_WAVE	BONUS_WAVE		data	0x0000E4B1	OK		
FINISH_LINE	FINISH_LINE		data	0x0000E4B2	OK		
DO_FOLDFLAG	DO_FOLDFLAG		data	0x0000E4B3	OK		
GAMETRAK	GAMETRAK		data	0x0000E4B4	OK		
ETIME	ETIME		data	0x0000E4EC	OK		
UNFOLDFLAG	UNFOLDFLAG@BONUS	BONUS	data	0x0000E56B	OK		
SAVED_COUNTDOWN	SAVED_COUNTDOWN@BONUS	BONUS	data	0x0000E56C	OK		
WAS_HEAD2HEAD_ON	WAS_HEAD2HEAD_ON		data	0x0000E56E	OK		
DID_TIMED_OUT	DID_TIMED_OUT		data	0x0000E56F	OK		
HELI_ABORT	HELI_ABORT		data	0x0000E570	OK		
COINOFF	COINOFF		data	0x0000E571	OK		
CUSTOM_COINTAB	CUSTOM_COINTAB@COIN	COIN	data	0x0000E572	OK		
CUSTOM_COINSTR	CUSTOM_COINSTR@COIN	COIN	data	0x0000E57D	OK		
buffer	buffer@COIN	COIN	data	0x0000E587	OK		
FCB	FCB@COIN	COIN	data	0x0000E589	OK		
PCB	PCB@COIN	COIN	data	0x0000E58A	OK		
CREDITBUFFER	CREDITBUFFER@COIN	COIN	data	0x0000E58B	OK		
TOSTARTBUFFER	TOSTARTBUFFER@COIN	COIN	data	0x0000E593	OK		
ICF	ICF		data	0x0000E59C	OK		
VOLUME_ACTIVE	VOLUME_ACTIVE		data	0x0000E59D	OK		
VOLUME_COUNT	VOLUME_COUNT@COIN	COIN	data	0x0000E59E	OK		
CMOS_WP_WORD_SHADOW	CMOS_WP_WORD_SHADOW		data	0x0000E5A2	OK		
COIN_COUNTER1	COIN_COUNTER1		data	0x0000E5A3	OK		
COIN_COUNTER2	COIN_COUNTER2		data	0x0000E5A4	OK		
COUNTER_IDX	COUNTER_IDX		data	0x0000E5A5	OK		
COUNTER_MODE	COUNTER_MODE		data	0x0000E5A6	OK		
VL	VL@COLLA	COLLA	data	0x0000E5A7	OK		
COLVEL	COLVEL@COLLA	COLLA	data	0x0000E5BD	OK		
PMULT	PMULT@COLLA	COLLA	data	0x0000E5BE	OK		
SPINTEMP	SPINTEMP@COLLA	COLLA	data	0x0000E5BF	OK		
PLYRBEHIND	PLYRBEHIND@COLLA	COLLA	data	0x0000E5C0	OK		
COMMFLAG	COMMFLAG@COMM	COMM	data	0x0000E5C1	OK		
PLY2CAR	PLY2CAR		data	0x0000E5C2	OK		
IGNORE_UPDATES	IGNORE_UPDATES		data	0x0000E5C3	OK		
MY_LINKWAIT	MY_LINKWAIT		data	0x0000E5C4	OK		
BSYNC	BSYNC		data	0x0000E5C5	OK		
SAVED_PLY2CAR	SAVED_PLY2CAR		data	0x0000E5C6	OK		
COINDROP	COINDROP		data	0x0000E5C7	OK		
DECOMP_ACTIVE	DECOMP_ACTIVE		data	0x0000E5FA	OK		
HARD_SECTION_LOAD	HARD_SECTION_LOAD		data	0x0000E5FB	OK		
FLUSH_COUNT	FLUSH_COUNT@COMP	COMP	data	0x0000E5FC	OK		
PACIFY_COUNT	PACIFY_COUNT@COMP	COMP	data	0x0000E5FD	OK		
NEXT_BUMP_CODE	NEXT_BUMP_CODE@COMP	COMP	data	0x0000E5FE	OK		
SAVESPC	SAVESPC@COMP	COMP	data	0x0000E5FF	OK		
PREVX	PREVX		data	0x0000E618	OK		
DELTA	DELTA		data	0x0000E619	OK		
DRONE_DISPATCH_P	DRONE_DISPATCH_P		data	0x0000E61B	OK		
SUSPEND_MODE	SUSPEND_MODE		data	0x0000E61C	OK		
RACER_GRID_START	RACER_GRID_START		data	0x0000E61D	OK		
DRONE_COUNT	DRONE_COUNT		data	0x0000E61E	OK		
ONCSCREEN_CARS	ONCSCREEN_CARS@DRONES	DRONES	data	0x0000E621	OK		
DD_SLP	DD_SLP		data	0x0000E622	OK		
DD_VAR	DD_VAR		data	0x0000E623	OK		
DD_MAX_DRONES	DD_MAX_DRONES		data	0x0000E624	OK		
DRONENUM	DRONENUM		data	0x0000E625	OK		
SMOKE_COUNT	SMOKE_COUNT		data	0x0000E626	OK		
COCONUT_COUNT	COCONUT_COUNT		data	0x0000E627	OK		
SCREENWIPE_DONE	SCREENWIPE_DONE		data	0x0000E628	OK		
YINCREMENT	YINCREMENT@HEADS	HEADS	data	0x0000E629	OK		
FONTUSED	FONTUSED@HEADS	HEADS	data	0x0000E62A	OK		
PRES	PRES@HOTTUB	HOTTUB	data	0x0000E62B	OK		
WATCHOBJ	WATCHOBJ@HOTTUB	HOTTUB	data	0x0000E62C	OK		
PEDHIT	PEDHIT@HSTDP	HSTDP	data	0x0000E62D	OK		
RADIO_HS_SHADOW	RADIO_HS_SHADOW@HSTDP	HSTDP	data	0x0000E62E	OK		
RADIO_HS_SWITCH	RADIO_HS_SWITCH@HSTDP	HSTDP	data	0x0000E62F	OK		
COUNTDOWN_BUF	COUNTDOWN_BUF@HUD	HUD	data	0x0000E630	OK		
MPH_BUFFER	MPH_BUFFER@HUD	HUD	data	0x0000E632	OK		
_countdown	_countdown		data	0x0000E634	OK		
_MPH	_MPH		data	0x0000E635	OK		
SCORE	SCORE		data	0x0000E636	OK		
POSITION	POSITION		data	0x0000E637	OK		
MAXMPH_COUNT	MAXMPH_COUNT		data	0x0000E638	OK		
OFFROADBUFF	OFFROADBUFF@HUD	HUD	data	0x0000E63D	OK		
MOVEIN_OFFSET	MOVEIN_OFFSET		data	0x0000E63F	OK		
LASTSEC	LASTSEC@HUD	HUD	data	0x0000E640	OK		
TACHOMETER_PAL	TACHOMETER_PAL@HUD	HUD	data	0x0000E641	OK		
START_HIT	START_HIT		data	0x0000E661	OK		
CHOSEN_VEHICLE	CHOSEN_VEHICLE		data	0x0000E662	OK		
CHOSEN_TRANSMISSION	CHOSEN_TRANSMISSION		data	0x0000E663	OK		
CHOSEN_RACE	CHOSEN_RACE		data	0x0000E664	OK		
END_OF_GAMEP	END_OF_GAMEP		data	0x0000E665	OK		
RACE_MODE	RACE_MODE		data	0x0000E666	OK		
FIRST_RACE	FIRST_RACE		data	0x0000E667	OK		
POSES	POSES		data	0x0000E668	OK		
GAMEDIFF	GAMEDIFF		data	0x0000E669	OK		
CHECKPOINT_NUM	CHECKPOINT_NUM		data	0x0000E66A	OK		
H2H_FLAGSTATE	H2H_FLAGSTATE		data	0x0000E66B	OK		
FRAMELAG	FRAMELAG@INTRO	INTRO	data	0x0000E66C	OK		
NOASK_LINK	NOASK_LINK@INTRO	INTRO	data	0x0000E66D	OK		
DCALL	DCALL@INTRO	INTRO	data	0x0000E66E	OK		
START_NOW_P	START_NOW_P		data	0x0000E66F	OK		
CHOOSENCAR	CHOOSENCAR		data	0x0000E670	OK		
CAR_CHOICE_GOTTEN	CAR_CHOICE_GOTTEN@INTRO	INTRO	data	0x0000E671	OK		
CAR_ARRAY	CAR_ARRAY@INTRO	INTRO	data	0x0000E672	OK		
CAR1PAL	CAR1PAL@INTRO	INTRO	data	0x0000E676	OK		
CAR2PAL	CAR2PAL@INTRO	INTRO	data	0x0000E6F7	OK		
CAR3PAL	CAR3PAL@INTRO	INTRO	data	0x0000E778	OK		
CAR4PAL	CAR4PAL@INTRO	INTRO	data	0x0000E7F9	OK		
IS_HIDDEN	IS_HIDDEN@INTRO	INTRO	data	0x0000E87A	OK		
SPINCURR	SPINCURR@INTRO	INTRO	data	0x0000E87B	OK		
BABE_CONTROL	BABE_CONTROL		data	0x0000E87C	OK		
CURR_FLAGSTATE	CURR_FLAGSTATE@INTRO	INTRO	data	0x0000E87D	OK		
LASTCHOICE	LASTCHOICE		data	0x0000E87E	OK		
_timer	_timer		data	0x0000E87F	OK		
SAVEDMODE	SAVEDMODE@INTRO	INTRO	data	0x0000E880	OK		
miniidle	miniidle@INTRO	INTRO	data	0x0000E881	OK		
DIRTY_SHARED	DIRTY_SHARED		data	0x0000E882	OK		
FINISH_ID	FINISH_ID		data	0x0000E883	OK		
LEG_ELEMENTS	LEG_ELEMENTS@LEG	LEG	data	0x0000E884	OK		
LAST_END_CACHE	LAST_END_CACHE@LEG	LEG	data	0x0000E885	OK		
LAST_END_INDEX	LAST_END_INDEX@LEG	LEG	data	0x0000E886	OK		
LEGFREE	LEGFREE@LEG	LEG	data	0x0000E888	OK		
LEGLL	LEGLL@LEG	LEG	data	0x0000E889	OK		
LEG_RADY	LEG_RADY@LEG	LEG	data	0x0000E88B	OK		
LEG_SECTIONIDX	LEG_SECTIONIDX@LEG	LEG	data	0x0000E88C	OK		
MAPPAL13	MAPPAL13@MAP	MAP	data	0x0000E88D	OK		
MAPPAL24	MAPPAL24@MAP	MAP	data	0x0000E88E	OK		
STOPWATCH	STOPWATCH		data	0x0000E88F	OK		
STOPWATCH_CNTL	STOPWATCH_CNTL		data	0x0000E890	OK		
lap_buffer	lap_buffer@MAP	MAP	data	0x0000E891	OK		
tmp_buffer	tmp_buffer@MAP	MAP	data	0x0000E895	OK		
THIS_MACHINE_AHEAD	THIS_MACHINE_AHEAD		data	0x0000E897	OK		
CHECKPOINT_TIME_BONUS	CHECKPOINT_TIME_BONUS		data	0x0000E898	OK		
REAL_CHECKPOINTS	REAL_CHECKPOINTS		data	0x0000E899	OK		
OFFROAD_TMR	OFFROAD_TMR		data	0x0000E89A	OK		
ZOOMD	ZOOMD		data	0x0000E89B	OK		
ZOOMDD	ZOOMDD@PLYR	PLYR	data	0x0000E89C	OK		
ZOOMDG	ZOOMDG@PLYR	PLYR	data	0x0000E89D	OK		
ZOOMH	ZOOMH@PLYR	PLYR	data	0x0000E89E	OK		
ZOOMHD	ZOOMHD@PLYR	PLYR	data	0x0000E89F	OK		
ZOOMHG	ZOOMHG@PLYR	PLYR	data	0x0000E8A0	OK		
CAMVIEW	CAMVIEW		data	0x0000E8A1	OK		
BRAKEON	BRAKEON@PLYR	PLYR	data	0x0000E8A2	OK		
WRECKFLG	WRECKFLG		data	0x0000E8A3	OK		
REVFLG	REVFLG@PLYR	PLYR	data	0x0000E8A4	OK		
PLYCAR	PLYCAR		data	0x0000E8A6	OK		
PLYPROC	PLYPROC		data	0x0000E8A7	OK		
PLYCBLK	PLYCBLK		data	0x0000E8A8	OK		
OLDPLYSPD	OLDPLYSPD@PLYR	PLYR	data	0x0000E8A9	OK		
OLDPLYAIR	OLDPLYAIR@PLYR	PLYR	data	0x0000E8AA	OK		
PLYRFIRST	PLYRFIRST		data	0x0000E8AB	OK		
PLAIRTIM	PLAIRTIM@PLYR	PLYR	data	0x0000E8AC	OK		
CHEATACC	CHEATACC@PLYR	PLYR	data	0x0000E8AD	OK		
CHEAT	CHEAT		data	0x0000E8AE	OK		
ENGVOL	ENGVOL@PLYR	PLYR	data	0x0000E8C7	OK		
WHLTIM	WHLTIM@PLYR	PLYR	data	0x0000E8C8	OK		
WHLOLD	WHLOLD@PLYR	PLYR	data	0x0000E8C9	OK		
PEDALMN	PEDALMN		data	0x0000E8CA	OK		
PEDALMX	PEDALMX		data	0x0000E8CB	OK		
STEERMN	STEERMN		data	0x0000E8CC	OK		
STEERMX	STEERMX		data	0x0000E8CD	OK		
STEERCT	STEERCT		data	0x0000E8CE	OK		
BRAKEMN	BRAKEMN@PLYR	PLYR	data	0x0000E8CF	OK		
BRAKEMX	BRAKEMX@PLYR	PLYR	data	0x0000E8D0	OK		
STEERFR	STEERFR		data	0x0000E8D1	OK		
FINISHNUM	FINISHNUM@RACER	RACER	data	0x0000E8D2	OK		
RACER_PTR	RACER_PTR		data	0x0000E8D3	OK		
OM_TRACK_LO	OM_TRACK_LO		data	0x0000E8DD	OK		
OM_TRACK_HI	OM_TRACK_HI		data	0x0000E8DE	OK		
ROADOBSTAB	ROADOBSTAB@RACER	RACER	data	0x0000E8DF	OK		
PLYRCLOSE	PLYRCLOSE@RACER	RACER	data	0x0000E911	OK		
CARTMP1	CARTMP1@RACER	RACER	data	0x0000E912	OK		
NOLONG_VEHICLES	NOLONG_VEHICLES		data	0x0000E913	OK		
RHOFLAG	RHOFLAG@RHO	RHO	data	0x0000E914	OK		
RHOPAL	RHOPAL@RHO	RHO	data	0x0000E915	OK		
FREEZE_IT	FREEZE_IT		data	0x0000E916	OK		
THE_TRAIN_SPEED	THE_TRAIN_SPEED@RROAD	RROAD	data	0x0000E91A	OK		
KILL_TRAIN	KILL_TRAIN@RROAD	RROAD	data	0x0000E91B	OK		
ROAD_DEBRIS	ROAD_DEBRIS		data	0x0000E91C	OK		
ROADKILLXZ	ROADKILLXZ@ROADKILL	ROADKILL	data	0x0000E91D	OK		
ROADKILL_SOUND_TIMER	ROADKILL_SOUND_TIMER		data	0x0000E91F	OK		
SNDSTR	SNDSTR		data	0x0000E920	OK		
STATION_TIMEOUT	STATION_TIMEOUT@SND	SND	data	0x0000E944	OK		
RS_X	RS_X@SND	SND	data	0x0000E945	OK		
TUNE_IDX	TUNE_IDX		data	0x0000E946	OK		
DO_NOT_REENABLE_INT	DO_NOT_REENABLE_INT@SND	SND	data	0x0000E947	OK		
TIRE_SMOKE_COUNT	TIRE_SMOKE_COUNT		data	0x0000E948	OK		
TEXT_FREE	TEXT_FREE@TEXT	TEXT	data	0x0000E949	OK		
TEXT_ACTIVE	TEXT_ACTIVE@TEXT	TEXT	data	0x0000E94A	OK		
TEXT_FREE_COUNT	TEXT_FREE_COUNT		data	0x0000E94B	OK		
TEXT_FREEZE	TEXT_FREEZE		data	0x0000E94C	OK		
DOORTHETA	DOORTHETA@TRANS	TRANS	data	0x0000EA4F	OK		
DOORLIST	DOORLIST		data	0x0000EA50	OK		
LASTCHOICEA	LASTCHOICEA@TRANS	TRANS	data	0x0000EA51	OK		
GUWP	GUWP@TRANS	TRANS	data	0x0000EA52	OK		
CT_CURSOR	CT_CURSOR@TRANS	TRANS	data	0x0000EA53	OK		
CT_WHEEL	CT_WHEEL@TRANS	TRANS	data	0x0000EA54	OK		
CT_PUSHTOCYCLE	CT_PUSHTOCYCLE@TRANS	TRANS	data	0x0000EA55	OK		
CT_LENG	CT_LENG@TRANS	TRANS	data	0x0000EA56	OK		
CT_RENG	CT_RENG@TRANS	TRANS	data	0x0000EA57	OK		
CT_MAN	CT_MAN@TRANS	TRANS	data	0x0000EA58	OK		
CT_AUTO	CT_AUTO@TRANS	TRANS	data	0x0000EA59	OK		
CT_TURNTOSEL	CT_TURNTOSEL@TRANS	TRANS	data	0x0000EA5A	OK		
TRANS_HEAD	TRANS_HEAD@TRANS	TRANS	data	0x0000EA5B	OK		
RAW_CHOOSENTRK	RAW_CHOOSENTRK@TRACKSEL	TRACKSEL	data	0x0000EA5D	OK		
HIDDEN_ON	HIDDEN_ON		data	0x0000EA60	OK		
TSEL_HEAD	TSEL_HEAD		data	0x0000EA61	OK		
TSEL_THEONE	TSEL_THEONE@TRACKSEL	TRACKSEL	data	0x0000EA62	OK		
BOILEROBJ	BOILEROBJ		data	0x0000EA63	OK		
_ACNTL	_ACNTL		data	0x0000EA64	OK		
_ACMAP	_ACMAP		data	0x0000EA65	OK		
AIVI	AIVI		data	0x0000EA72	OK		
_AIVI	_AIVI		data	0x0000EA72	OK		
_ADDRL	_ADDRL		data	0x0000EA76	OK		
POSE	POSE		data	0x0000EA77	OK		
WHEELPOS	WHEELPOS		data	0x0000EA78	OK		
WHEELOUT	WHEELOUT@WHEEL	WHEEL	data	0x0000EA79	OK		
WHEELMAX	WHEELMAX		data	0x0000EA7A	OK		
DAMPPWR	DAMPPWR@WHEEL	WHEEL	data	0x0000EA7B	OK		
_PALLIST	_PALLIST		data	0x0000EA7C	OK		
ftoa_tmp	ftoa_tmp@FONT1A	FONT1A	data	0x0000EB7C	OK		
MOTION_NOT_ON	MOTION_NOT_ON@MOTION	MOTION	data	0x0000EB7E	OK		
MOTION_STOP_HIT	MOTION_STOP_HIT		data	0x0000EB7F	OK		
MOTION_RCV_TIKS	MOTION_RCV_TIKS		data	0x0000EB80	OK		
ABORT_QUERY	ABORT_QUERY@MOTION	MOTION	data	0x0000EB81	OK		
WAITTIK	WAITTIK		data	0x0000EB82	OK		
MOTION_SAFETY_ON	MOTION_SAFETY_ON		data	0x0000EB83	OK		
MOTION_SAFETY_TYPE	MOTION_SAFETY_TYPE		data	0x0000EB84	OK		
sPOTVALUE	sPOTVALUE@MOTION	MOTION	data	0x0000EB85	OK		
MOTION_CMDSTR	MOTION_CMDSTR@MOTION	MOTION	data	0x0000EB94	OK		
LAST_ZF	LAST_ZF@MOTION	MOTION	data	0x0000EBE4	OK		
LAST_XL	LAST_XL@MOTION	MOTION	data	0x0000EBE5	OK		
LAST_YR	LAST_YR@MOTION	MOTION	data	0x0000EBE6	OK		
LATCHED_ERROR	LATCHED_ERROR@MOTION	MOTION	data	0x0000EBE7	OK		
GALIL_STATUS_X	GALIL_STATUS_X@MOTION	MOTION	data	0x0000EBE8	OK		
GALIL_STATUS_Y	GALIL_STATUS_Y@MOTION	MOTION	data	0x0000EBE9	OK		
GALIL_STATUS_Z	GALIL_STATUS_Z@MOTION	MOTION	data	0x0000EBEA	OK		
SOFT_AUDIT	SOFT_AUDIT		data	0x0000EBEB	OK		
buffer	buffer@DIAG	DIAG	data	0x0000EBEC	OK		
_opot0	_opot0@DIAG	DIAG	data	0x0000EC00	OK		
_opot1	_opot1@DIAG	DIAG	data	0x0000EC01	OK		
_opot2	_opot2@DIAG	DIAG	data	0x0000EC02	OK		
_onebut	_onebut@DIAG	DIAG	data	0x0000EC03	OK		
LASTSHIFT	LASTSHIFT@DIAG	DIAG	data	0x0000EC04	OK		
LASTDIPPLOT	LASTDIPPLOT@DIAG	DIAG	data	0x0000EC0B	OK		
DIPTMP	DIPTMP@DIAG	DIAG	data	0x0000EC0C	OK		
MENU_SCROLL	MENU_SCROLL@DIAG	DIAG	data	0x0000EC0E	OK		
COUNTRY	COUNTRY@DIAG	DIAG	data	0x0000EC0F	OK		
PSLAST	PSLAST@DIAG	DIAG	data	0x0000EC10	OK		
REPEAT_SW	REPEAT_SW@DIAG	DIAG	data	0x0000EC11	OK		
REPEAT_TIME	REPEAT_TIME@DIAG	DIAG	data	0x0000EC12	OK		
OLD_MOTION_CODE	OLD_MOTION_CODE@DIAG	DIAG	data	0x0000EC13	OK		
IBOIBOT	IBOIBOT@DIAG	DIAG	data	0x0000EC14	OK		
OLDDIP	OLDDIP@AUDITS	AUDITS	data	0x0000EC16	OK		
PRCSTR	PRCSTR@MPROC	MPROC	data	0x0000EC17	OK		
OBJSTR	OBJSTR		data	0x00010585	OK		
LEG_MAP	LEG_MAP		data	0x0001CB6C	OK		
LEG_SSLL	LEG_SSLL@LEG	LEG	data	0x0001E46C	OK		
TEXT_LIST	TEXT_LIST@TEXT	TEXT	data	0x0001E598	OK		
SEND_BUFFER_A	SEND_BUFFER_A		data	0x0001F000	OK		
RECEIVE_BUFFER	RECEIVE_BUFFER		data	0x0001F258	OK		
FIFO_ADDR	FIFO_ADDR		data	0x00600000	OK		
SW_VIEW3	SW_VIEW3		data	0x00800000	OK		
TIMER_CNTL1	TIMER_CNTL1		data	0x00808020	OK		
TIMER_CNTR1	TIMER_CNTR1		data	0x00808024	OK		
TIMER_PERIOD1	TIMER_PERIOD1		data	0x00808028	OK		
CPU_WS	CPU_WS		data	0x00808064	OK		
_CAMERAPOS	_CAMERAPOS		data	0x00809800	OK		
_CAMERARAD	_CAMERARAD		data	0x00809806	OK		
_CAMERAMATRIX	_CAMERAMATRIX		data	0x00809809	OK		
TMPMAT	TMPMAT		data	0x00809815	OK		
LOCTEMPER_MAT	LOCTEMPER_MAT		data	0x00809824	OK		
_MATRIXA	_MATRIXA		data	0x00809837	OK		
_MATRIXB	_MATRIXB		data	0x00809841	OK		
_MATRIXC	_MATRIXC		data	0x0080984B	OK		
_VECTORA	_VECTORA		data	0x00809855	OK		
_VECTORB	_VECTORB		data	0x0080985A	OK		
_VECTORC	_VECTORC		data	0x0080985F	OK		
_VECTORD	_VECTORD		data	0x00809864	OK		
COMMINTM	COMMINTM		data	0x008099DF	OK		
MPROC_TIK	MPROC_TIK@CUSA	CUSA	data	0x008099E0	OK		
WDHIT	WDHIT@CUSA	CUSA	data	0x008099E1	OK		
BUTTON_TIKS	BUTTON_TIKS@CUSA	CUSA	data	0x008099E2	OK		
BOXSCRAM	BOXSCRAM@COLLA	COLLA	data	0x008099E4	OK		
COMM_MASTER_ERROR_CNT	COMM_MASTER_ERROR_CNT		data	0x00809A16	OK		
COMM_MASTER_TRANSES	COMM_MASTER_TRANSES		data	0x00809A17	OK		
COMM_SLAVE_ERROR_CNT	COMM_SLAVE_ERROR_CNT		data	0x00809A18	OK		
COMM_SLAVE_TRANSES	COMM_SLAVE_TRANSES		data	0x00809A19	OK		
COMMQ_TMP_BUFF	COMMQ_TMP_BUFF		data	0x00809A1B	OK		
LOCTEMPER_MAT2	LOCTEMPER_MAT2@MATH	MATH	data	0x00809A6D	OK		
IN_RESET_MODE	IN_RESET_MODE		data	0x00809A79	OK		
BASICS_RAM	BASICS_RAM@MEMTEST	MEMTEST	data	0x00809A7A	OK		
RESET_TIMER	RESET_TIMER@SND	SND	data	0x00809A7A	OK		
FASTSTK	FASTSTK		data	0x00809C00	OK		
BLOWLIST	BLOWLIST		data	0x00809D00	OK		
SCREEN	SCREEN		data	0x00900000	OK		
SCREEN0	SCREEN0		data	0x00900000	OK		
SCREEN1	SCREEN1		data	0x00940000	OK		
DMA_CTRL	DMA_CTRL		data	0x00980000	OK		
FIFO_CNTR	FIFO_CNTR		data	0x00980000	OK		
DMA_CMAP	DMA_CMAP		data	0x00980001	OK		
DMA_AX	DMA_AX		data	0x00980002	OK		
DMA_AY	DMA_AY		data	0x00980003	OK		
DMA_AZ	DMA_AZ		data	0x00980004	OK		
DMA_BX	DMA_BX		data	0x00980005	OK		
DMA_BY	DMA_BY		data	0x00980006	OK		
DMA_BZ	DMA_BZ		data	0x00980007	OK		
DMA_CX	DMA_CX		data	0x00980008	OK		
DMA_CY	DMA_CY		data	0x00980009	OK		
DMA_CZ	DMA_CZ		data	0x0098000A	OK		
DMA_DX	DMA_DX		data	0x0098000B	OK		
DMA_DY	DMA_DY		data	0x0098000C	OK		
DMA_DZ	DMA_DZ		data	0x0098000D	OK		
DMA_IVA	DMA_IVA		data	0x0098000E	OK		
DMA_IVB	DMA_IVB		data	0x0098000F	OK		
DMA_IVC	DMA_IVC		data	0x00980010	OK		
DMA_IVD	DMA_IVD		data	0x00980011	OK		
DMA_LINE	DMA_LINE		data	0x00980012	OK		
CRT_SETUP	CRT_SETUP		data	0x00980020	OK		
CRT_VCNT	CRT_VCNT		data	0x00980020	OK		
CRT_HADDRINC	CRT_HADDRINC		data	0x00980021	OK		
CRT_HBLKSTART	CRT_HBLKSTART		data	0x00980022	OK		
CRT_HSYNCSTART	CRT_HSYNCSTART		data	0x00980023	OK		
CRT_HSYNCEND	CRT_HSYNCEND		data	0x00980024	OK		
CRT_HBLKEND	CRT_HBLKEND		data	0x00980025	OK		
CRT_HTTL	CRT_HTTL		data	0x00980026	OK		
CRT_VBLKSTART	CRT_VBLKSTART		data	0x00980027	OK		
CRT_SYNCSTART	CRT_SYNCSTART		data	0x00980028	OK		
CRT_SYNCEND	CRT_SYNCEND		data	0x00980029	OK		
CRT_VBLK	CRT_VBLK		data	0x0098002A	OK		
CRT_VTTL	CRT_VTTL		data	0x0098002B	OK		
DMA_SETUP	DMA_SETUP		data	0x00980040	OK		
FIFO_SIZE	FIFO_SIZE		data	0x00980041	OK		
FIFO_CONTROL	FIFO_CONTROL		data	0x00980080	OK		
FIFO_STATUS	FIFO_STATUS		data	0x00980082	OK		
FIFO_INC	FIFO_INC		data	0x00980083	OK		
DIAGPAL_ptr_0098C80F	DIAGPAL_ptr_0098C80F		data	0x0098C80F	OK		
_newbut	_newbut		data	0x0098C8F9	OK		
BGNDCOLA	BGNDCOLA		data	0x0098C968	OK		
COMMPAL	COMMPAL		data	0x00990000	OK		
SWITCH3	SWITCH3		data	0x00991030	OK		
SWITCH2	SWITCH2		data	0x00991050	OK		
SWITCH1	SWITCH1		data	0x00991060	OK		
DIPSW	DIPSW		data	0x00992000	OK		
ATOD_R	ATOD_R		data	0x00993000	OK		
SYSCNTLR	SYSCNTLR		data	0x00994000	OK		
SOUND	SOUND		data	0x00995000	OK		
WHEEL	WHEEL		data	0x00995000	OK		
CMOS_WP_WORD	CMOS_WP_WORD		data	0x00995020	OK		
OUT1	OUT1		data	0x00996000	OK		
COMMDP	COMMDP		data	0x00997000	OK		
COMM_IO	COMM_IO		data	0x00997000	OK		
COMM_CTL	COMM_CTL		data	0x00997001	OK		
SND2	SND2		data	0x009A0000	OK		
CMOS	CMOS		data	0x009C0000	OK		
COLORAM	COLORAM		data	0x009E0000	OK		
WAVERAM	WAVERAM		data	0x00A00000	OK		
GET_COIN1	GET_COIN1@COIN	COIN	code	0x00C1000F	OK		
GET_COIN2	GET_COIN2@COIN	COIN	code	0x00C1001B	OK		
GET_COIN3	GET_COIN3@COIN	COIN	code	0x00C10028	OK		
GET_COIN4	GET_COIN4@COIN	COIN	code	0x00C10035	OK		
GET_UNITS_PER_CREDIT	GET_UNITS_PER_CREDIT@COIN	COIN	code	0x00C10042	OK		
GET_UNITS_FOR_BONUS	GET_UNITS_FOR_BONUS@COIN	COIN	code	0x00C1004E	OK		
GET_MIN_UNITS	GET_MIN_UNITS@COIN	COIN	code	0x00C1005B	OK		
GET_CREDITS_TO_START	GET_CREDITS_TO_START@COIN	COIN	code	0x00C10068	OK		
GET_CREDITS_TO_CONTINUE	GET_CREDITS_TO_CONTINUE@COIN	COIN	code	0x00C10075	OK		
GET_SHOW_PARTIAL	GET_SHOW_PARTIAL@COIN	COIN	code	0x00C10081	OK		
GET_COIN1_COUNTER	GET_COIN1_COUNTER@COIN	COIN	code	0x00C1008E	OK		
GET_COIN2_COUNTER	GET_COIN2_COUNTER@COIN	COIN	code	0x00C10096	OK		
GET_COIN3_COUNTER	GET_COIN3_COUNTER@COIN	COIN	code	0x00C1009F	OK		
GET_COIN4_COUNTER	GET_COIN4_COUNTER@COIN	COIN	code	0x00C100A8	OK		
startup0	startup0@CUSA	CUSA	data	0x00C10253	OK		
startup1	startup1@CUSA	CUSA	data	0x00C1025E	OK		
startup2	startup2@CUSA	CUSA	data	0x00C1026B	OK		
startup3	startup3@CUSA	CUSA	data	0x00C10279	OK		
dlts	dlts@CUSA	CUSA	data	0x00C10282	OK		
VERSION_STAMP	VERSION_STAMP		data	0x00C10288	OK		
INTERNAL_VERS	INTERNAL_VERS@CUSA	CUSA	data	0x00C1028C	OK		
M1	M1@CUSA	CUSA	data	0x00C1028E	OK		
M2	M2@CUSA	CUSA	data	0x00C10293	OK		
M3	M3@CUSA	CUSA	data	0x00C1029E	OK		
M4	M4@CUSA	CUSA	data	0x00C102A9	OK		
M5	M5@CUSA	CUSA	data	0x00C102B4	OK		
M6	M6@CUSA	CUSA	data	0x00C102BA	OK		
M7	M7@CUSA	CUSA	data	0x00C102C5	OK		
M8	M8@CUSA	CUSA	data	0x00C102CC	OK		
M9	M9@CUSA	CUSA	data	0x00C102D3	OK		
CRT_REG_SETUP_STR	CRT_REG_SETUP_STR		data	0x00C102DA	OK		
SPIN_CARTAB	SPIN_CARTAB		data	0x00C10381	OK		
BABE_PALIST	BABE_PALIST		data	0x00C10398	OK		
ungh1_blue	ungh1_blue		data	0x00C103A2	OK		
ungh1_green	ungh1_green		data	0x00C10423	OK		
ungh1_silver	ungh1_silver		data	0x00C104A4	OK		
ungh1_yellow	ungh1_yellow		data	0x00C10525	OK		
ungh1_skin	ungh1_skin		data	0x00C105A6	OK		
LEG1	LEG1		data	0x00C10627	OK		
LEG2	LEG2		data	0x00C1062C	OK		
LEG3	LEG3		data	0x00C10630	OK		
LEG4	LEG4		data	0x00C10632	OK		
LEG5	LEG5		data	0x00C10636	OK		
LEG6	LEG6		data	0x00C1063A	OK		
LEG7	LEG7		data	0x00C1063D	OK		
LEG8	LEG8		data	0x00C10641	OK		
LEG9	LEG9		data	0x00C10643	OK		
LEG10	LEG10		data	0x00C10647	OK		
LEG11	LEG11		data	0x00C10649	OK		
LEG12	LEG12		data	0x00C1064B	OK		
LEG13	LEG13		data	0x00C1064D	OK		
LEG14	LEG14		data	0x00C10650	OK		
LEG_USA	LEG_USA		data	0x00C10654	OK		
WINT1	WINT1@BONUS	BONUS	data	0x00C10659	OK		
WINT2	WINT2@BONUS	BONUS	data	0x00C1065D	OK		
EXPIRED	EXPIRED@BONUS	BONUS	data	0x00C10660	OK		
BONUS_POSTLAUNCH	BONUS_POSTLAUNCH		data	0x00C10662	OK		
BONUS_TABLE	BONUS_TABLE		data	0x00C10672	OK		
BHDDFAS	BHDDFAS@BONUS	BONUS	data	0x00C10680	OK		
FRA1	FRA1@BONUS	BONUS	data	0x00C10682	OK		
FRA2	FRA2@BONUS	BONUS	data	0x00C10685	OK		
LCTS	LCTS		data	0x00C10688	OK		
LNLS	LNLS		data	0x00C1068C	OK		
FLAG_POS_TABLE	FLAG_POS_TABLE		data	0x00C1068F	OK		
BT1	BT1@BONUS	BONUS	data	0x00C106AB	OK		
BT1A	BT1A@BONUS	BONUS	data	0x00C106AF	OK		
RT2	RT2@BONUS	BONUS	data	0x00C106B3	OK		
HH1	HH1@BONUS	BONUS	data	0x00C106B7	OK		
HH2	HH2@BONUS	BONUS	data	0x00C106BB	OK		
NULLSTR5	NULLSTR5@BONUS	BONUS	data	0x00C106BF	OK		
BT2	BT2@BONUS	BONUS	data	0x00C106C0	OK		
EXP_ANI	EXP_ANI		data	0x00C106CA	OK		
SMOKE_ANI	SMOKE_ANI		data	0x00C106D6	OK		
VETETXT	VETETXT		data	0x00C106F2	OK		
RODRTXT	RODRTXT		data	0x00C106F8	OK		
BULLTXT	BULLTXT		data	0x00C106FE	OK		
FERRTXT	FERRTXT		data	0x00C10704	OK		
HRT12	HRT12		data	0x00C1070A	OK		
HRT13	HRT13		data	0x00C1070D	OK		
HRT14	HRT14		data	0x00C10710	OK		
HRT15	HRT15		data	0x00C10713	OK		
HRT16	HRT16		data	0x00C10716	OK		
TABING	TABING		data	0x00C10718	OK		
HRS11	HRS11		data	0x00C1071E	OK		
HRS12	HRS12		data	0x00C10722	OK		
HRS13	HRS13		data	0x00C10726	OK		
HRS14	HRS14		data	0x00C10728	OK		
HRS15	HRS15		data	0x00C1072A	OK		
HRS16	HRS16		data	0x00C1072D	OK		
HRS21	HRS21		data	0x00C10732	OK		
HRS22	HRS22		data	0x00C10735	OK		
HRS23	HRS23		data	0x00C10739	OK		
HRS24	HRS24		data	0x00C1073B	OK		
HRS25	HRS25		data	0x00C1073D	OK		
HRS26	HRS26		data	0x00C10740	OK		
HRS31	HRS31		data	0x00C10746	OK		
HRS32	HRS32		data	0x00C1074A	OK		
HRS33	HRS33		data	0x00C1074E	OK		
HRS34	HRS34		data	0x00C10750	OK		
HRS35	HRS35		data	0x00C10752	OK		
HRS36	HRS36		data	0x00C10755	OK		
HRS41	HRS41		data	0x00C1075B	OK		
HRS42	HRS42		data	0x00C1075E	OK		
HRS43	HRS43		data	0x00C10762	OK		
HRS44	HRS44		data	0x00C10764	OK		
HRS45	HRS45		data	0x00C10766	OK		
HRS46	HRS46		data	0x00C10769	OK		
scroll_white	scroll_white		data	0x00C10A04	OK		
scroll_gr2	scroll_gr2@HSTDP	HSTDP	data	0x00C10A85	OK		
plate_darkp	plate_darkp@HSTDP	HSTDP	data	0x00C10B06	OK		
plate_medp	plate_medp		data	0x00C10B87	OK		
plate_lightp	plate_lightp		data	0x00C10C08	OK		
plate_lightp1	plate_lightp1		data	0x00C10C89	OK		
FLASH_PALS	FLASH_PALS		data	0x00C10D58	OK		
YOURLOSTTXT	YOURLOSTTXT@HUD	HUD	data	0x00C10D5D	OK		
OFFROADTXT	OFFROADTXT@HUD	HUD	data	0x00C10D61	OK		
JINOW	JINOW@INTRO	INTRO	data	0x00C10D80	OK		
WFCHAL1	WFCHAL1@INTRO	INTRO	data	0x00C10D83	OK		
WFCHAL2	WFCHAL2@INTRO	INTRO	data	0x00C10D85	OK		
WFCHAL3	WFCHAL3@INTRO	INTRO	data	0x00C10D89	OK		
CCTAB	CCTAB		data	0x00C10D91	OK		
RACE_STARTING_POINTS	RACE_STARTING_POINTS		data	0x00C10DAA	OK		
CARPAL_TABLE	CARPAL_TABLE		data	0x00C10DB8	OK		
CARSRCPAL_TAB	CARSRCPAL_TAB		data	0x00C10DBC	OK		
T_READY	T_READY		data	0x00C10DC0	OK		
T_SET	T_SET		data	0x00C10DC2	OK		
T_GO	T_GO		data	0x00C10DC3	OK		
T_CHALLENG	T_CHALLENG@INTRO	INTRO	data	0x00C10DC4	OK		
SINTABLE	SINTABLE		data	0x00C10DD2	OK		
ATOFFTAB	ATOFFTAB		data	0x00C10ED3	OK		
ATTAB	ATTAB		data	0x00C10EE3	OK		
cow_pal	cow_pal@ROADKILL	ROADKILL	data	0x00C10F6E	OK		
DEERBLOOD_ANI	DEERBLOOD_ANI@ROADKILL	ROADKILL	data	0x00C1103E	OK		
SHIT_ANI	SHIT_ANI		data	0x00C1105A	OK		
BUG_ANI	BUG_ANI		data	0x00C11061	OK		
FULLSETUP_TABLE	FULLSETUP_TABLE		data	0x00C11067	OK		
LOADSECTION_TABLE	LOADSECTION_TABLE		data	0x00C11075	OK		
FONTDIGLG	FONTDIGLG		data	0x00C110C8	OK		
FONTDIGSM	FONTDIGSM		data	0x00C110F4	OK		
FONTN43TAB	FONTN43TAB		data	0x00C11124	OK		
FONT18_TAB	FONT18_TAB		data	0x00C111C0	OK		
OGSMFONT_TAB	OGSMFONT_TAB		data	0x00C1126C	OK		
trmeng1_chrome	trmeng1_chrome@TRANS	TRANS	data	0x00C11318	OK		
lgnum43_coolyelo	lgnum43_coolyelo		data	0x00C113B9	OK		
font18_white	font18_white		data	0x00C1143A	OK		
dnums_amber	dnums_amber		data	0x00C114BB	OK		
bnout1_smoke	bnout1_smoke		data	0x00C1153C	OK		
osg10fnt_white	osg10fnt_white		data	0x00C115BD	OK		
COPCARTAB	COPCARTAB		data	0x00C115C7	OK		
HOTRODTAB	HOTRODTAB		data	0x00C115E6	OK		
TESTORTAB	TESTORTAB		data	0x00C11605	OK		
JEEPTAB	JEEPTAB		data	0x00C11624	OK		
VETTTAB	VETTTAB		data	0x00C11643	OK		
GTRUCKTABP	GTRUCKTABP		data	0x00C11662	OK		
MISSILE_TAB	MISSILE_TAB		data	0x00C11681	OK		
PSBUSTAB	PSBUSTAB		data	0x00C116A0	OK		
DDYNA_GTRUCK	DDYNA_GTRUCK		data	0x00C116BF	OK		
DDYNA_FTRUCK	DDYNA_FTRUCK		data	0x00C116CD	OK		
DDYNA_CBUS	DDYNA_CBUS		data	0x00C116D7	OK		
DDYNA_COPCAR	DDYNA_COPCAR		data	0x00C116E5	OK		
DDYNA_MUSCLE	DDYNA_MUSCLE		data	0x00C116EF	OK		
DDYNA_CARAVAN	DDYNA_CARAVAN		data	0x00C116F9	OK		
DDYNA_SBUS	DDYNA_SBUS		data	0x00C11703	OK		
DDYNA_PTRUCKG	DDYNA_PTRUCKG		data	0x00C1170D	OK		
DDYNA_MUSTANG	DDYNA_MUSTANG		data	0x00C11717	OK		
jeep_red	jeep_red		data	0x00C11721	OK		
jeep_yellow	jeep_yellow		data	0x00C117A2	OK		
testor_blue	testor_blue		data	0x00C11823	OK		
testor_grape	testor_grape		data	0x00C118A4	OK		
gtruck_bluep	gtruck_bluep		data	0x00C11A27	OK		
hotrod_yellow	hotrod_yellow		data	0x00C11AA8	OK		
hotrod_brtblue	hotrod_brtblue		data	0x00C11B29	OK		
missle_yellow	missle_yellow		data	0x00C11C2B	OK		
missle_red	missle_red		data	0x00C11CAC	OK		
missle_blue	missle_blue		data	0x00C11D2D	OK		
caravan_redyelo	caravan_redyelo		data	0x00C11DAE	OK		
caravan_yelogrey	caravan_yelogrey		data	0x00C11E2F	OK		
cvette_blue	cvette_blue		data	0x00C11EB0	OK		
cvette_red	cvette_red		data	0x00C11F31	OK		
cvette_purple	cvette_purple		data	0x00C11FB2	OK		
muscle_yellow	muscle_yellow		data	0x00C12033	OK		
muscle_green	muscle_green		data	0x00C120B4	OK		
ptruckg_yellr	ptruckg_yellr		data	0x00C12135	OK		
ptruckg_purple	ptruckg_purple		data	0x00C121B6	OK		
tower_bgrey	tower_bgrey		data	0x00C12237	OK		
VERIFY_ADJUSTMENTS_ACCURACYTAB	VERIFY_ADJUSTMENTS_ACCURACYTAB@CMOS	CMOS	data	0x00C12447	OK		
COINMSGC_TAB	COINMSGC_TAB		data	0x00C124D1	OK		
MSG_NULL	MSG_NULL		data	0x00C12522	OK		
MSG_41	MSG_41@COINTAB	COINTAB	data	0x00C12523	OK		
MSG_32D	MSG_32D		data	0x00C12528	OK		
MSG_31	MSG_31		data	0x00C1252E	OK		
MSG_21D	MSG_21D		data	0x00C12533	OK		
MSG_21	MSG_21		data	0x00C12539	OK		
MSG_11	MSG_11		data	0x00C1253E	OK		
MSG_11D	MSG_11D		data	0x00C12543	OK		
MSG_11DM	MSG_11DM		data	0x00C12548	OK		
MSG_1150D	MSG_1150D		data	0x00C1254C	OK		
MSG_12	MSG_12		data	0x00C12552	OK		
MSG_12D	MSG_12D		data	0x00C12557	OK		
MSG_12DM	MSG_12DM		data	0x00C1255D	OK		
MSG_13	MSG_13		data	0x00C12561	OK		
MSG_13D	MSG_13D		data	0x00C12566	OK		
MSG_13DM	MSG_13DM		data	0x00C1256C	OK		
MSG_14	MSG_14		data	0x00C12570	OK		
MSG_15	MSG_15		data	0x00C12575	OK		
MSG_15X20C	MSG_15X20C		data	0x00C1257A	OK		
MSG_110X20C	MSG_110X20C		data	0x00C12580	OK		
MSG_16	MSG_16		data	0x00C12587	OK		
MSG_18	MSG_18		data	0x00C1258C	OK		
MSG_25DM	MSG_25DM		data	0x00C12591	OK		
MSG_35D	MSG_35D		data	0x00C12595	OK		
MSG_35DM	MSG_35DM		data	0x00C1259B	OK		
MSG_45D	MSG_45D		data	0x00C1259F	OK		
MSG_65D	MSG_65D@COINTAB	COINTAB	data	0x00C125A5	OK		
MSG_65DM	MSG_65DM		data	0x00C125AB	OK		
MSG_11F	MSG_11F		data	0x00C125AF	OK		
MSG_12F	MSG_12F		data	0x00C125B3	OK		
MSG_13F	MSG_13F		data	0x00C125B7	OK		
MSG_15F	MSG_15F		data	0x00C125BB	OK		
MSG_13X5F	MSG_13X5F		data	0x00C125BF	OK		
MSG_110F	MSG_110F		data	0x00C125C4	OK		
MSG_120F	MSG_120F		data	0x00C125C8	OK		
MSG_12X20F	MSG_12X20F		data	0x00C125CC	OK		
MSG_25F	MSG_25F		data	0x00C125D1	OK		
MSG_210F	MSG_210F		data	0x00C125D5	OK		
MSG_220F	MSG_220F		data	0x00C125D9	OK		
MSG_35F	MSG_35F		data	0x00C125DD	OK		
MSG_310F	MSG_310F		data	0x00C125E1	OK		
MSG_320F	MSG_320F		data	0x00C125E5	OK		
MSG_350F	MSG_350F		data	0x00C125E9	OK		
MSG_430F	MSG_430F		data	0x00C125ED	OK		
MSG_450F	MSG_450F		data	0x00C125F1	OK		
MSG_55F	MSG_55F		data	0x00C125F5	OK		
MSG_520F	MSG_520F		data	0x00C125F9	OK		
MSG_540F	MSG_540F		data	0x00C125FD	OK		
MSG_720F	MSG_720F		data	0x00C12601	OK		
MSG_740F	MSG_740F		data	0x00C12605	OK		
MSG_1500L	MSG_1500L		data	0x00C12609	OK		
MSG_12X500L	MSG_12X500L		data	0x00C1260E	OK		
MSG_14X500L	MSG_14X500L		data	0x00C12614	OK		
MSG_150P	MSG_150P		data	0x00C1261A	OK		
MSG_13X20P	MSG_13X20P		data	0x00C1261E	OK		
MSG_1100P	MSG_1100P		data	0x00C12623	OK		
MSG_1100PESETA	MSG_1100PESETA		data	0x00C12627	OK		
MSG_12X100PESETA	MSG_12X100PESETA		data	0x00C1262D	OK		
MSG_2100PESETA	MSG_2100PESETA		data	0x00C12634	OK		
MSG_32X100PESETA	MSG_32X100PESETA		data	0x00C1263A	OK		
MSG_3500PESETA	MSG_3500PESETA		data	0x00C12641	OK		
MSG_5500PESETA	MSG_5500PESETA		data	0x00C12647	OK		
MSG_6500PESETA	MSG_6500PESETA		data	0x00C1264D	OK		
MSG_7500PESETA	MSG_7500PESETA		data	0x00C12653	OK		
MSG_10500PESETA	MSG_10500PESETA		data	0x00C12659	OK		
MSG_1100YEN	MSG_1100YEN		data	0x00C1265F	OK		
MSG_3500YEN	MSG_3500YEN		data	0x00C12664	OK		
MSG_1NT10	MSG_1NT10		data	0x00C12669	OK		
MSG_15SCHIL	MSG_15SCHIL		data	0x00C1266D	OK		
MSG_12X5SCHIL	MSG_12X5SCHIL		data	0x00C12673	OK		
MSG_12X10SCHIL	MSG_12X10SCHIL		data	0x00C1267A	OK		
MSG_110SCHIL	MSG_110SCHIL		data	0x00C12681	OK		
MSG_210SCHIL	MSG_210SCHIL		data	0x00C12687	OK		
MSG_230SCHIL	MSG_230SCHIL		data	0x00C1268E	OK		
MSG_320SCHIL	MSG_320SCHIL		data	0x00C12695	OK		
MSG_15KRONA	MSG_15KRONA		data	0x00C1269C	OK		
MSG_15MARKKA	MSG_15MARKKA		data	0x00C126A1	OK		
MSG_15KRONE	MSG_15KRONE		data	0x00C126A6	OK		
MSG_11HFI	MSG_11HFI		data	0x00C126AB	OK		
MSG_1250HFI	MSG_1250HFI		data	0x00C126B0	OK		
MSG_3250HFI	MSG_3250HFI		data	0x00C126B5	OK		
MSG_14X20FORINT	MSG_14X20FORINT		data	0x00C126BB	OK		
MSG_2140FORINT	MSG_2140FORINT		data	0x00C126C2	OK		
MSG_25C	MSG_25C		data	0x00C126C8	OK		
MSG_20C	MSG_20C		data	0x00C126C9	OK		
MSG_100D	MSG_100D		data	0x00C126CA	OK		
MSG_200D	MSG_200D		data	0x00C126CC	OK		
MSG_1DM	MSG_1DM		data	0x00C126CE	OK		
MSG_2DM	MSG_2DM		data	0x00C126D0	OK		
MSG_5DM	MSG_5DM		data	0x00C126D2	OK		
MSG_1F	MSG_1F		data	0x00C126D4	OK		
MSG_5F	MSG_5F		data	0x00C126D5	OK		
MSG_10F	MSG_10F		data	0x00C126D6	OK		
MSG_20F	MSG_20F		data	0x00C126D8	OK		
MSG_50F	MSG_50F		data	0x00C126DA	OK		
MSG_500L	MSG_500L		data	0x00C126DC	OK		
MSG_10P	MSG_10P		data	0x00C126DF	OK		
MSG_20P	MSG_20P		data	0x00C126E0	OK		
MSG_25P	MSG_25P		data	0x00C126E1	OK		
MSG_50P	MSG_50P		data	0x00C126E2	OK		
MSG_100P	MSG_100P		data	0x00C126E3	OK		
MSG_200P	MSG_200P		data	0x00C126E5	OK		
MSG_500P	MSG_500P		data	0x00C126E7	OK		
MSG_100YEN	MSG_100YEN		data	0x00C126E9	OK		
MSG_500YEN	MSG_500YEN		data	0x00C126EB	OK		
MSG_NT10	MSG_NT10		data	0x00C126ED	OK		
MSG_1COIN	MSG_1COIN		data	0x00C126EF	OK		
MSG_4COINS	MSG_4COINS		data	0x00C126F1	OK		
MSG_5SCHIL	MSG_5SCHIL		data	0x00C126F3	OK		
MSG_10SCHIL	MSG_10SCHIL		data	0x00C126F5	OK		
MSG_20SCHIL	MSG_20SCHIL		data	0x00C126F8	OK		
MSG_1KRONA	MSG_1KRONA		data	0x00C126FB	OK		
MSG_5KRONA	MSG_5KRONA		data	0x00C126FD	OK		
MSG_10KRONA	MSG_10KRONA		data	0x00C126FF	OK		
MSG_1MARKKA	MSG_1MARKKA		data	0x00C12701	OK		
MSG_5MARKKA	MSG_5MARKKA		data	0x00C12703	OK		
MSG_10MARKKA	MSG_10MARKKA		data	0x00C12706	OK		
MSG_1HFI	MSG_1HFI		data	0x00C12709	OK		
MSG_250HFI	MSG_250HFI		data	0x00C1270B	OK		
MSG_1KRONE	MSG_1KRONE		data	0x00C1270E	OK		
MSG_5KRONE	MSG_5KRONE		data	0x00C12710	OK		
MSG_10KRONE	MSG_10KRONE		data	0x00C12712	OK		
MSG_20KRONE	MSG_20KRONE		data	0x00C12714	OK		
MSG_20FORINT	MSG_20FORINT		data	0x00C12716	OK		
MSG_100FORINT	MSG_100FORINT		data	0x00C12719	OK		
MSGC_USA1	MSGC_USA1		data	0x00C1271C	OK		
MSGC_USA2	MSGC_USA2		data	0x00C1271E	OK		
MSGC_USA3	MSGC_USA3		data	0x00C12720	OK		
MSGC_USA4	MSGC_USA4		data	0x00C12722	OK		
MSGC_USA5	MSGC_USA5		data	0x00C12724	OK		
MSGC_USA6	MSGC_USA6		data	0x00C12726	OK		
MSGC_USA7	MSGC_USA7		data	0x00C12728	OK		
MSGC_USA8	MSGC_USA8		data	0x00C1272A	OK		
MSGC_USA9	MSGC_USA9		data	0x00C1272C	OK		
MSGC_USA10	MSGC_USA10		data	0x00C1272E	OK		
MSGC_USA11	MSGC_USA11		data	0x00C12730	OK		
MSGC_USA12	MSGC_USA12		data	0x00C12732	OK		
MSGC_GERMAN1	MSGC_GERMAN1		data	0x00C12734	OK		
MSGC_GERMAN2	MSGC_GERMAN2		data	0x00C12736	OK		
MSGC_GERMAN3	MSGC_GERMAN3		data	0x00C12738	OK		
MSGC_GERMAN4	MSGC_GERMAN4		data	0x00C1273A	OK		
MSGC_GERMAN5	MSGC_GERMAN5		data	0x00C1273C	OK		
MSGC_GERMAN6	MSGC_GERMAN6		data	0x00C1273E	OK		
MSGC_GERMAN7	MSGC_GERMAN7		data	0x00C12740	OK		
MSGC_GERMAN8	MSGC_GERMAN8		data	0x00C12742	OK		
MSGC_FRENCH1	MSGC_FRENCH1		data	0x00C12744	OK		
MSGC_FRENCH2	MSGC_FRENCH2		data	0x00C12746	OK		
MSGC_FRENCH3	MSGC_FRENCH3		data	0x00C12748	OK		
MSGC_FRENCH4	MSGC_FRENCH4		data	0x00C1274A	OK		
MSGC_FRENCH5	MSGC_FRENCH5		data	0x00C1274C	OK		
MSGC_FRENCH6	MSGC_FRENCH6		data	0x00C1274E	OK		
MSGC_FRENCH7	MSGC_FRENCH7		data	0x00C12750	OK		
MSGC_FRENCH8	MSGC_FRENCH8		data	0x00C12752	OK		
MSGC_FRENCH9	MSGC_FRENCH9		data	0x00C12754	OK		
MSGC_FRENCH10	MSGC_FRENCH10		data	0x00C12756	OK		
MSGC_FRENCH11	MSGC_FRENCH11		data	0x00C12759	OK		
MSGC_CANADA1	MSGC_CANADA1		data	0x00C1275C	OK		
MSGC_CANADA2	MSGC_CANADA2		data	0x00C1275E	OK		
MSGC_CANADA3	MSGC_CANADA3		data	0x00C12760	OK		
MSGC_SWISS1	MSGC_SWISS1		data	0x00C12762	OK		
MSGC_SWISS2	MSGC_SWISS2		data	0x00C12764	OK		
MSGC_SWISS3	MSGC_SWISS3		data	0x00C12766	OK		
MSGC_ITALY1	MSGC_ITALY1		data	0x00C12768	OK		
MSGC_ITALY2	MSGC_ITALY2		data	0x00C1276A	OK		
MSGC_ITALY3	MSGC_ITALY3		data	0x00C1276C	OK		
MSGC_UK1	MSGC_UK1		data	0x00C1276E	OK		
MSGC_UK2	MSGC_UK2		data	0x00C1276F	OK		
MSGC_UK3	MSGC_UK3		data	0x00C12770	OK		
MSGC_SPAIN1	MSGC_SPAIN1		data	0x00C12771	OK		
MSGC_SPAIN2	MSGC_SPAIN2		data	0x00C12773	OK		
MSGC_SPAIN3	MSGC_SPAIN3		data	0x00C12775	OK		
MSGC_SPAIN4	MSGC_SPAIN4		data	0x00C12777	OK		
MSGC_SPAIN5	MSGC_SPAIN5		data	0x00C12779	OK		
MSGC_SPAIN6	MSGC_SPAIN6		data	0x00C1277B	OK		
MSGC_AUSTRALIA1	MSGC_AUSTRALIA1		data	0x00C1277D	OK		
MSGC_AUSTRALIA2	MSGC_AUSTRALIA2		data	0x00C12780	OK		
MSGC_AUSTRALIA3	MSGC_AUSTRALIA3		data	0x00C12783	OK		
MSGC_AUSTRALIA4	MSGC_AUSTRALIA4		data	0x00C12786	OK		
MSGC_JAPAN1	MSGC_JAPAN1		data	0x00C12789	OK		
MSGC_JAPAN2	MSGC_JAPAN2		data	0x00C1278B	OK		
MSGC_JAPAN3	MSGC_JAPAN3		data	0x00C1278D	OK		
MSGC_TAIWAN1	MSGC_TAIWAN1		data	0x00C1278F	OK		
MSGC_TAIWAN2	MSGC_TAIWAN2		data	0x00C12791	OK		
MSGC_TAIWAN3	MSGC_TAIWAN3		data	0x00C12793	OK		
MSGC_AUSTRIA1	MSGC_AUSTRIA1		data	0x00C12795	OK		
MSGC_AUSTRIA2	MSGC_AUSTRIA2		data	0x00C12798	OK		
MSGC_AUSTRIA3	MSGC_AUSTRIA3		data	0x00C1279B	OK		
MSGC_AUSTRIA4	MSGC_AUSTRIA4		data	0x00C1279E	OK		
MSGC_BELGIUM1	MSGC_BELGIUM1		data	0x00C127A1	OK		
MSGC_BELGIUM2	MSGC_BELGIUM2		data	0x00C127A4	OK		
MSGC_BELGIUM3	MSGC_BELGIUM3		data	0x00C127A7	OK		
MSGC_SWEDEN1	MSGC_SWEDEN1		data	0x00C127AA	OK		
MSGC_FINLAND1	MSGC_FINLAND1		data	0x00C127AC	OK		
MSGC_NETHERLAND1	MSGC_NETHERLAND1		data	0x00C127AF	OK		
MSGC_NETHERLAND2	MSGC_NETHERLAND2		data	0x00C127B2	OK		
MSGC_NORWAY1	MSGC_NORWAY1		data	0x00C127B5	OK		
MSGC_DENMARK1	MSGC_DENMARK1		data	0x00C127B7	OK		
MSGC_HUNGARY1	MSGC_HUNGARY1		data	0x00C127BA	OK		
MSGC_GENERAL1	MSGC_GENERAL1		data	0x00C127BD	OK		
MSGC_GENERAL2	MSGC_GENERAL2		data	0x00C127C0	OK		
MSGC_GENERAL3	MSGC_GENERAL3		data	0x00C127C3	OK		
MSGC_GENERAL4	MSGC_GENERAL4		data	0x00C127C6	OK		
MSGC_GENERAL5	MSGC_GENERAL5		data	0x00C127C9	OK		
MSGC_GENERAL6	MSGC_GENERAL6		data	0x00C127CC	OK		
MSGC_GENERAL7	MSGC_GENERAL7		data	0x00C127CF	OK		
MSGC_GENERAL8	MSGC_GENERAL8		data	0x00C127D2	OK		
MSGC_HONGKONG1	MSGC_HONGKONG1@COINTAB	COINTAB	data	0x00C127D5	OK		
MSGC_HONGKONG2	MSGC_HONGKONG2@COINTAB	COINTAB	data	0x00C127D8	OK		
MSGC_HONGKONG3	MSGC_HONGKONG3@COINTAB	COINTAB	data	0x00C127DB	OK		
COIN_TABLE	COIN_TABLE		data	0x00C127DE	OK		
USA1	USA1		data	0x00C127DE	OK		
USA2	USA2@COINTAB	COINTAB	data	0x00C127E9	OK		
USA3	USA3		data	0x00C127F4	OK		
USA4	USA4@COINTAB	COINTAB	data	0x00C127FF	OK		
USA5	USA5@COINTAB	COINTAB	data	0x00C1280A	OK		
USA6	USA6@COINTAB	COINTAB	data	0x00C12815	OK		
USA7	USA7		data	0x00C12820	OK		
USA8	USA8		data	0x00C1282B	OK		
USA9	USA9@COINTAB	COINTAB	data	0x00C12836	OK		
USA10	USA10@COINTAB	COINTAB	data	0x00C12841	OK		
USA11	USA11@COINTAB	COINTAB	data	0x00C1284C	OK		
USA12	USA12@COINTAB	COINTAB	data	0x00C12857	OK		
GERMAN1	GERMAN1		data	0x00C12862	OK		
GERMAN2	GERMAN2		data	0x00C1286D	OK		
GERMAN3	GERMAN3		data	0x00C12878	OK		
GERMAN4	GERMAN4		data	0x00C12883	OK		
GERMAN5	GERMAN5@COINTAB	COINTAB	data	0x00C1288E	OK		
GERMAN6	GERMAN6@COINTAB	COINTAB	data	0x00C12899	OK		
GERMAN7	GERMAN7@COINTAB	COINTAB	data	0x00C128A4	OK		
GERMAN8	GERMAN8@COINTAB	COINTAB	data	0x00C128AF	OK		
FRENCH1	FRENCH1		data	0x00C128BA	OK		
FRENCH2	FRENCH2		data	0x00C128C5	OK		
FRENCH3	FRENCH3		data	0x00C128D0	OK		
FRENCH4	FRENCH4		data	0x00C128DB	OK		
FRENCH5	FRENCH5@COINTAB	COINTAB	data	0x00C128E6	OK		
FRENCH6	FRENCH6@COINTAB	COINTAB	data	0x00C128F1	OK		
FRENCH7	FRENCH7@COINTAB	COINTAB	data	0x00C128FC	OK		
FRENCH8	FRENCH8@COINTAB	COINTAB	data	0x00C12907	OK		
FRENCH9	FRENCH9@COINTAB	COINTAB	data	0x00C12912	OK		
FRENCH10	FRENCH10@COINTAB	COINTAB	data	0x00C1291D	OK		
FRENCH11	FRENCH11@COINTAB	COINTAB	data	0x00C12928	OK		
CANADA1	CANADA1		data	0x00C12933	OK		
CANADA2	CANADA2		data	0x00C1293E	OK		
CANADA3	CANADA3		data	0x00C12949	OK		
SWISS1	SWISS1		data	0x00C12954	OK		
SWISS2	SWISS2		data	0x00C1295F	OK		
SWISS3	SWISS3		data	0x00C1296A	OK		
ITALY1	ITALY1		data	0x00C12975	OK		
ITALY2	ITALY2		data	0x00C12980	OK		
ITALY3	ITALY3		data	0x00C1298B	OK		
UK1	UK1		data	0x00C12996	OK		
UK2	UK2		data	0x00C129A1	OK		
UK3	UK3		data	0x00C129AC	OK		
SPAIN1	SPAIN1		data	0x00C129B7	OK		
SPAIN2	SPAIN2		data	0x00C129C2	OK		
SPAIN3	SPAIN3		data	0x00C129CD	OK		
SPAIN4	SPAIN4		data	0x00C129D8	OK		
SPAIN5	SPAIN5@COINTAB	COINTAB	data	0x00C129E3	OK		
SPAIN6	SPAIN6@COINTAB	COINTAB	data	0x00C129EE	OK		
AUSTRALIA1	AUSTRALIA1		data	0x00C129F9	OK		
AUSTRALIA2	AUSTRALIA2		data	0x00C12A04	OK		
AUSTRALIA3	AUSTRALIA3		data	0x00C12A0F	OK		
AUSTRALIA4	AUSTRALIA4		data	0x00C12A1A	OK		
JAPAN1	JAPAN1		data	0x00C12A25	OK		
JAPAN2	JAPAN2		data	0x00C12A30	OK		
JAPAN3	JAPAN3		data	0x00C12A3B	OK		
TAIWAN1	TAIWAN1		data	0x00C12A46	OK		
TAIWAN2	TAIWAN2		data	0x00C12A51	OK		
TAIWAN3	TAIWAN3		data	0x00C12A5C	OK		
AUSTRIA1	AUSTRIA1		data	0x00C12A67	OK		
AUSTRIA2	AUSTRIA2		data	0x00C12A72	OK		
AUSTRIA3	AUSTRIA3		data	0x00C12A7D	OK		
AUSTRIA4	AUSTRIA4		data	0x00C12A88	OK		
BELGIUM1	BELGIUM1		data	0x00C12A93	OK		
BELGIUM2	BELGIUM2		data	0x00C12A9E	OK		
BELGIUM3	BELGIUM3		data	0x00C12AA9	OK		
SWEDEN1	SWEDEN1		data	0x00C12AB4	OK		
FINLAND1	FINLAND1		data	0x00C12ABF	OK		
NETHERLAND1	NETHERLAND1		data	0x00C12ACA	OK		
NETHERLAND2	NETHERLAND2		data	0x00C12AD5	OK		
NORWAY1	NORWAY1		data	0x00C12AE0	OK		
DENMARK1	DENMARK1		data	0x00C12AEB	OK		
HUNGARY1	HUNGARY1		data	0x00C12AF6	OK		
GENERAL1	GENERAL1		data	0x00C12B01	OK		
GENERAL2	GENERAL2@COINTAB	COINTAB	data	0x00C12B0C	OK		
GENERAL3	GENERAL3		data	0x00C12B17	OK		
GENERAL4	GENERAL4@COINTAB	COINTAB	data	0x00C12B22	OK		
GENERAL5	GENERAL5		data	0x00C12B2D	OK		
GENERAL6	GENERAL6@COINTAB	COINTAB	data	0x00C12B38	OK		
GENERAL7	GENERAL7		data	0x00C12B43	OK		
GENERAL8	GENERAL8@COINTAB	COINTAB	data	0x00C12B4E	OK		
COIN_TABLEEND	COIN_TABLEEND		data	0x00C12B59	OK		
COUNTRY_TAB	COUNTRY_TAB		data	0x00C12B59	OK		
COUNTRY_DEFAULTS	COUNTRY_DEFAULTS		data	0x00C12B68	OK		
COUNTRY_DEFAULTS_END	COUNTRY_DEFAULTS_END		data	0x00C12BB8	OK		
MEMTST1	MEMTST1@MEMTEST	MEMTEST	data	0x00C12C8C	OK		
MINIT10	MINIT10@MOTION	MOTION	data	0x00C12C96	OK		
MINIT11	MINIT11@MOTION	MOTION	data	0x00C12C9D	OK		
MINIT12	MINIT12@MOTION	MOTION	data	0x00C12CA4	OK		
MINIT13	MINIT13@MOTION	MOTION	data	0x00C12CAD	OK		
MINIT9	MINIT9@MOTION	MOTION	data	0x00C12CB1	OK		
MINIT9DIAG	MINIT9DIAG@MOTION	MOTION	data	0x00C12CC1	OK		
MINIT1	MINIT1@MOTION	MOTION	data	0x00C12CC8	OK		
MINITQX	MINITQX@MOTION	MOTION	data	0x00C12CD3	OK		
MINITQY	MINITQY@MOTION	MOTION	data	0x00C12CD9	OK		
MINITQZ	MINITQZ@MOTION	MOTION	data	0x00C12CDF	OK		
MINIT1L	MINIT1L@MOTION	MOTION	data	0x00C12CF7	OK		
MOTOROFF0	MOTOROFF0@MOTION	MOTION	data	0x00C12D09	OK		
MOTOROFF1	MOTOROFF1		data	0x00C12D13	OK		
MOTOROFF2	MOTOROFF2		data	0x00C12D1A	OK		
MOTOROFF3	MOTOROFF3		data	0x00C12D21	OK		
MOTOROFF4	MOTOROFF4		data	0x00C12D28	OK		
MOTOROFF5	MOTOROFF5		data	0x00C12D2F	OK		
MOTOROFF6	MOTOROFF6		data	0x00C12D36	OK		
MOTOROFF7	MOTOROFF7		data	0x00C12D3D	OK		
MOTOROFF8	MOTOROFF8		data	0x00C12D44	OK		
MOTOROFF9	MOTOROFF9		data	0x00C12D4B	OK		
MOTOROFF10	MOTOROFF10		data	0x00C12D52	OK		
MOTOROFF11	MOTOROFF11		data	0x00C12D59	OK		
MOTOROFF12	MOTOROFF12		data	0x00C12D60	OK		
MOTOFF_PROG	MOTOFF_PROG@MOTION	MOTION	data	0x00C12D63	OK		
JJG	JJG		data	0x00C12D8B	OK		
MM0	MM0		data	0x00C12D93	OK		
MM1	MM1		data	0x00C12D97	OK		
MM2	MM2		data	0x00C12D9C	OK		
MM3	MM3		data	0x00C12DA0	OK		
MM4	MM4		data	0x00C12DA6	OK		
MM5	MM5		data	0x00C12DAF	OK		
MM6	MM6		data	0x00C12DB7	OK		
MM7	MM7		data	0x00C12DBE	OK		
ABORTQ	ABORTQ@MOTION	MOTION	data	0x00C12DC8	OK		
MSSM	MSSM@MOTION	MOTION	data	0x00C12DD3	OK		
PP	PP@MOTION	MOTION	data	0x00C12E52	OK		
PP1	PP1@MOTION	MOTION	data	0x00C12E63	OK		
PP2	PP2@MOTION	MOTION	data	0x00C12E6F	OK		
PP3	PP3@MOTION	MOTION	data	0x00C12E78	OK		
PP4	PP4@MOTION	MOTION	data	0x00C12E7F	OK		
EDIT	EDIT		data	0x00C12E83	OK		
T5	T5		data	0x00C12E84	OK		
T6	T6		data	0x00C12E86	OK		
T7	T7		data	0x00C12E88	OK		
T8	T8		data	0x00C12E8A	OK		
T9	T9		data	0x00C12E8C	OK		
T10	T10		data	0x00C12E8E	OK		
T11	T11		data	0x00C12E90	OK		
T12	T12		data	0x00C12E92	OK		
T13	T13		data	0x00C12E95	OK		
T14	T14		data	0x00C12E97	OK		
T15	T15		data	0x00C12E99	OK		
T16	T16		data	0x00C12E9B	OK		
T17	T17		data	0x00C12E9D	OK		
T18	T18		data	0x00C12E9F	OK		
T19	T19		data	0x00C12EA2	OK		
T20	T20		data	0x00C12EA5	OK		
T21	T21		data	0x00C12EA8	OK		
T22	T22		data	0x00C12EAB	OK		
T23	T23		data	0x00C12EAE	OK		
T24	T24		data	0x00C12EB1	OK		
T25	T25		data	0x00C12EB5	OK		
T26	T26		data	0x00C12EBC	OK		
T27	T27		data	0x00C12EC3	OK		
T28	T28		data	0x00C12ECA	OK		
T29	T29		data	0x00C12ECD	OK		
T30	T30		data	0x00C12ECF	OK		
T31	T31		data	0x00C12ED1	OK		
T32	T32		data	0x00C12ED3	OK		
T33	T33		data	0x00C12ED5	OK		
T34	T34		data	0x00C12ED8	OK		
T35	T35		data	0x00C12EDA	OK		
T36	T36		data	0x00C12EE1	OK		
T37	T37		data	0x00C12EE8	OK		
T38	T38		data	0x00C12EEF	OK		
T39	T39		data	0x00C12EF3	OK		
T40	T40		data	0x00C12EF9	OK		
T41	T41		data	0x00C12EFC	OK		
T42	T42		data	0x00C12EFE	OK		
T43	T43		data	0x00C12F01	OK		
T44	T44		data	0x00C12F04	OK		
T45	T45		data	0x00C12F06	OK		
T46	T46		data	0x00C12F0D	OK		
T47	T47		data	0x00C12F14	OK		
T48	T48		data	0x00C12F1B	OK		
T49	T49		data	0x00C12F1F	OK		
T50	T50		data	0x00C12F25	OK		
T51	T51		data	0x00C12F28	OK		
T52	T52		data	0x00C12F2A	OK		
T53	T53		data	0x00C12F2D	OK		
T54	T54		data	0x00C12F30	OK		
T55	T55		data	0x00C12F32	OK		
T56	T56		data	0x00C12F39	OK		
T57	T57		data	0x00C12F40	OK		
T58	T58		data	0x00C12F47	OK		
T59	T59		data	0x00C12F4B	OK		
T60	T60		data	0x00C12F51	OK		
T1	T1		data	0x00C12F54	OK		
T2	T2		data	0x00C12F57	OK		
T3	T3		data	0x00C12F59	OK		
T66X	T66X		data	0x00C12F5C	OK		
T67X	T67X		data	0x00C12F5F	OK		
T68X	T68X		data	0x00C12F61	OK		
T66Y	T66Y		data	0x00C12F63	OK		
T67Y	T67Y		data	0x00C12F66	OK		
T68Y	T68Y		data	0x00C12F68	OK		
T66Z	T66Z		data	0x00C12F6A	OK		
T67Z	T67Z		data	0x00C12F6D	OK		
T68Z	T68Z		data	0x00C12F6F	OK		
T69	T69		data	0x00C12F71	OK		
T70	T70		data	0x00C12F74	OK		
T71	T71		data	0x00C12F7E	OK		
T72	T72		data	0x00C12F85	OK		
T73	T73		data	0x00C12F8C	OK		
T74	T74		data	0x00C12F93	OK		
T75	T75		data	0x00C12F9A	OK		
T76	T76		data	0x00C12FA1	OK		
T77	T77		data	0x00C12FA8	OK		
T78	T78		data	0x00C12FAF	OK		
T79	T79		data	0x00C12FB6	OK		
T80	T80		data	0x00C12FBD	OK		
T81	T81		data	0x00C12FC4	OK		
T82	T82		data	0x00C12FCB	OK		
T83	T83		data	0x00C12FCE	OK		
T84	T84		data	0x00C12FD2	OK		
ENDED	ENDED@MOTION	MOTION	data	0x00C12FD6	OK		
XQ	XQ		data	0x00C12FD7	OK		
PXC1	PXC1@MOTION	MOTION	data	0x00C12FD8	OK		
PXC2	PXC2@MOTION	MOTION	data	0x00C12FD9	OK		
PYC1	PYC1@MOTION	MOTION	data	0x00C12FDC	OK		
PYC2	PYC2@MOTION	MOTION	data	0x00C12FDD	OK		
PZC1	PZC1@MOTION	MOTION	data	0x00C12FDE	OK		
PZC2	PZC2@MOTION	MOTION	data	0x00C12FDF	OK		
inst1	inst1@DIAG	DIAG	data	0x00C12FE0	OK		
inst2	inst2@DIAG	DIAG	data	0x00C12FE8	OK		
title	title@DIAG	DIAG	data	0x00C12FED	OK		
toexit	toexit		data	0x00C12FF4	OK		
SWITCHES_DIAG	SWITCHES_DIAG		data	0x00C13033	OK		
DLINKD	DLINKD		data	0x00C13072	OK		
DNLINKD	DNLINKD		data	0x00C13075	OK		
DMOT	DMOT		data	0x00C1307D	OK		
DNMOT	DNMOT		data	0x00C1307F	OK		
ADJTAB	ADJTAB		data	0x00C13088	OK		
COUNTRY_MENUTAB	COUNTRY_MENUTAB		data	0x00C130F6	OK		
sct	sct@DIAG	DIAG	data	0x00C132A6	OK		
CPCS	CPCS		data	0x00C133B1	OK		
PSTAB	PSTAB		data	0x00C133B7	OK		
H2HPAL1	H2HPAL1		data	0x00C14000	OK		
h2p1	h2p1		data	0x00C1400F	OK		
h2p2	h2p2		data	0x00C1401F	OK		
H2HPAL2	H2HPAL2		data	0x00C1404E	OK		
redhd1	redhd1		data	0x00C140D0	OK		
yelhd1	yelhd1		data	0x00C140E0	OK		
H2HPAL3	H2HPAL3		data	0x00C140EF	OK		
big2	big2		data	0x00C14171	OK		
CORNPAL	CORNPAL		data	0x00C14400	OK		
cornpops	cornpops		data	0x00C14482	OK		
cvette	cvette		data	0x00C27807	OK		
cvettem	cvettem		data	0x00C27D69	OK		
testor	testor		data	0x00C2857A	OK		
testorm	testorm		data	0x00C288E8	OK		
dtestor	dtestor		data	0x00C28C38	OK		
d2testor	d2testor		data	0x00C28D11	OK		
missle	missle		data	0x00C28DF4	OK		
misslem	misslem		data	0x00C29323	OK		
hotrod	hotrod		data	0x00C29B35	OK		
dhotrod	dhotrod		data	0x00C2A096	OK		
hotrodm	hotrodm		data	0x00C2A2EB	OK		
d2hotrod	d2hotrod		data	0x00C2A7B2	OK		
jeep	jeep		data	0x00C2A8B7	OK		
jeepm	jeepm		data	0x00C2ABA4	OK		
djeep	djeep		data	0x00C2AE73	OK		
ptruckg	ptruckg		data	0x00C2B05E	OK		
dptruckg	dptruckg		data	0x00C2B3CA	OK		
d2ptruck	d2ptruck		data	0x00C2B4E0	OK		
copcar	copcar		data	0x00C2B5CA	OK		
dcopcar	dcopcar		data	0x00C2B893	OK		
d2copcar	d2copcar		data	0x00C2B96B	OK		
copcarp	copcarp		data	0x00C2BA00	OK		
gtruck	gtruck		data	0x00C2BDEE	OK		
dgtruck	dgtruck		data	0x00C2C0EC	OK		
d2gtruck	d2gtruck		data	0x00C2C261	OK		
gtruckp	gtruckp		data	0x00C2C383	OK		
muscle	muscle		data	0x00C2C856	OK		
dmuscle	dmuscle		data	0x00C2CB89	OK		
d2muscle	d2muscle		data	0x00C2CC6E	OK		
caravan	caravan		data	0x00C2CD6C	OK		
dcaravan	dcaravan		data	0x00C2CFB8	OK		
d2carava	d2carava		data	0x00C2D050	OK		
mustang	mustang		data	0x00C2D143	OK		
dmustang	dmustang		data	0x00C2D539	OK		
d2mustang	d2mustang		data	0x00C2D5D5	OK		
cbus	cbus		data	0x00C2D6CE	OK		
dcbus	dcbus		data	0x00C2D99A	OK		
d2cbus	d2cbus		data	0x00C2DA88	OK		
sbus	sbus		data	0x00C2DB42	OK		
dsbus	dsbus		data	0x00C2DE91	OK		
d2sbus	d2sbus		data	0x00C2DF3A	OK		
sbusp	sbusp		data	0x00C2DFC3	OK		
sbuspm	sbuspm		data	0x00C2E3BC	OK		
ftruck	ftruck		data	0x00C2E82C	OK		
trm1	trm1		data	0x00C2EBEC	OK		
trm2	trm2		data	0x00C2EBFC	OK		
trm3	trm3		data	0x00C2EC0C	OK		
trm4	trm4		data	0x00C2EC1C	OK		
map1	map1@MAP	MAP	data	0x00C2EDBF	OK		
map2	map2@MAP	MAP	data	0x00C2EDEC	OK		
map3	map3@MAP	MAP	data	0x00C2EE19	OK		
map4	map4@MAP	MAP	data	0x00C2EE46	OK		
star	star@BONUS	BONUS	data	0x00C2EE73	OK		
here1	here1		data	0x00C2EF3F	OK		
here2	here2		data	0x00C2EF4F	OK		
here3	here3		data	0x00C2EF5F	OK		
here4	here4		data	0x00C2EF6F	OK		
here5	here5		data	0x00C2EF7F	OK		
here6	here6		data	0x00C2EF8F	OK		
flag1	flag1		data	0x00C2F020	OK		
flag2	flag2		data	0x00C2F04A	OK		
flag3	flag3		data	0x00C2F074	OK		
flag4	flag4		data	0x00C2F09E	OK		
flag5	flag5		data	0x00C2F0C8	OK		
flag6	flag6		data	0x00C2F0F2	OK		
flag7	flag7		data	0x00C2F11C	OK		
rut	rut		data	0x00C2F1C7	OK		
rut2	rut2		data	0x00C2F1E4	OK		
rut3	rut3		data	0x00C2F201	OK		
hungh1	hungh1		data	0x00C2F30F	OK		
hungh2	hungh2		data	0x00C2F31F	OK		
hungh3	hungh3		data	0x00C2F32F	OK		
hungh4	hungh4		data	0x00C2F33F	OK		
hungh5	hungh5		data	0x00C2F34F	OK		
hungh6	hungh6		data	0x00C2F35F	OK		
hungh7	hungh7		data	0x00C2F36F	OK		
midway	midway@ATTRACTA	ATTRACTA	data	0x00C2F4D8	OK		
whel1	whel1		data	0x00C2FAA6	OK		
whel2	whel2		data	0x00C2FAB6	OK		
whel3	whel3		data	0x00C2FAC6	OK		
whel4	whel4		data	0x00C2FAD6	OK		
cdd	cdd@SND	SND	data	0x00C2FB67	OK		
elap	elap@HUD	HUD	data	0x00C2FBF8	OK		
time	time		data	0x00C2FC08	OK		
dexplo1	dexplo1		data	0x00C31122	OK		
dexplo2	dexplo2		data	0x00C31132	OK		
dexplo3	dexplo3		data	0x00C31142	OK		
dexplo4	dexplo4		data	0x00C31152	OK		
dexplo5	dexplo5		data	0x00C31162	OK		
dexplo6	dexplo6		data	0x00C31172	OK		
dexplo7	dexplo7		data	0x00C31182	OK		
dexplo8	dexplo8		data	0x00C31192	OK		
dexplo9	dexplo9		data	0x00C311A2	OK		
dexplo10	dexplo10		data	0x00C311B2	OK		
dexplo11	dexplo11		data	0x00C311C2	OK		
aflag1	aflag1		data	0x00C31253	OK		
aflag2	aflag2		data	0x00C31270	OK		
aflag3	aflag3		data	0x00C3128D	OK		
aflag4	aflag4		data	0x00C312AA	OK		
aflag5	aflag5		data	0x00C312CE	OK		
aflag6	aflag6		data	0x00C312EB	OK		
aflag7	aflag7		data	0x00C31308	OK		
aflag9	aflag9		data	0x00C31325	OK		
aflag10	aflag10		data	0x00C31342	OK		
bflag1	bflag1		data	0x00C3135F	OK		
bflag2	bflag2		data	0x00C3137C	OK		
bflag3	bflag3		data	0x00C31399	OK		
bflag4	bflag4		data	0x00C313B6	OK		
bflag5	bflag5		data	0x00C313DA	OK		
bflag6	bflag6		data	0x00C313F7	OK		
bflag7	bflag7		data	0x00C31414	OK		
bflag9	bflag9		data	0x00C31431	OK		
bflag10	bflag10		data	0x00C3144E	OK		
garage_grp	garage_grp@TRANS	TRANS	data	0x00C32868	OK		
scred1	scred1		data	0x00C329A0	OK		
scred2	scred2		data	0x00C329B0	OK		
scred3	scred3		data	0x00C329C0	OK		
scred4	scred4		data	0x00C329D0	OK		
scred5	scred5		data	0x00C329E0	OK		
scred6	scred6		data	0x00C329F0	OK		
scred7	scred7		data	0x00C32A00	OK		
scred8	scred8		data	0x00C32A10	OK		
scred9	scred9		data	0x00C32A20	OK		
scred10	scred10		data	0x00C32A30	OK		
dst	dst		data	0x00C32A40	OK		
dnd	dnd		data	0x00C32A50	OK		
drd	drd		data	0x00C32A60	OK		
dth	dth		data	0x00C32A70	OK		
rpm	rpm@HUD	HUD	data	0x00C32B01	OK		
mph	mph		data	0x00C32B11	OK		
rpmauto	rpmauto@HUD	HUD	data	0x00C32BC2	OK		
rpmman	rpmman@HUD	HUD	data	0x00C32BD2	OK		
mphmph	mphmph@HUD	HUD	data	0x00C32BE2	OK		
kph	kph@HUD	HUD	data	0x00C32BF2	OK		
fixedfnt_tPAL	fixedfnt_tPAL		data	0x00C3AF60	OK		
bnout1	bnout1		data	0x00C3B230	OK		
bnout2	bnout2		data	0x00C3B240	OK		
bnout3	bnout3		data	0x00C3B250	OK		
bnout4	bnout4		data	0x00C3B260	OK		
bnout5	bnout5		data	0x00C3B270	OK		
bnout6	bnout6		data	0x00C3B280	OK		
bnout7	bnout7		data	0x00C3B290	OK		
bnout8	bnout8		data	0x00C3B2A0	OK		
bnout9	bnout9		data	0x00C3B2B0	OK		
toxic	toxic		data	0x00C3B641	OK		
coco1	coco1@DRONES	DRONES	data	0x00C6ED7D	OK		
bdst	bdst		data	0x00C9578D	OK		
bdst2	bdst2		data	0x00C9579D	OK		
bdst3	bdst3		data	0x00C957AD	OK		
bdst4	bdst4		data	0x00C957BD	OK		
bdst5	bdst5		data	0x00C957CD	OK		
bdst6	bdst6		data	0x00C957DD	OK		
bug1	bug1		data	0x00C957ED	OK		
bug4	bug4		data	0x00C9582C	OK		
bug5	bug5		data	0x00C95863	OK		
bug2	bug2		data	0x00C9589A	OK		
bug3	bug3		data	0x00C958D1	OK		
kow3	kow3@ROADKILL	ROADKILL	data	0x00C95ABC	OK		
adblud1	adblud1		data	0x00CA315E	OK		
adblud2	adblud2		data	0x00CA31A2	OK		
adblud3	adblud3		data	0x00CA3200	OK		
adblud4	adblud4		data	0x00CA325E	OK		
adblud5	adblud5		data	0x00CA32BC	OK		
adblud6	adblud6		data	0x00CA331A	OK		
smoa	smoa		data	0x00CA39EE	OK		
smob	smob		data	0x00CA3A0B	OK		
smoc	smoc		data	0x00CA3A28	OK		
smod	smod		data	0x00CA3A45	OK		
smoe	smoe		data	0x00CA3A62	OK		
smof	smof		data	0x00CA3A7F	OK		
rdflm1	rdflm1		data	0x00CA3B1D	OK		
rdflm2	rdflm2		data	0x00CA3B2D	OK		
rdflm3	rdflm3		data	0x00CA3B3D	OK		
rdflm4	rdflm4		data	0x00CA3B4D	OK		
rdflm5	rdflm5		data	0x00CA3B5D	OK		
rdflm6	rdflm6		data	0x00CA3B6D	OK		
rdflm7	rdflm7		data	0x00CA3B7D	OK		
rdflm8	rdflm8		data	0x00CA3B8D	OK		
rdflm9	rdflm9		data	0x00CA3B9D	OK		
rdflm10	rdflm10		data	0x00CA3BAD	OK		
rdflm11	rdflm11		data	0x00CA3BBD	OK		
rdflm12	rdflm12		data	0x00CA3BCD	OK		
w1	w1		data	0x00CB928F	OK		
w2	w2		data	0x00CB929F	OK		
w3	w3		data	0x00CB92AF	OK		
w4	w4		data	0x00CB92BF	OK		
w5	w5		data	0x00CB92CF	OK		
w6	w6		data	0x00CB92DF	OK		
w7	w7		data	0x00CB92EF	OK		
w8	w8		data	0x00CB92FF	OK		
w9	w9		data	0x00CB930F	OK		
w10	w10		data	0x00CB931F	OK		
mhop1	mhop1		data	0x00CBE217	OK		
mhop2	mhop2		data	0x00CBE250	OK		
mhop3	mhop3		data	0x00CBE289	OK		
mhop4	mhop4		data	0x00CBE2C2	OK		
mpcmed	mpcmed@TRACKSEL	TRACKSEL	data	0x00CBE38C	OK		
mpcesy	mpcesy@TRACKSEL	TRACKSEL	data	0x00CBE41D	OK		
mpcexp	mpcexp@TRACKSEL	TRACKSEL	data	0x00CBE4BE	OK		
racemap_grp	racemap_grp@TRACKSEL	TRACKSEL	data	0x00CBE93D	OK		
next	next@TRACKSEL	TRACKSEL	data	0x00CBEA2D	OK		
chostrns_grp	chostrns_grp@TRANS	TRANS	data	0x00CBEEE1	OK		
ft2	ft2		data	0x00CCAC1E	OK		
ft3	ft3		data	0x00CCAC4D	OK		
ft4	ft4		data	0x00CCAC7C	OK		
ft5	ft5		data	0x00CCACAB	OK		
ft6	ft6		data	0x00CCACDA	OK		
aft1	aft1		data	0x00CCAD09	OK		
aft2	aft2		data	0x00CCAD38	OK		
aft3	aft3		data	0x00CCAD67	OK		
aft4	aft4		data	0x00CCAD96	OK		
aft5	aft5		data	0x00CCADC5	OK		
aft6	aft6		data	0x00CCADF4	OK		
rad1	rad1		data	0x00CCFB85	OK		
rad2	rad2		data	0x00CCFBF1	OK		
rad3	rad3		data	0x00CCFC61	OK		
rad4	rad4		data	0x00CCFCD1	OK		
rad5	rad5		data	0x00CCFD41	OK		
rad6	rad6		data	0x00CCFDB1	OK		
rad7	rad7		data	0x00CCFE21	OK		
rad8	rad8		data	0x00CCFE91	OK		
rad9	rad9		data	0x00CCFF01	OK		
stagent1	stagent1		data	0x00CD00CD	OK		
stagent2	stagent2		data	0x00CD00EA	OK		
stagent3	stagent3		data	0x00CD0107	OK		
htub	htub		data	0x00CD01A5	OK		
htub1	htub1		data	0x00CD0279	OK		
htub2	htub2		data	0x00CD034D	OK		
htub3	htub3		data	0x00CD041A	OK		
htub4	htub4		data	0x00CD04E7	OK		
htub5	htub5		data	0x00CD05B4	OK		
hilly1	hilly1		data	0x00CD0702	OK		
hilly2	hilly2		data	0x00CD0712	OK		
hilly3	hilly3		data	0x00CD0722	OK		
hilly4	hilly4		data	0x00CD0732	OK		
hilly5	hilly5		data	0x00CD0742	OK		
hilly6	hilly6		data	0x00CD0752	OK		
girl1	girl1		data	0x00CD07E3	OK		
girl2	girl2		data	0x00CD0807	OK		
girl3	girl3		data	0x00CD082B	OK		
girl4	girl4		data	0x00CD084B	OK		
girl5	girl5		data	0x00CD085B	OK		
girl6	girl6		data	0x00CD086B	OK		
whitehse_grp	whitehse_grp@HOTTUB	HOTTUB	data	0x00CD1297	OK		
preseal2	preseal2@HOTTUB	HOTTUB	data	0x00CD13F0	OK		
xion	xion		data	0x00CD1528	OK		
eric	eric		data	0x00CD1538	OK		
jeno	jeno		data	0x00CD1548	OK		
ken	ken		data	0x00CD1558	OK		
marc	marc		data	0x00CD1568	OK		
pet	pet		data	0x00CD1578	OK		
glen	glen		data	0x00CD1588	OK		
carl	carl		data	0x00CD1598	OK		
ted	ted		data	0x00CD15A8	OK		
matt	matt		data	0x00CD15B8	OK		
vince	vince		data	0x00CD15C8	OK		
pa	pa@HSTDP	HSTDP	data	0x00CD18DB	OK		
po	po@HSTDP	HSTDP	data	0x00CD19BB	OK		
dcol	dcol@HSTDP	HSTDP	data	0x00CD1EF0	OK		
press_grp	press_grp@HSTDP	HSTDP	data	0x00CD3661	OK		
CONGRAT_SPEECH	CONGRAT_SPEECH@BONUS	BONUS	data	0x80000100	OK		
