symbol	base	module	count	status_counts	resolved_ea	example_ea	example_line
GET_CREDITS_TO_START@COIN	GET_CREDITS_TO_START	COIN	7	missing:7		0x00001D85	CODE:00001D85                 call    GET_CREDITS_TO_START@COIN
GET_CREDITS_TO_CONTINUE@COIN	GET_CREDITS_TO_CONTINUE	COIN	6	missing:6		0x00001E7E	CODE:00001E7E                 call    GET_CREDITS_TO_CONTINUE@COIN
LAST_ZF@MOTION	LAST_ZF	MOTION	4	missing:4		0x00004806	CODE:00004806                 ldi     @LAST_ZF@MOTION,r1
GET_COIN1@COIN	GET_COIN1	COIN	3	missing:3		0x0000734A	CODE:0000734A                 call    GET_COIN1@COIN
GET_COIN2_COUNTER@COIN	GET_COIN2_COUNTER	COIN	3	missing:3		0x00007354	CODE:00007354                 call    GET_COIN2_COUNTER@COIN
GET_UNITS_PER_CREDIT@COIN	GET_UNITS_PER_CREDIT	COIN	3	missing:3		0x00007399	CODE:00007399                 call    GET_UNITS_PER_CREDIT@COIN
LAST_XL@MOTION	LAST_XL	MOTION	3	missing:3		0x00004830	CODE:00004830                 ldi     @LAST_XL@MOTION,r1
LAST_YR@MOTION	LAST_YR	MOTION	3	missing:3		0x0000481B	CODE:0000481B                 ldi     @LAST_YR@MOTION,r1
GET_COIN1_COUNTER@COIN	GET_COIN1_COUNTER	COIN	2	missing:2		0x00007344	CODE:00007344                 call    GET_COIN1_COUNTER@COIN
GET_COIN2@COIN	GET_COIN2	COIN	2	missing:2		0x00007361	CODE:00007361                 call    GET_COIN2@COIN
GET_COIN3@COIN	GET_COIN3	COIN	2	missing:2		0x0000736D	CODE:0000736D                 call    GET_COIN3@COIN
GET_COIN3_COUNTER@COIN	GET_COIN3_COUNTER	COIN	2	missing:2		0x00007367	CODE:00007367                 call    GET_COIN3_COUNTER@COIN
GET_COIN4@COIN	GET_COIN4	COIN	2	missing:2		0x00007379	CODE:00007379                 call    GET_COIN4@COIN
GET_COIN4_COUNTER@COIN	GET_COIN4_COUNTER	COIN	2	missing:2		0x00007373	CODE:00007373                 call    GET_COIN4_COUNTER@COIN
GET_MIN_UNITS@COIN	GET_MIN_UNITS	COIN	2	missing:2		0x00007396	CODE:00007396                 call    GET_MIN_UNITS@COIN
GET_SHOW_PARTIAL@COIN	GET_SHOW_PARTIAL	COIN	2	missing:2		0x00007422	CODE:00007422                 call    GET_SHOW_PARTIAL@COIN
GET_UNITS_FOR_BONUS@COIN	GET_UNITS_FOR_BONUS	COIN	2	missing:2		0x000073B4	CODE:000073B4                 call    GET_UNITS_FOR_BONUS@COIN
MOTION_NOT_ON@MOTION	MOTION_NOT_ON	MOTION	2	missing:2		0x000047B5	CODE:000047B5                 ldi     @MOTION_NOT_ON@MOTION,r0
ENDED_ptr_0099C7FC@MOTION	ENDED_ptr_0099C7FC	MOTION	1	missing:1		0x000048DC	CODE:000048DC                 ldi     @ENDED_ptr_0099C7FC@MOTION,ar2 ; LDL
lgnum43_coolyelo_ptr_0099B255@INTRO	lgnum43_coolyelo_ptr_0099B255	INTRO	1	missing:1		0x00001D4E	CODE:00001D4E                 ldi     @lgnum43_coolyelo_ptr_0099B255@INTRO,ar2 ; LDL
LIGHTIY	LIGHTIY		1	missing:1		0x000005CC	CODE:000005CC                 ldi     @LIGHTIY,ar5
MOTION_CMDSTR_ptr_0099C7E9@MOTION	MOTION_CMDSTR_ptr_0099C7E9	MOTION	1	missing:1		0x0000484E	CODE:0000484E                 ldi     @MOTION_CMDSTR_ptr_0099C7E9@MOTION,ar1 ; LDL
MOTION_CMDSTR_ptr_0099C7EA@MOTION	MOTION_CMDSTR_ptr_0099C7EA	MOTION	1	missing:1		0x00004850	CODE:00004850                 ldi     @MOTION_CMDSTR_ptr_0099C7EA@MOTION,ar0 ; LDL
MOTION_CMDSTR_ptr_0099C7EC@MOTION	MOTION_CMDSTR_ptr_0099C7EC	MOTION	1	missing:1		0x00004853	CODE:00004853                 ldi     @MOTION_CMDSTR_ptr_0099C7EC@MOTION,ar0 ; LDL
MOTION_CMDSTR_ptr_0099C7F0@MOTION	MOTION_CMDSTR_ptr_0099C7F0	MOTION	1	missing:1		0x0000485D	CODE:0000485D                 ldi     @MOTION_CMDSTR_ptr_0099C7F0@MOTION,ar1 ; LDL
MOTION_CMDSTR_ptr_0099C7F1@MOTION	MOTION_CMDSTR_ptr_0099C7F1	MOTION	1	missing:1		0x0000485F	CODE:0000485F                 ldi     @MOTION_CMDSTR_ptr_0099C7F1@MOTION,ar0 ; LDL
MOTION_CMDSTR_ptr_0099C7F3@MOTION	MOTION_CMDSTR_ptr_0099C7F3	MOTION	1	missing:1		0x00004862	CODE:00004862                 ldi     @MOTION_CMDSTR_ptr_0099C7F3@MOTION,ar0 ; LDL
MOTION_CMDSTR_ptr_0099C7F7@MOTION	MOTION_CMDSTR_ptr_0099C7F7	MOTION	1	missing:1		0x0000486C	CODE:0000486C                 ldi     @MOTION_CMDSTR_ptr_0099C7F7@MOTION,ar1 ; LDL
MOTION_CMDSTR_ptr_0099C7F8@MOTION	MOTION_CMDSTR_ptr_0099C7F8	MOTION	1	missing:1		0x0000486E	CODE:0000486E                 ldi     @MOTION_CMDSTR_ptr_0099C7F8@MOTION,ar0 ; LDL
MOTION_CMDSTR_ptr_0099C7FA@MOTION	MOTION_CMDSTR_ptr_0099C7FA	MOTION	1	missing:1		0x00004871	CODE:00004871                 ldi     @MOTION_CMDSTR_ptr_0099C7FA@MOTION,ar0 ; LDL
PXC1_ptr_0099C7F6@MOTION	PXC1_ptr_0099C7F6	MOTION	1	missing:1		0x0000486B	CODE:0000486B                 ldi     @PXC1_ptr_0099C7F6@MOTION,ar0 ; LDL
PXC2_ptr_0099C7FB@MOTION	PXC2_ptr_0099C7FB	MOTION	1	missing:1		0x00004872	CODE:00004872                 ldi     @PXC2_ptr_0099C7FB@MOTION,ar1 ; LDL
PYC1_ptr_0099C7EF@MOTION	PYC1_ptr_0099C7EF	MOTION	1	missing:1		0x0000485C	CODE:0000485C                 ldi     @PYC1_ptr_0099C7EF@MOTION,ar0 ; LDL
PYC2_ptr_0099C7F4@MOTION	PYC2_ptr_0099C7F4	MOTION	1	missing:1		0x00004863	CODE:00004863                 ldi     @PYC2_ptr_0099C7F4@MOTION,ar1 ; LDL
PZC1_ptr_0099C7E8@MOTION	PZC1_ptr_0099C7E8	MOTION	1	missing:1		0x0000484D	CODE:0000484D                 ldi     @PZC1_ptr_0099C7E8@MOTION,ar0 ; LDL
PZC2_ptr_0099C7ED@MOTION	PZC2_ptr_0099C7ED	MOTION	1	missing:1		0x00004854	CODE:00004854                 ldi     @PZC2_ptr_0099C7ED@MOTION,ar1 ; LDL
RAMTEST_END_ptr_0080C7A2@MEMTEST	RAMTEST_END_ptr_0080C7A2	MEMTEST	1	missing:1		0x00006574	CODE:00006574                 ldi     @RAMTEST_END_ptr_0080C7A2@MEMTEST,ar1 ; LDL
sPOTVALUE_ptr_0099C7E7@MOTION	sPOTVALUE_ptr_0099C7E7	MOTION	1	missing:1		0x0000484B	CODE:0000484B                 ldi     @sPOTVALUE_ptr_0099C7E7@MOTION,ar2 ; LDL
sPOTVALUE_ptr_0099C7EB@MOTION	sPOTVALUE_ptr_0099C7EB	MOTION	1	missing:1		0x00004851	CODE:00004851                 ldi     @sPOTVALUE_ptr_0099C7EB@MOTION,ar1 ; LDL
sPOTVALUE_ptr_0099C7EE@MOTION	sPOTVALUE_ptr_0099C7EE	MOTION	1	missing:1		0x0000485A	CODE:0000485A                 ldi     @sPOTVALUE_ptr_0099C7EE@MOTION,ar2 ; LDL
sPOTVALUE_ptr_0099C7F2@MOTION	sPOTVALUE_ptr_0099C7F2	MOTION	1	missing:1		0x00004860	CODE:00004860                 ldi     @sPOTVALUE_ptr_0099C7F2@MOTION,ar1 ; LDL
sPOTVALUE_ptr_0099C7F5@MOTION	sPOTVALUE_ptr_0099C7F5	MOTION	1	missing:1		0x00004869	CODE:00004869                 ldi     @sPOTVALUE_ptr_0099C7F5@MOTION,ar2 ; LDL
sPOTVALUE_ptr_0099C7F9@MOTION	sPOTVALUE_ptr_0099C7F9	MOTION	1	missing:1		0x0000486F	CODE:0000486F                 ldi     @sPOTVALUE_ptr_0099C7F9@MOTION,ar1 ; LDL
THEPROGL_ptr_0099C7FF@MOTION	THEPROGL_ptr_0099C7FF	MOTION	1	missing:1		0x00004969	CODE:00004969                 ldi     @THEPROGL_ptr_0099C7FF@MOTION,ar4 ; LDL
XQ_ptr_0099C7FD@MOTION	XQ_ptr_0099C7FD	MOTION	1	missing:1		0x000048DF	CODE:000048DF                 ldi     @XQ_ptr_0099C7FD@MOTION,ar2 ; LDL
XQ_ptr_0099C7FE@MOTION	XQ_ptr_0099C7FE	MOTION	1	missing:1		0x00004961	CODE:00004961                 ldi     @XQ_ptr_0099C7FE@MOTION,ar2 ; LDL
_MODE	_MODE		132	direct:132	0x0000C8F5	0x000000F0	CODE:000000F0                 ldi     @_MODE,r0
MATRIXAI	MATRIXAI		59	direct:59	0x0000005A	0x000001E3	CODE:000001E3                 ldi     @MATRIXAI,ar2
NFRAMES	NFRAMES		43	direct:43	0x0000C95F	0x00001DC5	CODE:00001DC5                 float   @NFRAMES,r1
byte_995000	byte_995000		36	direct:36	0x00995000	0x00009169	CODE:00009169                 sti     r0,@byte_995000 ; STPI
WAIT500@MOTION	WAIT500	MOTION	36	direct:36	0x0000469A	0x000048F7	CODE:000048F7                 call    WAIT500@MOTION
_countdown	_countdown		35	direct:35	0x0000E634	0x0000162B	CODE:0000162B                 sti     r0,@_countdown
PLYCAR	PLYCAR		34	direct:34	0x0000E8A6	0x00001DBC	CODE:00001DBC                 sti     r0,@PLYCAR
byte_C8F9	byte_C8F9		33	direct:33	0x0000C8F9	0x0000086F	CODE:0000086F                 not     @byte_C8F9,r0
CPU_WS@CMOS	CPU_WS	CMOS	33	set:33	0x00808064	0x00000BA8	CODE:00000BA8                 sti     r0,@CPU_WS@CMOS ; SOFTWTM
DIPRAM	DIPRAM		33	direct:33	0x0000C8FC	0x0000095A	CODE:0000095A                 ldi     @DIPRAM,r0
HEAD2HEAD_ON	HEAD2HEAD_ON		32	direct:32	0x0000C913	0x0000163C	CODE:0000163C                 ldi     @HEAD2HEAD_ON,r0
VECTORAI	VECTORAI		30	direct:30	0x0000005D	0x00001A2E	CODE:00001A2E                 ldi     @VECTORAI,ar2
MOVEIN_OFFSET	MOVEIN_OFFSET		28	direct:28	0x0000E63F	0x0000610F	CODE:0000610F                 addi    @MOVEIN_OFFSET,r0
START_HIT	START_HIT		28	direct:28	0x0000E661	0x00001625	CODE:00001625                 sti     r0,@START_HIT
byte_997000	byte_997000		27	direct:27	0x00997000	0x00007F49	CODE:00007F49                 sti     r0,@byte_997000
BUTTON_STATUS	BUTTON_STATUS		26	direct:26	0x0000C8FD	0x0000069B	CODE:0000069B                 sti     r0,@BUTTON_STATUS
byte_980082	byte_980082		26	direct:26	0x00980082	0x000002D5	CODE:000002D5                 ldi     @byte_980082,r0
byte_809801	byte_809801		25	direct:25	0x00809801	0x0000182A	CODE:0000182A                 stf     r1,@byte_809801
bufferI	bufferI		24	direct:24	0x00000723	0x0000082F	CODE:0000082F                 ldi     @bufferI,ar2
byte_991030	byte_991030		24	direct:24	0x00991030	0x00001177	CODE:00001177                 ldi     @byte_991030,r0
SYSCNTL	SYSCNTL		22	direct:22	0x0000C8F7	0x00000089	CODE:00000089                 ldi     @SYSCNTL,r0
CAMERAMATRIXI	CAMERAMATRIXI		21	direct:21	0x00000047	0x00000072	CODE:00000072                 ldi     @CAMERAMATRIXI,r2
OACTIVEI	OACTIVEI		21	direct:21	0x00000040	0x00000080	CODE:00000080                 ldi     @OACTIVEI,ar0
byte_E4B1	byte_E4B1		20	direct:20	0x0000E4B1	0x0000178D	CODE:0000178D                 sti     r0,@byte_E4B1
OBJ_FIND@HSTDP	OBJ_FIND	HSTDP	20	direct:20	0x000036B3	0x0000337D	CODE:0000337D                 call    OBJ_FIND@HSTDP
byte_809802	byte_809802		19	direct:19	0x00809802	0x0000182B	CODE:0000182B                 stf     r2,@byte_809802
byte_E664	byte_E664		19	direct:19	0x0000E664	0x000018A6	CODE:000018A6                 ldi     @byte_E664,ar0
byte_994000	byte_994000		18	direct:18	0x00994000	0x00000069	CODE:00000069                 sti     r0,@byte_994000
byte_E662	byte_E662		18	direct:18	0x0000E662	0x000018CA	CODE:000018CA                 ldi     @byte_E662,ar0
CAMVIEW	CAMVIEW		18	direct:18	0x0000E8A1	0x000000F4	CODE:000000F4                 ldi     @CAMVIEW,r0
PLYCBLK	PLYCBLK		17	direct:17	0x0000E8A8	0x0000297E	CODE:0000297E                 ldi     @PLYCBLK,ar5
byte_809800	byte_809800		16	direct:16	0x00809800	0x00001829	CODE:00001829                 stf     r0,@byte_809800
byte_809807	byte_809807		16	direct:16	0x00809807	0x0000006D	CODE:0000006D                 negf    @byte_809807,r2
ICF	ICF		16	direct:16	0x0000E59C	0x000015C1	CODE:000015C1                 ldi     @ICF,r0
WAITMSEC@MOTION	WAITMSEC	MOTION	16	direct:16	0x000049A2	0x00004586	CODE:00004586                 call    WAITMSEC@MOTION
OFREECNT	OFREECNT		15	direct:15	0x0000C9B9	0x00003A3B	CODE:00003A3B                 ldi     @OFREECNT,r0
START_RADY	START_RADY		15	direct:15	0x0000E432	0x000018D6	CODE:000018D6                 ldf     @START_RADY,r2
byte_C918	byte_C918		14	direct:14	0x0000C918	0x000015D2	CODE:000015D2                 sti     r0,@byte_C918
byte_E666	byte_E666		14	direct:14	0x0000E666	0x00001776	CODE:00001776                 sti     r0,@byte_E666
NULLSTR	NULLSTR		14	direct:14	0x00000E52	0x00000B9F	CODE:00000B9F                 ldi     @NULLSTR,ar3
POSITION	POSITION		14	direct:14	0x0000E637	0x00002A60	CODE:00002A60                 ldi     @POSITION,r0
ACTIVE_SCREEN	ACTIVE_SCREEN		13	direct:13	0x0000CE43	0x00000673	CODE:00000673                 sti     r0,@ACTIVE_SCREEN
BLOWLISTI	BLOWLISTI		13	direct:13	0x0000004F	0x0000012C	CODE:0000012C                 ldi     @BLOWLISTI,ar3
byte_EA67	byte_EA67		13	direct:13	0x0000EA67	0x00006117	CODE:00006117                 sti     r0,@byte_EA67
byte_EA6A	byte_EA6A		13	direct:13	0x0000EA6A	0x00006118	CODE:00006118                 sti     r0,@byte_EA6A
CAMERAPOSI	CAMERAPOSI		13	direct:13	0x00000045	0x0000009D	CODE:0000009D                 ldi     @CAMERAPOSI,ar6
DGROUP_COUNT	DGROUP_COUNT		13	direct:13	0x0000E49C	0x00003F9F	CODE:00003F9F                 sti     r0,@DGROUP_COUNT
DISPLAY@DIRQ	DISPLAY	DIRQ	13	direct:13	0x00000166	0x0000007E	CODE:0000007E                 call    DISPLAY@DIRQ
LK@BONUS	LK	BONUS	13	direct:13	0x00003998	0x00003971	CODE:00003971                 bu      LK@BONUS
CHEAT	CHEAT		12	direct:12	0x0000E8AE	0x0000242F	CODE:0000242F                 mpyf    @CHEAT,r0
COIN_COUNTER1	COIN_COUNTER1		12	direct:12	0x0000E5A3	0x00007346	CODE:00007346                 ldi     @COIN_COUNTER1,r1
COMM_MASTER_ERROR@COMM	COMM_MASTER_ERROR	COMM	12	direct:12	0x000080C1	0x000080B3	CODE:000080B3                 bu      COMM_MASTER_ERROR@COMM
INFRAMES	INFRAMES		12	direct:12	0x0000C960	0x00004BDF	CODE:00004BDF                 ldi     @INFRAMES,r0
TRANSMISSION_ACTIVE	TRANSMISSION_ACTIVE		12	direct:12	0x0000C901	0x000015D4	CODE:000015D4                 ldi     @TRANSMISSION_ACTIVE,r0
byte_8099DF	byte_8099DF		11	direct:11	0x008099DF	0x00004AE9	CODE:00004AE9                 sti     r0,@byte_8099DF
byte_980083	byte_980083		11	direct:11	0x00980083	0x000002FA	CODE:000002FA                 ldi     @byte_980083,r0
byte_C90A	byte_C90A		11	direct:11	0x0000C90A	0x000039A3	CODE:000039A3                 ldi     @byte_C90A,r0
byte_E4AA	byte_E4AA		11	direct:11	0x0000E4AA	0x00003FBC	CODE:00003FBC                 ldi     @byte_E4AA,r0
byte_EA66	byte_EA66		11	direct:11	0x0000EA66	0x00006110	CODE:00006110                 sti     r0,@byte_EA66
byte_EA6F	byte_EA6F		11	direct:11	0x0000EA6F	0x00006111	CODE:00006111                 sti     r0,@byte_EA6F
COMMQ_TMP_BUFFI	COMMQ_TMP_BUFFI		11	direct:11	0x0000766A	0x00002587	CODE:00002587                 ldi     @COMMQ_TMP_BUFFI,ar2
COMM_SLAVE_ERROR@COMM	COMM_SLAVE_ERROR	COMM	11	direct:11	0x0000820A	0x000081FD	CODE:000081FD                 bu      COMM_SLAVE_ERROR@COMM
L38@LINE	L38	LINE	11	direct:11	0x0000ACF1	0x0000AC83	CODE:0000AC83                 bgt     L38@LINE
OM_MODE	OM_MODE		11	direct:11	0x0000C906	0x000015D6	CODE:000015D6                 ldi     @OM_MODE,r0
PACTIVEI	PACTIVEI		11	direct:11	0x0000A86B	0x000021D6	CODE:000021D6                 ldi     @PACTIVEI,ar7
SECTIONIDX	SECTIONIDX		11	direct:11	0x0000E4A4	0x00003F93	CODE:00003F93                 sti     r0,@SECTIONIDX
SWITCHBUTS	SWITCHBUTS		11	direct:11	0x0000C967	0x00001660	CODE:00001660                 ldi     @SWITCHBUTS,r0
_pot0	_pot0		11	direct:11	0x0000C8F8	0x000008FF	CODE:000008FF                 ldi     @_pot0,r2
byte_C968	byte_C968		10	direct:10	0x0000C968	0x000006EF	CODE:000006EF                 sti     r0,@byte_C968
byte_C9B3	byte_C9B3		10	direct:10	0x0000C9B3	0x00003A38	CODE:00003A38                 ldi     @byte_C9B3,r1
byte_E49D	byte_E49D		10	direct:10	0x0000E49D	0x00003F92	CODE:00003F92                 sti     ar1,@byte_E49D
CLEARRDY	CLEARRDY		10	direct:10	0x0000C96F	0x00001D77	CODE:00001D77                 sti     r0,@CLEARRDY
DID_TIMED_OUT	DID_TIMED_OUT		10	direct:10	0x0000E56F	0x0000185B	CODE:0000185B                 sti     r0,@DID_TIMED_OUT
FASTSTKI	FASTSTKI		10	direct:10	0x00000063	0x0000067A	CODE:0000067A                 ldi     @FASTSTKI,sp
RESETALL@CMOS	RESETALL	CMOS	10	direct:10	0x00009AFB	0x00009ADE	CODE:00009ADE                 blt     RESETALL@CMOS
TIMEREC@CUSA	TIMEREC	CUSA	10	direct:10	0x00004F38	0x00004BDC	CODE:00004BDC                 call    TIMEREC@CUSA
TOSTARTBUFFI@COIN	TOSTARTBUFFI	COIN	10	direct:10	0x00007467	0x00007583	CODE:00007583                 ldi     @TOSTARTBUFFI@COIN,ar2
WRECKFLG	WRECKFLG		10	direct:10	0x0000E8A3	0x00002437	CODE:00002437                 ldi     @WRECKFLG,r0
WT_NS1@DIAG	WT_NS1	DIAG	10	direct:10	0x000005FA	0x000005FC	CODE:000005FC                 be      WT_NS1@DIAG
byte_98E634	byte_98E634		9	direct:9	0x0098E634	0x000031F6	CODE:000031F6                 sti     r0,@byte_98E634
byte_C8FB	byte_C8FB		9	direct:9	0x0000C8FB	0x00004D2A	CODE:00004D2A                 ldi     @byte_C8FB,r0
byte_EA6D	byte_EA6D		9	direct:9	0x0000EA6D	0x0000611B	CODE:0000611B                 sti     r0,@byte_EA6D
byte_EA70	byte_EA70		9	direct:9	0x0000EA70	0x0000611A	CODE:0000611A                 sti     r0,@byte_EA70
CAR_LIST	CAR_LIST		9	direct:9	0x0000E434	0x000021F2	CODE:000021F2                 ldi     @CAR_LIST,r0    ; LDPI
CMOSI	CMOSI		9	direct:9	0x00009961	0x00006443	CODE:00006443                 addi    @CMOSI,ar2
COLSGCX@COLLA	COLSGCX	COLLA	9	direct:9	0x0000232A	0x00002232	CODE:00002232                 ble     COLSGCX@COLLA
CREDITBUFFI@COIN	CREDITBUFFI	COIN	9	direct:9	0x00007466	0x000074BB	CODE:000074BB                 ldi     @CREDITBUFFI@COIN,ar2
HARD_SECTION_LOAD	HARD_SECTION_LOAD		9	direct:9	0x0000E5FB	0x00004B88	CODE:00004B88                 sti     r0,@HARD_SECTION_LOAD
LJIN@DIAG	LJIN	DIAG	9	direct:9	0x0000116C	0x0000115A	CODE:0000115A                 bu      LJIN@DIAG
loc_421	loc_421		9	direct:9	0x00000421	0x00001BB3	CODE:00001BB3                 cmpf    @loc_421,r0
SUSPEND_MODE	SUSPEND_MODE		9	direct:9	0x0000E61C	0x00001874	CODE:00001874                 sti     r0,@SUSPEND_MODE
WT_S1@DIAG	WT_S1	DIAG	9	direct:9	0x000005F6	0x000005F8	CODE:000005F8                 bne     WT_S1@DIAG
_pot1	_pot1		9	direct:9	0x0000C96B	0x00000910	CODE:00000910                 ldi     @_pot1,r2
byte_980040	byte_980040		8	direct:8	0x00980040	0x00004B0A	CODE:00004B0A                 sti     r0,@byte_980040
DO_NOT_REENABLE_INT@SND	DO_NOT_REENABLE_INT	SND	8	direct:8	0x0000E947	0x00009140	CODE:00009140                 sti     ar2,@DO_NOT_REENABLE_INT@SND
DRIVE_LIST	DRIVE_LIST		8	direct:8	0x0000E433	0x00001F8B	CODE:00001F8B                 ldi     @DRIVE_LIST,r0  ; LDPI
GS0@MOTION	GS0	MOTION	8	direct:8	0x000049FB	0x00004A05	CODE:00004A05                 bu      GS0@MOTION
HANDLE_MENU@DIAG	HANDLE_MENU	DIAG	8	direct:8	0x00000A4F	0x000006A1	CODE:000006A1                 bu      HANDLE_MENU@DIAG
MATRIXBI	MATRIXBI		8	direct:8	0x0000005B	0x00002ABF	CODE:00002ABF                 ldi     @MATRIXBI,ar2
PLY2CAR	PLY2CAR		8	direct:8	0x0000E5C2	0x00002B6B	CODE:00002B6B                 ldi     @PLY2CAR,ar0
SEND_BUFFER_A_LEN	SEND_BUFFER_A_LEN		8	direct:8	0x0000C903	0x000076BD	CODE:000076BD                 sti     r0,@SEND_BUFFER_A_LEN
TRANSMISSION_DEAD@COMM	TRANSMISSION_DEAD	COMM	8	direct:8	0x0000C902	0x00007FBB	CODE:00007FBB                 ldi     @TRANSMISSION_DEAD@COMM,r0
VEHICLE_TABLEI	VEHICLE_TABLEI		8	direct:8	0x00009422	0x00002998	CODE:00002998                 addi    @VEHICLE_TABLEI,ar1
WHEELPOS	WHEELPOS		8	direct:8	0x0000EA78	0x00001C72	CODE:00001C72                 stf     r2,@WHEELPOS
_CAMERARAD	_CAMERARAD		8	set:8	0x00000000	0x00002AE9	CODE:00002AE9                 stf     r2,@_CAMERARAD
BEEP@DIAG	BEEP	DIAG	7	direct:7	0x00000600	0x00000B80	CODE:00000B80                 call    BEEP@DIAG
byte_80C8F5	byte_80C8F5		7	direct:7	0x0080C8F5	0x000017E0	CODE:000017E0                 ldi     @byte_80C8F5,r0
byte_980080	byte_980080		7	direct:7	0x00980080	0x00004AEF	CODE:00004AEF                 sti     r0,@byte_980080
byte_C970	byte_C970		7	direct:7	0x0000C970	0x000031B9	CODE:000031B9                 sti     r0,@byte_C970
byte_E4A5	byte_E4A5		7	direct:7	0x0000E4A5	0x00003F91	CODE:00003F91                 sti     ar1,@byte_E4A5
byte_E4A7	byte_E4A7		7	direct:7	0x0000E4A7	0x00003F94	CODE:00003F94                 sti     r0,@byte_E4A7
byte_E938	byte_E938		7	direct:7	0x0000E938	0x000030E3	CODE:000030E3                 ldi     @byte_E938,r2
byte_EA69	byte_EA69		7	direct:7	0x0000EA69	0x00006114	CODE:00006114                 sti     r0,@byte_EA69
byte_EA6C	byte_EA6C		7	direct:7	0x0000EA6C	0x00006115	CODE:00006115                 sti     r0,@byte_EA6C
CHOOSENCAR	CHOOSENCAR		7	direct:7	0x0000E670	0x00001919	CODE:00001919                 sti     r0,@CHOOSENCAR
DUAL_ON_OFF@DIAG	DUAL_ON_OFF	DIAG	7	direct:7	0x00000E7A	0x00000BA0	CODE:00000BA0                 call    DUAL_ON_OFF@DIAG
IDLE_LISTI	IDLE_LISTI		7	direct:7	0x00000041	0x000041E8	CODE:000041E8                 ldi     @IDLE_LISTI,r1
INIT_MOTION_ERROROUT@MOTION	INIT_MOTION_ERROROUT	MOTION	7	direct:7	0x00004655	0x00004552	CODE:00004552                 bne     INIT_MOTION_ERROROUT@MOTION
INVTABI	INVTABI		7	direct:7	0x00000052	0x000000D3	CODE:000000D3                 addi    @INVTABI,ar3
loc_420	loc_420		7	direct:7	0x00000420	0x00001BAC	CODE:00001BAC                 cmpf    @loc_420,r0
MESSAGE_BOX@DIAG	MESSAGE_BOX	DIAG	7	direct:7	0x00000E62	0x00000DD7	CODE:00000DD7                 call    MESSAGE_BOX@DIAG
OACTIVE	OACTIVE		7	direct:7	0x0000C9B2	0x00003B25	CODE:00003B25                 sti     r0,@OACTIVE
OBJ_GFIND@HSTDP	OBJ_GFIND	HSTDP	7	direct:7	0x000036DB	0x00003649	CODE:00003649                 call    OBJ_GFIND@HSTDP
OBJ_GFIND_NEXT@HSTDP	OBJ_GFIND_NEXT	HSTDP	7	direct:7	0x000036EF	0x00003652	CODE:00003652                 call    OBJ_GFIND_NEXT@HSTDP
OFFROAD_TMR	OFFROAD_TMR		7	direct:7	0x0000E89A	0x000029B4	CODE:000029B4                 sti     r0,@OFFROAD_TMR ; STPI
RBUFF_LEN	RBUFF_LEN		7	direct:7	0x0000C904	0x00007682	CODE:00007682                 ldi     @RBUFF_LEN,r0
SCRNHYI	SCRNHYI		7	direct:7	0x00000054	0x000000D9	CODE:000000D9                 addf    @SCRNHYI,r2
SPINBUMP@COLLA	SPINBUMP	COLLA	7	direct:7	0x000027F7	0x00002778	CODE:00002778                 bhs     SPINBUMP@COLLA
STOPWATCH	STOPWATCH		7	direct:7	0x0000E88F	0x00001CA0	CODE:00001CA0                 sti     r0,@STOPWATCH
transmatrixI	transmatrixI		7	direct:7	0x0000004B	0x00000106	CODE:00000106                 ldi     @transmatrixI,ar3
ZOOMD	ZOOMD		7	direct:7	0x0000E89B	0x00002A46	CODE:00002A46                 stf     r0,@ZOOMD
_ACNTL	_ACNTL		7	direct:7	0x0000EA64	0x0000610D	CODE:0000610D                 sti     r0,@_ACNTL
_pot2	_pot2		7	direct:7	0x0000C96C	0x00000921	CODE:00000921                 ldi     @_pot2,r2
byte_3953	byte_3953		6	direct:6	0x00003953	0x00001F57	CODE:00001F57                 addi    @byte_3953,ar2
byte_8099E2	byte_8099E2		6	direct:6	0x008099E2	0x00004E76	CODE:00004E76                 ldi     @byte_8099E2,r1
byte_809A79	byte_809A79		6	direct:6	0x00809A79	0x000017A8	CODE:000017A8                 ldi     @byte_809A79,r0
byte_992000	byte_992000		6	direct:6	0x00992000	0x0000099D	CODE:0000099D                 ldi     @byte_992000,r7
byte_E42D	byte_E42D		6	direct:6	0x0000E42D	0x000031C0	CODE:000031C0                 stf     r0,@byte_E42D
byte_E4AC	byte_E4AC		6	direct:6	0x0000E4AC	0x000040AA	CODE:000040AA                 stf     r0,@byte_E4AC
byte_E4B3	byte_E4B3		6	direct:6	0x0000E4B3	0x00003A50	CODE:00003A50                 sti     r0,@byte_E4B3
byte_E56E	byte_E56E		6	direct:6	0x0000E56E	0x00001727	CODE:00001727                 ldi     @byte_E56E,r0
byte_E624	byte_E624		6	direct:6	0x0000E624	0x000039B4	CODE:000039B4                 sti     r0,@byte_E624
byte_E667	byte_E667		6	direct:6	0x0000E667	0x0000161F	CODE:0000161F                 ldi     @byte_E667,r0
byte_E87A	byte_E87A		6	direct:6	0x0000E87A	0x00001904	CODE:00001904                 ldi     @byte_E87A,r1
byte_E890	byte_E890		6	direct:6	0x0000E890	0x00001C9D	CODE:00001C9D                 sti     r0,@byte_E890
byte_E92F	byte_E92F		6	direct:6	0x0000E92F	0x000030DE	CODE:000030DE                 ldi     @byte_E92F,r2
byte_EA77	byte_EA77		6	direct:6	0x0000EA77	0x00001C6C	CODE:00001C6C                 float   @byte_EA77,r2
CAR_DIMMER@INTRO	CAR_DIMMER	INTRO	6	direct:6	0x00001B9D	0x00001AD6	CODE:00001AD6                 call    CAR_DIMMER@INTRO
CLEAR_YES_NO@DIAG	CLEAR_YES_NO	DIAG	6	direct:6	0x00000E76	0x00000DCB	CODE:00000DCB                 call    CLEAR_YES_NO@DIAG
CME_MASK@MOTION	CME_MASK	MOTION	6	direct:6	0x000049A6	0x00004577	CODE:00004577                 and     @CME_MASK@MOTION,r0
CMOS_WP_WORD_SHADOW	CMOS_WP_WORD_SHADOW		6	direct:6	0x0000E5A2	0x0000762C	CODE:0000762C                 ldi     @CMOS_WP_WORD_SHADOW,r0
COIN_COUNTER2	COIN_COUNTER2		6	direct:6	0x0000E5A4	0x0000735D	CODE:0000735D                 ldi     @COIN_COUNTER2,r1
DECOMP_ACTIVE	DECOMP_ACTIVE		6	direct:6	0x0000E5FA	0x000031B0	CODE:000031B0                 ldi     @DECOMP_ACTIVE,r0
DYNALIST_BEGIN	DYNALIST_BEGIN		6	direct:6	0x0000E49F	0x00002EFE	CODE:00002EFE                 ldi     @DYNALIST_BEGIN,r0
DYNALIST_END	DYNALIST_END		6	direct:6	0x0000E4A0	0x000025C2	CODE:000025C2                 ldi     @DYNALIST_END,ar0
DYNALIST_TRUEBEGIN	DYNALIST_TRUEBEGIN		6	direct:6	0x0000E49E	0x000019F4	CODE:000019F4                 ldi     @DYNALIST_TRUEBEGIN,ar0
FCBI@COIN	FCBI	COIN	6	direct:6	0x00007464	0x00007546	CODE:00007546                 ldi     @FCBI@COIN,ar2
FONT18REDDS@COIN	FONT18REDDS	COIN	6	direct:6	0x0000747B	0x000074BF	CODE:000074BF                 call    FONT18REDDS@COIN
FPLE@HSTDP	FPLE	HSTDP	6	direct:6	0x00003597	0x0000357D	CODE:0000357D                 br      FPLE@HSTDP
FWL1@BACKGRND	FWL1	BACKGRND	6	direct:6	0x0000440B	0x0000439D	CODE:0000439D                 blo     FWL1@BACKGRND
GALIL_STATUS_X@MOTION	GALIL_STATUS_X	MOTION	6	direct:6	0x0000EBE8	0x00004595	CODE:00004595                 sti     r0,@GALIL_STATUS_X@MOTION
GALIL_STATUS_Y@MOTION	GALIL_STATUS_Y	MOTION	6	direct:6	0x0000EBE9	0x00004596	CODE:00004596                 sti     r0,@GALIL_STATUS_Y@MOTION
GALIL_STATUS_Z@MOTION	GALIL_STATUS_Z	MOTION	6	direct:6	0x0000EBEA	0x00004597	CODE:00004597                 sti     r0,@GALIL_STATUS_Z@MOTION
GAME_TIMER	GAME_TIMER		6	direct:6	0x0000C96A	0x00001E35	CODE:00001E35                 ldf     @GAME_TIMER,r2
GHX@MOTION	GHX	MOTION	6	direct:6	0x00004A50	0x00004A40	CODE:00004A40                 bhs     GHX@MOTION
GROUND_LIST	GROUND_LIST		6	direct:6	0x0000E436	0x00001F8E	CODE:00001F8E                 ldi     @GROUND_LIST,r0 ; LDPI
H2H_FLAGSTATE	H2H_FLAGSTATE		6	direct:6	0x0000E66B	0x0000185F	CODE:0000185F                 sti     r0,@H2H_FLAGSTATE
HIGHIVAL@INFIN	HIGHIVAL	INFIN	6	direct:6	0x00008261	0x00008278	CODE:00008278                 cmpi    @HIGHIVAL@INFIN,r2
MENU_SCROLL@DIAG	MENU_SCROLL	DIAG	6	direct:6	0x0000EC0E	0x00000A50	CODE:00000A50                 sti     r0,@MENU_SCROLL@DIAG
NBEEP@HUD	NBEEP	HUD	6	direct:6	0x00009DD5	0x00009DC1	CODE:00009DC1                 bne     NBEEP@HUD
NOYELL@SIGMA	NOYELL	SIGMA	6	direct:6	0x0000A4CA	0x0000A4B1	CODE:0000A4B1                 bne     NOYELL@SIGMA
NUWHL@WHEEL	NUWHL	WHEEL	6	direct:6	0x0000B010	0x0000AFFC	CODE:0000AFFC                 bu      NUWHL@WHEEL
OACTIVE_PRIORITYI	OACTIVE_PRIORITYI		6	direct:6	0x00000042	0x00000083	CODE:00000083                 ldi     @OACTIVE_PRIORITYI,ar0
OM_CHOSEN_RACE	OM_CHOSEN_RACE		6	direct:6	0x0000C907	0x00006D7E	CODE:00006D7E                 ldi     @OM_CHOSEN_RACE,r0
OM_LINKWAIT	OM_LINKWAIT		6	direct:6	0x0000C90D	0x000015E0	CODE:000015E0                 ldi     @OM_LINKWAIT,r0
PALROMI	PALROMI		6	direct:6	0x00009EA6	0x00001BA2	CODE:00001BA2                 addi    @PALROMI,ar0
PFREE	PFREE		6	direct:6	0x0000C9B1	0x0000A870	CODE:0000A870                 ldi     @PFREE,r0
RADAR_LP@MAP	RADAR_LP	MAP	6	direct:6	0x00006128	0x000061B3	CODE:000061B3                 bu      RADAR_LP@MAP
RDPOT	RDPOT		6	direct:6	0x0000C96D	0x00004D29	CODE:00004D29                 sti     r0,@RDPOT
RS30@COLLA	RS30	COLLA	6	direct:6	0x000020AA	0x00002093	CODE:00002093                 blt     RS30@COLLA
SIGN_LIST	SIGN_LIST		6	direct:6	0x0000E435	0x000023E5	CODE:000023E5                 ldi     @SIGN_LIST,r0   ; LDPI
SNDSTRI	SNDSTRI		6	direct:6	0x0000919D	0x00009144	CODE:00009144                 addi    @SNDSTRI,ar0
SPARKANII@SMOKE	SPARKANII	SMOKE	6	direct:6	0x0000C6F0	0x000085A4	CODE:000085A4                 ldi     @SPARKANII@SMOKE,ar0
SPINTEMP@COLLA	SPINTEMP	COLLA	6	direct:6	0x0000E5BF	0x0000276C	CODE:0000276C                 stf     r0,@SPINTEMP@COLLA
STATE_NUM@CUSA	STATE_NUM	CUSA	6	direct:6	0x0000C9AA	0x00004FD8	CODE:00004FD8                 ldi     @STATE_NUM@CUSA,ar0
STEERCT	STEERCT		6	direct:6	0x0000E8CE	0x000029B5	CODE:000029B5                 ldf     @STEERCT,r0
WAITTIK	WAITTIK		6	direct:6	0x0000EB82	0x00001E34	CODE:00001E34                 sti     r0,@WAITTIK
ZOOMH@PLYR	ZOOMH	PLYR	6	direct:6	0x0000E89E	0x00002A43	CODE:00002A43                 stf     r0,@ZOOMH@PLYR
_ACMAP	_ACMAP		6	direct:6	0x0000EA65	0x0000611F	CODE:0000611F                 sti     r0,@_ACMAP
_ADDRL	_ADDRL		6	direct:6	0x0000EA76	0x0000611D	CODE:0000611D                 sti     r0,@_ADDRL
_sectime	_sectime		6	direct:6	0x0000C96E	0x00004CA5	CODE:00004CA5                 ldi     @_sectime,r0    ; INCM
ATOD_R@CUSA	ATOD_R	CUSA	5	set:5	0x00993000	0x00004D25	CODE:00004D25                 sti     r0,@ATOD_R@CUSA
byte_98E661	byte_98E661		5	direct:5	0x0098E661	0x00003229	CODE:00003229                 sti     r0,@byte_98E661
byte_995020	byte_995020		5	direct:5	0x00995020	0x00004AFB	CODE:00004AFB                 sti     r0,@byte_995020
byte_C971	byte_C971		5	direct:5	0x0000C971	0x000031AE	CODE:000031AE                 sti     r0,@byte_C971
byte_E42F	byte_E42F		5	direct:5	0x0000E42F	0x00001A39	CODE:00001A39                 addf    @byte_E42F,r0
byte_E430	byte_E430		5	direct:5	0x0000E430	0x00001A3C	CODE:00001A3C                 addf    @byte_E430,r0
byte_E431	byte_E431		5	direct:5	0x0000E431	0x00001A3F	CODE:00001A3F                 addf    @byte_E431,r0
byte_E4A1	byte_E4A1		5	direct:5	0x0000E4A1	0x00004092	CODE:00004092                 sti     r0,@byte_E4A1
byte_E4A3	byte_E4A3		5	direct:5	0x0000E4A3	0x00003FB7	CODE:00003FB7                 ldi     @byte_E4A3,r0
byte_E4A8	byte_E4A8		5	direct:5	0x0000E4A8	0x000040B3	CODE:000040B3                 sti     r0,@byte_E4A8
byte_E4AB	byte_E4AB		5	direct:5	0x0000E4AB	0x00004094	CODE:00004094                 sti     r0,@byte_E4AB
byte_E4AE	byte_E4AE		5	direct:5	0x0000E4AE	0x00003DF7	CODE:00003DF7                 ldf     @byte_E4AE,r0
byte_E881	byte_E881		5	direct:5	0x0000E881	0x00001626	CODE:00001626                 sti     r0,@byte_E881
byte_E91E	byte_E91E		5	direct:5	0x0000E91E	0x00006955	CODE:00006955                 stf     r0,@byte_E91E
byte_EA63	byte_EA63		5	direct:5	0x0000EA63	0x0000161A	CODE:0000161A                 sti     r0,@byte_EA63
CAR_COUNT	CAR_COUNT		5	direct:5	0x0000E427	0x0000904A	CODE:0000904A                 sti     r0,@CAR_COUNT   ; STPI
CHECKPOINT_NUM	CHECKPOINT_NUM		5	direct:5	0x0000E66A	0x0000185C	CODE:0000185C                 sti     r0,@CHECKPOINT_NUM
CLIPOP@DIRQ	CLIPOP	DIRQ	5	direct:5	0x0000036F	0x00000375	CODE:00000375                 bltd    CLIPOP@DIRQ
COIN_TABLEI	COIN_TABLEI		5	direct:5	0x0000B0B0	0x00000C14	CODE:00000C14                 addi    @COIN_TABLEI,ar4
COUNTER_IDX	COUNTER_IDX		5	direct:5	0x0000E5A5	0x0000761D	CODE:0000761D                 ldi     @COUNTER_IDX,r0
COUNTER_MODE	COUNTER_MODE		5	direct:5	0x0000E5A6	0x00007627	CODE:00007627                 ldi     @COUNTER_MODE,r0
COUNTRY@DIAG	COUNTRY	DIAG	5	direct:5	0x0000EC0F	0x00000BE1	CODE:00000BE1                 sti     r0,@COUNTRY@DIAG
DCMX@COMMQ	DCMX	COMMQ	5	direct:5	0x00007764	0x0000774A	CODE:0000774A                 bu      DCMX@COMMQ
DGROUPSI	DGROUPSI		5	direct:5	0x00003F7A	0x00003FB4	CODE:00003FB4                 ldi     @DGROUPSI,ar1
DONELISTS@BACKGRND	DONELISTS	BACKGRND	5	direct:5	0x0000414B	0x0000411C	CODE:0000411C                 bud     DONELISTS@BACKGRND
DRONE_COUNT	DRONE_COUNT		5	direct:5	0x0000E61E	0x00006782	CODE:00006782                 sti     r0,@DRONE_COUNT
EPALL	EPALL		5	direct:5	0x00005A16	0x00005FCC	CODE:00005FCC                 ldi     @EPALL,ar2
EPALR	EPALR		5	direct:5	0x00005A15	0x00005FD1	CODE:00005FD1                 ldi     @EPALR,ar2
ETIME	ETIME		5	direct:5	0x0000E4EC	0x00003A67	CODE:00003A67                 sti     r0,@ETIME
G_CHAR@MOTION	G_CHAR	MOTION	5	direct:5	0x000049DF	0x000049FB	CODE:000049FB                 call    G_CHAR@MOTION   ; alts: GS0
HALFPII	HALFPII		5	direct:5	0x00009550	0x0000267E	CODE:0000267E                 addf    @HALFPII,r2
IMPACT_SPARKX@SMOKE	IMPACT_SPARKX	SMOKE	5	direct:5	0x00008705	0x000086E8	CODE:000086E8                 be      IMPACT_SPARKX@SMOKE
J2@BACKGRND	J2	BACKGRND	5	direct:5	0x00004406	0x0000439E	CODE:0000439E                 bu      J2@BACKGRND
KEYPAUSE@DIAG	KEYPAUSE	DIAG	5	direct:5	0x000005FE	0x000006B4	CODE:000006B4                 call    KEYPAUSE@DIAG
LIGHT_OFF@INTRO	LIGHT_OFF	INTRO	5	direct:5	0x00001C34	0x00001AFB	CODE:00001AFB                 call    LIGHT_OFF@INTRO
NOCHANCE@INFIN	NOCHANCE	INFIN	5	direct:5	0x0000824D	0x00008222	CODE:00008222                 bne     NOCHANCE@INFIN
OBJSTRI	OBJSTRI		5	direct:5	0x00007015	0x00007029	CODE:00007029                 ldi     @OBJSTRI,ar1
ONEFLAG@COMM	ONEFLAG	COMM	5	direct:5	0x0000C900	0x00007F43	CODE:00007F43                 sti     r0,@ONEFLAG@COMM
PALRAMI@PALL	PALRAMI	PALL	5	direct:5	0x00009EA8	0x00009EB3	CODE:00009EB3                 ldi     @PALRAMI@PALL,ar0
PALXFER_ACTIVE@PALL	PALXFER_ACTIVE	PALL	5	direct:5	0x0000CC3F	0x00009EC4	CODE:00009EC4                 ldi     @PALXFER_ACTIVE@PALL,r0
PKQ@ROADKILL	PKQ	ROADKILL	5	direct:5	0x000069BD	0x000069A3	CODE:000069A3                 blt     PKQ@ROADKILL
PLYPROC	PLYPROC		5	direct:5	0x0000E8A7	0x00002988	CODE:00002988                 sti     ar7,@PLYPROC
PREVX	PREVX		5	direct:5	0x0000E618	0x00004B60	CODE:00004B60                 sti     r0,@PREVX
ROADKILLXZ@ROADKILL	ROADKILLXZ	ROADKILL	5	direct:5	0x0000E91D	0x00006954	CODE:00006954                 stf     r0,@ROADKILLXZ@ROADKILL
SCRNHXI	SCRNHXI		5	direct:5	0x00000053	0x000000E1	CODE:000000E1                 addf    @SCRNHXI,r2
SOFT_AUDIT	SOFT_AUDIT		5	direct:5	0x0000EBEB	0x00000675	CODE:00000675                 sti     r0,@SOFT_AUDIT
SPARK_ANIX@SMOKE	SPARK_ANIX	SMOKE	5	direct:5	0x00008661	0x00008627	CODE:00008627                 be      SPARK_ANIX@SMOKE
STATE_TIK@CUSA	STATE_TIK	CUSA	5	direct:5	0x0000C9AB	0x00004FE7	CODE:00004FE7                 ldi     @STATE_TIK@CUSA,r0
TEXT_FREE_COUNT	TEXT_FREE_COUNT		5	direct:5	0x0000E94B	0x0000797A	CODE:0000797A                 sti     r2,@TEXT_FREE_COUNT
TUNE_IDX	TUNE_IDX		5	direct:5	0x0000E946	0x000017A6	CODE:000017A6                 sti     r0,@TUNE_IDX
WALL_SPARKX@SMOKE	WALL_SPARKX	SMOKE	5	direct:5	0x000086E2	0x000086AB	CODE:000086AB                 be      WALL_SPARKX@SMOKE
ZOOMDG@PLYR	ZOOMDG	PLYR	5	direct:5	0x0000E89D	0x00002A47	CODE:00002A47                 stf     r0,@ZOOMDG@PLYR
_MPH	_MPH		5	direct:5	0x0000E635	0x0000299F	CODE:0000299F                 sti     r0,@_MPH
ABORT_STATE@CUSA	ABORT_STATE	CUSA	4	direct:4	0x00004FF8	0x00004FD6	CODE:00004FD6                 bne     ABORT_STATE@CUSA
AFFECTED_CAR@INTRO	AFFECTED_CAR	INTRO	4	direct:4	0x00001B59	0x00001B16	CODE:00001B16                 call    AFFECTED_CAR@INTRO
ASCII_TO_OBJ@HSTDP	ASCII_TO_OBJ	HSTDP	4	direct:4	0x00003813	0x00003324	CODE:00003324                 call    ASCII_TO_OBJ@HSTDP
ATTRWAVE	ATTRWAVE		4	direct:4	0x0000C8FF	0x00003868	CODE:00003868                 ldi     @ATTRWAVE,ar5
BONUS_WAITFLAG	BONUS_WAITFLAG		4	direct:4	0x0000C914	0x000016E7	CODE:000016E7                 sti     r0,@BONUS_WAITFLAG
BOOT_PACIFY_SCREEN_P	BOOT_PACIFY_SCREEN_P		4	direct:4	0x0000A3CF	0x00004B92	CODE:00004B92                 sti     r0,@BOOT_PACIFY_SCREEN_P
BRAKEON@PLYR	BRAKEON	PLYR	4	direct:4	0x0000E8A2	0x00002A52	CODE:00002A52                 sti     r0,@BRAKEON@PLYR ; STPI
byte_98C91B	byte_98C91B		4	direct:4	0x0098C91B	0x0000AFF9	CODE:0000AFF9                 ldf     @byte_98C91B,r1
byte_98E62D	byte_98E62D		4	direct:4	0x0098E62D	0x00003234	CODE:00003234                 sti     r0,@byte_98E62D
byte_9E0000	byte_9E0000		4	direct:4	0x009E0000	0x00004B53	CODE:00004B53                 sti     r0,@byte_9E0000
byte_B19D	byte_B19D		4	direct:4	0x0000B19D	0x0000376A	CODE:0000376A                 ldi     @byte_B19D,ar1
byte_C9B7	byte_C9B7		4	direct:4	0x0000C9B7	0x00003BD3	CODE:00003BD3                 sti     r0,@byte_C9B7
byte_E42E	byte_E42E		4	direct:4	0x0000E42E	0x000018AD	CODE:000018AD                 sti     r0,@byte_E42E
byte_E4A6	byte_E4A6		4	direct:4	0x0000E4A6	0x00003FC2	CODE:00003FC2                 sti     ar0,@byte_E4A6
byte_E62F	byte_E62F		4	direct:4	0x0000E62F	0x00003866	CODE:00003866                 sti     r0,@byte_E62F
byte_E638	byte_E638		4	direct:4	0x0000E638	0x00003DFB	CODE:00003DFB                 ldf     @byte_E638,r1
byte_E66C	byte_E66C		4	direct:4	0x0000E66C	0x00001618	CODE:00001618                 sti     r0,@byte_E66C
byte_E671	byte_E671		4	direct:4	0x0000E671	0x000018C3	CODE:000018C3                 ldi     @byte_E671,r0
CAMRADY@INFIN	CAMRADY	INFIN	4	direct:4	0x0000E428	0x00008275	CODE:00008275                 stf     r2,@CAMRADY@INFIN
CARFREE	CARFREE		4	direct:4	0x0000E426	0x0000904D	CODE:0000904D                 ldi     @CARFREE,ar0
CHOSEN_RACE	CHOSEN_RACE		4	map:4	0x0000E664	0x000017B8	CODE:000017B8                 sti     r0,@CHOSEN_RACE
CMERROR3@COMM	CMERROR3	COMM	4	direct:4	0x000080B5	0x0000806B	CODE:0000806B                 bne     CMERROR3@COMM
CN@INTRO	CN	INTRO	4	direct:4	0x00001D9E	0x00001D95	CODE:00001D95                 be      CN@INTRO
COMMFLAG@COMM	COMMFLAG	COMM	4	direct:4	0x0000E5C1	0x00007F5E	CODE:00007F5E                 ldi     @COMMFLAG@COMM,r0
COMM_IOI@COMM	COMM_IOI	COMM	4	direct:4	0x00007F50	0x00007F6A	CODE:00007F6A                 ldi     @COMM_IOI@COMM,ar5
COOLRET@BONUS	COOLRET	BONUS	4	direct:4	0x00003A9B	0x00003A80	CODE:00003A80                 bne     COOLRET@BONUS
CURRENT_PROC	CURRENT_PROC		4	direct:4	0x0000C9AE	0x0000A8A3	CODE:0000A8A3                 ldi     @CURRENT_PROC,ar7
DELLP@BACKGRND	DELLP	BACKGRND	4	direct:4	0x000041EF	0x000041E7	CODE:000041E7                 call    DELLP@BACKGRND
DELTA	DELTA		4	direct:4	0x0000E619	0x00004B62	CODE:00004B62                 sti     r0,@DELTA
DIAG_ACTIVE	DIAG_ACTIVE		4	direct:4	0x0000C969	0x00004B55	CODE:00004B55                 sti     r0,@DIAG_ACTIVE
DYNAFREE	DYNAFREE		4	direct:4	0x0000DB41	0x0000902A	CODE:0000902A                 ldi     @DYNAFREE,r0
FILSIZI@DIAG	FILSIZI	DIAG	4	direct:4	0x000006AE	0x000006BB	CODE:000006BB                 ldi     @FILSIZI@DIAG,r3
FLMSORTX@FLAME	FLMSORTX	FLAME	4	direct:4	0x0000AE4E	0x0000AE37	CODE:0000AE37                 be      FLMSORTX@FLAME
FLYCARPXX@COLLA	FLYCARPXX	COLLA	4	direct:4	0x00002558	0x0000248B	CODE:0000248B                 blt     FLYCARPXX@COLLA
FLYCARSLP@COLLA	FLYCARSLP	COLLA	4	direct:4	0x000024CA	0x00002487	CODE:00002487                 be      FLYCARSLP@COLLA
FLYCSLP@COLLA	FLYCSLP	COLLA	4	direct:4	0x0000237E	0x00002356	CODE:00002356                 bhs     FLYCSLP@COLLA
FLYCSTL@COLLA	FLYCSTL	COLLA	4	direct:4	0x00002530	0x000024E8	CODE:000024E8                 rptb    FLYCSTL@COLLA
FONTDIGITLG_A@TEXT	FONTDIGITLG_A	TEXT	4	direct:4	0x0000796E	0x000079A3	CODE:000079A3                 ldi     @FONTDIGITLG_A@TEXT,r0
FRAMRATE	FRAMRATE		4	direct:4	0x0000C961	0x00001551	CODE:00001551                 sti     r0,@FRAMRATE
GAMEDIFF	GAMEDIFF		4	direct:4	0x0000E669	0x0000178F	CODE:0000178F                 stf     r0,@GAMEDIFF
GAMEDIFF_CVTI@DIAG	GAMEDIFF_CVTI	DIAG	4	direct:4	0x00000EF9	0x00000ED2	CODE:00000ED2                 ldi     @GAMEDIFF_CVTI@DIAG,ar4
GETPEDAL@PLYR	GETPEDAL	PLYR	4	direct:4	0x00002E57	0x00002A7D	CODE:00002A7D                 call    GETPEDAL@PLYR
GETTHECAR@INTRO	GETTHECAR	INTRO	4	direct:4	0x00001A9F	0x00001AB3	CODE:00001AB3                 call    GETTHECAR@INTRO
GSX@MOTION	GSX	MOTION	4	direct:4	0x00004A3E	0x000049FC	CODE:000049FC                 bhs     GSX@MOTION
G_HEX@MOTION	G_HEX	MOTION	4	direct:4	0x00004A3F	0x00004A08	CODE:00004A08                 call    G_HEX@MOTION
G_READY@MOTION	G_READY	MOTION	4	direct:4	0x000049C9	0x000049DF	CODE:000049DF                 call    G_READY@MOTION
HIGHEST_ROADY@INFIN	HIGHEST_ROADY	INFIN	4	direct:4	0x0000E429	0x0000821A	CODE:0000821A                 stf     r6,@HIGHEST_ROADY@INFIN ; STPF
HIGHVAL@INFIN	HIGHVAL	INFIN	4	direct:4	0x0000825F	0x000083D9	CODE:000083D9                 cmpf    @HIGHVAL@INFIN,r0
INICC@COIN	INICC	COIN	4	direct:4	0x0000744C	0x00007437	CODE:00007437                 call    INICC@COIN
L12@BACKGRND	L12	BACKGRND	4	direct:4	0x000040B8	0x0000414C	CODE:0000414C                 bge     L12@BACKGRND
LASTDIPPLOT@DIAG	LASTDIPPLOT	DIAG	4	direct:4	0x0000EC0B	0x0000072A	CODE:0000072A                 sti     r0,@LASTDIPPLOT@DIAG
LASTSEC@HUD	LASTSEC	HUD	4	direct:4	0x0000E640	0x00009DC6	CODE:00009DC6                 ldi     @LASTSEC@HUD,r1
LINKEDP	LINKEDP		4	direct:4	0x0000C90E	0x0000174F	CODE:0000174F                 sti     r0,@LINKEDP
LLPPT@ERROR	LLPPT	ERROR	4	direct:4	0x0000AC08	0x0000ABD9	CODE:0000ABD9                 be      LLPPT@ERROR
MAINLOOP@CUSA	MAINLOOP	CUSA	4	direct:4	0x00004BD1	0x00004C1C	CODE:00004C1C                 bne     MAINLOOP@CUSA
MOTION_RCV_TIKS	MOTION_RCV_TIKS		4	direct:4	0x0000EB80	0x0000476B	CODE:0000476B                 ldi     @MOTION_RCV_TIKS,r0
MOTION_SAFETY_ON	MOTION_SAFETY_ON		4	direct:4	0x0000EB83	0x00001E33	CODE:00001E33                 sti     r0,@MOTION_SAFETY_ON
MOTION_STOP_HIT	MOTION_STOP_HIT		4	direct:4	0x0000EB7F	0x0000185E	CODE:0000185E                 sti     r0,@MOTION_STOP_HIT
MOVE_PLAYERS_LETTERS@HSTDP	MOVE_PLAYERS_LETTERS	HSTDP	4	direct:4	0x00003669	0x000034B4	CODE:000034B4                 call    MOVE_PLAYERS_LETTERS@HSTDP
MOVE_PRESSB@HSTDP	MOVE_PRESSB	HSTDP	4	direct:4	0x000035A4	0x000033B3	CODE:000033B3                 call    MOVE_PRESSB@HSTDP
MY_LINKWAIT	MY_LINKWAIT		4	direct:4	0x0000E5C4	0x0000167A	CODE:0000167A                 sti     r0,@MY_LINKWAIT
NOOVERLAYGROUP@BACKGRND	NOOVERLAYGROUP	BACKGRND	4	direct:4	0x00004199	0x0000415E	CODE:0000415E                 be      NOOVERLAYGROUP@BACKGRND
NOSL2DIE@SIGMA	NOSL2DIE	SIGMA	4	direct:4	0x0000A4A7	0x0000A497	CODE:0000A497                 be      NOSL2DIE@SIGMA  ; IFI
OM_ATTR_MODE	OM_ATTR_MODE		4	direct:4	0x0000C90B	0x00004C20	CODE:00004C20                 ldi     @OM_ATTR_MODE,ar2
OM_STATE	OM_STATE		4	direct:4	0x0000C909	0x0000766F	CODE:0000766F                 sti     r0,@OM_STATE
PACIFY_COUNT@COMP	PACIFY_COUNT	COMP	4	direct:4	0x0000E5FD	0x0000A2FC	CODE:0000A2FC                 ldi     @PACIFY_COUNT@COMP,r0
PALLISTI	PALLISTI		4	direct:4	0x00009EA9	0x00009EBB	CODE:00009EBB                 ldi     @PALLISTI,ar0
PALXFER_FREE@PALL	PALXFER_FREE	PALL	4	direct:4	0x0000CC40	0x00009FB2	CODE:00009FB2                 ldi     @PALXFER_FREE@PALL,ar0
PLOTPOLYLP@DIRQ	PLOTPOLYLP	DIRQ	4	direct:4	0x000002C0	0x000002A0	CODE:000002A0                 bud     PLOTPOLYLP@DIRQ
PLOTPOLYLP_1@DIRQ	PLOTPOLYLP_1	DIRQ	4	direct:4	0x000004C0	0x000004A3	CODE:000004A3                 bud     PLOTPOLYLP_1@DIRQ
PLYRBEHIND@COLLA	PLYRBEHIND	COLLA	4	direct:4	0x0000E5C0	0x00002728	CODE:00002728                 sti     r2,@PLYRBEHIND@COLLA
PSLAST@DIAG	PSLAST	DIAG	4	direct:4	0x0000EC10	0x00000BDD	CODE:00000BDD                 sti     r0,@PSLAST@DIAG
PSRT1NXT@OBJ	PSRT1NXT	OBJ	4	direct:4	0x00007208	0x000071F2	CODE:000071F2                 br      PSRT1NXT@OBJ
RAWLOCSI@PALL	RAWLOCSI	PALL	4	direct:4	0x00009EAA	0x00009EB7	CODE:00009EB7                 ldi     @RAWLOCSI@PALL,ar0
REPEAT_SW@DIAG	REPEAT_SW	DIAG	4	direct:4	0x0000EC11	0x00000F6A	CODE:00000F6A                 sti     r0,@REPEAT_SW@DIAG
REPEAT_TIME@DIAG	REPEAT_TIME	DIAG	4	direct:4	0x0000EC12	0x00000F68	CODE:00000F68                 sti     r0,@REPEAT_TIME@DIAG
ROADKILL_TABI@ROADKILL	ROADKILL_TABI	ROADKILL	4	direct:4	0x0000C65B	0x0000695F	CODE:0000695F                 addi    @ROADKILL_TABI@ROADKILL,ar3
ROT3D@DIRQ	ROT3D	DIRQ	4	direct:4	0x000000F6	0x000000EB	CODE:000000EB                 bne     ROT3D@DIRQ
RS301@COLLA	RS301	COLLA	4	direct:4	0x000020A8	0x00002099	CODE:00002099                 bge     RS301@COLLA
SBT_UPDT@DIAG	SBT_UPDT	DIAG	4	direct:4	0x00000B1A	0x00000B50	CODE:00000B50                 bge     SBT_UPDT@DIAG
SEND_BUFFER_AI	SEND_BUFFER_AI		4	direct:4	0x00007669	0x000076D2	CODE:000076D2                 ldi     @SEND_BUFFER_AI,ar3
SIGMA_DIE@SIGMA	SIGMA_DIE	SIGMA	4	direct:4	0x0000A533	0x0000A4D1	CODE:0000A4D1                 be      SIGMA_DIE@SIGMA
SIGN_LISTI	SIGN_LISTI		4	direct:4	0x00000058	0x000021ED	CODE:000021ED                 ldi     @SIGN_LISTI,ar1 ; LDPI
STEERMN	STEERMN		4	direct:4	0x0000E8CC	0x00001C6F	CODE:00001C6F                 addf    @STEERMN,r2
TEXT_ACTIVEI	TEXT_ACTIVEI		4	direct:4	0x0000796A	0x00007975	CODE:00007975                 ldi     @TEXT_ACTIVEI,r3
TIMERAMI@CUSA	TIMERAMI	CUSA	4	direct:4	0x00004F18	0x00004B6A	CODE:00004B6A                 ldi     @TIMERAMI@CUSA,ar0
TIMEX@CUSA	TIMEX	CUSA	4	direct:4	0x0000C975	0x00004F1D	CODE:00004F1D                 sti     ar0,@TIMEX@CUSA
tmpmatY	tmpmatY		4	direct:4	0x00000051	0x0000012D	CODE:0000012D                 ldi     @tmpmatY,ar4
VLI@COLLA	VLI	COLLA	4	direct:4	0x00001F86	0x00002033	CODE:00002033                 ldi     @VLI@COLLA,ar0  ; LDPI
VLINLP@COLLA	VLINLP	COLLA	4	direct:4	0x0000216A	0x0000213D	CODE:0000213D                 rptb    VLINLP@COLLA
VOLUME_ACTIVE	VOLUME_ACTIVE		4	direct:4	0x0000E59D	0x00004D44	CODE:00004D44                 sti     r0,@VOLUME_ACTIVE
VT@DIRQ	VT	DIRQ	4	direct:4	0x00000129	0x000000FC	CODE:000000FC                 bu      VT@DIRQ
ZOOMDD@PLYR	ZOOMDD	PLYR	4	direct:4	0x0000E89C	0x00002A40	CODE:00002A40                 stf     r0,@ZOOMDD@PLYR
ZOOMHD@PLYR	ZOOMHD	PLYR	4	direct:4	0x0000E89F	0x00002A41	CODE:00002A41                 stf     r0,@ZOOMHD@PLYR
ZSWTX@OBJ	ZSWTX	OBJ	4	direct:4	0x000071D4	0x000071B8	CODE:000071B8                 be      ZSWTX@OBJ
ABORT_QUERY@MOTION	ABORT_QUERY	MOTION	3	direct:3	0x0000EB81	0x0000473F	CODE:0000473F                 ldi     @ABORT_QUERY@MOTION,r0
ANGMOM@COLLA	ANGMOM	COLLA	3	direct:3	0x0000281D	0x000027D8	CODE:000027D8                 call    ANGMOM@COLLA
ASCERR@MOTION	ASCERR	MOTION	3	direct:3	0x00004A5D	0x00004A53	CODE:00004A53                 bge     ASCERR@MOTION
BACKCKX@PLYR	BACKCKX	PLYR	3	direct:3	0x00002F2B	0x00002F18	CODE:00002F18                 bne     BACKCKX@PLYR
BASICS_RAM@MEMTEST	BASICS_RAM	MEMTEST	3	map:3	0x00809A7A	0x00009276	CODE:00009276                 ldi     @BASICS_RAM@MEMTEST,r0
BGD_ACTIVATE_TYCOGROUP@BACKGRND	BGD_ACTIVATE_TYCOGROUP	BACKGRND	3	direct:3	0x0000406B	0x00003FB3	CODE:00003FB3                 call    BGD_ACTIVATE_TYCOGROUP@BACKGRND
BLAHBLAH@HUD	BLAHBLAH	HUD	3	direct:3	0x00009D41	0x00009D2F	CODE:00009D2F                 be      BLAHBLAH@HUD
BONUS_WAIT_LP@PLYR	BONUS_WAIT_LP	PLYR	3	direct:3	0x0000297D	0x00002977	CODE:00002977                 bne     BONUS_WAIT_LP@PLYR
BUSTUP@DIRQ	BUSTUP	DIRQ	3	direct:3	0x000003BD	0x0000036B	CODE:0000036B                 bud     BUSTUP@DIRQ
BUTTON_TIK@CUSA	BUTTON_TIK	CUSA	3	direct:3	0x0000C9AD	0x00005001	CODE:00005001                 ldi     @BUTTON_TIK@CUSA,r0 ; alts: DASHLIGHT@CUSA
byte_809855	byte_809855		3	direct:3	0x00809855	0x000067F0	CODE:000067F0                 ldf     @byte_809855,r7
byte_809857	byte_809857		3	direct:3	0x00809857	0x000067EF	CODE:000067EF                 negf    @byte_809857,r6
byte_8099E0	byte_8099E0		3	direct:3	0x008099E0	0x00004C13	CODE:00004C13                 sti     r0,@byte_8099E0
byte_8099E1	byte_8099E1		3	direct:3	0x008099E1	0x00004B04	CODE:00004B04                 sti     r0,@byte_8099E1
byte_80C8FD	byte_80C8FD		3	direct:3	0x0080C8FD	0x000017B1	CODE:000017B1                 sti     r0,@byte_80C8FD
byte_983963	byte_983963		3	direct:3	0x00983963	0x000032ED	CODE:000032ED                 addi    @byte_983963,r0
byte_98C8F5	byte_98C8F5		3	direct:3	0x0098C8F5	0x0000066D	CODE:0000066D                 sti     r0,@byte_98C8F5
byte_98E91C	byte_98E91C		3	direct:3	0x0098E91C	0x0000AF86	CODE:0000AF86                 sti     r0,@byte_98E91C ; STPI
byte_98EA77	byte_98EA77		3	direct:3	0x0098EA77	0x000031F4	CODE:000031F4                 sti     r0,@byte_98EA77
byte_99E634	byte_99E634		3	direct:3	0x0099E634	0x00001D2B	CODE:00001D2B                 sti     r0,@byte_99E634
byte_C90F	byte_C90F		3	direct:3	0x0000C90F	0x00006D8E	CODE:00006D8E                 ldi     @byte_C90F,r1
byte_E4A2	byte_E4A2		3	direct:3	0x0000E4A2	0x000041CB	CODE:000041CB                 sti     ar0,@byte_E4A2  ; STPI
byte_E4AD	byte_E4AD		3	direct:3	0x0000E4AD	0x000018E0	CODE:000018E0                 ldi     @byte_E4AD,r0
byte_E56B	byte_E56B		3	direct:3	0x0000E56B	0x000039D5	CODE:000039D5                 sti     r0,@byte_E56B
byte_E5C3	byte_E5C3		3	direct:3	0x0000E5C3	0x00003A55	CODE:00003A55                 sti     r0,@byte_E5C3
byte_E62E	byte_E62E		3	direct:3	0x0000E62E	0x00003867	CODE:00003867                 sti     r0,@byte_E62E
byte_E668	byte_E668		3	direct:3	0x0000E668	0x00001C67	CODE:00001C67                 float   @byte_E668,r1
byte_E66D	byte_E66D		3	direct:3	0x0000E66D	0x0000161D	CODE:0000161D                 ldi     @byte_E66D,r0
byte_E87B	byte_E87B		3	direct:3	0x0000E87B	0x00001AE2	CODE:00001AE2                 sti     r0,@byte_E87B
byte_E87D	byte_E87D		3	direct:3	0x0000E87D	0x00001CBD	CODE:00001CBD                 sti     r0,@byte_E87D
byte_E913	byte_E913		3	direct:3	0x0000E913	0x00003B3C	CODE:00003B3C                 sti     r0,@byte_E913
byte_EA73	byte_EA73		3	direct:3	0x0000EA73	0x0000617B	CODE:0000617B                 sti     r0,@byte_EA73
byte_EA74	byte_EA74		3	direct:3	0x0000EA74	0x0000617D	CODE:0000617D                 sti     r0,@byte_EA74
byte_EA75	byte_EA75		3	direct:3	0x0000EA75	0x0000617F	CODE:0000617F                 sti     r0,@byte_EA75
CAM1XX@PLYR	CAM1XX	PLYR	3	direct:3	0x00002BF4	0x00002BEA	CODE:00002BEA                 bhs     CAM1XX@PLYR
CAM3RD0@PLYR	CAM3RD0	PLYR	3	direct:3	0x00002B26	0x00002B03	CODE:00002B03                 blt     CAM3RD0@PLYR
CAMOK@PLYR	CAMOK	PLYR	3	direct:3	0x00002B2C	0x00002B15	CODE:00002B15                 be      CAMOK@PLYR
CARSLP@DELTA	CARSLP	DELTA	3	direct:3	0x0000AEF8	0x0000AEE0	CODE:0000AEE0                 be      CARSLP@DELTA
CAR_LISTI	CAR_LISTI		3	direct:3	0x00000057	0x000025EA	CODE:000025EA                 ldi     @CAR_LISTI,ar1
CHEATACC@PLYR	CHEATACC	PLYR	3	direct:3	0x0000E8AD	0x00002A57	CODE:00002A57                 stf     r0,@CHEATACC@PLYR
CKBOUNCE@COLLA	CKBOUNCE	COLLA	3	direct:3	0x00002824	0x00002777	CODE:00002777                 call    CKBOUNCE@COLLA
COLDISP0@COLLA	COLDISP0	COLLA	3	direct:3	0x000026A2	0x0000268D	CODE:0000268D                 bne     COLDISP0@COLLA
COLPOINT@COLLA	COLPOINT	COLLA	3	direct:3	0x00002207	0x000021EB	CODE:000021EB                 bu      COLPOINT@COLLA
COMM_DRONE_PTR	COMM_DRONE_PTR		3	direct:3	0x0000C9BB	0x00004BF5	CODE:00004BF5                 ldi     @COMM_DRONE_PTR,r0
CSERROR3@COMM	CSERROR3	COMM	3	direct:3	0x000081FF	0x00008155	CODE:00008155                 bne     CSERROR3@COMM
CSPLP@ROADKILL	CSPLP	ROADKILL	3	direct:3	0x00006A1C	0x00006A20	CODE:00006A20                 bhs     CSPLP@ROADKILL
CWI@COIN	CWI	COIN	3	direct:3	0x0000746E	0x00007568	CODE:00007568                 ldi     @CWI@COIN,ar1
CWSI@COIN	CWSI	COIN	3	direct:3	0x00007471	0x0000756C	CODE:0000756C                 ldile   @CWSI@COIN,ar1
DD_SLP	DD_SLP		3	direct:3	0x0000E622	0x00006786	CODE:00006786                 sti     r0,@DD_SLP
DD_VAR	DD_VAR		3	direct:3	0x0000E623	0x00006788	CODE:00006788                 sti     r0,@DD_VAR
DEERANII@ROADKILL	DEERANII	ROADKILL	3	direct:3	0x0000C660	0x00006A62	CODE:00006A62                 ldi     @DEERANII@ROADKILL,ar6
DN_PAGE@CUSA	DN_PAGE	CUSA	3	direct:3	0x00004CA0	0x00004C8E	CODE:00004C8E                 be      DN_PAGE@CUSA
DRONEPT1@COLLA	DRONEPT1	COLLA	3	direct:3	0x00002203	0x000021F7	CODE:000021F7                 be      DRONEPT1@COLLA
DSDONE@OBJ	DSDONE	OBJ	3	direct:3	0x00007277	0x00007266	CODE:00007266                 bge     DSDONE@OBJ
DSPLP@ROADKILL	DSPLP	ROADKILL	3	direct:3	0x00006A51	0x00006A55	CODE:00006A55                 bhs     DSPLP@ROADKILL
DUAL_VALUE@DIAG	DUAL_VALUE	DIAG	3	direct:3	0x00000E7D	0x00000E48	CODE:00000E48                 call    DUAL_VALUE@DIAG
ENGVOL@PLYR	ENGVOL	PLYR	3	direct:3	0x0000E8C7	0x000029A2	CODE:000029A2                 sti     r0,@ENGVOL@PLYR
FARLP@BONUS	FARLP	BONUS	3	direct:3	0x00003F64	0x00003F6C	CODE:00003F6C                 bu      FARLP@BONUS
FIRST_RACE	FIRST_RACE		3	map:3	0x0000E667	0x000017C5	CODE:000017C5                 ldi     @FIRST_RACE,r0
FLYCARSTOP@COLLA	FLYCARSTOP	COLLA	3	direct:3	0x000024CF	0x000024BB	CODE:000024BB                 blt     FLYCARSTOP@COLLA
FLYCSTP0@COLLA	FLYCSTP0	COLLA	3	direct:3	0x00002519	0x00002508	CODE:00002508                 bgt     FLYCSTP0@COLLA
FLY_PARTS@ROADKILL	FLY_PARTS	ROADKILL	3	direct:3	0x00006B04	0x00006AAC	CODE:00006AAC                 call    FLY_PARTS@ROADKILL
GETBOX@COLLA	GETBOX	COLLA	3	direct:3	0x000028A8	0x00002222	CODE:00002222                 call    GETBOX@COLLA
GETSK1@PLYR	GETSK1	PLYR	3	direct:3	0x00002CC3	0x00002CB8	CODE:00002CB8                 blt     GETSK1@PLYR
HIDDEN_ON	HIDDEN_ON		3	direct:3	0x0000EA60	0x00006DB1	CODE:00006DB1                 sti     r0,@HIDDEN_ON
HMER@DIAG	HMER	DIAG	3	direct:3	0x00000A52	0x000006A7	CODE:000006A7                 bu      HMER@DIAG
IFRAMES@CUSA	IFRAMES	CUSA	3	direct:3	0x0000C962	0x00004C91	CODE:00004C91                 sti     r0,@IFRAMES@CUSA
INIT_SPARKX@SMOKE	INIT_SPARKX	SMOKE	3	direct:3	0x000085DA	0x00008597	CODE:00008597                 be      INIT_SPARKX@SMOKE
ISCANNXT@OBJ	ISCANNXT	OBJ	3	direct:3	0x000072BD	0x000072A1	CODE:000072A1                 bud     ISCANNXT@OBJ
ISON@DIAG	ISON	DIAG	3	direct:3	0x0000C830	0x00000945	CODE:00000945                 ldie    @ISON@DIAG,ar2
ISTRUE@WAVE	ISTRUE	WAVE	3	direct:3	0x00009373	0x0000936C	CODE:0000936C                 be      ISTRUE@WAVE
itoa1@FONT1A	itoa1	FONT1A	3	direct:3	0x0000A79E	0x0000A78A	CODE:0000A78A                 bgt     itoa1@FONT1A
JJ88@CUSA	JJ88	CUSA	3	direct:3	0x00004CBB	0x00004CAF	CODE:00004CAF                 be      JJ88@CUSA
LASTSHIFT@DIAG	LASTSHIFT	DIAG	3	direct:3	0x0000EC04	0x0000072B	CODE:0000072B                 sti     r0,@LASTSHIFT@DIAG
LATCHED_ERROR@MOTION	LATCHED_ERROR	MOTION	3	direct:3	0x0000EBE7	0x0000460E	CODE:0000460E                 ldi     @LATCHED_ERROR@MOTION,r0
LLED_OFF@MEMTEST	LLED_OFF	MEMTEST	3	direct:3	0x00006353	0x00006369	CODE:00006369                 call    LLED_OFF@MEMTEST
LLED_ON@MEMTEST	LLED_ON	MEMTEST	3	direct:3	0x0000634C	0x00006363	CODE:00006363                 call    LLED_ON@MEMTEST
LOOP@INFIN	LOOP	INFIN	3	direct:3	0x000082A3	0x000082A5	CODE:000082A5                 bne     LOOP@INFIN
MULTI_VALUE_STEP@DIAG	MULTI_VALUE_STEP	DIAG	3	direct:3	0x00000F5B	0x00000ED4	CODE:00000ED4                 call    MULTI_VALUE_STEP@DIAG
NCHNG@DIAG	NCHNG	DIAG	3	direct:3	0x00000EBE	0x00000EB9	CODE:00000EB9                 be      NCHNG@DIAG
NEXTPRC@MPROC	NEXTPRC	MPROC	3	direct:3	0x0000A8AC	0x0000A89E	CODE:0000A89E                 bu      NEXTPRC@MPROC
NO@DIAG	NO	DIAG	3	direct:3	0x00000E4F	0x00000C9A	CODE:00000C9A                 ldie    @NO@DIAG,ar2
NOCLIPPING@INFIN	NOCLIPPING	INFIN	3	direct:3	0x00008306	0x000082AE	CODE:000082AE                 bne     NOCLIPPING@INFIN
NODOHOTTIME@BONUS	NODOHOTTIME	BONUS	3	direct:3	0x00003AB8	0x00003AAC	CODE:00003AAC                 bne     NODOHOTTIME@BONUS
NOSOUND_FX@SND	NOSOUND_FX	SND	3	direct:3	0x000091E7	0x000091CA	CODE:000091CA                 blt     NOSOUND_FX@SND
NOSPUTSND@PLYR	NOSPUTSND	PLYR	3	direct:3	0x0000311D	0x00003111	CODE:00003111                 bge     NOSPUTSND@PLYR
NOSTART@CUSA	NOSTART	CUSA	3	direct:3	0x00004E83	0x00004E74	CODE:00004E74                 be      NOSTART@CUSA
NOT1ST@BONUS	NOT1ST	BONUS	3	direct:3	0x00003B77	0x00003B61	CODE:00003B61                 bne     NOT1ST@BONUS
NOTASEC@CUSA	NOTASEC	CUSA	3	direct:3	0x00004CC6	0x00004CA9	CODE:00004CA9                 blt     NOTASEC@CUSA
NOT_F6@SND	NOT_F6	SND	3	direct:3	0x000092D2	0x000092B8	CODE:000092B8                 bu      NOT_F6@SND
NO_EPALS@DRONES	NO_EPALS	DRONES	3	direct:3	0x000066CF	0x000066BE	CODE:000066BE                 be      NO_EPALS@DRONES
NO_RESPONSE@MOTION	NO_RESPONSE	MOTION	3	direct:3	0x00004A71	0x00004A6D	CODE:00004A6D                 be      NO_RESPONSE@MOTION
NXTLP1@DRONES	NXTLP1	DRONES	3	direct:3	0x00006610	0x000065E6	CODE:000065E6                 bne     NXTLP1@DRONES
OBJ_DELETE_HIGH_PRIORITY@BONUS	OBJ_DELETE_HIGH_PRIORITY	BONUS	3	direct:3	0x00003A2C	0x00003A26	CODE:00003A26                 call    OBJ_DELETE_HIGH_PRIORITY@BONUS
OBJ_FIND_NEXT@HSTDP	OBJ_FIND_NEXT	HSTDP	3	direct:3	0x000036C7	0x000033B1	CODE:000033B1                 call    OBJ_FIND_NEXT@HSTDP
OBJ_TAG@HSTDP	OBJ_TAG	HSTDP	3	direct:3	0x00003702	0x0000370C	CODE:0000370C                 br      OBJ_TAG@HSTDP
OLDDIP@AUDITS	OLDDIP	AUDITS	3	direct:3	0x0000EC16	0x0000151E	CODE:0000151E                 sti     r0,@OLDDIP@AUDITS
OLDPLYAIR@PLYR	OLDPLYAIR	PLYR	3	direct:3	0x0000E8AA	0x000029A0	CODE:000029A0                 sti     r0,@OLDPLYAIR@PLYR
OLD_BUTTON_STATUS	OLD_BUTTON_STATUS		3	direct:3	0x0000C973	0x00004E85	CODE:00004E85                 cmpi    @OLD_BUTTON_STATUS,r0
OLD_MOTION_CODE@DIAG	OLD_MOTION_CODE	DIAG	3	direct:3	0x0000EC13	0x000013E0	CODE:000013E0                 sti     r0,@OLD_MOTION_CODE@DIAG
OLOW_PRIORITY	OLOW_PRIORITY		3	direct:3	0x0000C9B6	0x00007021	CODE:00007021                 sti     r0,@OLOW_PRIORITY
OM_BONUS_WAITFLAG	OM_BONUS_WAITFLAG		3	direct:3	0x0000C915	0x0000168E	CODE:0000168E                 ldi     @OM_BONUS_WAITFLAG,r0
OM_VEHICLE	OM_VEHICLE		3	direct:3	0x0000C908	0x0000163E	CODE:0000163E                 ldi     @OM_VEHICLE,r0
OSCANNXT@OBJ	OSCANNXT	OBJ	3	direct:3	0x00007294	0x0000727F	CODE:0000727F                 bud     OSCANNXT@OBJ
PACTIVE	PACTIVE		3	direct:3	0x0000C9B0	0x0000A87F	CODE:0000A87F                 ldi     @PACTIVE,r0
PALTR0@PALL	PALTR0	PALL	3	direct:3	0x00009ECA	0x00009EDF	CODE:00009EDF                 bu      PALTR0@PALL
PEDALMN	PEDALMN		3	direct:3	0x0000E8CA	0x00001C5D	CODE:00001C5D                 fix     @PEDALMN,r1
PLAIRTIM@PLYR	PLAIRTIM	PLYR	3	direct:3	0x0000E8AC	0x000029A1	CODE:000029A1                 sti     r0,@PLAIRTIM@PLYR
PLT1PAL1@DIRQ	PLT1PAL1	DIRQ	3	direct:3	0x00000515	0x00000507	CODE:00000507                 bltd    PLT1PAL1@DIRQ
PLYRFIRST	PLYRFIRST		3	direct:3	0x0000E8AB	0x00002A54	CODE:00002A54                 sti     r0,@PLYRFIRST
PMULT@COLLA	PMULT	COLLA	3	direct:3	0x0000E5BE	0x00002602	CODE:00002602                 stf     r0,@PMULT@COLLA
POLYLP@DIRQ	POLYLP	DIRQ	3	direct:3	0x000002FD	0x000002D3	CODE:000002D3                 bltd    POLYLP@DIRQ
POLYLP_1@DIRQ	POLYLP_1	DIRQ	3	direct:3	0x000004FC	0x000004D3	CODE:000004D3                 bltd    POLYLP_1@DIRQ
POSTERMATI	POSTERMATI		3	direct:3	0x0000004D	0x0000006B	CODE:0000006B                 ldi     @POSTERMATI,ar2
PR5A@HSTDP	PR5A	HSTDP	3	direct:3	0x00003529	0x00003517	CODE:00003517                 bne     PR5A@HSTDP
PRR_ONRITE@DRONES	PRR_ONRITE	DRONES	3	direct:3	0x00006843	0x00006821	CODE:00006821                 be      PRR_ONRITE@DRONES
RAMTEST@MEMTEST	RAMTEST	MEMTEST	3	direct:3	0x00006527	0x00006317	CODE:00006317                 call    RAMTEST@MEMTEST
RAND	RAND		3	direct:3	0x0000C8FE	0x00004B6E	CODE:00004B6E                 sti     r0,@RAND
REAL_CHECKPOINTS	REAL_CHECKPOINTS		3	direct:3	0x0000E899	0x0000185D	CODE:0000185D                 sti     r0,@REAL_CHECKPOINTS
RECEIVE_BUFFERI	RECEIVE_BUFFERI		3	direct:3	0x00007F4F	0x00007684	CODE:00007684                 ldi     @RECEIVE_BUFFERI,ar2
REVFLG@PLYR	REVFLG	PLYR	3	direct:3	0x0000E8A4	0x000030A4	CODE:000030A4                 ldi     @REVFLG@PLYR,r0
ROADKILL_SOUND_TIMER	ROADKILL_SOUND_TIMER		3	direct:3	0x0000E91F	0x00001863	CODE:00001863                 stf     r0,@ROADKILL_SOUND_TIMER
SAVE_DECOMP_REGS@COMP	SAVE_DECOMP_REGS	COMP	3	direct:3	0x0000A39F	0x0000A33C	CODE:0000A33C                 call    SAVE_DECOMP_REGS@COMP
SCORE	SCORE		3	map:3	0x0000E636	0x000032DD	CODE:000032DD                 ldi     @SCORE,r0
SCREEN0I@UTIL	SCREEN0I	UTIL	3	direct:3	0x00008E73	0x00008E83	CODE:00008E83                 ldi     @SCREEN0I@UTIL,r0
SCREEN1I@UTIL	SCREEN1I	UTIL	3	direct:3	0x00008E74	0x00008E78	CODE:00008E78                 ldi     @SCREEN1I@UTIL,r0
SEND_MOTOR_OFF_NO_RESET@MOTION	SEND_MOTOR_OFF_NO_RESET	MOTION	3	direct:3	0x00004626	0x00004655	CODE:00004655                 call    SEND_MOTOR_OFF_NO_RESET@MOTION
SHLOOP@ROADBLCK	SHLOOP	ROADBLCK	3	direct:3	0x0000AFDD	0x0000AFE3	CODE:0000AFE3                 be      SHLOOP@ROADBLCK
SHOWENCODER@MOTION	SHOWENCODER	MOTION	3	direct:3	0x00004A1D	0x00004A14	CODE:00004A14                 bu      SHOWENCODER@MOTION
SHOW_VOLUME@DIAG	SHOW_VOLUME	DIAG	3	direct:3	0x00000DBA	0x00000D81	CODE:00000D81                 call    SHOW_VOLUME@DIAG
SIGMASLP@SIGMA	SIGMASLP	SIGMA	3	direct:3	0x0000A516	0x0000A47E	CODE:0000A47E                 be      SIGMASLP@SIGMA
SKIDX@PLYR	SKIDX	PLYR	3	direct:3	0x00003101	0x000030F1	CODE:000030F1                 bu      SKIDX@PLYR
SNDLDX@SND	SNDLDX	SND	3	direct:3	0x00009232	0x00009218	CODE:00009218                 bne     SNDLDX@SND
SNDTABI	SNDTABI		3	direct:3	0x000090CE	0x000091C6	CODE:000091C6                 addi    @SNDTABI,ar2
SNDUPD@SND	SNDUPD	SND	3	direct:3	0x000092EF	0x000091DE	CODE:000091DE                 call    SNDUPD@SND
SOFTVEL@PLYR	SOFTVEL	PLYR	3	direct:3	0x00003015	0x00003004	CODE:00003004                 bu      SOFTVEL@PLYR
SOFTVELX@PLYR	SOFTVELX	PLYR	3	direct:3	0x00003030	0x00003003	CODE:00003003                 blt     SOFTVELX@PLYR
SORT_SMOKEX@SMOKE	SORT_SMOKEX	SMOKE	3	direct:3	0x00008592	0x00008576	CODE:00008576                 bhs     SORT_SMOKEX@SMOKE
SPCI@COIN	SPCI	COIN	3	direct:3	0x0000746A	0x00007565	CODE:00007565                 ldi     @SPCI@COIN,ar1
SPINBOUNCE@COLLA	SPINBOUNCE	COLLA	3	direct:3	0x000027A6	0x00002779	CODE:00002779                 bu      SPINBOUNCE@COLLA
STEERFR	STEERFR		3	direct:3	0x0000E8D1	0x00001C68	CODE:00001C68                 ldf     @STEERFR,r0
TEASE_COUNT	TEASE_COUNT		3	direct:3	0x0000C916	0x00001DA5	CODE:00001DA5                 ldi     @TEASE_COUNT,r0
TEXT_FREEI	TEXT_FREEI		3	direct:3	0x00007969	0x00007974	CODE:00007974                 ldi     @TEXT_FREEI,r2
TIMEFRAME@CUSA	TIMEFRAME	CUSA	3	direct:3	0x0000C974	0x00004F20	CODE:00004F20                 ldf     @TIMEFRAME@CUSA,r0
TIMER_CNTL1@CUSA	TIMER_CNTL1	CUSA	3	set:3	0x00808020	0x00004B65	CODE:00004B65                 sti     r0,@TIMER_CNTL1@CUSA ; Timer 0 global control
TOO_MANY_SPARKS@SMOKE	TOO_MANY_SPARKS	SMOKE	3	direct:3	0x00008709	0x00008598	CODE:00008598                 call    TOO_MANY_SPARKS@SMOKE
transvectorYI	transvectorYI		3	direct:3	0x0000004C	0x000000A9	CODE:000000A9                 ldi     @transvectorYI,ar6
TRKP2@DRONES	TRKP2	DRONES	3	direct:3	0x00006725	0x0000670D	CODE:0000670D                 bu      TRKP2@DRONES
TWOPII	TWOPII		3	direct:3	0x00009552	0x0000826E	CODE:0000826E                 cmpf    @TWOPII,r2
WHITE10FNT@COIN	WHITE10FNT	COIN	3	direct:3	0x00007536	0x00007507	CODE:00007507                 call    WHITE10FNT@COIN
WHLOLD@PLYR	WHLOLD	PLYR	3	direct:3	0x0000E8C9	0x0000304C	CODE:0000304C                 ldi     @WHLOLD@PLYR,r5
WHLTIM@PLYR	WHLTIM	PLYR	3	direct:3	0x0000E8C8	0x0000304B	CODE:0000304B                 ldi     @WHLTIM@PLYR,r3
YES@DIAG	YES	DIAG	3	direct:3	0x00000E4E	0x00000C97	CODE:00000C97                 ldi     @YES@DIAG,ar2
ZOOMHG@PLYR	ZOOMHG	PLYR	3	direct:3	0x0000E8A0	0x00002A44	CODE:00002A44                 stf     r0,@ZOOMHG@PLYR
ZOOMUP@PLYR	ZOOMUP	PLYR	3	direct:3	0x00002EE6	0x0000297F	CODE:0000297F                 call    ZOOMUP@PLYR
ZSORTX@OBJ	ZSORTX	OBJ	3	direct:3	0x00007319	0x00007301	CODE:00007301                 be      ZSORTX@OBJ
ZSORTXP@OBJ	ZSORTXP	OBJ	3	direct:3	0x000072FA	0x000072E2	CODE:000072E2                 be      ZSORTXP@OBJ
_AIVI	_AIVI		3	direct:3	0x0000EA72	0x00006179	CODE:00006179                 sti     r0,@_AIVI
_onebut@DIAG	_onebut	DIAG	3	direct:3	0x0000EC03	0x00000729	CODE:00000729                 sti     r0,@_onebut@DIAG
_opot0@DIAG	_opot0	DIAG	3	direct:3	0x0000EC00	0x00000726	CODE:00000726                 sti     r0,@_opot0@DIAG
_opot1@DIAG	_opot1	DIAG	3	direct:3	0x0000EC01	0x00000727	CODE:00000727                 sti     r0,@_opot1@DIAG
_opot2@DIAG	_opot2	DIAG	3	direct:3	0x0000EC02	0x00000728	CODE:00000728                 sti     r0,@_opot2@DIAG
ACTIVEHI@OBJ	ACTIVEHI	OBJ	2	direct:2	0x0000727E	0x000070C6	CODE:000070C6                 cmpi    @ACTIVEHI@OBJ,r0
ADJUST_ROLLERS@HSTDP	ADJUST_ROLLERS	HSTDP	2	direct:2	0x0000362E	0x00003374	CODE:00003374                 call    ADJUST_ROLLERS@HSTDP
AHEADOF@DRONES	AHEADOF	DRONES	2	direct:2	0x00006941	0x00006927	CODE:00006927                 blt     AHEADOF@DRONES
AMOUNT_CLIPPED@INFIN	AMOUNT_CLIPPED	INFIN	2	direct:2	0x0000E42C	0x0000828F	CODE:0000828F                 stf     r0,@AMOUNT_CLIPPED@INFIN
AREUSURE@DIAG	AREUSURE	DIAG	2	direct:2	0x00000E53	0x00000E55	CODE:00000E55                 ldi     @AREUSURE@DIAG,ar3
ASCIIHEX@MOTION	ASCIIHEX	MOTION	2	direct:2	0x00004A52	0x00004A45	CODE:00004A45                 call    ASCIIHEX@MOTION
ASK_YES_NO@DIAG	ASK_YES_NO	DIAG	2	direct:2	0x00000E77	0x00000FEC	CODE:00000FEC                 call    ASK_YES_NO@DIAG
BABA66@INTRO	BABA66	INTRO	2	direct:2	0x0000189C	0x00001898	CODE:00001898                 bne     BABA66@INTRO
BABA@COMM	BABA	COMM	2	direct:2	0x00007F5A	0x00007F54	CODE:00007F54                 bne     BABA@COMM
BABA@INTRO	BABA	INTRO	2	direct:2	0x000018D6	0x000018D1	CODE:000018D1                 bne     BABA@INTRO
BABA@PLYR	BABA	PLYR	2	direct:2	0x00002A1E	0x00002A19	CODE:00002A19                 bne     BABA@PLYR
BABADUY@INTRO	BABADUY	INTRO	2	direct:2	0x00001A09	0x00001A04	CODE:00001A04                 bne     BABADUY@INTRO
BLINK_DIGITS@MEMTEST	BLINK_DIGITS	MEMTEST	2	direct:2	0x0000635A	0x00006340	CODE:00006340                 call    BLINK_DIGITS@MEMTEST
BOOKX2@ERROR	BOOKX2	ERROR	2	direct:2	0x0000AC23	0x0000AC21	CODE:0000AC21                 be      BOOKX2@ERROR
BOOKX@AUDITS	BOOKX	AUDITS	2	direct:2	0x00001549	0x0000152D	CODE:0000152D                 be      BOOKX@AUDITS
BOOKX@ERROR	BOOKX	ERROR	2	direct:2	0x0000AC28	0x0000AC0B	CODE:0000AC0B                 be      BOOKX@ERROR
BOXSCRAMI	BOXSCRAMI		2	direct:2	0x00001FB5	0x00001FB7	CODE:00001FB7                 ldi     @BOXSCRAMI,ar2  ; LDPI
BOXSCSUB@COLLA	BOXSCSUB	COLLA	2	direct:2	0x00001FCF	0x00001FC3	CODE:00001FC3                 call    BOXSCSUB@COLLA
BUT3@CUSA	BUT3	CUSA	2	direct:2	0x00004E72	0x00004E65	CODE:00004E65                 bne     BUT3@CUSA
BUTTON_IBO@CUSA	BUTTON_IBO	CUSA	2	direct:2	0x0000C9AC	0x00005009	CODE:00005009                 ldi     @BUTTON_IBO@CUSA,r0
byte_18A4	byte_18A4		2	direct:2	0x000018A4	0x00001A2B	CODE:00001A2B                 ldi     @byte_18A4,ar4
byte_18A5	byte_18A5		2	direct:2	0x000018A5	0x000018AB	CODE:000018AB                 addi    @byte_18A5,ar0
byte_1F3C	byte_1F3C		2	direct:2	0x00001F3C	0x00001F2A	CODE:00001F2A                 ldi     @byte_1F3C,ar4
byte_3963	byte_3963		2	direct:2	0x00003963	0x00003B07	CODE:00003B07                 addi    @byte_3963,ar0
byte_6FF0	byte_6FF0		2	direct:2	0x00006FF0	0x00006E08	CODE:00006E08                 addi    @byte_6FF0,ar2
byte_80005A	byte_80005A		2	direct:2	0x0080005A	0x00001842	CODE:00001842                 ldi     @byte_80005A,ar2
byte_809810	byte_809810		2	direct:2	0x00809810	0x0000708F	CODE:0000708F                 mpyf    @byte_809810,r1
byte_809A16	byte_809A16		2	direct:2	0x00809A16	0x000080C2	CODE:000080C2                 ldi     @byte_809A16,r0 ; INCM
byte_809A17	byte_809A17		2	direct:2	0x00809A17	0x000080A5	CODE:000080A5                 ldi     @byte_809A17,r0 ; INCM
byte_809A18	byte_809A18		2	direct:2	0x00809A18	0x0000820B	CODE:0000820B                 ldi     @byte_809A18,r0 ; INCM
byte_809A19	byte_809A19		2	direct:2	0x00809A19	0x000081EF	CODE:000081EF                 ldi     @byte_809A19,r0 ; INCM
byte_8C3A	byte_8C3A		2	direct:2	0x00008C3A	0x000018A7	CODE:000018A7                 addi    @byte_8C3A,ar0
byte_98C91A	byte_98C91A		2	direct:2	0x0098C91A	0x0000B016	CODE:0000B016                 ldf     @byte_98C91A,r2
byte_98C91C	byte_98C91C		2	direct:2	0x0098C91C	0x0000B01D	CODE:0000B01D                 ldf     @byte_98C91C,r1
byte_98E8CA	byte_98E8CA		2	direct:2	0x0098E8CA	0x0000322A	CODE:0000322A                 ldf     @byte_98E8CA,r0
byte_98EA78	byte_98EA78		2	direct:2	0x0098EA78	0x00003224	CODE:00003224                 stf     r0,@byte_98EA78
byte_98EA7A	byte_98EA7A		2	direct:2	0x0098EA7A	0x0000B011	CODE:0000B011                 stf     r2,@byte_98EA7A
byte_98EA7B	byte_98EA7B		2	direct:2	0x0098EA7B	0x0000B012	CODE:0000B012                 stf     r3,@byte_98EA7B
byte_990000	byte_990000		2	direct:2	0x00990000	0x00004F88	CODE:00004F88                 ldi     @byte_990000,r0
byte_991060	byte_991060		2	direct:2	0x00991060	0x00000BB5	CODE:00000BB5                 ldi     @byte_991060,r0
byte_999D0B	byte_999D0B		2	direct:2	0x00999D0B	0x00001D39	CODE:00001D39                 ldi     @byte_999D0B,ar2
byte_99EB82	byte_99EB82		2	direct:2	0x0099EB82	0x00001D1D	CODE:00001D1D                 sti     r1,@byte_99EB82
byte_99EB84	byte_99EB84		2	direct:2	0x0099EB84	0x0000479F	CODE:0000479F                 sti     r3,@byte_99EB84
byte_A12E	byte_A12E		2	direct:2	0x0000A12E	0x00003F80	CODE:00003F80                 ldi     @byte_A12E,ar1
byte_B172	byte_B172		2	direct:2	0x0000B172	0x0000ADFD	CODE:0000ADFD                 ldi     @byte_B172,ar1
byte_C71C	byte_C71C		2	direct:2	0x0000C71C	0x00006D35	CODE:00006D35                 ldi     @byte_C71C,ar2
byte_C8ED	byte_C8ED		2	direct:2	0x0000C8ED	0x0000B050	CODE:0000B050                 ldf     @byte_C8ED,r0
byte_C8EE	byte_C8EE		2	direct:2	0x0000C8EE	0x0000B05E	CODE:0000B05E                 mpyf    @byte_C8EE,r4
byte_C8EF	byte_C8EF		2	direct:2	0x0000C8EF	0x0000B062	CODE:0000B062                 ldf     @byte_C8EF,r1
byte_C8F0	byte_C8F0		2	direct:2	0x0000C8F0	0x0000B065	CODE:0000B065                 addf    @byte_C8F0,r0
byte_C8F1	byte_C8F1		2	direct:2	0x0000C8F1	0x0000B068	CODE:0000B068                 addf    @byte_C8F1,r0
byte_C8F2	byte_C8F2		2	direct:2	0x0000C8F2	0x0000B06B	CODE:0000B06B                 addf    @byte_C8F2,r0
byte_C910	byte_C910		2	direct:2	0x0000C910	0x00006D91	CODE:00006D91                 ldi     @byte_C910,r0
byte_C911	byte_C911		2	direct:2	0x0000C911	0x00001CC1	CODE:00001CC1                 sti     r0,@byte_C911
byte_C912	byte_C912		2	direct:2	0x0000C912	0x000039D1	CODE:000039D1                 ldi     @byte_C912,r0
byte_E437	byte_E437		2	direct:2	0x0000E437	0x00004095	CODE:00004095                 sti     r0,@byte_E437
byte_E439	byte_E439		2	direct:2	0x0000E439	0x0000403C	CODE:0000403C                 ldi     @byte_E439,ar2
byte_E4B0	byte_E4B0		2	direct:2	0x0000E4B0	0x00003998	CODE:00003998                 sti     r0,@byte_E4B0
byte_E5C7	byte_E5C7		2	direct:2	0x0000E5C7	0x0000162E	CODE:0000162E                 ldi     @byte_E5C7,r0
byte_E66E	byte_E66E		2	direct:2	0x0000E66E	0x00001A5C	CODE:00001A5C                 ldi     @byte_E66E,r0
byte_E66F	byte_E66F		2	direct:2	0x0000E66F	0x0000196C	CODE:0000196C                 sti     r0,@byte_E66F
byte_E87C	byte_E87C		2	direct:2	0x0000E87C	0x00001C9E	CODE:00001C9E                 sti     r0,@byte_E87C
byte_E880	byte_E880		2	direct:2	0x0000E880	0x00001E2D	CODE:00001E2D                 sti     r0,@byte_E880
byte_E898	byte_E898		2	direct:2	0x0000E898	0x000039B7	CODE:000039B7                 sti     r0,@byte_E898
byte_E929	byte_E929		2	direct:2	0x0000E929	0x000030B5	CODE:000030B5                 ldi     @byte_E929,r2
byte_E92E	byte_E92E		2	direct:2	0x0000E92E	0x000030F2	CODE:000030F2                 ldi     @byte_E92E,r2
byte_E932	byte_E932		2	direct:2	0x0000E932	0x000030B7	CODE:000030B7                 ldi     @byte_E932,r2
byte_E937	byte_E937		2	direct:2	0x0000E937	0x000030F5	CODE:000030F5                 ldi     @byte_E937,r2
byte_EA5D	byte_EA5D		2	direct:2	0x0000EA5D	0x00006DF4	CODE:00006DF4                 sti     ar2,@byte_EA5D
byte_F29	byte_F29		2	direct:2	0x00000F29	0x00000F23	CODE:00000F23                 ldi     @byte_F29,ar4
CALC_TOTAL_ELAPSED@HSTDP	CALC_TOTAL_ELAPSED	HSTDP	2	direct:2	0x0000330E	0x000032F1	CODE:000032F1                 calle   CALC_TOTAL_ELAPSED@HSTDP
CAMCHK@PLYR	CAMCHK	PLYR	2	direct:2	0x00002BB7	0x00002B14	CODE:00002B14                 call    CAMCHK@PLYR
CAMROT@PLYR	CAMROT	PLYR	2	direct:2	0x00002BBD	0x00002B17	CODE:00002B17                 call    CAMROT@PLYR
CARSCL@COLLA	CARSCL	COLLA	2	direct:2	0x00002218	0x0000220E	CODE:0000220E                 bgt     CARSCL@COLLA
CCLPX@INTRO	CCLPX	INTRO	2	direct:2	0x0000195A	0x00001949	CODE:00001949                 bne     CCLPX@INTRO
CCOLLX@ROADKILL	CCOLLX	ROADKILL	2	direct:2	0x00006967	0x00006959	CODE:00006959                 be      CCOLLX@ROADKILL
CHECKSUMGEN_ADJ@CMOS	CHECKSUMGEN_ADJ	CMOS	2	direct:2	0x000099F5	0x000099E9	CODE:000099E9                 call    CHECKSUMGEN_ADJ@CMOS
CHECKTHEREG@DIRQ	CHECKTHEREG	DIRQ	2	direct:2	0x000000FD	0x000000F7	CODE:000000F7                 be      CHECKTHEREG@DIRQ
CHECK_MOTION_ERROR@MOTION	CHECK_MOTION_ERROR	MOTION	2	direct:2	0x000049A7	0x000045B8	CODE:000045B8                 call    CHECK_MOTION_ERROR@MOTION
CHECK_OFFSET@ROADKILL	CHECK_OFFSET	ROADKILL	2	direct:2	0x00006968	0x00006961	CODE:00006961                 call    CHECK_OFFSET@ROADKILL
CHOSEN_TRANSMISSION	CHOSEN_TRANSMISSION		2	direct:2	0x0000E663	0x000029AF	CODE:000029AF                 ldi     @CHOSEN_TRANSMISSION,r0
CKBNCX@COLLA	CKBNCX	COLLA	2	direct:2	0x00002833	0x0000282A	CODE:0000282A                 blt     CKBNCX@COLLA
CKBND@PLYR	CKBND	PLYR	2	direct:2	0x00002F2C	0x00002F67	CODE:00002F67                 call    CKBND@PLYR
CLDSCAN@COLLA	CLDSCAN	COLLA	2	direct:2	0x0000260E	0x000021D8	CODE:000021D8                 call    CLDSCAN@COLLA
CLDSCL@COLLA	CLDSCL	COLLA	2	direct:2	0x00002628	0x00002614	CODE:00002614                 bned    CLDSCL@COLLA
CLIP@DIRQ	CLIP	DIRQ	2	direct:2	0x0000032F	0x00000305	CODE:00000305                 call    CLIP@DIRQ
CLIPCK@DIRQ	CLIPCK	DIRQ	2	direct:2	0x00000309	0x000002E7	CODE:000002E7                 call    CLIPCK@DIRQ
CLRSC01@UTIL	CLRSC01	UTIL	2	direct:2	0x00008EA9	0x00008EB4	CODE:00008EB4                 bu      CLRSC01@UTIL
CMERRORDEAD@COMM	CMERRORDEAD	COMM	2	direct:2	0x000080BE	0x00007FCD	CODE:00007FCD                 bu      CMERRORDEAD@COMM
CMERRORL@COMM	CMERRORL	COMM	2	direct:2	0x000080BD	0x00007FB0	CODE:00007FB0                 ble     CMERRORL@COMM
CMOS_CHIP_TEST@MEMTEST	CMOS_CHIP_TEST	MEMTEST	2	direct:2	0x0000642E	0x000063FB	CODE:000063FB                 call    CMOS_CHIP_TEST@MEMTEST
CMSX@COLLA	CMSX	COLLA	2	direct:2	0x00001FAD	0x00001F8F	CODE:00001F8F                 be      CMSX@COLLA
COFFX@ROADKILL	COFFX	ROADKILL	2	direct:2	0x00006982	0x00006964	CODE:00006964                 be      COFFX@ROADKILL
COINMSGC_TABI@COINTAB	COINMSGC_TABI	COINTAB	2	direct:2	0x0000B0B4	0x00000A21	CODE:00000A21                 addi    @COINMSGC_TABI@COINTAB,ar2
COINOFF	COINOFF		2	direct:2	0x0000E571	0x0000748B	CODE:0000748B                 ldi     @COINOFF,r0
COLDISP@COLLA	COLDISP	COLLA	2	direct:2	0x00002645	0x00002603	CODE:00002603                 bu      COLDISP@COLLA
COLONI@MAP	COLONI	MAP	2	direct:2	0x000060C0	0x000060CF	CODE:000060CF                 ldi     @COLONI@MAP,ar1
COLSCL0@COLLA	COLSCL0	COLLA	2	direct:2	0x00002604	0x000025E8	CODE:000025E8                 bud     COLSCL0@COLLA
COLSCL@COLLA	COLSCL	COLLA	2	direct:2	0x00002608	0x000025EC	CODE:000025EC                 bned    COLSCL@COLLA
COLSGCX0@COLLA	COLSGCX0	COLLA	2	direct:2	0x00002329	0x000022F9	CODE:000022F9                 bu      COLSGCX0@COLLA
COLVEL@COLLA	COLVEL	COLLA	2	direct:2	0x0000E5BD	0x0000276E	CODE:0000276E                 stf     r3,@COLVEL@COLLA
COPY_RAMTEST@MEMTEST	COPY_RAMTEST	MEMTEST	2	direct:2	0x00006573	0x00006307	CODE:00006307                 call    COPY_RAMTEST@MEMTEST
COUNTDOWN_BUFI	COUNTDOWN_BUFI		2	direct:2	0x00009D0B	0x00001EE2	CODE:00001EE2                 ldi     @COUNTDOWN_BUFI,ar2
COUNTRY_DEFAULTSI@COINTAB	COUNTRY_DEFAULTSI	COINTAB	2	direct:2	0x0000B0B3	0x000073F3	CODE:000073F3                 ldi     @COUNTRY_DEFAULTSI@COINTAB,ar2
CPHX@OVERLAY	CPHX	OVERLAY	2	direct:2	0x0000AD47	0x0000AD39	CODE:0000AD39                 ble     CPHX@OVERLAY
CREATE_LETTERS@HSTDP	CREATE_LETTERS	HSTDP	2	direct:2	0x000037E6	0x00003691	CODE:00003691                 call    CREATE_LETTERS@HSTDP
CRLX@HSTDP	CRLX	HSTDP	2	direct:2	0x00003812	0x000037F1	CODE:000037F1                 be      CRLX@HSTDP
CSPSLEEP@ROADKILL	CSPSLEEP	ROADKILL	2	direct:2	0x00006A17	0x00006A12	CODE:00006A12                 blo     CSPSLEEP@ROADKILL
CURBCOL0@PLYR	CURBCOL0	PLYR	2	direct:2	0x00002F75	0x00002F68	CODE:00002F68                 blo     CURBCOL0@PLYR
CURBSPIN@PLYR	CURBSPIN	PLYR	2	direct:2	0x00002FC4	0x00002FAE	CODE:00002FAE                 bne     CURBSPIN@PLYR
CUSTOM_COINTABI@COIN	CUSTOM_COINTABI	COIN	2	direct:2	0x00007458	0x000073CF	CODE:000073CF                 ldi     @CUSTOM_COINTABI@COIN,ar0
DADA4@MAP	DADA4	MAP	2	direct:2	0x000061B0	0x00006198	CODE:00006198                 be      DADA4@MAP
DBNCE@AUDITS	DBNCE	AUDITS	2	direct:2	0x00001539	0x00001536	CODE:00001536                 be      DBNCE@AUDITS
DCALL@INTRO	DCALL	INTRO	2	map:2	0x0000E66E	0x000017CB	CODE:000017CB                 sti     r0,@DCALL@INTRO
DEBSCAN@COLLA	DEBSCAN	COLLA	2	direct:2	0x0000238C	0x000021DE	CODE:000021DE                 call    DEBSCAN@COLLA
DEBSCL1@COLLA	DEBSCL1	COLLA	2	direct:2	0x00002398	0x0000238D	CODE:0000238D                 bu      DEBSCL1@COLLA
DEBSCL@COLLA	DEBSCL	COLLA	2	direct:2	0x00002397	0x0000238F	CODE:0000238F                 bne     DEBSCL@COLLA
DECOMPRESSLP@COMP	DECOMPRESSLP	COMP	2	direct:2	0x0000A36D	0x0000A376	CODE:0000A376                 bu      DECOMPRESSLP@COMP
DECOMPRESSX@COMP	DECOMPRESSX	COMP	2	direct:2	0x0000A399	0x0000A366	CODE:0000A366                 be      DECOMPRESSX@COMP ; IFI
DECOMPRESS_TOPLP3@COMP	DECOMPRESS_TOPLP3	COMP	2	direct:2	0x0000A35F	0x0000A345	CODE:0000A345                 blt     DECOMPRESS_TOPLP3@COMP
DEER_EXPX@ROADKILL	DEER_EXPX	ROADKILL	2	direct:2	0x00006AB3	0x00006A9D	CODE:00006A9D                 blt     DEER_EXPX@ROADKILL
DELP2@PALL	DELP2	PALL	2	direct:2	0x00009FDE	0x00009FD0	CODE:00009FD0                 be      DELP2@PALL
DELSLP@OBJ	DELSLP	OBJ	2	direct:2	0x000070FE	0x000070F6	CODE:000070F6                 bud     DELSLP@OBJ
DFX1@COLLA	DFX1	COLLA	2	direct:2	0x000025CF	0x000025C5	CODE:000025C5                 bgt     DFX1@COLLA
DGBT@CUSA	DGBT	CUSA	2	direct:2	0x00004EBD	0x00004EB5	CODE:00004EB5                 blt     DGBT@CUSA
DHSLOOP@HSTDP	DHSLOOP	HSTDP	2	direct:2	0x00003869	0x0000387F	CODE:0000387F                 bne     DHSLOOP@HSTDP
DHSLOOPX@HSTDP	DHSLOOPX	HSTDP	2	direct:2	0x00003880	0x0000387D	CODE:0000387D                 bge     DHSLOOPX@HSTDP
DISPLAY_PAGE	DISPLAY_PAGE		2	direct:2	0x0000C972	0x00004C97	CODE:00004C97                 ldi     @DISPLAY_PAGE,r0
DODIE@BONUS	DODIE	BONUS	2	direct:2	0x00003A2B	0x000039D0	CODE:000039D0                 be      DODIE@BONUS
DONE_MODE_MSG@DIAG	DONE_MODE_MSG	DIAG	2	direct:2	0x00000A20	0x00000A14	CODE:00000A14                 be      DONE_MODE_MSG@DIAG
DONE_MSG@DIAG	DONE_MSG	DIAG	2	direct:2	0x00000C26	0x00000C1C	CODE:00000C1C                 be      DONE_MSG@DIAG
DONTWORRY@SIGMA	DONTWORRY	SIGMA	2	direct:2	0x0000A440	0x0000A43B	CODE:0000A43B                 be      DONTWORRY@SIGMA
DOWNLOAD_PROGRAM@MOTION	DOWNLOAD_PROGRAM	MOTION	2	direct:2	0x000048D5	0x000048DB	CODE:000048DB                 bu      DOWNLOAD_PROGRAM@MOTION
DRONDEBRIS@COLLA	DRONDEBRIS	COLLA	2	direct:2	0x000021EF	0x000021DC	CODE:000021DC                 call    DRONDEBRIS@COLLA
DRONINBX@PLYR	DRONINBX	PLYR	2	direct:2	0x00002F74	0x00002F6E	CODE:00002F6E                 bgt     DRONINBX@PLYR
DRONSIGN@COLLA	DRONSIGN	COLLA	2	direct:2	0x000021F1	0x000021DB	CODE:000021DB                 call    DRONSIGN@COLLA
DSORTNXT@OBJ	DSORTNXT	OBJ	2	direct:2	0x0000721B	0x0000720F	CODE:0000720F                 bud     DSORTNXT@OBJ    ; alts: DRONESORT@OBJ
DSORTNXT@ROADBLCK	DSORTNXT	ROADBLCK	2	direct:2	0x0000AFB1	0x0000AFA5	CODE:0000AFA5                 bud     DSORTNXT@ROADBLCK ; alts: DSORTNXT
DSS@DIAG	DSS	DIAG	2	direct:2	0x000008A8	0x000008AD	CODE:000008AD                 bne     DSS@DIAG
DVLOOP@DIAG	DVLOOP	DIAG	2	direct:2	0x00000F91	0x00000FBC	CODE:00000FBC                 bu      DVLOOP@DIAG
DWAI@COMMQ	DWAI	COMMQ	2	direct:2	0x00007754	0x0000774D	CODE:0000774D                 be      DWAI@COMMQ
DYNALP@DIRQ	DYNALP	DIRQ	2	direct:2	0x00000220	0x000001FE	CODE:000001FE                 bud     DYNALP@DIRQ
DYNALPX@DIRQ	DYNALPX	DIRQ	2	direct:2	0x00000247	0x00000284	CODE:00000284                 bu      DYNALPX@DIRQ
DYNREG@DIRQ	DYNREG	DIRQ	2	direct:2	0x000001D0	0x00000259	CODE:00000259                 be      DYNREG@DIRQ
END_OF_GAMEP	END_OF_GAMEP		2	direct:2	0x0000E665	0x00002A5C	CODE:00002A5C                 ldi     @END_OF_GAMEP,r0
ENTER_DIAG_INIT@DIAG	ENTER_DIAG_INIT	DIAG	2	direct:2	0x00000678	0x00000669	CODE:00000669                 call    ENTER_DIAG_INIT@DIAG
ENTER_HERE@BONUS	ENTER_HERE	BONUS	2	direct:2	0x00003E0F	0x00003E92	CODE:00003E92                 bu      ENTER_HERE@BONUS
ERRLOG_D@ERROR	ERRLOG_D	ERROR	2	direct:2	0x0000ABBC	0x0000ABDD	CODE:0000ABDD                 bge     ERRLOG_D@ERROR
EXITL2@MOTION	EXITL2	MOTION	2	direct:2	0x00004A6F	0x00004A67	CODE:00004A67                 bhs     EXITL2@MOTION
EXITR@CUSA	EXITR	CUSA	2	direct:2	0x00004DEA	0x00004DB7	CODE:00004DB7                 bud     EXITR@CUSA
EXP_DIE@DRONES	EXP_DIE	DRONES	2	direct:2	0x000067D7	0x000067C6	CODE:000067C6                 blt     EXP_DIE@DRONES
FILLLP1@FONT1A	FILLLP1	FONT1A	2	direct:2	0x0000A811	0x0000A817	CODE:0000A817                 bge     FILLLP1@FONT1A
FIND_PLATES@HSTDP	FIND_PLATES	HSTDP	2	direct:2	0x0000373C	0x00003371	CODE:00003371                 call    FIND_PLATES@HSTDP
FIND_ROLLER@HSTDP	FIND_ROLLER	HSTDP	2	direct:2	0x00003646	0x00003635	CODE:00003635                 call    FIND_ROLLER@HSTDP
FLASH_INSERTCOINS@COIN	FLASH_INSERTCOINS	COIN	2	direct:2	0x000074CA	0x0000749C	CODE:0000749C                 be      FLASH_INSERTCOINS@COIN
FLASH_START@COIN	FLASH_START	COIN	2	direct:2	0x000074E2	0x00007491	CODE:00007491                 be      FLASH_START@COIN
FLASH_STARTX@COIN	FLASH_STARTX	COIN	2	direct:2	0x000074FB	0x000074F5	CODE:000074F5                 bu      FLASH_STARTX@COIN
FLY0@COLLA	FLY0	COLLA	2	direct:2	0x00002440	0x00002438	CODE:00002438                 bne     FLY0@COLLA
FLYCAR0@COLLA	FLYCAR0	COLLA	2	direct:2	0x00002405	0x000023FE	CODE:000023FE                 be      FLYCAR0@COLLA
FLYCARPXXX@COLLA	FLYCARPXXX	COLLA	2	direct:2	0x0000255E	0x000024A9	CODE:000024A9                 bgt     FLYCARPXXX@COLLA
FLYCARSTP@COLLA	FLYCARSTP	COLLA	2	direct:2	0x00002543	0x00002538	CODE:00002538                 bhs     FLYCARSTP@COLLA
FLYCCC@COLLA	FLYCCC	COLLA	2	direct:2	0x00002532	0x00002514	CODE:00002514                 bu      FLYCCC@COLLA
FLYCOLL@COLLA	FLYCOLL	COLLA	2	direct:2	0x000022B2	0x00002240	CODE:00002240                 be      FLYCOLL@COLLA
FLYCOLLPI	FLYCOLLPI		2	direct:2	0x00002333	0x000022D9	CODE:000022D9                 ldi     @FLYCOLLPI,ar2  ; LDPI
FLYSTOP@COLLA	FLYSTOP	COLLA	2	direct:2	0x00002381	0x00002354	CODE:00002354                 bgt     FLYSTOP@COLLA
FONT10_A@TEXT	FONT10_A	TEXT	2	direct:2	0x00007972	0x00007A05	CODE:00007A05                 ldi     @FONT10_A@TEXT,r0
FONT18_A@TEXT	FONT18_A	TEXT	2	direct:2	0x0000796F	0x00007A1D	CODE:00007A1D                 ldi     @FONT18_A@TEXT,r0
FONT40TABI	FONT40TABI		2	direct:2	0x0000B0B9	0x000079F1	CODE:000079F1                 ldi     @FONT40TABI,r0
FONT40_A@TEXT	FONT40_A	TEXT	2	direct:2	0x00007971	0x000079EC	CODE:000079EC                 ldi     @FONT40_A@TEXT,r0
FONTDIGLGI	FONTDIGLGI		2	direct:2	0x0000B0B6	0x000079C0	CODE:000079C0                 ldi     @FONTDIGLGI,r0
FONTDIGSMI	FONTDIGSMI		2	direct:2	0x0000B0B7	0x000079A8	CODE:000079A8                 ldi     @FONTDIGSMI,r0
FONTN43TABI	FONTN43TABI		2	direct:2	0x0000B0B8	0x000079D9	CODE:000079D9                 ldi     @FONTN43TABI,r0
FONTN43_A@TEXT	FONTN43_A	TEXT	2	direct:2	0x000079D1	0x000079D4	CODE:000079D4                 ldi     @FONTN43_A@TEXT,r0
FORMAT_NUM@HSTDP	FORMAT_NUM	HSTDP	2	direct:2	0x000037C2	0x00003763	CODE:00003763                 call    FORMAT_NUM@HSTDP
FORMNX@HSTDP	FORMNX	HSTDP	2	direct:2	0x000037E5	0x000037DD	CODE:000037DD                 be      FORMNX@HSTDP
FORMULA1@MAP	FORMULA1	MAP	2	direct:2	0x00005FEC	0x00005FEF	CODE:00005FEF                 mpyf    @FORMULA1@MAP,r0
FORMULA@INFIN	FORMULA	INFIN	2	direct:2	0x0000825D	0x00008276	CODE:00008276                 mpyf    @FORMULA@INFIN,r2
FREEZE_IT	FREEZE_IT		2	direct:2	0x0000E916	0x0000AD5D	CODE:0000AD5D                 sti     r0,@FREEZE_IT
FRIC0@PLYR	FRIC0	PLYR	2	direct:2	0x00002DE1	0x00002DDA	CODE:00002DDA                 bgt     FRIC0@PLYR
FRL1@PLYR	FRL1	PLYR	2	direct:2	0x00002DD5	0x00002DCF	CODE:00002DCF                 bne     FRL1@PLYR
GCHX@COIN	GCHX	COIN	2	direct:2	0x00007532	0x0000752D	CODE:0000752D                 be      GCHX@COIN
GEARTABI@PLYR	GEARTABI	PLYR	2	direct:2	0x00002C46	0x00002C61	CODE:00002C61                 ldi     @GEARTABI@PLYR,ar0
GETBX@PLYR	GETBX	PLYR	2	direct:2	0x00002E25	0x00002E1B	CODE:00002E1B                 bne     GETBX@PLYR
GETCOIN_DEFAULT@COIN	GETCOIN_DEFAULT	COIN	2	direct:2	0x000073E2	0x00000A08	CODE:00000A08                 call    GETCOIN_DEFAULT@COIN
GETDIR@PLYR	GETDIR	PLYR	2	direct:2	0x00002CEB	0x00002AB0	CODE:00002AB0                 call    GETDIR@PLYR
GETDIST@OBJ	GETDIST	OBJ	2	direct:2	0x00007083	0x0000709F	CODE:0000709F                 call    GETDIST@OBJ
GETRD1@PLYR	GETRD1	PLYR	2	direct:2	0x0000303B	0x00003034	CODE:00003034                 bu      GETRD1@PLYR
GETSK0@PLYR	GETSK0	PLYR	2	direct:2	0x00002CA8	0x00002CA2	CODE:00002CA2                 be      GETSK0@PLYR
GETSKID@PLYR	GETSKID	PLYR	2	direct:2	0x00002C9C	0x00002A9C	CODE:00002A9C                 call    GETSKID@PLYR
GETSKXX@PLYR	GETSKXX	PLYR	2	direct:2	0x00002CD1	0x00002C9F	CODE:00002C9F                 bu      GETSKXX@PLYR
GETSPD2@PLYR	GETSPD2	PLYR	2	direct:2	0x00002DF9	0x00002D8B	CODE:00002D8B                 br      GETSPD2@PLYR
GET_AR4_DIGITS@MEMTEST	GET_AR4_DIGITS	MEMTEST	2	direct:2	0x00006322	0x0000633F	CODE:0000633F                 call    GET_AR4_DIGITS@MEMTEST
GOTCOL@COLLA	GOTCOL	COLLA	2	direct:2	0x000028A4	0x00002888	CODE:00002888                 bu      GOTCOL@COLLA
GPLX@PALL	GPLX	PALL	2	direct:2	0x00009F52	0x00009F30	CODE:00009F30                 bu      GPLX@PALL
GSKD1@PLYR	GSKD1	PLYR	2	direct:2	0x00002AA6	0x00002A9F	CODE:00002A9F                 be      GSKD1@PLYR
GUWP@TRANS	GUWP	TRANS	2	direct:2	0x0000EA52	0x00005BEB	CODE:00005BEB                 ldf     @GUWP@TRANS,r1
HANMENL@DIAG	HANMENL	DIAG	2	direct:2	0x00000A78	0x00000ACE	CODE:00000ACE                 bu      HANMENL@DIAG
HARDCOL3@COLLA	HARDCOL3	COLLA	2	direct:2	0x000022A9	0x0000228B	CODE:0000228B                 blt     HARDCOL3@COLLA
HELI_ABORT	HELI_ABORT		2	direct:2	0x0000E570	0x0000AD56	CODE:0000AD56                 sti     r0,@HELI_ABORT
HIGHEST_ROADY_X@INFIN	HIGHEST_ROADY_X	INFIN	2	direct:2	0x0000E42A	0x00008254	CODE:00008254                 stf     r7,@HIGHEST_ROADY_X@INFIN ; STPF
HMSTAND@DIAG	HMSTAND	DIAG	2	direct:2	0x00000A6A	0x00000A65	CODE:00000A65                 be      HMSTAND@DIAG
HM_NOTDOWN@DIAG	HM_NOTDOWN	DIAG	2	direct:2	0x00000ABB	0x00000AAA	CODE:00000AAA                 bne     HM_NOTDOWN@DIAG
HM_WT@DIAG	HM_WT	DIAG	2	direct:2	0x00000AAF	0x00000AA5	CODE:00000AA5                 blt     HM_WT@DIAG
INFIN_POLYGONSI@INFIN	INFIN_POLYGONSI	INFIN	2	direct:2	0x000083BB	0x00008299	CODE:00008299                 ldi     @INFIN_POLYGONSI@INFIN,ar0
INIT_COLLA_OBJS@SMOKE	INIT_COLLA_OBJS	SMOKE	2	direct:2	0x0000866E	0x000086E1	CODE:000086E1                 call    INIT_COLLA_OBJS@SMOKE
INIT_SPARK_KILL@SMOKE	INIT_SPARK_KILL	SMOKE	2	direct:2	0x000086A3	0x000085D8	CODE:000085D8                 be      INIT_SPARK_KILL@SMOKE
INPUT_BITS@COMP	INPUT_BITS	COMP	2	direct:2	0x0000A2DB	0x0000A363	CODE:0000A363                 call    INPUT_BITS@COMP
INSERTCOINSI@COIN	INSERTCOINSI	COIN	2	direct:2	0x00007480	0x000074D0	CODE:000074D0                 ldi     @INSERTCOINSI@COIN,ar2
INSERT_COINSXM@COIN	INSERT_COINSXM	COIN	2	direct:2	0x000075F5	0x000075DE	CODE:000075DE                 be      INSERT_COINSXM@COIN
ISOFF@DIAG	ISOFF	DIAG	2	direct:2	0x0000C831	0x00000946	CODE:00000946                 ldine   @ISOFF@DIAG,ar2
itoaX@FONT1A	itoaX	FONT1A	2	direct:2	0x0000A7C4	0x0000A7CF	CODE:0000A7CF                 bud     itoaX@FONT1A
J765@BACKGRND	J765	BACKGRND	2	direct:2	0x000044A9	0x000044A5	CODE:000044A5                 bu      J765@BACKGRND
JAJA5@DIAG	JAJA5	DIAG	2	direct:2	0x00000A9D	0x00000A92	CODE:00000A92                 bne     JAJA5@DIAG
JSUB@BONUS	JSUB	BONUS	2	direct:2	0x000039BF	0x00003A02	CODE:00003A02                 call    JSUB@BONUS
KILLALLP@MPROC	KILLALLP	MPROC	2	direct:2	0x0000A8FE	0x0000A905	CODE:0000A905                 bne     KILLALLP@MPROC
KILSFX3@SND	KILSFX3	SND	2	direct:2	0x000091F6	0x000091EE	CODE:000091EE                 bu      KILSFX3@SND
KKDAK@CUSA	KKDAK	CUSA	2	direct:2	0x00004E9D	0x00004E97	CODE:00004E97                 be      KKDAK@CUSA
KKLL@AUDITS	KKLL	AUDITS	2	direct:2	0x000014DF	0x000014D8	CODE:000014D8                 bne     KKLL@AUDITS
L14@LINE	L14	LINE	2	direct:2	0x0000AC9D	0x0000AC6D	CODE:0000AC6D                 bgt     L14@LINE
L78G@COLLA	L78G	COLLA	2	direct:2	0x0000242D	0x000023FA	CODE:000023FA                 bne     L78G@COLLA
LINEBUFFERI@COMP	LINEBUFFERI	COMP	2	direct:2	0x0000A2DA	0x0000A2F4	CODE:0000A2F4                 ldi     @LINEBUFFERI@COMP,ar2 ; alts: PUTC@COMP
LOCTEMPER_MATI	LOCTEMPER_MATI		2	direct:2	0x0000004A	0x000096E9	CODE:000096E9                 ldi     @LOCTEMPER_MATI,r3
loc_38CB	loc_38CB		2	direct:2	0x000038CB	0x000038D5	CODE:000038D5                 ldi     @loc_38CB,ar6
loc_436D	loc_436D		2	direct:2	0x0000436D	0x00004383	CODE:00004383                 ldi     @loc_436D,ar6
loc_4376	loc_4376		2	direct:2	0x00004376	0x00003AD9	CODE:00003AD9                 ldi     @loc_4376,ar5
LOIVAL@INFIN	LOIVAL	INFIN	2	direct:2	0x00008260	0x0000827B	CODE:0000827B                 cmpi    @LOIVAL@INFIN,r2
LOOP2@FONT1A	LOOP2	FONT1A	2	direct:2	0x0000A7B4	0x0000A7B1	CODE:0000A7B1                 be      LOOP2@FONT1A
LOOPA@INFIN	LOOPA	INFIN	2	direct:2	0x0000843F	0x00008441	CODE:00008441                 bne     LOOPA@INFIN
LYTL@AUDITS	LYTL	AUDITS	2	direct:2	0x000014F8	0x0000153C	CODE:0000153C                 bu      LYTL@AUDITS
MAKE_NOCOLL@ROADKILL	MAKE_NOCOLL	ROADKILL	2	direct:2	0x00006AD1	0x00006AB1	CODE:00006AB1                 callne  MAKE_NOCOLL@ROADKILL
MAKE_TIME@HSTDP	MAKE_TIME	HSTDP	2	direct:2	0x00003788	0x0000374A	CODE:0000374A                 call    MAKE_TIME@HSTDP
MAPPAL13@MAP	MAPPAL13	MAP	2	direct:2	0x0000E88D	0x00005FF3	CODE:00005FF3                 stf     r0,@MAPPAL13@MAP
MAPPAL24@MAP	MAPPAL24	MAP	2	direct:2	0x0000E88E	0x00005FFA	CODE:00005FFA                 stf     r0,@MAPPAL24@MAP
MASBX@COMMQ	MASBX	COMMQ	2	direct:2	0x000076EE	0x000076E5	CODE:000076E5                 bne     MASBX@COMMQ
MESSADDX@COMMQ	MESSADDX	COMMQ	2	direct:2	0x000076DC	0x000076D0	CODE:000076D0                 bne     MESSADDX@COMMQ
MKVFXSND@PLYR	MKVFXSND	PLYR	2	direct:2	0x00003148	0x00003128	CODE:00003128                 call    MKVFXSND@PLYR
MMT@DIAG	MMT	DIAG	2	direct:2	0x00000A4A	0x000006A0	CODE:000006A0                 ldi     @MMT@DIAG,ar7
MOTION_CHECK_SAFETY_CODES@DIAG	MOTION_CHECK_SAFETY_CODES	DIAG	2	direct:2	0x00001170	0x000013D7	CODE:000013D7                 call    MOTION_CHECK_SAFETY_CODES@DIAG
MOTOFF_DONE@MOTION	MOTOFF_DONE	MOTION	2	direct:2	0x0000464E	0x0000463D	CODE:0000463D                 be      MOTOFF_DONE@MOTION
MOVE_BIGLET_PRESS@HSTDP	MOVE_BIGLET_PRESS	HSTDP	2	direct:2	0x000035C4	0x000033B4	CODE:000033B4                 call    MOVE_BIGLET_PRESS@HSTDP
MP2@DIAG	MP2	DIAG	2	direct:2	0x00000E3F	0x00000E46	CODE:00000E46                 ldi     @MP2@DIAG,ar4
MP3@DIAG	MP3	DIAG	2	direct:2	0x00000E40	0x00000E47	CODE:00000E47                 ldi     @MP3@DIAG,ar5
MSG_NULLI@COIN	MSG_NULLI	COIN	2	direct:2	0x00007475	0x0000743E	CODE:0000743E                 ldi     @MSG_NULLI@COIN,r0
MSSD_LP@DIAG	MSSD_LP	DIAG	2	direct:2	0x000013E1	0x00001401	CODE:00001401                 be      MSSD_LP@DIAG
N12@INTRO	N12	INTRO	2	direct:2	0x00001B9C	0x00001B72	CODE:00001B72                 bne     N12@INTRO
NCHNGDV@DIAG	NCHNGDV	DIAG	2	direct:2	0x00000FB0	0x00000FA8	CODE:00000FA8                 bne     NCHNGDV@DIAG
NEXTOBJ@DIRQ	NEXTOBJ	DIRQ	2	direct:2	0x00000091	0x00000167	CODE:00000167                 bne     NEXTOBJ@DIRQ
NEXT_SPARK@SMOKE	NEXT_SPARK	SMOKE	2	direct:2	0x00008653	0x00008624	CODE:00008624                 be      NEXT_SPARK@SMOKE
NHUD@CUSA	NHUD	CUSA	2	direct:2	0x00004C02	0x00004BFB	CODE:00004BFB                 be      NHUD@CUSA
NIGY@CUSA	NIGY	CUSA	2	direct:2	0x00004D38	0x00004D30	CODE:00004D30                 be      NIGY@CUSA
NNEG@DRONES	NNEG	DRONES	2	direct:2	0x000065DE	0x000065DA	CODE:000065DA                 bgt     NNEG@DRONES
NOBRAKSND@PLYR	NOBRAKSND	PLYR	2	direct:2	0x0000310D	0x00003103	CODE:00003103                 ble     NOBRAKSND@PLYR
NODEACT@BACKGRND	NODEACT	BACKGRND	2	direct:2	0x00004067	0x00004048	CODE:00004048                 blt     NODEACT@BACKGRND
NODELETE@TEXT	NODELETE	TEXT	2	direct:2	0x00007AF3	0x00007ADE	CODE:00007ADE                 bne     NODELETE@TEXT
NODYNAX1@DELTA	NODYNAX1	DELTA	2	direct:2	0x0000AE99	0x0000AE94	CODE:0000AE94                 be      NODYNAX1@DELTA
NOGRAV@PLYR	NOGRAV	PLYR	2	direct:2	0x0000313D	0x00003137	CODE:00003137                 be      NOGRAV@PLYR
NOLOG@AUDITS	NOLOG	AUDITS	2	direct:2	0x00001535	0x00001530	CODE:00001530                 bne     NOLOG@AUDITS
NOOMUS@SND	NOOMUS	SND	2	direct:2	0x0000912D	0x00009129	CODE:00009129                 be      NOOMUS@SND
NOTDEGRADE@DELTA	NOTDEGRADE	DELTA	2	direct:2	0x0000AE92	0x0000AE87	CODE:0000AE87                 be      NOTDEGRADE@DELTA
NOTDOWNA@DIAG	NOTDOWNA	DIAG	2	direct:2	0x00000DB9	0x00000DA8	CODE:00000DA8                 bu      NOTDOWNA@DIAG
NOTNIN2@BONUS	NOTNIN2	BONUS	2	direct:2	0x00003B1E	0x00003B0F	CODE:00003B0F                 bne     NOTNIN2@BONUS
NOTOFFX@PLYR	NOTOFFX	PLYR	2	direct:2	0x00002CEA	0x00002CE4	CODE:00002CE4                 bne     NOTOFFX@PLYR
NOTPSYCHO_LP@SIGMA	NOTPSYCHO_LP	SIGMA	2	direct:2	0x0000A494	0x0000A485	CODE:0000A485                 bne     NOTPSYCHO_LP@SIGMA
NOTTHEOPLYR@MAP	NOTTHEOPLYR	MAP	2	direct:2	0x000061B4	0x00006142	CODE:00006142                 be      NOTTHEOPLYR@MAP
NOTWEAVER@SIGMA	NOTWEAVER	SIGMA	2	direct:2	0x0000A47C	0x0000A475	CODE:0000A475                 bne     NOTWEAVER@SIGMA
NOT_COP@SIGMA	NOT_COP	SIGMA	2	direct:2	0x0000A433	0x0000A432	CODE:0000A432                 bne     NOT_COP@SIGMA
NOT_IMMINENT@DRONES	NOT_IMMINENT	DRONES	2	direct:2	0x0000680C	0x000067DE	CODE:000067DE                 bgt     NOT_IMMINENT@DRONES
NOT_OFFROAD@HUD	NOT_OFFROAD	HUD	2	direct:2	0x00009D70	0x00009D44	CODE:00009D44                 bne     NOT_OFFROAD@HUD
NOWAY@BONUS	NOWAY	BONUS	2	direct:2	0x00003AF3	0x00003AEA	CODE:00003AEA                 bne     NOWAY@BONUS
NO_ACTIVATION@BACKGRND	NO_ACTIVATION	BACKGRND	2	direct:2	0x0000401A	0x00003FFD	CODE:00003FFD                 bne     NO_ACTIVATION@BACKGRND
NO_DEGRADE@DIRQ	NO_DEGRADE	DIRQ	2	direct:2	0x000000C5	0x000000BB	CODE:000000BB                 bed     NO_DEGRADE@DIRQ
NO_LO_LIM_YET@MOTION	NO_LO_LIM_YET	MOTION	2	direct:2	0x000045E5	0x000045DE	CODE:000045DE                 bne     NO_LO_LIM_YET@MOTION
NO_OBJ@SMOKE	NO_OBJ	SMOKE	2	direct:2	0x0000866D	0x00008668	CODE:00008668                 be      NO_OBJ@SMOKE
NO_PCREDITS@COIN	NO_PCREDITS	COIN	2	direct:2	0x00007567	0x00007551	CODE:00007551                 be      NO_PCREDITS@COIN
NO_RIGHT@TEXT	NO_RIGHT	TEXT	2	direct:2	0x00007A8C	0x00007A87	CODE:00007A87                 bu      NO_RIGHT@TEXT
NO_SCROLL@DIAG	NO_SCROLL	DIAG	2	direct:2	0x00000ACE	0x00000ABC	CODE:00000ABC                 be      NO_SCROLL@DIAG
NO_SPINOUT@ROADKILL	NO_SPINOUT	ROADKILL	2	direct:2	0x00006ACC	0x00006ABA	CODE:00006ABA                 be      NO_SPINOUT@ROADKILL
NO_UP_LIM_YET@MOTION	NO_UP_LIM_YET	MOTION	2	direct:2	0x000045AE	0x000045A7	CODE:000045A7                 bne     NO_UP_LIM_YET@MOTION
NUPDE@DIAG	NUPDE	DIAG	2	direct:2	0x00000B42	0x00000B2F	CODE:00000B2F                 be      NUPDE@DIAG
OBJ_MOVY_GROUP@HSTDP	OBJ_MOVY_GROUP	HSTDP	2	direct:2	0x0000371E	0x00003378	CODE:00003378                 call    OBJ_MOVY_GROUP@HSTDP
OBJ_TAGALL@HSTDP	OBJ_TAGALL	HSTDP	2	direct:2	0x00003712	0x00003708	CODE:00003708                 call    OBJ_TAGALL@HSTDP
ODG@HSTDP	ODG	HSTDP	2	direct:2	0x00003737	0x0000372F	CODE:0000372F                 blo     ODG@HSTDP
OFFANDDONE@RACER	OFFANDDONE	RACER	2	direct:2	0x0000554B	0x00005534	CODE:00005534                 be      OFFANDDONE@RACER
OGSMFONT_TABI@TEXT	OGSMFONT_TABI	TEXT	2	direct:2	0x00007A02	0x00007A0A	CODE:00007A0A                 ldi     @OGSMFONT_TABI@TEXT,r0
OHIGH_PRIORITYI	OHIGH_PRIORITYI		2	direct:2	0x00000044	0x00000086	CODE:00000086                 ldi     @OHIGH_PRIORITYI,ar0
OLDSP	OLDSP		2	direct:2	0x0000C9AF	0x0000A8A2	CODE:0000A8A2                 ldi     @OLDSP,sp
OLD_OM_ATTR_MODE	OLD_OM_ATTR_MODE		2	direct:2	0x0000C90C	0x00004C21	CODE:00004C21                 cmpi    @OLD_OM_ATTR_MODE,ar2
OMYG@HSTDP	OMYG	HSTDP	2	direct:2	0x0000372B	0x00003721	CODE:00003721                 blo     OMYG@HSTDP
OTAX@HSTDP	OTAX	HSTDP	2	direct:2	0x0000371D	0x00003713	CODE:00003713                 blo     OTAX@HSTDP
P1@UTIL	P1	UTIL	2	direct:2	0x00008E8D	0x00008E77	CODE:00008E77                 bne     P1@UTIL
PAGEWORD@UTIL	PAGEWORD	UTIL	2	direct:2	0x00008E8C	0x00008E76	CODE:00008E76                 ldi     @PAGEWORD@UTIL,r0
PALTRX@PALL	PALTRX	PALL	2	direct:2	0x00009EEC	0x00009ECC	CODE:00009ECC                 bgt     PALTRX@PALL
PALXFER_AVAILABLE_P@PALL	PALXFER_AVAILABLE_P	PALL	2	direct:2	0x0000CC41	0x00009EC6	CODE:00009EC6                 sti     r0,@PALXFER_AVAILABLE_P@PALL
PC1B@COLLA	PC1B	COLLA	2	direct:2	0x0000201D	0x00002014	CODE:00002014                 be      PC1B@COLLA
PC2@COLLA	PC2	COLLA	2	direct:2	0x00002023	0x00002007	CODE:00002007                 rptb    PC2@COLLA
PCBI@COIN	PCBI	COIN	2	direct:2	0x00007465	0x00007555	CODE:00007555                 ldi     @PCBI@COIN,ar2
PCOUT@DIRQ	PCOUT	DIRQ	2	direct:2	0x000003A1	0x000003A3	CODE:000003A3                 bne     PCOUT@DIRQ
PFREEI@MPROC	PFREEI	MPROC	2	direct:2	0x0000A86C	0x0000A8F3	CODE:0000A8F3                 ldi     @PFREEI@MPROC,ar1
PII	PII		2	direct:2	0x00009551	0x00009534	CODE:00009534                 addf    @PII,r0
PLACE_ON_ROAD@BACKGRND	PLACE_ON_ROAD	BACKGRND	2	direct:2	0x000043AF	0x00004396	CODE:00004396                 call    PLACE_ON_ROAD@BACKGRND
PLAIR@PLYR	PLAIR	PLYR	2	direct:2	0x000030BB	0x000030B4	CODE:000030B4                 be      PLAIR@PLYR
PLOTPOLY@DIRQ	PLOTPOLY	DIRQ	2	direct:2	0x0000028D	0x00000165	CODE:00000165                 call    PLOTPOLY@DIRQ
PLTG1PAL@DIRQ	PLTG1PAL	DIRQ	2	direct:2	0x00000557	0x0000050F	CODE:0000050F                 be      PLTG1PAL@DIRQ
PLTGLP1_2@DIRQ	PLTGLP1_2	DIRQ	2	direct:2	0x00000597	0x00000576	CODE:00000576                 bgtd    PLTGLP1_2@DIRQ
PLTGPOLYLP_2@DIRQ	PLTGPOLYLP_2	DIRQ	2	direct:2	0x00000560	0x00000557	CODE:00000557                 bud     PLTGPOLYLP_2@DIRQ
PLTPOLYLP_2@DIRQ	PLTPOLYLP_2	DIRQ	2	direct:2	0x00000520	0x00000515	CODE:00000515                 bud     PLTPOLYLP_2@DIRQ
PLYONRD@PLYR	PLYONRD	PLYR	2	direct:2	0x00002BF5	0x00002A74	CODE:00002A74                 calle   PLYONRD@PLYR
PLYRKX@ROADKILL	PLYRKX	ROADKILL	2	direct:2	0x00006953	0x00006948	CODE:00006948                 be      PLYRKX@ROADKILL
PLYRSND1B@PLYR	PLYRSND1B	PLYR	2	direct:2	0x000030C8	0x000030BC	CODE:000030BC                 bne     PLYRSND1B@PLYR
PLYRSPD01@PLYR	PLYRSPD01	PLYR	2	direct:2	0x00002A8D	0x00002A80	CODE:00002A80                 ble     PLYRSPD01@PLYR
PLYRTEMP@OBJ	PLYRTEMP	OBJ	2	direct:2	0x0000C9BC	0x000071E8	CODE:000071E8                 sti     ar1,@PLYRTEMP@OBJ
PLYR_ENTER@PLYR	PLYR_ENTER	PLYR	2	direct:2	0x000029EE	0x00001805	CODE:00001805                 be      PLYR_ENTER@PLYR
POSTERMAT2DI@DIRQ	POSTERMAT2DI	DIRQ	2	direct:2	0x0000004E	0x00000074	CODE:00000074                 ldi     @POSTERMAT2DI@DIRQ,ar0
POS_TABLEI	POS_TABLEI		2	direct:2	0x0000B1D5	0x00003F15	CODE:00003F15                 addi    @POS_TABLEI,ar4
PR0A@HSTDP	PR0A	HSTDP	2	direct:2	0x000033C1	0x000033B8	CODE:000033B8                 ble     PR0A@HSTDP
PR1@HSTDP	PR1	HSTDP	2	direct:2	0x000033E2	0x000033CC	CODE:000033CC                 bne     PR1@HSTDP
PR2A1@HSTDP	PR2A1	HSTDP	2	direct:2	0x0000345F	0x00003430	CODE:00003430                 bne     PR2A1@HSTDP
PR2A3@HSTDP	PR2A3	HSTDP	2	direct:2	0x00003497	0x00003460	CODE:00003460                 bne     PR2A3@HSTDP
PR2A@HSTDP	PR2A	HSTDP	2	direct:2	0x00003424	0x00003410	CODE:00003410                 bne     PR2A@HSTDP
PR3B@HSTDP	PR3B	HSTDP	2	direct:2	0x00003509	0x00003498	CODE:00003498                 bne     PR3B@HSTDP
PR3BA@HSTDP	PR3BA	HSTDP	2	direct:2	0x00003516	0x0000350A	CODE:0000350A                 bne     PR3BA@HSTDP
PRA@HSTDP	PRA	HSTDP	2	direct:2	0x00003390	0x0000338C	CODE:0000338C                 blo     PRA@HSTDP
PRINT3D@HSTDP	PRINT3D	HSTDP	2	direct:2	0x00003824	0x000035A2	CODE:000035A2                 call    PRINT3D@HSTDP
PRINT_COINAGEX@COIN	PRINT_COINAGEX	COIN	2	direct:2	0x00007526	0x0000750B	CODE:0000750B                 be      PRINT_COINAGEX@COIN
PRINT_CREDITS@COIN	PRINT_CREDITS	COIN	2	direct:2	0x0000753B	0x000074BA	CODE:000074BA                 call    PRINT_CREDITS@COIN
PRINT_VALUE@DIAG	PRINT_VALUE	DIAG	2	direct:2	0x0000105B	0x00000A42	CODE:00000A42                 call    PRINT_VALUE@DIAG
PSLP@DIAG	PSLP	DIAG	2	direct:2	0x00000C61	0x00000C76	CODE:00000C76                 blt     PSLP@DIAG
PSPINNIT@COLLA	PSPINNIT	COLLA	2	direct:2	0x000027A3	0x00002785	CODE:00002785                 blo     PSPINNIT@COLLA
PUTC@COMP	PUTC	COMP	2	direct:2	0x0000A2F4	0x0000A36C	CODE:0000A36C                 callge  PUTC@COMP
PWHLX@PLYR	PWHLX	PLYR	2	direct:2	0x0000306D	0x0000305F	CODE:0000305F                 be      PWHLX@PLYR
RADFORM@MATH	RADFORM	MATH	2	direct:2	0x00009554	0x00009556	CODE:00009556                 mpyf    @RADFORM@MATH,r2
RADFORMI@MATH	RADFORMI	MATH	2	direct:2	0x00009555	0x0000955F	CODE:0000955F                 mpyf    @RADFORMI@MATH,r2
RDSCNSUB@COLLA	RDSCNSUB	COLLA	2	direct:2	0x00002074	0x0000205C	CODE:0000205C                 call    RDSCNSUB@COLLA
READIO@CUSA	READIO	CUSA	2	direct:2	0x00004D00	0x00004B71	CODE:00004B71                 call    READIO@CUSA
REPELL@COLLA	REPELL	COLLA	2	direct:2	0x00002633	0x0000225F	CODE:0000225F                 call    REPELL@COLLA
REPSPARKX@SMOKE	REPSPARKX	SMOKE	2	direct:2	0x0000861B	0x000085DE	CODE:000085DE                 bge     REPSPARKX@SMOKE
RESTORE_DECOMP_REGS@COMP	RESTORE_DECOMP_REGS	COMP	2	direct:2	0x0000A3B7	0x0000A35E	CODE:0000A35E                 call    RESTORE_DECOMP_REGS@COMP
return@ROUTS	return	ROUTS	2	direct:2	0x0000A573	0x0000A57C	CODE:0000A57C                 bu      return@ROUTS
REV0@PLYR	REV0	PLYR	2	direct:2	0x00002C53	0x00002C4E	CODE:00002C4E                 be      REV0@PLYR
RKFPX@ROADKILL	RKFPX	ROADKILL	2	direct:2	0x00006998	0x00006988	CODE:00006988                 bgt     RKFPX@ROADKILL
ROAD_DEBRISI	ROAD_DEBRISI		2	direct:2	0x0000AF84	0x000021EA	CODE:000021EA                 ldi     @ROAD_DEBRISI,ar1 ; LDPI
RUNOVER@COLLA	RUNOVER	COLLA	2	direct:2	0x000022FA	0x00002242	CODE:00002242                 be      RUNOVER@COLLA
SAFETY_ERROR_CHK@MOTION	SAFETY_ERROR_CHK	MOTION	2	direct:2	0x00004571	0x000045B5	CODE:000045B5                 bu      SAFETY_ERROR_CHK@MOTION
SAVESPC@COMP	SAVESPC	COMP	2	direct:2	0x0000E5FF	0x0000A3A0	CODE:0000A3A0                 sti     ar0,@SAVESPC@COMP
SAVESPCI@COMP	SAVESPCI	COMP	2	direct:2	0x0000A39E	0x0000A3A1	CODE:0000A3A1                 ldi     @SAVESPCI@COMP,ar0
SCI@COIN	SCI	COIN	2	direct:2	0x00007474	0x0000755F	CODE:0000755F                 ldi     @SCI@COIN,ar2
SHDONE@ROADBLCK	SHDONE	ROADBLCK	2	direct:2	0x0000AFE8	0x0000AFDB	CODE:0000AFDB                 bne     SHDONE@ROADBLCK
SHOW_DIPSWITCH_STATUS@DIAG	SHOW_DIPSWITCH_STATUS	DIAG	2	direct:2	0x00000942	0x000009A1	CODE:000009A1                 call    SHOW_DIPSWITCH_STATUS@DIAG
SINTABLEI@MATH	SINTABLEI	MATH	2	direct:2	0x0000954F	0x00009540	CODE:00009540                 addi    @SINTABLEI@MATH,r0
SKIDAMP1@PLYR	SKIDAMP1	PLYR	2	direct:2	0x000030F5	0x000030E5	CODE:000030E5                 be      SKIDAMP1@PLYR
SKIDAMP@PLYR	SKIDAMP	PLYR	2	direct:2	0x000030F2	0x000030E0	CODE:000030E0                 be      SKIDAMP@PLYR
SPINL0@PLYR	SPINL0	PLYR	2	direct:2	0x00002D1D	0x00002D13	CODE:00002D13                 blt     SPINL0@PLYR
SPINL@PLYR	SPINL	PLYR	2	direct:2	0x00002D3C	0x00002D24	CODE:00002D24                 bge     SPINL@PLYR
SPINNIT@COLLA	SPINNIT	COLLA	2	direct:2	0x000027DC	0x00002771	CODE:00002771                 be      SPINNIT@COLLA
SPINROT@COLLA	SPINROT	COLLA	2	direct:2	0x00002727	0x00002718	CODE:00002718                 call    SPINROT@COLLA
SPINX@COLLA	SPINX	COLLA	2	direct:2	0x00002816	0x000027DB	CODE:000027DB                 bu      SPINX@COLLA
SPIN_ROLLERS@HSTDP	SPIN_ROLLERS	HSTDP	2	direct:2	0x00003657	0x000033BC	CODE:000033BC                 call    SPIN_ROLLERS@HSTDP
SPM@DIAG	SPM	DIAG	2	direct:2	0x00000FC3	0x00000BE8	CODE:00000BE8                 ldi     @SPM@DIAG,ar7
SPUTSNDX@PLYR	SPUTSNDX	PLYR	2	direct:2	0x0000311F	0x0000311A	CODE:0000311A                 be      SPUTSNDX@PLYR
SSLOOP@SMOKE	SSLOOP	SMOKE	2	direct:2	0x0000857B	0x0000858E	CODE:0000858E                 br      SSLOOP@SMOKE
STARTSECTION	STARTSECTION		2	map:2	0x0000E42E	0x000017B6	CODE:000017B6                 sti     r0,@STARTSECTION
STATE_TABLEI@CUSA	STATE_TABLEI	CUSA	2	direct:2	0x00004FD1	0x00004FDA	CODE:00004FDA                 addi    @STATE_TABLEI@CUSA,ar0
STEERMX	STEERMX		2	direct:2	0x0000E8CD	0x00003187	CODE:00003187                 ldf     @STEERMX,r0
STRLEN@TEXT	STRLEN	TEXT	2	direct:2	0x00007A4B	0x00007A84	CODE:00007A84                 call    STRLEN@TEXT
SWTLP@CUSA	SWTLP	CUSA	2	direct:2	0x00004DFE	0x00004E00	CODE:00004E00                 bhs     SWTLP@CUSA
TABLE_ENTRY_WRITE0@CMOS	TABLE_ENTRY_WRITE0	CMOS	2	direct:2	0x00009B16	0x00009B5E	CODE:00009B5E                 call    TABLE_ENTRY_WRITE0@CMOS
TEXTLP@TEXT	TEXTLP	TEXT	2	direct:2	0x00007A7D	0x00007AF1	CODE:00007AF1                 bne     TEXTLP@TEXT
TEXTTABLEFONT18@TEXT	TEXTTABLEFONT18	TEXT	2	direct:2	0x00007970	0x00007A22	CODE:00007A22                 ldi     @TEXTTABLEFONT18@TEXT,r0
THIS_MACHINE_AHEAD	THIS_MACHINE_AHEAD		2	direct:2	0x0000E897	0x00004E98	CODE:00004E98                 ldi     @THIS_MACHINE_AHEAD,r2
TIMECLR	TIMECLR		2	direct:2	0x0000C976	0x00004F1E	CODE:00004F1E                 ldi     @TIMECLR,r0
TIMERESET@CUSA	TIMERESET	CUSA	2	direct:2	0x00004F19	0x00004BCF	CODE:00004BCF                 call    TIMERESET@CUSA
TIMER_CNTR1@CUSA	TIMER_CNTR1	CUSA	2	set:2	0x00808024	0x00004F15	CODE:00004F15                 ldi     @TIMER_CNTR1@CUSA,r0 ; Timer 0 counter
tmpmatI	tmpmatI		2	direct:2	0x00000050	0x0000009E	CODE:0000009E                 ldi     @tmpmatI,ar4
tmp_bufferI@MAP	tmp_bufferI	MAP	2	direct:2	0x000060C3	0x000060D2	CODE:000060D2                 ldi     @tmp_bufferI@MAP,ar2
TMSLPE@SMOKE	TMSLPE	SMOKE	2	direct:2	0x00008714	0x0000870F	CODE:0000870F                 be      TMSLPE@SMOKE
TMSXCC@SMOKE	TMSXCC	SMOKE	2	direct:2	0x0000871A	0x0000870B	CODE:0000870B                 be      TMSXCC@SMOKE
TNORMI@COLLA	TNORMI	COLLA	2	direct:2	0x00001F87	0x000020BF	CODE:000020BF                 ldi     @TNORMI@COLLA,ar0 ; LDPI
TOCONT_STRING@COIN	TOCONT_STRING	COIN	2	direct:2	0x000075A6	0x00007582	CODE:00007582                 call    TOCONT_STRING@COIN
TOSTARTBUFFER@COIN	TOSTARTBUFFER	COIN	2	direct:2	0x0000E593	0x00007590	CODE:00007590                 sti     r7,@TOSTARTBUFFER@COIN
TRAINX@BACKGRND	TRAINX	BACKGRND	2	direct:2	0x000044C4	0x00004480	CODE:00004480                 blt     TRAINX@BACKGRND
TRANS_PTS@INFIN	TRANS_PTS	INFIN	2	direct:2	0x000083D4	0x00008293	CODE:00008293                 call    TRANS_PTS@INFIN
TREESHKL@COLLA	TREESHKL	COLLA	2	direct:2	0x000023BB	0x000023C4	CODE:000023C4                 dbu     ar6,TREESHKL@COLLA
VAR_ROAD_KFACTOR	VAR_ROAD_KFACTOR		2	direct:2	0x0000E42B	0x00008250	CODE:00008250                 addf    @VAR_ROAD_KFACTOR,r6
VECTORTRANSFULL@DIRQ	VECTORTRANSFULL	DIRQ	2	direct:2	0x00000128	0x000001C2	CODE:000001C2                 bed     VECTORTRANSFULL@DIRQ
VIEW0I	VIEW0I		2	direct:2	0x0000C64B	0x00002A4A	CODE:00002A4A                 ldie    @VIEW0I,ar2
VIEW2I	VIEW2I		2	direct:2	0x0000C64D	0x00002A4E	CODE:00002A4E                 ldie    @VIEW2I,ar2
VTL2@DIRQ	VTL2	DIRQ	2	direct:2	0x000001A0	0x0000018E	CODE:0000018E                 bud     VTL2@DIRQ
VTL@DIRQ	VTL	DIRQ	2	direct:2	0x00000140	0x00000132	CODE:00000132                 bud     VTL@DIRQ
WAIT_ACK_REAL@MOTION	WAIT_ACK_REAL	MOTION	2	direct:2	0x00004A76	0x00004550	CODE:00004550                 call    WAIT_ACK_REAL@MOTION
WALLHITABI@PLYR	WALLHITABI	PLYR	2	direct:2	0x00003089	0x00002F79	CODE:00002F79                 ldi     @WALLHITABI@PLYR,ar2
WATCH_PLYRS_CAR@INTRO	WATCH_PLYRS_CAR	INTRO	2	direct:2	0x00001841	0x000019F1	CODE:000019F1                 call    WATCH_PLYRS_CAR@INTRO
WHEELPWR	WHEELPWR		2	direct:2	0x0000C91B	0x00002AAD	CODE:00002AAD                 stf     r0,@WHEELPWR
WHLOFFX@PLYR	WHLOFFX	PLYR	2	direct:2	0x00003084	0x00003073	CODE:00003073                 be      WHLOFFX@PLYR
WTLPMI@COMM	WTLPMI	COMM	2	direct:2	0x00007FC1	0x00007FBC	CODE:00007FBC                 be      WTLPMI@COMM
zerob@ROUTS	zerob	ROUTS	2	direct:2	0x0000A5AE	0x0000A580	CODE:0000A580                 bhi     zerob@ROUTS
ZOOMUP3@PLYR	ZOOMUP3	PLYR	2	direct:2	0x00002EFA	0x00002EEE	CODE:00002EEE                 bu      ZOOMUP3@PLYR
ZSLP@OBJ	ZSLP	OBJ	2	direct:2	0x00007306	0x00007311	CODE:00007311                 bne     ZSLP@OBJ
ZSLPP@OBJ	ZSLPP	OBJ	2	direct:2	0x000072E7	0x000072F2	CODE:000072F2                 bne     ZSLPP@OBJ
ZSORTA1@OBJ	ZSORTA1	OBJ	2	direct:2	0x000072FD	0x000072D8	CODE:000072D8                 call    ZSORTA1@OBJ
ZSORTWL@OBJ	ZSORTWL	OBJ	2	direct:2	0x000071B4	0x000071CD	CODE:000071CD                 bu      ZSORTWL@OBJ
_newbut	_newbut		2	map:2	0x0000C8F9	0x000005F6	CODE:000005F6                 ldi     @_newbut,r0     ; alts: WT_S1
_startX@INTRO	_startX	INTRO	2	direct:2	0x00001DC2	0x00001DA2	CODE:00001DA2                 be      _startX@INTRO
_timer	_timer		2	direct:2	0x0000E87F	0x00001E26	CODE:00001E26                 ldi     @_timer,ar2
ABORTQ_ptr_0000C7C8@MOTION	ABORTQ_ptr_0000C7C8	MOTION	1	direct:1	0x0000C7C8	0x00004745	CODE:00004745                 ldi     @ABORTQ_ptr_0000C7C8@MOTION,ar2 ; LDL
ACTIVATE_X@BACKGRND	ACTIVATE_X	BACKGRND	1	direct:1	0x0000414D	0x000040BA	CODE:000040BA                 blo     ACTIVATE_X@BACKGRND
ACTIVEHI1@OBJ	ACTIVEHI1	OBJ	1	direct:1	0x0000727D	0x0000729B	CODE:0000729B                 ldi     @ACTIVEHI1@OBJ,r4
ADDNOBJL@BACKGRND	ADDNOBJL	BACKGRND	1	direct:1	0x000041B3	0x000041B8	CODE:000041B8                 bgt     ADDNOBJL@BACKGRND
ADDNOBJ_AT_END@BACKGRND	ADDNOBJ_AT_END	BACKGRND	1	direct:1	0x000041B9	0x000041B5	CODE:000041B5                 be      ADDNOBJ_AT_END@BACKGRND
ADD_TO_NEWLIST@BACKGRND	ADD_TO_NEWLIST	BACKGRND	1	direct:1	0x000041A8	0x00004149	CODE:00004149                 call    ADD_TO_NEWLIST@BACKGRND
ADJRL@HSTDP	ADJRL	HSTDP	1	direct:1	0x00003632	0x00003644	CODE:00003644                 bne     ADJRL@HSTDP
ADJTABI@DIAG	ADJTABI	DIAG	1	direct:1	0x00000A3F	0x00000A41	CODE:00000A41                 ldi     @ADJTABI@DIAG,ar4
ADJUSTMENT_MENU_ptr_0000C848@DIAG	ADJUSTMENT_MENU_ptr_0000C848	DIAG	1	direct:1	0x0000C848	0x00000A3B	CODE:00000A3B                 ldi     @ADJUSTMENT_MENU_ptr_0000C848@DIAG,ar5 ; LDL
AFFECT_THE_CARS@INTRO	AFFECT_THE_CARS	INTRO	1	direct:1	0x00001B13	0x00001B0F	CODE:00001B0F                 call    AFFECT_THE_CARS@INTRO
AH1@MOTION	AH1	MOTION	1	direct:1	0x00004A5B	0x00004A57	CODE:00004A57                 ble     AH1@MOTION
AHEAD@PLYR	AHEAD	PLYR	1	direct:1	0x00002B90	0x00002B66	CODE:00002B66                 ldfgt   @AHEAD@PLYR,r1
ALLDN7@BONUS	ALLDN7	BONUS	1	direct:1	0x00003DDB	0x00003DD1	CODE:00003DD1                 blt     ALLDN7@BONUS
ALLOCLIST_ISERROR@UTIL	ALLOCLIST_ISERROR	UTIL	1	direct:1	0x00008F45	0x00008F3D	CODE:00008F3D                 be      ALLOCLIST_ISERROR@UTIL
ALLOCLIST_X@UTIL	ALLOCLIST_X	UTIL	1	direct:1	0x00008F43	0x00008F46	CODE:00008F46                 bu      ALLOCLIST_X@UTIL
ALLOK@MATH	ALLOK	MATH	1	direct:1	0x00009545	0x0000953A	CODE:0000953A                 blt     ALLOK@MATH
ALL_DONE@DIAG	ALL_DONE	DIAG	1	direct:1	0x00001193	0x00001186	CODE:00001186                 bu      ALL_DONE@DIAG
AMODES@DIAG	AMODES	DIAG	1	direct:1	0x00000B9A	0x00000B9E	CODE:00000B9E                 ldi     @AMODES@DIAG,ar2
AMT@DIAG	AMT	DIAG	1	direct:1	0x00000A3A	0x00000A3D	CODE:00000A3D                 ldi     @AMT@DIAG,ar7
ANGM1@COLLA	ANGM1	COLLA	1	direct:1	0x00002823	0x0000281E	CODE:0000281E                 be      ANGM1@COLLA
APPEND_NEWLIST@BACKGRND	APPEND_NEWLIST	BACKGRND	1	direct:1	0x000041CF	0x0000419D	CODE:0000419D                 call    APPEND_NEWLIST@BACKGRND
ASHADOW	ASHADOW		1	direct:1	0x00000048	0x0000AF19	CODE:0000AF19                 ldi     @ASHADOW,ar1
AT1@MATH	AT1	MATH	1	direct:1	0x0000957D	0x00009577	CODE:00009577                 bud     AT1@MATH
ATF0@MATH	ATF0	MATH	1	direct:1	0x0000957B	0x00009576	CODE:00009576                 blt     ATF0@MATH
ATTABV@MATH	ATTABV	MATH	1	direct:1	0x0000958E	0x00009582	CODE:00009582                 addi    @ATTABV@MATH,ar0
ATTR_COLLISION@COLLA	ATTR_COLLISION	COLLA	1	direct:1	0x000021E0	0x000021D3	CODE:000021D3                 be      ATTR_COLLISION@COLLA
ATTR_WAVETABI@ATTRDRNE	ATTR_WAVETABI	ATTRDRNE	1	direct:1	0x0000B0DD	0x00005A0F	CODE:00005A0F                 addi    @ATTR_WAVETABI@ATTRDRNE,ar0
AUDIT_LIST_ptr_0000C8EC@AUDITS	AUDIT_LIST_ptr_0000C8EC	AUDITS	1	direct:1	0x0000C8EC	0x000014F7	CODE:000014F7                 ldi     @AUDIT_LIST_ptr_0000C8EC@AUDITS,ar5 ; LDL
BABADUY4@INTRO	BABADUY4	INTRO	1	direct:1	0x00001A22	0x00001A19	CODE:00001A19                 bne     BABADUY4@INTRO
BABAID@MOTION	BABAID	MOTION	1	direct:1	0x00004695	0x00004686	CODE:00004686                 addi    @BABAID@MOTION,ar2
BACKCK@PLYR	BACKCK	PLYR	1	direct:1	0x00002F17	0x00002AB3	CODE:00002AB3                 call    BACKCK@PLYR
BACKREV1@PLYR	BACKREV1	PLYR	1	direct:1	0x000030B9	0x000030B6	CODE:000030B6                 be      BACKREV1@PLYR
BACKREV@PLYR	BACKREV	PLYR	1	direct:1	0x000030B2	0x000030A5	CODE:000030A5                 bne     BACKREV@PLYR
BASICS_RAM_ptr_0000C798@MEMTEST	BASICS_RAM_ptr_0000C798	MEMTEST	1	direct:1	0x0000C798	0x00006478	CODE:00006478                 ldi     @BASICS_RAM_ptr_0000C798@MEMTEST,ar5 ; LDL
BASICS_RAM_ptr_0000C79D@MEMTEST	BASICS_RAM_ptr_0000C79D	MEMTEST	1	direct:1	0x0000C79D	0x000064EC	CODE:000064EC                 ldi     @BASICS_RAM_ptr_0000C79D@MEMTEST,ar5 ; LDL
BDL1X@MEMTEST	BDL1X	MEMTEST	1	direct:1	0x00006370	0x00006362	CODE:00006362                 blt     BDL1X@MEMTEST
BDL2X@MEMTEST	BDL2X	MEMTEST	1	direct:1	0x00006386	0x00006378	CODE:00006378                 blt     BDL2X@MEMTEST
BDL3X@MEMTEST	BDL3X	MEMTEST	1	direct:1	0x0000639C	0x0000638E	CODE:0000638E                 blt     BDL3X@MEMTEST
BEGIN_GAME@WAVE	BEGIN_GAME	WAVE	1	direct:1	0x000093CB	0x00009351	CODE:00009351                 be      BEGIN_GAME@WAVE
BEHINDCK@COLLA	BEHINDCK	COLLA	1	direct:1	0x0000278F	0x00002774	CODE:00002774                 call    BEHINDCK@COLLA
BGDORLP@BACKGRND	BGDORLP	BACKGRND	1	direct:1	0x00004228	0x0000422B	CODE:0000422B                 bne     BGDORLP@BACKGRND
BGD_OROUTINE@BACKGRND	BGD_OROUTINE	BACKGRND	1	direct:1	0x00004223	0x00004107	CODE:00004107                 callne  BGD_OROUTINE@BACKGRND
BGD_RFND@BACKGRND	BGD_RFND	BACKGRND	1	direct:1	0x00004230	0x00004229	CODE:00004229                 be      BGD_RFND@BACKGRND
BGD_SLP@BACKGRND	BGD_SLP	BACKGRND	1	direct:1	0x00003FF2	0x00003FF9	CODE:00003FF9                 bne     BGD_SLP@BACKGRND
BGD_WATCHER@BACKGRND	BGD_WATCHER	BACKGRND	1	direct:1	0x00003FF4	0x00004069	CODE:00004069                 bu      BGD_WATCHER@BACKGRND
BGNDCOLA	BGNDCOLA		1	map:1	0x0000C968	0x0000066B	CODE:0000066B                 sti     r0,@BGNDCOLA
big2_ptr_0000B25B@INTRO	big2_ptr_0000B25B	INTRO	1	direct:1	0x0000B25B	0x00001E08	CODE:00001E08                 ldi     @big2_ptr_0000B25B@INTRO,ar2 ; LDL
BIGLOOP@ERROR	BIGLOOP	ERROR	1	direct:1	0x0000ABD4	0x0000AC07	CODE:0000AC07                 bu      BIGLOOP@ERROR
BLACKV@DIAG	BLACKV	DIAG	1	direct:1	0x000006B2	0x000006D1	CODE:000006D1                 ldi     @BLACKV@DIAG,r2
BLAHB@BONUS	BLAHB	BONUS	1	direct:1	0x00003E9C	0x00003E97	CODE:00003E97                 bu      BLAHB@BONUS
BLINK_AND_CONTINUE@MEMTEST	BLINK_AND_CONTINUE	MEMTEST	1	direct:1	0x00006338	0x0000648D	CODE:0000648D                 callne  BLINK_AND_CONTINUE@MEMTEST
BLOOPER@COMP	BLOOPER	COMP	1	direct:1	0x0000A392	0x0000A38C	CODE:0000A38C                 rptb    BLOOPER@COMP
BLOWLIST_ptr_0000C7A0@MEMTEST	BLOWLIST_ptr_0000C7A0	MEMTEST	1	direct:1	0x0000C7A0	0x00006527	CODE:00006527                 ldi     @BLOWLIST_ptr_0000C7A0@MEMTEST,r0 ; LDL
BLUELP@DIAG	BLUELP	DIAG	1	direct:1	0x0000070F	0x0000070D	CODE:0000070D                 rptb    BLUELP@DIAG
BLUEV@DIAG	BLUEV	DIAG	1	direct:1	0x000006B1	0x000006CA	CODE:000006CA                 ldi     @BLUEV@DIAG,r2
BONHTLP2@BONUS	BONHTLP2	BONUS	1	direct:1	0x00003EC4	0x00003ED8	CODE:00003ED8                 bu      BONHTLP2@BONUS
BONHTLP@BONUS	BONHTLP	BONUS	1	direct:1	0x00003EAD	0x00003EC3	CODE:00003EC3                 be      BONHTLP@BONUS
BONUS_POSTLAUNCHI	BONUS_POSTLAUNCHI		1	map:1	0x00003965	0x0000183B	CODE:0000183B                 addi    @BONUS_POSTLAUNCHI,ar0
BOOT_PACIFY_SCREEN@COMP	BOOT_PACIFY_SCREEN	COMP	1	direct:1	0x0000A3D0	0x0000A349	CODE:0000A349                 callne  BOOT_PACIFY_SCREEN@COMP
BOTX@PLYR	BOTX	PLYR	1	direct:1	0x000030D1	0x000030CB	CODE:000030CB                 be      BOTX@PLYR
BPL2@BONUS	BPL2	BONUS	1	direct:1	0x00003F2E	0x00003F3C	CODE:00003F3C                 be      BPL2@BONUS
BRAKEMN@PLYR	BRAKEMN	PLYR	1	direct:1	0x0000E8CF	0x00002E0D	CODE:00002E0D                 negf    @BRAKEMN@PLYR,r1
BRAKEMX@PLYR	BRAKEMX	PLYR	1	direct:1	0x0000E8D0	0x00002E12	CODE:00002E12                 addf    @BRAKEMX@PLYR,r1
BRAKEOFF@PLYR	BRAKEOFF	PLYR	1	direct:1	0x00002E1F	0x00002E11	CODE:00002E11                 blt     BRAKEOFF@PLYR
BRAKFRICI@PLYR	BRAKFRICI	PLYR	1	direct:1	0x00002915	0x00002DE3	CODE:00002DE3                 mpyf    @BRAKFRICI@PLYR,r5
BRAKSNDX@PLYR	BRAKSNDX	PLYR	1	direct:1	0x0000310F	0x0000310C	CODE:0000310C                 bu      BRAKSNDX@PLYR
BRAK_X@PLYR	BRAK_X	PLYR	1	direct:1	0x00002E50	0x00002E56	CODE:00002E56                 bu      BRAK_X@PLYR
BREAKDNSLP@SIGMA	BREAKDNSLP	SIGMA	1	direct:1	0x0000A530	0x0000A51F	CODE:0000A51F                 be      BREAKDNSLP@SIGMA
BREAKDOWN@SIGMA	BREAKDOWN	SIGMA	1	direct:1	0x0000A519	0x0000A4A6	CODE:0000A4A6                 bu      BREAKDOWN@SIGMA
BREAKDOWNLP@SIGMA	BREAKDOWNLP	SIGMA	1	direct:1	0x0000A51D	0x0000A532	CODE:0000A532                 bu      BREAKDOWNLP@SIGMA
BREAKOBJ@DIRQ	BREAKOBJ	DIRQ	1	direct:1	0x0000C95E	0x00000093	CODE:00000093                 ldi     @BREAKOBJ@DIRQ,r1
BRIDGE_OFF@OVERLAY	BRIDGE_OFF	OVERLAY	1	direct:1	0x0000AD62	0x0000AD6A	CODE:0000AD6A                 call    BRIDGE_OFF@OVERLAY
BS10@COLLA	BS10	COLLA	1	direct:1	0x00001FEE	0x00001FEB	CODE:00001FEB                 bhs     BS10@COLLA
BS2@COLLA	BS2	COLLA	1	direct:1	0x00001FE6	0x00001FDE	CODE:00001FDE                 blt     BS2@COLLA
BS3X@COLLA	BS3X	COLLA	1	direct:1	0x00001FCD	0x00001FCA	CODE:00001FCA                 blt     BS3X@COLLA
BSCX@COLLA	BSCX	COLLA	1	direct:1	0x00001FF5	0x00001FCF	CODE:00001FCF                 be      BSCX@COLLA
BURNIN_TEST@DIAG	BURNIN_TEST	DIAG	1	direct:1	0x00000BA5	0x00000BB8	CODE:00000BB8                 bne     BURNIN_TEST@DIAG
BUSTUP0@DIRQ	BUSTUP0	DIRQ	1	direct:1	0x000003C0	0x000003BE	CODE:000003BE                 blt     BUSTUP0@DIRQ
BUTLITE@CUSA	BUTLITE	CUSA	1	direct:1	0x00004E88	0x00005013	CODE:00005013                 bu      BUTLITE@CUSA
BUTTONI@CUSA	BUTTONI	CUSA	1	direct:1	0x00004FFC	0x00005011	CODE:00005011                 addi    @BUTTONI@CUSA,ar0
BUTTONS@CUSA	BUTTONS	CUSA	1	direct:1	0x00004E60	0x00004CD3	CODE:00004CD3                 call    BUTTONS@CUSA
byte_1004	byte_1004		1	direct:1	0x00001004	0x00001001	CODE:00001001                 ldi     @byte_1004,ar2
byte_1055	byte_1055		1	direct:1	0x00001055	0x00001057	CODE:00001057                 ldi     @byte_1055,ar4
byte_18A0	byte_18A0		1	direct:1	0x000018A0	0x000018BA	CODE:000018BA                 ldi     @byte_18A0,ar2
byte_1A57	byte_1A57		1	direct:1	0x00001A57	0x00001A64	CODE:00001A64                 addi    @byte_1A57,ar7
byte_3964	byte_3964		1	direct:1	0x00003964	0x00003B11	CODE:00003B11                 ldi     @byte_3964,ar4
byte_3965	byte_3965		1	direct:1	0x00003965	0x00003BBB	CODE:00003BBB                 addi    @byte_3965,ar0
byte_396F	byte_396F		1	direct:1	0x0000396F	0x00003C87	CODE:00003C87                 addi    @byte_396F,ar2
byte_3CBF	byte_3CBF		1	direct:1	0x00003CBF	0x00003CC9	CODE:00003CC9                 addi    @byte_3CBF,ar2
byte_3CEE	byte_3CEE		1	direct:1	0x00003CEE	0x00003D01	CODE:00003D01                 ldi     @byte_3CEE,ar2
byte_3CEF	byte_3CEF		1	direct:1	0x00003CEF	0x00003D54	CODE:00003D54                 ldi     @byte_3CEF,ar2
byte_3D95	byte_3D95		1	direct:1	0x00003D95	0x00003D9D	CODE:00003D9D                 addi    @byte_3D95,ar0
byte_3F79	byte_3F79		1	direct:1	0x00003F79	0x000041A8	CODE:000041A8                 ldi     @byte_3F79,ar1
byte_61EC	byte_61EC		1	direct:1	0x000061EC	0x0000653D	CODE:0000653D                 ldi     @byte_61EC,r4
byte_64F	byte_64F		1	direct:1	0x0000064F	0x00000A53	CODE:00000A53                 ldi     @byte_64F,r0
byte_6530	byte_6530		1	direct:1	0x00006530	0x00006533	CODE:00006533                 ldi     @byte_6530,r0
byte_6915	byte_6915		1	direct:1	0x00006915	0x00001A72	CODE:00001A72                 addi    @byte_6915,ar5
byte_6CB7	byte_6CB7		1	direct:1	0x00006CB7	0x00006D9E	CODE:00006D9E                 ldi     @byte_6CB7,ar2
byte_6CB8	byte_6CB8		1	direct:1	0x00006CB8	0x00006EBA	CODE:00006EBA                 ldi     @byte_6CB8,ar2
byte_6CB9	byte_6CB9		1	direct:1	0x00006CB9	0x00006EC3	CODE:00006EC3                 ldi     @byte_6CB9,ar2
byte_800047	byte_800047		1	direct:1	0x00800047	0x000031D4	CODE:000031D4                 ldi     @byte_800047,ar2
byte_809808	byte_809808		1	direct:1	0x00809808	0x00009331	CODE:00009331                 stf     r0,@byte_809808
byte_80980D	byte_80980D		1	direct:1	0x0080980D	0x00008425	CODE:00008425                 ldf     @byte_80980D,r1
byte_80980F	byte_80980F		1	direct:1	0x0080980F	0x0000708E	CODE:0000708E                 mpyf    @byte_80980F,r0
byte_809811	byte_809811		1	direct:1	0x00809811	0x00007090	CODE:00007090                 mpyf    @byte_809811,r2
byte_809812	byte_809812		1	direct:1	0x00809812	0x00009337	CODE:00009337                 stf     r0,@byte_809812
byte_809813	byte_809813		1	direct:1	0x00809813	0x00009338	CODE:00009338                 stf     r0,@byte_809813
byte_809814	byte_809814		1	direct:1	0x00809814	0x00009335	CODE:00009335                 stf     r0,@byte_809814
byte_80983C	byte_80983C		1	direct:1	0x0080983C	0x00008420	CODE:00008420                 ldf     @byte_80983C,r7
byte_809856	byte_809856		1	direct:1	0x00809856	0x0000A461	CODE:0000A461                 addf    @byte_809856,r0
byte_80B19E	byte_80B19E		1	direct:1	0x0080B19E	0x000031D7	CODE:000031D7                 ldi     @byte_80B19E,ar2
byte_80B21B	byte_80B21B		1	direct:1	0x0080B21B	0x000017C3	CODE:000017C3                 ldi     @byte_80B21B,r0
byte_80B21C	byte_80B21C		1	direct:1	0x0080B21C	0x000017C0	CODE:000017C0                 ldi     @byte_80B21C,r0
byte_80B21D	byte_80B21D		1	direct:1	0x0080B21D	0x000017D0	CODE:000017D0                 ldi     @byte_80B21D,r0
byte_80B21E	byte_80B21E		1	direct:1	0x0080B21E	0x000017CD	CODE:000017CD                 ldi     @byte_80B21E,r0
byte_80B21F	byte_80B21F		1	direct:1	0x0080B21F	0x000017D8	CODE:000017D8                 ldi     @byte_80B21F,r0
byte_80B220	byte_80B220		1	direct:1	0x0080B220	0x000017D5	CODE:000017D5                 ldi     @byte_80B220,r0
byte_80B221	byte_80B221		1	direct:1	0x0080B221	0x000017E8	CODE:000017E8                 ldi     @byte_80B221,ar2
byte_80C7A3	byte_80C7A3		1	direct:1	0x0080C7A3	0x00006577	CODE:00006577                 ldi     @byte_80C7A3,ar2 ; LDL
byte_80C91B	byte_80C91B		1	direct:1	0x0080C91B	0x0000180A	CODE:0000180A                 stf     r0,@byte_80C91B
byte_80C961	byte_80C961		1	direct:1	0x0080C961	0x000017F6	CODE:000017F6                 sti     r0,@byte_80C961
byte_80C968	byte_80C968		1	direct:1	0x0080C968	0x000017F4	CODE:000017F4                 sti     r0,@byte_80C968
byte_80C96A	byte_80C96A		1	direct:1	0x0080C96A	0x000017F0	CODE:000017F0                 stf     r0,@byte_80C96A
byte_80C976	byte_80C976		1	direct:1	0x0080C976	0x000017F7	CODE:000017F7                 sti     r0,@byte_80C976
byte_80E430	byte_80E430		1	direct:1	0x0080E430	0x00001826	CODE:00001826                 ldf     @byte_80E430,r1
byte_80E431	byte_80E431		1	direct:1	0x0080E431	0x00001827	CODE:00001827                 ldf     @byte_80E431,r2
byte_80E432	byte_80E432		1	direct:1	0x0080E432	0x00001841	CODE:00001841                 ldf     @byte_80E432,r2
byte_80E4AF	byte_80E4AF		1	direct:1	0x0080E4AF	0x000017FC	CODE:000017FC                 sti     r0,@byte_80E4AF
byte_80E61B	byte_80E61B		1	direct:1	0x0080E61B	0x000017F8	CODE:000017F8                 sti     r0,@byte_80E61B
byte_80E628	byte_80E628		1	direct:1	0x0080E628	0x000017FA	CODE:000017FA                 sti     r0,@byte_80E628
byte_80E634	byte_80E634		1	direct:1	0x0080E634	0x000017E7	CODE:000017E7                 sti     r0,@byte_80E634
byte_80E635	byte_80E635		1	direct:1	0x0080E635	0x000017B5	CODE:000017B5                 sti     r0,@byte_80E635
byte_80E636	byte_80E636		1	direct:1	0x0080E636	0x000017B3	CODE:000017B3                 sti     r0,@byte_80E636
byte_80E637	byte_80E637		1	direct:1	0x0080E637	0x000017FE	CODE:000017FE                 sti     r0,@byte_80E637
byte_80E665	byte_80E665		1	direct:1	0x0080E665	0x000017B4	CODE:000017B4                 sti     r0,@byte_80E665
byte_980020	byte_980020		1	direct:1	0x00980020	0x000080E5	CODE:000080E5                 ldi     @byte_980020,r0
byte_98002B	byte_98002B		1	direct:1	0x0098002B	0x000080ED	CODE:000080ED                 sti     r1,@byte_98002B
byte_980041	byte_980041		1	direct:1	0x00980041	0x00004B0D	CODE:00004B0D                 sti     r0,@byte_980041
byte_98004B	byte_98004B		1	direct:1	0x0098004B	0x000005BC	CODE:000005BC                 ldi     @byte_98004B,ar5
byte_98004F	byte_98004F		1	direct:1	0x0098004F	0x0000049A	CODE:0000049A                 ldi     @byte_98004F,ir0
byte_980051	byte_980051		1	direct:1	0x00980051	0x000005BB	CODE:000005BB                 ldi     @byte_980051,ar3
byte_980062	byte_980062		1	direct:1	0x00980062	0x0000AF51	CODE:0000AF51                 addi    @byte_980062,ar0
byte_9805F5	byte_9805F5		1	direct:1	0x009805F5	0x000004A2	CODE:000004A2                 ldi     @byte_9805F5,ar0
byte_98064F	byte_98064F		1	direct:1	0x0098064F	0x0000066A	CODE:0000066A                 ldi     @byte_98064F,r0
byte_9807	byte_9807		1	direct:1	0x00009807	0x00002B1A	CODE:00002B1A                 ldf     @byte_9807,r6
byte_989D0B	byte_989D0B		1	direct:1	0x00989D0B	0x000032D1	CODE:000032D1                 ldi     @byte_989D0B,ar2
byte_98AF84	byte_98AF84		1	direct:1	0x0098AF84	0x0000AF98	CODE:0000AF98                 ldi     @byte_98AF84,r0 ; LDPI
byte_98AFA4	byte_98AFA4		1	direct:1	0x0098AFA4	0x0000AFF0	CODE:0000AFF0                 ldf     @byte_98AFA4,r2
byte_98B198	byte_98B198		1	direct:1	0x0098B198	0x0000324F	CODE:0000324F                 addi    @byte_98B198,r0
byte_98B19A	byte_98B19A		1	direct:1	0x0098B19A	0x000032C1	CODE:000032C1                 ldi     @byte_98B19A,ar2
byte_98B19F	byte_98B19F		1	direct:1	0x0098B19F	0x000031E6	CODE:000031E6                 ldi     @byte_98B19F,ar2
byte_98B1A0	byte_98B1A0		1	direct:1	0x0098B1A0	0x000031E8	CODE:000031E8                 ldi     @byte_98B1A0,ar2
byte_98B1A1	byte_98B1A1		1	direct:1	0x0098B1A1	0x000031EB	CODE:000031EB                 ldi     @byte_98B1A1,ar2
byte_98B1A2	byte_98B1A2		1	direct:1	0x0098B1A2	0x000031F7	CODE:000031F7                 ldi     @byte_98B1A2,ar2
byte_98B1A3	byte_98B1A3		1	direct:1	0x0098B1A3	0x00003204	CODE:00003204                 ldi     @byte_98B1A3,ar2
byte_98B1A4	byte_98B1A4		1	direct:1	0x0098B1A4	0x0000320F	CODE:0000320F                 ldi     @byte_98B1A4,ar2
byte_98B1A5	byte_98B1A5		1	direct:1	0x0098B1A5	0x00003218	CODE:00003218                 ldi     @byte_98B1A5,ar2
byte_98B1A6	byte_98B1A6		1	direct:1	0x0098B1A6	0x0000321F	CODE:0000321F                 ldi     @byte_98B1A6,ar2
byte_98B1A7	byte_98B1A7		1	direct:1	0x0098B1A7	0x00003238	CODE:00003238                 ldi     @byte_98B1A7,r1
byte_98C80F	byte_98C80F		1	direct:1	0x0098C80F	0x0000065F	CODE:0000065F                 ldi     @byte_98C80F,ar2 ; LDL
byte_98C8F8	byte_98C8F8		1	direct:1	0x0098C8F8	0x0000B014	CODE:0000B014                 float   @byte_98C8F8,r1
byte_98C95F	byte_98C95F		1	direct:1	0x0098C95F	0x00003353	CODE:00003353                 subi    @byte_98C95F,ar5
byte_98C961	byte_98C961		1	direct:1	0x0098C961	0x00003363	CODE:00003363                 sti     r0,@byte_98C961
byte_98C967	byte_98C967		1	direct:1	0x0098C967	0x00003237	CODE:00003237                 ldi     @byte_98C967,r0
byte_98C96B	byte_98C96B		1	direct:1	0x0098C96B	0x0000326A	CODE:0000326A                 ldi     @byte_98C96B,r0
byte_98C971	byte_98C971		1	direct:1	0x0098C971	0x000031F0	CODE:000031F0                 sti     r0,@byte_98C971
byte_98E49F	byte_98E49F		1	direct:1	0x0098E49F	0x0000AFB6	CODE:0000AFB6                 ldi     @byte_98E49F,r5 ; LDPI
byte_98E4B1	byte_98E4B1		1	direct:1	0x0098E4B1	0x000032E8	CODE:000032E8                 ldi     @byte_98E4B1,r1
byte_98E4EC	byte_98E4EC		1	direct:1	0x0098E4EC	0x000032EF	CODE:000032EF                 ldi     @byte_98E4EC,r0
byte_98E5FB	byte_98E5FB		1	direct:1	0x0098E5FB	0x000031E5	CODE:000031E5                 sti     r0,@byte_98E5FB
byte_98E668	byte_98E668		1	direct:1	0x0098E668	0x000031F2	CODE:000031F2                 sti     r0,@byte_98E668
byte_98E8CB	byte_98E8CB		1	direct:1	0x0098E8CB	0x0000322B	CODE:0000322B                 ldf     @byte_98E8CB,r1
byte_98E8CE	byte_98E8CE		1	direct:1	0x0098E8CE	0x00003223	CODE:00003223                 ldf     @byte_98E8CE,r0
byte_98EA64	byte_98EA64		1	direct:1	0x0098EA64	0x0000AF54	CODE:0000AF54                 sti     r4,@byte_98EA64
byte_98EA72	byte_98EA72		1	direct:1	0x0098EA72	0x0000AF57	CODE:0000AF57                 sti     r4,@byte_98EA72
byte_98EA73	byte_98EA73		1	direct:1	0x0098EA73	0x0000AF59	CODE:0000AF59                 sti     r5,@byte_98EA73
byte_98EA74	byte_98EA74		1	direct:1	0x0098EA74	0x0000AF5B	CODE:0000AF5B                 sti     r6,@byte_98EA74
byte_98EA75	byte_98EA75		1	direct:1	0x0098EA75	0x0000AF5D	CODE:0000AF5D                 sti     r7,@byte_98EA75
byte_98EA79	byte_98EA79		1	direct:1	0x0098EA79	0x0000B02C	CODE:0000B02C                 stf     r0,@byte_98EA79
byte_991050	byte_991050		1	direct:1	0x00991050	0x00004B02	CODE:00004B02                 ldi     @byte_991050,r0
byte_992D	byte_992D		1	direct:1	0x0000992D	0x00009924	CODE:00009924                 ldi     @byte_992D,r2
byte_997001	byte_997001		1	direct:1	0x00997001	0x00007F4C	CODE:00007F4C                 sti     r0,@byte_997001
byte_99B253	byte_99B253		1	direct:1	0x0099B253	0x00001D19	CODE:00001D19                 ldi     @byte_99B253,r1
byte_99B254	byte_99B254		1	direct:1	0x0099B254	0x00001D20	CODE:00001D20                 ldi     @byte_99B254,ar2
byte_99C6EC	byte_99C6EC		1	direct:1	0x0099C6EC	0x000092BB	CODE:000092BB                 ldi     @byte_99C6EC,ar2 ; LDL
byte_99C7D0	byte_99C7D0		1	direct:1	0x0099C7D0	0x0000478A	CODE:0000478A                 ldi     @byte_99C7D0,r1
byte_99C7D1	byte_99C7D1		1	direct:1	0x0099C7D1	0x000047A9	CODE:000047A9                 ldi     @byte_99C7D1,ar2
byte_99C7D2	byte_99C7D2		1	direct:1	0x0099C7D2	0x0000480C	CODE:0000480C                 ldi     @byte_99C7D2,ar2
byte_99C7D3	byte_99C7D3		1	direct:1	0x0099C7D3	0x0000480E	CODE:0000480E                 ldi     @byte_99C7D3,ar0
byte_99C7D4	byte_99C7D4		1	direct:1	0x0099C7D4	0x0000480F	CODE:0000480F                 ldi     @byte_99C7D4,ar1
byte_99C7D5	byte_99C7D5		1	direct:1	0x0099C7D5	0x00004811	CODE:00004811                 ldi     @byte_99C7D5,ar0
byte_99C7D6	byte_99C7D6		1	direct:1	0x0099C7D6	0x00004812	CODE:00004812                 ldi     @byte_99C7D6,ar1
byte_99C7D7	byte_99C7D7		1	direct:1	0x0099C7D7	0x00004814	CODE:00004814                 ldi     @byte_99C7D7,ar0
byte_99C7D8	byte_99C7D8		1	direct:1	0x0099C7D8	0x00004815	CODE:00004815                 ldi     @byte_99C7D8,ar1
byte_99C7D9	byte_99C7D9		1	direct:1	0x0099C7D9	0x00004821	CODE:00004821                 ldi     @byte_99C7D9,ar2
byte_99C7DA	byte_99C7DA		1	direct:1	0x0099C7DA	0x00004823	CODE:00004823                 ldi     @byte_99C7DA,ar0
byte_99C7DB	byte_99C7DB		1	direct:1	0x0099C7DB	0x00004824	CODE:00004824                 ldi     @byte_99C7DB,ar1
byte_99C7DC	byte_99C7DC		1	direct:1	0x0099C7DC	0x00004826	CODE:00004826                 ldi     @byte_99C7DC,ar0
byte_99C7DD	byte_99C7DD		1	direct:1	0x0099C7DD	0x00004827	CODE:00004827                 ldi     @byte_99C7DD,ar1
byte_99C7DE	byte_99C7DE		1	direct:1	0x0099C7DE	0x00004829	CODE:00004829                 ldi     @byte_99C7DE,ar0
byte_99C7DF	byte_99C7DF		1	direct:1	0x0099C7DF	0x0000482A	CODE:0000482A                 ldi     @byte_99C7DF,ar1
byte_99C7E0	byte_99C7E0		1	direct:1	0x0099C7E0	0x00004836	CODE:00004836                 ldi     @byte_99C7E0,ar2
byte_99C7E1	byte_99C7E1		1	direct:1	0x0099C7E1	0x00004838	CODE:00004838                 ldi     @byte_99C7E1,ar0
byte_99C7E2	byte_99C7E2		1	direct:1	0x0099C7E2	0x00004839	CODE:00004839                 ldi     @byte_99C7E2,ar1
byte_99C7E3	byte_99C7E3		1	direct:1	0x0099C7E3	0x0000483B	CODE:0000483B                 ldi     @byte_99C7E3,ar0
byte_99C7E4	byte_99C7E4		1	direct:1	0x0099C7E4	0x0000483C	CODE:0000483C                 ldi     @byte_99C7E4,ar1
byte_99C7E5	byte_99C7E5		1	direct:1	0x0099C7E5	0x0000483E	CODE:0000483E                 ldi     @byte_99C7E5,ar0
byte_99C7E6	byte_99C7E6		1	direct:1	0x0099C7E6	0x0000483F	CODE:0000483F                 ldi     @byte_99C7E6,ar1
byte_99C8D6	byte_99C8D6		1	direct:1	0x0099C8D6	0x000011F5	CODE:000011F5                 ldi     @byte_99C8D6,ar2
byte_99C8D7	byte_99C8D7		1	direct:1	0x0099C8D7	0x00001226	CODE:00001226                 ldi     @byte_99C8D7,ar2
byte_99C8D8	byte_99C8D8		1	direct:1	0x0099C8D8	0x00001231	CODE:00001231                 ldi     @byte_99C8D8,ar2
byte_99C8D9	byte_99C8D9		1	direct:1	0x0099C8D9	0x00001262	CODE:00001262                 ldi     @byte_99C8D9,ar2
byte_99C8DA	byte_99C8DA		1	direct:1	0x0099C8DA	0x00001293	CODE:00001293                 ldi     @byte_99C8DA,ar2
byte_99C8DB	byte_99C8DB		1	direct:1	0x0099C8DB	0x000012BC	CODE:000012BC                 ldi     @byte_99C8DB,ar2
byte_99C8DC	byte_99C8DC		1	direct:1	0x0099C8DC	0x000012E0	CODE:000012E0                 ldi     @byte_99C8DC,ar2 ; TEXTITT
byte_99C8DD	byte_99C8DD		1	direct:1	0x0099C8DD	0x000012E4	CODE:000012E4                 ldi     @byte_99C8DD,ar2 ; TEXTITT
byte_99C8DE	byte_99C8DE		1	direct:1	0x0099C8DE	0x000012E8	CODE:000012E8                 ldi     @byte_99C8DE,ar2 ; TEXTITT
byte_99C8DF	byte_99C8DF		1	direct:1	0x0099C8DF	0x00001305	CODE:00001305                 ldi     @byte_99C8DF,ar2 ; TEXTITT
byte_99C8E0	byte_99C8E0		1	direct:1	0x0099C8E0	0x00001309	CODE:00001309                 ldi     @byte_99C8E0,ar2 ; TEXTITT
byte_99C8E1	byte_99C8E1		1	direct:1	0x0099C8E1	0x0000130D	CODE:0000130D                 ldi     @byte_99C8E1,ar2 ; TEXTITT
byte_99C8E2	byte_99C8E2		1	direct:1	0x0099C8E2	0x00001342	CODE:00001342                 ldi     @byte_99C8E2,ar2 ; TEXTITT
byte_99C8E3	byte_99C8E3		1	direct:1	0x0099C8E3	0x00001346	CODE:00001346                 ldi     @byte_99C8E3,ar2 ; TEXTITT
byte_99C8E4	byte_99C8E4		1	direct:1	0x0099C8E4	0x0000134A	CODE:0000134A                 ldi     @byte_99C8E4,ar2 ; TEXTITT
byte_99C8E5	byte_99C8E5		1	direct:1	0x0099C8E5	0x00001361	CODE:00001361                 ldi     @byte_99C8E5,ar2 ; TEXTITT
byte_99C8E6	byte_99C8E6		1	direct:1	0x0099C8E6	0x00001365	CODE:00001365                 ldi     @byte_99C8E6,ar2 ; TEXTITT
byte_99C8E7	byte_99C8E7		1	direct:1	0x0099C8E7	0x00001369	CODE:00001369                 ldi     @byte_99C8E7,ar2 ; TEXTITT
byte_99C8E8	byte_99C8E8		1	direct:1	0x0099C8E8	0x0000136D	CODE:0000136D                 ldi     @byte_99C8E8,ar2 ; TEXTITT
byte_99C8F5	byte_99C8F5		1	direct:1	0x0099C8F5	0x00001D33	CODE:00001D33                 ldi     @byte_99C8F5,r0
byte_99C910	byte_99C910		1	direct:1	0x0099C910	0x00001D2E	CODE:00001D2E                 ldi     @byte_99C910,r0
byte_99C913	byte_99C913		1	direct:1	0x0099C913	0x00001D2C	CODE:00001D2C                 ldi     @byte_99C913,r0
byte_99C918	byte_99C918		1	direct:1	0x0099C918	0x00001D65	CODE:00001D65                 sti     ar2,@byte_99C918
byte_99C961	byte_99C961		1	direct:1	0x0099C961	0x00001D63	CODE:00001D63                 sti     r0,@byte_99C961
byte_99E61C	byte_99E61C		1	direct:1	0x0099E61C	0x00001D24	CODE:00001D24                 sti     r0,@byte_99E61C
byte_99E662	byte_99E662		1	direct:1	0x0099E662	0x00001D57	CODE:00001D57                 sti     ar2,@byte_99E662 ; STPI
byte_99E666	byte_99E666		1	direct:1	0x0099E666	0x00001D32	CODE:00001D32                 sti     r0,@byte_99E666
byte_99EA77	byte_99EA77		1	direct:1	0x0099EA77	0x00001D52	CODE:00001D52                 ldi     @byte_99EA77,ar2
byte_99EB7F	byte_99EB7F		1	direct:1	0x0099EB7F	0x000047A8	CODE:000047A8                 sti     r0,@byte_99EB7F
byte_99EB83	byte_99EB83		1	direct:1	0x0099EB83	0x00004790	CODE:00004790                 sti     r1,@byte_99EB83
byte_9E0001	byte_9E0001		1	direct:1	0x009E0001	0x00004F47	CODE:00004F47                 sti     r0,@byte_9E0001
byte_9E0003	byte_9E0003		1	direct:1	0x009E0003	0x00004F49	CODE:00004F49                 sti     r0,@byte_9E0003
byte_9E000B	byte_9E000B		1	direct:1	0x009E000B	0x00004F4B	CODE:00004F4B                 sti     r0,@byte_9E000B
byte_9E00FF	byte_9E00FF		1	direct:1	0x009E00FF	0x00009401	CODE:00009401                 sti     r0,@byte_9E00FF
byte_B0BE	byte_B0BE		1	direct:1	0x0000B0BE	0x00004B6D	CODE:00004B6D                 ldi     @byte_B0BE,r0   ; LDL
byte_B0D6	byte_B0D6		1	direct:1	0x0000B0D6	0x0000501F	CODE:0000501F                 ldi     @byte_B0D6,ar2  ; TEXTITT
byte_B0D7	byte_B0D7		1	direct:1	0x0000B0D7	0x00005023	CODE:00005023                 ldi     @byte_B0D7,ar2  ; TEXTITT
byte_B0D8	byte_B0D8		1	direct:1	0x0000B0D8	0x00005036	CODE:00005036                 ldi     @byte_B0D8,ar2  ; TEXTITT
byte_B0D9	byte_B0D9		1	direct:1	0x0000B0D9	0x0000503A	CODE:0000503A                 ldi     @byte_B0D9,ar2  ; TEXTITT
byte_B0F2	byte_B0F2		1	direct:1	0x0000B0F2	0x00003FEE	CODE:00003FEE                 ldi     @byte_B0F2,ar2  ; CREATE
byte_B0F3	byte_B0F3		1	direct:1	0x0000B0F3	0x00004079	CODE:00004079                 ldi     @byte_B0F3,ar2  ; LDL
byte_B0F4	byte_B0F4		1	direct:1	0x0000B0F4	0x0000407D	CODE:0000407D                 addi    @byte_B0F4,rc
byte_B0F5	byte_B0F5		1	direct:1	0x0000B0F5	0x00004087	CODE:00004087                 ldi     @byte_B0F5,ar2  ; LDL
byte_B0F6	byte_B0F6		1	direct:1	0x0000B0F6	0x00004239	CODE:00004239                 ldi     @byte_B0F6,ar2  ; CREATE
byte_B0F7	byte_B0F7		1	direct:1	0x0000B0F7	0x000042DB	CODE:000042DB                 ldi     @byte_B0F7,ar2
byte_B0F8	byte_B0F8		1	direct:1	0x0000B0F8	0x000042EE	CODE:000042EE                 ldi     @byte_B0F8,ar2
byte_B0F9	byte_B0F9		1	direct:1	0x0000B0F9	0x00004305	CODE:00004305                 ldi     @byte_B0F9,ar2
byte_B0FA	byte_B0FA		1	direct:1	0x0000B0FA	0x00004309	CODE:00004309                 ldi     @byte_B0FA,ar2
byte_B0FB	byte_B0FB		1	direct:1	0x0000B0FB	0x0000439A	CODE:0000439A                 ldi     @byte_B0FB,ar2
byte_B0FC	byte_B0FC		1	direct:1	0x0000B0FC	0x000043AA	CODE:000043AA                 ldi     @byte_B0FC,ar2  ; CREATE
byte_B0FD	byte_B0FD		1	direct:1	0x0000B0FD	0x000043CB	CODE:000043CB                 ldi     @byte_B0FD,ar2  ; CREATE
byte_B0FE	byte_B0FE		1	direct:1	0x0000B0FE	0x000043EA	CODE:000043EA                 ldi     @byte_B0FE,ar2  ; CREATE
byte_B0FF	byte_B0FF		1	direct:1	0x0000B0FF	0x000043FD	CODE:000043FD                 ldi     @byte_B0FF,ar2  ; CREATE
byte_B100	byte_B100		1	direct:1	0x0000B100	0x00004402	CODE:00004402                 ldi     @byte_B100,ar2  ; CREATE
byte_B101	byte_B101		1	direct:1	0x0000B101	0x00004425	CODE:00004425                 ldi     @byte_B101,ar6  ; LDL
byte_B102	byte_B102		1	direct:1	0x0000B102	0x00004456	CODE:00004456                 ldi     @byte_B102,ar2  ; CREATE
byte_B103	byte_B103		1	direct:1	0x0000B103	0x00004487	CODE:00004487                 ldi     @byte_B103,ar2  ; CREATE
byte_B104	byte_B104		1	direct:1	0x0000B104	0x00004493	CODE:00004493                 ldi     @byte_B104,ar2  ; CREATE
byte_B105	byte_B105		1	direct:1	0x0000B105	0x000044D4	CODE:000044D4                 ldi     @byte_B105,ar6  ; LDL
byte_B106	byte_B106		1	direct:1	0x0000B106	0x00003966	CODE:00003966                 ldi     @byte_B106,ar2  ; CREATE
byte_B107	byte_B107		1	direct:1	0x0000B107	0x000039BB	CODE:000039BB                 ldi     @byte_B107,ar2  ; CREATEC
byte_B108	byte_B108		1	direct:1	0x0000B108	0x000039BF	CODE:000039BF                 ldi     @byte_B108,ar2  ; LDL
byte_B109	byte_B109		1	direct:1	0x0000B109	0x000039CA	CODE:000039CA                 ldi     @byte_B109,ar2  ; LDL
byte_B10A	byte_B10A		1	direct:1	0x0000B10A	0x000039D6	CODE:000039D6                 ldi     @byte_B10A,ar2  ; LDL
byte_B10B	byte_B10B		1	direct:1	0x0000B10B	0x000039E0	CODE:000039E0                 ldi     @byte_B10B,ar2  ; LDL
byte_B10C	byte_B10C		1	direct:1	0x0000B10C	0x000039E4	CODE:000039E4                 ldi     @byte_B10C,ar2  ; LDL
byte_B10D	byte_B10D		1	direct:1	0x0000B10D	0x000039EE	CODE:000039EE                 ldi     @byte_B10D,ar2  ; LDL
byte_B10E	byte_B10E		1	direct:1	0x0000B10E	0x000039F2	CODE:000039F2                 ldi     @byte_B10E,ar2  ; LDL
byte_B10F	byte_B10F		1	direct:1	0x0000B10F	0x000039FC	CODE:000039FC                 ldi     @byte_B10F,ar2  ; LDL
byte_B110	byte_B110		1	direct:1	0x0000B110	0x00003A57	CODE:00003A57                 ldi     @byte_B110,ar2  ; CREATE
byte_B111	byte_B111		1	direct:1	0x0000B111	0x00003A5A	CODE:00003A5A                 ldi     @byte_B111,ar2  ; CREATE
byte_B112	byte_B112		1	direct:1	0x0000B112	0x00003A5D	CODE:00003A5D                 ldi     @byte_B112,ar2  ; CREATE
byte_B113	byte_B113		1	direct:1	0x0000B113	0x00003A6D	CODE:00003A6D                 ldi     @byte_B113,ar2  ; CREATE
byte_B114	byte_B114		1	direct:1	0x0000B114	0x00003A86	CODE:00003A86                 ldi     @byte_B114,ar2  ; CREATE
byte_B115	byte_B115		1	direct:1	0x0000B115	0x00003A92	CODE:00003A92                 ldi     @byte_B115,ar2  ; CREATEC
byte_B116	byte_B116		1	direct:1	0x0000B116	0x00003A99	CODE:00003A99                 ldi     @byte_B116,r0   ; JSRP
byte_B117	byte_B117		1	direct:1	0x0000B117	0x00003A96	CODE:00003A96                 ldi     @byte_B117,r0   ; JSRP
byte_B118	byte_B118		1	direct:1	0x0000B118	0x00003A9C	CODE:00003A9C                 ldi     @byte_B118,ar2  ; CREATE
byte_B119	byte_B119		1	direct:1	0x0000B119	0x00003A9F	CODE:00003A9F                 ldi     @byte_B119,ar2  ; CREATE
byte_B11A	byte_B11A		1	direct:1	0x0000B11A	0x00003AA2	CODE:00003AA2                 ldi     @byte_B11A,ar2  ; CREATE
byte_B11B	byte_B11B		1	direct:1	0x0000B11B	0x00003AA5	CODE:00003AA5                 ldi     @byte_B11B,ar2  ; CREATE
byte_B11C	byte_B11C		1	direct:1	0x0000B11C	0x00003AA8	CODE:00003AA8                 ldi     @byte_B11C,ar2  ; CREATE
byte_B11D	byte_B11D		1	direct:1	0x0000B11D	0x00003AB1	CODE:00003AB1                 ldi     @byte_B11D,ar2  ; CREATE
byte_B11E	byte_B11E		1	direct:1	0x0000B11E	0x00003AB5	CODE:00003AB5                 ldi     @byte_B11E,ar2  ; ISREC
byte_B11F	byte_B11F		1	direct:1	0x0000B11F	0x00003ACD	CODE:00003ACD                 ldi     @byte_B11F,ar2  ; CREATE
byte_B120	byte_B120		1	direct:1	0x0000B120	0x00003AE5	CODE:00003AE5                 ldi     @byte_B120,r1   ; LDL
byte_B121	byte_B121		1	direct:1	0x0000B121	0x00003AE6	CODE:00003AE6                 ldi     @byte_B121,r2   ; LDL
byte_B122	byte_B122		1	direct:1	0x0000B122	0x00003AF4	CODE:00003AF4                 ldi     @byte_B122,ar2  ; LDL
byte_B123	byte_B123		1	direct:1	0x0000B123	0x00003AF6	CODE:00003AF6                 ldi     @byte_B123,ar2  ; LDL
byte_B124	byte_B124		1	direct:1	0x0000B124	0x00003AF8	CODE:00003AF8                 ldi     @byte_B124,ar2  ; LDL
byte_B125	byte_B125		1	direct:1	0x0000B125	0x00003AFE	CODE:00003AFE                 ldi     @byte_B125,ar2  ; CREATE
byte_B126	byte_B126		1	direct:1	0x0000B126	0x00003B2E	CODE:00003B2E                 ldi     @byte_B126,r0   ; JSRP
byte_B127	byte_B127		1	direct:1	0x0000B127	0x00003B2B	CODE:00003B2B                 ldi     @byte_B127,r0   ; JSRP
byte_B128	byte_B128		1	direct:1	0x0000B128	0x00003B5D	CODE:00003B5D                 ldi     @byte_B128,ar2  ; CREATE
byte_B129	byte_B129		1	direct:1	0x0000B129	0x00003B7B	CODE:00003B7B                 ldi     @byte_B129,r0   ; JSRP
byte_B12A	byte_B12A		1	direct:1	0x0000B12A	0x00003B78	CODE:00003B78                 ldi     @byte_B12A,r0   ; JSRP
byte_B12B	byte_B12B		1	direct:1	0x0000B12B	0x00003B8D	CODE:00003B8D                 ldi     @byte_B12B,r0   ; JSRP
byte_B12C	byte_B12C		1	direct:1	0x0000B12C	0x00003B8A	CODE:00003B8A                 ldi     @byte_B12C,r0   ; JSRP
byte_B12D	byte_B12D		1	direct:1	0x0000B12D	0x00003B93	CODE:00003B93                 ldi     @byte_B12D,r0   ; JSRP
byte_B12E	byte_B12E		1	direct:1	0x0000B12E	0x00003B90	CODE:00003B90                 ldi     @byte_B12E,r0   ; JSRP
byte_B12F	byte_B12F		1	direct:1	0x0000B12F	0x00003BB7	CODE:00003BB7                 ldi     @byte_B12F,ar2  ; CREATEC
byte_B130	byte_B130		1	direct:1	0x0000B130	0x00003BD4	CODE:00003BD4                 ldi     @byte_B130,ar2  ; CREATE
byte_B131	byte_B131		1	direct:1	0x0000B131	0x00003BF1	CODE:00003BF1                 ldi     @byte_B131,r0   ; JSRP
byte_B132	byte_B132		1	direct:1	0x0000B132	0x00003BEE	CODE:00003BEE                 ldi     @byte_B132,r0   ; JSRP
byte_B133	byte_B133		1	direct:1	0x0000B133	0x00003C00	CODE:00003C00                 ldi     @byte_B133,ar2  ; LDL
byte_B134	byte_B134		1	direct:1	0x0000B134	0x00003C02	CODE:00003C02                 ldi     @byte_B134,ar2  ; LDL
byte_B135	byte_B135		1	direct:1	0x0000B135	0x00003C0E	CODE:00003C0E                 ldi     @byte_B135,r0   ; JSRP
byte_B136	byte_B136		1	direct:1	0x0000B136	0x00003C0B	CODE:00003C0B                 ldi     @byte_B136,r0   ; JSRP
byte_B137	byte_B137		1	direct:1	0x0000B137	0x00003C25	CODE:00003C25                 ldi     @byte_B137,r0   ; JSRP
byte_B138	byte_B138		1	direct:1	0x0000B138	0x00003C22	CODE:00003C22                 ldi     @byte_B138,r0   ; JSRP
byte_B139	byte_B139		1	direct:1	0x0000B139	0x00003C37	CODE:00003C37                 ldi     @byte_B139,ar2  ; LDL
byte_B13A	byte_B13A		1	direct:1	0x0000B13A	0x00003C3F	CODE:00003C3F                 ldi     @byte_B13A,ar2  ; LDL
byte_B13B	byte_B13B		1	direct:1	0x0000B13B	0x00003C4B	CODE:00003C4B                 ldi     @byte_B13B,ar2  ; LDL
byte_B13C	byte_B13C		1	direct:1	0x0000B13C	0x00003C53	CODE:00003C53                 ldi     @byte_B13C,ar2  ; LDL
byte_B13D	byte_B13D		1	direct:1	0x0000B13D	0x00003CCF	CODE:00003CCF                 ldi     @byte_B13D,ar2  ; LDL
byte_B13E	byte_B13E		1	direct:1	0x0000B13E	0x00003CDA	CODE:00003CDA                 ldi     @byte_B13E,ar2  ; LDL
byte_B13F	byte_B13F		1	direct:1	0x0000B13F	0x00003CE1	CODE:00003CE1                 ldi     @byte_B13F,ar2  ; LDL
byte_B140	byte_B140		1	direct:1	0x0000B140	0x00003DA3	CODE:00003DA3                 ldi     @byte_B140,ar2  ; LDL
byte_B141	byte_B141		1	direct:1	0x0000B141	0x00003DB7	CODE:00003DB7                 ldi     @byte_B141,ar2  ; CREATEC
byte_B142	byte_B142		1	direct:1	0x0000B142	0x00003DE0	CODE:00003DE0                 ldi     @byte_B142,r6   ; LDL
byte_B143	byte_B143		1	direct:1	0x0000B143	0x00003DE1	CODE:00003DE1                 ldi     @byte_B143,r7   ; LDL
byte_B144	byte_B144		1	direct:1	0x0000B144	0x00003E08	CODE:00003E08                 ldi     @byte_B144,ar2  ; LDL
byte_B145	byte_B145		1	direct:1	0x0000B145	0x00003E62	CODE:00003E62                 ldi     @byte_B145,ar2  ; LDL
byte_B146	byte_B146		1	direct:1	0x0000B146	0x00003E96	CODE:00003E96                 ldi     @byte_B146,ar2  ; LDL
byte_B147	byte_B147		1	direct:1	0x0000B147	0x00003E9B	CODE:00003E9B                 ldi     @byte_B147,ar2  ; LDL
byte_B148	byte_B148		1	direct:1	0x0000B148	0x00003EA9	CODE:00003EA9                 ldi     @byte_B148,ar2  ; LDL
byte_B149	byte_B149		1	direct:1	0x0000B149	0x00003EE3	CODE:00003EE3                 ldi     @byte_B149,r0   ; LDL
byte_B14A	byte_B14A		1	direct:1	0x0000B14A	0x00003EEB	CODE:00003EEB                 ldi     @byte_B14A,ar2  ; LDL
byte_B14B	byte_B14B		1	direct:1	0x0000B14B	0x00003EFD	CODE:00003EFD                 ldi     @byte_B14B,ar2  ; LDL
byte_B14C	byte_B14C		1	direct:1	0x0000B14C	0x00003F0B	CODE:00003F0B                 ldi     @byte_B14C,ar2  ; LDL
byte_B151	byte_B151		1	direct:1	0x0000B151	0x00007477	CODE:00007477                 ldi     @byte_B151,ar2
byte_B156	byte_B156		1	direct:1	0x0000B156	0x00002251	CODE:00002251                 ldi     @byte_B156,ar2  ; CREATE
byte_B15C	byte_B15C		1	direct:1	0x0000B15C	0x0000A3F5	CODE:0000A3F5                 ldi     @byte_B15C,ar2  ; CREATE
byte_B15F	byte_B15F		1	direct:1	0x0000B15F	0x000067A9	CODE:000067A9                 ldi     @byte_B15F,r0   ; LDL
byte_B160	byte_B160		1	direct:1	0x0000B160	0x000067C4	CODE:000067C4                 ldi     @byte_B160,r0   ; LDL
byte_B165	byte_B165		1	direct:1	0x0000B165	0x0000B0A1	CODE:0000B0A1                 ldi     @byte_B165,ar2
byte_B16C	byte_B16C		1	direct:1	0x0000B16C	0x0000ABB2	CODE:0000ABB2                 ldi     @byte_B16C,ar2  ; TEXTITT
byte_B16D	byte_B16D		1	direct:1	0x0000B16D	0x0000ABB6	CODE:0000ABB6                 ldi     @byte_B16D,ar2  ; TEXTITT
byte_B16E	byte_B16E		1	direct:1	0x0000B16E	0x0000ABBA	CODE:0000ABBA                 ldi     @byte_B16E,ar2  ; TEXTITT
byte_B16F	byte_B16F		1	direct:1	0x0000B16F	0x0000ABCF	CODE:0000ABCF                 ldi     @byte_B16F,ar2  ; TEXTITT
byte_B173	byte_B173		1	direct:1	0x0000B173	0x0000ADD7	CODE:0000ADD7                 addi    @byte_B173,r0
byte_B198	byte_B198		1	direct:1	0x0000B198	0x00003820	CODE:00003820                 addi    @byte_B198,ar2
byte_B199	byte_B199		1	direct:1	0x0000B199	0x00003846	CODE:00003846                 addi    @byte_B199,ar0
byte_B19B	byte_B19B		1	direct:1	0x0000B19B	0x0000361F	CODE:0000361F                 ldi     @byte_B19B,ar1
byte_B19C	byte_B19C		1	direct:1	0x0000B19C	0x000038F3	CODE:000038F3                 ldi     @byte_B19C,ar3
byte_B1A8	byte_B1A8		1	direct:1	0x0000B1A8	0x0000350F	CODE:0000350F                 ldi     @byte_B1A8,ar2  ; CREATE
byte_B1A9	byte_B1A9		1	direct:1	0x0000B1A9	0x00003529	CODE:00003529                 ldi     @byte_B1A9,ar2  ; LDL
byte_B1AA	byte_B1AA		1	direct:1	0x0000B1AA	0x0000352C	CODE:0000352C                 ldi     @byte_B1AA,ar2  ; LDL
byte_B1AB	byte_B1AB		1	direct:1	0x0000B1AB	0x0000352F	CODE:0000352F                 ldi     @byte_B1AB,ar2  ; LDL
byte_B1AC	byte_B1AC		1	direct:1	0x0000B1AC	0x00003532	CODE:00003532                 ldi     @byte_B1AC,ar2  ; LDL
byte_B1AD	byte_B1AD		1	direct:1	0x0000B1AD	0x00003538	CODE:00003538                 ldi     @byte_B1AD,ar2  ; CREATEC
byte_B1AE	byte_B1AE		1	direct:1	0x0000B1AE	0x00003540	CODE:00003540                 ldi     @byte_B1AE,ar2  ; CREATE
byte_B1AF	byte_B1AF		1	direct:1	0x0000B1AF	0x00003547	CODE:00003547                 ldi     @byte_B1AF,ar2  ; LDL
byte_B1B0	byte_B1B0		1	direct:1	0x0000B1B0	0x0000378A	CODE:0000378A                 ldi     @byte_B1B0,r1
byte_B1B1	byte_B1B1		1	direct:1	0x0000B1B1	0x000037A8	CODE:000037A8                 ldi     @byte_B1B1,ar2  ; LDL
byte_B1B2	byte_B1B2		1	direct:1	0x0000B1B2	0x00003859	CODE:00003859                 ldi     @byte_B1B2,ar2  ; LDL
byte_B1B3	byte_B1B3		1	direct:1	0x0000B1B3	0x0000385B	CODE:0000385B                 ldi     @byte_B1B3,ar2  ; LDL
byte_B1B4	byte_B1B4		1	direct:1	0x0000B1B4	0x0000385D	CODE:0000385D                 ldi     @byte_B1B4,ar2  ; LDL
byte_B1B5	byte_B1B5		1	direct:1	0x0000B1B5	0x0000385F	CODE:0000385F                 ldi     @byte_B1B5,ar2  ; LDL
byte_B1B6	byte_B1B6		1	direct:1	0x0000B1B6	0x00003861	CODE:00003861                 ldi     @byte_B1B6,ar2  ; LDL
byte_B1B7	byte_B1B7		1	direct:1	0x0000B1B7	0x00003863	CODE:00003863                 ldi     @byte_B1B7,ar2  ; LDL
byte_B1B8	byte_B1B8		1	direct:1	0x0000B1B8	0x0000386B	CODE:0000386B                 ldi     @byte_B1B8,ar2  ; CREATE
byte_B1B9	byte_B1B9		1	direct:1	0x0000B1B9	0x0000388A	CODE:0000388A                 ldi     @byte_B1B9,ar2  ; LDL
byte_B1BA	byte_B1BA		1	direct:1	0x0000B1BA	0x0000389B	CODE:0000389B                 ldi     @byte_B1BA,ar2  ; LDL
byte_B1BB	byte_B1BB		1	direct:1	0x0000B1BB	0x000038AA	CODE:000038AA                 ldi     @byte_B1BB,ar2  ; CREATEC
byte_B1F9	byte_B1F9		1	direct:1	0x0000B1F9	0x00001555	CODE:00001555                 ldi     @byte_B1F9,ar2
byte_B1FA	byte_B1FA		1	direct:1	0x0000B1FA	0x0000155F	CODE:0000155F                 ldi     @byte_B1FA,ar2
byte_B1FB	byte_B1FB		1	direct:1	0x0000B1FB	0x00001563	CODE:00001563                 ldi     @byte_B1FB,ar2
byte_B1FC	byte_B1FC		1	direct:1	0x0000B1FC	0x0000156D	CODE:0000156D                 ldi     @byte_B1FC,ar2
byte_B1FD	byte_B1FD		1	direct:1	0x0000B1FD	0x00001571	CODE:00001571                 ldi     @byte_B1FD,ar2
byte_B1FE	byte_B1FE		1	direct:1	0x0000B1FE	0x0000157B	CODE:0000157B                 ldi     @byte_B1FE,ar2
byte_B1FF	byte_B1FF		1	direct:1	0x0000B1FF	0x0000158A	CODE:0000158A                 ldf     @byte_B1FF,r0
byte_B200	byte_B200		1	direct:1	0x0000B200	0x000015A0	CODE:000015A0                 ldi     @byte_B200,r0
byte_B201	byte_B201		1	direct:1	0x0000B201	0x0000159D	CODE:0000159D                 ldi     @byte_B201,r0
byte_B202	byte_B202		1	direct:1	0x0000B202	0x000015AA	CODE:000015AA                 ldi     @byte_B202,r0
byte_B203	byte_B203		1	direct:1	0x0000B203	0x000015A7	CODE:000015A7                 ldi     @byte_B203,r0
byte_B204	byte_B204		1	direct:1	0x0000B204	0x000015B4	CODE:000015B4                 ldi     @byte_B204,r0
byte_B205	byte_B205		1	direct:1	0x0000B205	0x000015B1	CODE:000015B1                 ldi     @byte_B205,r0
byte_B206	byte_B206		1	direct:1	0x0000B206	0x000015C3	CODE:000015C3                 ldi     @byte_B206,ar2
byte_B207	byte_B207		1	direct:1	0x0000B207	0x000015E8	CODE:000015E8                 ldi     @byte_B207,ar2
byte_B208	byte_B208		1	direct:1	0x0000B208	0x00001649	CODE:00001649                 ldi     @byte_B208,ar2
byte_B209	byte_B209		1	direct:1	0x0000B209	0x00001652	CODE:00001652                 ldi     @byte_B209,ar2
byte_B20A	byte_B20A		1	direct:1	0x0000B20A	0x0000166B	CODE:0000166B                 ldi     @byte_B20A,ar2
byte_B20B	byte_B20B		1	direct:1	0x0000B20B	0x000016A8	CODE:000016A8                 ldi     @byte_B20B,ar2
byte_B20C	byte_B20C		1	direct:1	0x0000B20C	0x000016AA	CODE:000016AA                 ldi     @byte_B20C,ar2
byte_B20D	byte_B20D		1	direct:1	0x0000B20D	0x000016AC	CODE:000016AC                 ldi     @byte_B20D,ar2
byte_B20E	byte_B20E		1	direct:1	0x0000B20E	0x000016BA	CODE:000016BA                 ldi     @byte_B20E,ar2
byte_B20F	byte_B20F		1	direct:1	0x0000B20F	0x000016BD	CODE:000016BD                 ldi     @byte_B20F,ar2
byte_B210	byte_B210		1	direct:1	0x0000B210	0x000016CB	CODE:000016CB                 ldi     @byte_B210,ar2
byte_B211	byte_B211		1	direct:1	0x0000B211	0x000016CE	CODE:000016CE                 ldi     @byte_B211,ar2
byte_B212	byte_B212		1	direct:1	0x0000B212	0x000016DC	CODE:000016DC                 ldi     @byte_B212,ar2
byte_B213	byte_B213		1	direct:1	0x0000B213	0x000016E8	CODE:000016E8                 ldi     @byte_B213,ar2
byte_B214	byte_B214		1	direct:1	0x0000B214	0x000016F1	CODE:000016F1                 ldi     @byte_B214,ar2
byte_B215	byte_B215		1	direct:1	0x0000B215	0x00001714	CODE:00001714                 ldi     @byte_B215,ar2
byte_B216	byte_B216		1	direct:1	0x0000B216	0x00001716	CODE:00001716                 ldi     @byte_B216,ar2
byte_B217	byte_B217		1	direct:1	0x0000B217	0x0000173D	CODE:0000173D                 ldi     @byte_B217,r0
byte_B218	byte_B218		1	direct:1	0x0000B218	0x0000173A	CODE:0000173A                 ldi     @byte_B218,r0
byte_B219	byte_B219		1	direct:1	0x0000B219	0x00001781	CODE:00001781                 ldi     @byte_B219,r0
byte_B21A	byte_B21A		1	direct:1	0x0000B21A	0x0000177E	CODE:0000177E                 ldi     @byte_B21A,r0
byte_B222	byte_B222		1	direct:1	0x0000B222	0x00001864	CODE:00001864                 ldi     @byte_B222,ar2  ; CREATE
byte_B223	byte_B223		1	direct:1	0x0000B223	0x00001867	CODE:00001867                 ldi     @byte_B223,ar2  ; CREATE
byte_B224	byte_B224		1	direct:1	0x0000B224	0x0000186A	CODE:0000186A                 ldi     @byte_B224,ar2  ; CREATE
byte_B225	byte_B225		1	direct:1	0x0000B225	0x0000186D	CODE:0000186D                 ldi     @byte_B225,ar2  ; CREATEC
byte_B226	byte_B226		1	direct:1	0x0000B226	0x00001870	CODE:00001870                 ldi     @byte_B226,ar2  ; CREATE
byte_B227	byte_B227		1	direct:1	0x0000B227	0x00001876	CODE:00001876                 ldi     @byte_B227,ar2  ; CREATE
byte_B228	byte_B228		1	direct:1	0x0000B228	0x0000187A	CODE:0000187A                 ldi     @byte_B228,ar2  ; CREATE
byte_B229	byte_B229		1	direct:1	0x0000B229	0x0000187E	CODE:0000187E                 ldi     @byte_B229,ar2  ; CREATE
byte_B22A	byte_B22A		1	direct:1	0x0000B22A	0x00001882	CODE:00001882                 ldi     @byte_B22A,ar2  ; CREATE
byte_B22B	byte_B22B		1	direct:1	0x0000B22B	0x00001886	CODE:00001886                 ldi     @byte_B22B,ar2  ; CREATE
byte_B22C	byte_B22C		1	direct:1	0x0000B22C	0x0000188A	CODE:0000188A                 ldi     @byte_B22C,ar2  ; CREATE
byte_B22D	byte_B22D		1	direct:1	0x0000B22D	0x0000188E	CODE:0000188E                 ldi     @byte_B22D,ar2  ; CREATE
byte_B22E	byte_B22E		1	direct:1	0x0000B22E	0x00001892	CODE:00001892                 ldi     @byte_B22E,ar2  ; CREATE
byte_B22F	byte_B22F		1	direct:1	0x0000B22F	0x0000189C	CODE:0000189C                 ldi     @byte_B22F,ar2  ; CREATE
byte_B230	byte_B230		1	direct:1	0x0000B230	0x000018B7	CODE:000018B7                 ldi     @byte_B230,ar2  ; CREATEC
byte_B231	byte_B231		1	direct:1	0x0000B231	0x000018C8	CODE:000018C8                 ldi     @byte_B231,ar2  ; LDL
byte_B232	byte_B232		1	direct:1	0x0000B232	0x000018CB	CODE:000018CB                 addi    @byte_B232,ar0
byte_B237	byte_B237		1	direct:1	0x0000B237	0x000018F1	CODE:000018F1                 ldi     @byte_B237,ar3  ; LDL
byte_B238	byte_B238		1	direct:1	0x0000B238	0x00001924	CODE:00001924                 ldi     @byte_B238,r0   ; JSRP
byte_B239	byte_B239		1	direct:1	0x0000B239	0x00001921	CODE:00001921                 ldi     @byte_B239,r0   ; JSRP
byte_B23A	byte_B23A		1	direct:1	0x0000B23A	0x00001927	CODE:00001927                 ldi     @byte_B23A,ar2  ; CREATE
byte_B23B	byte_B23B		1	direct:1	0x0000B23B	0x0000192A	CODE:0000192A                 ldi     @byte_B23B,ar2  ; CREATE
byte_B23C	byte_B23C		1	direct:1	0x0000B23C	0x0000192D	CODE:0000192D                 ldi     @byte_B23C,ar2  ; CREATE
byte_B23D	byte_B23D		1	direct:1	0x0000B23D	0x00001930	CODE:00001930                 ldi     @byte_B23D,ar2  ; CREATE
byte_B23E	byte_B23E		1	direct:1	0x0000B23E	0x00001933	CODE:00001933                 ldi     @byte_B23E,ar2  ; CREATE
byte_B23F	byte_B23F		1	direct:1	0x0000B23F	0x0000194E	CODE:0000194E                 ldi     @byte_B23F,ar2  ; LDL
byte_B240	byte_B240		1	direct:1	0x0000B240	0x00001A2A	CODE:00001A2A                 ldi     @byte_B240,ar3  ; LDL
byte_B241	byte_B241		1	direct:1	0x0000B241	0x00001A65	CODE:00001A65                 ldi     @byte_B241,ar5  ; LDL
byte_B242	byte_B242		1	direct:1	0x0000B242	0x00001A8A	CODE:00001A8A                 ldi     @byte_B242,ar2  ; LDL
byte_B243	byte_B243		1	direct:1	0x0000B243	0x00001A8E	CODE:00001A8E                 ldi     @byte_B243,ar2  ; LDL
byte_B244	byte_B244		1	direct:1	0x0000B244	0x00001A92	CODE:00001A92                 ldi     @byte_B244,ar2  ; LDL
byte_B245	byte_B245		1	direct:1	0x0000B245	0x00001A96	CODE:00001A96                 ldi     @byte_B245,ar2  ; LDL
byte_B246	byte_B246		1	direct:1	0x0000B246	0x00001A9A	CODE:00001A9A                 ldi     @byte_B246,ar2  ; LDL
byte_B247	byte_B247		1	direct:1	0x0000B247	0x00001AB0	CODE:00001AB0                 ldi     @byte_B247,ar2  ; LDL
byte_B248	byte_B248		1	direct:1	0x0000B248	0x00001AB4	CODE:00001AB4                 ldi     @byte_B248,ar2  ; LDL
byte_B249	byte_B249		1	direct:1	0x0000B249	0x00001AB8	CODE:00001AB8                 ldi     @byte_B249,ar2  ; LDL
byte_B24A	byte_B24A		1	direct:1	0x0000B24A	0x00001ABC	CODE:00001ABC                 ldi     @byte_B24A,ar2  ; LDL
byte_B24B	byte_B24B		1	direct:1	0x0000B24B	0x00001B74	CODE:00001B74                 ldf     @byte_B24B,r1   ; LDLF
byte_B24C	byte_B24C		1	direct:1	0x0000B24C	0x00001C28	CODE:00001C28                 ldi     @byte_B24C,ar2  ; LDL
byte_B24D	byte_B24D		1	direct:1	0x0000B24D	0x00001C3A	CODE:00001C3A                 ldi     @byte_B24D,ar2  ; LDL
byte_B24E	byte_B24E		1	direct:1	0x0000B24E	0x00001CA9	CODE:00001CA9                 ldi     @byte_B24E,ar2
byte_B24F	byte_B24F		1	direct:1	0x0000B24F	0x00001CB0	CODE:00001CB0                 ldi     @byte_B24F,ar2
byte_B250	byte_B250		1	direct:1	0x0000B250	0x00001CB9	CODE:00001CB9                 ldi     @byte_B250,ar2
byte_B251	byte_B251		1	direct:1	0x0000B251	0x00001CCB	CODE:00001CCB                 ldi     @byte_B251,ar6
byte_B252	byte_B252		1	direct:1	0x0000B252	0x00001CF4	CODE:00001CF4                 ldi     @byte_B252,ar6
byte_B256	byte_B256		1	direct:1	0x0000B256	0x00001DE3	CODE:00001DE3                 ldi     @byte_B256,ar2  ; CREATE
byte_B25D	byte_B25D		1	direct:1	0x0000B25D	0x00001E64	CODE:00001E64                 ldi     @byte_B25D,ar2
byte_B25E	byte_B25E		1	direct:1	0x0000B25E	0x00001E92	CODE:00001E92                 ldi     @byte_B25E,r1
byte_B25F	byte_B25F		1	direct:1	0x0000B25F	0x00001EEC	CODE:00001EEC                 ldi     @byte_B25F,ar2
byte_B260	byte_B260		1	direct:1	0x0000B260	0x00001EF4	CODE:00001EF4                 ldi     @byte_B260,ar2
byte_B261	byte_B261		1	direct:1	0x0000B261	0x00001F11	CODE:00001F11                 ldi     @byte_B261,ar5
byte_B262	byte_B262		1	direct:1	0x0000B262	0x00001F19	CODE:00001F19                 ldi     @byte_B262,ar5
byte_C644	byte_C644		1	direct:1	0x0000C644	0x00006133	CODE:00006133                 ldf     @byte_C644,r1   ; LDLF
byte_C645	byte_C645		1	direct:1	0x0000C645	0x00006138	CODE:00006138                 ldf     @byte_C645,r1   ; LDLF
byte_C649	byte_C649		1	direct:1	0x0000C649	0x0000AD52	CODE:0000AD52                 ldi     @byte_C649,ar2  ; CREATE
byte_C64E	byte_C64E		1	direct:1	0x0000C64E	0x00002A84	CODE:00002A84                 ldi     @byte_C64E,ar2  ; CREATEC
byte_C64F	byte_C64F		1	direct:1	0x0000C64F	0x00002A87	CODE:00002A87                 ldi     @byte_C64F,ar2  ; CREATEC
byte_C650	byte_C650		1	direct:1	0x0000C650	0x000030A1	CODE:000030A1                 ldi     @byte_C650,ar2  ; CREATEC
byte_C651	byte_C651		1	direct:1	0x0000C651	0x000030A6	CODE:000030A6                 ldi     @byte_C651,ar2  ; CREATEC
byte_C652	byte_C652		1	direct:1	0x0000C652	0x000030D4	CODE:000030D4                 ldi     @byte_C652,ar2  ; CREATEC
byte_C653	byte_C653		1	direct:1	0x0000C653	0x000030EB	CODE:000030EB                 ldi     @byte_C653,ar2  ; CREATEC
byte_C654	byte_C654		1	direct:1	0x0000C654	0x00003107	CODE:00003107                 ldi     @byte_C654,ar2  ; CREATEC
byte_C65E	byte_C65E		1	direct:1	0x0000C65E	0x00006A25	CODE:00006A25                 ldi     @byte_C65E,ar2  ; CREATE
byte_C661	byte_C661		1	direct:1	0x0000C661	0x00006A5A	CODE:00006A5A                 ldi     @byte_C661,ar2  ; CREATE
byte_C663	byte_C663		1	direct:1	0x0000C663	0x00006AB6	CODE:00006AB6                 ldi     @byte_C663,ar2  ; CREATEC
byte_C66A	byte_C66A		1	direct:1	0x0000C66A	0x00008C0C	CODE:00008C0C                 ldi     @byte_C66A,ar2
byte_C66B	byte_C66B		1	direct:1	0x0000C66B	0x00008C0F	CODE:00008C0F                 ldi     @byte_C66B,ar2
byte_C66C	byte_C66C		1	direct:1	0x0000C66C	0x00008C11	CODE:00008C11                 ldi     @byte_C66C,ar2
byte_C66D	byte_C66D		1	direct:1	0x0000C66D	0x00008C13	CODE:00008C13                 ldi     @byte_C66D,ar2
byte_C66E	byte_C66E		1	direct:1	0x0000C66E	0x00008C15	CODE:00008C15                 ldi     @byte_C66E,ar2
byte_C66F	byte_C66F		1	direct:1	0x0000C66F	0x00008C17	CODE:00008C17                 ldi     @byte_C66F,ar2
byte_C670	byte_C670		1	direct:1	0x0000C670	0x00008C19	CODE:00008C19                 ldi     @byte_C670,ar2
byte_C671	byte_C671		1	direct:1	0x0000C671	0x00008C1B	CODE:00008C1B                 ldi     @byte_C671,ar2
byte_C672	byte_C672		1	direct:1	0x0000C672	0x00008C1D	CODE:00008C1D                 ldi     @byte_C672,ar2
byte_C673	byte_C673		1	direct:1	0x0000C673	0x00008C1F	CODE:00008C1F                 ldi     @byte_C673,ar2
byte_C674	byte_C674		1	direct:1	0x0000C674	0x00008C21	CODE:00008C21                 ldi     @byte_C674,ar2
byte_C675	byte_C675		1	direct:1	0x0000C675	0x00008C23	CODE:00008C23                 ldi     @byte_C675,ar2
byte_C676	byte_C676		1	direct:1	0x0000C676	0x00008C25	CODE:00008C25                 ldi     @byte_C676,ar2
byte_C677	byte_C677		1	direct:1	0x0000C677	0x00008C27	CODE:00008C27                 ldi     @byte_C677,ar2
byte_C678	byte_C678		1	direct:1	0x0000C678	0x00008C29	CODE:00008C29                 ldi     @byte_C678,ar2
byte_C679	byte_C679		1	direct:1	0x0000C679	0x00008C2B	CODE:00008C2B                 ldi     @byte_C679,ar2
byte_C67A	byte_C67A		1	direct:1	0x0000C67A	0x00008C2D	CODE:00008C2D                 ldi     @byte_C67A,ar2
byte_C67B	byte_C67B		1	direct:1	0x0000C67B	0x00008C2F	CODE:00008C2F                 ldi     @byte_C67B,ar2
byte_C67C	byte_C67C		1	direct:1	0x0000C67C	0x00008C31	CODE:00008C31                 ldi     @byte_C67C,ar2
byte_C67D	byte_C67D		1	direct:1	0x0000C67D	0x00008C33	CODE:00008C33                 ldi     @byte_C67D,ar2
byte_C67E	byte_C67E		1	direct:1	0x0000C67E	0x00008C35	CODE:00008C35                 ldi     @byte_C67E,ar2
byte_C67F	byte_C67F		1	direct:1	0x0000C67F	0x00008C37	CODE:00008C37                 ldi     @byte_C67F,ar2
byte_C6E6	byte_C6E6		1	direct:1	0x0000C6E6	0x0000A4AD	CODE:0000A4AD                 ldi     @byte_C6E6,ar2  ; CREATEC
byte_C6E7	byte_C6E7		1	direct:1	0x0000C6E7	0x0000A519	CODE:0000A519                 ldi     @byte_C6E7,ar2  ; CREATEC
byte_C6E8	byte_C6E8		1	direct:1	0x0000C6E8	0x0000A523	CODE:0000A523                 ldi     @byte_C6E8,ar2  ; CREATEC
byte_C6EA	byte_C6EA		1	direct:1	0x0000C6EA	0x00009121	CODE:00009121                 ldi     @byte_C6EA,ar2  ; CREATE
byte_C6EB	byte_C6EB		1	direct:1	0x0000C6EB	0x00009240	CODE:00009240                 ldi     @byte_C6EB,ar3  ; LDL
byte_C6F1	byte_C6F1		1	direct:1	0x0000C6F1	0x0000859B	CODE:0000859B                 ldi     @byte_C6F1,ar2  ; CREATEC
byte_C6F2	byte_C6F2		1	direct:1	0x0000C6F2	0x000086B3	CODE:000086B3                 ldi     @byte_C6F2,ar2  ; CREATEC
byte_C6F3	byte_C6F3		1	direct:1	0x0000C6F3	0x000086F5	CODE:000086F5                 ldi     @byte_C6F3,ar2  ; CREATEC
byte_C719	byte_C719		1	direct:1	0x0000C719	0x00006D10	CODE:00006D10                 ldi     @byte_C719,ar2
byte_C71A	byte_C71A		1	direct:1	0x0000C71A	0x00006D1C	CODE:00006D1C                 ldi     @byte_C71A,ar2
byte_C71B	byte_C71B		1	direct:1	0x0000C71B	0x00006D28	CODE:00006D28                 ldi     @byte_C71B,ar2
byte_C71D	byte_C71D		1	direct:1	0x0000C71D	0x00006D65	CODE:00006D65                 ldi     @byte_C71D,r0
byte_C71E	byte_C71E		1	direct:1	0x0000C71E	0x00006D62	CODE:00006D62                 ldi     @byte_C71E,r0
byte_C71F	byte_C71F		1	direct:1	0x0000C71F	0x00006D71	CODE:00006D71                 ldi     @byte_C71F,r0
byte_C720	byte_C720		1	direct:1	0x0000C720	0x00006D6E	CODE:00006D6E                 ldi     @byte_C720,r0
byte_C721	byte_C721		1	direct:1	0x0000C721	0x00006D99	CODE:00006D99                 ldi     @byte_C721,ar2
byte_C722	byte_C722		1	direct:1	0x0000C722	0x00006DDD	CODE:00006DDD                 ldi     @byte_C722,r0
byte_C723	byte_C723		1	direct:1	0x0000C723	0x00006DDA	CODE:00006DDA                 ldi     @byte_C723,r0
byte_C724	byte_C724		1	direct:1	0x0000C724	0x00006E0F	CODE:00006E0F                 ldi     @byte_C724,r0
byte_C725	byte_C725		1	direct:1	0x0000C725	0x00006E0C	CODE:00006E0C                 ldi     @byte_C725,r0
byte_C726	byte_C726		1	direct:1	0x0000C726	0x00006E26	CODE:00006E26                 ldi     @byte_C726,ar2
byte_C727	byte_C727		1	direct:1	0x0000C727	0x00006E4A	CODE:00006E4A                 ldi     @byte_C727,r0
byte_C728	byte_C728		1	direct:1	0x0000C728	0x00006E5C	CODE:00006E5C                 ldi     @byte_C728,r0
byte_C729	byte_C729		1	direct:1	0x0000C729	0x00006E70	CODE:00006E70                 ldi     @byte_C729,r0
byte_C730	byte_C730		1	direct:1	0x0000C730	0x00006FFF	CODE:00006FFF                 ldi     @byte_C730,ar2
byte_C731	byte_C731		1	direct:1	0x0000C731	0x0000934C	CODE:0000934C                 ldi     @byte_C731,ar2  ; CREATE
byte_C732	byte_C732		1	direct:1	0x0000C732	0x00009379	CODE:00009379                 ldi     @byte_C732,ar2  ; CREATE
byte_C733	byte_C733		1	direct:1	0x0000C733	0x00009384	CODE:00009384                 ldi     @byte_C733,ar2  ; CREATE
byte_C734	byte_C734		1	direct:1	0x0000C734	0x00009387	CODE:00009387                 ldi     @byte_C734,ar2  ; CREATE
byte_C735	byte_C735		1	direct:1	0x0000C735	0x00009392	CODE:00009392                 ldi     @byte_C735,ar2  ; CREATE
byte_C736	byte_C736		1	direct:1	0x0000C736	0x00009396	CODE:00009396                 ldi     @byte_C736,ar2  ; CREATE
byte_C738	byte_C738		1	direct:1	0x0000C738	0x000093A1	CODE:000093A1                 ldi     @byte_C738,ar2  ; CREATE
byte_C739	byte_C739		1	direct:1	0x0000C739	0x000093A4	CODE:000093A4                 ldi     @byte_C739,ar2  ; CREATE
byte_C73A	byte_C73A		1	direct:1	0x0000C73A	0x000093AC	CODE:000093AC                 ldi     @byte_C73A,ar2  ; CREATE
byte_C73B	byte_C73B		1	direct:1	0x0000C73B	0x000093B4	CODE:000093B4                 ldi     @byte_C73B,ar2  ; CREATE
byte_C73C	byte_C73C		1	direct:1	0x0000C73C	0x000093B7	CODE:000093B7                 ldi     @byte_C73C,ar2  ; CREATE
byte_C73D	byte_C73D		1	direct:1	0x0000C73D	0x000093BD	CODE:000093BD                 ldi     @byte_C73D,ar2  ; CREATE
byte_C73F	byte_C73F		1	direct:1	0x0000C73F	0x000093CE	CODE:000093CE                 ldi     @byte_C73F,ar2  ; CREATE
byte_C740	byte_C740		1	direct:1	0x0000C740	0x000093FD	CODE:000093FD                 ldi     @byte_C740,ar2  ; LDL
byte_C741	byte_C741		1	direct:1	0x0000C741	0x00009403	CODE:00009403                 ldi     @byte_C741,ar2  ; LDL
byte_C742	byte_C742		1	direct:1	0x0000C742	0x00009405	CODE:00009405                 ldi     @byte_C742,ar2  ; LDL
byte_C743	byte_C743		1	direct:1	0x0000C743	0x00009407	CODE:00009407                 ldi     @byte_C743,ar2  ; LDL
byte_C744	byte_C744		1	direct:1	0x0000C744	0x00009409	CODE:00009409                 ldi     @byte_C744,ar2  ; LDL
byte_C745	byte_C745		1	direct:1	0x0000C745	0x0000940B	CODE:0000940B                 ldi     @byte_C745,ar2  ; LDL
byte_C746	byte_C746		1	direct:1	0x0000C746	0x0000940E	CODE:0000940E                 ldi     @byte_C746,ar2  ; LDL
byte_C747	byte_C747		1	direct:1	0x0000C747	0x00009412	CODE:00009412                 ldi     @byte_C747,ar2  ; LDL
byte_C748	byte_C748		1	direct:1	0x0000C748	0x00009414	CODE:00009414                 ldi     @byte_C748,ar2  ; LDL
byte_C749	byte_C749		1	direct:1	0x0000C749	0x00009416	CODE:00009416                 ldi     @byte_C749,ar2  ; LDL
byte_C74A	byte_C74A		1	direct:1	0x0000C74A	0x00009418	CODE:00009418                 ldi     @byte_C74A,ar2  ; LDL
byte_C74B	byte_C74B		1	direct:1	0x0000C74B	0x0000941A	CODE:0000941A                 ldi     @byte_C74B,ar2  ; LDL
byte_C74C	byte_C74C		1	direct:1	0x0000C74C	0x0000941C	CODE:0000941C                 ldi     @byte_C74C,ar2  ; LDL
byte_C791	byte_C791		1	direct:1	0x0000C791	0x00006308	CODE:00006308                 ldi     @byte_C791,ar5  ; LDL
byte_C792	byte_C792		1	direct:1	0x0000C792	0x0000630A	CODE:0000630A                 ldi     @byte_C792,ar4  ; LDL
byte_C793	byte_C793		1	direct:1	0x0000C793	0x000063C1	CODE:000063C1                 ldi     @byte_C793,ar2  ; TEXTITT
byte_C797	byte_C797		1	direct:1	0x0000C797	0x00006446	CODE:00006446                 ldi     @byte_C797,ar0  ; LDL
byte_C7A4	byte_C7A4		1	direct:1	0x0000C7A4	0x0000454D	CODE:0000454D                 ldi     @byte_C7A4,ar2  ; TEXTITT
byte_C7A5	byte_C7A5		1	direct:1	0x0000C7A5	0x00004556	CODE:00004556                 ldi     @byte_C7A5,ar2  ; TEXTITT
byte_C7A6	byte_C7A6		1	direct:1	0x0000C7A6	0x00004558	CODE:00004558                 ldi     @byte_C7A6,ar2  ; LDL
byte_C7A7	byte_C7A7		1	direct:1	0x0000C7A7	0x0000455B	CODE:0000455B                 ldi     @byte_C7A7,ar2  ; LDL
byte_C7A8	byte_C7A8		1	direct:1	0x0000C7A8	0x0000455E	CODE:0000455E                 ldi     @byte_C7A8,ar2  ; LDL
byte_C7A9	byte_C7A9		1	direct:1	0x0000C7A9	0x00004561	CODE:00004561                 ldi     @byte_C7A9,ar2  ; LDL
byte_C7AA	byte_C7AA		1	direct:1	0x0000C7AA	0x00004568	CODE:00004568                 ldi     @byte_C7AA,ar2  ; LDL
byte_C7AB	byte_C7AB		1	direct:1	0x0000C7AB	0x0000456A	CODE:0000456A                 ldi     @byte_C7AB,ar2  ; JAJA66
byte_C7AC	byte_C7AC		1	direct:1	0x0000C7AC	0x0000457C	CODE:0000457C                 ldi     @byte_C7AC,ar2  ; TEXTITT
byte_C7AD	byte_C7AD		1	direct:1	0x0000C7AD	0x00004580	CODE:00004580                 ldi     @byte_C7AD,ar2  ; TEXTITT
byte_C7B2	byte_C7B2		1	direct:1	0x0000C7B2	0x000045C7	CODE:000045C7                 ldi     @byte_C7B2,ar2  ; TEXTITT
byte_C7BC	byte_C7BC		1	direct:1	0x0000C7BC	0x00004619	CODE:00004619                 ldi     @byte_C7BC,ar2  ; TEXTITT
byte_C7C0	byte_C7C0		1	direct:1	0x0000C7C0	0x00004635	CODE:00004635                 ldi     @byte_C7C0,ar2  ; TEXTITT
byte_C7C1	byte_C7C1		1	direct:1	0x0000C7C1	0x00004663	CODE:00004663                 ldi     @byte_C7C1,ar2  ; TEXTITT
byte_C7C2	byte_C7C2		1	direct:1	0x0000C7C2	0x00004667	CODE:00004667                 ldi     @byte_C7C2,ar2  ; TEXTITT
byte_C7C3	byte_C7C3		1	direct:1	0x0000C7C3	0x00004682	CODE:00004682                 ldi     @byte_C7C3,ar2  ; TEXTITT
byte_C7C9	byte_C7C9		1	direct:1	0x0000C7C9	0x00004751	CODE:00004751                 ldi     @byte_C7C9,r1   ; LDL
byte_C7CA	byte_C7CA		1	direct:1	0x0000C7CA	0x00004762	CODE:00004762                 ldi     @byte_C7CA,r1   ; LDL
byte_C800	byte_C800		1	direct:1	0x0000C800	0x0000497B	CODE:0000497B                 ldi     @byte_C800,ar2  ; TEXTITT
byte_C801	byte_C801		1	direct:1	0x0000C801	0x00004982	CODE:00004982                 ldi     @byte_C801,ar2  ; TEXTITT
byte_C802	byte_C802		1	direct:1	0x0000C802	0x00004993	CODE:00004993                 ldi     @byte_C802,ar2  ; TEXTITT
byte_C803	byte_C803		1	direct:1	0x0000C803	0x0000499A	CODE:0000499A                 ldi     @byte_C803,ar2  ; TEXTITT
byte_C807	byte_C807		1	direct:1	0x0000C807	0x00004A93	CODE:00004A93                 ldi     @byte_C807,ar2  ; TEXTITT
byte_C808	byte_C808		1	direct:1	0x0000C808	0x00004A9A	CODE:00004A9A                 ldi     @byte_C808,ar2  ; TEXTITT
byte_C809	byte_C809		1	direct:1	0x0000C809	0x00004AA1	CODE:00004AA1                 ldi     @byte_C809,ar2  ; TEXTITT
byte_C80A	byte_C80A		1	direct:1	0x0000C80A	0x00004AA8	CODE:00004AA8                 ldi     @byte_C80A,ar2  ; TEXTITT
byte_C80B	byte_C80B		1	direct:1	0x0000C80B	0x00004AC4	CODE:00004AC4                 ldi     @byte_C80B,ar2  ; TEXTITT
byte_C80C	byte_C80C		1	direct:1	0x0000C80C	0x00004ACB	CODE:00004ACB                 ldi     @byte_C80C,ar2  ; TEXTITT
byte_C80D	byte_C80D		1	direct:1	0x0000C80D	0x00004AD2	CODE:00004AD2                 ldi     @byte_C80D,ar2  ; TEXTITT
byte_C80E	byte_C80E		1	direct:1	0x0000C80E	0x00004AD9	CODE:00004AD9                 ldi     @byte_C80E,ar2  ; TEXTITT
byte_C815	byte_C815		1	direct:1	0x0000C815	0x000007CE	CODE:000007CE                 ldi     @byte_C815,ar2  ; TEXTITT
byte_C816	byte_C816		1	direct:1	0x0000C816	0x000007D2	CODE:000007D2                 ldi     @byte_C816,ar2  ; TEXTITT
byte_C817	byte_C817		1	direct:1	0x0000C817	0x000007D6	CODE:000007D6                 ldi     @byte_C817,ar2  ; TEXTITT
byte_C818	byte_C818		1	direct:1	0x0000C818	0x000007DA	CODE:000007DA                 ldi     @byte_C818,ar2  ; TEXTITT
byte_C819	byte_C819		1	direct:1	0x0000C819	0x000007DE	CODE:000007DE                 ldi     @byte_C819,ar2  ; TEXTITT
byte_C81A	byte_C81A		1	direct:1	0x0000C81A	0x000007E2	CODE:000007E2                 ldi     @byte_C81A,ar2  ; TEXTITT
byte_C81B	byte_C81B		1	direct:1	0x0000C81B	0x000007E6	CODE:000007E6                 ldi     @byte_C81B,ar2  ; TEXTITT
byte_C81C	byte_C81C		1	direct:1	0x0000C81C	0x000007EA	CODE:000007EA                 ldi     @byte_C81C,ar2  ; TEXTITT
byte_C81D	byte_C81D		1	direct:1	0x0000C81D	0x000007EE	CODE:000007EE                 ldi     @byte_C81D,ar2  ; TEXTITT
byte_C81E	byte_C81E		1	direct:1	0x0000C81E	0x000007F2	CODE:000007F2                 ldi     @byte_C81E,ar2  ; TEXTITT
byte_C81F	byte_C81F		1	direct:1	0x0000C81F	0x000007F6	CODE:000007F6                 ldi     @byte_C81F,ar2  ; TEXTITT
byte_C820	byte_C820		1	direct:1	0x0000C820	0x000007FA	CODE:000007FA                 ldi     @byte_C820,ar2  ; TEXTITT
byte_C821	byte_C821		1	direct:1	0x0000C821	0x000007FE	CODE:000007FE                 ldi     @byte_C821,ar2  ; TEXTITT
byte_C822	byte_C822		1	direct:1	0x0000C822	0x00000802	CODE:00000802                 ldi     @byte_C822,ar2  ; TEXTITT
byte_C823	byte_C823		1	direct:1	0x0000C823	0x00000806	CODE:00000806                 ldi     @byte_C823,ar2  ; TEXTITT
byte_C824	byte_C824		1	direct:1	0x0000C824	0x0000080A	CODE:0000080A                 ldi     @byte_C824,ar2  ; TEXTITT
byte_C825	byte_C825		1	direct:1	0x0000C825	0x0000080E	CODE:0000080E                 ldi     @byte_C825,ar2  ; TEXTITT
byte_C826	byte_C826		1	direct:1	0x0000C826	0x00000812	CODE:00000812                 ldi     @byte_C826,ar2  ; TEXTITT
byte_C827	byte_C827		1	direct:1	0x0000C827	0x00000816	CODE:00000816                 ldi     @byte_C827,ar2  ; TEXTITT
byte_C828	byte_C828		1	direct:1	0x0000C828	0x00000822	CODE:00000822                 ldi     @byte_C828,ar2  ; TEXTITT
byte_C829	byte_C829		1	direct:1	0x0000C829	0x00000826	CODE:00000826                 ldi     @byte_C829,ar2  ; TEXTITT
byte_C82A	byte_C82A		1	direct:1	0x0000C82A	0x0000082A	CODE:0000082A                 ldi     @byte_C82A,ar2  ; TEXTITT
byte_C82B	byte_C82B		1	direct:1	0x0000C82B	0x000008C2	CODE:000008C2                 ldi     @byte_C82B,ar2  ; TEXTITT
byte_C82C	byte_C82C		1	direct:1	0x0000C82C	0x000008C6	CODE:000008C6                 ldi     @byte_C82C,ar2  ; TEXTITT
byte_C82D	byte_C82D		1	direct:1	0x0000C82D	0x000008CA	CODE:000008CA                 ldi     @byte_C82D,ar2  ; TEXTITT
byte_C82E	byte_C82E		1	direct:1	0x0000C82E	0x000008CE	CODE:000008CE                 ldi     @byte_C82E,ar2  ; TEXTITT
byte_C82F	byte_C82F		1	direct:1	0x0000C82F	0x00000937	CODE:00000937                 ldi     @byte_C82F,ar2  ; TEXTITT
byte_C833	byte_C833		1	direct:1	0x0000C833	0x00000961	CODE:00000961                 ldi     @byte_C833,ar2  ; TEXTITT
byte_C83A	byte_C83A		1	direct:1	0x0000C83A	0x000009C1	CODE:000009C1                 ldi     @byte_C83A,ar2  ; TEXTITT
byte_C86A	byte_C86A		1	direct:1	0x0000C86A	0x00000B08	CODE:00000B08                 ldi     @byte_C86A,ar2  ; TEXTITT
byte_C86B	byte_C86B		1	direct:1	0x0000C86B	0x00000B0C	CODE:00000B0C                 ldi     @byte_C86B,ar2  ; TEXTITT
byte_C86C	byte_C86C		1	direct:1	0x0000C86C	0x00000B10	CODE:00000B10                 ldi     @byte_C86C,ar2  ; TEXTITT
byte_C86D	byte_C86D		1	direct:1	0x0000C86D	0x00000B14	CODE:00000B14                 ldi     @byte_C86D,ar2  ; TEXTITT
byte_C870	byte_C870		1	direct:1	0x0000C870	0x00000B26	CODE:00000B26                 ldi     @byte_C870,ar2  ; TEXTITT
byte_C871	byte_C871		1	direct:1	0x0000C871	0x00000B3A	CODE:00000B3A                 ldi     @byte_C871,ar2  ; TEXTITT
byte_C874	byte_C874		1	direct:1	0x0000C874	0x00000B69	CODE:00000B69                 ldi     @byte_C874,ar2  ; TEXTITT
byte_C875	byte_C875		1	direct:1	0x0000C875	0x00000B6D	CODE:00000B6D                 ldi     @byte_C875,ar2  ; TEXTITT
byte_C876	byte_C876		1	direct:1	0x0000C876	0x00000B7C	CODE:00000B7C                 ldi     @byte_C876,ar2  ; TEXTITT
byte_C877	byte_C877		1	direct:1	0x0000C877	0x00000B84	CODE:00000B84                 ldi     @byte_C877,ar2  ; TEXTITT
byte_C878	byte_C878		1	direct:1	0x0000C878	0x00000B92	CODE:00000B92                 ldi     @byte_C878,ar2  ; TEXTITT
byte_C879	byte_C879		1	direct:1	0x0000C879	0x00000C29	CODE:00000C29                 ldi     @byte_C879,ar2  ; TEXTITT
byte_C87A	byte_C87A		1	direct:1	0x0000C87A	0x00000C2D	CODE:00000C2D                 ldi     @byte_C87A,ar2  ; TEXTITT
byte_C87B	byte_C87B		1	direct:1	0x0000C87B	0x00000C31	CODE:00000C31                 ldi     @byte_C87B,ar2  ; TEXTITT
byte_C87C	byte_C87C		1	direct:1	0x0000C87C	0x00000C35	CODE:00000C35                 ldi     @byte_C87C,ar2  ; TEXTITT
byte_C87D	byte_C87D		1	direct:1	0x0000C87D	0x00000C39	CODE:00000C39                 ldi     @byte_C87D,ar2  ; TEXTITT
byte_C87E	byte_C87E		1	direct:1	0x0000C87E	0x00000C3D	CODE:00000C3D                 ldi     @byte_C87E,ar2  ; TEXTITT
byte_C87F	byte_C87F		1	direct:1	0x0000C87F	0x00000C41	CODE:00000C41                 ldi     @byte_C87F,ar2  ; TEXTITT
byte_C880	byte_C880		1	direct:1	0x0000C880	0x00000C45	CODE:00000C45                 ldi     @byte_C880,ar2  ; TEXTITT
byte_C881	byte_C881		1	direct:1	0x0000C881	0x00000C49	CODE:00000C49                 ldi     @byte_C881,ar2  ; TEXTITT
byte_C882	byte_C882		1	direct:1	0x0000C882	0x00000C4D	CODE:00000C4D                 ldi     @byte_C882,ar2  ; TEXTITT
byte_C883	byte_C883		1	direct:1	0x0000C883	0x00000C51	CODE:00000C51                 ldi     @byte_C883,ar2  ; TEXTITT
byte_C884	byte_C884		1	direct:1	0x0000C884	0x00000C55	CODE:00000C55                 ldi     @byte_C884,ar2  ; TEXTITT
byte_C886	byte_C886		1	direct:1	0x0000C886	0x00000CC8	CODE:00000CC8                 ldi     @byte_C886,ar2  ; TEXTITT
byte_C887	byte_C887		1	direct:1	0x0000C887	0x00000CCC	CODE:00000CCC                 ldi     @byte_C887,ar2  ; TEXTITT
byte_C889	byte_C889		1	direct:1	0x0000C889	0x00000CE2	CODE:00000CE2                 ldi     @byte_C889,ar2  ; TEXTITT
byte_C88B	byte_C88B		1	direct:1	0x0000C88B	0x00000CF2	CODE:00000CF2                 ldi     @byte_C88B,ar2  ; TEXTITT
byte_C88D	byte_C88D		1	direct:1	0x0000C88D	0x00000D02	CODE:00000D02                 ldi     @byte_C88D,ar2  ; TEXTITT
byte_C88F	byte_C88F		1	direct:1	0x0000C88F	0x00000D15	CODE:00000D15                 ldi     @byte_C88F,ar2  ; TEXTITT
byte_C890	byte_C890		1	direct:1	0x0000C890	0x00000D58	CODE:00000D58                 ldi     @byte_C890,ar2  ; TEXTITT
byte_C891	byte_C891		1	direct:1	0x0000C891	0x00000D68	CODE:00000D68                 ldi     @byte_C891,ar2  ; TEXTITT
byte_C892	byte_C892		1	direct:1	0x0000C892	0x00000D6C	CODE:00000D6C                 ldi     @byte_C892,ar2  ; TEXTITT
byte_C893	byte_C893		1	direct:1	0x0000C893	0x00000D70	CODE:00000D70                 ldi     @byte_C893,ar2  ; TEXTITT
byte_C894	byte_C894		1	direct:1	0x0000C894	0x00000D74	CODE:00000D74                 ldi     @byte_C894,ar2  ; TEXTITT
byte_C895	byte_C895		1	direct:1	0x0000C895	0x00000D78	CODE:00000D78                 ldi     @byte_C895,ar2  ; TEXTITT
byte_C8B1	byte_C8B1		1	direct:1	0x0000C8B1	0x00000DE6	CODE:00000DE6                 ldi     @byte_C8B1,ar2
byte_C8B7	byte_C8B7		1	direct:1	0x0000C8B7	0x00000DF0	CODE:00000DF0                 ldi     @byte_C8B7,ar2
byte_C8B8	byte_C8B8		1	direct:1	0x0000C8B8	0x00000E9B	CODE:00000E9B                 ldi     @byte_C8B8,ar2  ; TEXTITT
byte_C8B9	byte_C8B9		1	direct:1	0x0000C8B9	0x00000E9F	CODE:00000E9F                 ldi     @byte_C8B9,ar2  ; TEXTITT
byte_C8BA	byte_C8BA		1	direct:1	0x0000C8BA	0x00000F80	CODE:00000F80                 ldi     @byte_C8BA,ar2  ; TEXTITT
byte_C8BB	byte_C8BB		1	direct:1	0x0000C8BB	0x00000F84	CODE:00000F84                 ldi     @byte_C8BB,ar2  ; TEXTITT
byte_C8BC	byte_C8BC		1	direct:1	0x0000C8BC	0x00000F88	CODE:00000F88                 ldi     @byte_C8BC,ar2  ; TEXTITT
byte_C8CF	byte_C8CF		1	direct:1	0x0000C8CF	0x00000FF6	CODE:00000FF6                 ldi     @byte_C8CF,ar2
byte_C8D0	byte_C8D0		1	direct:1	0x0000C8D0	0x0000103B	CODE:0000103B                 ldi     @byte_C8D0,ar2
byte_C8D3	byte_C8D3		1	direct:1	0x0000C8D3	0x00001191	CODE:00001191                 ldi     @byte_C8D3,ar2  ; TEXTITT
byte_C8D4	byte_C8D4		1	direct:1	0x0000C8D4	0x000011B9	CODE:000011B9                 ldi     @byte_C8D4,ar2  ; TEXTITT
byte_C8D5	byte_C8D5		1	direct:1	0x0000C8D5	0x000011C4	CODE:000011C4                 ldi     @byte_C8D5,ar2
byte_C8EA	byte_C8EA		1	direct:1	0x0000C8EA	0x000014D5	CODE:000014D5                 ldi     @byte_C8EA,ar2  ; TEXTITT
byte_C8EB	byte_C8EB		1	direct:1	0x0000C8EB	0x000014DC	CODE:000014DC                 ldi     @byte_C8EB,ar2  ; TEXTITT
byte_C8F3	byte_C8F3		1	direct:1	0x0000C8F3	0x0000B075	CODE:0000B075                 ldf     @byte_C8F3,r0
byte_E438	byte_E438		1	direct:1	0x0000E438	0x0000404C	CODE:0000404C                 ldi     @byte_E438,ar2
byte_E43C	byte_E43C		1	direct:1	0x0000E43C	0x0000A529	CODE:0000A529                 ldi     @byte_E43C,r1
byte_E43F	byte_E43F		1	direct:1	0x0000E43F	0x0000404E	CODE:0000404E                 ldi     @byte_E43F,ar2
byte_E56C	byte_E56C		1	direct:1	0x0000E56C	0x00003A49	CODE:00003A49                 sti     r0,@byte_E56C
byte_E5A8	byte_E5A8		1	direct:1	0x0000E5A8	0x00002179	CODE:00002179                 sti     ar3,@byte_E5A8
byte_E5A9	byte_E5A9		1	direct:1	0x0000E5A9	0x0000217A	CODE:0000217A                 sti     ar5,@byte_E5A9
byte_E5C5	byte_E5C5		1	direct:1	0x0000E5C5	0x00007929	CODE:00007929                 sti     r0,@byte_E5C5
byte_E61D	byte_E61D		1	direct:1	0x0000E61D	0x00001901	CODE:00001901                 sti     r0,@byte_E61D
byte_E626	byte_E626		1	direct:1	0x0000E626	0x0000185A	CODE:0000185A                 sti     r0,@byte_E626
byte_E628	byte_E628		1	direct:1	0x0000E628	0x0000B0A0	CODE:0000B0A0                 sti     r0,@byte_E628
byte_E636	byte_E636		1	direct:1	0x0000E636	0x0000375C	CODE:0000375C                 ldi     @byte_E636,r0
byte_E882	byte_E882		1	direct:1	0x0000E882	0x00001EF3	CODE:00001EF3                 sti     r0,@byte_E882
byte_E948	byte_E948		1	direct:1	0x0000E948	0x00003A53	CODE:00003A53                 sti     r0,@byte_E948
byte_EA61	byte_EA61		1	direct:1	0x0000EA61	0x00006DCD	CODE:00006DCD                 ldi     @byte_EA61,r0
byte_F01	byte_F01		1	direct:1	0x00000F01	0x00000F06	CODE:00000F06                 ldi     @byte_F01,ar2
byte_F02	byte_F02		1	direct:1	0x00000F02	0x00000F07	CODE:00000F07                 ldi     @byte_F02,ar3
byte_F10	byte_F10		1	direct:1	0x00000F10	0x00000F0A	CODE:00000F0A                 ldi     @byte_F10,ar4
byte_F1A	byte_F1A		1	direct:1	0x00000F1A	0x00000F1F	CODE:00000F1F                 ldi     @byte_F1A,ar2
byte_F1B	byte_F1B		1	direct:1	0x00000F1B	0x00000F20	CODE:00000F20                 ldi     @byte_F1B,ar3
byte_F31	byte_F31		1	direct:1	0x00000F31	0x00000F36	CODE:00000F36                 ldi     @byte_F31,ar2
byte_F32	byte_F32		1	direct:1	0x00000F32	0x00000F37	CODE:00000F37                 ldi     @byte_F32,ar3
byte_F40	byte_F40		1	direct:1	0x00000F40	0x00000F46	CODE:00000F46                 ldi     @byte_F40,ar2
byte_F52	byte_F52		1	direct:1	0x00000F52	0x00000F4A	CODE:00000F4A                 ldi     @byte_F52,ar4
CAM3RD@PLYR	CAM3RD	PLYR	1	direct:1	0x00002AFB	0x00002ADA	CODE:00002ADA                 bne     CAM3RD@PLYR
CAM3RDX@PLYR	CAM3RDX	PLYR	1	direct:1	0x00002B3A	0x00002AFA	CODE:00002AFA                 br      CAM3RDX@PLYR
CAMAVG@PLYR	CAMAVG	PLYR	1	direct:1	0x000031A3	0x0000319D	CODE:0000319D                 rptb    CAMAVG@PLYR
CAMCHK0@PLYR	CAMCHK0	PLYR	1	direct:1	0x00002B96	0x00002B94	CODE:00002B94                 bu      CAMCHK0@PLYR
CAMCHKL@PLYR	CAMCHKL	PLYR	1	direct:1	0x00002B93	0x00002BAF	CODE:00002BAF                 call    CAMCHKL@PLYR
CAMCHKLR@PLYR	CAMCHKLR	PLYR	1	direct:1	0x00002BAF	0x00002BBA	CODE:00002BBA                 call    CAMCHKLR@PLYR
CAMCHKR@PLYR	CAMCHKR	PLYR	1	direct:1	0x00002B95	0x00002BB2	CODE:00002BB2                 call    CAMCHKR@PLYR
CAMMATAVG@PLYR	CAMMATAVG	PLYR	1	direct:1	0x00003195	0x00002AF9	CODE:00002AF9                 call    CAMMATAVG@PLYR
CAMMATSAV@PLYR	CAMMATSAV	PLYR	1	direct:1	0x0000318C	0x00002ADB	CODE:00002ADB                 call    CAMMATSAV@PLYR
CAMMATX@PLYR	CAMMATX	PLYR	1	direct:1	0x000031A4	0x00003198	CODE:00003198                 be      CAMMATX@PLYR
CAMROT1@PLYR	CAMROT1	PLYR	1	direct:1	0x00002BC8	0x00002BC5	CODE:00002BC5                 bgt     CAMROT1@PLYR
CAMROT2@PLYR	CAMROT2	PLYR	1	direct:1	0x00002BCB	0x00002BC7	CODE:00002BC7                 bu      CAMROT2@PLYR
CAMSCANS@COLLA	CAMSCANS	COLLA	1	direct:1	0x00001F8F	0x00001F8C	CODE:00001F8C                 call    CAMSCANS@COLLA
CANSTART@INTRO	CANSTART	INTRO	1	direct:1	0x00001DAD	0x00001DA4	CODE:00001DA4                 blo     CANSTART@INTRO
caravan_redyelo_ptr_0000C74E@WAVE	caravan_redyelo_ptr_0000C74E	WAVE	1	direct:1	0x0000C74E	0x00009506	CODE:00009506                 ldi     @caravan_redyelo_ptr_0000C74E@WAVE,ar2 ; LDL
caravan_yelogrey_ptr_0000C74F@WAVE	caravan_yelogrey_ptr_0000C74F	WAVE	1	direct:1	0x0000C74F	0x00009508	CODE:00009508                 ldi     @caravan_yelogrey_ptr_0000C74F@WAVE,ar2 ; LDL
CARFREEI	CARFREEI		1	direct:1	0x00009040	0x00009041	CODE:00009041                 ldi     @CARFREEI,ar0
CARINTL@UTIL	CARINTL	UTIL	1	direct:1	0x00009047	0x00009044	CODE:00009044                 rptb    CARINTL@UTIL
CARLISTI	CARLISTI		1	direct:1	0x0000903F	0x00009042	CODE:00009042                 ldi     @CARLISTI,ar1
CARPARAMTABI@PLYR	CARPARAMTABI	PLYR	1	direct:1	0x00002918	0x00002939	CODE:00002939                 ldi     @CARPARAMTABI@PLYR,ar2
CARPROCI@UTIL	CARPROCI	UTIL	1	direct:1	0x00008F8F	0x00008F88	CODE:00008F88                 ldi     @CARPROCI@UTIL,ar2
CARPROCL@DELTA	CARPROCL	DELTA	1	direct:1	0x0000AEDD	0x0000AEFA	CODE:0000AEFA                 bu      CARPROCL@DELTA
CARSCL0@COLLA	CARSCL0	COLLA	1	direct:1	0x00002215	0x00002207	CODE:00002207                 bud     CARSCL0@COLLA   ; alts: COLPOINT@COLLA
CARSPIN@PLYR	CARSPIN	PLYR	1	direct:1	0x00002D10	0x00002CF2	CODE:00002CF2                 bne     CARSPIN@PLYR
CARV_ERR@PLYR	CARV_ERR	PLYR	1	direct:1	0x00002973	0x00002948	CODE:00002948                 bhs     CARV_ERR@PLYR
CAR_CHOICE_GOTTEN@INTRO	CAR_CHOICE_GOTTEN	INTRO	1	map:1	0x0000E671	0x000017B7	CODE:000017B7                 sti     r0,@CAR_CHOICE_GOTTEN@INTRO
CATCHUP@PLYR	CATCHUP	PLYR	1	direct:1	0x00002B8F	0x00002B68	CODE:00002B68                 ldfle   @CATCHUP@PLYR,r1
CBUSI@COLLA	CBUSI	COLLA	1	direct:1	0x000023EE	0x0000245D	CODE:0000245D                 cmpi    @CBUSI@COLLA,r1
CCK1@PLYR	CCK1	PLYR	1	direct:1	0x00002B7B	0x00002B78	CODE:00002B78                 bne     CCK1@PLYR
CCKX@PLYR	CCKX	PLYR	1	direct:1	0x00002B8D	0x00002B64	CODE:00002B64                 be      CCKX@PLYR
CCLP@INTRO	CCLP	INTRO	1	direct:1	0x00001948	0x00001959	CODE:00001959                 bgt     CCLP@INTRO
CDTOP@DELTA	CDTOP	DELTA	1	direct:1	0x0000AEEC	0x0000AEF7	CODE:0000AEF7                 bne     CDTOP@DELTA
CHEATCK@PLYR	CHEATCK	PLYR	1	direct:1	0x00002B61	0x00002B5D	CODE:00002B5D                 call    CHEATCK@PLYR
CHECK2@BACKGRND	CHECK2	BACKGRND	1	direct:1	0x0000415D	0x0000414F	CODE:0000414F                 bne     CHECK2@BACKGRND
CHECK2II@BACKGRND	CHECK2II	BACKGRND	1	direct:1	0x0000417B	0x00004154	CODE:00004154                 be      CHECK2II@BACKGRND
CHECKPOINT_TIME_BONUS	CHECKPOINT_TIME_BONUS		1	map:1	0x0000E898	0x00001801	CODE:00001801                 sti     r0,@CHECKPOINT_TIME_BONUS
CHECK_AS_RAM@MEMTEST	CHECK_AS_RAM	MEMTEST	1	direct:1	0x000063D2	0x000063C5	CODE:000063C5                 be      CHECK_AS_RAM@MEMTEST
CHECK_COLLISION@ROADKILL	CHECK_COLLISION	ROADKILL	1	direct:1	0x00006957	0x00006950	CODE:00006950                 calle   CHECK_COLLISION@ROADKILL
CHECK_DIST@SIGMA	CHECK_DIST	SIGMA	1	direct:1	0x0000A4D6	0x0000A4E9	CODE:0000A4E9                 bu      CHECK_DIST@SIGMA
CHECK_STATE@CUSA	CHECK_STATE	CUSA	1	direct:1	0x00004FD3	0x00004CD5	CODE:00004CD5                 call    CHECK_STATE@CUSA
CHIPTEST_TABLEI@MEMTEST	CHIPTEST_TABLEI	MEMTEST	1	direct:1	0x000061ED	0x000063FD	CODE:000063FD                 ldi     @CHIPTEST_TABLEI@MEMTEST,ar4
CHIPTEST_TABLE_ptr_0000C799@MEMTEST	CHIPTEST_TABLE_ptr_0000C799	MEMTEST	1	direct:1	0x0000C799	0x0000647A	CODE:0000647A                 ldi     @CHIPTEST_TABLE_ptr_0000C799@MEMTEST,ar4 ; LDL
CHIPTEST_TABLE_ptr_0000C79E@MEMTEST	CHIPTEST_TABLE_ptr_0000C79E	MEMTEST	1	direct:1	0x0000C79E	0x000064EE	CODE:000064EE                 ldi     @CHIPTEST_TABLE_ptr_0000C79E@MEMTEST,ar4 ; LDL
CHKPCREDITS@COIN	CHKPCREDITS	COIN	1	direct:1	0x0000754E	0x00007544	CODE:00007544                 be      CHKPCREDITS@COIN
CHNG@DIAG	CHNG	DIAG	1	direct:1	0x00000EBB	0x00000EB7	CODE:00000EB7                 be      CHNG@DIAG
CHNGDV@DIAG	CHNGDV	DIAG	1	direct:1	0x00000FAD	0x00000FA6	CODE:00000FA6                 be      CHNGDV@DIAG
CKLP@DIRQ	CKLP	DIRQ	1	direct:1	0x00000325	0x0000031D	CODE:0000031D                 rptb    CKLP@DIRQ
CKOFRD@PLYR	CKOFRD	PLYR	1	direct:1	0x00002CD3	0x00002A72	CODE:00002A72                 call    CKOFRD@PLYR
CLCKLP@DIRQ	CLCKLP	DIRQ	1	direct:1	0x00000399	0x00000391	CODE:00000391                 rptb    CLCKLP@DIRQ
CLDSCL1@COLLA	CLDSCL1	COLLA	1	direct:1	0x0000262D	0x00002623	CODE:00002623                 bne     CLDSCL1@COLLA
CLEANUP_DIMCAR_PALS@INTRO	CLEANUP_DIMCAR_PALS	INTRO	1	direct:1	0x00001A8A	0x0000193D	CODE:0000193D                 call    CLEANUP_DIMCAR_PALS@INTRO
CLEARIT@COIN	CLEARIT	COIN	1	direct:1	0x00007647	0x00007628	CODE:00007628                 be      CLEARIT@COIN
CLEAR_MATS@DIAG	CLEAR_MATS	DIAG	1	direct:1	0x0000137A	0x00001174	CODE:00001174                 call    CLEAR_MATS@DIAG
CLINTON_SHOW@BONUS	CLINTON_SHOW	BONUS	1	direct:1	0x00003BDB	0x00003B39	CODE:00003B39                 be      CLINTON_SHOW@BONUS
CLIP0@DIRQ	CLIP0	DIRQ	1	direct:1	0x00000370	0x000003BC	CODE:000003BC                 bu      CLIP0@DIRQ
CLIPDONE@DIRQ	CLIPDONE	DIRQ	1	direct:1	0x0000044A	0x00000371	CODE:00000371                 bgt     CLIPDONE@DIRQ
CLIPRAMI@DIRQ	CLIPRAMI	DIRQ	1	direct:1	0x000005F5	0x0000029E	CODE:0000029E                 ldi     @CLIPRAMI@DIRQ,ar0
CLLL1@COLLA	CLLL1	COLLA	1	direct:1	0x000022D9	0x000022D7	CODE:000022D7                 be      CLLL1@COLLA
CLRSC00@UTIL	CLRSC00	UTIL	1	direct:1	0x00008EA7	0x00008EA4	CODE:00008EA4                 bu      CLRSC00@UTIL
CLRSCL@UTIL	CLRSCL	UTIL	1	direct:1	0x00008ECF	0x00008ECD	CODE:00008ECD                 rptb    CLRSCL@UTIL
CLR_PBSS@CUSA	CLR_PBSS	CUSA	1	direct:1	0x00004E31	0x00004B56	CODE:00004B56                 call    CLR_PBSS@CUSA
CM1@COMM	CM1	COMM	1	direct:1	0x00007FAD	0x00007FAB	CODE:00007FAB                 be      CM1@COMM
CM2@COMM	CM2	COMM	1	direct:1	0x00007FC9	0x00007FC4	CODE:00007FC4                 be      CM2@COMM
CM3@COMM	CM3	COMM	1	direct:1	0x00007FCE	0x00007FCA	CODE:00007FCA                 bne     CM3@COMM
CMERROR10@COMM	CMERROR10	COMM	1	direct:1	0x000080BC	0x0000803A	CODE:0000803A                 blt     CMERROR10@COMM
CMERROR8@COMM	CMERROR8	COMM	1	direct:1	0x000080BA	0x000080A3	CODE:000080A3                 bne     CMERROR8@COMM
CME_NO_MOTION_ERRORS@MOTION	CME_NO_MOTION_ERRORS	MOTION	1	direct:1	0x000049B4	0x000049AF	CODE:000049AF                 be      CME_NO_MOTION_ERRORS@MOTION
CML1S@COMM	CML1S	COMM	1	direct:1	0x00008191	0x00008196	CODE:00008196                 be      CML1S@COMM
CML1WT@COMM	CML1WT	COMM	1	direct:1	0x000081E8	0x000081ED	CODE:000081ED                 bne     CML1WT@COMM
CML1XX@COMM	CML1XX	COMM	1	direct:1	0x00008039	0x0000803E	CODE:0000803E                 bne     CML1XX@COMM
CMOSALP@PLYR	CMOSALP	PLYR	1	direct:1	0x00003186	0x00003180	CODE:00003180                 rptb    CMOSALP@PLYR
CMOS_CHIP_DISPLAY@MEMTEST	CMOS_CHIP_DISPLAY	MEMTEST	1	direct:1	0x00006417	0x00006415	CODE:00006415                 call    CMOS_CHIP_DISPLAY@MEMTEST
CMOS_CHIP_ptr_0000C795@MEMTEST	CMOS_CHIP_ptr_0000C795	MEMTEST	1	direct:1	0x0000C795	0x00006417	CODE:00006417                 ldi     @CMOS_CHIP_ptr_0000C795@MEMTEST,ar4 ; LDL
CMOS_CHIP_ptr_0000C796@MEMTEST	CMOS_CHIP_ptr_0000C796	MEMTEST	1	direct:1	0x0000C796	0x00006433	CODE:00006433                 ldi     @CMOS_CHIP_ptr_0000C796@MEMTEST,ar4 ; LDL
CMOS_ERROR@CUSA	CMOS_ERROR	CUSA	1	direct:1	0x00005014	0x00004BBF	CODE:00004BBF                 blo     CMOS_ERROR@CUSA
CMS1L@COLLA	CMS1L	COLLA	1	direct:1	0x00001FA7	0x00001FA5	CODE:00001FA5                 bhs     CMS1L@COLLA
CMS2@COLLA	CMS2	COLLA	1	direct:1	0x00001FA4	0x00001F9C	CODE:00001F9C                 blt     CMS2@COLLA
CM_ISERROR@MEMTEST	CM_ISERROR	MEMTEST	1	direct:1	0x00006456	0x0000644B	CODE:0000644B                 bne     CM_ISERROR@MEMTEST
CNR_ENTER@BONUS	CNR_ENTER	BONUS	1	direct:1	0x00003A70	0x00003A76	CODE:00003A76                 bu      CNR_ENTER@BONUS
CNT55@BACKGRND	CNT55	BACKGRND	1	direct:1	0x00004038	0x00004036	CODE:00004036                 be      CNT55@BACKGRND
CNT55a@BACKGRND	CNT55a	BACKGRND	1	direct:1	0x00003FCA	0x00003FC8	CODE:00003FC8                 be      CNT55a@BACKGRND
CNT55d@BACKGRND	CNT55d	BACKGRND	1	direct:1	0x00003FE7	0x00003FE5	CODE:00003FE5                 be      CNT55d@BACKGRND
CNT@BACKGRND	CNT	BACKGRND	1	direct:1	0x00003F8D	0x00003F8B	CODE:00003F8B                 be      CNT@BACKGRND
CNTFF@BACKGRND	CNTFF	BACKGRND	1	direct:1	0x00004016	0x00004014	CODE:00004014                 be      CNTFF@BACKGRND
CNTN@BACKGRND	CNTN	BACKGRND	1	direct:1	0x00003F90	0x00003F8E	CODE:00003F8E                 be      CNTN@BACKGRND
COINCNTR1I@DIAG	COINCNTR1I	DIAG	1	direct:1	0x0000C83B	0x00000A2B	CODE:00000A2B                 ldine   @COINCNTR1I@DIAG,ar2
COINCNTR2I@DIAG	COINCNTR2I	DIAG	1	direct:1	0x0000C83C	0x00000A2C	CODE:00000A2C                 ldie    @COINCNTR2I@DIAG,ar2
COIN_TABLEENDI@COINTAB	COIN_TABLEENDI	COINTAB	1	direct:1	0x0000B0B1	0x000073D7	CODE:000073D7                 cmpi    @COIN_TABLEENDI@COINTAB,ar0
COLCHKX@COLLA	COLCHKX	COLLA	1	direct:1	0x0000289F	0x000028A7	CODE:000028A7                 bu      COLCHKX@COLLA
COLIN1@COLLA	COLIN1	COLLA	1	direct:1	0x000026AA	0x000026A6	CODE:000026A6                 bne     COLIN1@COLLA
COLORAM@MEMTEST	COLORAM	MEMTEST	1	direct:1	0x00000000	0x00006492	CODE:00006492                 sti     r0,@COLORAM@MEMTEST
COLORBARS@DIAG	COLORBARS	DIAG	1	direct:1	0x000006ED	0x000006B3	CODE:000006B3                 call    COLORBARS@DIAG
COLSCCX@COLLA	COLSCCX	COLLA	1	direct:1	0x000021DF	0x000021D5	CODE:000021D5                 bne     COLSCCX@COLLA
COLSND1@COLLA	COLSND1	COLLA	1	direct:1	0x0000284B	0x00002846	CODE:00002846                 blt     COLSND1@COLLA
COLSND@COLLA	COLSND	COLLA	1	direct:1	0x00002835	0x00002667	CODE:00002667                 call    COLSND@COLLA
COLSNDX@COLLA	COLSNDX	COLLA	1	direct:1	0x00002853	0x0000284E	CODE:0000284E                 bu      COLSNDX@COLLA
COMMQ_TMP_BUFF_ptr_0000B15A@COMMQ	COMMQ_TMP_BUFF_ptr_0000B15A	COMMQ	1	direct:1	0x0000B15A	0x000077CA	CODE:000077CA                 ldi     @COMMQ_TMP_BUFF_ptr_0000B15A@COMMQ,ar2 ; LDL
COMM_HOLDFORA2D@COMM	COMM_HOLDFORA2D	COMM	1	direct:1	0x00007FA1	0x00007FA3	CODE:00007FA3                 bne     COMM_HOLDFORA2D@COMM
COMM_MASTER_ERR_X@COMM	COMM_MASTER_ERR_X	COMM	1	direct:1	0x000080A8	0x000080C8	CODE:000080C8                 bu      COMM_MASTER_ERR_X@COMM
COMM_SLAVE@COMM	COMM_SLAVE	COMM	1	direct:1	0x000080FA	0x00007FA7	CODE:00007FA7                 bne     COMM_SLAVE@COMM
COMM_SLAVE_ERR_X@COMM	COMM_SLAVE_ERR_X	COMM	1	direct:1	0x000081F2	0x00008211	CODE:00008211                 bu      COMM_SLAVE_ERR_X@COMM
CONT@COMP	CONT	COMP	1	direct:1	0x0000A34B	0x0000A347	CODE:0000A347                 be      CONT@COMP
CONTINUE@BONUS	CONTINUE	BONUS	1	direct:1	0x00003A77	0x00003A73	CODE:00003A73                 be      CONTINUE@BONUS
COUNTRY_DEFAULTS_ENDI@COINTAB	COUNTRY_DEFAULTS_ENDI	COINTAB	1	direct:1	0x0000B0B5	0x000073F8	CODE:000073F8                 cmpi    @COUNTRY_DEFAULTS_ENDI@COINTAB,ar2
COUNTRY_MENUTABI@DIAG	COUNTRY_MENUTABI	DIAG	1	direct:1	0x00000BDB	0x00000BE4	CODE:00000BE4                 ldi     @COUNTRY_MENUTABI@DIAG,ar5
COUNTRY_TABI@COINTAB	COUNTRY_TABI	COINTAB	1	direct:1	0x0000B0B2	0x00000BDF	CODE:00000BDF                 addi    @COUNTRY_TABI@COINTAB,ar5
COW_DIE@ROADKILL	COW_DIE	ROADKILL	1	direct:1	0x00006A47	0x00006A2D	CODE:00006A2D                 blo     COW_DIE@ROADKILL
cow_pal_ptr_0000C65D@ROADKILL	cow_pal_ptr_0000C65D	ROADKILL	1	direct:1	0x0000C65D	0x00006A14	CODE:00006A14                 ldi     @cow_pal_ptr_0000C65D@ROADKILL,ar2 ; LDL
COW_SLEEP@ROADKILL	COW_SLEEP	ROADKILL	1	direct:1	0x00006A44	0x00006A46	CODE:00006A46                 br      COW_SLEEP@ROADKILL
COW_WAIT@ROADKILL	COW_WAIT	ROADKILL	1	direct:1	0x00006A31	0x00006A41	CODE:00006A41                 bgt     COW_WAIT@ROADKILL
CREDITBUFFER@COIN	CREDITBUFFER	COIN	1	direct:1	0x0000E58B	0x0000753C	CODE:0000753C                 sti     r7,@CREDITBUFFER@COIN
CREDITS@WAVE	CREDITS	WAVE	1	direct:1	0x000093BD	0x00009359	CODE:00009359                 be      CREDITS@WAVE
CRL1@HSTDP	CRL1	HSTDP	1	direct:1	0x0000381B	0x00003818	CODE:00003818                 br      CRL1@HSTDP
CRLL@HSTDP	CRLL	HSTDP	1	direct:1	0x00003819	0x00003816	CODE:00003816                 bgt     CRLL@HSTDP
CRLLOOP@HSTDP	CRLLOOP	HSTDP	1	direct:1	0x000037EE	0x00003811	CODE:00003811                 ble     CRLLOOP@HSTDP
CRTRGLP@CUSA	CRTRGLP	CUSA	1	direct:1	0x00004EE9	0x00004EE7	CODE:00004EE7                 rptb    CRTRGLP@CUSA
CRT_REG_SETUP@CUSA	CRT_REG_SETUP	CUSA	1	direct:1	0x00004EDD	0x00004B0E	CODE:00004B0E                 call    CRT_REG_SETUP@CUSA
CRT_REG_SETUP_STRI@CUSA	CRT_REG_SETUP_STRI	CUSA	1	direct:1	0x00004EDC	0x00004EE5	CODE:00004EE5                 ldi     @CRT_REG_SETUP_STRI@CUSA,ar1
CRX@COLLA	CRX	COLLA	1	direct:1	0x000020D3	0x000020B6	CODE:000020B6                 bhs     CRX@COLLA
CS1@COMM	CS1	COMM	1	direct:1	0x00008102	0x00008100	CODE:00008100                 be      CS1@COMM
CS20@COMM	CS20	COMM	1	direct:1	0x0000810F	0x0000810A	CODE:0000810A                 be      CS20@COMM
CS2@COMM	CS2	COMM	1	direct:1	0x00008108	0x00008103	CODE:00008103                 be      CS2@COMM
CS3@COMM	CS3	COMM	1	direct:1	0x00008123	0x00008121	CODE:00008121                 be      CS3@COMM
CSERROR11@COMM	CSERROR11	COMM	1	direct:1	0x00008206	0x000081E9	CODE:000081E9                 blt     CSERROR11@COMM
CSERROR8@COMM	CSERROR8	COMM	1	direct:1	0x00008204	0x0000818B	CODE:0000818B                 bne     CSERROR8@COMM
CSERROR9@COMM	CSERROR9	COMM	1	direct:1	0x00008205	0x00008192	CODE:00008192                 blt     CSERROR9@COMM
CSERRORDEAD@COMM	CSERRORDEAD	COMM	1	direct:1	0x00008207	0x00008115	CODE:00008115                 ble     CSERRORDEAD@COMM
CSGLNEQ@COLLA	CSGLNEQ	COLLA	1	direct:1	0x00002233	0x00002225	CODE:00002225                 rptb    CSGLNEQ@COLLA
CSPX@ROADKILL	CSPX	ROADKILL	1	direct:1	0x00006A29	0x00006A0F	CODE:00006A0F                 be      CSPX@ROADKILL
CTC_STRI@COIN	CTC_STRI	COIN	1	direct:1	0x0000745F	0x000075BA	CODE:000075BA                 ldi     @CTC_STRI@COIN,ar1
CTEX@HSTDP	CTEX	HSTDP	1	direct:1	0x0000331B	0x00003315	CODE:00003315                 be      CTEX@HSTDP
CTS_STRI@COIN	CTS_STRI	COIN	1	direct:1	0x0000745B	0x000075A3	CODE:000075A3                 ldi     @CTS_STRI@COIN,ar1
CT_WHEEL@TRANS	CT_WHEEL	TRANS	1	direct:1	0x0000EA54	0x00005BE6	CODE:00005BE6                 ldi     @CT_WHEEL@TRANS,ar2
CURBCKL@PLYR	CURBCKL	PLYR	1	direct:1	0x00002F39	0x00002F32	CODE:00002F32                 rptb    CURBCKL@PLYR
CURBCKX@PLYR	CURBCKX	PLYR	1	direct:1	0x00002F3F	0x00002F34	CODE:00002F34                 be      CURBCKX@PLYR
CURBCLX@PLYR	CURBCLX	PLYR	1	direct:1	0x00002FDB	0x00002F65	CODE:00002F65                 be      CURBCLX@PLYR
CURBCOL1A@PLYR	CURBCOL1A	PLYR	1	direct:1	0x00002FB0	0x00003022	CODE:00003022                 bu      CURBCOL1A@PLYR
CURBCOL2@PLYR	CURBCOL2	PLYR	1	direct:1	0x00002FC0	0x00002FBC	CODE:00002FBC                 ble     CURBCOL2@PLYR
CURBCOL2A@PLYR	CURBCOL2A	PLYR	1	direct:1	0x00002FBB	0x00002FB7	CODE:00002FB7                 bge     CURBCOL2A@PLYR
CURBCOL@PLYR	CURBCOL	PLYR	1	direct:1	0x00002F83	0x00002F7F	CODE:00002F7F                 bu      CURBCOL@PLYR
CURBCOLP@PLYR	CURBCOLP	PLYR	1	direct:1	0x00002F80	0x00002F78	CODE:00002F78                 be      CURBCOLP@PLYR
CURBSPN@PLYR	CURBSPN	PLYR	1	direct:1	0x00002FDC	0x00002FB3	CODE:00002FB3                 bgt     CURBSPN@PLYR
CUSTOM_PRICING_MENU_ptr_0000C8C4@DIAG	CUSTOM_PRICING_MENU_ptr_0000C8C4	DIAG	1	direct:1	0x0000C8C4	0x00000FE3	CODE:00000FE3                 ldi     @CUSTOM_PRICING_MENU_ptr_0000C8C4@DIAG,ar5 ; LDL
cvette_blue_ptr_0000C757@WAVE	cvette_blue_ptr_0000C757	WAVE	1	direct:1	0x0000C757	0x00009518	CODE:00009518                 ldi     @cvette_blue_ptr_0000C757@WAVE,ar2 ; LDL
cvette_purple_ptr_0000C759@WAVE	cvette_purple_ptr_0000C759	WAVE	1	direct:1	0x0000C759	0x0000951C	CODE:0000951C                 ldi     @cvette_purple_ptr_0000C759@WAVE,ar2 ; LDL
cvette_red_ptr_0000C758@WAVE	cvette_red_ptr_0000C758	WAVE	1	direct:1	0x0000C758	0x0000951A	CODE:0000951A                 ldi     @cvette_red_ptr_0000C758@WAVE,ar2 ; LDL
CYNLOOP@DIAG	CYNLOOP	DIAG	1	direct:1	0x00000EA5	0x00000EC2	CODE:00000EC2                 bu      CYNLOOP@DIAG
CYN_YES@DIAG	CYN_YES	DIAG	1	direct:1	0x00000EC7	0x00000EC4	CODE:00000EC4                 be      CYN_YES@DIAG
C_WAIT@CUSA	C_WAIT	CUSA	1	direct:1	0x00004C3B	0x00004C3C	CODE:00004C3C                 bne     C_WAIT@CUSA
DADA5@DIAG	DADA5	DIAG	1	direct:1	0x00000D1E	0x00000D0C	CODE:00000D0C                 bne     DADA5@DIAG
DAIRB@PLYR	DAIRB	PLYR	1	direct:1	0x00002C38	0x00002C34	CODE:00002C34                 bne     DAIRB@PLYR
DALOP@FONT1A	DALOP	FONT1A	1	direct:1	0x0000A7BD	0x0000A7B9	CODE:0000A7B9                 blt     DALOP@FONT1A
DAS@DIAG	DAS	DIAG	1	direct:1	0x00000DE5	0x00000DE1	CODE:00000DE1                 ldi     @DAS@DIAG,ar2
DASHLIGHT@CUSA	DASHLIGHT	CUSA	1	direct:1	0x00005001	0x00004E71	CODE:00004E71                 ble     DASHLIGHT@CUSA
DATE_STAMP_ptr_0000B0CC@DATE	DATE_STAMP_ptr_0000B0CC	DATE	1	direct:1	0x0000B0CC	0x00004F74	CODE:00004F74                 ldi     @DATE_STAMP_ptr_0000B0CC@DATE,ar2 ; TEXTIT
DATE_STAMP_ptr_0000C79B@DATE	DATE_STAMP_ptr_0000C79B	DATE	1	direct:1	0x0000C79B	0x000064E6	CODE:000064E6                 ldi     @DATE_STAMP_ptr_0000C79B@DATE,ar2 ; TEXTIT
DBLSPCI@COIN	DBLSPCI	COIN	1	direct:1	0x0000746C	0x0000754C	CODE:0000754C                 ldi     @DBLSPCI@COIN,ar1
DBSX@ROADKILL	DBSX	ROADKILL	1	direct:1	0x00006C83	0x00006C7F	CODE:00006C7F                 bhs     DBSX@ROADKILL
DC_M_NOP@COMMQ	DC_M_NOP	COMMQ	1	direct:1	0x0000774B	0x00007744	CODE:00007744                 bne     DC_M_NOP@COMMQ
DDF1@BONUS	DDF1	BONUS	1	direct:1	0x00003B01	0x00003AFD	CODE:00003AFD                 bne     DDF1@BONUS
DDJ@FONT1A	DDJ	FONT1A	1	direct:1	0x0000A7EA	0x0000A7E7	CODE:0000A7E7                 blt     DDJ@FONT1A
DDYNA_INIT@DELTA	DDYNA_INIT	DELTA	1	direct:1	0x0000AE9A	0x0000AE98	CODE:0000AE98                 call    DDYNA_INIT@DELTA
DEADCAR@COLLA	DEADCAR	COLLA	1	direct:1	0x0000256A	0x00002544	CODE:00002544                 be      DEADCAR@COLLA
DEADLP@COLLA	DEADLP	COLLA	1	direct:1	0x0000257B	0x00002586	CODE:00002586                 bu      DEADLP@COLLA
DEADLPI@COLLA	DEADLPI	COLLA	1	direct:1	0x000025D3	0x000025CA	CODE:000025CA                 ldi     @DEADLPI@COLLA,r5
DEBSCL0@COLLA	DEBSCL0	COLLA	1	direct:1	0x0000238E	0x00002399	CODE:00002399                 bne     DEBSCL0@COLLA
DECLPX@COMMQ	DECLPX	COMMQ	1	direct:1	0x00007692	0x00007689	CODE:00007689                 bu      DECLPX@COMMQ
DECODEL1i@COMP	DECODEL1i	COMP	1	direct:1	0x0000A38A	0x0000A382	CODE:0000A382                 ble     DECODEL1i@COMP  ; IFI
DECODEL3i@COMP	DECODEL3i	COMP	1	direct:1	0x0000A383	0x0000A389	CODE:0000A389                 bgt     DECODEL3i@COMP
DECODE_BLOCKI@COMMQ	DECODE_BLOCKI	COMMQ	1	direct:1	0x00007697	0x0000768F	CODE:0000768F                 addi    @DECODE_BLOCKI@COMMQ,ar0
DECODE_LP@COMMQ	DECODE_LP	COMMQ	1	direct:1	0x0000768A	0x00007693	CODE:00007693                 blt     DECODE_LP@COMMQ
DECODE_STACKI@COMP	DECODE_STACKI	COMP	1	direct:1	0x0000A2D9	0x0000A37A	CODE:0000A37A                 ldi     @DECODE_STACKI@COMP,ar4
DECOMPRESS_TOPLP@COMP	DECOMPRESS_TOPLP	COMP	1	direct:1	0x0000A342	0x0000A372	CODE:0000A372                 be      DECOMPRESS_TOPLP@COMP
DECP@COLLA	DECP	COLLA	1	direct:1	0x000025BB	0x000025B4	CODE:000025B4                 rptb    DECP@COLLA
DEERANI_LOOP@ROADKILL	DEERANI_LOOP	ROADKILL	1	direct:1	0x00006A63	0x00006A69	CODE:00006A69                 br      DEERANI_LOOP@ROADKILL
DEER_DIE@ROADKILL	DEER_DIE	ROADKILL	1	direct:1	0x00006A6A	0x00006A61	CODE:00006A61                 blo     DEER_DIE@ROADKILL
DEFAULT_TABLE_ptr_0000C766@CMOS	DEFAULT_TABLE_ptr_0000C766	CMOS	1	direct:1	0x0000C766	0x00009AC8	CODE:00009AC8                 ldi     @DEFAULT_TABLE_ptr_0000C766@CMOS,ar1 ; LDL
DEFAULT_TABLE_ptr_0000C767@CMOS	DEFAULT_TABLE_ptr_0000C767	CMOS	1	direct:1	0x0000C767	0x00009AD8	CODE:00009AD8                 ldi     @DEFAULT_TABLE_ptr_0000C767@CMOS,ar1 ; LDL
DEFAULT_TABLE_TOTALI@CMOS	DEFAULT_TABLE_TOTALI	CMOS	1	direct:1	0x00009A8D	0x00009ACA	CODE:00009ACA                 ldie    @DEFAULT_TABLE_TOTALI@CMOS,ar1
DELETE_PRESS_OBJECTS@HSTDP	DELETE_PRESS_OBJECTS	HSTDP	1	direct:1	0x000038F3	0x0000389D	CODE:0000389D                 call    DELETE_PRESS_OBJECTS@HSTDP
DELLP@BONUS	DELLP	BONUS	1	direct:1	0x00003A31	0x00003A35	CODE:00003A35                 bne     DELLP@BONUS
DELLP@OBJ	DELLP	OBJ	1	direct:1	0x00007151	0x0000715D	CODE:0000715D                 bne     DELLP@OBJ
DELLP@TEXT	DELLP	TEXT	1	direct:1	0x00007AE3	0x00007AE6	CODE:00007AE6                 bne     DELLP@TEXT
DELOBJX@BONUS	DELOBJX	BONUS	1	direct:1	0x00003A41	0x00003A33	CODE:00003A33                 be      DELOBJX@BONUS
DELOBJX@OBJ	DELOBJX	OBJ	1	direct:1	0x00007169	0x0000715B	CODE:0000715B                 be      DELOBJX@OBJ
DELRLP@OBJ	DELRLP	OBJ	1	direct:1	0x00007114	0x00007120	CODE:00007120                 bne     DELRLP@OBJ
DELTA_JOININ@DRONES	DELTA_JOININ	DRONES	1	direct:1	0x00006754	0x0000677E	CODE:0000677E                 bu      DELTA_JOININ@DRONES
DETHTAB1I@COLLA	DETHTAB1I	COLLA	1	direct:1	0x00002469	0x00002456	CODE:00002456                 ldi     @DETHTAB1I@COLLA,ar2
DETHTAB2I@COLLA	DETHTAB2I	COLLA	1	direct:1	0x0000246A	0x0000243D	CODE:0000243D                 ldi     @DETHTAB2I@COLLA,ar2
DFXX@COLLA	DFXX	COLLA	1	direct:1	0x000025D1	0x000025AE	CODE:000025AE                 bne     DFXX@COLLA
DHS0@HSTDP	DHS0	HSTDP	1	direct:1	0x000038AE	0x000038B4	CODE:000038B4                 blt     DHS0@HSTDP
DHSNEXT@HSTDP	DHSNEXT	HSTDP	1	direct:1	0x00003881	0x00003878	CODE:00003878                 br      DHSNEXT@HSTDP
DHSNOBUT@HSTDP	DHSNOBUT	HSTDP	1	direct:1	0x00003879	0x00003874	CODE:00003874                 be      DHSNOBUT@HSTDP
DIAGNOSTIC_MENU_ptr_0000C84A@DIAG	DIAGNOSTIC_MENU_ptr_0000C84A	DIAG	1	direct:1	0x0000C84A	0x00000A4C	CODE:00000A4C                 ldi     @DIAGNOSTIC_MENU_ptr_0000C84A@DIAG,ar5 ; LDL
DIAGPAL_ptr_0000B0DA@DIAG	DIAGPAL_ptr_0000B0DA	DIAG	1	direct:1	0x0000B0DA	0x00005047	CODE:00005047                 ldi     @DIAGPAL_ptr_0000B0DA@DIAG,ar2 ; LDL
DIAGPAL_ptr_0000C810@DIAG	DIAGPAL_ptr_0000C810	DIAG	1	direct:1	0x0000C810	0x00000692	CODE:00000692                 ldi     @DIAGPAL_ptr_0000C810@DIAG,ar2 ; LDL
DIAGPAL_ptr_0000C814@DIAG	DIAGPAL_ptr_0000C814	DIAG	1	direct:1	0x0000C814	0x000006B6	CODE:000006B6                 ldi     @DIAGPAL_ptr_0000C814@DIAG,ar2 ; LDL
DIAG_BUTTONS@CUSA	DIAG_BUTTONS	CUSA	1	direct:1	0x00004EAC	0x00004E63	CODE:00004E63                 be      DIAG_BUTTONS@CUSA
DIAG_TOGGLE@CUSA	DIAG_TOGGLE	CUSA	1	direct:1	0x00004D72	0x00004D2C	CODE:00004D2C                 callne  DIAG_TOGGLE@CUSA
DICTI@COMP	DICTI	COMP	1	direct:1	0x0000A2D8	0x0000A337	CODE:0000A337                 ldi     @DICTI@COMP,ar3
DIELP@MPROC	DIELP	MPROC	1	direct:1	0x0000A8C6	0x0000A8D2	CODE:0000A8D2                 bne     DIELP@MPROC
DIPLP@DIAG	DIPLP	DIAG	1	direct:1	0x0000093C	0x00000941	CODE:00000941                 bu      DIPLP@DIAG
DIPTMP_ptr_0000C832@DIAG	DIPTMP_ptr_0000C832	DIAG	1	direct:1	0x0000C832	0x0000094E	CODE:0000094E                 ldi     @DIPTMP_ptr_0000C832@DIAG,ar2 ; LDL
DISPLAY_DIPSWITCH_STATUS@DIAG	DISPLAY_DIPSWITCH_STATUS	DIAG	1	direct:1	0x0000095A	0x0000093C	CODE:0000093C                 call    DISPLAY_DIPSWITCH_STATUS@DIAG
DISPLAY_HSTEXT@HSTDP	DISPLAY_HSTEXT	HSTDP	1	direct:1	0x0000392E	0x000038A7	CODE:000038A7                 call    DISPLAY_HSTEXT@HSTDP
DISPLAY_SHIFTER@DIAG	DISPLAY_SHIFTER	DIAG	1	direct:1	0x000008BA	0x00000895	CODE:00000895                 call    DISPLAY_SHIFTER@DIAG
DISPLAY_SWITCH_STATUS@DIAG	DISPLAY_SWITCH_STATUS	DIAG	1	direct:1	0x00000895	0x0000081E	CODE:0000081E                 call    DISPLAY_SWITCH_STATUS@DIAG
DISPPOTS@DIAG	DISPPOTS	DIAG	1	direct:1	0x000008FF	0x0000081D	CODE:0000081D                 call    DISPPOTS@DIAG
DISTCON@PLYR	DISTCON	PLYR	1	direct:1	0x00002B91	0x00002B73	CODE:00002B73                 mpyf    @DISTCON@PLYR,r0
DLINKDI@DIAG	DLINKDI	DIAG	1	direct:1	0x00000A33	0x000009B5	CODE:000009B5                 ldie    @DLINKDI@DIAG,ar2
dlts_ptr_0000B0C9@CUSA	dlts_ptr_0000B0C9	CUSA	1	direct:1	0x0000B0C9	0x00004F67	CODE:00004F67                 ldi     @dlts_ptr_0000B0C9@CUSA,ar2 ; TEXTIT
DMOD1@DIAG	DMOD1	DIAG	1	direct:1	0x00000A2F	0x000009BB	CODE:000009BB                 ldie    @DMOD1@DIAG,ar2
DMOD2@DIAG	DMOD2	DIAG	1	direct:1	0x00000A30	0x000009BC	CODE:000009BC                 ldine   @DMOD2@DIAG,ar2
DMOTI@DIAG	DMOTI	DIAG	1	direct:1	0x00000A31	0x000009A7	CODE:000009A7                 ldie    @DMOTI@DIAG,ar2
DMT@DIAG	DMT	DIAG	1	direct:1	0x00000A4B	0x00000A4E	CODE:00000A4E                 ldi     @DMT@DIAG,ar7
DNDNL@HUD	DNDNL	HUD	1	direct:1	0x00009D86	0x00009D7F	CODE:00009D7F                 bu      DNDNL@HUD
DNF@MOTION	DNF	MOTION	1	direct:1	0x000048DC	0x000048D7	CODE:000048D7                 be      DNF@MOTION
DNLINKDI@DIAG	DNLINKDI	DIAG	1	direct:1	0x00000A34	0x000009B4	CODE:000009B4                 ldine   @DNLINKDI@DIAG,ar2
DNMOTI@DIAG	DNMOTI	DIAG	1	direct:1	0x00000A32	0x000009A6	CODE:000009A6                 ldine   @DNMOTI@DIAG,ar2
DNSUPI@DIAG	DNSUPI	DIAG	1	direct:1	0x0000C834	0x000009AD	CODE:000009AD                 ldine   @DNSUPI@DIAG,ar2
dnums_amber_ptr_0000B1D3@HUD	dnums_amber_ptr_0000B1D3	HUD	1	direct:1	0x0000B1D3	0x00009DED	CODE:00009DED                 ldi     @dnums_amber_ptr_0000B1D3@HUD,ar2 ; LDL
dnums_p_ptr_0000C6F4@TEXT	dnums_p_ptr_0000C6F4	TEXT	1	direct:1	0x0000C6F4	0x000079A5	CODE:000079A5                 ldi     @dnums_p_ptr_0000C6F4@TEXT,ar2 ; LDL
dnums_p_ptr_0000C6F5@TEXT	dnums_p_ptr_0000C6F5	TEXT	1	direct:1	0x0000C6F5	0x000079B1	CODE:000079B1                 ldi     @dnums_p_ptr_0000C6F5@TEXT,ar2 ; LDL
dnums_p_ptr_0000C6F6@TEXT	dnums_p_ptr_0000C6F6	TEXT	1	direct:1	0x0000C6F6	0x000079BD	CODE:000079BD                 ldi     @dnums_p_ptr_0000C6F6@TEXT,ar2 ; LDL
dnums_p_ptr_0000C6F7@TEXT	dnums_p_ptr_0000C6F7	TEXT	1	direct:1	0x0000C6F7	0x000079C9	CODE:000079C9                 ldi     @dnums_p_ptr_0000C6F7@TEXT,ar2 ; LDL
DN_CHK@MEMTEST	DN_CHK	MEMTEST	1	direct:1	0x000063E3	0x000063D1	CODE:000063D1                 bu      DN_CHK@MEMTEST
DOALL1@INTRO	DOALL1	INTRO	1	direct:1	0x000019A2	0x0000199E	CODE:0000199E                 blt     DOALL1@INTRO
DOALL@INTRO	DOALL	INTRO	1	direct:1	0x00001B8D	0x00001B89	CODE:00001B89                 blt     DOALL@INTRO
DODIAG@CUSA	DODIAG	CUSA	1	direct:1	0x00004FF4	0x00004FEF	CODE:00004FEF                 be      DODIAG@CUSA
DODIEXXX@BONUS	DODIEXXX	BONUS	1	direct:1	0x00003A25	0x00003A01	CODE:00003A01                 bne     DODIEXXX@BONUS
DODOIBO@CUSA	DODOIBO	CUSA	1	direct:1	0x00004F80	0x00004F7D	CODE:00004F7D                 be      DODOIBO@CUSA
DOEXIT@DIAG	DOEXIT	DIAG	1	direct:1	0x00000EC3	0x00000EB5	CODE:00000EB5                 be      DOEXIT@DIAG
DOEXITDV@DIAG	DOEXITDV	DIAG	1	direct:1	0x00000FC2	0x00000FA4	CODE:00000FA4                 be      DOEXITDV@DIAG
DOGENRLB@PLYR	DOGENRLB	PLYR	1	direct:1	0x00002996	0x0000298B	CODE:0000298B                 blt     DOGENRLB@PLYR
DOIT8@CUSA	DOIT8	CUSA	1	direct:1	0x00004C01	0x00004BFE	CODE:00004BFE                 be      DOIT8@CUSA
DONEDSS@DIAG	DONEDSS	DIAG	1	direct:1	0x000008B8	0x000008AB	CODE:000008AB                 be      DONEDSS@DIAG
DOREG3@BONUS	DOREG3	BONUS	1	direct:1	0x00003EFF	0x00003EFA	CODE:00003EFA                 be      DOREG3@BONUS
DOREG3A@BONUS	DOREG3A	BONUS	1	direct:1	0x00003A68	0x00003A65	CODE:00003A65                 be      DOREG3A@BONUS
DOREPEL@COLLA	DOREPEL	COLLA	1	direct:1	0x0000225F	0x0000225B	CODE:0000225B                 bu      DOREPEL@COLLA
DORST@CMOS	DORST	CMOS	1	direct:1	0x000099BF	0x000099BC	CODE:000099BC                 blt     DORST@CMOS
DO_COINAGE@COIN	DO_COINAGE	COIN	1	direct:1	0x000074C6	0x000074B9	CODE:000074B9                 bu      DO_COINAGE@COIN
DO_CREDITS@COIN	DO_CREDITS	COIN	1	direct:1	0x00007545	0x00007542	CODE:00007542                 bne     DO_CREDITS@COIN
DO_DEL@BACKGRND	DO_DEL	BACKGRND	1	direct:1	0x0000404C	0x00004049	CODE:00004049                 bu      DO_DEL@BACKGRND
DO_PLYR@ROADKILL	DO_PLYR	ROADKILL	1	direct:1	0x000069B7	0x000069B3	CODE:000069B3                 be      DO_PLYR@ROADKILL
DO_SLAVE_SYNC@COMM	DO_SLAVE_SYNC	COMM	1	direct:1	0x000080D5	0x000080D0	CODE:000080D0                 bne     DO_SLAVE_SYNC@COMM
DR1@CUSA	DR1	CUSA	1	direct:1	0x00004B3C	0x00004B38	CODE:00004B38                 bu      DR1@CUSA
DRAW_MOTION_SAFETY_DIAG@DIAG	DRAW_MOTION_SAFETY_DIAG	DIAG	1	direct:1	0x000012DD	0x000013D6	CODE:000013D6                 call    DRAW_MOTION_SAFETY_DIAG@DIAG
DRCOLSND@COLLA	DRCOLSND	COLLA	1	direct:1	0x0000284F	0x0000284C	CODE:0000284C                 bne     DRCOLSND@COLLA
DRIVE_LISTI	DRIVE_LISTI		1	direct:1	0x00000056	0x00007112	CODE:00007112                 ldi     @DRIVE_LISTI,r1
DRKX@COLLA	DRKX	COLLA	1	direct:1	0x00002594	0x00002590	CODE:00002590                 bne     DRKX@COLLA
DRONELL@COMMDRNE	DRONELL	COMMDRNE	1	direct:1	0x0000A75A	0x0000A758	CODE:0000A758                 bne     DRONELL@COMMDRNE
DRONEPT@COLLA	DRONEPT	COLLA	1	direct:1	0x000021F2	0x000021F0	CODE:000021F0                 bu      DRONEPT@COLLA
DRONEPTL@COLLA	DRONEPTL	COLLA	1	direct:1	0x000021F5	0x00002205	CODE:00002205                 bne     DRONEPTL@COLLA
DRONESORT@OBJ	DRONESORT	OBJ	1	direct:1	0x0000720F	0x000071D8	CODE:000071D8                 call    DRONESORT@OBJ
DRONESPIN@COLLA	DRONESPIN	COLLA	1	direct:1	0x000027B6	0x00002773	CODE:00002773                 bne     DRONESPIN@COLLA
DRONESPIN@PLYR	DRONESPIN	PLYR	1	direct:1	0x00002D35	0x00002D2D	CODE:00002D2D                 bne     DRONESPIN@PLYR
DRONE_DANI_PROCI@DELTA	DRONE_DANI_PROCI	DELTA	1	direct:1	0x0000AED7	0x0000AECC	CODE:0000AECC                 ldi     @DRONE_DANI_PROCI@DELTA,ar2
DSL000@OBJ	DSL000	OBJ	1	direct:1	0x00007265	0x00007261	CODE:00007261                 bgt     DSL000@OBJ
DSL00@OBJ	DSL00	OBJ	1	direct:1	0x00007267	0x00007264	CODE:00007264                 bne     DSL00@OBJ
DSL11@OBJ	DSL11	OBJ	1	direct:1	0x00007268	0x00007260	CODE:00007260                 bu      DSL11@OBJ
DSL1@OBJ	DSL1	OBJ	1	direct:1	0x00007272	0x0000726F	CODE:0000726F                 bu      DSL1@OBJ
DSORTL1@OBJ	DSORTL1	OBJ	1	direct:1	0x0000724E	0x00007258	CODE:00007258                 bne     DSORTL1@OBJ
DSORTL1X@OBJ	DSORTL1X	OBJ	1	direct:1	0x00007250	0x0000724D	CODE:0000724D                 be      DSORTL1X@OBJ
DSORTL2@OBJ	DSORTL2	OBJ	1	direct:1	0x00007256	0x0000724F	CODE:0000724F                 bne     DSORTL2@OBJ
DSORTXX@OBJ	DSORTXX	OBJ	1	direct:1	0x0000727C	0x00007221	CODE:00007221                 be      DSORTXX@OBJ
DSPIN0@COLLA	DSPIN0	COLLA	1	direct:1	0x000027D8	0x000027D5	CODE:000027D5                 blt     DSPIN0@COLLA
DSPIN1@COLLA	DSPIN1	COLLA	1	direct:1	0x000027CF	0x000027CD	CODE:000027CD                 bge     DSPIN1@COLLA
DSPIN@COLLA	DSPIN	COLLA	1	direct:1	0x000027C3	0x000027BC	CODE:000027BC                 bgt     DSPIN@COLLA
DSPX@ROADKILL	DSPX	ROADKILL	1	direct:1	0x00006A5E	0x00006A4B	CODE:00006A4B                 be      DSPX@ROADKILL
DSUPI@DIAG	DSUPI	DIAG	1	direct:1	0x0000C835	0x000009AE	CODE:000009AE                 ldie    @DSUPI@DIAG,ar2
DTXX@CUSA	DTXX	CUSA	1	direct:1	0x00004D7E	0x00004D76	CODE:00004D76                 be      DTXX@CUSA
DYNAFREEI	DYNAFREEI		1	direct:1	0x00009016	0x0000901E	CODE:0000901E                 ldi     @DYNAFREEI,r2
DYNALISTI	DYNALISTI		1	direct:1	0x00009015	0x0000901D	CODE:0000901D                 ldi     @DYNALISTI,ar2
DYNALOOP@DIRQ	DYNALOOP	DIRQ	1	direct:1	0x000001CE	0x00000249	CODE:00000249                 bne     DYNALOOP@DIRQ
DYNAMIC_OBJECT@DIRQ	DYNAMIC_OBJECT	DIRQ	1	direct:1	0x000001BC	0x00000127	CODE:00000127                 bne     DYNAMIC_OBJECT@DIRQ
DYNDEL@OBJ	DYNDEL	OBJ	1	direct:1	0x00007134	0x00007139	CODE:00007139                 bne     DYNDEL@OBJ
DYNLP1@DIRQ	DYNLP1	DIRQ	1	direct:1	0x000001F7	0x000001E9	CODE:000001E9                 rptb    DYNLP1@DIRQ
DZSORTUP1@OBJ	DZSORTUP1	OBJ	1	direct:1	0x0000726E	0x0000725C	CODE:0000725C                 bne     DZSORTUP1@OBJ
DZSORTUP@OBJ	DZSORTUP	OBJ	1	direct:1	0x00007259	0x00007252	CODE:00007252                 bne     DZSORTUP@OBJ
EFFECTS_TAB_ptr_0000C86F@DIAG	EFFECTS_TAB_ptr_0000C86F	DIAG	1	direct:1	0x0000C86F	0x00000B17	CODE:00000B17                 ldi     @EFFECTS_TAB_ptr_0000C86F@DIAG,ar6 ; LDL
EFFECTS_TAB_ptr_0000C873@DIAG	EFFECTS_TAB_ptr_0000C873	DIAG	1	direct:1	0x0000C873	0x00000B5D	CODE:00000B5D                 ldi     @EFFECTS_TAB_ptr_0000C873@DIAG,ar6 ; LDL
elap_ptr_0000B1D4@HUD	elap_ptr_0000B1D4	HUD	1	direct:1	0x0000B1D4	0x00009DF7	CODE:00009DF7                 ldi     @elap_ptr_0000B1D4@HUD,ar2 ; LDL
ELOOP@MEMTEST	ELOOP	MEMTEST	1	direct:1	0x0000634A	0x0000634B	CODE:0000634B                 bu      ELOOP@MEMTEST
ENGACTABI	ENGACTABI		1	direct:1	0x00002D68	0x00002D9C	CODE:00002D9C                 ldi     @ENGACTABI,ar0
ENGFRI	ENGFRI		1	direct:1	0x00002D7D	0x00002DF0	CODE:00002DF0                 ldi     @ENGFRI,ar0
ENTER2@CUSA	ENTER2	CUSA	1	direct:1	0x00004BE7	0x00004C43	CODE:00004C43                 br      ENTER2@CUSA
ENTER2@HUD	ENTER2	HUD	1	direct:1	0x00009E93	0x00009E8A	CODE:00009E8A                 bud     ENTER2@HUD
ENTER_HSTEXT@HSTDP	ENTER_HSTEXT	HSTDP	1	direct:1	0x00003930	0x00003375	CODE:00003375                 call    ENTER_HSTEXT@HSTDP
EOCV@COLLA	EOCV	COLLA	1	direct:1	0x000028E2	0x000028D3	CODE:000028D3                 rptb    EOCV@COLLA
EODVCTR@DIRQ	EODVCTR	DIRQ	1	direct:1	0x00000246	0x00000220	CODE:00000220                 rptb    EODVCTR@DIRQ
EOSVCTR@DIRQ	EOSVCTR	DIRQ	1	direct:1	0x00000282	0x00000260	CODE:00000260                 rptb    EOSVCTR@DIRQ
EOTV@COLLA	EOTV	COLLA	1	direct:1	0x00002133	0x0000211C	CODE:0000211C                 rptb    EOTV@COLLA
EOVCTR2@DIRQ	EOVCTR2	DIRQ	1	direct:1	0x000001BA	0x000001A0	CODE:000001A0                 rptb    EOVCTR2@DIRQ    ; alts: EOVCTR2
EOVCTR@DIRQ	EOVCTR	DIRQ	1	direct:1	0x00000162	0x00000140	CODE:00000140                 rptb    EOVCTR@DIRQ
EQCHK0@COLLA	EQCHK0	COLLA	1	direct:1	0x00002887	0x00002880	CODE:00002880                 rptb    EQCHK0@COLLA
EQCHK1@COLLA	EQCHK1	COLLA	1	direct:1	0x00002898	0x00002891	CODE:00002891                 rptb    EQCHK1@COLLA
EQTABI@COLLA	EQTABI	COLLA	1	direct:1	0x000028E7	0x0000286E	CODE:0000286E                 ldi     @EQTABI@COLLA,ar2 ; LDPI
ERRLOG_D2@ERROR	ERRLOG_D2	ERROR	1	direct:1	0x0000ABD1	0x0000ABCC	CODE:0000ABCC                 bgt     ERRLOG_D2@ERROR
ERRORN@CUSA	ERRORN	CUSA	1	direct:1	0x0000C964	0x00004BCE	CODE:00004BCE                 sti     r0,@ERRORN@CUSA
ERRORO@CUSA	ERRORO	CUSA	1	direct:1	0x0000C965	0x00004BCD	CODE:00004BCD                 sti     r0,@ERRORO@CUSA
ERROR_X@ERROR	ERROR_X	ERROR	1	direct:1	0x0000AB99	0x0000AB5F	CODE:0000AB5F                 bge     ERROR_X@ERROR
EXITL2A@MOTION	EXITL2A	MOTION	1	direct:1	0x00004A82	0x00004A7E	CODE:00004A7E                 bhs     EXITL2A@MOTION
EXP_ANII@DRONES	EXP_ANII	DRONES	1	direct:1	0x000067DA	0x000067B0	CODE:000067B0                 ldi     @EXP_ANII@DRONES,ar5
EXP_PUFFLP@DRONES	EXP_PUFFLP	DRONES	1	direct:1	0x000067C4	0x000067D6	CODE:000067D6                 bu      EXP_PUFFLP@DRONES
FACINGFRONT@SMOKE	FACINGFRONT	SMOKE	1	direct:1	0x000086CD	0x000086CA	CODE:000086CA                 blt     FACINGFRONT@SMOKE
FARX@BONUS	FARX	BONUS	1	direct:1	0x00003F72	0x00003F65	CODE:00003F65                 be      FARX@BONUS
FBLOOP@FLAME	FBLOOP	FLAME	1	direct:1	0x0000AE50	0x0000AE54	CODE:0000AE54                 br      FBLOOP@FLAME
FC00@COLLA	FC00	COLLA	1	direct:1	0x0000245D	0x0000245A	CODE:0000245A                 bne     FC00@COLLA
FC01@COLLA	FC01	COLLA	1	direct:1	0x00002460	0x0000245C	CODE:0000245C                 bu      FC01@COLLA
FC02@COLLA	FC02	COLLA	1	direct:1	0x00002462	0x0000245E	CODE:0000245E                 bne     FC02@COLLA
FC03@COLLA	FC03	COLLA	1	direct:1	0x00002463	0x00002461	CODE:00002461                 bu      FC03@COLLA
FD1@COMMQ	FD1	COMMQ	1	direct:1	0x0000786F	0x0000786A	CODE:0000786A                 bu      FD1@COMMQ
FDDDA@CUSA	FDDDA	CUSA	1	direct:1	0x00004E9F	0x00004E9C	CODE:00004E9C                 bu      FDDDA@CUSA
FFB2@AUDITS	FFB2	AUDITS	1	direct:1	0x0000153D	0x00001538	CODE:00001538                 bne     FFB2@AUDITS
FFFD@MOTION	FFFD	MOTION	1	direct:1	0x0000468C	0x00004684	CODE:00004684                 bu      FFFD@MOTION
FFRST@DIAG	FFRST	DIAG	1	direct:1	0x00000DDA	0x00000DD6	CODE:00000DD6                 ldi     @FFRST@DIAG,ar2
FFR_ptr_0000C8A3@DIAG	FFR_ptr_0000C8A3	DIAG	1	direct:1	0x0000C8A3	0x00000DC9	CODE:00000DC9                 ldi     @FFR_ptr_0000C8A3@DIAG,ar2 ; LDL
FF_ERR@OBJ	FF_ERR	OBJ	1	direct:1	0x000070EF	0x000070E9	CODE:000070E9                 be      FF_ERR@OBJ
FF_LP@OBJ	FF_LP	OBJ	1	direct:1	0x000070EA	0x000070EE	CODE:000070EE                 bne     FF_LP@OBJ
FF_OK@OBJ	FF_OK	OBJ	1	direct:1	0x000070F2	0x000070EC	CODE:000070EC                 be      FF_OK@OBJ
FHRYLP@INFIN	FHRYLP	INFIN	1	direct:1	0x0000821F	0x0000824F	CODE:0000824F                 bne     FHRYLP@INFIN
FHRY_X@INFIN	FHRY_X	INFIN	1	direct:1	0x00008255	0x0000821E	CODE:0000821E                 be      FHRY_X@INFIN
FILSIZI@UTIL	FILSIZI	UTIL	1	direct:1	0x00008EBE	0x00008EBB	CODE:00008EBB                 ldi     @FILSIZI@UTIL,r3
FILWORD@UTIL	FILWORD	UTIL	1	direct:1	0x00008EBF	0x00008EBC	CODE:00008EBC                 ldi     @FILWORD@UTIL,r2
FINDE@MPROC	FINDE	MPROC	1	direct:1	0x0000A943	0x0000A93D	CODE:0000A93D                 bud     FINDE@MPROC
FINDLP@ROADKILL	FINDLP	ROADKILL	1	direct:1	0x0000694C	0x00006952	CODE:00006952                 bne     FINDLP@ROADKILL
FINDPROCX@MPROC	FINDPROCX	MPROC	1	direct:1	0x0000A948	0x0000A942	CODE:0000A942                 be      FINDPROCX@MPROC
FINDRLP@PALL	FINDRLP	PALL	1	direct:1	0x00009F0A	0x00009F0E	CODE:00009F0E                 ble     FINDRLP@PALL
FIND_ALL_PLATES@HSTDP	FIND_ALL_PLATES	HSTDP	1	direct:1	0x00003738	0x0000389E	CODE:0000389E                 call    FIND_ALL_PLATES@HSTDP
FIND_AND_REACTIVATE@BONUS	FIND_AND_REACTIVATE	BONUS	1	direct:1	0x00003F61	0x00003A60	CODE:00003A60                 call    FIND_AND_REACTIVATE@BONUS
FIND_HIGHEST_ROADY@INFIN	FIND_HIGHEST_ROADY	INFIN	1	direct:1	0x00008212	0x00008269	CODE:00008269                 calle   FIND_HIGHEST_ROADY@INFIN
FIND_LAST_SPARKLP@SMOKE	FIND_LAST_SPARKLP	SMOKE	1	direct:1	0x000085E2	0x000085E6	CODE:000085E6                 blt     FIND_LAST_SPARKLP@SMOKE
FIND_SUBLIST_START_END@BACKGRND	FIND_SUBLIST_START_END	BACKGRND	1	direct:1	0x000041C3	0x0000419C	CODE:0000419C                 call    FIND_SUBLIST_START_END@BACKGRND
FINFIN@BONUS	FINFIN	BONUS	1	direct:1	0x00003B89	0x00003B76	CODE:00003B76                 bu      FINFIN@BONUS
fixedfnt_tPAL_ptr_0000C6FF@TEXT	fixedfnt_tPAL_ptr_0000C6FF	TEXT	1	direct:1	0x0000C6FF	0x00007A43	CODE:00007A43                 ldi     @fixedfnt_tPAL_ptr_0000C6FF@TEXT,ar2 ; LDL
FIXEDFONT_A@TEXT	FIXEDFONT_A	TEXT	1	direct:1	0x0000796C	0x00007A40	CODE:00007A40                 ldi     @FIXEDFONT_A@TEXT,r0
FIXPAL1@BONUS	FIXPAL1	BONUS	1	direct:1	0x00003AE1	0x00003ADD	CODE:00003ADD                 blo     FIXPAL1@BONUS
FIXPL2@HSTDP	FIXPL2	HSTDP	1	direct:1	0x00003909	0x0000390B	CODE:0000390B                 bhs     FIXPL2@HSTDP
FIXPL3@HSTDP	FIXPL3	HSTDP	1	direct:1	0x0000390C	0x00003908	CODE:00003908                 blo     FIXPL3@HSTDP
FIXPL@HSTDP	FIXPL	HSTDP	1	direct:1	0x000038FE	0x00003910	CODE:00003910                 ble     FIXPL@HSTDP
FIX_PLATES@HSTDP	FIX_PLATES	HSTDP	1	direct:1	0x000038F9	0x0000389F	CODE:0000389F                 call    FIX_PLATES@HSTDP
FLASH_INSERTCOINSM@COIN	FLASH_INSERTCOINSM	COIN	1	direct:1	0x000075F7	0x000075E7	CODE:000075E7                 call    FLASH_INSERTCOINSM@COIN
FLASH_INSERTCOINSX@COIN	FLASH_INSERTCOINSX	COIN	1	direct:1	0x000074E1	0x000074DB	CODE:000074DB                 bu      FLASH_INSERTCOINSX@COIN
FLASH_INSERTCOINSXM@COIN	FLASH_INSERTCOINSXM	COIN	1	direct:1	0x0000760E	0x00007608	CODE:00007608                 bu      FLASH_INSERTCOINSXM@COIN
FLASH_TOSTARTX@COIN	FLASH_TOSTARTX	COIN	1	direct:1	0x0000758E	0x00007581	CODE:00007581                 be      FLASH_TOSTARTX@COIN
FLASH_TO_START@COIN	FLASH_TO_START	COIN	1	direct:1	0x0000756F	0x000074AE	CODE:000074AE                 call    FLASH_TO_START@COIN
FLOAT_TIK@CUSA	FLOAT_TIK	CUSA	1	direct:1	0x0000B0C4	0x00004CC6	CODE:00004CC6                 ldf     @FLOAT_TIK@CUSA,r0
FLPL2@HSTDP	FLPL2	HSTDP	1	direct:1	0x00003926	0x00003928	CODE:00003928                 bhs     FLPL2@HSTDP
FLPL3@HSTDP	FLPL3	HSTDP	1	direct:1	0x00003929	0x00003925	CODE:00003925                 blo     FLPL3@HSTDP
FLPL@HSTDP	FLPL	HSTDP	1	direct:1	0x00003917	0x0000392B	CODE:0000392B                 ble     FLPL@HSTDP
FLUSH_COUNT@COMP	FLUSH_COUNT	COMP	1	direct:1	0x0000E5FC	0x0000A333	CODE:0000A333                 sti     r0,@FLUSH_COUNT@COMP ; STPI
FLY1@COLLA	FLY1	COLLA	1	direct:1	0x00002445	0x00002441	CODE:00002441                 be      FLY1@COLLA
FLY3@COLLA	FLY3	COLLA	1	direct:1	0x0000244B	0x00002444	CODE:00002444                 blo     FLY3@COLLA
FLYCAR@COLLA	FLYCAR	COLLA	1	direct:1	0x000023EF	0x000026A1	CODE:000026A1                 bgt     FLYCAR@COLLA
FLYCARP0@COLLA	FLYCARP0	COLLA	1	direct:1	0x00002485	0x000024CE	CODE:000024CE                 bu      FLYCARP0@COLLA
FLYCARP0I@COLLA	FLYCARP0I	COLLA	1	direct:1	0x000025D4	0x000025CC	CODE:000025CC                 ldie    @FLYCARP0I@COLLA,r5
FLYCARPI@COLLA	FLYCARPI	COLLA	1	direct:1	0x00002477	0x00002424	CODE:00002424                 ldi     @FLYCARPI@COLLA,ar2 ; LDPI
FLYCARPXXXI@COLLA	FLYCARPXXXI	COLLA	1	direct:1	0x00002596	0x000025C1	CODE:000025C1                 ldi     @FLYCARPXXXI@COLLA,r5
FLYCARPXXXX@COLLA	FLYCARPXXXX	COLLA	1	direct:1	0x00002560	0x00002559	CODE:00002559                 be      FLYCARPXXXX@COLLA
FLYCARPXXXXI@COLLA	FLYCARPXXXXI	COLLA	1	direct:1	0x00002595	0x00002592	CODE:00002592                 ldi     @FLYCARPXXXXI@COLLA,r2
FLYCARSTOPI@COLLA	FLYCARSTOPI	COLLA	1	direct:1	0x000025D5	0x000025CE	CODE:000025CE                 ldie    @FLYCARSTOPI@COLLA,r5
FLYCARWT@COLLA	FLYCARWT	COLLA	1	direct:1	0x0000254A	0x00002553	CODE:00002553                 be      FLYCARWT@COLLA
FLYCARX@COLLA	FLYCARX	COLLA	1	direct:1	0x00002454	0x0000244A	CODE:0000244A                 bu      FLYCARX@COLLA
FLYCARXX@COLLA	FLYCARXX	COLLA	1	direct:1	0x00002458	0x0000243F	CODE:0000243F                 bu      FLYCARXX@COLLA
FLYCOLL1@COLLA	FLYCOLL1	COLLA	1	direct:1	0x000022F6	0x000022F0	CODE:000022F0                 bne     FLYCOLL1@COLLA
FLYCOLP0@COLLA	FLYCOLP0	COLLA	1	direct:1	0x00002343	0x00002380	CODE:00002380                 bu      FLYCOLP0@COLLA
FLYCSTP00@COLLA	FLYCSTP00	COLLA	1	direct:1	0x00002515	0x00002510	CODE:00002510                 bgt     FLYCSTP00@COLLA
FLYCSTP2@COLLA	FLYCSTP2	COLLA	1	direct:1	0x0000251E	0x0000251C	CODE:0000251C                 bu      FLYCSTP2@COLLA
FLYSTOPSLP@COLLA	FLYSTOPSLP	COLLA	1	direct:1	0x0000253E	0x000024D1	CODE:000024D1                 be      FLYSTOPSLP@COLLA
FLY_PARTSX@ROADKILL	FLY_PARTSX	ROADKILL	1	direct:1	0x00006B3E	0x00006B32	CODE:00006B32                 blo     FLY_PARTSX@ROADKILL
FLY_PLATES@HSTDP	FLY_PLATES	HSTDP	1	direct:1	0x00003913	0x000038B1	CODE:000038B1                 call    FLY_PLATES@HSTDP
FM1@MATH	FM1	MATH	1	direct:1	0x000095A2	0x0000959D	CODE:0000959D                 rptb    FM1@MATH
FN_PAD@HSTDP	FN_PAD	HSTDP	1	direct:1	0x000037D7	0x000037D1	CODE:000037D1                 be      FN_PAD@HSTDP
font18_p_ptr_0000C6FC@TEXT	font18_p_ptr_0000C6FC	TEXT	1	direct:1	0x0000C6FC	0x00007A1F	CODE:00007A1F                 ldi     @font18_p_ptr_0000C6FC@TEXT,ar2 ; LDL
font18_p_ptr_0000C6FD@TEXT	font18_p_ptr_0000C6FD	TEXT	1	direct:1	0x0000C6FD	0x00007A2B	CODE:00007A2B                 ldi     @font18_p_ptr_0000C6FD@TEXT,ar2 ; LDL
font18_white_ptr_0000B152@COIN	font18_white_ptr_0000B152	COIN	1	direct:1	0x0000B152	0x0000747B	CODE:0000747B                 ldi     @font18_white_ptr_0000B152@COIN,ar2 ; LDL
FORMN1@HSTDP	FORMN1	HSTDP	1	direct:1	0x000037DB	0x000037D9	CODE:000037D9                 rptb    FORMN1@HSTDP
FORMN2@HSTDP	FORMN2	HSTDP	1	direct:1	0x000037E4	0x000037E3	CODE:000037E3                 rptb    FORMN2@HSTDP
FORMN@HSTDP	FORMN	HSTDP	1	direct:1	0x000037D5	0x000037CF	CODE:000037CF                 be      FORMN@HSTDP
FORMNA@HSTDP	FORMNA	HSTDP	1	direct:1	0x000037C8	0x000037C6	CODE:000037C6                 bne     FORMNA@HSTDP
FORMN_LOOP@HSTDP	FORMN_LOOP	HSTDP	1	direct:1	0x000037C5	0x000037D6	CODE:000037D6                 ble     FORMN_LOOP@HSTDP
FORMULA@MATH	FORMULA	MATH	1	direct:1	0x0000954E	0x00009535	CODE:00009535                 mpyf    @FORMULA@MATH,r0
FOUNDRAW@PALL	FOUNDRAW	PALL	1	direct:1	0x00009F13	0x00009F0C	CODE:00009F0C                 be      FOUNDRAW@PALL
FOUND_BODY@FLAME	FOUND_BODY	FLAME	1	direct:1	0x0000AE55	0x0000AE52	CODE:0000AE52                 be      FOUND_BODY@FLAME
FPLXEX@PALL	FPLXEX	PALL	1	direct:1	0x00009F03	0x00009EFD	CODE:00009EFD                 be      FPLXEX@PALL
FPO1@HSTDP	FPO1	HSTDP	1	direct:1	0x0000357E	0x00003576	CODE:00003576                 bne     FPO1@HSTDP
FPO1A@HSTDP	FPO1A	HSTDP	1	direct:1	0x00003584	0x00003581	CODE:00003581                 bne     FPO1A@HSTDP
FPO3@HSTDP	FPO3	HSTDP	1	direct:1	0x0000358C	0x00003585	CODE:00003585                 bne     FPO3@HSTDP
FPO4@HSTDP	FPO4	HSTDP	1	direct:1	0x00003590	0x0000358D	CODE:0000358D                 bne     FPO4@HSTDP
FPO6@HSTDP	FPO6	HSTDP	1	direct:1	0x00003596	0x00003591	CODE:00003591                 bne     FPO6@HSTDP
FPO@HSTDP	FPO	HSTDP	1	direct:1	0x0000356F	0x00003597	CODE:00003597                 br      FPO@HSTDP
FPOX@HSTDP	FPOX	HSTDP	1	direct:1	0x00003598	0x00003570	CODE:00003570                 be      FPOX@HSTDP
FPP1@DRONES	FPP1	DRONES	1	direct:1	0x000065F4	0x000065E3	CODE:000065E3                 be      FPP1@DRONES
FPP2@DRONES	FPP2	DRONES	1	direct:1	0x000065FC	0x000065F3	CODE:000065F3                 bu      FPP2@DRONES
FPPLP@DRONES	FPPLP	DRONES	1	direct:1	0x000065D7	0x00006614	CODE:00006614                 bne     FPPLP@DRONES
FPPX@DRONES	FPPX	DRONES	1	direct:1	0x00006615	0x000065D6	CODE:000065D6                 be      FPPX@DRONES
FRACYN_ptr_0000C8C9@DIAG	FRACYN_ptr_0000C8C9	DIAG	1	direct:1	0x0000C8C9	0x00000FEA	CODE:00000FEA                 ldi     @FRACYN_ptr_0000C8C9@DIAG,ar2 ; LDL
FRAMETIME	FRAMETIME		1	direct:1	0x0000C966	0x00004BEF	CODE:00004BEF                 stf     r0,@FRAMETIME
FREEDR_X@DRONES	FREEDR_X	DRONES	1	direct:1	0x000067A5	0x0000679D	CODE:0000679D                 be      FREEDR_X@DRONES
FREEDR_X@ROADBLCK	FREEDR_X	ROADBLCK	1	direct:1	0x0000AFA1	0x0000AF9C	CODE:0000AF9C                 be      FREEDR_X@ROADBLCK
FREELP@DRONES	FREELP	DRONES	1	direct:1	0x0000679B	0x0000679F	CODE:0000679F                 bne     FREELP@DRONES
FREELP@ROADBLCK	FREELP	ROADBLCK	1	direct:1	0x0000AF9A	0x0000AF9E	CODE:0000AF9E                 bne     FREELP@ROADBLCK
FREESIGN@COLLA	FREESIGN	COLLA	1	direct:1	0x000023D1	0x00002312	CODE:00002312                 call    FREESIGN@COLLA
FRIC1@PLYR	FRIC1	PLYR	1	direct:1	0x00002DE2	0x00002DE0	CODE:00002DE0                 ble     FRIC1@PLYR
FRICLP@PLYR	FRICLP	PLYR	1	direct:1	0x00002DCC	0x00002DC5	CODE:00002DC5                 rptb    FRICLP@PLYR
FRL@HSTDP	FRL	HSTDP	1	direct:1	0x0000364C	0x00003653	CODE:00003653                 bhs     FRL@HSTDP
FSDN@BACKGRND	FSDN	BACKGRND	1	direct:1	0x000041CB	0x000041C8	CODE:000041C8                 be      FSDN@BACKGRND
FSLP@BACKGRND	FSLP	BACKGRND	1	direct:1	0x000041C7	0x000041CA	CODE:000041CA                 bu      FSLP@BACKGRND
ftoa_tmp_ptr_0000C762@FONT1A	ftoa_tmp_ptr_0000C762	FONT1A	1	direct:1	0x0000C762	0x0000A76B	CODE:0000A76B                 ldi     @ftoa_tmp_ptr_0000C762@FONT1A,ar2 ; LDL
FULLSETUP_TABLEI	FULLSETUP_TABLEI		1	map:1	0x00008C3A	0x00001820	CODE:00001820                 addi    @FULLSETUP_TABLEI,ar0
GAGA@BONUS	GAGA	BONUS	1	direct:1	0x00003EE3	0x00003EE1	CODE:00003EE1                 blt     GAGA@BONUS
GAMECHK@BACKGRND	GAMECHK	BACKGRND	1	direct:1	0x0000404A	0x00004046	CODE:00004046                 bne     GAMECHK@BACKGRND
GAME_AVAILABLEP@INTRO	GAME_AVAILABLEP	INTRO	1	direct:1	0x00001D7F	0x00001DA3	CODE:00001DA3                 call    GAME_AVAILABLEP@INTRO
GA_FALSE@INTRO	GA_FALSE	INTRO	1	direct:1	0x00001D8E	0x00001D89	CODE:00001D89                 blt     GA_FALSE@INTRO
GA_TRUE@INTRO	GA_TRUE	INTRO	1	direct:1	0x00001D8A	0x00001D84	CODE:00001D84                 be      GA_TRUE@INTRO
GEARACTABI	GEARACTABI		1	direct:1	0x00002D62	0x00002DAA	CODE:00002DAA                 ldi     @GEARACTABI,ar0
GEARI@HUD	GEARI	HUD	1	direct:1	0x0000B1C3	0x00009D88	CODE:00009D88                 addi    @GEARI@HUD,ar2
GEARPAL_ptr_0000B1F8@HUD	GEARPAL_ptr_0000B1F8	HUD	1	direct:1	0x0000B1F8	0x00009E6D	CODE:00009E6D                 ldi     @GEARPAL_ptr_0000B1F8@HUD,ar2 ; LDL
GENERATE_CHECKSUM@MEMTEST	GENERATE_CHECKSUM	MEMTEST	1	direct:1	0x0000657D	0x000063CB	CODE:000063CB                 call    GENERATE_CHECKSUM@MEMTEST
GETBOX0@COLLA	GETBOX0	COLLA	1	direct:1	0x000028AE	0x00001FBF	CODE:00001FBF                 call    GETBOX0@COLLA
GETBRAKE@PLYR	GETBRAKE	PLYR	1	direct:1	0x00002E0C	0x00002A91	CODE:00002A91                 call    GETBRAKE@PLYR
GETBXX@PLYR	GETBXX	PLYR	1	direct:1	0x00002E24	0x00002E1E	CODE:00002E1E                 bu      GETBXX@PLYR
GETC1@PLYR	GETC1	PLYR	1	direct:1	0x00002D5D	0x00002D58	CODE:00002D58                 ble     GETC1@PLYR
GETCAMPOS@PLYR	GETCAMPOS	PLYR	1	direct:1	0x00002BCF	0x00002BB8	CODE:00002BB8                 call    GETCAMPOS@PLYR
GETCARPARAM@PLYR	GETCARPARAM	PLYR	1	direct:1	0x00002939	0x000029AA	CODE:000029AA                 call    GETCARPARAM@PLYR
GETCARROT@PLYR	GETCARROT	PLYR	1	direct:1	0x00002D4A	0x00002B32	CODE:00002B32                 call    GETCARROT@PLYR
GETCAR_ERR@UTIL	GETCAR_ERR	UTIL	1	direct:1	0x00009058	0x0000904F	CODE:0000904F                 be      GETCAR_ERR@UTIL
GETCAR_X@UTIL	GETCAR_X	UTIL	1	direct:1	0x00009056	0x00009059	CODE:00009059                 bu      GETCAR_X@UTIL
GETCH1@INTRO	GETCH1	INTRO	1	direct:1	0x00001C81	0x00001C7E	CODE:00001C7E                 blt     GETCH1@INTRO
GETCHA@INTRO	GETCHA	INTRO	1	direct:1	0x00001C73	0x00001C71	CODE:00001C71                 be      GETCHA@INTRO
GETCHX@INTRO	GETCHX	INTRO	1	direct:1	0x00001C82	0x00001C77	CODE:00001C77                 ble     GETCHX@INTRO
GETCOIN@COIN	GETCOIN	COIN	1	direct:1	0x000073CB	0x000073DE	CODE:000073DE                 call    GETCOIN@COIN
GETCOINX@COIN	GETCOINX	COIN	1	direct:1	0x000073DA	0x000073D8	CODE:000073D8                 blt     GETCOINX@COIN
GETDIR1@PLYR	GETDIR1	PLYR	1	direct:1	0x00002CF1	0x00002CEC	CODE:00002CEC                 be      GETDIR1@PLYR
GETDIR2@PLYR	GETDIR2	PLYR	1	direct:1	0x00002D0E	0x00002CF0	CODE:00002CF0                 bu      GETDIR2@PLYR
GETDYNA_ERR@UTIL	GETDYNA_ERR	UTIL	1	direct:1	0x00009037	0x0000902C	CODE:0000902C                 be      GETDYNA_ERR@UTIL
GETDYNA_X@UTIL	GETDYNA_X	UTIL	1	direct:1	0x00009035	0x00009038	CODE:00009038                 bu      GETDYNA_X@UTIL
GETGEAR@PLYR	GETGEAR	PLYR	1	direct:1	0x00002E61	0x00002A78	CODE:00002A78                 call    GETGEAR@PLYR
GETLINK@ROADBLCK	GETLINK	ROADBLCK	1	direct:1	0x0000AFD4	0x0000AFC1	CODE:0000AFC1                 bne     GETLINK@ROADBLCK
GETLL_ERR@UTIL	GETLL_ERR	UTIL	1	direct:1	0x00008F39	0x00008F2C	CODE:00008F2C                 be      GETLL_ERR@UTIL
GETLL_X@UTIL	GETLL_X	UTIL	1	direct:1	0x00008F36	0x00008F3A	CODE:00008F3A                 bu      GETLL_X@UTIL
GETMAN@PLYR	GETMAN	PLYR	1	direct:1	0x00002E68	0x00002E62	CODE:00002E62                 bne     GETMAN@PLYR
GETNMAT@COLLA	GETNMAT	COLLA	1	direct:1	0x000020D4	0x00002039	CODE:00002039                 call    GETNMAT@COLLA
GETPL@PALL	GETPL	PALL	1	direct:1	0x00009F41	0x00009F36	CODE:00009F36                 be      GETPL@PALL
GETPROC0@MPROC	GETPROC0	MPROC	1	direct:1	0x0000A87C	0x0000A871	CODE:0000A871                 bne     GETPROC0@MPROC
GETPROCX@MPROC	GETPROCX	MPROC	1	direct:1	0x0000A891	0x0000A87B	CODE:0000A87B                 bu      GETPROCX@MPROC
GETREV@PLYR	GETREV	PLYR	1	direct:1	0x00002C4C	0x00002B51	CODE:00002B51                 call    GETREV@PLYR
GETRK0@ROADBLCK	GETRK0	ROADBLCK	1	direct:1	0x0000AFC2	0x0000AFBE	CODE:0000AFBE                 be      GETRK0@ROADBLCK
GETRKX@PLYR	GETRKX	PLYR	1	direct:1	0x00002F16	0x00002EFF	CODE:00002EFF                 be      GETRKX@PLYR
GETSK00@PLYR	GETSK00	PLYR	1	direct:1	0x00002CA0	0x00002C9D	CODE:00002C9D                 be      GETSK00@PLYR
GETSPD10@PLYR	GETSPD10	PLYR	1	direct:1	0x00002D91	0x00002D8D	CODE:00002D8D                 be      GETSPD10@PLYR
GETSPD1@PLYR	GETSPD1	PLYR	1	direct:1	0x00002D8C	0x00002D84	CODE:00002D84                 be      GETSPD1@PLYR
GETSTEER@PLYR	GETSTEER	PLYR	1	direct:1	0x00002E88	0x00002AAF	CODE:00002AAF                 call    GETSTEER@PLYR
GETSTR_LENGTH@DIAG	GETSTR_LENGTH	DIAG	1	direct:1	0x0000107B	0x00001099	CODE:00001099                 call    GETSTR_LENGTH@DIAG
GET_COINAGE_HIGHT@COIN	GET_COINAGE_HIGHT	COIN	1	direct:1	0x00007527	0x000074A1	CODE:000074A1                 call    GET_COINAGE_HIGHT@COIN
GET_THIS_COIN@COIN	GET_THIS_COIN	COIN	1	direct:1	0x000073D4	0x000073DB	CODE:000073DB                 call    GET_THIS_COIN@COIN
GET_THIS_COINTXT@COIN	GET_THIS_COINTXT	COIN	1	direct:1	0x000073DB	0x00000A0B	CODE:00000A0B                 call    GET_THIS_COINTXT@COIN
GL14@MAP	GL14	MAP	1	direct:1	0x00006181	0x00006169	CODE:00006169                 be      GL14@MAP
GL15@MAP	GL15	MAP	1	direct:1	0x00006197	0x00006180	CODE:00006180                 bu      GL15@MAP
GL_FND@DRONES	GL_FND	DRONES	1	direct:1	0x000066E1	0x000066DA	CODE:000066DA                 be      GL_FND@DRONES
GOAHEAD@SIGMA	GOAHEAD	SIGMA	1	direct:1	0x0000A42F	0x0000A42B	CODE:0000A42B                 bne     GOAHEAD@SIGMA
GODO_CREDITS@COIN	GODO_CREDITS	COIN	1	direct:1	0x000074BA	0x000074B7	CODE:000074B7                 bne     GODO_CREDITS@COIN
GOT_ALL_LOWERS@MOTION	GOT_ALL_LOWERS	MOTION	1	direct:1	0x000045EF	0x000045E4	CODE:000045E4                 be      GOT_ALL_LOWERS@MOTION
GOT_ALL_UPPERS@MOTION	GOT_ALL_UPPERS	MOTION	1	direct:1	0x000045B8	0x000045AD	CODE:000045AD                 be      GOT_ALL_UPPERS@MOTION
GO_SCROLL@DIAG	GO_SCROLL	DIAG	1	direct:1	0x00000AC5	0x00000AC2	CODE:00000AC2                 blt     GO_SCROLL@DIAG
GPL0@PALL	GPL0	PALL	1	direct:1	0x00009F31	0x00009F2D	CODE:00009F2D                 be      GPL0@PALL
GPLP@PALL	GPLP	PALL	1	direct:1	0x00009F37	0x00009F35	CODE:00009F35                 rptb    GPLP@PALL
GRAVX@PLYR	GRAVX	PLYR	1	direct:1	0x00003142	0x0000313F	CODE:0000313F                 bhs     GRAVX@PLYR
GREENLP@DIAG	GREENLP	DIAG	1	direct:1	0x0000070A	0x00000706	CODE:00000706                 rptb    GREENLP@DIAG
GREENV@DIAG	GREENV	DIAG	1	direct:1	0x000006B0	0x000006C3	CODE:000006C3                 ldi     @GREENV@DIAG,r2
GREYLP@DIAG	GREYLP	DIAG	1	direct:1	0x000006FC	0x000006F3	CODE:000006F3                 rptb    GREYLP@DIAG
GROUND_LISTI	GROUND_LISTI		1	direct:1	0x00000059	0x000070F8	CODE:000070F8                 ldi     @GROUND_LISTI,r1
GROUP_DELETE@BACKGRND	GROUP_DELETE	BACKGRND	1	direct:1	0x000041E2	0x0000404D	CODE:0000404D                 call    GROUP_DELETE@BACKGRND
GS1@MOTION	GS1	MOTION	1	direct:1	0x00004A32	0x00004A2D	CODE:00004A2D                 bne     GS1@MOTION
GS2@MOTION	GS2	MOTION	1	direct:1	0x00004A38	0x00004A33	CODE:00004A33                 bne     GS2@MOTION
GSL0@PLYR	GSL0	PLYR	1	direct:1	0x00002E03	0x00002DFF	CODE:00002DFF                 rptb    GSL0@PLYR
GSLDONE@DIAG	GSLDONE	DIAG	1	direct:1	0x0000108B	0x00001085	CODE:00001085                 be      GSLDONE@DIAG
GSLP1@DIAG	GSLP1	DIAG	1	direct:1	0x00001082	0x00001089	CODE:00001089                 bgt     GSLP1@DIAG
GSLP@DIAG	GSLP	DIAG	1	direct:1	0x00001080	0x0000108A	CODE:0000108A                 br      GSLP@DIAG
gtruck_bluep_ptr_0000C75C@WAVE	gtruck_bluep_ptr_0000C75C	WAVE	1	direct:1	0x0000C75C	0x00009522	CODE:00009522                 ldi     @gtruck_bluep_ptr_0000C75C@WAVE,ar2 ; LDL
H2HPAL1_ptr_0000C646@MAP	H2HPAL1_ptr_0000C646	MAP	1	direct:1	0x0000C646	0x00006162	CODE:00006162                 ldi     @H2HPAL1_ptr_0000C646@MAP,ar2 ; LDL
H2HPAL2_ptr_0000B258@INTRO	H2HPAL2_ptr_0000B258	INTRO	1	direct:1	0x0000B258	0x00001DF7	CODE:00001DF7                 ldi     @H2HPAL2_ptr_0000B258@INTRO,ar2 ; LDL
H2HPAL2_ptr_0000B25A@INTRO	H2HPAL2_ptr_0000B25A	INTRO	1	direct:1	0x0000B25A	0x00001E05	CODE:00001E05                 ldi     @H2HPAL2_ptr_0000B25A@INTRO,ar2 ; LDL
H2HPAL3_ptr_0000B25C@INTRO	H2HPAL3_ptr_0000B25C	INTRO	1	direct:1	0x0000B25C	0x00001E13	CODE:00001E13                 ldi     @H2HPAL3_ptr_0000B25C@INTRO,ar2 ; LDL
h2p1a_I_ptr_0000C647@MAP	h2p1a_I_ptr_0000C647	MAP	1	direct:1	0x0000C647	0x0000616A	CODE:0000616A                 ldi     @h2p1a_I_ptr_0000C647@MAP,r0 ; LDL
h2p2b_I_ptr_0000C648@MAP	h2p2b_I_ptr_0000C648	MAP	1	direct:1	0x0000C648	0x00006181	CODE:00006181                 ldi     @h2p2b_I_ptr_0000C648@MAP,r0 ; GL14
HARDCOL00@COLLA	HARDCOL00	COLLA	1	direct:1	0x0000226F	0x0000226B	CODE:0000226B                 blt     HARDCOL00@COLLA
HARDCOL1@COLLA	HARDCOL1	COLLA	1	direct:1	0x0000227B	0x0000226E	CODE:0000226E                 blo     HARDCOL1@COLLA
HARDCOL2@COLLA	HARDCOL2	COLLA	1	direct:1	0x00002280	0x0000227A	CODE:0000227A                 bu      HARDCOL2@COLLA
HDALOP@FONT1A	HDALOP	FONT1A	1	direct:1	0x0000A7FA	0x0000A7F6	CODE:0000A7F6                 blt     HDALOP@FONT1A
HEAD2HEADWATCH@WAVE	HEAD2HEADWATCH	WAVE	1	direct:1	0x00009367	0x00009372	CODE:00009372                 be      HEAD2HEADWATCH@WAVE
HIGH_CLIP_LEV8	HIGH_CLIP_LEV8		1	direct:1	0x00000055	0x000000CB	CODE:000000CB                 cmpi    @HIGH_CLIP_LEV8,r3
HIGH_SCORE@WAVE	HIGH_SCORE	WAVE	1	direct:1	0x0000937D	0x000093BC	CODE:000093BC                 bu      HIGH_SCORE@WAVE
HIREDI@PLYR	HIREDI	PLYR	1	direct:1	0x00002E27	0x00002E42	CODE:00002E42                 ldi     @HIREDI@PLYR,ar2
HITSTARTI@COIN	HITSTARTI	COIN	1	direct:1	0x00007485	0x000074EA	CODE:000074EA                 ldi     @HITSTARTI@COIN,ar2
HJSADF@CUSA	HJSADF	CUSA	1	direct:1	0x00004F83	0x00004F7F	CODE:00004F7F                 bu      HJSADF@CUSA
HMNOTSTAND@DIAG	HMNOTSTAND	DIAG	1	direct:1	0x00000A6F	0x00000A69	CODE:00000A69                 br      HMNOTSTAND@DIAG
HM_EXECUTE@DIAG	HM_EXECUTE	DIAG	1	direct:1	0x00000ACF	0x00000A9E	CODE:00000A9E                 be      HM_EXECUTE@DIAG
HM_NOTUP@DIAG	HM_NOTUP	DIAG	1	direct:1	0x00000AA9	0x00000AA0	CODE:00000AA0                 bne     HM_NOTUP@DIAG
hotrod_brtblue_ptr_0000C751@WAVE	hotrod_brtblue_ptr_0000C751	WAVE	1	direct:1	0x0000C751	0x0000950C	CODE:0000950C                 ldi     @hotrod_brtblue_ptr_0000C751@WAVE,ar2 ; LDL
hotrod_yellow_ptr_0000C750@WAVE	hotrod_yellow_ptr_0000C750	WAVE	1	direct:1	0x0000C750	0x0000950A	CODE:0000950A                 ldi     @hotrod_yellow_ptr_0000C750@WAVE,ar2 ; LDL
htoa1@FONT1A	htoa1	FONT1A	1	direct:1	0x0000A7E4	0x0000A7EE	CODE:0000A7EE                 bgt     htoa1@FONT1A
htoaX@FONT1A	htoaX	FONT1A	1	direct:1	0x0000A801	0x0000A80C	CODE:0000A80C                 bud     htoaX@FONT1A
HUNFACT@MAP	HUNFACT	MAP	1	direct:1	0x000060E7	0x00006101	CODE:00006101                 mpyf    @HUNFACT@MAP,r3
HUNGH_ANI_REENTER@BACKGRND	HUNGH_ANI_REENTER	BACKGRND	1	direct:1	0x0000439F	0x00003F70	CODE:00003F70                 call    HUNGH_ANI_REENTER@BACKGRND
I889@PALL	I889	PALL	1	direct:1	0x00009ECF	0x00009EC9	CODE:00009EC9                 bu      I889@PALL
IAMMASTER@CUSA	IAMMASTER	CUSA	1	direct:1	0x00004FBC	0x00004F81	CODE:00004F81                 ldie    @IAMMASTER@CUSA,ar2
IAMSLAVE@CUSA	IAMSLAVE	CUSA	1	direct:1	0x00004FBD	0x00004F82	CODE:00004F82                 ldine   @IAMSLAVE@CUSA,ar2
IBO1@TEXT	IBO1	TEXT	1	direct:1	0x00007AA2	0x00007A9E	CODE:00007A9E                 be      IBO1@TEXT
IBO2@TEXT	IBO2	TEXT	1	direct:1	0x00007AA3	0x00007AA1	CODE:00007AA1                 bu      IBO2@TEXT
IBO45@INTRO	IBO45	INTRO	1	direct:1	0x00001B90	0x00001B8C	CODE:00001B8C                 bu      IBO45@INTRO
IBO45A@INTRO	IBO45A	INTRO	1	direct:1	0x000019A3	0x000019A1	CODE:000019A1                 bu      IBO45A@INTRO
IBODONE@INTRO	IBODONE	INTRO	1	direct:1	0x00001A17	0x00001A0B	CODE:00001A0B                 ble     IBODONE@INTRO
IBOIBO@BONUS	IBOIBO	BONUS	1	direct:1	0x00003EE6	0x00003EE4	CODE:00003EE4                 bu      IBOIBO@BONUS
IBOIBO@INTRO	IBOIBO	INTRO	1	direct:1	0x00001B94	0x00001B70	CODE:00001B70                 be      IBOIBO@INTRO
IBOIBO@MAP	IBOIBO	MAP	1	direct:1	0x00005FD1	0x00005FCE	CODE:00005FCE                 bhs     IBOIBO@MAP
IBOIBOT_ptr_0000C8E9@DIAG	IBOIBOT_ptr_0000C8E9	DIAG	1	direct:1	0x0000C8E9	0x00001410	CODE:00001410                 ldi     @IBOIBOT_ptr_0000C8E9@DIAG,ar2 ; LDL
ICO_LOOP@SMOKE	ICO_LOOP	SMOKE	1	direct:1	0x0000866F	0x0000869E	CODE:0000869E                 blt     ICO_LOOP@SMOKE
ICO_LOOPX@SMOKE	ICO_LOOPX	SMOKE	1	direct:1	0x0000869F	0x00008672	CODE:00008672                 blo     ICO_LOOPX@SMOKE
IDBX@ROADBLCK	IDBX	ROADBLCK	1	direct:1	0x0000AFF1	0x0000AFBB	CODE:0000AFBB                 bu      IDBX@ROADBLCK
IDENTITY_ROTATION@DIRQ	IDENTITY_ROTATION	DIRQ	1	direct:1	0x00000112	0x0000010D	CODE:0000010D                 bne     IDENTITY_ROTATION@DIRQ
IDLE_LIST	IDLE_LIST		1	direct:1	0x0000C9B4	0x0000701D	CODE:0000701D                 sti     r0,@IDLE_LIST
II33@INFIN	II33	INFIN	1	direct:1	0x000082D0	0x000082CD	CODE:000082CD                 be      II33@INFIN
II@INFIN	II	INFIN	1	direct:1	0x000082D2	0x000082CF	CODE:000082CF                 bne     II@INFIN
III44@INFIN	III44	INFIN	1	direct:1	0x000082D3	0x000082D1	CODE:000082D1                 bu      III44@INFIN
ILLUMFF@DIRQ	ILLUMFF	DIRQ	1	direct:1	0x000005D8	0x000005DA	CODE:000005DA                 bne     ILLUMFF@DIRQ
IMPACTED_PLAYER@SMOKE	IMPACTED_PLAYER	SMOKE	1	direct:1	0x000086EF	0x000086EB	CODE:000086EB                 be      IMPACTED_PLAYER@SMOKE
INCIDENTI@DIAG	INCIDENTI	DIAG	1	direct:1	0x0000C896	0x00000D8C	CODE:00000D8C                 ldi     @INCIDENTI@DIAG,ar2 ; LDPI
INFF0@INFIN	INFF0	INFIN	1	direct:1	0x00008270	0x0000826D	CODE:0000826D                 blt     INFF0@INFIN
INFF1@INFIN	INFF1	INFIN	1	direct:1	0x00008275	0x0000826F	CODE:0000826F                 blt     INFF1@INFIN
INFINITY_POINTS@INFIN	INFINITY_POINTS	INFIN	1	direct:1	0x00008354	0x00008290	CODE:00008290                 ldi     @INFINITY_POINTS@INFIN,ar5
INFPROJ@INFIN	INFPROJ	INFIN	1	direct:1	0x00008262	0x0000842B	CODE:0000842B                 mpyf    @INFPROJ@INFIN,r0
INFVAL@INFIN	INFVAL	INFIN	1	direct:1	0x00008263	0x00008428	CODE:00008428                 mpyf    @INFVAL@INFIN,r0
INICC_LP@COIN	INICC_LP	COIN	1	direct:1	0x0000744D	0x00007455	CODE:00007455                 bge     INICC_LP@COIN
INIT_COW@ROADKILL	INIT_COW	ROADKILL	1	direct:1	0x00006A6D	0x00006A2C	CODE:00006A2C                 call    INIT_COW@ROADKILL
INIT_DEER@ROADKILL	INIT_DEER	ROADKILL	1	direct:1	0x00006A6B	0x00006A60	CODE:00006A60                 call    INIT_DEER@ROADKILL
INIT_DEERX@ROADKILL	INIT_DEERX	ROADKILL	1	direct:1	0x00006A90	0x00006A6F	CODE:00006A6F                 blo     INIT_DEERX@ROADKILL
INIT_LL@UTIL	INIT_LL	UTIL	1	direct:1	0x00008F23	0x00008F20	CODE:00008F20                 rptb    INIT_LL@UTIL
INI_PLAYERS_BOLTS@HSTDP	INI_PLAYERS_BOLTS	HSTDP	1	direct:1	0x00003695	0x0000337B	CODE:0000337B                 call    INI_PLAYERS_BOLTS@HSTDP
INLP1@DIRQ	INLP1	DIRQ	1	direct:1	0x00000124	0x00000116	CODE:00000116                 rptb    INLP1@DIRQ
INLP2@MATH	INLP2	MATH	1	direct:1	0x000096E0	0x000096D2	CODE:000096D2                 rptb    INLP2@MATH
INSACT@OBJ	INSACT	OBJ	1	direct:1	0x000070D0	0x000070C7	CODE:000070C7                 blt     INSACT@OBJ
INSERT_HERE@CMOS	INSERT_HERE	CMOS	1	direct:1	0x00009B51	0x00009B4B	CODE:00009B4B                 blt     INSERT_HERE@CMOS
INSERT_INITS@HSTDP	INSERT_INITS	HSTDP	1	direct:1	0x000032DD	0x0000336F	CODE:0000336F                 call    INSERT_INITS@HSTDP
INSIDLE@OBJ	INSIDLE	OBJ	1	direct:1	0x000070C8	0x000070C5	CODE:000070C5                 blt     INSIDLE@OBJ
INSOBJL@OBJ	INSOBJL	OBJ	1	direct:1	0x000070D5	0x000070DA	CODE:000070DA                 blt     INSOBJL@OBJ
INSOBJLP@OBJ	INSOBJLP	OBJ	1	direct:1	0x000070A5	0x000070AA	CODE:000070AA                 ble     INSOBJLP@OBJ
INSOBJX@OBJ	INSOBJX	OBJ	1	direct:1	0x000070DD	0x000070CC	CODE:000070CC                 bud     INSOBJX@OBJ
inst1_ptr_0000C84C@DIAG	inst1_ptr_0000C84C	DIAG	1	direct:1	0x0000C84C	0x00000A5E	CODE:00000A5E                 ldi     @inst1_ptr_0000C84C@DIAG,ar2 ; TEXTIT
inst2_ptr_0000C84D@DIAG	inst2_ptr_0000C84D	DIAG	1	direct:1	0x0000C84D	0x00000A62	CODE:00000A62                 ldi     @inst2_ptr_0000C84D@DIAG,ar2 ; TEXTIT
INS_AT_END@OBJ	INS_AT_END	OBJ	1	direct:1	0x000070DB	0x000070D7	CODE:000070D7                 be      INS_AT_END@OBJ
INS_AT_ENDP@OBJ	INS_AT_ENDP	OBJ	1	direct:1	0x000070AB	0x000070A7	CODE:000070A7                 be      INS_AT_ENDP@OBJ
INTERNAL_VERS_ptr_0000B0CB@CUSA	INTERNAL_VERS_ptr_0000B0CB	CUSA	1	direct:1	0x0000B0CB	0x00004F70	CODE:00004F70                 ldi     @INTERNAL_VERS_ptr_0000B0CB@CUSA,ar2 ; TEXTIT
INVBLP@COIN	INVBLP	COIN	1	direct:1	0x000073EF	0x000073ED	CODE:000073ED                 rptb    INVBLP@COIN
ION@ERROR	ION	ERROR	1	direct:1	0x0000AC01	0x0000ABFE	CODE:0000ABFE                 blt     ION@ERROR
IPBX@HSTDP	IPBX	HSTDP	1	direct:1	0x0000369F	0x0000369A	CODE:0000369A                 blo     IPBX@HSTDP
ISAUTOTRNS@HUD	ISAUTOTRNS	HUD	1	direct:1	0x00009D80	0x00009D78	CODE:00009D78                 be      ISAUTOTRNS@HUD
ISBEHIND@DRONES	ISBEHIND	DRONES	1	direct:1	0x0000693C	0x00006928	CODE:00006928                 bgt     ISBEHIND@DRONES
ISBEHIND@MAP	ISBEHIND	MAP	1	direct:1	0x000061A9	0x000061A0	CODE:000061A0                 blt     ISBEHIND@MAP
ISDNN@HUD	ISDNN	HUD	1	direct:1	0x00009DA8	0x00009DA1	CODE:00009DA1                 bu      ISDNN@HUD
ISDONE@COMMQ	ISDONE	COMMQ	1	direct:1	0x00007694	0x0000768E	CODE:0000768E                 bge     ISDONE@COMMQ
ISFREE@BONUS	ISFREE	BONUS	1	direct:1	0x00003CE2	0x00003CE0	CODE:00003CE0                 bne     ISFREE@BONUS
ISFROZEN@TEXT	ISFROZEN	TEXT	1	direct:1	0x00007ADB	0x00007AD4	CODE:00007AD4                 bne     ISFROZEN@TEXT
ISKPH@HUD	ISKPH	HUD	1	direct:1	0x00009DDE	0x00009DDC	CODE:00009DDC                 bu      ISKPH@HUD
ISMCC@COIN	ISMCC	COIN	1	direct:1	0x000075E9	0x000075E6	CODE:000075E6                 bne     ISMCC@COIN
ISMPH@HUD	ISMPH	HUD	1	direct:1	0x00009DDD	0x00009DD8	CODE:00009DD8                 be      ISMPH@HUD
ISMPHT@BONUS	ISMPHT	BONUS	1	direct:1	0x00003DFA	0x00003DF6	CODE:00003DF6                 be      ISMPHT@BONUS
ISMPHT@HUD	ISMPHT	HUD	1	direct:1	0x00009DA2	0x00009D9A	CODE:00009D9A                 be      ISMPHT@HUD
ISOFF@BONUS	ISOFF	BONUS	1	direct:1	0x00003EE5	0x00003EDF	CODE:00003EDF                 blt     ISOFF@BONUS
ISOVER@BACKGRND	ISOVER	BACKGRND	1	direct:1	0x000040CC	0x000040CA	CODE:000040CA                 bne     ISOVER@BACKGRND
ISREC@BONUS	ISREC	BONUS	1	direct:1	0x00003AB5	0x00003AB0	CODE:00003AB0                 bne     ISREC@BONUS
ISTHERE@SND	ISTHERE	SND	1	direct:1	0x00009124	0x00009120	CODE:00009120                 bne     ISTHERE@SND
ISZERO@BACKGRND	ISZERO	BACKGRND	1	direct:1	0x000041C2	0x000041BF	CODE:000041BF                 be      ISZERO@BACKGRND
IS_HIDDEN@INTRO	IS_HIDDEN	INTRO	1	map:1	0x0000E87A	0x000017BA	CODE:000017BA                 sti     r0,@IS_HIDDEN@INTRO
IS_LOOP@SMOKE	IS_LOOP	SMOKE	1	direct:1	0x000085A4	0x000085D6	CODE:000085D6                 blt     IS_LOOP@SMOKE
IS_LOOPX@SMOKE	IS_LOOPX	SMOKE	1	direct:1	0x000085D7	0x000085A7	CODE:000085A7                 blo     IS_LOOPX@SMOKE
ITEL@CMOS	ITEL	CMOS	1	direct:1	0x00009B5D	0x00009B62	CODE:00009B62                 bge     ITEL@CMOS
ITLX@CMOS	ITLX	CMOS	1	direct:1	0x00009B63	0x00009B5C	CODE:00009B5C                 bge     ITLX@CMOS
ITP1@HSTDP	ITP1	HSTDP	1	direct:1	0x000032F7	0x000032F3	CODE:000032F3                 be      ITP1@HSTDP
ITP2@HSTDP	ITP2	HSTDP	1	direct:1	0x000032F9	0x000032F6	CODE:000032F6                 bne     ITP2@HSTDP
J1@CMOS	J1	CMOS	1	direct:1	0x00009AE1	0x00009ADC	CODE:00009ADC                 be      J1@CMOS
J22AB@AUDITS	J22AB	AUDITS	1	direct:1	0x0000150F	0x0000150D	CODE:0000150D                 bu      J22AB@AUDITS
J2@CMOS	J2	CMOS	1	direct:1	0x00009AE7	0x00009AE2	CODE:00009AE2                 be      J2@CMOS
J3@CMOS	J3	CMOS	1	direct:1	0x00009AED	0x00009AE8	CODE:00009AE8                 be      J3@CMOS
J87@BACKGRND	J87	BACKGRND	1	direct:1	0x0000449B	0x0000448F	CODE:0000448F                 bu      J87@BACKGRND
JAJA4@MAP	JAJA4	MAP	1	direct:1	0x0000605E	0x0000605A	CODE:0000605A                 be      JAJA4@MAP
JAJA5@MAP	JAJA5	MAP	1	direct:1	0x000060B1	0x000060AD	CODE:000060AD                 be      JAJA5@MAP
JAJA66@MOTION	JAJA66	MOTION	1	direct:1	0x0000456A	0x00004567	CODE:00004567                 bne     JAJA66@MOTION
JAJA887@MOTION	JAJA887	MOTION	1	direct:1	0x0000456B	0x00004569	CODE:00004569                 bu      JAJA887@MOTION
JAJAKKA@INTRO	JAJAKKA	INTRO	1	direct:1	0x00001926	0x0000191F	CODE:0000191F                 bne     JAJAKKA@INTRO
JAJD@BONUS	JAJD	BONUS	1	direct:1	0x00003C21	0x00003C1A	CODE:00003C1A                 bne     JAJD@BONUS
jeep_red_ptr_0000C755@WAVE	jeep_red_ptr_0000C755	WAVE	1	direct:1	0x0000C755	0x00009514	CODE:00009514                 ldi     @jeep_red_ptr_0000C755@WAVE,ar2 ; LDL
jeep_yellow_ptr_0000C756@WAVE	jeep_yellow_ptr_0000C756	WAVE	1	direct:1	0x0000C756	0x00009516	CODE:00009516                 ldi     @jeep_yellow_ptr_0000C756@WAVE,ar2 ; LDL
JI1@SND	JI1	SND	1	direct:1	0x00009148	0x00009138	CODE:00009138                 bud     JI1@SND
JJ@DIAG	JJ	DIAG	1	direct:1	0x00000891	0x0000088D	CODE:0000088D                 blt     JJ@DIAG
JJAG@BONUS	JJAG	BONUS	1	direct:1	0x00003AC2	0x00003ABC	CODE:00003ABC                 be      JJAG@BONUS
JJAG@COMMQ	JJAG	COMMQ	1	direct:1	0x000076DB	0x000076D9	CODE:000076D9                 rptb    JJAG@COMMQ
JJDDA@DIAG	JJDDA	DIAG	1	direct:1	0x00001187	0x00001183	CODE:00001183                 bne     JJDDA@DIAG
JJGH@OVERLAY	JJGH	OVERLAY	1	direct:1	0x0000AD3A	0x0000AD32	CODE:0000AD32                 bu      JJGH@OVERLAY
JJK@FONT1A	JJK	FONT1A	1	direct:1	0x0000A7EB	0x0000A7E9	CODE:0000A7E9                 bu      JJK@FONT1A
JJTTA@AUDITS	JJTTA	AUDITS	1	direct:1	0x0000151B	0x00001506	CODE:00001506                 be      JJTTA@AUDITS
JOIN_UP@BACKGRND	JOIN_UP	BACKGRND	1	direct:1	0x00004102	0x000040EB	CODE:000040EB                 bu      JOIN_UP@BACKGRND
JT75@INTRO	JT75	INTRO	1	direct:1	0x000018C3	0x000018C7	CODE:000018C7                 bu      JT75@INTRO
JUSTGO@SND	JUSTGO	SND	1	direct:1	0x000092FA	0x000092F8	CODE:000092F8                 be      JUSTGO@SND
JUSTGOON@CUSA	JUSTGOON	CUSA	1	direct:1	0x00004E6E	0x00004E69	CODE:00004E69                 bne     JUSTGOON@CUSA
KADONE@MPROC	KADONE	MPROC	1	direct:1	0x0000A90E	0x0000A900	CODE:0000A900                 be      KADONE@MPROC
KIBO@INTRO	KIBO	INTRO	1	direct:1	0x000018C8	0x000018C4	CODE:000018C4                 bne     KIBO@INTRO
KILLP@MPROC	KILLP	MPROC	1	direct:1	0x0000A8E4	0x0000A8F0	CODE:0000A8F0                 bne     KILLP@MPROC
KILL_PLYR_SOUNDS@BONUS	KILL_PLYR_SOUNDS	BONUS	1	direct:1	0x00003C8B	0x000039B2	CODE:000039B2                 call    KILL_PLYR_SOUNDS@BONUS
KILL_THE_REANIMATORS@BONUS	KILL_THE_REANIMATORS	BONUS	1	direct:1	0x00003F75	0x00003AF3	CODE:00003AF3                 call    KILL_THE_REANIMATORS@BONUS
KILL_X@MPROC	KILL_X	MPROC	1	direct:1	0x0000A8F7	0x0000A8EE	CODE:0000A8EE                 be      KILL_X@MPROC
KILSFX1@SND	KILSFX1	SND	1	direct:1	0x000091EF	0x000091EB	CODE:000091EB                 bne     KILSFX1@SND
KILSFX2@SND	KILSFX2	SND	1	direct:1	0x000091F5	0x000091F0	CODE:000091F0                 bne     KILSFX2@SND
KJL@BONUS	KJL	BONUS	1	direct:1	0x00003DFB	0x00003DF9	CODE:00003DF9                 bu      KJL@BONUS
KK5@INTRO	KK5	INTRO	1	direct:1	0x00001D78	0x00001D79	CODE:00001D79                 bne     KK5@INTRO
KKJJ@MEMTEST	KKJJ	MEMTEST	1	direct:1	0x00006458	0x00006455	CODE:00006455                 bu      KKJJ@MEMTEST
KKKII@MOTION	KKKII	MOTION	1	direct:1	0x00004912	0x00004908	CODE:00004908                 be      KKKII@MOTION
KKL@AUDITS	KKL	AUDITS	1	direct:1	0x00001548	0x00001545	CODE:00001545                 be      KKL@AUDITS
KKL@BONUS	KKL	BONUS	1	direct:1	0x00003E3F	0x00003E42	CODE:00003E42                 be      KKL@BONUS
KKLL5@AUDITS	KKLL5	AUDITS	1	direct:1	0x00001544	0x0000153E	CODE:0000153E                 bne     KKLL5@AUDITS
KKTIL@BACKGRND	KKTIL	BACKGRND	1	direct:1	0x00003FB1	0x00003FA5	CODE:00003FA5                 bu      KKTIL@BACKGRND
KLFD@COLLA	KLFD	COLLA	1	direct:1	0x000022EE	0x000022EB	CODE:000022EB                 bne     KLFD@COLLA
KLP0@MPROC	KLP0	MPROC	1	direct:1	0x0000A8FF	0x0000A90D	CODE:0000A90D                 br      KLP0@MPROC
KLUDGE_MOFO@SMOKE	KLUDGE_MOFO	SMOKE	1	direct:1	0x0000865F	0x0000865C	CODE:0000865C                 bne     KLUDGE_MOFO@SMOKE
kow3_ptr_0000C65F@ROADKILL	kow3_ptr_0000C65F	ROADKILL	1	direct:1	0x0000C65F	0x00006A2A	CODE:00006A2A                 ldi     @kow3_ptr_0000C65F@ROADKILL,ar2 ; LDL
kph_ptr_0000B1CF@HUD	kph_ptr_0000B1CF	HUD	1	direct:1	0x0000B1CF	0x00009D9B	CODE:00009D9B                 ldi     @kph_ptr_0000B1CF@HUD,ar2 ; LDL
L10@LINE	L10	LINE	1	direct:1	0x0000AC8F	0x0000AC80	CODE:0000AC80                 bgt     L10@LINE
L16@LINE	L16	LINE	1	direct:1	0x0000ACA5	0x0000AC9E	CODE:0000AC9E                 blt     L16@LINE
L17@LINE	L17	LINE	1	direct:1	0x0000ACB2	0x0000ACA1	CODE:0000ACA1                 bud     L17@LINE
L22@LINE	L22	LINE	1	direct:1	0x0000ACC3	0x0000ACB4	CODE:0000ACB4                 bgt     L22@LINE
L26@LINE	L26	LINE	1	direct:1	0x0000ACD1	0x0000AC62	CODE:0000AC62                 be      L26@LINE
L28@LINE	L28	LINE	1	direct:1	0x0000ACD6	0x0000ACD2	CODE:0000ACD2                 bge     L28@LINE
L32@LINE	L32	LINE	1	direct:1	0x0000ACE2	0x0000AC60	CODE:0000AC60                 be      L32@LINE
L34@LINE	L34	LINE	1	direct:1	0x0000ACE6	0x0000ACE3	CODE:0000ACE3                 ble     L34@LINE
L39@LINE	L39	LINE	1	direct:1	0x0000ACEA	0x0000ACF0	CODE:0000ACF0                 bge     L39@LINE
L40@LINE	L40	LINE	1	direct:1	0x0000ACDA	0x0000ACE0	CODE:0000ACE0                 bge     L40@LINE
L5@LINE	L5	LINE	1	direct:1	0x0000AC7E	0x0000AC71	CODE:0000AC71                 bge     L5@LINE
L888@PLYR	L888	PLYR	1	direct:1	0x00002E44	0x00002E3A	CODE:00002E3A                 bu      L888@PLYR
L88@SND	L88	SND	1	direct:1	0x000091E1	0x000091E8	CODE:000091E8                 bu      L88@SND
L89@OBJ	L89	OBJ	1	direct:1	0x000070E8	0x000070E5	CODE:000070E5                 bu      L89@OBJ
L99@SIGMA	L99	SIGMA	1	direct:1	0x0000A510	0x0000A507	CODE:0000A507                 bu      L99@SIGMA
LAMPSOFF@DIAG	LAMPSOFF	DIAG	1	direct:1	0x00001159	0x00000AE2	CODE:00000AE2                 call    LAMPSOFF@DIAG
LAMPT@DIAG	LAMPT	DIAG	1	direct:1	0x0000113D	0x00001157	CODE:00001157                 ldi     @LAMPT@DIAG,ar7
LAMP_MENU_ptr_0000C8D1@DIAG	LAMP_MENU_ptr_0000C8D1	DIAG	1	direct:1	0x0000C8D1	0x00001155	CODE:00001155                 ldi     @LAMP_MENU_ptr_0000C8D1@DIAG,ar5 ; LDL
LANEPI	LANEPI		1	direct:1	0x000065BF	0x0000674F	CODE:0000674F                 ldi     @LANEPI,ar1
LD_RAM2@CUSA	LD_RAM2	CUSA	1	direct:1	0x00004B50	0x00004B4E	CODE:00004B4E                 rptb    LD_RAM2@CUSA
LD_RAM@CUSA	LD_RAM	CUSA	1	direct:1	0x00004B18	0x00004B16	CODE:00004B16                 rptb    LD_RAM@CUSA
LD_RAM@WAVE	LD_RAM	WAVE	1	direct:1	0x00009328	0x00009326	CODE:00009326                 rptb    LD_RAM@WAVE
LEFT_SIDE@SMOKE	LEFT_SIDE	SMOKE	1	direct:1	0x000086D4	0x000086CE	CODE:000086CE                 bgt     LEFT_SIDE@SMOKE
LEQTABI@COLLA	LEQTABI	COLLA	1	direct:1	0x0000290C	0x00002223	CODE:00002223                 ldi     @LEQTABI@COLLA,ar2 ; LDPI
lgnum43_coolyelo_ptr_0000B1D2@HUD	lgnum43_coolyelo_ptr_0000B1D2	HUD	1	direct:1	0x0000B1D2	0x00009DBB	CODE:00009DBB                 ldi     @lgnum43_coolyelo_ptr_0000B1D2@HUD,ar2 ; LDL
lgnum43_p_ptr_0000C6F8@TEXT	lgnum43_p_ptr_0000C6F8	TEXT	1	direct:1	0x0000C6F8	0x000079D6	CODE:000079D6                 ldi     @lgnum43_p_ptr_0000C6F8@TEXT,ar2 ; LDL
lgnum43_p_ptr_0000C6F9@TEXT	lgnum43_p_ptr_0000C6F9	TEXT	1	direct:1	0x0000C6F9	0x000079E2	CODE:000079E2                 ldi     @lgnum43_p_ptr_0000C6F9@TEXT,ar2 ; LDL
LIGHT_INIT@INTRO	LIGHT_INIT	INTRO	1	direct:1	0x00001C27	0x00001AE0	CODE:00001AE0                 call    LIGHT_INIT@INTRO
LIGHT_ON@INTRO	LIGHT_ON	INTRO	1	direct:1	0x00001C4A	0x00001B0A	CODE:00001B0A                 call    LIGHT_ON@INTRO
LINE255I@UTIL	LINE255I	UTIL	1	direct:1	0x00008E71	0x00008EB2	CODE:00008EB2                 ldi     @LINE255I@UTIL,ar2
LINE511I@UTIL	LINE511I	UTIL	1	direct:1	0x00008E72	0x00008EB7	CODE:00008EB7                 ldi     @LINE511I@UTIL,ar2
LINK@SMOKE	LINK	SMOKE	1	direct:1	0x00008589	0x00008586	CODE:00008586                 br      LINK@SMOKE
LINKDISABLED@CUSA	LINKDISABLED	CUSA	1	direct:1	0x00004FBB	0x00004F7E	CODE:00004F7E                 ldi     @LINKDISABLED@CUSA,ar2
LISTLP@INTRO	LISTLP	INTRO	1	direct:1	0x00001A2D	0x00001A55	CODE:00001A55                 bne     LISTLP@INTRO
LIU8@HUD	LIU8	HUD	1	direct:1	0x00009D10	0x00009D15	CODE:00009D15                 bu      LIU8@HUD
LKJ25@INFIN	LKJ25	INFIN	1	direct:1	0x000083F6	0x000083F4	CODE:000083F4                 blt     LKJ25@INFIN
LKJ2@INFIN	LKJ2	INFIN	1	direct:1	0x000083DC	0x000083DA	CODE:000083DA                 blt     LKJ2@INFIN
LL3@HPMATH	LL3	HPMATH	1	direct:1	0x0000B05A	0x0000B058	CODE:0000B058                 be      LL3@HPMATH
LL45@BACKGRND	LL45	BACKGRND	1	direct:1	0x00004063	0x00004059	CODE:00004059                 rptb    LL45@BACKGRND
LL@COMP	LL	COMP	1	direct:1	0x0000A3E7	0x0000A3E4	CODE:0000A3E4                 bgt     LL@COMP
LLG6X@MOTION	LLG6X	MOTION	1	direct:1	0x0000C804	0x00004A13	CODE:00004A13                 ldi     @LLG6X@MOTION,ar2
LLG6Y@MOTION	LLG6Y	MOTION	1	direct:1	0x0000C805	0x00004A17	CODE:00004A17                 ldi     @LLG6Y@MOTION,ar2
LLG6Z@MOTION	LLG6Z	MOTION	1	direct:1	0x0000C806	0x00004A1B	CODE:00004A1B                 ldi     @LLG6Z@MOTION,ar2
LLKK@BACKGRND	LLKK	BACKGRND	1	direct:1	0x00003FFA	0x00003FF7	CODE:00003FF7                 be      LLKK@BACKGRND
LLKK@MOTION	LLKK	MOTION	1	direct:1	0x000048FF	0x00004911	CODE:00004911                 bu      LLKK@MOTION
LLL1@MOTION	LLL1	MOTION	1	direct:1	0x00004ACD	0x00004AC8	CODE:00004AC8                 be      LLL1@MOTION
LLL2@MOTION	LLL2	MOTION	1	direct:1	0x00004AD4	0x00004ACF	CODE:00004ACF                 be      LLL2@MOTION
LLL3@MOTION	LLL3	MOTION	1	direct:1	0x00004ADB	0x00004AD6	CODE:00004AD6                 be      LLL3@MOTION
LLL@COMP	LLL	COMP	1	direct:1	0x0000A3EB	0x0000A3E8	CODE:0000A3E8                 blt     LLL@COMP
LLRR@AUDITS	LLRR	AUDITS	1	direct:1	0x0000151D	0x00001502	CODE:00001502                 be      LLRR@AUDITS
LLTT@AUDITS	LLTT	AUDITS	1	direct:1	0x00001500	0x0000151C	CODE:0000151C                 bu      LLTT@AUDITS
LOADED	LOADED		1	direct:1	0x0000C919	0x000093CD	CODE:000093CD                 sti     r0,@LOADED
LOADSECTION_TABLEI	LOADSECTION_TABLEI		1	direct:1	0x00008C3B	0x00005A11	CODE:00005A11                 addi    @LOADSECTION_TABLEI,ar0
LOAD_HIGH_SCORE@WAVE	LOAD_HIGH_SCORE	WAVE	1	direct:1	0x000093C3	0x000093BB	CODE:000093BB                 call    LOAD_HIGH_SCORE@WAVE
LOAD_VARIOUS_PALETTES@WAVE	LOAD_VARIOUS_PALETTES	WAVE	1	direct:1	0x00009506	0x0000940D	CODE:0000940D                 call    LOAD_VARIOUS_PALETTES@WAVE
LOCTEMPER_MAT2I@MATH	LOCTEMPER_MAT2I	MATH	1	direct:1	0x00009590	0x0000959A	CODE:0000959A                 ldi     @LOCTEMPER_MAT2I@MATH,ar1
loc_1A88	loc_1A88		1	direct:1	0x00001A88	0x00001B9E	CODE:00001B9E                 addi    @loc_1A88,ar1
loc_1A89	loc_1A89		1	direct:1	0x00001A89	0x00001BA0	CODE:00001BA0                 addi    @loc_1A89,ar0
loc_1B24	loc_1B24		1	direct:1	0x00001B24	0x00001B3E	CODE:00001B3E                 addi    @loc_1B24,ar2
loc_1CE8	loc_1CE8		1	direct:1	0x00001CE8	0x00001BBC	CODE:00001BBC                 cmpf    @loc_1CE8,r1
loc_1CE9	loc_1CE9		1	direct:1	0x00001CE9	0x00001BBD	CODE:00001BBD                 cmpf    @loc_1CE9,r1
loc_1D09	loc_1D09		1	direct:1	0x00001D09	0x00001BC0	CODE:00001BC0                 cmpf    @loc_1D09,r1
loc_1E29	loc_1E29		1	direct:1	0x00001E29	0x00001E51	CODE:00001E51                 ldi     @loc_1E29,ar2
loc_1E2A	loc_1E2A		1	direct:1	0x00001E2A	0x00001E5B	CODE:00001E5B                 ldi     @loc_1E2A,ar2
loc_1E2B	loc_1E2B		1	direct:1	0x00001E2B	0x00001E81	CODE:00001E81                 ldi     @loc_1E2B,r0
loc_3000	loc_3000		1	direct:1	0x00003000	0x00004DDC	CODE:00004DDC                 ldi     @loc_3000,r1
loc_38CC	loc_38CC		1	direct:1	0x000038CC	0x000038DD	CODE:000038DD                 ldilo   @loc_38CC,r0
loc_3F7D	loc_3F7D		1	direct:1	0x00003F7D	0x0000401F	CODE:0000401F                 cmpf    @loc_3F7D,r0
loc_3F7E	loc_3F7E		1	direct:1	0x00003F7E	0x0000404A	CODE:0000404A                 cmpf    @loc_3F7E,r0
loc_3F7F	loc_3F7F		1	direct:1	0x00003F7F	0x00004047	CODE:00004047                 cmpf    @loc_3F7F,r0
loc_424E	loc_424E		1	direct:1	0x0000424E	0x00004246	CODE:00004246                 addi    @loc_424E,r0
loc_42B6	loc_42B6		1	direct:1	0x000042B6	0x000042AC	CODE:000042AC                 ldi     @loc_42B6,ar6
loc_42BE	loc_42BE		1	direct:1	0x000042BE	0x000042B5	CODE:000042B5                 ldi     @loc_42BE,ar6
loc_42CC	loc_42CC		1	direct:1	0x000042CC	0x000042DA	CODE:000042DA                 ldi     @loc_42CC,ar6
loc_42E0	loc_42E0		1	direct:1	0x000042E0	0x000042ED	CODE:000042ED                 ldi     @loc_42E0,ar6
loc_42F3	loc_42F3		1	direct:1	0x000042F3	0x00004308	CODE:00004308                 ldi     @loc_42F3,ar6
loc_4352	loc_4352		1	direct:1	0x00004352	0x000043F5	CODE:000043F5                 ldi     @loc_4352,ar6
loc_435D	loc_435D		1	direct:1	0x0000435D	0x000043E2	CODE:000043E2                 ldi     @loc_435D,ar6
loc_4368	loc_4368		1	direct:1	0x00004368	0x000043C2	CODE:000043C2                 ldi     @loc_4368,ar6
loc_4511	loc_4511		1	direct:1	0x00004511	0x00004227	CODE:00004227                 ldi     @loc_4511,ar0
loc_6584	loc_6584		1	direct:1	0x00006584	0x00006587	CODE:00006587                 ldi     @loc_6584,r0
loc_841	loc_841		1	direct:1	0x00000841	0x00001BB9	CODE:00001BB9                 cmpf    @loc_841,r1
loc_DEF	loc_DEF		1	direct:1	0x00000DEF	0x00000DEC	CODE:00000DEC                 ldi     @loc_DEF,ar2
loc_DF9	loc_DF9		1	direct:1	0x00000DF9	0x00000DF6	CODE:00000DF6                 ldi     @loc_DF9,ar2
loc_DFA	loc_DFA		1	direct:1	0x00000DFA	0x00000DFE	CODE:00000DFE                 ldi     @loc_DFA,ar2
loc_E05	loc_E05		1	direct:1	0x00000E05	0x00000E0A	CODE:00000E0A                 ldi     @loc_E05,ar2
loc_E06	loc_E06		1	direct:1	0x00000E06	0x00000E0B	CODE:00000E0B                 ldi     @loc_E06,ar3
loc_E11	loc_E11		1	direct:1	0x00000E11	0x00000E16	CODE:00000E16                 ldi     @loc_E11,ar2
loc_E12	loc_E12		1	direct:1	0x00000E12	0x00000E17	CODE:00000E17                 ldi     @loc_E12,ar3
loc_E1D	loc_E1D		1	direct:1	0x00000E1D	0x00000E21	CODE:00000E21                 ldi     @loc_E1D,ar2
loc_E28	loc_E28		1	direct:1	0x00000E28	0x00000E2C	CODE:00000E2C                 ldi     @loc_E28,ar2
loc_E33	loc_E33		1	direct:1	0x00000E33	0x00000E37	CODE:00000E37                 ldi     @loc_E33,ar2
loc_E3E	loc_E3E		1	direct:1	0x00000E3E	0x00000E44	CODE:00000E44                 ldi     @loc_E3E,ar2
loc_E4D	loc_E4D		1	direct:1	0x00000E4D	0x00000E54	CODE:00000E54                 ldi     @loc_E4D,ar2
loc_E61	loc_E61		1	direct:1	0x00000E61	0x00000E5E	CODE:00000E5E                 ldi     @loc_E61,ar2
loc_ED9	loc_ED9		1	direct:1	0x00000ED9	0x00000EDE	CODE:00000EDE                 ldi     @loc_ED9,ar2
loc_EDA	loc_EDA		1	direct:1	0x00000EDA	0x00000EDF	CODE:00000EDF                 ldi     @loc_EDA,ar3
loc_EE9	loc_EE9		1	direct:1	0x00000EE9	0x00000EEE	CODE:00000EEE                 ldi     @loc_EE9,ar2
loc_EEA	loc_EEA		1	direct:1	0x00000EEA	0x00000EEF	CODE:00000EEF                 ldi     @loc_EEA,ar3
LOGOX@HSTDP	LOGOX	HSTDP	1	direct:1	0x0000394B	0x0000393A	CODE:0000393A                 blo     LOGOX@HSTDP
LOOP1@FONT1A	LOOP1	FONT1A	1	direct:1	0x0000A836	0x0000A844	CODE:0000A844                 bgt     LOOP1@FONT1A
LOOP1@INFIN	LOOP1	INFIN	1	direct:1	0x0000832D	0x0000832F	CODE:0000832F                 bne     LOOP1@INFIN
LOOP2H@FONT1A	LOOP2H	FONT1A	1	direct:1	0x0000A7F1	0x0000A7FB	CODE:0000A7FB                 bgt     LOOP2H@FONT1A
LOOP56@RACER	LOOP56	RACER	1	direct:1	0x0000552C	0x00005548	CODE:00005548                 bgt     LOOP56@RACER
LOOP56A@RACER	LOOP56A	RACER	1	direct:1	0x0000553E	0x0000554A	CODE:0000554A                 bu      LOOP56A@RACER
LOOP@COLLA	LOOP	COLLA	1	direct:1	0x00002058	0x0000204B	CODE:0000204B                 rptb    LOOP@COLLA
LOWER_LIMIT_ERROR@MOTION	LOWER_LIMIT_ERROR	MOTION	1	direct:1	0x00004AAE	0x000045EE	CODE:000045EE                 bu      LOWER_LIMIT_ERROR@MOTION
LP1@DIRQ	LP1	DIRQ	1	direct:1	0x000005E8	0x000005E0	CODE:000005E0                 rptb    LP1@DIRQ
LP89@HUD	LP89	HUD	1	direct:1	0x00009E52	0x00009E50	CODE:00009E50                 rptb    LP89@HUD
LPP2@DIRQ	LPP2	DIRQ	1	direct:1	0x00000316	0x00000314	CODE:00000314                 rptb    LPP2@DIRQ
LREG3@BONUS	LREG3	BONUS	1	direct:1	0x00003F04	0x00003EFE	CODE:00003EFE                 bu      LREG3@BONUS
LS_ACTIVATE_X@BACKGRND	LS_ACTIVATE_X	BACKGRND	1	direct:1	0x00004445	0x0000442E	CODE:0000442E                 blo     LS_ACTIVATE_X@BACKGRND
LS_ACTIVATE_XO@BACKGRND	LS_ACTIVATE_XO	BACKGRND	1	direct:1	0x00004505	0x000044E0	CODE:000044E0                 blo     LS_ACTIVATE_XO@BACKGRND
LS_L12@BACKGRND	LS_L12	BACKGRND	1	direct:1	0x0000442C	0x00004444	CODE:00004444                 bge     LS_L12@BACKGRND
LS_L12O@BACKGRND	LS_L12O	BACKGRND	1	direct:1	0x000044DE	0x00004504	CODE:00004504                 bge     LS_L12O@BACKGRND
M1_ptr_0000B0CD@CUSA	M1_ptr_0000B0CD	CUSA	1	direct:1	0x0000B0CD	0x00004F9C	CODE:00004F9C                 ldi     @M1_ptr_0000B0CD@CUSA,ar2 ; TEXTIT
M2L@HUD	M2L	HUD	1	direct:1	0x00009D16	0x00009D12	CODE:00009D12                 bne     M2L@HUD
M2_ptr_0000B0CE@CUSA	M2_ptr_0000B0CE	CUSA	1	direct:1	0x0000B0CE	0x00004FA2	CODE:00004FA2                 ldi     @M2_ptr_0000B0CE@CUSA,ar2 ; TEXTIT
M3_ptr_0000B0CF@CUSA	M3_ptr_0000B0CF	CUSA	1	direct:1	0x0000B0CF	0x00004FA6	CODE:00004FA6                 ldi     @M3_ptr_0000B0CF@CUSA,ar2 ; TEXTIT
M4_ptr_0000B0D0@CUSA	M4_ptr_0000B0D0	CUSA	1	direct:1	0x0000B0D0	0x00004FAA	CODE:00004FAA                 ldi     @M4_ptr_0000B0D0@CUSA,ar2 ; TEXTIT
M5_ptr_0000B0D1@CUSA	M5_ptr_0000B0D1	CUSA	1	direct:1	0x0000B0D1	0x00004FAE	CODE:00004FAE                 ldi     @M5_ptr_0000B0D1@CUSA,ar2 ; TEXTIT
M6_ptr_0000B0D2@CUSA	M6_ptr_0000B0D2	CUSA	1	direct:1	0x0000B0D2	0x00004FB4	CODE:00004FB4                 ldi     @M6_ptr_0000B0D2@CUSA,ar2 ; TEXTIT
M7_ptr_0000B0D3@CUSA	M7_ptr_0000B0D3	CUSA	1	direct:1	0x0000B0D3	0x00004FB8	CODE:00004FB8                 ldi     @M7_ptr_0000B0D3@CUSA,ar2 ; TEXTIT
M8_ptr_0000B0D4@CUSA	M8_ptr_0000B0D4	CUSA	1	direct:1	0x0000B0D4	0x00004FC3	CODE:00004FC3                 ldi     @M8_ptr_0000B0D4@CUSA,ar2 ; TEXTIT
M9_ptr_0000B0D5@CUSA	M9_ptr_0000B0D5	CUSA	1	direct:1	0x0000B0D5	0x00004FC7	CODE:00004FC7                 ldi     @M9_ptr_0000B0D5@CUSA,ar2 ; TEXTIT
MAIN_MENU_ptr_0000C811@DIAG	MAIN_MENU_ptr_0000C811	DIAG	1	direct:1	0x0000C811	0x0000069E	CODE:0000069E                 ldi     @MAIN_MENU_ptr_0000C811@DIAG,ar5 ; LDL
MAIN_MENU_ptr_0000C812@DIAG	MAIN_MENU_ptr_0000C812	DIAG	1	direct:1	0x0000C812	0x000006A4	CODE:000006A4                 ldi     @MAIN_MENU_ptr_0000C812@DIAG,ar5 ; LDL
MAIN_MENU_ptr_0000C84E@DIAG	MAIN_MENU_ptr_0000C84E	DIAG	1	direct:1	0x0000C84E	0x00000A93	CODE:00000A93                 ldi     @MAIN_MENU_ptr_0000C84E@DIAG,ar0 ; LDL
MAKE_NEW_MARQ@HSTDP	MAKE_NEW_MARQ	HSTDP	1	direct:1	0x0000359B	0x00003599	CODE:00003599                 call    MAKE_NEW_MARQ@HSTDP
MAKE_PARTSLP@ROADKILL	MAKE_PARTSLP	ROADKILL	1	direct:1	0x00006A9C	0x00006AB2	CODE:00006AB2                 br      MAKE_PARTSLP@ROADKILL
MAKE_PLAYERS_PLATE@HSTDP	MAKE_PLAYERS_PLATE	HSTDP	1	direct:1	0x00003688	0x0000340E	CODE:0000340E                 call    MAKE_PLAYERS_PLATE@HSTDP
MAPPAL_ILLUM@MAP	MAPPAL_ILLUM	MAP	1	direct:1	0x00005FFD	0x00005FFB	CODE:00005FFB                 call    MAPPAL_ILLUM@MAP
MATLP@COMMQ	MATLP	COMMQ	1	direct:1	0x00007827	0x00007822	CODE:00007822                 rptb    MATLP@COMMQ
MATRIXCI	MATRIXCI		1	direct:1	0x0000005C	0x00002AEE	CODE:00002AEE                 ldi     @MATRIXCI,ar1
MBVL@COLLA	MBVL	COLLA	1	direct:1	0x000021AF	0x0000219B	CODE:0000219B                 rptb    MBVL@COLLA
MCSC_LP@DIAG	MCSC_LP	DIAG	1	direct:1	0x0000117C	0x00001188	CODE:00001188                 bu      MCSC_LP@DIAG
MEMTST1_ptr_0000C79A@MEMTEST	MEMTST1_ptr_0000C79A	MEMTEST	1	direct:1	0x0000C79A	0x000064E2	CODE:000064E2                 ldi     @MEMTST1_ptr_0000C79A@MEMTEST,ar2 ; TEXTIT
MESSAGE1@CUSA	MESSAGE1	CUSA	1	direct:1	0x00004F43	0x00004B5D	CODE:00004B5D                 call    MESSAGE1@CUSA
MINFACT@MAP	MINFACT	MAP	1	direct:1	0x000060E5	0x000060EB	CODE:000060EB                 mpyf    @MINFACT@MAP,r3
MINIT1L_ptr_0000C7B3@MOTION	MINIT1L_ptr_0000C7B3	MOTION	1	direct:1	0x0000C7B3	0x000045C9	CODE:000045C9                 ldi     @MINIT1L_ptr_0000C7B3@MOTION,ar2 ; LDL
MINIT1_ptr_0000C7AE@MOTION	MINIT1_ptr_0000C7AE	MOTION	1	direct:1	0x0000C7AE	0x0000458E	CODE:0000458E                 ldi     @MINIT1_ptr_0000C7AE@MOTION,ar2 ; LDL
MINITQX_ptr_0000C7AF@MOTION	MINITQX_ptr_0000C7AF	MOTION	1	direct:1	0x0000C7AF	0x0000459A	CODE:0000459A                 ldi     @MINITQX_ptr_0000C7AF@MOTION,ar2 ; LDL
MINITQX_ptr_0000C7B4@MOTION	MINITQX_ptr_0000C7B4	MOTION	1	direct:1	0x0000C7B4	0x000045D1	CODE:000045D1                 ldi     @MINITQX_ptr_0000C7B4@MOTION,ar2 ; LDL
MINITQY_ptr_0000C7B0@MOTION	MINITQY_ptr_0000C7B0	MOTION	1	direct:1	0x0000C7B0	0x0000459D	CODE:0000459D                 ldi     @MINITQY_ptr_0000C7B0@MOTION,ar2 ; LDL
MINITQY_ptr_0000C7B5@MOTION	MINITQY_ptr_0000C7B5	MOTION	1	direct:1	0x0000C7B5	0x000045D4	CODE:000045D4                 ldi     @MINITQY_ptr_0000C7B5@MOTION,ar2 ; LDL
MINITQZ_ptr_0000C7B1@MOTION	MINITQZ_ptr_0000C7B1	MOTION	1	direct:1	0x0000C7B1	0x000045A0	CODE:000045A0                 ldi     @MINITQZ_ptr_0000C7B1@MOTION,ar2 ; LDL
MINITQZ_ptr_0000C7B6@MOTION	MINITQZ_ptr_0000C7B6	MOTION	1	direct:1	0x0000C7B6	0x000045D7	CODE:000045D7                 ldi     @MINITQZ_ptr_0000C7B6@MOTION,ar2 ; LDL
missle_blue_ptr_0000C754@WAVE	missle_blue_ptr_0000C754	WAVE	1	direct:1	0x0000C754	0x00009512	CODE:00009512                 ldi     @missle_blue_ptr_0000C754@WAVE,ar2 ; LDL
missle_red_ptr_0000C753@WAVE	missle_red_ptr_0000C753	WAVE	1	direct:1	0x0000C753	0x00009510	CODE:00009510                 ldi     @missle_red_ptr_0000C753@WAVE,ar2 ; LDL
missle_yellow_ptr_0000C752@WAVE	missle_yellow_ptr_0000C752	WAVE	1	direct:1	0x0000C752	0x0000950E	CODE:0000950E                 ldi     @missle_yellow_ptr_0000C752@WAVE,ar2 ; LDL
MKVFX1@PLYR	MKVFX1	PLYR	1	direct:1	0x00003151	0x0000314A	CODE:0000314A                 bne     MKVFX1@PLYR
MOMT@DIAG	MOMT	DIAG	1	direct:1	0x00000A35	0x00000A38	CODE:00000A38                 ldi     @MOMT@DIAG,ar7
MOTIONDIS@COIN	MOTIONDIS	COIN	1	direct:1	0x00007658	0x0000765D	CODE:0000765D                 ldi     @MOTIONDIS@COIN,ar2
MOTION_MENU_ptr_0000C847@DIAG	MOTION_MENU_ptr_0000C847	DIAG	1	direct:1	0x0000C847	0x00000A36	CODE:00000A36                 ldi     @MOTION_MENU_ptr_0000C847@DIAG,ar5 ; LDL
MOTION_SAFETY_CODES_ptr_0000C8D2@DIAG	MOTION_SAFETY_CODES_ptr_0000C8D2	DIAG	1	direct:1	0x0000C8D2	0x0000117B	CODE:0000117B                 ldi     @MOTION_SAFETY_CODES_ptr_0000C8D2@DIAG,ar2 ; LDL
MOTION_SAFETY_TYPE	MOTION_SAFETY_TYPE		1	direct:1	0x0000EB84	0x00009D35	CODE:00009D35                 addi    @MOTION_SAFETY_TYPE,ar2
MOTION_VALID@COIN	MOTION_VALID	COIN	1	direct:1	0x00007659	0x0000748A	CODE:0000748A                 call    MOTION_VALID@COIN
MOTOFF_LOOP@MOTION	MOTOFF_LOOP	MOTION	1	direct:1	0x00004632	0x0000464D	CODE:0000464D                 bu      MOTOFF_LOOP@MOTION
MOTOFF_PROG_ptr_0000C7BF@MOTION	MOTOFF_PROG_ptr_0000C7BF	MOTION	1	direct:1	0x0000C7BF	0x00004631	CODE:00004631                 ldi     @MOTOFF_PROG_ptr_0000C7BF@MOTION,ar4 ; LDL
MOTOROFF0_ptr_0000C7BE@MOTION	MOTOROFF0_ptr_0000C7BE	MOTION	1	direct:1	0x0000C7BE	0x00004626	CODE:00004626                 ldi     @MOTOROFF0_ptr_0000C7BE@MOTION,ar2 ; LDL
MOTOROFF12_ptr_0000C7BD@MOTION	MOTOROFF12_ptr_0000C7BD	MOTION	1	direct:1	0x0000C7BD	0x00004622	CODE:00004622                 ldi     @MOTOROFF12_ptr_0000C7BD@MOTION,ar2 ; LDL
MOVELOOP@INTRO	MOVELOOP	INTRO	1	direct:1	0x000019F9	0x00001A16	CODE:00001A16                 bu      MOVELOOP@INTRO
MP0@HSTDP	MP0	HSTDP	1	direct:1	0x00003742	0x00003752	CODE:00003752                 ble     MP0@HSTDP
MP1@HSTDP	MP1	HSTDP	1	direct:1	0x00003755	0x00003743	CODE:00003743                 be      MP1@HSTDP
MP2@HSTDP	MP2	HSTDP	1	direct:1	0x00003750	0x0000375E	CODE:0000375E                 br      MP2@HSTDP
MPB@HSTDP	MPB	HSTDP	1	direct:1	0x000035E6	0x000035F3	CODE:000035F3                 bne     MPB@HSTDP
mphmph_ptr_0000B1D0@HUD	mphmph_ptr_0000B1D0	HUD	1	direct:1	0x0000B1D0	0x00009DA2	CODE:00009DA2                 ldi     @mphmph_ptr_0000B1D0@HUD,ar2 ; LDL
MPH_BUFFERI@HUD	MPH_BUFFERI	HUD	1	direct:1	0x00009D0C	0x00009DDE	CODE:00009DDE                 ldi     @MPH_BUFFERI@HUD,ar2
mph_ptr_0000B1CE@HUD	mph_ptr_0000B1CE	HUD	1	direct:1	0x0000B1CE	0x00009D91	CODE:00009D91                 ldi     @mph_ptr_0000B1CE@HUD,ar2 ; LDL
MPL1@HSTDP	MPL1	HSTDP	1	direct:1	0x00003678	0x00003684	CODE:00003684                 bhs     MPL1@HSTDP
MPL2@HSTDP	MPL2	HSTDP	1	direct:1	0x00003683	0x0000367F	CODE:0000367F                 be      MPL2@HSTDP
MPLX@HSTDP	MPLX	HSTDP	1	direct:1	0x00003685	0x00003670	CODE:00003670                 blo     MPLX@HSTDP
MSFX@DIAG	MSFX	DIAG	1	direct:1	0x000013F8	0x000013F1	CODE:000013F1                 bu      MSFX@DIAG
MSG1@CUSA	MSG1	CUSA	1	direct:1	0x00004F9F	0x00004B5E	CODE:00004B5E                 call    MSG1@CUSA
MSG2@CUSA	MSG2	CUSA	1	direct:1	0x00004FB1	0x00004B8F	CODE:00004B8F                 call    MSG2@CUSA
MSG3@CUSA	MSG3	CUSA	1	direct:1	0x00004FC0	0x00004B9A	CODE:00004B9A                 call    MSG3@CUSA
MSOFF@DIAG	MSOFF	DIAG	1	direct:1	0x000013F2	0x000013EA	CODE:000013EA                 be      MSOFF@DIAG
MT1@HSTDP	MT1	HSTDP	1	direct:1	0x000037A8	0x000037A5	CODE:000037A5                 be      MT1@HSTDP
MT2@HSTDP	MT2	HSTDP	1	direct:1	0x000037AC	0x000037A7	CODE:000037A7                 bne     MT2@HSTDP
MT3@HSTDP	MT3	HSTDP	1	direct:1	0x000037B0	0x000037AB	CODE:000037AB                 br      MT3@HSTDP
MULTIWORD@COMP	MULTIWORD	COMP	1	direct:1	0x0000A2E5	0x0000A2DD	CODE:0000A2DD                 bgt     MULTIWORD@COMP  ; IFI
muscle_green_ptr_0000C75E@WAVE	muscle_green_ptr_0000C75E	WAVE	1	direct:1	0x0000C75E	0x00009526	CODE:00009526                 ldi     @muscle_green_ptr_0000C75E@WAVE,ar2 ; LDL
muscle_yellow_ptr_0000C75D@WAVE	muscle_yellow_ptr_0000C75D	WAVE	1	direct:1	0x0000C75D	0x00009524	CODE:00009524                 ldi     @muscle_yellow_ptr_0000C75D@WAVE,ar2 ; LDL
MUSIC_TAB_ptr_0000C86E@DIAG	MUSIC_TAB_ptr_0000C86E	DIAG	1	direct:1	0x0000C86E	0x00000B16	CODE:00000B16                 ldi     @MUSIC_TAB_ptr_0000C86E@DIAG,ar5 ; LDL
MUSIC_TAB_ptr_0000C872@DIAG	MUSIC_TAB_ptr_0000C872	DIAG	1	direct:1	0x0000C872	0x00000B51	CODE:00000B51                 ldi     @MUSIC_TAB_ptr_0000C872@DIAG,ar5 ; LDL
MWAIT0@CUSA	MWAIT0	CUSA	1	direct:1	0x00004BDF	0x00004BE1	CODE:00004BE1                 blt     MWAIT0@CUSA
MWAIT@CUSA	MWAIT	CUSA	1	direct:1	0x00004BE5	0x00004BE6	CODE:00004BE6                 bne     MWAIT@CUSA
NBON@WHEEL	NBON	WHEEL	1	direct:1	0x0000B001	0x0000AFFE	CODE:0000AFFE                 bne     NBON@WHEEL
NCBI@COIN	NCBI	COIN	1	direct:1	0x00007468	0x0000755B	CODE:0000755B                 ldi     @NCBI@COIN,ar1
NDO2@INTRO	NDO2	INTRO	1	direct:1	0x000019DC	0x000019DA	CODE:000019DA                 blt     NDO2@INTRO
NDO@INTRO	NDO	INTRO	1	direct:1	0x000019C4	0x000019C2	CODE:000019C2                 blt     NDO@INTRO
NEXTSTATE@CUSA	NEXTSTATE	CUSA	1	direct:1	0x00004FEC	0x00004FDE	CODE:00004FDE                 be      NEXTSTATE@CUSA
NEXT_BUMP_CODE@COMP	NEXT_BUMP_CODE	COMP	1	direct:1	0x0000E5FE	0x0000A362	CODE:0000A362                 sti     r0,@NEXT_BUMP_CODE@COMP ; STPI
NEXT_PAGE@ERROR	NEXT_PAGE	ERROR	1	direct:1	0x0000ABC0	0x0000AC1F	CODE:0000AC1F                 bu      NEXT_PAGE@ERROR
NEXT_STARTUP	NEXT_STARTUP		1	map:1	0x0000E4B0	0x000017FB	CODE:000017FB                 sti     r0,@NEXT_STARTUP
NFTLP@HSTDP	NFTLP	HSTDP	1	direct:1	0x00003306	0x0000330B	CODE:0000330B                 bne     NFTLP@HSTDP
NFTX@HSTDP	NFTX	HSTDP	1	direct:1	0x0000330C	0x00003308	CODE:00003308                 be      NFTX@HSTDP
NIC@WHEEL	NIC	WHEEL	1	direct:1	0x0000B005	0x0000B002	CODE:0000B002                 bne     NIC@WHEEL
NIRM@SND	NIRM	SND	1	direct:1	0x0000923F	0x0000923D	CODE:0000923D                 be      NIRM@SND
NLD@INTRO	NLD	INTRO	1	direct:1	0x000018E1	0x000018E9	CODE:000018E9                 bne     NLD@INTRO
NMS1@MATH	NMS1	MATH	1	direct:1	0x0000955E	0x0000955B	CODE:0000955B                 blt     NMS1@MATH
NNE1@MOTION	NNE1	MOTION	1	direct:1	0x00004685	0x0000467E	CODE:0000467E                 blt     NNE1@MOTION
NNWAY@ROADKILL	NNWAY	ROADKILL	1	direct:1	0x000069D0	0x000069C6	CODE:000069C6                 be      NNWAY@ROADKILL
NOACT@BACKGRND	NOACT	BACKGRND	1	direct:1	0x0000403C	0x00004020	CODE:00004020                 bgt     NOACT@BACKGRND
NOAERASE	NOAERASE		1	map:1	0x0000C970	0x00001803	CODE:00001803                 sti     r0,@NOAERASE
NOBOTTOM@PLYR	NOBOTTOM	PLYR	1	direct:1	0x000030D0	0x000030C9	CODE:000030C9                 bne     NOBOTTOM@PLYR
NOBREAK_CONTINUE@DIRQ	NOBREAK_CONTINUE	DIRQ	1	direct:1	0x00000097	0x00000094	CODE:00000094                 be      NOBREAK_CONTINUE@DIRQ
NOBUMP@COMP	NOBUMP	COMP	1	direct:1	0x0000A377	0x0000A374	CODE:0000A374                 bne     NOBUMP@COMP
NOBUMP@SIGMA	NOBUMP	SIGMA	1	direct:1	0x0000A4B0	0x0000A4AA	CODE:0000A4AA                 be      NOBUMP@SIGMA
NOCALL@AUDITS	NOCALL	AUDITS	1	direct:1	0x0000150E	0x0000150A	CODE:0000150A                 bne     NOCALL@AUDITS
NOCHECK@MOTION	NOCHECK	MOTION	1	direct:1	0x00004748	0x00004742	CODE:00004742                 bgt     NOCHECK@MOTION
NOCLEAR@ERROR	NOCLEAR	ERROR	1	direct:1	0x0000AC17	0x0000AC0F	CODE:0000AC0F                 bne     NOCLEAR@ERROR
NOCLINTON@BONUS	NOCLINTON	BONUS	1	direct:1	0x00003BF3	0x00003BEC	CODE:00003BEC                 bne     NOCLINTON@BONUS
NODIPPLOT@AUDITS	NODIPPLOT	AUDITS	1	direct:1	0x0000152A	0x00001522	CODE:00001522                 be      NODIPPLOT@AUDITS
NODIV@SIGMA	NODIV	SIGMA	1	direct:1	0x0000A501	0x0000A4FF	CODE:0000A4FF                 be      NODIV@SIGMA
NODO1@CUSA	NODO1	CUSA	1	direct:1	0x00004BCA	0x00004BC3	CODE:00004BC3                 bgt     NODO1@CUSA
NODO555@CUSA	NODO555	CUSA	1	direct:1	0x00004C0E	0x00004C0C	CODE:00004C0C                 be      NODO555@CUSA
NODO56@INTRO	NODO56	INTRO	1	direct:1	0x00001AF2	0x00001AEB	CODE:00001AEB                 be      NODO56@INTRO
NODOAP@MAP	NODOAP	MAP	1	direct:1	0x000061EB	0x000061E1	CODE:000061E1                 be      NODOAP@MAP
NODSRT@COMP	NODSRT	COMP	1	direct:1	0x0000A381	0x0000A37C	CODE:0000A37C                 bud     NODSRT@COMP
NOENTER@BONUS	NOENTER	BONUS	1	direct:1	0x00003B32	0x00003B29	CODE:00003B29                 be      NOENTER@BONUS
NOENTR2@BONUS	NOENTR2	BONUS	1	direct:1	0x00003C12	0x00003C09	CODE:00003C09                 be      NOENTR2@BONUS
NOEXTRA@BACKGRND	NOEXTRA	BACKGRND	1	direct:1	0x000040A9	0x000040A5	CODE:000040A5                 be      NOEXTRA@BACKGRND
NOGPROC@CUSA	NOGPROC	CUSA	1	direct:1	0x00004E08	0x00004E05	CODE:00004E05                 be      NOGPROC@CUSA
NOHARDLOAD@COMP	NOHARDLOAD	COMP	1	direct:1	0x0000A340	0x0000A33E	CODE:0000A33E                 be      NOHARDLOAD@COMP
NOHIDE@INTRO	NOHIDE	INTRO	1	direct:1	0x00001914	0x00001906	CODE:00001906                 be      NOHIDE@INTRO
NOINC1@COIN	NOINC1	COIN	1	direct:1	0x00007634	0x00007631	CODE:00007631                 blt     NOINC1@COIN
NOINC2@COIN	NOINC2	COIN	1	direct:1	0x0000763A	0x00007637	CODE:00007637                 blt     NOINC2@COIN
NOINITBP@HUD	NOINITBP	HUD	1	direct:1	0x00009DCD	0x00009DC5	CODE:00009DC5                 blt     NOINITBP@HUD
NOINS0@HSTDP	NOINS0	HSTDP	1	direct:1	0x00003331	0x0000332E	CODE:0000332E                 be      NOINS0@HSTDP
NOINS1@HSTDP	NOINS1	HSTDP	1	direct:1	0x0000333F	0x0000333C	CODE:0000333C                 be      NOINS1@HSTDP
NOINS2@HSTDP	NOINS2	HSTDP	1	direct:1	0x0000334B	0x00003348	CODE:00003348                 be      NOINS2@HSTDP
NOLEADINGZERO@FONT1A	NOLEADINGZERO	FONT1A	1	direct:1	0x0000A7AE	0x0000A7AA	CODE:0000A7AA                 bne     NOLEADINGZERO@FONT1A
NOLOAD@COMP	NOLOAD	COMP	1	direct:1	0x0000A3FF	0x0000A3FB	CODE:0000A3FB                 bu      NOLOAD@COMP
NONEG@MATH	NONEG	MATH	1	direct:1	0x00009700	0x000096F9	CODE:000096F9                 blt     NONEG@MATH
NONEXTE@DIAG	NONEXTE	DIAG	1	direct:1	0x00000B5F	0x00000B55	CODE:00000B55                 be      NONEXTE@DIAG
NONEXTT@DIAG	NONEXTT	DIAG	1	direct:1	0x00000B53	0x00000B49	CODE:00000B49                 be      NONEXTT@DIAG
NOO2@BACKGRND	NOO2	BACKGRND	1	direct:1	0x0000403B	0x00004039	CODE:00004039                 be      NOO2@BACKGRND
NOO2a@BACKGRND	NOO2a	BACKGRND	1	direct:1	0x00003FCD	0x00003FCB	CODE:00003FCB                 be      NOO2a@BACKGRND
NOO2d@BACKGRND	NOO2d	BACKGRND	1	direct:1	0x00003FEA	0x00003FE8	CODE:00003FE8                 be      NOO2d@BACKGRND
NOO2FF@BACKGRND	NOO2FF	BACKGRND	1	direct:1	0x00004019	0x00004017	CODE:00004017                 be      NOO2FF@BACKGRND
NOOBJ@OBJ	NOOBJ	OBJ	1	direct:1	0x00007078	0x00007053	CODE:00007053                 be      NOOBJ@OBJ
NOOVER@BACKGRND	NOOVER	BACKGRND	1	direct:1	0x00003F8A	0x00003F88	CODE:00003F88                 be      NOOVER@BACKGRND
NOOVERA@BACKGRND	NOOVERA	BACKGRND	1	direct:1	0x00004013	0x00004011	CODE:00004011                 be      NOOVERA@BACKGRND
NOOVERB@BACKGRND	NOOVERB	BACKGRND	1	direct:1	0x00004035	0x00004033	CODE:00004033                 be      NOOVERB@BACKGRND
NOOVERD@BACKGRND	NOOVERD	BACKGRND	1	direct:1	0x00003FC7	0x00003FC5	CODE:00003FC5                 be      NOOVERD@BACKGRND
NOOVERE@BACKGRND	NOOVERE	BACKGRND	1	direct:1	0x00003FE4	0x00003FE2	CODE:00003FE2                 be      NOOVERE@BACKGRND
NOPEIT@CUSA	NOPEIT	CUSA	1	direct:1	0x00004BAE	0x00004BAB	CODE:00004BAB                 bne     NOPEIT@CUSA
NOPLINK@PLYR	NOPLINK	PLYR	1	direct:1	0x00002B5E	0x00002B58	CODE:00002B58                 be      NOPLINK@PLYR
NOPLOTpot0@DIAG	NOPLOTpot0	DIAG	1	direct:1	0x00000910	0x00000901	CODE:00000901                 be      NOPLOTpot0@DIAG
NOPLOTpot1@DIAG	NOPLOTpot1	DIAG	1	direct:1	0x00000921	0x00000912	CODE:00000912                 be      NOPLOTpot1@DIAG
NOPLOTpot2@DIAG	NOPLOTpot2	DIAG	1	direct:1	0x00000932	0x00000923	CODE:00000923                 be      NOPLOTpot2@DIAG
NORMAL_ROADKILL@ROADKILL	NORMAL_ROADKILL	ROADKILL	1	direct:1	0x0000698F	0x0000698C	CODE:0000698C                 bne     NORMAL_ROADKILL@ROADKILL
NORMROW@MATH	NORMROW	MATH	1	direct:1	0x000096AB	0x0000969B	CODE:0000969B                 rptb    NORMROW@MATH
NORST@CMOS	NORST	CMOS	1	direct:1	0x000099C2	0x000099BE	CODE:000099BE                 ble     NORST@CMOS
NOSHAD@DIRQ	NOSHAD	DIRQ	1	direct:1	0x00000285	0x00000256	CODE:00000256                 be      NOSHAD@DIRQ
NOSKID@PLYR	NOSKID	PLYR	1	direct:1	0x000030FD	0x000030D9	CODE:000030D9                 blt     NOSKID@PLYR
NOSL2DIE2@SIGMA	NOSL2DIE2	SIGMA	1	direct:1	0x0000A4A9	0x0000A4A5	CODE:0000A4A5                 be      NOSL2DIE2@SIGMA
NOSMK@SIGMA	NOSMK	SIGMA	1	direct:1	0x0000A526	0x0000A522	CODE:0000A522                 blt     NOSMK@SIGMA
NOSTOPWUPDT@CUSA	NOSTOPWUPDT	CUSA	1	direct:1	0x00004CA5	0x00004CA1	CODE:00004CA1                 be      NOSTOPWUPDT@CUSA
NOT1ST@DIAG	NOT1ST	DIAG	1	direct:1	0x000008E3	0x000008DC	CODE:000008DC                 bne     NOT1ST@DIAG
NOT2ND@DIAG	NOT2ND	DIAG	1	direct:1	0x000008EC	0x000008E5	CODE:000008E5                 bne     NOT2ND@DIAG
NOT3RD@DIAG	NOT3RD	DIAG	1	direct:1	0x000008F5	0x000008EE	CODE:000008EE                 bne     NOT3RD@DIAG
NOT4TH@DIAG	NOT4TH	DIAG	1	direct:1	0x000008FE	0x000008F7	CODE:000008F7                 bne     NOT4TH@DIAG
NOTBIGOBJ@BACKGRND	NOTBIGOBJ	BACKGRND	1	direct:1	0x00004110	0x0000410C	CODE:0000410C                 be      NOTBIGOBJ@BACKGRND
NOTCLR@PALL	NOTCLR	PALL	1	direct:1	0x00009EC8	0x00009EC5	CODE:00009EC5                 bne     NOTCLR@PALL
NOTCOCONUT@COLLA	NOTCOCONUT	COLLA	1	direct:1	0x0000225C	0x00002246	CODE:00002246                 bne     NOTCOCONUT@COLLA
NOTCORNFLAKE@BACKGRND	NOTCORNFLAKE	BACKGRND	1	direct:1	0x00004091	0x00004077	CODE:00004077                 bne     NOTCORNFLAKE@BACKGRND
NOTDRIVE@BACKGRND	NOTDRIVE	BACKGRND	1	direct:1	0x00004120	0x00004117	CODE:00004117                 bne     NOTDRIVE@BACKGRND
NOTDYNAMIC@OBJ	NOTDYNAMIC	OBJ	1	direct:1	0x0000713B	0x00007131	CODE:00007131                 be      NOTDYNAMIC@OBJ
NOTGO@PLYR	NOTGO	PLYR	1	direct:1	0x00002A99	0x00002A96	CODE:00002A96                 bgt     NOTGO@PLYR
NOTGROUND@BACKGRND	NOTGROUND	BACKGRND	1	direct:1	0x0000412A	0x00004121	CODE:00004121                 bne     NOTGROUND@BACKGRND
NOTHELI@COLLA	NOTHELI	COLLA	1	direct:1	0x00002659	0x00002649	CODE:00002649                 bne     NOTHELI@COLLA
NOTINTRO@INTRO	NOTINTRO	INTRO	1	direct:1	0x00001DA1	0x00001D9D	CODE:00001D9D                 bne     NOTINTRO@INTRO
NOTLINKED@COLLA	NOTLINKED	COLLA	1	direct:1	0x000023FB	0x000023F8	CODE:000023F8                 be      NOTLINKED@COLLA
NOTLOST@HUD	NOTLOST	HUD	1	direct:1	0x00009D57	0x00009D49	CODE:00009D49                 bgt     NOTLOST@HUD
NOTNEG@MATH	NOTNEG	MATH	1	direct:1	0x00009535	0x00009532	CODE:00009532                 bge     NOTNEG@MATH
NOTNIN@BONUS	NOTNIN	BONUS	1	direct:1	0x00003B3A	0x00003B36	CODE:00003B36                 bne     NOTNIN@BONUS
NOTOFF@PLYR	NOTOFF	PLYR	1	direct:1	0x00002CE8	0x00002CDD	CODE:00002CDD                 be      NOTOFF@PLYR
NOTPERR@MOTION	NOTPERR	MOTION	1	direct:1	0x00004A06	0x000049FE	CODE:000049FE                 bne     NOTPERR@MOTION
NOTPRECOL@SIGMA	NOTPRECOL	SIGMA	1	direct:1	0x0000A508	0x0000A503	CODE:0000A503                 bhs     NOTPRECOL@SIGMA
NOTQQERRORX@MOTION	NOTQQERRORX	MOTION	1	direct:1	0x00004A15	0x00004A12	CODE:00004A12                 bne     NOTQQERRORX@MOTION
NOTQQERRORY@MOTION	NOTQQERRORY	MOTION	1	direct:1	0x00004A19	0x00004A16	CODE:00004A16                 bne     NOTQQERRORY@MOTION
NOTQQERRORZ@MOTION	NOTQQERRORZ	MOTION	1	direct:1	0x00004A2C	0x00004A1A	CODE:00004A1A                 bne     NOTQQERRORZ@MOTION
NOTQSTATUS@MOTION	NOTQSTATUS	MOTION	1	direct:1	0x00004A11	0x00004A07	CODE:00004A07                 bne     NOTQSTATUS@MOTION
NOTRESETVOL@SND	NOTRESETVOL	SND	1	direct:1	0x0000922A	0x00009224	CODE:00009224                 be      NOTRESETVOL@SND
NOTRET@DIAG	NOTRET	DIAG	1	direct:1	0x00000D97	0x00000D93	CODE:00000D93                 bne     NOTRET@DIAG
NOTRUT@BONUS	NOTRUT	BONUS	1	direct:1	0x00003F6D	0x00003F69	CODE:00003F69                 bne     NOTRUT@BONUS
NOTRVSTRK@BACKGRND	NOTRVSTRK	BACKGRND	1	direct:1	0x0000413E	0x0000413C	CODE:0000413C                 be      NOTRVSTRK@BACKGRND
NOTSIGN@BACKGRND	NOTSIGN	BACKGRND	1	direct:1	0x00004134	0x0000412B	CODE:0000412B                 bne     NOTSIGN@BACKGRND
NOTTLRST@MOTION	NOTTLRST	MOTION	1	direct:1	0x00004785	0x0000476C	CODE:0000476C                 bgt     NOTTLRST@MOTION
NOTUPA@DIAG	NOTUPA	DIAG	1	direct:1	0x00000DA9	0x00000D98	CODE:00000D98                 bne     NOTUPA@DIAG
NOT_1PAL@OBJ	NOT_1PAL	OBJ	1	direct:1	0x0000704C	0x00007043	CODE:00007043                 be      NOT_1PAL@OBJ
NOT_ATOZ@BONUS	NOT_ATOZ	BONUS	1	direct:1	0x00003B50	0x00003B4B	CODE:00003B4B                 bne     NOT_ATOZ@BONUS
NOT_F1@SND	NOT_F1	SND	1	direct:1	0x000092B9	0x0000927B	CODE:0000927B                 bne     NOT_F1@SND
NOT_F4@SND	NOT_F4	SND	1	direct:1	0x000092C8	0x000092BA	CODE:000092BA                 bne     NOT_F4@SND
NOT_FIRST_TIME@HSTDP	NOT_FIRST_TIME	HSTDP	1	direct:1	0x00003301	0x000032FE	CODE:000032FE                 bne     NOT_FIRST_TIME@HSTDP
NOT_ILLUM@OBJ	NOT_ILLUM	OBJ	1	direct:1	0x00007042	0x0000703E	CODE:0000703E                 be      NOT_ILLUM@OBJ
NOT_NEXT_PAGE@ERROR	NOT_NEXT_PAGE	ERROR	1	direct:1	0x0000AC20	0x0000AC18	CODE:0000AC18                 bne     NOT_NEXT_PAGE@ERROR
NOT_ON_SUPPROADLIST@OBJ	NOT_ON_SUPPROADLIST	OBJ	1	direct:1	0x00007123	0x0000711E	CODE:0000711E                 be      NOT_ON_SUPPROADLIST@OBJ
NOT_ON_SUPPXLIST@OBJ	NOT_ON_SUPPXLIST	OBJ	1	direct:1	0x0000710D	0x00007108	CODE:00007108                 be      NOT_ON_SUPPXLIST@OBJ
NOT_PACKED_PAL@PALL	NOT_PACKED_PAL	PALL	1	direct:1	0x00009EE0	0x00009ED3	CODE:00009ED3                 bge     NOT_PACKED_PAL@PALL
NOT_ROADKILL@COLLA	NOT_ROADKILL	COLLA	1	direct:1	0x0000238B	0x00002388	CODE:00002388                 bne     NOT_ROADKILL@COLLA
NOVOL@SND	NOVOL	SND	1	direct:1	0x000091D7	0x000091D5	CODE:000091D5                 be      NOVOL@SND
NOVRDD@BACKGRND	NOVRDD	BACKGRND	1	direct:1	0x0000409D	0x0000409B	CODE:0000409B                 be      NOVRDD@BACKGRND
NOWARP@BACKGRND	NOWARP	BACKGRND	1	direct:1	0x00003F91	0x00003F83	CODE:00003F83                 be      NOWARP@BACKGRND
NOWTLD@COMP	NOWTLD	COMP	1	direct:1	0x0000A3FC	0x0000A3F0	CODE:0000A3F0                 be      NOWTLD@COMP
NOWTOEXIT@DIAG	NOWTOEXIT	DIAG	1	direct:1	0x00000874	0x00000871	CODE:00000871                 bne     NOWTOEXIT@DIAG
NOXIT@DIAG	NOXIT	DIAG	1	direct:1	0x00000B47	0x00000B44	CODE:00000B44                 be      NOXIT@DIAG
NO_ATTR_COL@COLLA	NO_ATTR_COL	COLLA	1	direct:1	0x000021E8	0x000021E2	CODE:000021E2                 bne     NO_ATTR_COL@COLLA
NO_CENTER@TEXT	NO_CENTER	TEXT	1	direct:1	0x00007A88	0x00007A83	CODE:00007A83                 be      NO_CENTER@TEXT
NO_COLORS@PLYR	NO_COLORS	PLYR	1	direct:1	0x00002E55	0x00002E48	CODE:00002E48                 be      NO_COLORS@PLYR
NO_ERRORMIL@MOTION	NO_ERRORMIL	MOTION	1	direct:1	0x00004585	0x00004578	CODE:00004578                 be      NO_ERRORMIL@MOTION
NO_ERRORS@DIAG	NO_ERRORS	DIAG	1	direct:1	0x00001189	0x0000117E	CODE:0000117E                 be      NO_ERRORS@DIAG
NO_FLAME@PLYR	NO_FLAME	PLYR	1	direct:1	0x000030EE	0x000030EA	CODE:000030EA                 bgt     NO_FLAME@PLYR
NO_INSERTCOINS@COIN	NO_INSERTCOINS	COIN	1	direct:1	0x000074DC	0x000074CB	CODE:000074CB                 bgt     NO_INSERTCOINS@COIN
NO_INSERTCOINSM@COIN	NO_INSERTCOINSM	COIN	1	direct:1	0x00007609	0x000075F8	CODE:000075F8                 bgt     NO_INSERTCOINSM@COIN
NO_LO_SAFETY_ERROR@MOTION	NO_LO_SAFETY_ERROR	MOTION	1	direct:1	0x000045ED	0x000045EB	CODE:000045EB                 be      NO_LO_SAFETY_ERROR@MOTION
NO_NEG@ROADKILL	NO_NEG	ROADKILL	1	direct:1	0x00006AC1	0x00006ABF	CODE:00006ABF                 bge     NO_NEG@ROADKILL
NO_NEWLOAD@BACKGRND	NO_NEWLOAD	BACKGRND	1	direct:1	0x0000419C	0x0000419B	CODE:0000419B                 be      NO_NEWLOAD@BACKGRND
NO_NEW_MOTION_ERRORS@MOTION	NO_NEW_MOTION_ERRORS	MOTION	1	direct:1	0x00004757	0x00004753	CODE:00004753                 be      NO_NEW_MOTION_ERRORS@MOTION
NO_PREVMOTION_ERRORS@MOTION	NO_PREVMOTION_ERRORS	MOTION	1	direct:1	0x0000476B	0x00004749	CODE:00004749                 be      NO_PREVMOTION_ERRORS@MOTION
NO_SMOKE@PLYR	NO_SMOKE	PLYR	1	direct:1	0x000030D7	0x000030D3	CODE:000030D3                 blt     NO_SMOKE@PLYR
NO_START@COIN	NO_START	COIN	1	direct:1	0x000074AE	0x000074AA	CODE:000074AA                 blt     NO_START@COIN
NO_TOSTART@COIN	NO_TOSTART	COIN	1	direct:1	0x00007577	0x00007570	CODE:00007570                 bgt     NO_TOSTART@COIN
NO_UP_SAFETY_ERROR@MOTION	NO_UP_SAFETY_ERROR	MOTION	1	direct:1	0x000045B6	0x000045B4	CODE:000045B4                 be      NO_UP_SAFETY_ERROR@MOTION
NPLOT@FONT1A	NPLOT	FONT1A	1	direct:1	0x0000A842	0x0000A837	CODE:0000A837                 bhs     NPLOT@FONT1A
NTEST@CUSA	NTEST	CUSA	1	direct:1	0x00004C8C	0x00004C79	CODE:00004C79                 be      NTEST@CUSA
NTRN@COLLA	NTRN	COLLA	1	direct:1	0x0000265F	0x0000265C	CODE:0000265C                 bne     NTRN@COLLA
NULLI	NULLI		1	direct:1	0x00009017	0x0000901F	CODE:0000901F                 ldi     @NULLI,r3
NUPDT@DIAG	NUPDT	DIAG	1	direct:1	0x00000B2E	0x00000B1B	CODE:00000B1B                 be      NUPDT@DIAG
NUWHL1@WHEEL	NUWHL1	WHEEL	1	direct:1	0x0000AFFD	0x0000AFF8	CODE:0000AFF8                 bne     NUWHL1@WHEEL
NUWHL2@WHEEL	NUWHL2	WHEEL	1	direct:1	0x0000B009	0x0000B006	CODE:0000B006                 bne     NUWHL2@WHEEL
NUWHL3@WHEEL	NUWHL3	WHEEL	1	direct:1	0x0000B00D	0x0000B00A	CODE:0000B00A                 bne     NUWHL3@WHEEL
NXTCHAR@FONT1A	NXTCHAR	FONT1A	1	direct:1	0x0000A84A	0x0000A82E	CODE:0000A82E                 be      NXTCHAR@FONT1A
NXTCHAR@TEXT	NXTCHAR	TEXT	1	direct:1	0x00007AD1	0x00007A9A	CODE:00007A9A                 be      NXTCHAR@TEXT
NXTCHK@BACKGRND	NXTCHK	BACKGRND	1	direct:1	0x00004214	0x000041F1	CODE:000041F1                 be      NXTCHK@BACKGRND
NXTDRONE@OBJ	NXTDRONE	OBJ	1	direct:1	0x00007222	0x0000727B	CODE:0000727B                 bne     NXTDRONE@OBJ
NXTENT@CMOS	NXTENT	CMOS	1	direct:1	0x00009B49	0x00009B4E	CODE:00009B4E                 blt     NXTENT@CMOS
NXTGRP@TEXT	NXTGRP	TEXT	1	direct:1	0x00007AF4	0x00007A79	CODE:00007A79                 bud     NXTGRP@TEXT
NXTLP@DRONES	NXTLP	DRONES	1	direct:1	0x00006612	0x000065E0	CODE:000065E0                 bne     NXTLP@DRONES
NXTNAME@BONUS	NXTNAME	BONUS	1	direct:1	0x00003B14	0x00003B1D	CODE:00003B1D                 ble     NXTNAME@BONUS
NZERO@MEMTEST	NZERO	MEMTEST	1	direct:1	0x00006337	0x00006334	CODE:00006334                 bu      NZERO@MEMTEST
OACTIVECNT	OACTIVECNT		1	direct:1	0x0000C9B8	0x0000701F	CODE:0000701F                 sti     r0,@OACTIVECNT
OACTIVE_PRIORITY	OACTIVE_PRIORITY		1	direct:1	0x0000C9B5	0x0000701E	CODE:0000701E                 sti     r0,@OACTIVE_PRIORITY
OBJ_DEL_GROUP@HSTDP	OBJ_DEL_GROUP	HSTDP	1	direct:1	0x0000372E	0x000038F7	CODE:000038F7                 call    OBJ_DEL_GROUP@HSTDP
ODC@OBJ	ODC	OBJ	1	direct:1	0x00007176	0x0000717C	CODE:0000717C                 bne     ODC@OBJ
ODCL2@OBJ	ODCL2	OBJ	1	direct:1	0x00007179	0x00007182	CODE:00007182                 bne     ODCL2@OBJ
ODCX@OBJ	ODCX	OBJ	1	direct:1	0x00007183	0x00007177	CODE:00007177                 be      ODCX@OBJ
ODG1@HSTDP	ODG1	HSTDP	1	direct:1	0x00003732	0x00003736	CODE:00003736                 br      ODG1@HSTDP
OFFREDI@PLYR	OFFREDI	PLYR	1	direct:1	0x00002E2C	0x00002E38	CODE:00002E38                 ldi     @OFFREDI@PLYR,ar2
OFFRLP@PLYR	OFFRLP	PLYR	1	direct:1	0x00002CE2	0x00002CD8	CODE:00002CD8                 rptb    OFFRLP@PLYR
OFFROADBUFF_ptr_0000B1BF@HUD	OFFROADBUFF_ptr_0000B1BF	HUD	1	direct:1	0x0000B1BF	0x00009D64	CODE:00009D64                 ldi     @OFFROADBUFF_ptr_0000B1BF@HUD,ar2 ; LDL
OFFROADTXT_ptr_0000B1BE@HUD	OFFROADTXT_ptr_0000B1BE	HUD	1	direct:1	0x0000B1BE	0x00009D57	CODE:00009D57                 ldi     @OFFROADTXT_ptr_0000B1BE@HUD,ar2 ; LDL
OFFS@DIAG	OFFS	DIAG	1	direct:1	0x00000E51	0x00000E7B	CODE:00000E7B                 ldi     @OFFS@DIAG,ar5
OFFTABV@MATH	OFFTABV	MATH	1	direct:1	0x0000958F	0x00009585	CODE:00009585                 ldi     @OFFTABV@MATH,ar0
OFIND@HSTDP	OFIND	HSTDP	1	direct:1	0x000036B8	0x000036BF	CODE:000036BF                 bne     OFIND@HSTDP
OFJN@HUD	OFJN	HUD	1	direct:1	0x00009D63	0x00009D56	CODE:00009D56                 bu      OFJN@HUD
OFN@FLAME	OFN	FLAME	1	direct:1	0x0000AE5B	0x0000AE61	CODE:0000AE61                 bne     OFN@FLAME
OFN@HSTDP	OFN	HSTDP	1	direct:1	0x000036CB	0x000036D2	CODE:000036D2                 bne     OFN@HSTDP
OFNX1@FLAME	OFNX1	FLAME	1	direct:1	0x0000AE66	0x0000AE64	CODE:0000AE64                 bne     OFNX1@FLAME
OFNX1@HSTDP	OFNX1	HSTDP	1	direct:1	0x000036D7	0x000036D5	CODE:000036D5                 bne     OFNX1@HSTDP
OFNX@FLAME	OFNX	FLAME	1	direct:1	0x0000AE62	0x0000AE5D	CODE:0000AE5D                 be      OFNX@FLAME
OFNX@HSTDP	OFNX	HSTDP	1	direct:1	0x000036D3	0x000036CD	CODE:000036CD                 be      OFNX@HSTDP
OFRDFRICI@PLYR	OFRDFRICI	PLYR	1	direct:1	0x00002914	0x00002967	CODE:00002967                 ldf     @OFRDFRICI@PLYR,r0
OFREEI	OFREEI		1	direct:1	0x00007014	0x00007028	CODE:00007028                 ldi     @OFREEI,ar0
OGFIND@HSTDP	OGFIND	HSTDP	1	direct:1	0x000036E0	0x000036E6	CODE:000036E6                 be      OGFIND@HSTDP
OGFN@HSTDP	OGFN	HSTDP	1	direct:1	0x000036F3	0x000036F9	CODE:000036F9                 be      OGFN@HSTDP
OGFNX1@HSTDP	OGFNX1	HSTDP	1	direct:1	0x000036FE	0x000036FC	CODE:000036FC                 bne     OGFNX1@HSTDP
OGFNX@HSTDP	OGFNX	HSTDP	1	direct:1	0x000036FA	0x000036F5	CODE:000036F5                 be      OGFNX@HSTDP
OH_GNO@HSTDP	OH_GNO	HSTDP	1	direct:1	0x000036EC	0x000036E1	CODE:000036E1                 be      OH_GNO@HSTDP
OH_NO@HSTDP	OH_NO	HSTDP	1	direct:1	0x000036C5	0x000036B9	CODE:000036B9                 be      OH_NO@HSTDP
OINITL@OBJ	OINITL	OBJ	1	direct:1	0x0000702E	0x0000702B	CODE:0000702B                 rptb    OINITL@OBJ
OK23@INFIN	OK23	INFIN	1	direct:1	0x0000827B	0x00008279	CODE:00008279                 blt     OK23@INFIN
ok23a@INFIN	ok23a	INFIN	1	direct:1	0x00008411	0x0000840F	CODE:0000840F                 blt     ok23a@INFIN
ok24a@INFIN	ok24a	INFIN	1	direct:1	0x00008415	0x00008413	CODE:00008413                 bgt     ok24a@INFIN
OK554@INFIN	OK554	INFIN	1	direct:1	0x0000827E	0x0000827C	CODE:0000827C                 bgt     OK554@INFIN
OLDPLYSPD@PLYR	OLDPLYSPD	PLYR	1	direct:1	0x0000E8A9	0x000029A7	CODE:000029A7                 stf     r0,@OLDPLYSPD@PLYR
OLOW_PRIORITYI@DIRQ	OLOW_PRIORITYI	DIRQ	1	direct:1	0x00000043	0x0000007D	CODE:0000007D                 ldi     @OLOW_PRIORITYI@DIRQ,ar0
OLP@FONT1A	OLP	FONT1A	1	direct:1	0x0000A823	0x0000A84B	CODE:0000A84B                 bu      OLP@FONT1A
OLP@TEXT	OLP	TEXT	1	direct:1	0x00007A8D	0x00007AD2	CODE:00007AD2                 bu      OLP@TEXT
OMAX_OBJECTS	OMAX_OBJECTS		1	direct:1	0x0000C9BA	0x00007020	CODE:00007020                 sti     r0,@OMAX_OBJECTS
OMGX@ROADKILL	OMGX	ROADKILL	1	direct:1	0x000069EB	0x000069E6	CODE:000069E6                 bhs     OMGX@ROADKILL
ommdfont_p_ptr_0000C6FA@TEXT	ommdfont_p_ptr_0000C6FA	TEXT	1	direct:1	0x0000C6FA	0x000079EE	CODE:000079EE                 ldi     @ommdfont_p_ptr_0000C6FA@TEXT,ar2 ; LDL
ommdfont_p_ptr_0000C6FB@TEXT	ommdfont_p_ptr_0000C6FB	TEXT	1	direct:1	0x0000C6FB	0x000079FA	CODE:000079FA                 ldi     @ommdfont_p_ptr_0000C6FB@TEXT,ar2 ; LDL
OMYG1@HSTDP	OMYG1	HSTDP	1	direct:1	0x00003725	0x0000372A	CODE:0000372A                 br      OMYG1@HSTDP
OM_DIFF	OM_DIFF		1	direct:1	0x0000C905	0x00007740	CODE:00007740                 stf     r0,@OM_DIFF
OM_DRONEL@COMMDRNE	OM_DRONEL	COMMDRNE	1	direct:1	0x0000A745	0x0000A75A	CODE:0000A75A                 bu      OM_DRONEL@COMMDRNE
ONCSCREEN_CARS@DRONES	ONCSCREEN_CARS	DRONES	1	direct:1	0x0000E621	0x00006616	CODE:00006616                 sti     r6,@ONCSCREEN_CARS@DRONES
ONESNDFX2@SND	ONESNDFX2	SND	1	direct:1	0x000091CE	0x000091CB	CODE:000091CB                 bgt     ONESNDFX2@SND
ONEX@COMM	ONEX	COMM	1	direct:1	0x00007F90	0x00007F85	CODE:00007F85                 bu      ONEX@COMM
ONS@DIAG	ONS	DIAG	1	direct:1	0x00000E50	0x00000E7A	CODE:00000E7A                 ldi     @ONS@DIAG,ar4
OSCANACT@OBJ	OSCANACT	OBJ	1	direct:1	0x0000728B	0x00007285	CODE:00007285                 ble     OSCANACT@OBJ
osg10fnt_white_ptr_0000B153@COIN	osg10fnt_white_ptr_0000B153	COIN	1	direct:1	0x0000B153	0x00007536	CODE:00007536                 ldi     @osg10fnt_white_ptr_0000B153@COIN,ar2 ; LDL
OTA1@HSTDP	OTA1	HSTDP	1	direct:1	0x00003717	0x0000371C	CODE:0000371C                 br      OTA1@HSTDP
OTAG1@HSTDP	OTAG1	HSTDP	1	direct:1	0x00003708	0x0000370B	CODE:0000370B                 bge     OTAG1@HSTDP
OTAG@HSTDP	OTAG	HSTDP	1	direct:1	0x0000370D	0x00003704	CODE:00003704                 ble     OTAG@HSTDP
OTAGX@HSTDP	OTAGX	HSTDP	1	direct:1	0x00003711	0x0000370E	CODE:0000370E                 be      OTAGX@HSTDP
oucX@FONT1A	oucX	FONT1A	1	direct:1	0x0000A84C	0x0000A82C	CODE:0000A82C                 be      oucX@FONT1A
OUCX@TEXT	OUCX	TEXT	1	direct:1	0x00007AD3	0x00007A96	CODE:00007A96                 be      OUCX@TEXT
OUTRLP@FONT1A	OUTRLP	FONT1A	1	direct:1	0x0000A833	0x0000A848	CODE:0000A848                 bgt     OUTRLP@FONT1A
OUT_OF_TRACK@ROADKILL	OUT_OF_TRACK	ROADKILL	1	direct:1	0x000069F5	0x000069F3	CODE:000069F3                 be      OUT_OF_TRACK@ROADKILL
O_FOUND@HSTDP	O_FOUND	HSTDP	1	direct:1	0x000036C1	0x000036C6	CODE:000036C6                 br      O_FOUND@HSTDP
O_GFOUND@HSTDP	O_GFOUND	HSTDP	1	direct:1	0x000036E8	0x000036EE	CODE:000036EE                 br      O_GFOUND@HSTDP
PACBLK@PALL	PACBLK	PALL	1	direct:1	0x00009EDE	0x00009EDA	CODE:00009EDA                 rptb    PACBLK@PALL
PAGE1@CUSA	PAGE1	CUSA	1	direct:1	0x00004C9E	0x00004C9A	CODE:00004C9A                 bne     PAGE1@CUSA
PAIRB@PLYR	PAIRB	PLYR	1	direct:1	0x00002ACD	0x00002AC9	CODE:00002AC9                 bne     PAIRB@PLYR
PALXFER_ACTIVEI@PALL	PALXFER_ACTIVEI	PALL	1	direct:1	0x00009F9A	0x00009FBC	CODE:00009FBC                 ldi     @PALXFER_ACTIVEI@PALL,r1
PALXFER_DEL@PALL	PALXFER_DEL	PALL	1	direct:1	0x00009FBA	0x00009ECE	CODE:00009ECE                 call    PALXFER_DEL@PALL
PALXFER_FREEI@PALL	PALXFER_FREEI	PALL	1	direct:1	0x00009F9B	0x00009FA2	CODE:00009FA2                 ldi     @PALXFER_FREEI@PALL,ar0
PALXFER_GET@PALL	PALXFER_GET	PALL	1	direct:1	0x00009FAF	0x00009F8F	CODE:00009F8F                 call    PALXFER_GET@PALL
PALXFER_INIT@PALL	PALXFER_INIT	PALL	1	direct:1	0x00009F9D	0x00009EBE	CODE:00009EBE                 call    PALXFER_INIT@PALL
PALXFER_STRI@PALL	PALXFER_STRI	PALL	1	direct:1	0x00009F9C	0x00009FA3	CODE:00009FA3                 ldi     @PALXFER_STRI@PALL,ar1
PAPA35X@BONUS	PAPA35X	BONUS	1	direct:1	0x00003B24	0x00003B20	CODE:00003B20                 bne     PAPA35X@BONUS
PAPA35X@HSTDP	PAPA35X	HSTDP	1	direct:1	0x00003359	0x00003352	CODE:00003352                 bne     PAPA35X@HSTDP
PAPA45X@BONUS	PAPA45X	BONUS	1	direct:1	0x00003ACD	0x00003AC6	CODE:00003AC6                 bne     PAPA45X@BONUS
PAPAFFD@CUSA	PAPAFFD	CUSA	1	direct:1	0x00004E87	0x00004E84	CODE:00004E84                 bne     PAPAFFD@CUSA
PAPAPA44@BONUS	PAPAPA44	BONUS	1	direct:1	0x00003A86	0x00003A7D	CODE:00003A7D                 be      PAPAPA44@BONUS
PBSS_BSSEND@CUSA	PBSS_BSSEND	CUSA	1	direct:1	0x00004E30	0x00004E37	CODE:00004E37                 ldi     @PBSS_BSSEND@CUSA,rc
PBSS_PTR@CUSA	PBSS_PTR	CUSA	1	direct:1	0x00004E2F	0x00004E36	CODE:00004E36                 ldi     @PBSS_PTR@CUSA,ar0
PC1@ROADKILL	PC1	ROADKILL	1	direct:1	0x00006A09	0x00006A07	CODE:00006A07                 bne     PC1@ROADKILL
PC1A@COLLA	PC1A	COLLA	1	direct:1	0x00002011	0x0000200A	CODE:0000200A                 bgt     PC1A@COLLA
PC1X0@COLLA	PC1X0	COLLA	1	direct:1	0x00002003	0x00001FFE	CODE:00001FFE                 be      PC1X0@COLLA
PC2A@COLLA	PC2A	COLLA	1	direct:1	0x00002020	0x0000201E	CODE:0000201E                 bgt     PC2A@COLLA
PC3X@COLLA	PC3X	COLLA	1	direct:1	0x00002073	0x00002070	CODE:00002070                 be      PC3X@COLLA
PCLP@ROADKILL	PCLP	ROADKILL	1	direct:1	0x00006A04	0x00006A0A	CODE:00006A0A                 bne     PCLP@ROADKILL
PEDALMNI@PLYR	PEDALMNI	PLYR	1	direct:1	0x0000317B	0x0000317D	CODE:0000317D                 ldi     @PEDALMNI@PLYR,ar3
PEDALMX	PEDALMX		1	direct:1	0x0000E8CB	0x00002E5C	CODE:00002E5C                 addf    @PEDALMX,r1
PEDALTRUE@INTRO	PEDALTRUE	INTRO	1	direct:1	0x00001C90	0x00001C8D	CODE:00001C8D                 be      PEDALTRUE@INTRO
PERFECT2@MATH	PERFECT2	MATH	1	direct:1	0x00009540	0x0000953D	CODE:0000953D                 blt     PERFECT2@MATH
PERFECT@MATH	PERFECT	MATH	1	direct:1	0x00009549	0x00009546	CODE:00009546                 blt     PERFECT@MATH
PFOLLP@MPROC	PFOLLP	MPROC	1	direct:1	0x0000A94F	0x0000A95B	CODE:0000A95B                 bne     PFOLLP@MPROC
PINITL@MPROC	PINITL	MPROC	1	direct:1	0x0000A92C	0x0000A929	CODE:0000A929                 rptb    PINITL@MPROC
PLACE_FLAG@BONUS	PLACE_FLAG	BONUS	1	direct:1	0x00003D96	0x00003B16	CODE:00003B16                 call    PLACE_FLAG@BONUS
PLAINANI_LP@BACKGRND	PLAINANI_LP	BACKGRND	1	direct:1	0x00004413	0x0000441C	CODE:0000441C                 bu      PLAINANI_LP@BACKGRND
PLAINANI_LP_SLOW@BACKGRND	PLAINANI_LP_SLOW	BACKGRND	1	direct:1	0x000043D1	0x000043DB	CODE:000043DB                 bu      PLAINANI_LP_SLOW@BACKGRND
PLAINANI_PROC@BACKGRND	PLAINANI_PROC	BACKGRND	1	direct:1	0x00004412	0x00004414	CODE:00004414                 blt     PLAINANI_PROC@BACKGRND
PLAINANI_PROC_SLOW@BACKGRND	PLAINANI_PROC_SLOW	BACKGRND	1	direct:1	0x000043D0	0x000043D2	CODE:000043D2                 blt     PLAINANI_PROC_SLOW@BACKGRND
PLAIRSNDI@PLYR	PLAIRSNDI	PLYR	1	direct:1	0x00003090	0x000030C2	CODE:000030C2                 ldi     @PLAIRSNDI@PLYR,ar2
PLANEQ@COLLA	PLANEQ	COLLA	1	direct:1	0x00002879	0x00002870	CODE:00002870                 rptb    PLANEQ@COLLA
PLANE_FWL@BACKGRND	PLANE_FWL	BACKGRND	1	direct:1	0x00004465	0x00004483	CODE:00004483                 bu      PLANE_FWL@BACKGRND
PLBIG@COLLA	PLBIG	COLLA	1	direct:1	0x00002787	0x0000277B	CODE:0000277B                 bgt     PLBIG@COLLA
PLOT_CONSTANTS@INFIN	PLOT_CONSTANTS	INFIN	1	direct:1	0x00008324	0x00008305	CODE:00008305                 bu      PLOT_CONSTANTS@INFIN
PLOT_OUTLINE_OF_CHIPS@MEMTEST	PLOT_OUTLINE_OF_CHIPS	MEMTEST	1	direct:1	0x000063FD	0x000064DE	CODE:000064DE                 call    PLOT_OUTLINE_OF_CHIPS@MEMTEST
PLSPIN1@COLLA	PLSPIN1	COLLA	1	direct:1	0x0000277A	0x00002776	CODE:00002776                 bgt     PLSPIN1@COLLA
PLSPIN2@COLLA	PLSPIN2	COLLA	1	direct:1	0x00002781	0x0000277E	CODE:0000277E                 blo     PLSPIN2@COLLA
PLTGPOLL_2@DIRQ	PLTGPOLL_2	DIRQ	1	direct:1	0x00000595	0x00000560	CODE:00000560                 rptb    PLTGPOLL_2@DIRQ ; alts: PLTGPOLL_2
PLTPOLL@DIRQ	PLTPOLL	DIRQ	1	direct:1	0x0000048F	0x00000460	CODE:00000460                 rptb    PLTPOLL@DIRQ    ; alts: PLTPOLL
PLTPOLL_2@DIRQ	PLTPOLL_2	DIRQ	1	direct:1	0x0000054E	0x00000520	CODE:00000520                 rptb    PLTPOLL_2@DIRQ  ; alts: PLTPOLL_2
PLYRCAM@PLYR	PLYRCAM	PLYR	1	direct:1	0x00002AD8	0x00002A71	CODE:00002A71                 bu      PLYRCAM@PLYR
PLYRDEBRIS@COLLA	PLYRDEBRIS	COLLA	1	direct:1	0x000021E9	0x000021DA	CODE:000021DA                 call    PLYRDEBRIS@COLLA
PLYRDLINK@OBJ	PLYRDLINK	OBJ	1	direct:1	0x000071DE	0x000071D7	CODE:000071D7                 call    PLYRDLINK@OBJ
PLYRLP@PLYR	PLYRLP	PLYR	1	direct:1	0x00002A5C	0x00002B60	CODE:00002B60                 bu      PLYRLP@PLYR
PLYRSIGN@COLLA	PLYRSIGN	COLLA	1	direct:1	0x000021EC	0x000021D9	CODE:000021D9                 call    PLYRSIGN@COLLA
PLYRSND1A@PLYR	PLYRSND1A	PLYR	1	direct:1	0x000030C6	0x000030BE	CODE:000030BE                 bne     PLYRSND1A@PLYR
PLYRSORT@OBJ	PLYRSORT	OBJ	1	direct:1	0x000071EA	0x000071DA	CODE:000071DA                 call    PLYRSORT@OBJ
PLYRSPD0@PLYR	PLYRSPD0	PLYR	1	direct:1	0x00002A8C	0x00002A7C	CODE:00002A7C                 bge     PLYRSPD0@PLYR
PLYRSPD@PLYR	PLYRSPD	PLYR	1	direct:1	0x00002A72	0x00002A6E	CODE:00002A6E                 be      PLYRSPD@PLYR
PLYRWHL@PLYR	PLYRWHL	PLYR	1	direct:1	0x0000304A	0x00002B54	CODE:00002B54                 call    PLYRWHL@PLYR
PLYR_INTRO_JOIN@PLYR	PLYR_INTRO_JOIN	PLYR	1	direct:1	0x00002A3F	0x000029ED	CODE:000029ED                 bu      PLYR_INTRO_JOIN@PLYR
PLYR_SNDS@PLYR	PLYR_SNDS	PLYR	1	direct:1	0x00003097	0x00002B52	CODE:00002B52                 call    PLYR_SNDS@PLYR
PLYS1@PLYR	PLYS1	PLYR	1	direct:1	0x00002B51	0x00002B4F	CODE:00002B4F                 be      PLYS1@PLYR
PNTNXT0@COLLA	PNTNXT0	COLLA	1	direct:1	0x00002889	0x00002886	CODE:00002886                 blt     PNTNXT0@COLLA
PNTNXT1@COLLA	PNTNXT1	COLLA	1	direct:1	0x0000289A	0x00002897	CODE:00002897                 blt     PNTNXT1@COLLA
POINT_ptr_0000C761@FONT1A	POINT_ptr_0000C761	FONT1A	1	direct:1	0x0000C761	0x0000A766	CODE:0000A766                 ldi     @POINT_ptr_0000C761@FONT1A,ar1 ; LDL
POLYPOLY_ENTER@DIRQ	POLYPOLY_ENTER	DIRQ	1	direct:1	0x00000163	0x000001BB	CODE:000001BB                 bu      POLYPOLY_ENTER@DIRQ
POOCL@MEMTEST	POOCL	MEMTEST	1	direct:1	0x000063FE	0x00006414	CODE:00006414                 bne     POOCL@MEMTEST
PORX@BACKGRND	PORX	BACKGRND	1	direct:1	0x000043BB	0x000043B6	CODE:000043B6                 bgt     PORX@BACKGRND
PP1_ptr_0000C7B8@MOTION	PP1_ptr_0000C7B8	MOTION	1	direct:1	0x0000C7B8	0x000045F7	CODE:000045F7                 ldi     @PP1_ptr_0000C7B8@MOTION,ar2 ; LDL
PP2_ptr_0000C7B9@MOTION	PP2_ptr_0000C7B9	MOTION	1	direct:1	0x0000C7B9	0x000045FA	CODE:000045FA                 ldi     @PP2_ptr_0000C7B9@MOTION,ar2 ; LDL
PP3_ptr_0000C7BA@MOTION	PP3_ptr_0000C7BA	MOTION	1	direct:1	0x0000C7BA	0x000045FD	CODE:000045FD                 ldi     @PP3_ptr_0000C7BA@MOTION,ar2 ; LDL
PP4_ptr_0000C7BB@MOTION	PP4_ptr_0000C7BB	MOTION	1	direct:1	0x0000C7BB	0x00004600	CODE:00004600                 ldi     @PP4_ptr_0000C7BB@MOTION,ar2 ; LDL
PP_ptr_0000C7B7@MOTION	PP_ptr_0000C7B7	MOTION	1	direct:1	0x0000C7B7	0x000045EF	CODE:000045EF                 ldi     @PP_ptr_0000C7B7@MOTION,ar2 ; LDL
PR0@HSTDP	PR0	HSTDP	1	direct:1	0x000033CB	0x000033E1	CODE:000033E1                 br      PR0@HSTDP
PR0A2@HSTDP	PR0A2	HSTDP	1	direct:1	0x000033C7	0x000033C3	CODE:000033C3                 blo     PR0A2@HSTDP
PR1A1@HSTDP	PR1A1	HSTDP	1	direct:1	0x000033EB	0x000033E9	CODE:000033E9                 be      PR1A1@HSTDP
PR1A2@HSTDP	PR1A2	HSTDP	1	direct:1	0x000033F0	0x000033EE	CODE:000033EE                 be      PR1A2@HSTDP
PR1A3@HSTDP	PR1A3	HSTDP	1	direct:1	0x000033F5	0x000033F3	CODE:000033F3                 be      PR1A3@HSTDP
PR1ZZZ@HSTDP	PR1ZZZ	HSTDP	1	direct:1	0x0000340E	0x000033F7	CODE:000033F7                 bne     PR1ZZZ@HSTDP
PR2@HSTDP	PR2	HSTDP	1	direct:1	0x0000340F	0x00003423	CODE:00003423                 br      PR2@HSTDP
PR2A2@HSTDP	PR2A2	HSTDP	1	direct:1	0x00003492	0x0000348E	CODE:0000348E                 bge     PR2A2@HSTDP
PR3A@HSTDP	PR3A	HSTDP	1	direct:1	0x000034DC	0x000034D4	CODE:000034D4                 bgt     PR3A@HSTDP
PR3DA@HSTDP	PR3DA	HSTDP	1	direct:1	0x0000382F	0x0000382C	CODE:0000382C                 bge     PR3DA@HSTDP
PR3DFS@HSTDP	PR3DFS	HSTDP	1	direct:1	0x00003828	0x00003834	CODE:00003834                 bne     PR3DFS@HSTDP
PR3DLOOP@HSTDP	PR3DLOOP	HSTDP	1	direct:1	0x00003838	0x00003857	CODE:00003857                 br      PR3DLOOP@HSTDP
PR3DNEXT@HSTDP	PR3DNEXT	HSTDP	1	direct:1	0x00003855	0x0000383C	CODE:0000383C                 be      PR3DNEXT@HSTDP
PR3DX@HSTDP	PR3DX	HSTDP	1	direct:1	0x00003858	0x0000383A	CODE:0000383A                 be      PR3DX@HSTDP
PR4A@HSTDP	PR4A	HSTDP	1	direct:1	0x0000351B	0x00003528	CODE:00003528                 bne     PR4A@HSTDP
PRA0@HSTDP	PRA0	HSTDP	1	direct:1	0x0000338A	0x0000338F	CODE:0000338F                 br      PRA0@HSTDP
PRA1@HSTDP	PRA1	HSTDP	1	direct:1	0x000033AE	0x000033B2	CODE:000033B2                 bhs     PRA1@HSTDP
PRA2@HSTDP	PRA2	HSTDP	1	direct:1	0x000033B3	0x000033AD	CODE:000033AD                 blo     PRA2@HSTDP
PRAMCLP@CUSA	PRAMCLP	CUSA	1	direct:1	0x00004E3C	0x00004E3B	CODE:00004E3B                 rptb    PRAMCLP@CUSA
PRCSTRI@MPROC	PRCSTRI	MPROC	1	direct:1	0x0000A86D	0x0000A927	CODE:0000A927                 ldi     @PRCSTRI@MPROC,ar1
PRESSCODEX2@HSTDP	PRESSCODEX2	HSTDP	1	direct:1	0x00003540	0x00003536	CODE:00003536                 bne     PRESSCODEX2@HSTDP
PRINT_COINAGE@COIN	PRINT_COINAGE	COIN	1	direct:1	0x000074FC	0x000074C8	CODE:000074C8                 call    PRINT_COINAGE@COIN
PRINT_SPYN@DIAG	PRINT_SPYN	DIAG	1	direct:1	0x00000C97	0x00000C94	CODE:00000C94                 call    PRINT_SPYN@DIAG
PRINT_TOCONT@COIN	PRINT_TOCONT	COIN	1	direct:1	0x0000760F	0x000075DF	CODE:000075DF                 call    PRINT_TOCONT@COIN
PRINT_TOSTART@COIN	PRINT_TOSTART	COIN	1	direct:1	0x00007583	0x00007576	CODE:00007576                 bu      PRINT_TOSTART@COIN
PRINT_VALUEX@DIAG	PRINT_VALUEX	DIAG	1	direct:1	0x00001066	0x00001064	CODE:00001064                 be      PRINT_VALUEX@DIAG
PRIOK@OBJ	PRIOK	OBJ	1	direct:1	0x00007313	0x00007308	CODE:00007308                 bge     PRIOK@OBJ
PRIOKP@OBJ	PRIOKP	OBJ	1	direct:1	0x000072F4	0x000072E9	CODE:000072E9                 bge     PRIOKP@OBJ
PROC_FOLLOW_X@MPROC	PROC_FOLLOW_X	MPROC	1	direct:1	0x0000A961	0x0000A959	CODE:0000A959                 be      PROC_FOLLOW_X@MPROC
PRR_X@DRONES	PRR_X	DRONES	1	direct:1	0x00006844	0x00006842	CODE:00006842                 bu      PRR_X@DRONES
PSLP1@DIAG	PSLP1	DIAG	1	direct:1	0x00000C7B	0x00000C78	CODE:00000C78                 be      PSLP1@DIAG
PSLP1_CHECK@DIAG	PSLP1_CHECK	DIAG	1	direct:1	0x00000C7C	0x00000C7A	CODE:00000C7A                 bgt     PSLP1_CHECK@DIAG
PSLPX@DIAG	PSLPX	DIAG	1	direct:1	0x00000C95	0x00000C59	CODE:00000C59                 ble     PSLPX@DIAG
PSND0@PLYR	PSND0	PLYR	1	direct:1	0x000030A4	0x000030A0	CODE:000030A0                 be      PSND0@PLYR
PSND1@PLYR	PSND1	PLYR	1	direct:1	0x000030AE	0x0000309D	CODE:0000309D                 blt     PSND1@PLYR
PSND2@PLYR	PSND2	PLYR	1	direct:1	0x000030B1	0x000030AD	CODE:000030AD                 bu      PSND2@PLYR
PSORTNXT@OBJ	PSORTNXT	OBJ	1	direct:1	0x000071DF	0x000071E5	CODE:000071E5                 bne     PSORTNXT@OBJ
PSRT2@OBJ	PSRT2	OBJ	1	direct:1	0x00007203	0x00007200	CODE:00007200                 be      PSRT2@OBJ
PSRT2A@OBJ	PSRT2A	OBJ	1	direct:1	0x000071FF	0x00007202	CODE:00007202                 br      PSRT2A@OBJ
PS_SKIPMENU@DIAG	PS_SKIPMENU	DIAG	1	direct:1	0x00000C57	0x00000C0F	CODE:00000C0F                 ble     PS_SKIPMENU@DIAG
ptruckg_purple_ptr_0000C75F@WAVE	ptruckg_purple_ptr_0000C75F	WAVE	1	direct:1	0x0000C75F	0x00009528	CODE:00009528                 ldi     @ptruckg_purple_ptr_0000C75F@WAVE,ar2 ; LDL
ptruckg_yellr_ptr_0000C760@WAVE	ptruckg_yellr_ptr_0000C760	WAVE	1	direct:1	0x0000C760	0x0000952A	CODE:0000952A                 ldi     @ptruckg_yellr_ptr_0000C760@WAVE,ar2 ; LDL
PTTRAMI@PALL	PTTRAMI	PALL	1	direct:1	0x00009EA7	0x00009EAE	CODE:00009EAE                 ldi     @PTTRAMI@PALL,ar0
PULLP@OBJ	PULLP	OBJ	1	direct:1	0x00007195	0x000071A1	CODE:000071A1                 bne     PULLP@OBJ
PULOBJ_X@OBJ	PULOBJ_X	OBJ	1	direct:1	0x000071A7	0x0000719F	CODE:0000719F                 be      PULOBJ_X@OBJ
PWHL0@PLYR	PWHL0	PLYR	1	direct:1	0x00003056	0x00003050	CODE:00003050                 be      PWHL0@PLYR
PWHL1@PLYR	PWHL1	PLYR	1	direct:1	0x0000305D	0x00003057	CODE:00003057                 be      PWHL1@PLYR
PWHLX0@PLYR	PWHLX0	PLYR	1	direct:1	0x00003070	0x0000306C	CODE:0000306C                 bu      PWHLX0@PLYR
PWHLXX@PLYR	PWHLXX	PLYR	1	direct:1	0x00003071	0x0000306F	CODE:0000306F                 bgt     PWHLXX@PLYR
PXFLP@PALL	PXFLP	PALL	1	direct:1	0x00009FBD	0x00009FC1	CODE:00009FC1                 bne     PXFLP@PALL
PXIL@PALL	PXIL	PALL	1	direct:1	0x00009FA8	0x00009FA5	CODE:00009FA5                 rptb    PXIL@PALL
PXXX@PALL	PXXX	PALL	1	direct:1	0x00009FC7	0x00009FBF	CODE:00009FBF                 be      PXXX@PALL
R1R2ZER@MEMTEST	R1R2ZER	MEMTEST	1	direct:1	0x00006335	0x0000632C	CODE:0000632C                 be      R1R2ZER@MEMTEST
R3ZERO@MEMTEST	R3ZERO	MEMTEST	1	direct:1	0x00006336	0x00006332	CODE:00006332                 be      R3ZERO@MEMTEST
RACER_PTRI	RACER_PTRI		1	direct:1	0x000050B3	0x00007676	CODE:00007676                 ldi     @RACER_PTRI,ar0
RACE_STARTING_POINTSI	RACE_STARTING_POINTSI		1	map:1	0x000018A5	0x0000182E	CODE:0000182E                 addi    @RACE_STARTING_POINTSI,ar0
RACE_TEXT@HSTDP	RACE_TEXT	HSTDP	1	direct:1	0x00003931	0x0000392F	CODE:0000392F                 br      RACE_TEXT@HSTDP
RADAR_X@MAP	RADAR_X	MAP	1	direct:1	0x000061CE	0x00006129	CODE:00006129                 be      RADAR_X@MAP
RAMCLP@CUSA	RAMCLP	CUSA	1	direct:1	0x00004E51	0x00004E50	CODE:00004E50                 rptb    RAMCLP@CUSA
RAM_BSSEND@CUSA	RAM_BSSEND	CUSA	1	direct:1	0x00004E45	0x00004E4C	CODE:00004E4C                 ldi     @RAM_BSSEND@CUSA,rc
RAM_PTR@CUSA	RAM_PTR	CUSA	1	direct:1	0x00004E44	0x00004E4B	CODE:00004E4B                 ldi     @RAM_PTR@CUSA,ar0
RANDPX@UTIL	RANDPX	UTIL	1	direct:1	0x00008F18	0x00008F16	CODE:00008F16                 blo     RANDPX@UTIL
RAWPEX@PALL	RAWPEX	PALL	1	direct:1	0x00009F80	0x00009F6E	CODE:00009F6E                 bu      RAWPEX@PALL
RAWPL@PALL	RAWPL	PALL	1	direct:1	0x00009F6F	0x00009F64	CODE:00009F64                 be      RAWPL@PALL
RB44@AUDITS	RB44	AUDITS	1	direct:1	0x0000153F	0x00001542	CODE:00001542                 be      RB44@AUDITS
RBMCX@HSTDP	RBMCX	HSTDP	1	direct:1	0x00003952	0x0000394E	CODE:0000394E                 be      RBMCX@HSTDP
RCMT@DIAG	RCMT	DIAG	1	direct:1	0x00000FE2	0x00000FE5	CODE:00000FE5                 ldi     @RCMT@DIAG,ar7
RDA_ptr_0000C8AB@DIAG	RDA_ptr_0000C8AB	DIAG	1	direct:1	0x0000C8AB	0x00000DDB	CODE:00000DDB                 ldi     @RDA_ptr_0000C8AB@DIAG,ar2 ; LDL
redhd1_ptr_0000B257@INTRO	redhd1_ptr_0000B257	INTRO	1	direct:1	0x0000B257	0x00001DEC	CODE:00001DEC                 ldi     @redhd1_ptr_0000B257@INTRO,ar2 ; LDL
REDLP@DIAG	REDLP	DIAG	1	direct:1	0x00000703	0x000006FF	CODE:000006FF                 rptb    REDLP@DIAG
REDV@DIAG	REDV	DIAG	1	direct:1	0x000006AF	0x000006BC	CODE:000006BC                 ldi     @REDV@DIAG,r2
REGADD@BACKGRND	REGADD	BACKGRND	1	direct:1	0x000041B0	0x000041AA	CODE:000041AA                 bne     REGADD@BACKGRND
REGDOIT@PALL	REGDOIT	PALL	1	direct:1	0x00009EE7	0x00009EE3	CODE:00009EE3                 bge     REGDOIT@PALL
REGIT@CUSA	REGIT	CUSA	1	direct:1	0x00004C89	0x00004C7F	CODE:00004C7F                 ble     REGIT@CUSA
REGLP0@TEXT	REGLP0	TEXT	1	direct:1	0x00007B21	0x00007B1E	CODE:00007B1E                 bne     REGLP0@TEXT
REGLP1@TEXT	REGLP1	TEXT	1	direct:1	0x00007B2D	0x00007B2A	CODE:00007B2A                 bne     REGLP1@TEXT
REGLP2@TEXT	REGLP2	TEXT	1	direct:1	0x00007B3D	0x00007B39	CODE:00007B39                 bne     REGLP2@TEXT
REGLP@FONT1A	REGLP	FONT1A	1	direct:1	0x0000A827	0x0000A824	CODE:0000A824                 bne     REGLP@FONT1A
REGLP@MOTION	REGLP	MOTION	1	direct:1	0x00004903	0x00004900	CODE:00004900                 bne     REGLP@MOTION
REGLP@TEXT	REGLP	TEXT	1	direct:1	0x00007A91	0x00007A8E	CODE:00007A8E                 bne     REGLP@TEXT
REGPLP0@TEXT	REGPLP0	TEXT	1	direct:1	0x00007B06	0x00007B02	CODE:00007B02                 bne     REGPLP0@TEXT
REGSPIN@PLYR	REGSPIN	PLYR	1	direct:1	0x00002D36	0x00002D29	CODE:00002D29                 bne     REGSPIN@PLYR
REGULAR1@DIRQ	REGULAR1	DIRQ	1	direct:1	0x00000175	0x0000016D	CODE:0000016D                 be      REGULAR1@DIRQ
REGULAR@DIRQ	REGULAR	DIRQ	1	direct:1	0x00000106	0x000000FE	CODE:000000FE                 be      REGULAR@DIRQ
REPLICATE_SPARK@SMOKE	REPLICATE_SPARK	SMOKE	1	direct:1	0x000085DC	0x0000865D	CODE:0000865D                 call    REPLICATE_SPARK@SMOKE
REQWAIT@COMP	REQWAIT	COMP	1	direct:1	0x0000A402	0x0000A405	CODE:0000A405                 bne     REQWAIT@COMP
RESCAN0@OBJ	RESCAN0	OBJ	1	direct:1	0x000072CB	0x000072D0	CODE:000072D0                 bne     RESCAN0@OBJ
RESCAN1@OBJ	RESCAN1	OBJ	1	direct:1	0x000072D7	0x000072CA	CODE:000072CA                 be      RESCAN1@OBJ
RESETMUNGE@SND	RESETMUNGE	SND	1	direct:1	0x0000926F	0x000092DF	CODE:000092DF                 be      RESETMUNGE@SND
REV1@PLYR	REV1	PLYR	1	direct:1	0x00002C61	0x00002C52	CODE:00002C52                 be      REV1@PLYR
REV3@PLYR	REV3	PLYR	1	direct:1	0x00002C65	0x00002C60	CODE:00002C60                 bu      REV3@PLYR
REV4@PLYR	REV4	PLYR	1	direct:1	0x00002C85	0x00002C7F	CODE:00002C7F                 bne     REV4@PLYR
REV5@PLYR	REV5	PLYR	1	direct:1	0x00002C91	0x00002C8F	CODE:00002C8F                 be      REV5@PLYR
REVSNDTABI@PLYR	REVSNDTABI	PLYR	1	direct:1	0x00003094	0x000030AA	CODE:000030AA                 ldi     @REVSNDTABI@PLYR,ar2
RIDE_RIGHT_JOININ@DRONES	RIDE_RIGHT_JOININ	DRONES	1	direct:1	0x00006823	0x00006816	CODE:00006816                 bu      RIDE_RIGHT_JOININ@DRONES
RKFP@ROADKILL	RKFP	ROADKILL	1	direct:1	0x00006997	0x00006992	CODE:00006992                 be      RKFP@ROADKILL
RLL@INTRO	RLL	INTRO	1	direct:1	0x00001B0F	0x00001AE8	CODE:00001AE8                 be      RLL@INTRO
RND2@MEMTEST	RND2	MEMTEST	1	direct:1	0x00006451	0x0000644F	CODE:0000644F                 bge     RND2@MEMTEST
RND2@UTIL	RND2	UTIL	1	direct:1	0x00008EE6	0x00008EE4	CODE:00008EE4                 bge     RND2@UTIL
ROADFRICI@PLYR	ROADFRICI	PLYR	1	direct:1	0x00002913	0x00002965	CODE:00002965                 ldf     @ROADFRICI@PLYR,r0
ROADIRX@PLYR	ROADIRX	PLYR	1	direct:1	0x00003049	0x00003038	CODE:00003038                 be      ROADIRX@PLYR
ROADKILL@COLLA	ROADKILL	COLLA	1	direct:1	0x000022AC	0x0000223C	CODE:0000223C                 be      ROADKILL@COLLA
ROAD_DEBRIS	ROAD_DEBRIS		1	direct:1	0x0000E91C	0x0000238C	CODE:0000238C                 ldi     @ROAD_DEBRIS,r0 ; alts: DEBSCAN@COLLA
ROUNDERLP@INTRO	ROUNDERLP	INTRO	1	direct:1	0x00001AE5	0x00001B12	CODE:00001B12                 bu      ROUNDERLP@INTRO
ROUTINE_TABLEI@OVERLAY	ROUTINE_TABLEI	OVERLAY	1	direct:1	0x0000AD00	0x0000ACFC	CODE:0000ACFC                 addi    @ROUTINE_TABLEI@OVERLAY,ar0
RPLP@PALL	RPLP	PALL	1	direct:1	0x00009F65	0x00009F63	CODE:00009F63                 rptb    RPLP@PALL
rpmauto_ptr_0000B1C2@HUD	rpmauto_ptr_0000B1C2	HUD	1	direct:1	0x0000B1C2	0x00009D80	CODE:00009D80                 ldi     @rpmauto_ptr_0000B1C2@HUD,ar2 ; LDL
rpmman_ptr_0000B1C1@HUD	rpmman_ptr_0000B1C1	HUD	1	direct:1	0x0000B1C1	0x00009D79	CODE:00009D79                 ldi     @rpmman_ptr_0000B1C1@HUD,ar2 ; LDL
rpm_ptr_0000B1C0@HUD	rpm_ptr_0000B1C0	HUD	1	direct:1	0x0000B1C0	0x00009D70	CODE:00009D70                 ldi     @rpm_ptr_0000B1C0@HUD,ar2 ; LDL
RS297@COLLA	RS297	COLLA	1	direct:1	0x0000209D	0x00002097	CODE:00002097                 bge     RS297@COLLA
RS299@COLLA	RS299	COLLA	1	direct:1	0x000020A3	0x0000209E	CODE:0000209E                 bge     RS299@COLLA
RS2@COLLA	RS2	COLLA	1	direct:1	0x0000208B	0x00002083	CODE:00002083                 blt     RS2@COLLA
RS300@COLLA	RS300	COLLA	1	direct:1	0x000020A6	0x0000208F	CODE:0000208F                 be      RS300@COLLA
RS_X@SND	RS_X	SND	1	direct:1	0x0000E945	0x00009127	CODE:00009127                 sti     r0,@RS_X@SND
RUNOV00@COLLA	RUNOV00	COLLA	1	direct:1	0x00002325	0x00002320	CODE:00002320                 bu      RUNOV00@COLLA
RUNOV0@COLLA	RUNOV0	COLLA	1	direct:1	0x00002321	0x0000231A	CODE:0000231A                 bne     RUNOV0@COLLA
SAFETSI@HUD	SAFETSI	HUD	1	direct:1	0x0000B1BC	0x00009D34	CODE:00009D34                 ldi     @SAFETSI@HUD,ar2
SAGETABI@COLLA	SAGETABI	COLLA	1	direct:1	0x0000232D	0x0000231D	CODE:0000231D                 addi    @SAGETABI@COLLA,r0
SAVED_PLY2CAR	SAVED_PLY2CAR		1	direct:1	0x0000E5C6	0x0000766C	CODE:0000766C                 sti     r0,@SAVED_PLY2CAR
SBTLP1@DIAG	SBTLP1	DIAG	1	direct:1	0x00000B56	0x00000B59	CODE:00000B59                 bne     SBTLP1@DIAG
SBTLP2@DIAG	SBTLP2	DIAG	1	direct:1	0x00000B4A	0x00000B4D	CODE:00000B4D                 bne     SBTLP2@DIAG
SBUSI@COLLA	SBUSI	COLLA	1	direct:1	0x000023ED	0x00002459	CODE:00002459                 cmpi    @SBUSI@COLLA,r1
SCLP0@TEXT	SCLP0	TEXT	1	direct:1	0x00007B1D	0x00007B26	CODE:00007B26                 bne     SCLP0@TEXT
SCLP1@TEXT	SCLP1	TEXT	1	direct:1	0x00007B29	0x00007B3E	CODE:00007B3E                 bne     SCLP1@TEXT
SCOLLTABI	SCOLLTABI		1	direct:1	0x00003085	0x000024C7	CODE:000024C7                 ldi     @SCOLLTABI,ar2  ; LDPI
SCPLP0@TEXT	SCPLP0	TEXT	1	direct:1	0x00007B01	0x00007B0C	CODE:00007B0C                 bne     SCPLP0@TEXT
SCRSIZI@UTIL	SCRSIZI	UTIL	1	direct:1	0x00008E75	0x00008EA8	CODE:00008EA8                 ldi     @SCRSIZI@UTIL,r3
SCTABI@COLLA	SCTABI	COLLA	1	direct:1	0x0000285D	0x00002847	CODE:00002847                 ldi     @SCTABI@COLLA,ar2
sct_ptr_0000C885@DIAG	sct_ptr_0000C885	DIAG	1	direct:1	0x0000C885	0x00000CC4	CODE:00000CC4                 ldi     @sct_ptr_0000C885@DIAG,ar2 ; TEXTIT
sct_ptr_0000C888@DIAG	sct_ptr_0000C888	DIAG	1	direct:1	0x0000C888	0x00000CDE	CODE:00000CDE                 ldi     @sct_ptr_0000C888@DIAG,ar2 ; TEXTIT
sct_ptr_0000C88A@DIAG	sct_ptr_0000C88A	DIAG	1	direct:1	0x0000C88A	0x00000CEE	CODE:00000CEE                 ldi     @sct_ptr_0000C88A@DIAG,ar2 ; TEXTIT
sct_ptr_0000C88C@DIAG	sct_ptr_0000C88C	DIAG	1	direct:1	0x0000C88C	0x00000CFE	CODE:00000CFE                 ldi     @sct_ptr_0000C88C@DIAG,ar2 ; TEXTIT
sct_ptr_0000C88E@DIAG	sct_ptr_0000C88E	DIAG	1	direct:1	0x0000C88E	0x00000D11	CODE:00000D11                 ldi     @sct_ptr_0000C88E@DIAG,ar2 ; TEXTIT
SCUPDTABI@COLLA	SCUPDTABI	COLLA	1	direct:1	0x00002858	0x00002844	CODE:00002844                 ldilt   @SCUPDTABI@COLLA,ar2
SECFACT@MAP	SECFACT	MAP	1	direct:1	0x000060E6	0x000060F6	CODE:000060F6                 mpyf    @SECFACT@MAP,r3
SELTP_ptr_0000C8C3@DIAG	SELTP_ptr_0000C8C3	DIAG	1	direct:1	0x0000C8C3	0x00000FCA	CODE:00000FCA                 ldi     @SELTP_ptr_0000C8C3@DIAG,ar2 ; LDL
SENDP@COLLA	SENDP	COLLA	1	direct:1	0x000025A8	0x000025A0	CODE:000025A0                 rptb    SENDP@COLLA
SENDXYZ@COMMQ	SENDXYZ	COMMQ	1	direct:1	0x0000781D	0x00007815	CODE:00007815                 rptb    SENDXYZ@COMMQ
SEND_CAR_POS@COMMQ	SEND_CAR_POS	COMMQ	1	direct:1	0x0000780E	0x0000780C	CODE:0000780C                 bu      SEND_CAR_POS@COMMQ
SEND_CP0@COMMQ	SEND_CP0	COMMQ	1	direct:1	0x00007812	0x00007808	CODE:00007808                 bu      SEND_CP0@COMMQ
SEND_FLY_XSFER@COLLA	SEND_FLY_XSFER	COLLA	1	direct:1	0x00002597	0x0000255C	CODE:0000255C                 call    SEND_FLY_XSFER@COLLA
SETNN@DIAG	SETNN	DIAG	1	direct:1	0x00000D90	0x00000D89	CODE:00000D89                 bne     SETNN@DIAG
SETVOL_LP@DIAG	SETVOL_LP	DIAG	1	direct:1	0x00000D86	0x00000DB9	CODE:00000DB9                 bu      SETVOL_LP@DIAG
SET_COINAGE_ADJ@COIN	SET_COINAGE_ADJ	COIN	1	direct:1	0x00007401	0x00000FDD	CODE:00000FDD                 call    SET_COINAGE_ADJ@COIN
SFENTER66@DRONES	SFENTER66	DRONES	1	direct:1	0x00006771	0x0000676A	CODE:0000676A                 bu      SFENTER66@DRONES
SFREELP@COLLA	SFREELP	COLLA	1	direct:1	0x000023D4	0x000023D8	CODE:000023D8                 bne     SFREELP@COLLA
SF_ENTER2@DRONES	SF_ENTER2	DRONES	1	direct:1	0x00006740	0x00006739	CODE:00006739                 bu      SF_ENTER2@DRONES
SHIFT1@BACKGRND	SHIFT1	BACKGRND	1	direct:1	0x0000405A	0x00004055	CODE:00004055                 blt     SHIFT1@BACKGRND
SHINY_NEWLIST@BACKGRND	SHINY_NEWLIST	BACKGRND	1	direct:1	0x000041DA	0x000041D0	CODE:000041D0                 be      SHINY_NEWLIST@BACKGRND
SHOW_COINAGE@COIN	SHOW_COINAGE	COIN	1	direct:1	0x000074A1	0x00007494	CODE:00007494                 be      SHOW_COINAGE@COIN
SHOW_CREDITS@COIN	SHOW_CREDITS	COIN	1	direct:1	0x000074B0	0x000074AD	CODE:000074AD                 bu      SHOW_CREDITS@COIN
SHOW_INSERTCOINS@COIN	SHOW_INSERTCOINS	COIN	1	direct:1	0x000074D0	0x000074B8	CODE:000074B8                 call    SHOW_INSERTCOINS@COIN
SIGMA_LISTI@SIGMA	SIGMA_LISTI	SIGMA	1	direct:1	0x0000A409	0x0000A435	CODE:0000A435                 ldi     @SIGMA_LISTI@SIGMA,ar2
SIGNFALLI@COLLA	SIGNFALLI	COLLA	1	direct:1	0x0000239B	0x00002313	CODE:00002313                 ldi     @SIGNFALLI@COLLA,ar2 ; LDPI
SIGNFALP0@COLLA	SIGNFALP0	COLLA	1	direct:1	0x000023A3	0x0000239F	CODE:0000239F                 blt     SIGNFALP0@COLLA
SIGNFALP@COLLA	SIGNFALP	COLLA	1	direct:1	0x0000239D	0x000023AD	CODE:000023AD                 blt     SIGNFALP@COLLA
SINE0@MATH	SINE0	MATH	1	direct:1	0x00009531	0x0000952F	CODE:0000952F                 bu      SINE0@MATH
SKIDAMP10@PLYR	SKIDAMP10	PLYR	1	direct:1	0x000030F7	0x000030F4	CODE:000030F4                 bu      SKIDAMP10@PLYR
SKIDFRICI@PLYR	SKIDFRICI	PLYR	1	direct:1	0x00002916	0x00002DD6	CODE:00002DD6                 ldf     @SKIDFRICI@PLYR,r1
SKIDTABI@PLYR	SKIDTABI	PLYR	1	direct:1	0x0000308D	0x000030EE	CODE:000030EE                 ldi     @SKIDTABI@PLYR,ar2
SKIPKEY@INTRO	SKIPKEY	INTRO	1	direct:1	0x00001C8E	0x00001C8B	CODE:00001C8B                 blt     SKIPKEY@INTRO
SNDCLRE@SND	SNDCLRE	SND	1	direct:1	0x00009301	0x000092F2	CODE:000092F2                 be      SNDCLRE@SND
SNDFX@SND	SNDFX	SND	1	direct:1	0x000091B1	0x000091AF	CODE:000091AF                 bu      SNDFX@SND
SNDLD1@SND	SNDLD1	SND	1	direct:1	0x00009222	0x0000921E	CODE:0000921E                 blt     SNDLD1@SND
SNDLDXFX@SND	SNDLDXFX	SND	1	direct:1	0x000091E0	0x000091B9	CODE:000091B9                 be      SNDLDXFX@SND
SNDLP@SND	SNDLP	SND	1	direct:1	0x000092E4	0x000092EB	CODE:000092EB                 bge     SNDLP@SND
SNDPLP@SND	SNDPLP	SND	1	direct:1	0x000092E9	0x000092E5	CODE:000092E5                 be      SNDPLP@SND
SNDUPX@SND	SNDUPX	SND	1	direct:1	0x00009305	0x00009300	CODE:00009300                 bgt     SNDUPX@SND
SOFT11@PLYR	SOFT11	PLYR	1	direct:1	0x00003013	0x0000300E	CODE:0000300E                 bu      SOFT11@PLYR
SOFT21@PLYR	SOFT21	PLYR	1	direct:1	0x0000302E	0x00003029	CODE:00003029                 bu      SOFT21@PLYR
SOFTCRB00@PLYR	SOFTCRB00	PLYR	1	direct:1	0x00003001	0x00002FF3	CODE:00002FF3                 bge     SOFTCRB00@PLYR
SOFTCURB0@PLYR	SOFTCURB0	PLYR	1	direct:1	0x00003005	0x00002FF1	CODE:00002FF1                 be      SOFTCURB0@PLYR
SOFTCURB@PLYR	SOFTCURB	PLYR	1	direct:1	0x00002FE8	0x00002F69	CODE:00002F69                 bne     SOFTCURB@PLYR
SOFTV1@PLYR	SOFTV1	PLYR	1	direct:1	0x00003023	0x0000301E	CODE:0000301E                 blt     SOFTV1@PLYR
SOUNDTIME@ROADKILL	SOUNDTIME	ROADKILL	1	direct:1	0x0000C65C	0x000069A2	CODE:000069A2                 cmpf    @SOUNDTIME@ROADKILL,r0
SPARK_DIE@SMOKE	SPARK_DIE	SMOKE	1	direct:1	0x00008660	0x00008657	CODE:00008657                 be      SPARK_DIE@SMOKE
SPDCON@PLYR	SPDCON	PLYR	1	direct:1	0x00002B92	0x00002B84	CODE:00002B84                 mpyf    @SPDCON@PLYR,r2
SPINB0@COLLA	SPINB0	COLLA	1	direct:1	0x00002809	0x00002807	CODE:00002807                 bne     SPINB0@COLLA
SPINBUMP1@COLLA	SPINBUMP1	COLLA	1	direct:1	0x0000280F	0x0000280D	CODE:0000280D                 bne     SPINBUMP1@COLLA
SPINBX@COLLA	SPINBX	COLLA	1	direct:1	0x00002814	0x00002810	CODE:00002810                 be      SPINBX@COLLA
SPINFRICI@PLYR	SPINFRICI	PLYR	1	direct:1	0x00002917	0x00002D8F	CODE:00002D8F                 ldf     @SPINFRICI@PLYR,r3
SPINLX@PLYR	SPINLX	PLYR	1	direct:1	0x00002D3D	0x00002D1C	CODE:00002D1C                 bu      SPINLX@PLYR
SPINREC0@PLYR	SPINREC0	PLYR	1	direct:1	0x00002D3F	0x00002D3B	CODE:00002D3B                 blt     SPINREC0@PLYR
SPINREC@PLYR	SPINREC	PLYR	1	direct:1	0x00002D40	0x00002D17	CODE:00002D17                 ble     SPINREC@PLYR
SPINSPEEDF@ROADKILL	SPINSPEEDF	ROADKILL	1	direct:1	0x0000C662	0x00006AC2	CODE:00006AC2                 ldf     @SPINSPEEDF@ROADKILL,r1
SPINTM0@COLLA	SPINTM0	COLLA	1	direct:1	0x000027E5	0x000027E3	CODE:000027E3                 bge     SPINTM0@COLLA
SPINTM1@COLLA	SPINTM1	COLLA	1	direct:1	0x000027F0	0x000027EB	CODE:000027EB                 bgt     SPINTM1@COLLA
SPINXX@COLLA	SPINXX	COLLA	1	direct:1	0x00002817	0x000027B5	CODE:000027B5                 bu      SPINXX@COLLA
SPINXXX@COLLA	SPINXXX	COLLA	1	direct:1	0x0000281C	0x00002819	CODE:00002819                 bge     SPINXXX@COLLA
SR0@HSTDP	SR0	HSTDP	1	direct:1	0x00003659	0x00003660	CODE:00003660                 bhs     SR0@HSTDP
SS1@SMOKE	SS1	SMOKE	1	direct:1	0x00008620	0x00008655	CODE:00008655                 blt     SS1@SMOKE
SSANI_LOOP@SMOKE	SSANI_LOOP	SMOKE	1	direct:1	0x0000861E	0x0000865F	CODE:0000865F                 br      SSANI_LOOP@SMOKE
SSGD2@DIAG	SSGD2	DIAG	1	direct:1	0x00000ECA	0x00000ECF	CODE:00000ECF                 ldi     @SSGD2@DIAG,ar3
SSGD@DIAG	SSGD	DIAG	1	direct:1	0x00000EC9	0x00000ECE	CODE:00000ECE                 ldi     @SSGD@DIAG,ar2
SSLOOPEND@SMOKE	SSLOOPEND	SMOKE	1	direct:1	0x0000858F	0x00008581	CODE:00008581                 bne     SSLOOPEND@SMOKE
SSLP@DIAG	SSLP	DIAG	1	direct:1	0x0000081D	0x00000873	CODE:00000873                 bu      SSLP@DIAG
STANDARD_PRICING_MENU_ptr_0000C8BD@DIAG	STANDARD_PRICING_MENU_ptr_0000C8BD	DIAG	1	direct:1	0x0000C8BD	0x00000FC4	CODE:00000FC4                 ldi     @STANDARD_PRICING_MENU_ptr_0000C8BD@DIAG,ar5 ; LDL
startup0_ptr_0000B0C5@CUSA	startup0_ptr_0000B0C5	CUSA	1	direct:1	0x0000B0C5	0x00004F56	CODE:00004F56                 ldi     @startup0_ptr_0000B0C5@CUSA,ar2 ; TEXTIT
startup1_ptr_0000B0C6@CUSA	startup1_ptr_0000B0C6	CUSA	1	direct:1	0x0000B0C6	0x00004F5A	CODE:00004F5A                 ldi     @startup1_ptr_0000B0C6@CUSA,ar2 ; TEXTIT
startup2_ptr_0000B0C7@CUSA	startup2_ptr_0000B0C7	CUSA	1	direct:1	0x0000B0C7	0x00004F5E	CODE:00004F5E                 ldi     @startup2_ptr_0000B0C7@CUSA,ar2 ; TEXTIT
startup3_ptr_0000B0C8@CUSA	startup3_ptr_0000B0C8	CUSA	1	direct:1	0x0000B0C8	0x00004F62	CODE:00004F62                 ldi     @startup3_ptr_0000B0C8@CUSA,ar2 ; TEXTIT
START_NOW_P	START_NOW_P		1	map:1	0x0000E66F	0x000017DE	CODE:000017DE                 ldi     @START_NOW_P,r0
START_POS	START_POS		1	map:1	0x0000E42F	0x00001825	CODE:00001825                 ldf     @START_POS,r0
START_SKIP@COIN	START_SKIP	COIN	1	direct:1	0x000074F6	0x000074E5	CODE:000074E5                 bgt     START_SKIP@COIN
STATE_MASK@CUSA	STATE_MASK	CUSA	1	direct:1	0x00004FD2	0x00004FDC	CODE:00004FDC                 and     @STATE_MASK@CUSA,r2
STATIC_TABLE_ptr_0000C79F@MEMTEST	STATIC_TABLE_ptr_0000C79F	MEMTEST	1	direct:1	0x0000C79F	0x0000650B	CODE:0000650B                 ldi     @STATIC_TABLE_ptr_0000C79F@MEMTEST,ar4 ; LDL
STATION_LISTI@SND	STATION_LISTI	SND	1	direct:1	0x000090CF	0x00009133	CODE:00009133                 addi    @STATION_LISTI@SND,ar2
STATION_TIMEOUT@SND	STATION_TIMEOUT	SND	1	direct:1	0x0000E944	0x00009125	CODE:00009125                 sti     r0,@STATION_TIMEOUT@SND
STEERI	STEERI		1	direct:1	0x00002E87	0x00002EB2	CODE:00002EB2                 mpyf    @STEERI,r0
STLP2@TEXT	STLP2	TEXT	1	direct:1	0x00007A57	0x00007A54	CODE:00007A54                 bne     STLP2@TEXT
STOPBUFFI@HUD	STOPBUFFI	HUD	1	direct:1	0x00009D0D	0x00009DFE	CODE:00009DFE                 ldi     @STOPBUFFI@HUD,ar2
STP@DIAG	STP	DIAG	1	direct:1	0x00000FE1	0x00000FDE	CODE:00000FDE                 ldi     @STP@DIAG,ar2
STRLENNCHAR@TEXT	STRLENNCHAR	TEXT	1	direct:1	0x00007A6C	0x00007A5E	CODE:00007A5E                 be      STRLENNCHAR@TEXT
STRLENX@TEXT	STRLENX	TEXT	1	direct:1	0x00007A6E	0x00007A5C	CODE:00007A5C                 be      STRLENX@TEXT
STRLP@TEXT	STRLP	TEXT	1	direct:1	0x00007A53	0x00007A6D	CODE:00007A6D                 bu      STRLP@TEXT
STUFFWT@TOTALA	STUFFWT	TOTALA	1	direct:1	0x0000AF0E	0x0000AF10	CODE:0000AF10                 bne     STUFFWT@TOTALA
SWDISP@CUSA	SWDISP	CUSA	1	direct:1	0x00004DF7	0x00004C0F	CODE:00004C0F                 call    SWDISP@CUSA
SWITCHES_DIAGI@DIAG	SWITCHES_DIAGI	DIAG	1	direct:1	0x000008B9	0x000008A7	CODE:000008A7                 ldi     @SWITCHES_DIAGI@DIAG,ar6
SWRAMI@CUSA	SWRAMI	CUSA	1	direct:1	0x00004CFF	0x00004D12	CODE:00004D12                 ldi     @SWRAMI@CUSA,ar0
SWSTX@CUSA	SWSTX	CUSA	1	direct:1	0x00004E0A	0x00004DFA	CODE:00004DFA                 be      SWSTX@CUSA
SWTABI@CUSA	SWTABI	CUSA	1	direct:1	0x00004E0B	0x00004E01	CODE:00004E01                 ldi     @SWTABI@CUSA,ar0
TABLE_ENTRY_WRITE@CMOS	TABLE_ENTRY_WRITE	CMOS	1	direct:1	0x00009B07	0x00009ACC	CODE:00009ACC                 call    TABLE_ENTRY_WRITE@CMOS
TACHOMETER_ANIMATE@HUD	TACHOMETER_ANIMATE	HUD	1	direct:1	0x00009E4D	0x00009D2A	CODE:00009D2A                 call    TACHOMETER_ANIMATE@HUD
TACHOMETER_PAL_ptr_0000B1F5@HUD	TACHOMETER_PAL_ptr_0000B1F5	HUD	1	direct:1	0x0000B1F5	0x00009E4E	CODE:00009E4E                 ldi     @TACHOMETER_PAL_ptr_0000B1F5@HUD,ar1 ; LDL
TACHOMETER_PAL_ptr_0000B1F6@HUD	TACHOMETER_PAL_ptr_0000B1F6	HUD	1	direct:1	0x0000B1F6	0x00009E5D	CODE:00009E5D                 ldi     @TACHOMETER_PAL_ptr_0000B1F6@HUD,ar1 ; LDL
TACHOMETER_PAL_ptr_0000B1F7@HUD	TACHOMETER_PAL_ptr_0000B1F7	HUD	1	direct:1	0x0000B1F7	0x00009E67	CODE:00009E67                 ldi     @TACHOMETER_PAL_ptr_0000B1F7@HUD,ar2 ; LDL
TACH_GRADIENT_ptr_0000B1F4@HUD	TACH_GRADIENT_ptr_0000B1F4	HUD	1	direct:1	0x0000B1F4	0x00009E4D	CODE:00009E4D                 ldi     @TACH_GRADIENT_ptr_0000B1F4@HUD,ar0 ; LDL
TESTING_CHIPS_ptr_0000C794@MEMTEST	TESTING_CHIPS_ptr_0000C794	MEMTEST	1	direct:1	0x0000C794	0x000063C3	CODE:000063C3                 ldi     @TESTING_CHIPS_ptr_0000C794@MEMTEST,ar4 ; LDL
TESTLP1@MEMTEST	TESTLP1	MEMTEST	1	direct:1	0x000063C4	0x000063FA	CODE:000063FA                 bne     TESTLP1@MEMTEST
testor_blue_ptr_0000C75A@WAVE	testor_blue_ptr_0000C75A	WAVE	1	direct:1	0x0000C75A	0x0000951E	CODE:0000951E                 ldi     @testor_blue_ptr_0000C75A@WAVE,ar2 ; LDL
testor_grape_ptr_0000C75B@WAVE	testor_grape_ptr_0000C75B	WAVE	1	direct:1	0x0000C75B	0x00009520	CODE:00009520                 ldi     @testor_grape_ptr_0000C75B@WAVE,ar2 ; LDL
TEST_BASICS@MEMTEST	TEST_BASICS	MEMTEST	1	direct:1	0x00006478	0x000063BD	CODE:000063BD                 call    TEST_BASICS@MEMTEST
TEST_CHIPSX@MEMTEST	TEST_CHIPSX	MEMTEST	1	direct:1	0x000063FB	0x000063D4	CODE:000063D4                 be      TEST_CHIPSX@MEMTEST
TEWL1@CMOS	TEWL1	CMOS	1	direct:1	0x00009B1A	0x00009B15	CODE:00009B15                 bu      TEWL1@CMOS
TEXTTABLEFIXEDI@TEXT	TEXTTABLEFIXEDI	TEXT	1	direct:1	0x0000796D	0x00007A47	CODE:00007A47                 ldi     @TEXTTABLEFIXEDI@TEXT,r0
TEXTTOG@BONUS	TEXTTOG	BONUS	1	direct:1	0x00003EDD	0x00003EBF	CODE:00003EBF                 call    TEXTTOG@BONUS
TEXT_FREEZE	TEXT_FREEZE		1	direct:1	0x0000E94C	0x00007AD3	CODE:00007AD3                 ldi     @TEXT_FREEZE,r0
TEXT_LISTI@TEXT	TEXT_LISTI	TEXT	1	direct:1	0x0000796B	0x00007973	CODE:00007973                 ldi     @TEXT_LISTI@TEXT,ar2 ; alts: TEXT_INIT@TEXT
THIS_PIECE@SIGMA	THIS_PIECE	SIGMA	1	direct:1	0x0000A4EA	0x0000A4E2	CODE:0000A4E2                 bgt     THIS_PIECE@SIGMA
TIBO_ptr_0000B171@ERROR	TIBO_ptr_0000B171	ERROR	1	direct:1	0x0000B171	0x0000ABEC	CODE:0000ABEC                 ldi     @TIBO_ptr_0000B171@ERROR,ar2 ; LDL
TIMEL1@CUSA	TIMEL1	CUSA	1	direct:1	0x00004F2F	0x00004F1F	CODE:00004F1F                 bne     TIMEL1@CUSA
TIMELP@CUSA	TIMELP	CUSA	1	direct:1	0x00004F2C	0x00004F27	CODE:00004F27                 rptb    TIMELP@CUSA
TIMER_PERIOD1@CUSA	TIMER_PERIOD1	CUSA	1	set:1	0x00808028	0x00004B67	CODE:00004B67                 sti     r0,@TIMER_PERIOD1@CUSA ; Timer 0 period
time_ptr_0000B1D1@HUD	time_ptr_0000B1D1	HUD	1	direct:1	0x0000B1D1	0x00009DA8	CODE:00009DA8                 ldi     @time_ptr_0000B1D1@HUD,ar2 ; LDL
title_ptr_0000C84B@DIAG	title_ptr_0000C84B	DIAG	1	direct:1	0x0000C84B	0x00000A5A	CODE:00000A5A                 ldi     @title_ptr_0000C84B@DIAG,ar2 ; TEXTIT
TMATRIXI@COLLA	TMATRIXI	COLLA	1	direct:1	0x00001F8A	0x000020D9	CODE:000020D9                 ldi     @TMATRIXI@COLLA,ar3 ; LDPI
TMP886@INTRO	TMP886	INTRO	1	direct:1	0x00001919	0x00001913	CODE:00001913                 bu      TMP886@INTRO
TMS_LP@SMOKE	TMS_LP	SMOKE	1	direct:1	0x0000870C	0x00008715	CODE:00008715                 bne     TMS_LP@SMOKE
toexit_ptr_0000C813@DIAG	toexit_ptr_0000C813	DIAG	1	direct:1	0x0000C813	0x000006AB	CODE:000006AB                 ldi     @toexit_ptr_0000C813@DIAG,ar2 ; TEXTIT
TOSTART_STRING@COIN	TOSTART_STRING	COIN	1	direct:1	0x0000758F	0x00007575	CODE:00007575                 call    TOSTART_STRING@COIN
tower_bgrey_ptr_0000C64A@WAVE	tower_bgrey_ptr_0000C64A	WAVE	1	direct:1	0x0000C64A	0x0000ADB3	CODE:0000ADB3                 ldi     @tower_bgrey_ptr_0000C64A@WAVE,ar2 ; LDL
TPALI@CUSA	TPALI	CUSA	1	direct:1	0x00004FBE	0x00004F8D	CODE:00004F8D                 ldie    @TPALI@CUSA,ar2
TPALNI@CUSA	TPALNI	CUSA	1	direct:1	0x00004FBF	0x00004F8E	CODE:00004F8E                 ldine   @TPALNI@CUSA,ar2
TRANS2D@DIRQ	TRANS2D	DIRQ	1	direct:1	0x00000169	0x000000F5	CODE:000000F5                 bne     TRANS2D@DIRQ
TRANS_RET@DIRQ	TRANS_RET	DIRQ	1	direct:1	0x000000A6	0x0000009F	CODE:0000009F                 bud     TRANS_RET@DIRQ
TREESHAKI@COLLA	TREESHAKI	COLLA	1	direct:1	0x000023AF	0x000022A6	CODE:000022A6                 ldi     @TREESHAKI@COLLA,ar2 ; LDPI
TRIVIAL_REJECTION@DIRQ	TRIVIAL_REJECTION	DIRQ	1	direct:1	0x000000BA	0x000000AC	CODE:000000AC                 bud     TRIVIAL_REJECTION@DIRQ
TUNCHK@PLYR	TUNCHK	PLYR	1	direct:1	0x00002F43	0x00002F66	CODE:00002F66                 call    TUNCHK@PLYR
TUNOFF@PLYR	TUNOFF	PLYR	1	direct:1	0x0000312A	0x00003121	CODE:00003121                 be      TUNOFF@PLYR
TUNSNDX@PLYR	TUNSNDX	PLYR	1	direct:1	0x0000312C	0x00003129	CODE:00003129                 bu      TUNSNDX@PLYR
TXTOUT@TEXT	TXTOUT	TEXT	1	direct:1	0x00007AF6	0x00007AF2	CODE:00007AF2                 bu      TXTOUT@TEXT
UHNO2@BACKGRND	UHNO2	BACKGRND	1	direct:1	0x00004171	0x0000416B	CODE:0000416B                 be      UHNO2@BACKGRND
UHNO@BACKGRND	UHNO	BACKGRND	1	direct:1	0x0000418E	0x00004188	CODE:00004188                 be      UHNO@BACKGRND
ULL1@MOTION	ULL1	MOTION	1	direct:1	0x00004A9C	0x00004A97	CODE:00004A97                 be      ULL1@MOTION
ULL2@MOTION	ULL2	MOTION	1	direct:1	0x00004AA3	0x00004A9E	CODE:00004A9E                 be      ULL2@MOTION
ULL3@MOTION	ULL3	MOTION	1	direct:1	0x00004AAA	0x00004AA5	CODE:00004AA5                 be      ULL3@MOTION
UMT@DIAG	UMT	DIAG	1	direct:1	0x00000A45	0x00000A48	CODE:00000A48                 ldi     @UMT@DIAG,ar7
UNLINK@SMOKE	UNLINK	SMOKE	1	direct:1	0x00008587	0x00008583	CODE:00008583                 bne     UNLINK@SMOKE
UPDATE_LASTHS@CMOS	UPDATE_LASTHS	CMOS	1	direct:1	0x00009AAA	0x00009B6B	CODE:00009B6B                 call    UPDATE_LASTHS@CMOS
UPLP@INTRO	UPLP	INTRO	1	direct:1	0x00001DC4	0x00001DCE	CODE:00001DCE                 bu      UPLP@INTRO
UPPER_LIMIT_ERROR@MOTION	UPPER_LIMIT_ERROR	MOTION	1	direct:1	0x00004A83	0x000045B7	CODE:000045B7                 bu      UPPER_LIMIT_ERROR@MOTION
USE_STANDARD@COIN	USE_STANDARD	COIN	1	direct:1	0x000073D1	0x000073CE	CODE:000073CE                 be      USE_STANDARD@COIN
UTILITIES_MENU_ptr_0000C849@DIAG	UTILITIES_MENU_ptr_0000C849	DIAG	1	direct:1	0x0000C849	0x00000A46	CODE:00000A46                 ldi     @UTILITIES_MENU_ptr_0000C849@DIAG,ar5 ; LDL
VAALP2@CMOS	VAALP2	CMOS	1	direct:1	0x000099D7	0x000099DE	CODE:000099DE                 blt     VAALP2@CMOS
VAALP3@CMOS	VAALP3	CMOS	1	direct:1	0x000099FA	0x000099FF	CODE:000099FF                 blt     VAALP3@CMOS
VAALP@CMOS	VAALP	CMOS	1	direct:1	0x000099B6	0x000099C4	CODE:000099C4                 blt     VAALP@CMOS
VANIX@DELTA	VANIX	DELTA	1	direct:1	0x0000AED0	0x0000AEA3	CODE:0000AEA3                 bne     VANIX@DELTA
VANIX@UTIL	VANIX	UTIL	1	direct:1	0x00008F8C	0x00008F6C	CODE:00008F6C                 be      VANIX@UTIL
VECTORAYI@DIRQ	VECTORAYI	DIRQ	1	direct:1	0x00000061	0x000001CA	CODE:000001CA                 ldi     @VECTORAYI@DIRQ,ar7
VECTORBI	VECTORBI		1	direct:1	0x0000005E	0x00005524	CODE:00005524                 ldi     @VECTORBI,ar5
VECTORCI	VECTORCI		1	direct:1	0x0000005F	0x000082BC	CODE:000082BC                 ldi     @VECTORCI,ar1
VERIFY_ADJUSTMENTS_ACCURACY@CMOS	VERIFY_ADJUSTMENTS_ACCURACY	CMOS	1	direct:1	0x000099AC	0x0000999A	CODE:0000999A                 call    VERIFY_ADJUSTMENTS_ACCURACY@CMOS
VERIFY_ADJUSTMENTS_ACCURACYTAB_ptr_0000C763@CMOS	VERIFY_ADJUSTMENTS_ACCURACYTAB_ptr_0000C763	CMOS	1	direct:1	0x0000C763	0x000099B5	CODE:000099B5                 ldi     @VERIFY_ADJUSTMENTS_ACCURACYTAB_ptr_0000C763@CMOS,ar6 ; LDL
VERIFY_ADJUSTMENTS_ACCURACYTAB_ptr_0000C764@CMOS	VERIFY_ADJUSTMENTS_ACCURACYTAB_ptr_0000C764	CMOS	1	direct:1	0x0000C764	0x000099D6	CODE:000099D6                 ldi     @VERIFY_ADJUSTMENTS_ACCURACYTAB_ptr_0000C764@CMOS,ar6 ; LDL
VERIFY_ADJUSTMENTS_ACCURACYTAB_ptr_0000C765@CMOS	VERIFY_ADJUSTMENTS_ACCURACYTAB_ptr_0000C765	CMOS	1	direct:1	0x0000C765	0x000099E0	CODE:000099E0                 ldi     @VERIFY_ADJUSTMENTS_ACCURACYTAB_ptr_0000C765@CMOS,ar2 ; LDL
VERSION_STAMP_ptr_0000B0CA@CUSA	VERSION_STAMP_ptr_0000B0CA	CUSA	1	direct:1	0x0000B0CA	0x00004F6C	CODE:00004F6C                 ldi     @VERSION_STAMP_ptr_0000B0CA@CUSA,ar2 ; TEXTIT
VERSION_STAMP_ptr_0000C79C@CUSA	VERSION_STAMP_ptr_0000C79C	CUSA	1	direct:1	0x0000C79C	0x000064EA	CODE:000064EA                 ldi     @VERSION_STAMP_ptr_0000C79C@CUSA,ar2 ; TEXTIT
VERSION_UPDATE@CUSA	VERSION_UPDATE	CUSA	1	direct:1	0x0000502B	0x00004BBD	CODE:00004BBD                 bne     VERSION_UPDATE@CUSA
VIEW1I	VIEW1I		1	direct:1	0x0000C64C	0x00002A48	CODE:00002A48                 ldi     @VIEW1I,ar2
VL@COLLA	VL	COLLA	1	direct:1	0x0000E5A7	0x00002178	CODE:00002178                 sti     ar1,@VL@COLLA
VLCOLL@COLLA	VLCOLL	COLLA	1	direct:1	0x00002175	0x00002169	CODE:00002169                 ble     VLCOLL@COLLA
VOLJN@CUSA	VOLJN	CUSA	1	direct:1	0x00004D62	0x00004D4D	CODE:00004D4D                 bu      VOLJN@CUSA
VOLUME_COUNT_ptr_0000B154@COIN	VOLUME_COUNT_ptr_0000B154	COIN	1	direct:1	0x0000B154	0x000075CC	CODE:000075CC                 ldi     @VOLUME_COUNT_ptr_0000B154@COIN,ar2 ; LDL
VOLUME_TXT_ptr_0000B155@COIN	VOLUME_TXT_ptr_0000B155	COIN	1	direct:1	0x0000B155	0x000075D3	CODE:000075D3                 ldi     @VOLUME_TXT_ptr_0000B155@COIN,ar2 ; LDL
VOL_MINUS@CUSA	VOL_MINUS	CUSA	1	direct:1	0x00004D39	0x00004D37	CODE:00004D37                 callne  VOL_MINUS@CUSA
VOL_PLUS@CUSA	VOL_PLUS	CUSA	1	direct:1	0x00004D4E	0x00004D35	CODE:00004D35                 callne  VOL_PLUS@CUSA
WAIT1@CUSA	WAIT1	CUSA	1	direct:1	0x00004ED9	0x00004EDA	CODE:00004EDA                 be      WAIT1@CUSA
WAITIT@SND	WAITIT	SND	1	direct:1	0x00009180	0x0000917F	CODE:0000917F                 rptb    WAITIT@SND
WAIT_ACK_LOOP@MOTION	WAIT_ACK_LOOP	MOTION	1	direct:1	0x00004A66	0x00004A6E	CODE:00004A6E                 bu      WAIT_ACK_LOOP@MOTION
WALLS1@SMOKE	WALLS1	SMOKE	1	direct:1	0x000086D8	0x000086D3	CODE:000086D3                 br      WALLS1@SMOKE
WAR0@MOTION	WAR0	MOTION	1	direct:1	0x00004A77	0x00004A7B	CODE:00004A7B                 bu      WAR0@MOTION
WAR1@MOTION	WAR1	MOTION	1	direct:1	0x00004A7C	0x00004A78	CODE:00004A78                 blo     WAR1@MOTION
WAR1L@MOTION	WAR1L	MOTION	1	direct:1	0x00004A7D	0x00004A81	CODE:00004A81                 bu      WAR1L@MOTION
WATERPOSI@INFIN	WATERPOSI	INFIN	1	direct:1	0x00008469	0x0000842E	CODE:0000842E                 ldi     @WATERPOSI@INFIN,ar5
WATER_INFINITY@INFIN	WATER_INFINITY	INFIN	1	direct:1	0x0000840A	0x00008352	CODE:00008352                 callne  WATER_INFINITY@INFIN
WHEELLP@DELTA	WHEELLP	DELTA	1	direct:1	0x0000AEBB	0x0000AEAB	CODE:0000AEAB                 rptb    WHEELLP@DELTA
WHEELLP@UTIL	WHEELLP	UTIL	1	direct:1	0x00008F84	0x00008F73	CODE:00008F73                 rptb    WHEELLP@UTIL
WHEELVEL	WHEELVEL		1	direct:1	0x0000C91C	0x00009347	CODE:00009347                 stf     r0,@WHEELVEL
WL2A@AUDITS	WL2A	AUDITS	1	direct:1	0x0000151F	0x00001548	CODE:00001548                 bu      WL2A@AUDITS
WRECK1@RACER	WRECK1	RACER	1	direct:1	0x000055B1	0x000055A9	CODE:000055A9                 be      WRECK1@RACER
WRECKSLP@RACER	WRECKSLP	RACER	1	direct:1	0x000055C2	0x000055BE	CODE:000055BE                 bne     WRECKSLP@RACER
WT500X@MOTION	WT500X	MOTION	1	direct:1	0x000046A2	0x000046A0	CODE:000046A0                 bne     WT500X@MOTION
WT5@DIAG	WT5	DIAG	1	direct:1	0x00000FB1	0x00000FB6	CODE:00000FB6                 be      WT5@DIAG
wta@DIAG	wta	DIAG	1	direct:1	0x00000AB0	0x00000AB5	CODE:00000AB5                 bne     wta@DIAG
WTLP@COMM	WTLP	COMM	1	direct:1	0x000080E2	0x000080E4	CODE:000080E4                 bne     WTLP@COMM
WTLPI@COMM	WTLPI	COMM	1	direct:1	0x00008114	0x00008117	CODE:00008117                 be      WTLPI@COMM
WTLPMI2@COMM	WTLPMI2	COMM	1	direct:1	0x00007FD6	0x00007FDB	CODE:00007FDB                 bne     WTLPMI2@COMM
WTLPMI3@COMM	WTLPMI3	COMM	1	direct:1	0x00007FE5	0x00007FE8	CODE:00007FE8                 be      WTLPMI3@COMM
WTMLP@MOTION	WTMLP	MOTION	1	direct:1	0x000049A3	0x000049A4	CODE:000049A4                 bge     WTMLP@MOTION
WTT5@DIAG	WTT5	DIAG	1	direct:1	0x00000FB7	0x00000FB2	CODE:00000FB2                 blt     WTT5@DIAG
wtta@DIAG	wtta	DIAG	1	direct:1	0x00000AB9	0x00000AB1	CODE:00000AB1                 blt     wtta@DIAG
WTTT5@DIAG	WTTT5	DIAG	1	direct:1	0x00000FBD	0x00000FB8	CODE:00000FB8                 bne     WTTT5@DIAG
WVWRLP2@COMP	WVWRLP2	COMP	1	direct:1	0x0000A316	0x0000A312	CODE:0000A312                 rptb    WVWRLP2@COMP
XIT_MENU_TO_MAIN@DIAG	XIT_MENU_TO_MAIN	DIAG	1	direct:1	0x00000AE0	0x00000A9C	CODE:00000A9C                 call    XIT_MENU_TO_MAIN@DIAG
XQ_ptr_0000C7CB@MOTION	XQ_ptr_0000C7CB	MOTION	1	direct:1	0x0000C7CB	0x00004765	CODE:00004765                 ldi     @XQ_ptr_0000C7CB@MOTION,ar2 ; LDL
yelhd1_ptr_0000B259@INTRO	yelhd1_ptr_0000B259	INTRO	1	direct:1	0x0000B259	0x00001DFA	CODE:00001DFA                 ldi     @yelhd1_ptr_0000B259@INTRO,ar2 ; LDL
YOURLOSTTXT_ptr_0000B1BD@HUD	YOURLOSTTXT_ptr_0000B1BD	HUD	1	direct:1	0x0000B1BD	0x00009D4A	CODE:00009D4A                 ldi     @YOURLOSTTXT_ptr_0000B1BD@HUD,ar2 ; LDL
ZCLIP@DIRQ	ZCLIP	DIRQ	1	direct:1	0x000005ED	0x000005B9	CODE:000005B9                 bgt     ZCLIP@DIRQ
ZOOMDN1@PLYR	ZOOMDN1	PLYR	1	direct:1	0x00002EF5	0x00002EF2	CODE:00002EF2                 bne     ZOOMDN1@PLYR
ZOOMDN@PLYR	ZOOMDN	PLYR	1	direct:1	0x00002EF1	0x00002EED	CODE:00002EED                 bge     ZOOMDN@PLYR
ZOOMUPX@PLYR	ZOOMUPX	PLYR	1	direct:1	0x00002EFC	0x00002EE7	CODE:00002EE7                 be      ZOOMUPX@PLYR
ZOOMX@PLYR	ZOOMX	PLYR	1	direct:1	0x00002EE4	0x00002EDF	CODE:00002EDF                 bne     ZOOMX@PLYR
ZSORTA1P@OBJ	ZSORTA1P	OBJ	1	direct:1	0x000072DE	0x000072FB	CODE:000072FB                 bne     ZSORTA1P@OBJ
ZWPRIOK@OBJ	ZWPRIOK	OBJ	1	direct:1	0x000071CE	0x000071C1	CODE:000071C1                 bge     ZWPRIOK@OBJ
ZZZ1@COLLA	ZZZ1	COLLA	1	direct:1	0x000026FC	0x000026F9	CODE:000026F9                 bne     ZZZ1@COLLA
_ATTR_WAVETABI@WAVE	_ATTR_WAVETABI	WAVE	1	direct:1	0x0000935F	0x0000935B	CODE:0000935B                 addi    @_ATTR_WAVETABI@WAVE,ar0
_font1I@FONT1A	_font1I	FONT1A	1	direct:1	0x0000A75B	0x0000A831	CODE:0000A831                 addi    @_font1I@FONT1A,ar0
_PALLISTI	_PALLISTI		1	direct:1	0x00000062	0x0000029A	CODE:0000029A                 ldi     @_PALLISTI,bk
_SECgeneral_ptr_0000B0C1@CUSA	_SECgeneral_ptr_0000B0C1	CUSA	1	direct:1	0x0000B0C1	0x00004B93	CODE:00004B93                 ldi     @_SECgeneral_ptr_0000B0C1@CUSA,ar2 ; LDL
_SEChead2head_ptr_0000B0C2@CUSA	_SEChead2head_ptr_0000B0C2	CUSA	1	direct:1	0x0000B0C2	0x00004B98	CODE:00004B98                 ldi     @_SEChead2head_ptr_0000B0C2@CUSA,ar2 ; LDL
_SECpress_ptr_0000B0C3@CUSA	_SECpress_ptr_0000B0C3	CUSA	1	direct:1	0x0000B0C3	0x00004B9E	CODE:00004B9E                 ldi     @_SECpress_ptr_0000B0C3@CUSA,ar2 ; LDL
_SECpress_ptr_0000C737@WAVE	_SECpress_ptr_0000C737	WAVE	1	direct:1	0x0000C737	0x0000939D	CODE:0000939D                 ldi     @_SECpress_ptr_0000C737@WAVE,ar2 ; LDL
_SECpress_ptr_0000C73E@WAVE	_SECpress_ptr_0000C73E	WAVE	1	direct:1	0x0000C73E	0x000093C6	CODE:000093C6                 ldi     @_SECpress_ptr_0000C73E@WAVE,ar2 ; LDL
_SECshared_ptr_0000B0BF@CUSA	_SECshared_ptr_0000B0BF	CUSA	1	direct:1	0x0000B0BF	0x00004B89	CODE:00004B89                 ldi     @_SECshared_ptr_0000B0BF@CUSA,ar2 ; LDL
_SECskys_ptr_0000B0C0@CUSA	_SECskys_ptr_0000B0C0	CUSA	1	direct:1	0x0000B0C0	0x00004B8D	CODE:00004B8D                 ldi     @_SECskys_ptr_0000B0C0@CUSA,ar2 ; LDL
