label	label_norm	module	kind	address	status	src_first5	rom_first5
COLORAM	COLORAM		data	0x00000000	OK		
_CAMERAMATRIX	_CAMERAMATRIX		data	0x00000000	OK		
_CAMERAPOS	_CAMERAPOS		data	0x00000000	OK		
_CAMERARAD	_CAMERARAD		data	0x00000000	OK		
_MATRIXA	_MATRIXA		data	0x00000000	OK		
_VECTORA	_VECTORA		data	0x00000000	OK		
vec_int0_display	vec_int0_display		data	0x00000001	OK		
vec_int1_tv30	vec_int1_tv30		data	0x00000002	OK		
vec_int2_comm	vec_int2_comm		data	0x00000003	OK		
vec_int3_atod	vec_int3_atod		data	0x00000004	OK		
vec_xint0	vec_xint0		data	0x00000005	OK		
vec_rint0	vec_rint0		data	0x00000006	OK		
vec_xint1	vec_xint1		data	0x00000007	OK		
vec_rint1	vec_rint1		data	0x00000008	OK		
vec_tint0	vec_tint0		data	0x00000009	OK		
vec_tint1	vec_tint1		data	0x0000000A	OK		
vec_dint	vec_dint		data	0x0000000B	OK		
vec_0C	vec_0C		data	0x0000000C	OK		
vec_0D	vec_0D		data	0x0000000D	OK		
vec_0E	vec_0E		data	0x0000000E	OK		
vec_0F	vec_0F		data	0x0000000F	OK		
vec_10	vec_10		data	0x00000010	OK		
vec_11	vec_11		data	0x00000011	OK		
vec_12	vec_12		data	0x00000012	OK		
vec_13	vec_13		data	0x00000013	OK		
vec_14	vec_14		data	0x00000014	OK		
vec_15	vec_15		data	0x00000015	OK		
vec_16	vec_16		data	0x00000016	OK		
vec_17	vec_17		data	0x00000017	OK		
vec_18	vec_18		data	0x00000018	OK		
vec_19	vec_19		data	0x00000019	OK		
vec_1A	vec_1A		data	0x0000001A	OK		
vec_1B	vec_1B		data	0x0000001B	OK		
vec_1C	vec_1C		data	0x0000001C	OK		
vec_1D	vec_1D		data	0x0000001D	OK		
vec_1E	vec_1E		data	0x0000001E	OK		
vec_1F	vec_1F		data	0x0000001F	OK		
vec_20	vec_20		data	0x00000020	OK		
vec_21	vec_21		data	0x00000021	OK		
vec_22	vec_22		data	0x00000022	OK		
vec_23	vec_23		data	0x00000023	OK		
vec_24	vec_24		data	0x00000024	OK		
vec_25	vec_25		data	0x00000025	OK		
vec_26	vec_26		data	0x00000026	OK		
vec_27	vec_27		data	0x00000027	OK		
vec_28	vec_28		data	0x00000028	OK		
vec_29	vec_29		data	0x00000029	OK		
vec_2A	vec_2A		data	0x0000002A	OK		
vec_2B	vec_2B		data	0x0000002B	OK		
vec_2C	vec_2C		data	0x0000002C	OK		
vec_2D	vec_2D		data	0x0000002D	OK		
vec_2E	vec_2E		data	0x0000002E	OK		
vec_2F	vec_2F		data	0x0000002F	OK		
vec_30	vec_30		data	0x00000030	OK		
vec_31	vec_31		data	0x00000031	OK		
vec_32	vec_32		data	0x00000032	OK		
vec_33	vec_33		data	0x00000033	OK		
vec_34	vec_34		data	0x00000034	OK		
vec_35	vec_35		data	0x00000035	OK		
vec_36	vec_36		data	0x00000036	OK		
vec_37	vec_37		data	0x00000037	OK		
vec_38	vec_38		data	0x00000038	OK		
vec_39	vec_39		data	0x00000039	OK		
vec_3A	vec_3A		data	0x0000003A	OK		
vec_3B	vec_3B		data	0x0000003B	OK		
vec_3C	vec_3C		data	0x0000003C	OK		
vec_3D	vec_3D		data	0x0000003D	OK		
vec_3E	vec_3E		data	0x0000003E	OK		
vec_3F	vec_3F		data	0x0000003F	OK		
OACTIVEI	OACTIVEI		data	0x00000040	OK		
IDLE_LISTI	IDLE_LISTI		data	0x00000041	OK		
dnums_p	dnums_p@TEXT	TEXT	data	0x00000041	OK		
OACTIVE_PRIORITYI	OACTIVE_PRIORITYI		data	0x00000042	OK		
OLOW_PRIORITYI	OLOW_PRIORITYI@DIRQ	DIRQ	data	0x00000043	OK		
ommdfont_p	ommdfont_p@TEXT	TEXT	data	0x00000043	OK		
OHIGH_PRIORITYI	OHIGH_PRIORITYI		data	0x00000044	OK		
font18_p	font18_p@TEXT	TEXT	data	0x00000044	OK		
CAMERAPOSI	CAMERAPOSI		data	0x00000045	OK		
lgnum43_p	lgnum43_p@TEXT	TEXT	data	0x00000045	OK		
CAMERAMATRIXI	CAMERAMATRIXI		data	0x00000047	OK		
ASHADOW	ASHADOW		data	0x00000048	OK		
LOCTEMPER_MATI	LOCTEMPER_MATI		data	0x0000004A	OK		
transmatrixI	transmatrixI		data	0x0000004B	OK		
transvectorYI	transvectorYI		data	0x0000004C	OK		
POSTERMATI	POSTERMATI		data	0x0000004D	OK		
POSTERMAT2DI	POSTERMAT2DI@DIRQ	DIRQ	data	0x0000004E	OK		
BLOWLISTI	BLOWLISTI		data	0x0000004F	OK		
tmpmatI	tmpmatI		data	0x00000050	OK		
tmpmatY	tmpmatY		data	0x00000051	OK		
INVTABI	INVTABI		data	0x00000052	OK		
SCRNHXI	SCRNHXI		data	0x00000053	OK		
SCRNHYI	SCRNHYI		data	0x00000054	OK		
HIGH_CLIP_LEV8	HIGH_CLIP_LEV8		data	0x00000055	OK		
DRIVE_LISTI	DRIVE_LISTI		data	0x00000056	OK		
CAR_LISTI	CAR_LISTI		data	0x00000057	OK		
SIGN_LISTI	SIGN_LISTI		data	0x00000058	OK		
GROUND_LISTI	GROUND_LISTI		data	0x00000059	OK		
MATRIXAI	MATRIXAI		data	0x0000005A	OK		
MATRIXBI	MATRIXBI		data	0x0000005B	OK		
MATRIXCI	MATRIXCI		data	0x0000005C	OK		
VECTORAI	VECTORAI		data	0x0000005D	OK		
VECTORBI	VECTORBI		data	0x0000005E	OK		
VECTORCI	VECTORCI		data	0x0000005F	OK		
VECTORAYI	VECTORAYI@DIRQ	DIRQ	data	0x00000061	OK		
PALLISTI	PALLISTI		data	0x00000062	OK		
_PALLISTI	_PALLISTI		data	0x00000062	OK		
FASTSTKI	FASTSTKI		data	0x00000063	OK		
DIRQ	DIRQ		code	0x00000064	OK		
NEXTOBJ	NEXTOBJ@DIRQ	DIRQ	label	0x00000091	OK		
NOBREAK_CONTINUE	NOBREAK_CONTINUE@DIRQ	DIRQ	label	0x00000097	OK		
TRANS_RET	TRANS_RET@DIRQ	DIRQ	label	0x000000A6	OK		
TRIVIAL_REJECTION	TRIVIAL_REJECTION@DIRQ	DIRQ	label	0x000000BA	OK		
NO_DEGRADE	NO_DEGRADE@DIRQ	DIRQ	label	0x000000C5	OK		
ROT3D	ROT3D@DIRQ	DIRQ	label	0x000000F6	OK		
CHECKTHEREG	CHECKTHEREG@DIRQ	DIRQ	label	0x000000FD	OK		
REGULAR	REGULAR@DIRQ	DIRQ	label	0x00000106	OK		
IDENTITY_ROTATION	IDENTITY_ROTATION@DIRQ	DIRQ	label	0x00000112	OK		
INLP1	INLP1@DIRQ	DIRQ	label	0x00000124	OK		
VECTORTRANSFULL	VECTORTRANSFULL@DIRQ	DIRQ	label	0x00000128	OK		
VT	VT@DIRQ	DIRQ	label	0x00000129	OK		
VTL	VTL@DIRQ	DIRQ	label	0x00000140	OK		
EOVCTR	EOVCTR@DIRQ	DIRQ	label	0x00000162	OK		
POLYPOLY_ENTER	POLYPOLY_ENTER@DIRQ	DIRQ	label	0x00000163	OK		
DISPLAY	DISPLAY@DIRQ	DIRQ	code	0x00000166	OK		
TRANS2D	TRANS2D@DIRQ	DIRQ	label	0x00000169	OK		
REGULAR1	REGULAR1@DIRQ	DIRQ	label	0x00000175	OK		
VTL2	VTL2@DIRQ	DIRQ	label	0x000001A0	OK		
EOVCTR2	EOVCTR2@DIRQ	DIRQ	label	0x000001BA	OK		
DYNAMIC_OBJECT	DYNAMIC_OBJECT@DIRQ	DIRQ	label	0x000001BC	OK		
DYNALOOP	DYNALOOP@DIRQ	DIRQ	label	0x000001CE	OK		
DYNREG	DYNREG@DIRQ	DIRQ	label	0x000001D0	OK		
DYNLP1	DYNLP1@DIRQ	DIRQ	label	0x000001F7	OK		
DYNALP	DYNALP@DIRQ	DIRQ	label	0x00000220	OK		
EODVCTR	EODVCTR@DIRQ	DIRQ	label	0x00000246	OK		
DYNALPX	DYNALPX@DIRQ	DIRQ	label	0x00000247	OK		
EOSVCTR	EOSVCTR@DIRQ	DIRQ	label	0x00000282	OK		
NOSHAD	NOSHAD@DIRQ	DIRQ	label	0x00000285	OK		
PLOTPOLY	PLOTPOLY@DIRQ	DIRQ	code	0x0000028D	OK		
PLOTPOLYLP	PLOTPOLYLP@DIRQ	DIRQ	label	0x000002C0	OK		
PLTPOLYLP	PLTPOLYLP@DIRQ	DIRQ	label	0x000002C0	OK		
POLYLP	POLYLP@DIRQ	DIRQ	label	0x000002FD	OK		
CLIPCK	CLIPCK@DIRQ	DIRQ	code	0x00000309	OK		
LPP2	LPP2@DIRQ	DIRQ	label	0x00000316	OK		
CKLP	CKLP@DIRQ	DIRQ	label	0x00000325	OK		
CLIP	CLIP@DIRQ	DIRQ	code	0x0000032F	OK		
CLIPOP	CLIPOP@DIRQ	DIRQ	label	0x0000036F	OK		
CLIP0	CLIP0@DIRQ	DIRQ	label	0x00000370	OK		
CLCKLP	CLCKLP@DIRQ	DIRQ	label	0x00000399	OK		
PCOUT	PCOUT@DIRQ	DIRQ	label	0x000003A1	OK		
PCWT	PCWT@DIRQ	DIRQ	label	0x000003A1	OK		
BUSTUP	BUSTUP@DIRQ	DIRQ	label	0x000003BD	OK		
BUSTUP0	BUSTUP0@DIRQ	DIRQ	label	0x000003C0	OK		
CLIPDONE	CLIPDONE@DIRQ	DIRQ	label	0x0000044A	OK		
PLTPOLL	PLTPOLL@DIRQ	DIRQ	label	0x0000048F	OK		
PLOTPOLYLP_1	PLOTPOLYLP_1@DIRQ	DIRQ	label	0x000004C0	OK		
PLTPOLYLP_1	PLTPOLYLP_1@DIRQ	DIRQ	data	0x000004C0	OK		
POLYLP_1	POLYLP_1@DIRQ	DIRQ	label	0x000004FC	OK		
PLT1PAL1	PLT1PAL1@DIRQ	DIRQ	label	0x00000515	OK		
PLTPOLYLP_2	PLTPOLYLP_2@DIRQ	DIRQ	label	0x00000520	OK		
PLTPOLL_2	PLTPOLL_2@DIRQ	DIRQ	label	0x0000054E	OK		
PLTG1PAL	PLTG1PAL@DIRQ	DIRQ	label	0x00000557	OK		
PLTGPOLYLP_2	PLTGPOLYLP_2@DIRQ	DIRQ	label	0x00000560	OK		
PLTGPOLL_2	PLTGPOLL_2@DIRQ	DIRQ	label	0x00000595	OK		
PLTGLP1_2	PLTGLP1_2@DIRQ	DIRQ	label	0x00000597	OK		
ILLUMFF	ILLUMFF@DIRQ	DIRQ	label	0x000005D8	OK		
LP1	LP1@DIRQ	DIRQ	label	0x000005E8	OK		
ZCLIP	ZCLIP@DIRQ	DIRQ	label	0x000005ED	OK		
CLIPRAMI	CLIPRAMI@DIRQ	DIRQ	data	0x000005F5	OK		
WT_S1	WT_S1@DIAG	DIAG	label	0x000005F6	OK		
WT_START	WT_START@DIAG	DIAG	code	0x000005F6	OK		
WT_NS1	WT_NS1@DIAG	DIAG	label	0x000005FA	OK		
WT_NSTART	WT_NSTART@DIAG	DIAG	code	0x000005FA	OK		
KEYPAUSE	KEYPAUSE@DIAG	DIAG	code	0x000005FE	OK		
BEEP	BEEP@DIAG	DIAG	code	0x00000600	OK		
MAKE_WINDOW	MAKE_WINDOW		code	0x00000602	OK		
MAKE_IWINDOW	MAKE_IWINDOW		code	0x00000628	OK		
DIAGPAL	DIAGPAL		data	0x0000064E	OK		
HARD_LOAD_DIAGPAL	HARD_LOAD_DIAGPAL		code	0x0000065F	OK		
HIDDEN_DIAG	HIDDEN_DIAG		code	0x00000669	OK		
ENTER_DIAG_INIT	ENTER_DIAG_INIT@DIAG	DIAG	code	0x00000678	OK		
ENTER_DIAG	ENTER_DIAG		code	0x00000699	OK		
TOEXIT	TOEXIT		code	0x000006A8	OK		
FILSIZI	FILSIZI@DIAG	DIAG	data	0x000006AE	OK		
REDV	REDV@DIAG	DIAG	data	0x000006AF	OK		
GREENV	GREENV@DIAG	DIAG	data	0x000006B0	OK		
BLUEV	BLUEV@DIAG	DIAG	data	0x000006B1	OK		
BLACKV	BLACKV@DIAG	DIAG	data	0x000006B2	OK		
COLORBARS	COLORBARS@DIAG	DIAG	code	0x000006ED	OK		
GREYLP	GREYLP@DIAG	DIAG	label	0x000006FC	OK		
REDLP	REDLP@DIAG	DIAG	label	0x00000703	OK		
GREENLP	GREENLP@DIAG	DIAG	label	0x0000070A	OK		
BLUELP	BLUELP@DIAG	DIAG	label	0x0000070F	OK		
bufferI	bufferI		data	0x00000723	OK		
SSLP	SSLP@DIAG	DIAG	label	0x0000081D	OK		
NOWTOEXIT	NOWTOEXIT@DIAG	DIAG	label	0x00000874	OK		
JJ	JJ@DIAG	DIAG	label	0x00000891	OK		
DISPLAY_SWITCH_STATUS	DISPLAY_SWITCH_STATUS@DIAG	DIAG	code	0x00000895	OK		
DSS	DSS@DIAG	DIAG	label	0x000008A8	OK		
DONEDSS	DONEDSS@DIAG	DIAG	label	0x000008B8	OK		
SWITCHES_DIAGI	SWITCHES_DIAGI@DIAG	DIAG	data	0x000008B9	OK		
DISPLAY_SHIFTER	DISPLAY_SHIFTER@DIAG	DIAG	code	0x000008BA	OK		
NOT1ST	NOT1ST@DIAG	DIAG	label	0x000008E3	OK		
NOT2ND	NOT2ND@DIAG	DIAG	label	0x000008EC	OK		
NOT3RD	NOT3RD@DIAG	DIAG	label	0x000008F5	OK		
NOT4TH	NOT4TH@DIAG	DIAG	label	0x000008FE	OK		
DISPPOTS	DISPPOTS@DIAG	DIAG	code	0x000008FF	OK		
NOPLOTpot0	NOPLOTpot0@DIAG	DIAG	label	0x00000910	OK		
NOPLOTpot1	NOPLOTpot1@DIAG	DIAG	label	0x00000921	OK		
NOPLOTpot2	NOPLOTpot2@DIAG	DIAG	label	0x00000932	OK		
DIPLP	DIPLP@DIAG	DIAG	label	0x0000093C	OK		
SHOW_DIPSWITCH_STATUS	SHOW_DIPSWITCH_STATUS@DIAG	DIAG	code	0x00000942	OK		
DISPLAY_DIPSWITCH_STATUS	DISPLAY_DIPSWITCH_STATUS@DIAG	DIAG	code	0x0000095A	OK		
DONE_MODE_MSG	DONE_MODE_MSG@DIAG	DIAG	label	0x00000A20	OK		
DMOD1	DMOD1@DIAG	DIAG	data	0x00000A2F	OK		
DMOD2	DMOD2@DIAG	DIAG	data	0x00000A30	OK		
DMOTI	DMOTI@DIAG	DIAG	data	0x00000A31	OK		
DNMOTI	DNMOTI@DIAG	DIAG	data	0x00000A32	OK		
DLINKDI	DLINKDI@DIAG	DIAG	data	0x00000A33	OK		
DNLINKDI	DNLINKDI@DIAG	DIAG	data	0x00000A34	OK		
MOMT	MOMT@DIAG	DIAG	data	0x00000A35	OK		
AMT	AMT@DIAG	DIAG	data	0x00000A3A	OK		
ADJTABI	ADJTABI@DIAG	DIAG	data	0x00000A3F	OK		
UMT	UMT@DIAG	DIAG	data	0x00000A45	OK		
MMT	MMT@DIAG	DIAG	data	0x00000A4A	OK		
DMT	DMT@DIAG	DIAG	data	0x00000A4B	OK		
HANDLE_MENU	HANDLE_MENU@DIAG	DIAG	label	0x00000A4F	OK		
HMER	HMER@DIAG	DIAG	label	0x00000A52	OK		
HMSTAND	HMSTAND@DIAG	DIAG	label	0x00000A6A	OK		
HMNOTSTAND	HMNOTSTAND@DIAG	DIAG	label	0x00000A6F	OK		
HANMENL	HANMENL@DIAG	DIAG	label	0x00000A78	OK		
JAJA5	JAJA5@DIAG	DIAG	label	0x00000A9D	OK		
HM_NOTUP	HM_NOTUP@DIAG	DIAG	label	0x00000AA9	OK		
HM_WT	HM_WT@DIAG	DIAG	label	0x00000AAF	OK		
wta	wta@DIAG	DIAG	label	0x00000AB0	OK		
wtta	wtta@DIAG	DIAG	label	0x00000AB9	OK		
HM_NOTDOWN	HM_NOTDOWN@DIAG	DIAG	label	0x00000ABB	OK		
J55	J55@DIAG	DIAG	label	0x00000ABB	OK		
GO_SCROLL	GO_SCROLL@DIAG	DIAG	label	0x00000AC5	OK		
NO_SCROLL	NO_SCROLL@DIAG	DIAG	label	0x00000ACE	OK		
HM_EXECUTE	HM_EXECUTE@DIAG	DIAG	label	0x00000ACF	OK		
XIT_MENU_TO_MAIN	XIT_MENU_TO_MAIN@DIAG	DIAG	code	0x00000AE0	OK		
SETUP_DIAG_SCREEN	SETUP_DIAG_SCREEN		code	0x00000AE9	OK		
MUSIC_TAB	MUSIC_TAB@DIAG	DIAG	data	0x00000AF0	OK		
EFFECTS_TAB	EFFECTS_TAB@DIAG	DIAG	data	0x00000AF7	OK		
SBT_UPDT	SBT_UPDT@DIAG	DIAG	label	0x00000B1A	OK		
NUPDT	NUPDT@DIAG	DIAG	label	0x00000B2E	OK		
NUPDE	NUPDE@DIAG	DIAG	label	0x00000B42	OK		
SBT_LP	SBT_LP@DIAG	DIAG	label	0x00000B42	OK		
NOXIT	NOXIT@DIAG	DIAG	label	0x00000B47	OK		
SBTLP2	SBTLP2@DIAG	DIAG	label	0x00000B4A	OK		
NONEXTT	NONEXTT@DIAG	DIAG	label	0x00000B53	OK		
SBTLP1	SBTLP1@DIAG	DIAG	label	0x00000B56	OK		
NONEXTE	NONEXTE@DIAG	DIAG	label	0x00000B5F	OK		
AMODES	AMODES@DIAG	DIAG	data	0x00000B9A	OK		
BURNIN_TEST	BURNIN_TEST@DIAG	DIAG	label	0x00000BA5	OK		
STANDARD_PRICING_MENU	STANDARD_PRICING_MENU@DIAG	DIAG	data	0x00000BBB	OK		
COUNTRY_MENUTABI	COUNTRY_MENUTABI@DIAG	DIAG	data	0x00000BDB	OK		
DONE_MSG	DONE_MSG@DIAG	DIAG	label	0x00000C26	OK		
PS_SKIPMENU	PS_SKIPMENU@DIAG	DIAG	label	0x00000C57	OK		
PSLP	PSLP@DIAG	DIAG	label	0x00000C61	OK		
PSLP1	PSLP1@DIAG	DIAG	label	0x00000C7B	OK		
PSLP1_CHECK	PSLP1_CHECK@DIAG	DIAG	label	0x00000C7C	OK		
PSLPX	PSLPX@DIAG	DIAG	label	0x00000C95	OK		
PRINT_SPYN	PRINT_SPYN@DIAG	DIAG	code	0x00000C97	OK		
CUSTOM_PRICING_MENU	CUSTOM_PRICING_MENU@DIAG	DIAG	data	0x00000CA0	OK		
SET_CONTROLS	SET_CONTROLS		code	0x00000CC0	OK		
DADA5	DADA5@DIAG	DIAG	label	0x00000D1E	OK		
SETVOL_LP	SETVOL_LP@DIAG	DIAG	label	0x00000D86	OK		
SETNN	SETNN@DIAG	DIAG	label	0x00000D90	OK		
NOTRET	NOTRET@DIAG	DIAG	label	0x00000D97	OK		
NOTUPA	NOTUPA@DIAG	DIAG	label	0x00000DA9	OK		
NOTDOWNA	NOTDOWNA@DIAG	DIAG	label	0x00000DB9	OK		
WTA	WTA@DIAG	DIAG	label	0x00000DB9	OK		
SHOW_VOLUME	SHOW_VOLUME@DIAG	DIAG	code	0x00000DBA	OK		
FFRSUB	FFRSUB		code	0x00000DCE	OK		
FFRST	FFRST@DIAG	DIAG	data	0x00000DDA	OK		
DAS	DAS@DIAG	DIAG	data	0x00000DE5	OK		
MP2	MP2@DIAG	DIAG	data	0x00000E3F	OK		
MP3	MP3@DIAG	DIAG	data	0x00000E40	OK		
YES	YES@DIAG	DIAG	data	0x00000E4E	OK		
NO	NO@DIAG	DIAG	data	0x00000E4F	OK		
ONS	ONS@DIAG	DIAG	data	0x00000E50	OK		
OFFS	OFFS@DIAG	DIAG	data	0x00000E51	OK		
NULLSTR	NULLSTR		data	0x00000E52	OK		
AREUSURE	AREUSURE@DIAG	DIAG	data	0x00000E53	OK		
MESSAGE_BOX	MESSAGE_BOX@DIAG	DIAG	code	0x00000E62	OK		
CLEAR_YES_NO	CLEAR_YES_NO@DIAG	DIAG	code	0x00000E76	OK		
ASK_YES_NO	ASK_YES_NO@DIAG	DIAG	code	0x00000E77	OK		
DUAL_ON_OFF	DUAL_ON_OFF@DIAG	DIAG	code	0x00000E7A	OK		
DUAL_VALUE	DUAL_VALUE@DIAG	DIAG	code	0x00000E7D	OK		
CYNLOOP	CYNLOOP@DIAG	DIAG	label	0x00000EA5	OK		
CHNG	CHNG@DIAG	DIAG	label	0x00000EBB	OK		
NCHNG	NCHNG@DIAG	DIAG	label	0x00000EBE	OK		
DOEXIT	DOEXIT@DIAG	DIAG	label	0x00000EC3	OK		
CYN_YES	CYN_YES@DIAG	DIAG	label	0x00000EC7	OK		
SSGD	SSGD@DIAG	DIAG	data	0x00000EC9	OK		
SSGD2	SSGD2@DIAG	DIAG	data	0x00000ECA	OK		
SET_STEERING_SENSITIVITY	SET_STEERING_SENSITIVITY@DIAG	DIAG	label	0x00000ECB	OK		
GAMEDIFF_CVTI	GAMEDIFF_CVTI@DIAG	DIAG	data	0x00000EF9	OK		
MULTI_VALUE_STEP	MULTI_VALUE_STEP@DIAG	DIAG	code	0x00000F5B	OK		
DVLOOP	DVLOOP@DIAG	DIAG	label	0x00000F91	OK		
CHNGDV	CHNGDV@DIAG	DIAG	label	0x00000FAD	OK		
NCHNGDV	NCHNGDV@DIAG	DIAG	label	0x00000FB0	OK		
WT5	WT5@DIAG	DIAG	label	0x00000FB1	OK		
WTT5	WTT5@DIAG	DIAG	label	0x00000FB7	OK		
WTTT5	WTTT5@DIAG	DIAG	label	0x00000FBD	OK		
DOEXITDV	DOEXITDV@DIAG	DIAG	label	0x00000FC2	OK		
SPM	SPM@DIAG	DIAG	data	0x00000FC3	OK		
STP	STP@DIAG	DIAG	data	0x00000FE1	OK		
RCMT	RCMT@DIAG	DIAG	data	0x00000FE2	OK		
PRINT_VALUE	PRINT_VALUE@DIAG	DIAG	code	0x0000105B	OK		
PRINT_VALUEX	PRINT_VALUEX@DIAG	DIAG	label	0x00001066	OK		
GETSTR_LENGTH	GETSTR_LENGTH@DIAG	DIAG	code	0x0000107B	OK		
GSLP	GSLP@DIAG	DIAG	label	0x00001080	OK		
GSLP1	GSLP1@DIAG	DIAG	label	0x00001082	OK		
GSLDONE	GSLDONE@DIAG	DIAG	label	0x0000108B	OK		
MAIN_MENU	MAIN_MENU@DIAG	DIAG	data	0x000010D8	OK		
DIAGNOSTIC_MENU	DIAGNOSTIC_MENU@DIAG	DIAG	data	0x000010E7	OK		
UTILITIES_MENU	UTILITIES_MENU@DIAG	DIAG	data	0x000010FC	OK		
ADJUSTMENT_MENU	ADJUSTMENT_MENU@DIAG	DIAG	data	0x0000110A	OK		
MOTION_MENU	MOTION_MENU@DIAG	DIAG	data	0x0000112F	OK		
LAMPT	LAMPT@DIAG	DIAG	data	0x0000113D	OK		
LAMP_MENU	LAMP_MENU@DIAG	DIAG	data	0x0000113F	OK		
RUN_LAMP_TEST	RUN_LAMP_TEST@DIAG	DIAG	label	0x00001155	OK		
LAMPSOFF	LAMPSOFF@DIAG	DIAG	code	0x00001159	OK		
LJIN	LJIN@DIAG	DIAG	label	0x0000116C	OK		
MOTION_CHECK_SAFETY_CODES	MOTION_CHECK_SAFETY_CODES@DIAG	DIAG	code	0x00001170	OK		
MCSC_LP	MCSC_LP@DIAG	DIAG	label	0x0000117C	OK		
JJDDA	JJDDA@DIAG	DIAG	label	0x00001187	OK		
NO_ERRORS	NO_ERRORS@DIAG	DIAG	label	0x00001189	OK		
ALL_DONE	ALL_DONE@DIAG	DIAG	label	0x00001193	OK		
MOTION_SAFETY_CODES	MOTION_SAFETY_CODES@DIAG	DIAG	data	0x00001198	OK		
DRAW_MOTION_SAFETY_DIAG	DRAW_MOTION_SAFETY_DIAG@DIAG	DIAG	code	0x000012DD	OK		
CLEAR_MATS	CLEAR_MATS@DIAG	DIAG	code	0x0000137A	OK		
MSSD_LP	MSSD_LP@DIAG	DIAG	label	0x000013E1	OK		
MSOFF	MSOFF@DIAG	DIAG	label	0x000013F2	OK		
MSFX	MSFX@DIAG	DIAG	label	0x000013F8	OK		
AUDIT_LIST	AUDIT_LIST@AUDITS	AUDITS	data	0x00001430	OK		
AUDIT_DISPLAY	AUDIT_DISPLAY		code	0x000014D0	OK		
KKLL	KKLL@AUDITS	AUDITS	label	0x000014DF	OK		
LYTL	LYTL@AUDITS	AUDITS	label	0x000014F8	OK		
LLTT	LLTT@AUDITS	AUDITS	label	0x00001500	OK		
NOCALL	NOCALL@AUDITS	AUDITS	label	0x0000150E	OK		
J22AB	J22AB@AUDITS	AUDITS	label	0x0000150F	OK		
JJTTA	JJTTA@AUDITS	AUDITS	label	0x0000151B	OK		
LLRR	LLRR@AUDITS	AUDITS	label	0x0000151D	OK		
WL2A	WL2A@AUDITS	AUDITS	label	0x0000151F	OK		
NODIPPLOT	NODIPPLOT@AUDITS	AUDITS	label	0x0000152A	OK		
NOLOG	NOLOG@AUDITS	AUDITS	label	0x00001535	OK		
DBNCE	DBNCE@AUDITS	AUDITS	label	0x00001539	OK		
FFB2	FFB2@AUDITS	AUDITS	label	0x0000153D	OK		
RB44	RB44@AUDITS	AUDITS	label	0x0000153F	OK		
KKLL5	KKLL5@AUDITS	AUDITS	label	0x00001544	OK		
KKL	KKL@AUDITS	AUDITS	label	0x00001548	OK		
BOOKX	BOOKX@AUDITS	AUDITS	label	0x00001549	OK		
WL266	WL266@AUDITS	AUDITS	label	0x00001549	OK		
CNR_ENTER	CNR_ENTER@INTRO	INTRO	label	0x000017A7	OK		
CONTINUE	CONTINUE@INTRO	INTRO	label	0x000017AE	OK		
WFSNP	WFSNP@INTRO	INTRO	label	0x000017DC	OK		
ALL_JOINUP	ALL_JOINUP@INTRO	INTRO	label	0x000017E0	OK		
CHOOSE_NEXT_RACE	CHOOSE_NEXT_RACE		code	0x0000180C	OK		
LOAD_NEW_SELECTION	LOAD_NEW_SELECTION@INTRO	INTRO	label	0x0000181F	OK		
WATCH_PLYRS_CAR	WATCH_PLYRS_CAR@INTRO	INTRO	code	0x00001841	OK		
INIT_GAMELEG	INIT_GAMELEG		code	0x00001859	OK		
BABA66	BABA66@INTRO	INTRO	label	0x0000189C	OK		
CCTI	CCTI@INTRO	INTRO	data	0x000018A0	OK		
CCTABI	CCTABI@INTRO	INTRO	data	0x000018A4	OK		
RACE_STARTING_POINTSI	RACE_STARTING_POINTSI		data	0x000018A5	OK		
JT75	JT75@INTRO	INTRO	label	0x000018C3	OK		
KIBO	KIBO@INTRO	INTRO	label	0x000018C8	OK		
BABA	BABA@INTRO	INTRO	label	0x000018D6	OK		
NLD	NLD@INTRO	INTRO	label	0x000018E1	OK		
NOHIDE	NOHIDE@INTRO	INTRO	label	0x00001914	OK		
TMP886	TMP886@INTRO	INTRO	label	0x00001919	OK		
JAJAKKA	JAJAKKA@INTRO	INTRO	label	0x00001926	OK		
CCLP	CCLP@INTRO	INTRO	label	0x00001948	OK		
CCLPX	CCLPX@INTRO	INTRO	label	0x0000195A	OK		
DOALL1	DOALL1@INTRO	INTRO	label	0x000019A2	OK		
IBO45A	IBO45A@INTRO	INTRO	label	0x000019A3	OK		
NDO	NDO@INTRO	INTRO	label	0x000019C4	OK		
NDO2	NDO2@INTRO	INTRO	label	0x000019DC	OK		
MOVELOOP	MOVELOOP@INTRO	INTRO	label	0x000019F9	OK		
BABADUY	BABADUY@INTRO	INTRO	label	0x00001A09	OK		
IBODONE	IBODONE@INTRO	INTRO	label	0x00001A17	OK		
BABADUY4	BABADUY4@INTRO	INTRO	label	0x00001A22	OK		
LISTLP	LISTLP@INTRO	INTRO	label	0x00001A2D	OK		
SCS_TABI	SCS_TABI@INTRO	INTRO	data	0x00001A57	OK		
SHOW_CAR_STATISTICS	SHOW_CAR_STATISTICS		code	0x00001A5C	OK		
CARPAL_TABLEI	CARPAL_TABLEI@INTRO	INTRO	data	0x00001A88	OK		
CARSRCPAL_TABI	CARSRCPAL_TABI@INTRO	INTRO	data	0x00001A89	OK		
CLEANUP_DIMCAR_PALS	CLEANUP_DIMCAR_PALS@INTRO	INTRO	code	0x00001A8A	OK		
GETTHECAR	GETTHECAR@INTRO	INTRO	code	0x00001A9F	OK		
ROUNDERLP	ROUNDERLP@INTRO	INTRO	label	0x00001AE5	OK		
NODO56	NODO56@INTRO	INTRO	label	0x00001AF2	OK		
RLL	RLL@INTRO	INTRO	label	0x00001B0F	OK		
AFFECT_THE_CARS	AFFECT_THE_CARS@INTRO	INTRO	code	0x00001B13	OK		
AFFECTED_CAR	AFFECTED_CAR@INTRO	INTRO	code	0x00001B59	OK		
DOALL	DOALL@INTRO	INTRO	label	0x00001B8D	OK		
IBO45	IBO45@INTRO	INTRO	label	0x00001B90	OK		
IBOIBO	IBOIBO@INTRO	INTRO	label	0x00001B94	OK		
N12	N12@INTRO	INTRO	label	0x00001B9C	OK		
CAR_DIMMER	CAR_DIMMER@INTRO	INTRO	code	0x00001B9D	OK		
flour_lghtof	flour_lghtof@INTRO	INTRO	data	0x00001BA6	OK		
LIGHT_INIT	LIGHT_INIT@INTRO	INTRO	code	0x00001C27	OK		
LIGHT_OFF	LIGHT_OFF@INTRO	INTRO	code	0x00001C34	OK		
LIGHT_ON	LIGHT_ON@INTRO	INTRO	code	0x00001C4A	OK		
INIT_PEDALCHK	INIT_PEDALCHK		code	0x00001C5B	OK		
GETCHOICE	GETCHOICE		code	0x00001C62	OK		
GETCHA	GETCHA@INTRO	INTRO	label	0x00001C73	OK		
GETCH1	GETCH1@INTRO	INTRO	label	0x00001C81	OK		
GETCHX	GETCHX@INTRO	INTRO	label	0x00001C82	OK		
PEDALCHK	PEDALCHK		code	0x00001C85	OK		
SKIPKEY	SKIPKEY@INTRO	INTRO	label	0x00001C8E	OK		
PEDALTRUE	PEDALTRUE@INTRO	INTRO	label	0x00001C90	OK		
INTROTIMER	INTROTIMER		code	0x00001D41	OK		
DIAL_ROUT	DIAL_ROUT		code	0x00001D52	OK		
ENDPLAYER	ENDPLAYER		code	0x00001D59	OK		
KK5	KK5@INTRO	INTRO	label	0x00001D78	OK		
GAME_AVAILABLEP	GAME_AVAILABLEP@INTRO	INTRO	code	0x00001D7F	OK		
GA_TRUE	GA_TRUE@INTRO	INTRO	label	0x00001D8A	OK		
GA_FALSE	GA_FALSE@INTRO	INTRO	label	0x00001D8E	OK		
CN	CN@INTRO	INTRO	label	0x00001D9E	OK		
NOTINTRO	NOTINTRO@INTRO	INTRO	label	0x00001DA1	OK		
CANSTART	CANSTART@INTRO	INTRO	label	0x00001DAD	OK		
_startX	_startX@INTRO	INTRO	label	0x00001DC2	OK		
UPLP	UPLP@INTRO	INTRO	label	0x00001DC4	OK		
SET_ATTR	SET_ATTR		code	0x00001E17	OK		
CYCLE_ATTR	CYCLE_ATTR		code	0x00001E1C	OK		
VLI	VLI@COLLA	COLLA	data	0x00001F86	OK		
TNORMI	TNORMI@COLLA	COLLA	data	0x00001F87	OK		
TMATRIXI	TMATRIXI@COLLA	COLLA	data	0x00001F8A	OK		
CAMSCAN	CAMSCAN		code	0x00001F8B	OK		
CAMSCANS	CAMSCANS@COLLA	COLLA	code	0x00001F8F	OK		
CMS2	CMS2@COLLA	COLLA	label	0x00001FA4	OK		
CMS1L	CMS1L@COLLA	COLLA	label	0x00001FA7	OK		
CMSX	CMSX@COLLA	COLLA	label	0x00001FAD	OK		
OBJSCAN	OBJSCAN		code	0x00001FB0	OK		
BOXSCRAMI	BOXSCRAMI		data	0x00001FB5	OK		
BOXSCAN	BOXSCAN		code	0x00001FB6	OK		
BS3X	BS3X@COLLA	COLLA	label	0x00001FCD	OK		
BOXSCSUB	BOXSCSUB@COLLA	COLLA	code	0x00001FCF	OK		
BS2	BS2@COLLA	COLLA	label	0x00001FE6	OK		
BS10	BS10@COLLA	COLLA	label	0x00001FEE	OK		
BSCX	BSCX@COLLA	COLLA	label	0x00001FF5	OK		
CAR_ROAD_COLL	CAR_ROAD_COLL		code	0x00001FF6	OK		
PC1X0	PC1X0@COLLA	COLLA	label	0x00002003	OK		
PC1A	PC1A@COLLA	COLLA	label	0x00002011	OK		
PC1B	PC1B@COLLA	COLLA	label	0x0000201D	OK		
PC2A	PC2A@COLLA	COLLA	label	0x00002020	OK		
PC2	PC2@COLLA	COLLA	label	0x00002023	OK		
ROADSCAN	ROADSCAN		code	0x00002041	OK		
LOOP	LOOP@COLLA	COLLA	label	0x00002058	OK		
PC3X	PC3X@COLLA	COLLA	label	0x00002073	OK		
RDSCNSUB	RDSCNSUB@COLLA	COLLA	code	0x00002074	OK		
RS2	RS2@COLLA	COLLA	label	0x0000208B	OK		
RS297	RS297@COLLA	COLLA	label	0x0000209D	OK		
RS299	RS299@COLLA	COLLA	label	0x000020A3	OK		
RS300	RS300@COLLA	COLLA	label	0x000020A6	OK		
RS301	RS301@COLLA	COLLA	label	0x000020A8	OK		
RS30	RS30@COLLA	COLLA	label	0x000020AA	OK		
_coll_road	_coll_road		code	0x000020B4	OK		
CRX	CRX@COLLA	COLLA	label	0x000020D3	OK		
GETNMAT	GETNMAT@COLLA	COLLA	code	0x000020D4	OK		
_obj_coll	_obj_coll		code	0x000020FF	OK		
EOTV	EOTV@COLLA	COLLA	label	0x00002133	OK		
VLINLP	VLINLP@COLLA	COLLA	label	0x0000216A	OK		
VLCOLL	VLCOLL@COLLA	COLLA	label	0x00002175	OK		
_makbox	_makbox		code	0x00002185	OK		
MBVL	MBVL@COLLA	COLLA	label	0x000021AF	OK		
COLSCC	COLSCC		code	0x000021D0	OK		
COLSCCX	COLSCCX@COLLA	COLLA	label	0x000021DF	OK		
ATTR_COLLISION	ATTR_COLLISION@COLLA	COLLA	label	0x000021E0	OK		
NO_ATTR_COL	NO_ATTR_COL@COLLA	COLLA	label	0x000021E8	OK		
PLYRDEBRIS	PLYRDEBRIS@COLLA	COLLA	code	0x000021E9	OK		
PLYRSIGN	PLYRSIGN@COLLA	COLLA	code	0x000021EC	OK		
DRONDEBRIS	DRONDEBRIS@COLLA	COLLA	code	0x000021EF	OK		
DRONSIGN	DRONSIGN@COLLA	COLLA	code	0x000021F1	OK		
DRONEPT	DRONEPT@COLLA	COLLA	label	0x000021F2	OK		
DRONEPTL	DRONEPTL@COLLA	COLLA	label	0x000021F5	OK		
DRONEPT1	DRONEPT1@COLLA	COLLA	label	0x00002203	OK		
COLPOINT	COLPOINT@COLLA	COLLA	code	0x00002207	OK		
CARSCL0	CARSCL0@COLLA	COLLA	label	0x00002215	OK		
CARSCL	CARSCL@COLLA	COLLA	label	0x00002218	OK		
COLSGCK	COLSGCK		code	0x0000221F	OK		
CSGLNEQ	CSGLNEQ@COLLA	COLLA	label	0x00002233	OK		
NOTCOCONUT	NOTCOCONUT@COLLA	COLLA	label	0x0000225C	OK		
DOREPEL	DOREPEL@COLLA	COLLA	label	0x0000225F	OK		
HARDCOL00	HARDCOL00@COLLA	COLLA	label	0x0000226F	OK		
HARDCOL1	HARDCOL1@COLLA	COLLA	label	0x0000227B	OK		
HARDCOL2	HARDCOL2@COLLA	COLLA	label	0x00002280	OK		
HARDCOL3	HARDCOL3@COLLA	COLLA	label	0x000022A9	OK		
ROADKILL	ROADKILL@COLLA	COLLA	label	0x000022AC	OK		
FLYCOLL	FLYCOLL@COLLA	COLLA	label	0x000022B2	OK		
CLLL1	CLLL1@COLLA	COLLA	label	0x000022D9	OK		
KLFD	KLFD@COLLA	COLLA	label	0x000022EE	OK		
FLYCOLL1	FLYCOLL1@COLLA	COLLA	label	0x000022F6	OK		
RUNOVER	RUNOVER@COLLA	COLLA	label	0x000022FA	OK		
RUNOV0	RUNOV0@COLLA	COLLA	label	0x00002321	OK		
RUNOV00	RUNOV00@COLLA	COLLA	label	0x00002325	OK		
COLSGCX0	COLSGCX0@COLLA	COLLA	label	0x00002329	OK		
COLSGCX	COLSGCX@COLLA	COLLA	label	0x0000232A	OK		
SIGN_IGNORE	SIGN_IGNORE@COLLA	COLLA	label	0x0000232A	OK		
SAGETABI	SAGETABI@COLLA	COLLA	data	0x0000232D	OK		
FLYCOLLPI	FLYCOLLPI		data	0x00002333	OK		
FLYCOLP0	FLYCOLP0@COLLA	COLLA	label	0x00002343	OK		
FLYCSLP	FLYCSLP@COLLA	COLLA	label	0x0000237E	OK		
FLYSTOP	FLYSTOP@COLLA	COLLA	label	0x00002381	OK		
NOT_ROADKILL	NOT_ROADKILL@COLLA	COLLA	label	0x0000238B	OK		
DEBSCAN	DEBSCAN@COLLA	COLLA	code	0x0000238C	OK		
DEBSCL0	DEBSCL0@COLLA	COLLA	label	0x0000238E	OK		
DEBSCL	DEBSCL@COLLA	COLLA	label	0x00002397	OK		
DEBSCL1	DEBSCL1@COLLA	COLLA	label	0x00002398	OK		
SIGNFALLI	SIGNFALLI@COLLA	COLLA	data	0x0000239B	OK		
SIGNFALP	SIGNFALP@COLLA	COLLA	label	0x0000239D	OK		
SIGNFALP0	SIGNFALP0@COLLA	COLLA	label	0x000023A3	OK		
TREESHAKI	TREESHAKI@COLLA	COLLA	data	0x000023AF	OK		
TREESHKL	TREESHKL@COLLA	COLLA	label	0x000023BB	OK		
FREESIGN	FREESIGN@COLLA	COLLA	code	0x000023D1	OK		
SFREELP	SFREELP@COLLA	COLLA	label	0x000023D4	OK		
SBUSI	SBUSI@COLLA	COLLA	data	0x000023ED	OK		
CBUSI	CBUSI@COLLA	COLLA	data	0x000023EE	OK		
FLYCAR	FLYCAR@COLLA	COLLA	label	0x000023EF	OK		
NOTLINKED	NOTLINKED@COLLA	COLLA	label	0x000023FB	OK		
FLYCAR0	FLYCAR0@COLLA	COLLA	label	0x00002405	OK		
FLYCAR1	FLYCAR1		code	0x0000240E	OK		
L78G	L78G@COLLA	COLLA	label	0x0000242D	OK		
FLY0	FLY0@COLLA	COLLA	label	0x00002440	OK		
FLY1	FLY1@COLLA	COLLA	label	0x00002445	OK		
FLY3	FLY3@COLLA	COLLA	label	0x0000244B	OK		
FLYCARX	FLYCARX@COLLA	COLLA	label	0x00002454	OK		
FLYCARXX	FLYCARXX@COLLA	COLLA	label	0x00002458	OK		
FC00	FC00@COLLA	COLLA	label	0x0000245D	OK		
FC01	FC01@COLLA	COLLA	label	0x00002460	OK		
FC02	FC02@COLLA	COLLA	label	0x00002462	OK		
FC03	FC03@COLLA	COLLA	label	0x00002463	OK		
DETHTAB1I	DETHTAB1I@COLLA	COLLA	data	0x00002469	OK		
DETHTAB2I	DETHTAB2I@COLLA	COLLA	data	0x0000246A	OK		
FLYCARPI	FLYCARPI@COLLA	COLLA	data	0x00002477	OK		
FLYCARP0	FLYCARP0@COLLA	COLLA	label	0x00002485	OK		
FLYCARSLP	FLYCARSLP@COLLA	COLLA	label	0x000024CA	OK		
FLYCARSTOP	FLYCARSTOP@COLLA	COLLA	label	0x000024CF	OK		
FLYCARSTOP0	FLYCARSTOP0@COLLA	COLLA	label	0x000024CF	OK		
FLYCSTP00	FLYCSTP00@COLLA	COLLA	label	0x00002515	OK		
FLYCSTP0	FLYCSTP0@COLLA	COLLA	label	0x00002519	OK		
FLYCSTP2	FLYCSTP2@COLLA	COLLA	label	0x0000251E	OK		
FLYCSTL	FLYCSTL@COLLA	COLLA	label	0x00002530	OK		
FLYCCC	FLYCCC@COLLA	COLLA	label	0x00002532	OK		
FLYSTOPSLP	FLYSTOPSLP@COLLA	COLLA	label	0x0000253E	OK		
FLYCARSTP	FLYCARSTP@COLLA	COLLA	label	0x00002543	OK		
FLYCARWT	FLYCARWT@COLLA	COLLA	label	0x0000254A	OK		
FLYCARPXX	FLYCARPXX@COLLA	COLLA	label	0x00002558	OK		
FLYCARPXXX	FLYCARPXXX@COLLA	COLLA	label	0x0000255E	OK		
FLYCARPXXXX	FLYCARPXXXX@COLLA	COLLA	label	0x00002560	OK		
DEADCAR	DEADCAR@COLLA	COLLA	label	0x0000256A	OK		
DEADLP	DEADLP@COLLA	COLLA	label	0x0000257B	OK		
SEND_FLY_KILL	SEND_FLY_KILL		code	0x00002587	OK		
DRKX	DRKX@COLLA	COLLA	label	0x00002594	OK		
FLYCARPXXXXI	FLYCARPXXXXI@COLLA	COLLA	data	0x00002595	OK		
FLYCARPXXXI	FLYCARPXXXI@COLLA	COLLA	data	0x00002596	OK		
SEND_FLY_XSFER	SEND_FLY_XSFER@COLLA	COLLA	code	0x00002597	OK		
SENDP	SENDP@COLLA	COLLA	label	0x000025A8	OK		
DECP	DECP@COLLA	COLLA	label	0x000025BB	OK		
DFX1	DFX1@COLLA	COLLA	label	0x000025CF	OK		
DFXX	DFXX@COLLA	COLLA	label	0x000025D1	OK		
DEADLPI	DEADLPI@COLLA	COLLA	data	0x000025D3	OK		
FLYCARP0I	FLYCARP0I@COLLA	COLLA	data	0x000025D4	OK		
FLYCARSTOPI	FLYCARSTOPI@COLLA	COLLA	data	0x000025D5	OK		
GETFLYMAT	GETFLYMAT		code	0x000025D6	OK		
COLSCAN	COLSCAN		code	0x000025E8	OK		
COLSCL0	COLSCL0@COLLA	COLLA	label	0x00002604	OK		
COLSCL	COLSCL@COLLA	COLLA	label	0x00002608	OK		
CLDSCAN	CLDSCAN@COLLA	COLLA	code	0x0000260E	OK		
CLDSCL	CLDSCL@COLLA	COLLA	label	0x00002628	OK		
CLDSCL1	CLDSCL1@COLLA	COLLA	label	0x0000262D	OK		
REPELL	REPELL@COLLA	COLLA	code	0x00002633	OK		
COLDISP	COLDISP@COLLA	COLLA	label	0x00002645	OK		
NOTHELI	NOTHELI@COLLA	COLLA	label	0x00002659	OK		
NTRN	NTRN@COLLA	COLLA	label	0x0000265F	OK		
COLDISP0	COLDISP0@COLLA	COLLA	label	0x000026A2	OK		
COLIN1	COLIN1@COLLA	COLLA	label	0x000026AA	OK		
ZZZ1	ZZZ1@COLLA	COLLA	label	0x000026FC	OK		
SPINROT	SPINROT@COLLA	COLLA	code	0x00002727	OK		
PLSPIN1	PLSPIN1@COLLA	COLLA	label	0x0000277A	OK		
PLSPIN2	PLSPIN2@COLLA	COLLA	label	0x00002781	OK		
PLBIG	PLBIG@COLLA	COLLA	label	0x00002787	OK		
BEHINDCK	BEHINDCK@COLLA	COLLA	code	0x0000278F	OK		
PSPINNIT	PSPINNIT@COLLA	COLLA	label	0x000027A3	OK		
SPINBOUNCE	SPINBOUNCE@COLLA	COLLA	label	0x000027A6	OK		
DRONESPIN	DRONESPIN@COLLA	COLLA	label	0x000027B6	OK		
DSPIN	DSPIN@COLLA	COLLA	label	0x000027C3	OK		
DSPIN1	DSPIN1@COLLA	COLLA	label	0x000027CF	OK		
DSPIN0	DSPIN0@COLLA	COLLA	label	0x000027D8	OK		
SPINNIT	SPINNIT@COLLA	COLLA	label	0x000027DC	OK		
SPINTM0	SPINTM0@COLLA	COLLA	label	0x000027E5	OK		
SPINTM1	SPINTM1@COLLA	COLLA	label	0x000027F0	OK		
SPINBUMP	SPINBUMP@COLLA	COLLA	label	0x000027F7	OK		
SPINB0	SPINB0@COLLA	COLLA	label	0x00002809	OK		
SPINBUMP1	SPINBUMP1@COLLA	COLLA	label	0x0000280F	OK		
SPINBX	SPINBX@COLLA	COLLA	label	0x00002814	OK		
SPINX	SPINX@COLLA	COLLA	label	0x00002816	OK		
SPINXX	SPINXX@COLLA	COLLA	label	0x00002817	OK		
SPINXXX	SPINXXX@COLLA	COLLA	label	0x0000281C	OK		
ANGMOM	ANGMOM@COLLA	COLLA	code	0x0000281D	OK		
ANGM1	ANGM1@COLLA	COLLA	label	0x00002823	OK		
CKBOUNCE	CKBOUNCE@COLLA	COLLA	code	0x00002824	OK		
CKBNCX	CKBNCX@COLLA	COLLA	label	0x00002833	OK		
COLSND	COLSND@COLLA	COLLA	code	0x00002835	OK		
COLSND1	COLSND1@COLLA	COLLA	label	0x0000284B	OK		
DRCOLSND	DRCOLSND@COLLA	COLLA	label	0x0000284F	OK		
COLSNDX	COLSNDX@COLLA	COLLA	label	0x00002853	OK		
SCUPDTABI	SCUPDTABI@COLLA	COLLA	data	0x00002858	OK		
SCTABI	SCTABI@COLLA	COLLA	data	0x0000285D	OK		
COLCHK	COLCHK		code	0x00002863	OK		
PLANEQ	PLANEQ@COLLA	COLLA	label	0x00002879	OK		
EQCHK0	EQCHK0@COLLA	COLLA	label	0x00002887	OK		
PNTNXT0	PNTNXT0@COLLA	COLLA	label	0x00002889	OK		
EQCHK1	EQCHK1@COLLA	COLLA	label	0x00002898	OK		
PNTNXT1	PNTNXT1@COLLA	COLLA	label	0x0000289A	OK		
COLCHKX	COLCHKX@COLLA	COLLA	label	0x0000289F	OK		
GOTCOL	GOTCOL@COLLA	COLLA	label	0x000028A4	OK		
GETBOX	GETBOX@COLLA	COLLA	code	0x000028A8	OK		
GETBOX0	GETBOX0@COLLA	COLLA	code	0x000028AE	OK		
EOCV	EOCV@COLLA	COLLA	label	0x000028E2	OK		
EQTABI	EQTABI@COLLA	COLLA	data	0x000028E7	OK		
LEQTABI	LEQTABI@COLLA	COLLA	data	0x0000290C	OK		
ROADFRICI	ROADFRICI@PLYR	PLYR	data	0x00002913	OK		
OFRDFRICI	OFRDFRICI@PLYR	PLYR	data	0x00002914	OK		
BRAKFRICI	BRAKFRICI@PLYR	PLYR	data	0x00002915	OK		
SKIDFRICI	SKIDFRICI@PLYR	PLYR	data	0x00002916	OK		
SPINFRICI	SPINFRICI@PLYR	PLYR	data	0x00002917	OK		
CARPARAMTABI	CARPARAMTABI@PLYR	PLYR	data	0x00002918	OK		
GETCARPARAM	GETCARPARAM@PLYR	PLYR	code	0x00002939	OK		
_CARV0	_CARV0		code	0x00002945	OK		
CARV_ERR	CARV_ERR@PLYR	PLYR	label	0x00002973	OK		
BONUS_WAIT_LOOP	BONUS_WAIT_LOOP		code	0x00002976	OK		
BONUS_WAIT_LP	BONUS_WAIT_LP@PLYR	PLYR	label	0x0000297D	OK		
BWLX	BWLX@PLYR	PLYR	label	0x0000297D	OK		
PLYR_CAR_INIT	PLYR_CAR_INIT		code	0x00002987	OK		
DOGENRLB	DOGENRLB@PLYR	PLYR	label	0x00002996	OK		
PLYR_INTRO_ENTER	PLYR_INTRO_ENTER		code	0x000029B8	OK		
_PLYR	_PLYR		code	0x000029EE	OK		
PLYR_ENTER	PLYR_ENTER@PLYR	PLYR	label	0x000029EE	OK		
BABA	BABA@PLYR	PLYR	label	0x00002A1E	OK		
PLYR_INTRO_JOIN	PLYR_INTRO_JOIN@PLYR	PLYR	label	0x00002A3F	OK		
PLYRLP	PLYRLP@PLYR	PLYR	label	0x00002A5C	OK		
PLYRSPD	PLYRSPD@PLYR	PLYR	label	0x00002A72	OK		
PLYRSPD0	PLYRSPD0@PLYR	PLYR	label	0x00002A8C	OK		
PLYRSPD01	PLYRSPD01@PLYR	PLYR	label	0x00002A8D	OK		
NOTGO	NOTGO@PLYR	PLYR	label	0x00002A99	OK		
GSKD1	GSKD1@PLYR	PLYR	label	0x00002AA6	OK		
PAIRB	PAIRB@PLYR	PLYR	label	0x00002ACD	OK		
PLYRCAM	PLYRCAM@PLYR	PLYR	label	0x00002AD8	OK		
CAM3RD	CAM3RD@PLYR	PLYR	label	0x00002AFB	OK		
CAM3RD0	CAM3RD0@PLYR	PLYR	label	0x00002B26	OK		
CAMBAD1	CAMBAD1@PLYR	PLYR	label	0x00002B26	OK		
CAMOK	CAMOK@PLYR	PLYR	label	0x00002B2C	OK		
CAM3RDX	CAM3RDX@PLYR	PLYR	label	0x00002B3A	OK		
PLYS1	PLYS1@PLYR	PLYR	label	0x00002B51	OK		
NOPLINK	NOPLINK@PLYR	PLYR	label	0x00002B5E	OK		
CHEATCK	CHEATCK@PLYR	PLYR	data	0x00002B61	OK		
CCK1	CCK1@PLYR	PLYR	label	0x00002B7B	OK		
CCKX	CCKX@PLYR	PLYR	label	0x00002B8D	OK		
CATCHUP	CATCHUP@PLYR	PLYR	data	0x00002B8F	OK		
AHEAD	AHEAD@PLYR	PLYR	data	0x00002B90	OK		
DISTCON	DISTCON@PLYR	PLYR	data	0x00002B91	OK		
SPDCON	SPDCON@PLYR	PLYR	data	0x00002B92	OK		
CAMCHKL	CAMCHKL@PLYR	PLYR	code	0x00002B93	OK		
CAMCHKR	CAMCHKR@PLYR	PLYR	code	0x00002B95	OK		
CAMCHK0	CAMCHK0@PLYR	PLYR	label	0x00002B96	OK		
CAMCHKLR	CAMCHKLR@PLYR	PLYR	code	0x00002BAF	OK		
CAMCHK	CAMCHK@PLYR	PLYR	code	0x00002BB7	OK		
CAMROT	CAMROT@PLYR	PLYR	code	0x00002BBD	OK		
CAMROT1	CAMROT1@PLYR	PLYR	label	0x00002BC8	OK		
CAMROT2	CAMROT2@PLYR	PLYR	label	0x00002BCB	OK		
GETCAMPOS	GETCAMPOS@PLYR	PLYR	code	0x00002BCF	OK		
CAMYADJ	CAMYADJ		code	0x00002BE5	OK		
CAM1XX	CAM1XX@PLYR	PLYR	label	0x00002BF4	OK		
PLYONRD	PLYONRD@PLYR	PLYR	code	0x00002BF5	OK		
DRONEGO	DRONEGO		code	0x00002C18	OK		
DAIRB	DAIRB@PLYR	PLYR	label	0x00002C38	OK		
GEARTABI	GEARTABI@PLYR	PLYR	data	0x00002C46	OK		
GETREV	GETREV@PLYR	PLYR	code	0x00002C4C	OK		
REV0	REV0@PLYR	PLYR	label	0x00002C53	OK		
REV1	REV1@PLYR	PLYR	label	0x00002C61	OK		
REV3	REV3@PLYR	PLYR	label	0x00002C65	OK		
REV4	REV4@PLYR	PLYR	label	0x00002C85	OK		
REV5	REV5@PLYR	PLYR	label	0x00002C91	OK		
GETRPM	GETRPM		code	0x00002C92	OK		
GETSKID	GETSKID@PLYR	PLYR	code	0x00002C9C	OK		
GETSK00	GETSK00@PLYR	PLYR	label	0x00002CA0	OK		
GETSK0	GETSK0@PLYR	PLYR	label	0x00002CA8	OK		
GETSK1	GETSK1@PLYR	PLYR	label	0x00002CC3	OK		
GETSKXX	GETSKXX@PLYR	PLYR	label	0x00002CD1	OK		
CKOFRD	CKOFRD@PLYR	PLYR	code	0x00002CD3	OK		
OFFRLP	OFFRLP@PLYR	PLYR	label	0x00002CE2	OK		
NOTOFF	NOTOFF@PLYR	PLYR	label	0x00002CE8	OK		
NOTOFFX	NOTOFFX@PLYR	PLYR	label	0x00002CEA	OK		
GETDIR	GETDIR@PLYR	PLYR	code	0x00002CEB	OK		
GETDIR1	GETDIR1@PLYR	PLYR	label	0x00002CF1	OK		
GETDIR2	GETDIR2@PLYR	PLYR	label	0x00002D0E	OK		
CARSPIN	CARSPIN@PLYR	PLYR	label	0x00002D10	OK		
SPINL0	SPINL0@PLYR	PLYR	label	0x00002D1D	OK		
DRONESPIN	DRONESPIN@PLYR	PLYR	label	0x00002D35	OK		
REGSPIN	REGSPIN@PLYR	PLYR	label	0x00002D36	OK		
SPINL	SPINL@PLYR	PLYR	label	0x00002D3C	OK		
SPINLX	SPINLX@PLYR	PLYR	label	0x00002D3D	OK		
SPINREC0	SPINREC0@PLYR	PLYR	label	0x00002D3F	OK		
SPINREC	SPINREC@PLYR	PLYR	label	0x00002D40	OK		
GETCARROT	GETCARROT@PLYR	PLYR	code	0x00002D4A	OK		
GETC1	GETC1@PLYR	PLYR	label	0x00002D5D	OK		
GEARACTABI	GEARACTABI		data	0x00002D62	OK		
ENGACTABI	ENGACTABI		data	0x00002D68	OK		
ENGFRI	ENGFRI		data	0x00002D7D	OK		
GETSPD	GETSPD		code	0x00002D83	OK		
GETSPD1	GETSPD1@PLYR	PLYR	label	0x00002D8C	OK		
GETSPD10	GETSPD10@PLYR	PLYR	label	0x00002D91	OK		
FRICLP	FRICLP@PLYR	PLYR	label	0x00002DCC	OK		
FRL1	FRL1@PLYR	PLYR	label	0x00002DD5	OK		
FRIC0	FRIC0@PLYR	PLYR	label	0x00002DE1	OK		
FRIC1	FRIC1@PLYR	PLYR	label	0x00002DE2	OK		
GETSPD2	GETSPD2@PLYR	PLYR	label	0x00002DF9	OK		
GSL0	GSL0@PLYR	PLYR	label	0x00002E03	OK		
GETBRAKE	GETBRAKE@PLYR	PLYR	code	0x00002E0C	OK		
BRAKEOFF	BRAKEOFF@PLYR	PLYR	label	0x00002E1F	OK		
GETBXX	GETBXX@PLYR	PLYR	label	0x00002E24	OK		
GETBX	GETBX@PLYR	PLYR	label	0x00002E25	OK		
HIREDI	HIREDI@PLYR	PLYR	data	0x00002E27	OK		
OFFREDI	OFFREDI@PLYR	PLYR	data	0x00002E2C	OK		
_off_brake	_off_brake		code	0x00002E31	OK		
_on_brake	_on_brake		code	0x00002E3B	OK		
L888	L888@PLYR	PLYR	label	0x00002E44	OK		
BRAK_X	BRAK_X@PLYR	PLYR	label	0x00002E50	OK		
NO_COLORS	NO_COLORS@PLYR	PLYR	label	0x00002E55	OK		
GETPEDAL	GETPEDAL@PLYR	PLYR	code	0x00002E57	OK		
GETGEAR	GETGEAR@PLYR	PLYR	code	0x00002E61	OK		
GETMAN	GETMAN@PLYR	PLYR	label	0x00002E68	OK		
GETAUTO	GETAUTO		code	0x00002E73	OK		
STEERI	STEERI		data	0x00002E87	OK		
GETSTEER	GETSTEER@PLYR	PLYR	code	0x00002E88	OK		
ZOOM	ZOOM		code	0x00002EC2	OK		
ZOOMX	ZOOMX@PLYR	PLYR	label	0x00002EE4	OK		
ZOOMUP	ZOOMUP@PLYR	PLYR	code	0x00002EE6	OK		
ZOOMDN	ZOOMDN@PLYR	PLYR	label	0x00002EF1	OK		
ZOOMDN1	ZOOMDN1@PLYR	PLYR	label	0x00002EF5	OK		
ZOOMUP3	ZOOMUP3@PLYR	PLYR	label	0x00002EFA	OK		
ZOOMUPX	ZOOMUPX@PLYR	PLYR	label	0x00002EFC	OK		
GETTRAK	GETTRAK		code	0x00002EFD	OK		
GETRKX	GETRKX@PLYR	PLYR	label	0x00002F16	OK		
BACKCK	BACKCK@PLYR	PLYR	code	0x00002F17	OK		
BACKCKX	BACKCKX@PLYR	PLYR	label	0x00002F2B	OK		
CKBND	CKBND@PLYR	PLYR	code	0x00002F2C	OK		
CURBCKL	CURBCKL@PLYR	PLYR	label	0x00002F39	OK		
CURBCKX	CURBCKX@PLYR	PLYR	label	0x00002F3F	OK		
TUNCHK	TUNCHK@PLYR	PLYR	code	0x00002F43	OK		
INBOUNDZ	INBOUNDZ		code	0x00002F63	OK		
DRONINBZ	DRONINBZ		code	0x00002F6B	OK		
DRONINBX	DRONINBX@PLYR	PLYR	label	0x00002F74	OK		
CURBCOL0	CURBCOL0@PLYR	PLYR	label	0x00002F75	OK		
CURBCOLP	CURBCOLP@PLYR	PLYR	label	0x00002F80	OK		
CURBCOL	CURBCOL@PLYR	PLYR	label	0x00002F83	OK		
CURBCOL1A	CURBCOL1A@PLYR	PLYR	label	0x00002FB0	OK		
CURBCOL2A	CURBCOL2A@PLYR	PLYR	label	0x00002FBB	OK		
CURBCOL2	CURBCOL2@PLYR	PLYR	label	0x00002FC0	OK		
CURBSPIN	CURBSPIN@PLYR	PLYR	label	0x00002FC4	OK		
CURBCLX	CURBCLX@PLYR	PLYR	label	0x00002FDB	OK		
CURBSPN	CURBSPN@PLYR	PLYR	label	0x00002FDC	OK		
SOFTCURB	SOFTCURB@PLYR	PLYR	label	0x00002FE8	OK		
SOFTCRB00	SOFTCRB00@PLYR	PLYR	label	0x00003001	OK		
SOFTCURB0	SOFTCURB0@PLYR	PLYR	label	0x00003005	OK		
SOFT11	SOFT11@PLYR	PLYR	label	0x00003013	OK		
SOFTVEL	SOFTVEL@PLYR	PLYR	label	0x00003015	OK		
SOFTV1	SOFTV1@PLYR	PLYR	label	0x00003023	OK		
SOFT21	SOFT21@PLYR	PLYR	label	0x0000302E	OK		
SOFTVELX	SOFTVELX@PLYR	PLYR	label	0x00003030	OK		
GETNXTRDIR	GETNXTRDIR		code	0x00003031	OK		
ROADIR	ROADIR		code	0x00003037	OK		
GETRDIR	GETRDIR		code	0x0000303A	OK		
GETRD1	GETRD1@PLYR	PLYR	label	0x0000303B	OK		
ROADIRX	ROADIRX@PLYR	PLYR	label	0x00003049	OK		
PLYRWHL	PLYRWHL@PLYR	PLYR	code	0x0000304A	OK		
PWHL0	PWHL0@PLYR	PLYR	label	0x00003056	OK		
PWHL1	PWHL1@PLYR	PLYR	label	0x0000305D	OK		
PWHLX	PWHLX@PLYR	PLYR	label	0x0000306D	OK		
PWHLX0	PWHLX0@PLYR	PLYR	label	0x00003070	OK		
PWHLXX	PWHLXX@PLYR	PLYR	label	0x00003071	OK		
WHLOFFX	WHLOFFX@PLYR	PLYR	label	0x00003084	OK		
SCOLLTABI	SCOLLTABI		data	0x00003085	OK		
WALLHITABI	WALLHITABI@PLYR	PLYR	data	0x00003089	OK		
SKIDTABI	SKIDTABI@PLYR	PLYR	data	0x0000308D	OK		
PLAIRSNDI	PLAIRSNDI@PLYR	PLYR	data	0x00003090	OK		
REVSNDTABI	REVSNDTABI@PLYR	PLYR	data	0x00003094	OK		
PLYR_SNDS	PLYR_SNDS@PLYR	PLYR	code	0x00003097	OK		
PSND0	PSND0@PLYR	PLYR	label	0x000030A4	OK		
PSND1	PSND1@PLYR	PLYR	label	0x000030AE	OK		
PSND2	PSND2@PLYR	PLYR	label	0x000030B1	OK		
BACKREV	BACKREV@PLYR	PLYR	label	0x000030B2	OK		
BACKREV1	BACKREV1@PLYR	PLYR	label	0x000030B9	OK		
PLAIR	PLAIR@PLYR	PLYR	label	0x000030BB	OK		
PLYRSND1A	PLYRSND1A@PLYR	PLYR	label	0x000030C6	OK		
PLYRSND1B	PLYRSND1B@PLYR	PLYR	label	0x000030C8	OK		
NOBOTTOM	NOBOTTOM@PLYR	PLYR	label	0x000030D0	OK		
BOTX	BOTX@PLYR	PLYR	label	0x000030D1	OK		
NO_SMOKE	NO_SMOKE@PLYR	PLYR	label	0x000030D7	OK		
NO_FLAME	NO_FLAME@PLYR	PLYR	label	0x000030EE	OK		
SKIDAMP	SKIDAMP@PLYR	PLYR	label	0x000030F2	OK		
SKIDAMP1	SKIDAMP1@PLYR	PLYR	label	0x000030F5	OK		
SKIDAMP10	SKIDAMP10@PLYR	PLYR	label	0x000030F7	OK		
NOSKID	NOSKID@PLYR	PLYR	label	0x000030FD	OK		
SKIDX	SKIDX@PLYR	PLYR	label	0x00003101	OK		
NOBRAKSND	NOBRAKSND@PLYR	PLYR	label	0x0000310D	OK		
BRAKSNDX	BRAKSNDX@PLYR	PLYR	label	0x0000310F	OK		
NOSPUTSND	NOSPUTSND@PLYR	PLYR	label	0x0000311D	OK		
SPUTSNDX	SPUTSNDX@PLYR	PLYR	label	0x0000311F	OK		
TUNOFF	TUNOFF@PLYR	PLYR	label	0x0000312A	OK		
TUNSNDX	TUNSNDX@PLYR	PLYR	label	0x0000312C	OK		
NOGRAV	NOGRAV@PLYR	PLYR	label	0x0000313D	OK		
GRAVX	GRAVX@PLYR	PLYR	label	0x00003142	OK		
MKFXSND	MKFXSND		code	0x00003143	OK		
MKVFXSND	MKVFXSND@PLYR	PLYR	code	0x00003148	OK		
MKVFX1	MKVFX1@PLYR	PLYR	label	0x00003151	OK		
RANDSND	RANDSND		code	0x00003159	OK		
RANDVSND	RANDVSND		code	0x00003160	OK		
DRONESND	DRONESND		code	0x00003168	OK		
DRONESND1	DRONESND1		code	0x0000316E	OK		
PEDALMNI	PEDALMNI@PLYR	PLYR	data	0x0000317B	OK		
GETCMOS_VALUES	GETCMOS_VALUES		code	0x0000317C	OK		
CMOSALP	CMOSALP@PLYR	PLYR	label	0x00003186	OK		
CAMMATSAV	CAMMATSAV@PLYR	PLYR	code	0x0000318C	OK		
CAMMATAVG	CAMMATAVG@PLYR	PLYR	code	0x00003195	OK		
CAMAVG	CAMAVG@PLYR	PLYR	label	0x000031A3	OK		
CAMMATX	CAMMATX@PLYR	PLYR	label	0x000031A4	OK		
INSERT_INITS	INSERT_INITS@HSTDP	HSTDP	code	0x000032DD	OK		
INTO_TABLE_P	INTO_TABLE_P		code	0x000032E7	OK		
ITP1	ITP1@HSTDP	HSTDP	label	0x000032F7	OK		
ITP2	ITP2@HSTDP	HSTDP	label	0x000032F9	OK		
NOT_FIRST_TIME	NOT_FIRST_TIME@HSTDP	HSTDP	label	0x00003301	OK		
NFTLP	NFTLP@HSTDP	HSTDP	label	0x00003306	OK		
NFTX	NFTX@HSTDP	HSTDP	label	0x0000330C	OK		
CALC_TOTAL_ELAPSED	CALC_TOTAL_ELAPSED@HSTDP	HSTDP	code	0x0000330E	OK		
CTEX	CTEX@HSTDP	HSTDP	label	0x0000331B	OK		
NOINS0	NOINS0@HSTDP	HSTDP	label	0x00003331	OK		
NOINS1	NOINS1@HSTDP	HSTDP	label	0x0000333F	OK		
NOINS2	NOINS2@HSTDP	HSTDP	label	0x0000334B	OK		
PAPA35X	PAPA35X@HSTDP	HSTDP	label	0x00003359	OK		
PRA0	PRA0@HSTDP	HSTDP	label	0x0000338A	OK		
PRA	PRA@HSTDP	HSTDP	label	0x00003390	OK		
PRA1	PRA1@HSTDP	HSTDP	label	0x000033AE	OK		
PRA2	PRA2@HSTDP	HSTDP	label	0x000033B3	OK		
PR0A	PR0A@HSTDP	HSTDP	label	0x000033C1	OK		
PR0A2	PR0A2@HSTDP	HSTDP	label	0x000033C7	OK		
PR0	PR0@HSTDP	HSTDP	label	0x000033CB	OK		
PR1	PR1@HSTDP	HSTDP	label	0x000033E2	OK		
PR1A1	PR1A1@HSTDP	HSTDP	label	0x000033EB	OK		
PR1A2	PR1A2@HSTDP	HSTDP	label	0x000033F0	OK		
PR1A3	PR1A3@HSTDP	HSTDP	label	0x000033F5	OK		
PR1ZZZ	PR1ZZZ@HSTDP	HSTDP	label	0x0000340E	OK		
PR2	PR2@HSTDP	HSTDP	label	0x0000340F	OK		
PR2A	PR2A@HSTDP	HSTDP	label	0x00003424	OK		
PR2A1	PR2A1@HSTDP	HSTDP	label	0x0000345F	OK		
PR2A2	PR2A2@HSTDP	HSTDP	label	0x00003492	OK		
PR2A3	PR2A3@HSTDP	HSTDP	label	0x00003497	OK		
PR3A	PR3A@HSTDP	HSTDP	label	0x000034DC	OK		
PR3B	PR3B@HSTDP	HSTDP	label	0x00003509	OK		
PR3BA	PR3BA@HSTDP	HSTDP	label	0x00003516	OK		
PR4A	PR4A@HSTDP	HSTDP	label	0x0000351B	OK		
PR5A	PR5A@HSTDP	HSTDP	label	0x00003529	OK		
PRESSCODEX2	PRESSCODEX2@HSTDP	HSTDP	label	0x00003540	OK		
FPO	FPO@HSTDP	HSTDP	label	0x0000356F	OK		
FPO1	FPO1@HSTDP	HSTDP	label	0x0000357E	OK		
FPO1A	FPO1A@HSTDP	HSTDP	label	0x00003584	OK		
FPO3	FPO3@HSTDP	HSTDP	label	0x0000358C	OK		
FPO4	FPO4@HSTDP	HSTDP	label	0x00003590	OK		
FPO6	FPO6@HSTDP	HSTDP	label	0x00003596	OK		
FPLE	FPLE@HSTDP	HSTDP	label	0x00003597	OK		
FPOX	FPOX@HSTDP	HSTDP	label	0x00003598	OK		
MAKE_NEW_MARQ	MAKE_NEW_MARQ@HSTDP	HSTDP	code	0x0000359B	OK		
MOVE_PRESSB	MOVE_PRESSB@HSTDP	HSTDP	code	0x000035A4	OK		
MOVE_BIGLET_PRESS	MOVE_BIGLET_PRESS@HSTDP	HSTDP	code	0x000035C4	OK		
MPB	MPB@HSTDP	HSTDP	label	0x000035E6	OK		
ADJUST_ROLLERS	ADJUST_ROLLERS@HSTDP	HSTDP	code	0x0000362E	OK		
ADJRL	ADJRL@HSTDP	HSTDP	label	0x00003632	OK		
FIND_ROLLER	FIND_ROLLER@HSTDP	HSTDP	code	0x00003646	OK		
FRL	FRL@HSTDP	HSTDP	label	0x0000364C	OK		
SPIN_ROLLERS	SPIN_ROLLERS@HSTDP	HSTDP	code	0x00003657	OK		
SR0	SR0@HSTDP	HSTDP	label	0x00003659	OK		
MOVE_PLAYERS_LETTERS	MOVE_PLAYERS_LETTERS@HSTDP	HSTDP	code	0x00003669	OK		
MPL1	MPL1@HSTDP	HSTDP	label	0x00003678	OK		
MPL2	MPL2@HSTDP	HSTDP	label	0x00003683	OK		
MPLX	MPLX@HSTDP	HSTDP	label	0x00003685	OK		
MAKE_PLAYERS_PLATE	MAKE_PLAYERS_PLATE@HSTDP	HSTDP	code	0x00003688	OK		
INI_PLAYERS_BOLTS	INI_PLAYERS_BOLTS@HSTDP	HSTDP	code	0x00003695	OK		
IPBX	IPBX@HSTDP	HSTDP	label	0x0000369F	OK		
OBJ_FIND	OBJ_FIND@HSTDP	HSTDP	code	0x000036B3	OK		
OFIND	OFIND@HSTDP	HSTDP	label	0x000036B8	OK		
O_FOUND	O_FOUND@HSTDP	HSTDP	label	0x000036C1	OK		
OH_NO	OH_NO@HSTDP	HSTDP	label	0x000036C5	OK		
OBJ_FIND_NEXT	OBJ_FIND_NEXT@HSTDP	HSTDP	code	0x000036C7	OK		
OFN	OFN@HSTDP	HSTDP	label	0x000036CB	OK		
OFNX	OFNX@HSTDP	HSTDP	label	0x000036D3	OK		
OFNX1	OFNX1@HSTDP	HSTDP	label	0x000036D7	OK		
OBJ_GFIND	OBJ_GFIND@HSTDP	HSTDP	code	0x000036DB	OK		
OGFIND	OGFIND@HSTDP	HSTDP	label	0x000036E0	OK		
O_GFOUND	O_GFOUND@HSTDP	HSTDP	label	0x000036E8	OK		
OH_GNO	OH_GNO@HSTDP	HSTDP	label	0x000036EC	OK		
OBJ_GFIND_NEXT	OBJ_GFIND_NEXT@HSTDP	HSTDP	code	0x000036EF	OK		
OGFN	OGFN@HSTDP	HSTDP	label	0x000036F3	OK		
OGFNX	OGFNX@HSTDP	HSTDP	label	0x000036FA	OK		
OGFNX1	OGFNX1@HSTDP	HSTDP	label	0x000036FE	OK		
OBJ_TAG	OBJ_TAG@HSTDP	HSTDP	code	0x00003702	OK		
OTAG0	OTAG0@HSTDP	HSTDP	label	0x00003702	OK		
OTAG1	OTAG1@HSTDP	HSTDP	label	0x00003708	OK		
OTAG	OTAG@HSTDP	HSTDP	label	0x0000370D	OK		
OTAGX	OTAGX@HSTDP	HSTDP	label	0x00003711	OK		
OBJ_TAGALL	OBJ_TAGALL@HSTDP	HSTDP	code	0x00003712	OK		
OTA1	OTA1@HSTDP	HSTDP	label	0x00003717	OK		
OTAX	OTAX@HSTDP	HSTDP	label	0x0000371D	OK		
OBJ_MOVY_GROUP	OBJ_MOVY_GROUP@HSTDP	HSTDP	code	0x0000371E	OK		
OMYG1	OMYG1@HSTDP	HSTDP	label	0x00003725	OK		
OMYG	OMYG@HSTDP	HSTDP	label	0x0000372B	OK		
OBJ_DEL_GROUP	OBJ_DEL_GROUP@HSTDP	HSTDP	code	0x0000372E	OK		
ODG1	ODG1@HSTDP	HSTDP	label	0x00003732	OK		
ODG	ODG@HSTDP	HSTDP	label	0x00003737	OK		
FIND_ALL_PLATES	FIND_ALL_PLATES@HSTDP	HSTDP	code	0x00003738	OK		
FIND_PLATES	FIND_PLATES@HSTDP	HSTDP	code	0x0000373C	OK		
MP0	MP0@HSTDP	HSTDP	label	0x00003742	OK		
MP2	MP2@HSTDP	HSTDP	label	0x00003750	OK		
MP1	MP1@HSTDP	HSTDP	label	0x00003755	OK		
MAKE_TIME	MAKE_TIME@HSTDP	HSTDP	code	0x00003788	OK		
MT1	MT1@HSTDP	HSTDP	label	0x000037A8	OK		
MT2	MT2@HSTDP	HSTDP	label	0x000037AC	OK		
MT3	MT3@HSTDP	HSTDP	label	0x000037B0	OK		
FORMAT_NUM	FORMAT_NUM@HSTDP	HSTDP	code	0x000037C2	OK		
FORMN_LOOP	FORMN_LOOP@HSTDP	HSTDP	label	0x000037C5	OK		
FORMNA	FORMNA@HSTDP	HSTDP	label	0x000037C8	OK		
FORMN	FORMN@HSTDP	HSTDP	label	0x000037D5	OK		
FN_PAD	FN_PAD@HSTDP	HSTDP	label	0x000037D7	OK		
FORMN1	FORMN1@HSTDP	HSTDP	label	0x000037DB	OK		
FORMN2	FORMN2@HSTDP	HSTDP	label	0x000037E4	OK		
FORMNX	FORMNX@HSTDP	HSTDP	label	0x000037E5	OK		
CREATE_LETTERS	CREATE_LETTERS@HSTDP	HSTDP	code	0x000037E6	OK		
CRLLOOP	CRLLOOP@HSTDP	HSTDP	label	0x000037EE	OK		
CRLX	CRLX@HSTDP	HSTDP	label	0x00003812	OK		
ASCII_TO_OBJ	ASCII_TO_OBJ@HSTDP	HSTDP	code	0x00003813	OK		
CRLL	CRLL@HSTDP	HSTDP	label	0x00003819	OK		
CRL1	CRL1@HSTDP	HSTDP	label	0x0000381B	OK		
PRINT3D	PRINT3D@HSTDP	HSTDP	code	0x00003824	OK		
PR3DFS	PR3DFS@HSTDP	HSTDP	label	0x00003828	OK		
PR3DA	PR3DA@HSTDP	HSTDP	label	0x0000382F	OK		
PR3DLOOP	PR3DLOOP@HSTDP	HSTDP	label	0x00003838	OK		
PR3DNEXT	PR3DNEXT@HSTDP	HSTDP	label	0x00003855	OK		
PR3DX	PR3DX@HSTDP	HSTDP	label	0x00003858	OK		
DHSLOOP	DHSLOOP@HSTDP	HSTDP	label	0x00003869	OK		
DHSNOBUT	DHSNOBUT@HSTDP	HSTDP	label	0x00003879	OK		
DHSLOOPX	DHSLOOPX@HSTDP	HSTDP	label	0x00003880	OK		
DHSNEXT	DHSNEXT@HSTDP	HSTDP	label	0x00003881	OK		
DHS0	DHS0@HSTDP	HSTDP	label	0x000038AE	OK		
DELETE_PRESS_OBJECTS	DELETE_PRESS_OBJECTS@HSTDP	HSTDP	code	0x000038F3	OK		
FIX_PLATES	FIX_PLATES@HSTDP	HSTDP	code	0x000038F9	OK		
FIXPL	FIXPL@HSTDP	HSTDP	label	0x000038FE	OK		
FIXPL2	FIXPL2@HSTDP	HSTDP	label	0x00003909	OK		
FIXPL3	FIXPL3@HSTDP	HSTDP	label	0x0000390C	OK		
FLY_PLATES	FLY_PLATES@HSTDP	HSTDP	code	0x00003913	OK		
FLPL	FLPL@HSTDP	HSTDP	label	0x00003917	OK		
FLPL2	FLPL2@HSTDP	HSTDP	label	0x00003926	OK		
FLPL3	FLPL3@HSTDP	HSTDP	label	0x00003929	OK		
DISPLAY_HSTEXT	DISPLAY_HSTEXT@HSTDP	HSTDP	code	0x0000392E	OK		
ENTER_HSTEXT	ENTER_HSTEXT@HSTDP	HSTDP	code	0x00003930	OK		
RACE_TEXT	RACE_TEXT@HSTDP	HSTDP	label	0x00003931	OK		
LOGOX	LOGOX@HSTDP	HSTDP	label	0x0000394B	OK		
RBMCX	RBMCX@HSTDP	HSTDP	label	0x00003952	OK		
LEG_NAMESI	LEG_NAMESI		data	0x00003953	OK		
BUFFERSI	BUFFERSI@BONUS	BONUS	data	0x00003964	OK		
BONUS_POSTLAUNCHI	BONUS_POSTLAUNCHI		data	0x00003965	OK		
BONUS_SANFRAN	BONUS_SANFRAN@BONUS	BONUS	label	0x00003966	OK		
BONUS_TABLEI	BONUS_TABLEI		data	0x0000396F	OK		
LK	LK@BONUS	BONUS	label	0x00003998	OK		
JSUB	JSUB@BONUS	BONUS	code	0x000039BF	OK		
DODIEXXX	DODIEXXX@BONUS	BONUS	label	0x00003A25	OK		
DODIE	DODIE@BONUS	BONUS	label	0x00003A2B	OK		
OBJ_DELETE_HIGH_PRIORITY	OBJ_DELETE_HIGH_PRIORITY@BONUS	BONUS	code	0x00003A2C	OK		
DELLP	DELLP@BONUS	BONUS	code	0x00003A31	OK		
DELOBJX	DELOBJX@BONUS	BONUS	label	0x00003A41	OK		
DOREG3A	DOREG3A@BONUS	BONUS	label	0x00003A68	OK		
CNR_ENTER	CNR_ENTER@BONUS	BONUS	label	0x00003A70	OK		
CONTINUE	CONTINUE@BONUS	BONUS	data	0x00003A77	OK		
PAPAPA44	PAPAPA44@BONUS	BONUS	label	0x00003A86	OK		
COOLRET	COOLRET@BONUS	BONUS	label	0x00003A9B	OK		
ISREC	ISREC@BONUS	BONUS	label	0x00003AB5	OK		
NODOHOTTIME	NODOHOTTIME@BONUS	BONUS	label	0x00003AB8	OK		
JJAG	JJAG@BONUS	BONUS	label	0x00003AC2	OK		
PAPA45X	PAPA45X@BONUS	BONUS	label	0x00003ACD	OK		
FIXPAL1	FIXPAL1@BONUS	BONUS	label	0x00003AE1	OK		
NOWAY	NOWAY@BONUS	BONUS	label	0x00003AF3	OK		
DDF1	DDF1@BONUS	BONUS	label	0x00003B01	OK		
NXTNAME	NXTNAME@BONUS	BONUS	label	0x00003B14	OK		
NOTNIN2	NOTNIN2@BONUS	BONUS	label	0x00003B1E	OK		
PAPA35X	PAPA35X@BONUS	BONUS	label	0x00003B24	OK		
NOENTER	NOENTER@BONUS	BONUS	label	0x00003B32	OK		
NOTNIN	NOTNIN@BONUS	BONUS	label	0x00003B3A	OK		
NOT_ATOZ	NOT_ATOZ@BONUS	BONUS	label	0x00003B50	OK		
NOT1ST	NOT1ST@BONUS	BONUS	label	0x00003B77	OK		
FINFIN	FINFIN@BONUS	BONUS	label	0x00003B89	OK		
CLINTON_SHOW	CLINTON_SHOW@BONUS	BONUS	label	0x00003BDB	OK		
NOCLINTON	NOCLINTON@BONUS	BONUS	label	0x00003BF3	OK		
NOENTR2	NOENTR2@BONUS	BONUS	label	0x00003C12	OK		
JAJD	JAJD@BONUS	BONUS	data	0x00003C21	OK		
TIMED_OUT	TIMED_OUT		code	0x00003C82	OK		
KILL_PLYR_SOUNDS	KILL_PLYR_SOUNDS@BONUS	BONUS	code	0x00003C8B	OK		
CONGRAT_SPEECHI	CONGRAT_SPEECHI@BONUS	BONUS	data	0x00003CBF	OK		
ISFREE	ISFREE@BONUS	BONUS	label	0x00003CE2	OK		
LCTSI	LCTSI@BONUS	BONUS	data	0x00003CEE	OK		
LNLSI	LNLSI@BONUS	BONUS	data	0x00003CEF	OK		
FLAG_POS_TABLEI	FLAG_POS_TABLEI@BONUS	BONUS	data	0x00003D95	OK		
PLACE_FLAG	PLACE_FLAG@BONUS	BONUS	code	0x00003D96	OK		
ALLDN7	ALLDN7@BONUS	BONUS	label	0x00003DDB	OK		
h2p1a_I	h2p1a_I		data	0x00003DF4	OK		
h2p2b_I	h2p2b_I		data	0x00003DF4	OK		
ISMPHT	ISMPHT@BONUS	BONUS	label	0x00003DFA	OK		
KJL	KJL@BONUS	BONUS	label	0x00003DFB	OK		
ENTER_HERE	ENTER_HERE@BONUS	BONUS	label	0x00003E0F	OK		
KKL	KKL@BONUS	BONUS	label	0x00003E3F	OK		
BLAHB	BLAHB@BONUS	BONUS	label	0x00003E9C	OK		
BONHTLP	BONHTLP@BONUS	BONUS	label	0x00003EAD	OK		
BONHTLP2	BONHTLP2@BONUS	BONUS	label	0x00003EC4	OK		
TEXTTOG	TEXTTOG@BONUS	BONUS	code	0x00003EDD	OK		
GAGA	GAGA@BONUS	BONUS	label	0x00003EE3	OK		
ISOFF	ISOFF@BONUS	BONUS	label	0x00003EE5	OK		
IBOIBO	IBOIBO@BONUS	BONUS	label	0x00003EE6	OK		
DOREG3	DOREG3@BONUS	BONUS	label	0x00003EFF	OK		
LREG3	LREG3@BONUS	BONUS	label	0x00003F04	OK		
BPL2	BPL2@BONUS	BONUS	label	0x00003F2E	OK		
KILL_THEM	KILL_THEM		code	0x00003F53	OK		
FIND_AND_REACTIVATE	FIND_AND_REACTIVATE@BONUS	BONUS	code	0x00003F61	OK		
FARLP	FARLP@BONUS	BONUS	label	0x00003F64	OK		
NOTRUT	NOTRUT@BONUS	BONUS	label	0x00003F6D	OK		
FARX	FARX@BONUS	BONUS	label	0x00003F72	OK		
KILL_THE_REANIMATORS	KILL_THE_REANIMATORS@BONUS	BONUS	code	0x00003F75	OK		
NEW_GROUPI	NEW_GROUPI@BACKGRND	BACKGRND	data	0x00003F79	OK		
DGROUPSI	DGROUPSI		data	0x00003F7A	OK		
DACT_DIST	DACT_DIST@BACKGRND	BACKGRND	data	0x00003F7D	OK		
DDACT_DIST	DDACT_DIST@BACKGRND	BACKGRND	data	0x00003F7E	OK		
ATTR_DDACT_DIST	ATTR_DDACT_DIST@BACKGRND	BACKGRND	data	0x00003F7F	OK		
FIND_STARTING_VALUES	FIND_STARTING_VALUES		code	0x00003F80	OK		
NOOVER	NOOVER@BACKGRND	BACKGRND	label	0x00003F8A	OK		
CNT	CNT@BACKGRND	BACKGRND	label	0x00003F8D	OK		
CNTN	CNTN@BACKGRND	BACKGRND	label	0x00003F90	OK		
NOWARP	NOWARP@BACKGRND	BACKGRND	label	0x00003F91	OK		
BGD_INIT	BGD_INIT		code	0x00003F9E	OK		
KKTIL	KKTIL@BACKGRND	BACKGRND	label	0x00003FB1	OK		
NOOVERD	NOOVERD@BACKGRND	BACKGRND	label	0x00003FC7	OK		
CNT55a	CNT55a@BACKGRND	BACKGRND	label	0x00003FCA	OK		
NOO2a	NOO2a@BACKGRND	BACKGRND	label	0x00003FCD	OK		
NOOVERE	NOOVERE@BACKGRND	BACKGRND	label	0x00003FE4	OK		
CNT55d	CNT55d@BACKGRND	BACKGRND	label	0x00003FE7	OK		
NOO2d	NOO2d@BACKGRND	BACKGRND	label	0x00003FEA	OK		
BGD_SLP	BGD_SLP@BACKGRND	BACKGRND	label	0x00003FF2	OK		
BGD_WATCHER	BGD_WATCHER@BACKGRND	BACKGRND	label	0x00003FF4	OK		
LLKK	LLKK@BACKGRND	BACKGRND	label	0x00003FFA	OK		
NOOVERA	NOOVERA@BACKGRND	BACKGRND	label	0x00004013	OK		
CNTFF	CNTFF@BACKGRND	BACKGRND	label	0x00004016	OK		
NOO2FF	NOO2FF@BACKGRND	BACKGRND	label	0x00004019	OK		
NO_ACTIVATION	NO_ACTIVATION@BACKGRND	BACKGRND	label	0x0000401A	OK		
NOOVERB	NOOVERB@BACKGRND	BACKGRND	label	0x00004035	OK		
CNT55	CNT55@BACKGRND	BACKGRND	label	0x00004038	OK		
NOO2	NOO2@BACKGRND	BACKGRND	label	0x0000403B	OK		
NOACT	NOACT@BACKGRND	BACKGRND	label	0x0000403C	OK		
GAMECHK	GAMECHK@BACKGRND	BACKGRND	label	0x0000404A	OK		
DO_DEL	DO_DEL@BACKGRND	BACKGRND	label	0x0000404C	OK		
SHIFT1	SHIFT1@BACKGRND	BACKGRND	label	0x0000405A	OK		
LL45	LL45@BACKGRND	BACKGRND	label	0x00004063	OK		
NODEACT	NODEACT@BACKGRND	BACKGRND	label	0x00004067	OK		
BGD_ACTIVATE_TYCOGROUP	BGD_ACTIVATE_TYCOGROUP@BACKGRND	BACKGRND	code	0x0000406B	OK		
NOTCORNFLAKE	NOTCORNFLAKE@BACKGRND	BACKGRND	label	0x00004091	OK		
NOVRDD	NOVRDD@BACKGRND	BACKGRND	label	0x0000409D	OK		
NOEXTRA	NOEXTRA@BACKGRND	BACKGRND	label	0x000040A9	OK		
L12	L12@BACKGRND	BACKGRND	label	0x000040B8	OK		
ISOVER	ISOVER@BACKGRND	BACKGRND	label	0x000040CC	OK		
JOIN_UP	JOIN_UP@BACKGRND	BACKGRND	label	0x00004102	OK		
NOTBIGOBJ	NOTBIGOBJ@BACKGRND	BACKGRND	label	0x00004110	OK		
NOTDRIVE	NOTDRIVE@BACKGRND	BACKGRND	label	0x00004120	OK		
NOTGROUND	NOTGROUND@BACKGRND	BACKGRND	label	0x0000412A	OK		
NOTSIGN	NOTSIGN@BACKGRND	BACKGRND	label	0x00004134	OK		
NOTRVSTRK	NOTRVSTRK@BACKGRND	BACKGRND	label	0x0000413E	OK		
DONELISTS	DONELISTS@BACKGRND	BACKGRND	label	0x0000414B	OK		
NOTDYNAROAD	NOTDYNAROAD@BACKGRND	BACKGRND	label	0x0000414B	OK		
ACTIVATE_X	ACTIVATE_X@BACKGRND	BACKGRND	label	0x0000414D	OK		
CHECK2	CHECK2@BACKGRND	BACKGRND	label	0x0000415D	OK		
UHNO2	UHNO2@BACKGRND	BACKGRND	label	0x00004171	OK		
CHECK2II	CHECK2II@BACKGRND	BACKGRND	label	0x0000417B	OK		
UHNO	UHNO@BACKGRND	BACKGRND	label	0x0000418E	OK		
NOOVERLAYGROUP	NOOVERLAYGROUP@BACKGRND	BACKGRND	label	0x00004199	OK		
NO_NEWLOAD	NO_NEWLOAD@BACKGRND	BACKGRND	label	0x0000419C	OK		
ADD_TO_NEWLIST	ADD_TO_NEWLIST@BACKGRND	BACKGRND	code	0x000041A8	OK		
REGADD	REGADD@BACKGRND	BACKGRND	label	0x000041B0	OK		
ADDNOBJL	ADDNOBJL@BACKGRND	BACKGRND	label	0x000041B3	OK		
ADDNOBJ_AT_END	ADDNOBJ_AT_END@BACKGRND	BACKGRND	label	0x000041B9	OK		
ISZERO	ISZERO@BACKGRND	BACKGRND	label	0x000041C2	OK		
FIND_SUBLIST_START_END	FIND_SUBLIST_START_END@BACKGRND	BACKGRND	code	0x000041C3	OK		
FSLP	FSLP@BACKGRND	BACKGRND	label	0x000041C7	OK		
FSDN	FSDN@BACKGRND	BACKGRND	label	0x000041CB	OK		
APPEND_NEWLIST	APPEND_NEWLIST@BACKGRND	BACKGRND	code	0x000041CF	OK		
SHINY_NEWLIST	SHINY_NEWLIST@BACKGRND	BACKGRND	label	0x000041DA	OK		
GROUP_DELETE	GROUP_DELETE@BACKGRND	BACKGRND	code	0x000041E2	OK		
DELLP	DELLP@BACKGRND	BACKGRND	code	0x000041EF	OK		
NXTCHK	NXTCHK@BACKGRND	BACKGRND	label	0x00004214	OK		
GET_XZ_DISTANCE	GET_XZ_DISTANCE		code	0x00004215	OK		
BGD_OROUTINE	BGD_OROUTINE@BACKGRND	BACKGRND	code	0x00004223	OK		
BGDORLP	BGDORLP@BACKGRND	BACKGRND	label	0x00004228	OK		
BGD_RFND	BGD_RFND@BACKGRND	BACKGRND	label	0x00004230	OK		
OVERCARLISTI	OVERCARLISTI@BACKGRND	BACKGRND	data	0x0000424E	OK		
FLAGANII	FLAGANII@BACKGRND	BACKGRND	data	0x00004352	OK		
FLAGANITALLI	FLAGANITALLI@BACKGRND	BACKGRND	data	0x0000435D	OK		
RUT_ANISI	RUT_ANISI		data	0x00004368	OK		
HUNGH_ANISI	HUNGH_ANISI		data	0x0000436D	OK		
BABE_PALISTI	BABE_PALISTI@BACKGRND	BACKGRND	data	0x00004376	OK		
HUNGH_ANI_REENTER	HUNGH_ANI_REENTER@BACKGRND	BACKGRND	code	0x0000439F	OK		
PLACE_ON_ROAD	PLACE_ON_ROAD@BACKGRND	BACKGRND	code	0x000043AF	OK		
PORX	PORX@BACKGRND	BACKGRND	label	0x000043BB	OK		
RUT_ANI	RUT_ANI		code	0x000043BC	OK		
PLAINANI_PROC_SLOW	PLAINANI_PROC_SLOW@BACKGRND	BACKGRND	label	0x000043D0	OK		
PLAINANI_LP_SLOW	PLAINANI_LP_SLOW@BACKGRND	BACKGRND	label	0x000043D1	OK		
J2	J2@BACKGRND	BACKGRND	label	0x00004406	OK		
FWL1	FWL1@BACKGRND	BACKGRND	label	0x0000440B	OK		
PLAINANI_PROC	PLAINANI_PROC@BACKGRND	BACKGRND	label	0x00004412	OK		
PLAINANI_LP	PLAINANI_LP@BACKGRND	BACKGRND	label	0x00004413	OK		
LOAD_SINGLE_SECTION	LOAD_SINGLE_SECTION		code	0x0000441D	OK		
LS_L12	LS_L12@BACKGRND	BACKGRND	label	0x0000442C	OK		
LS_ACTIVATE_X	LS_ACTIVATE_X@BACKGRND	BACKGRND	label	0x00004445	OK		
PLANE_FWL	PLANE_FWL@BACKGRND	BACKGRND	label	0x00004465	OK		
J87	J87@BACKGRND	BACKGRND	label	0x0000449B	OK		
J765	J765@BACKGRND	BACKGRND	label	0x000044A9	OK		
TRAIN_FWL	TRAIN_FWL@BACKGRND	BACKGRND	label	0x000044A9	OK		
TRAINX	TRAINX@BACKGRND	BACKGRND	label	0x000044C4	OK		
LS_L12O	LS_L12O@BACKGRND	BACKGRND	label	0x000044DE	OK		
LS_ACTIVATE_XO	LS_ACTIVATE_XO@BACKGRND	BACKGRND	label	0x00004505	OK		
ROUTINE_TABI	ROUTINE_TABI@BACKGRND	BACKGRND	data	0x00004511	OK		
INITIALIZATION_MOTION_CHECK	INITIALIZATION_MOTION_CHECK		code	0x00004541	OK		
JAJA66	JAJA66@MOTION	MOTION	label	0x0000456A	OK		
JAJA887	JAJA887@MOTION	MOTION	label	0x0000456B	OK		
SAFETY_ERROR_CHK	SAFETY_ERROR_CHK@MOTION	MOTION	label	0x00004571	OK		
NO_ERRORMIL	NO_ERRORMIL@MOTION	MOTION	label	0x00004585	OK		
NO_UP_LIM_YET	NO_UP_LIM_YET@MOTION	MOTION	label	0x000045AE	OK		
NO_UP_SAFETY_ERROR	NO_UP_SAFETY_ERROR@MOTION	MOTION	label	0x000045B6	OK		
GOT_ALL_UPPERS	GOT_ALL_UPPERS@MOTION	MOTION	label	0x000045B8	OK		
NO_LO_LIM_YET	NO_LO_LIM_YET@MOTION	MOTION	label	0x000045E5	OK		
NO_LO_SAFETY_ERROR	NO_LO_SAFETY_ERROR@MOTION	MOTION	label	0x000045ED	OK		
GOT_ALL_LOWERS	GOT_ALL_LOWERS@MOTION	MOTION	label	0x000045EF	OK		
SEND_MOTOR_OFF_NO_RESET	SEND_MOTOR_OFF_NO_RESET@MOTION	MOTION	code	0x00004626	OK		
MOTOFF_LOOP	MOTOFF_LOOP@MOTION	MOTION	label	0x00004632	OK		
MOTOFF_DONE	MOTOFF_DONE@MOTION	MOTION	label	0x0000464E	OK		
INIT_MOTION_ERROROUT	INIT_MOTION_ERROROUT@MOTION	MOTION	label	0x00004655	OK		
NNE1	NNE1@MOTION	MOTION	label	0x00004685	OK		
FFFD	FFFD@MOTION	MOTION	label	0x0000468C	OK		
BABAID	BABAID@MOTION	MOTION	data	0x00004695	OK		
WAIT500	WAIT500@MOTION	MOTION	code	0x0000469A	OK		
WT500X	WT500X@MOTION	MOTION	label	0x000046A2	OK		
CHECK_MOTION_DIP	CHECK_MOTION_DIP		code	0x000046A4	OK		
CHECK_MOTION_PRESENT	CHECK_MOTION_PRESENT		code	0x000046AE	OK		
PLMOTION	PLMOTION		code	0x0000473B	OK		
NOCHECK	NOCHECK@MOTION	MOTION	data	0x00004748	OK		
NO_NEW_MOTION_ERRORS	NO_NEW_MOTION_ERRORS@MOTION	MOTION	label	0x00004757	OK		
NO_PREVMOTION_ERRORS	NO_PREVMOTION_ERRORS@MOTION	MOTION	label	0x0000476B	OK		
NOTTLRST	NOTTLRST@MOTION	MOTION	data	0x00004785	OK		
LEVEL_THE_MOTION	LEVEL_THE_MOTION		code	0x00004845	OK		
DOWNLOAD_PROGRAM	DOWNLOAD_PROGRAM@MOTION	MOTION	code	0x000048D5	OK		
IBO654	IBO654@MOTION	MOTION	label	0x000048D5	OK		
DNF	DNF@MOTION	MOTION	label	0x000048DC	OK		
SEND_CMD	SEND_CMD		code	0x000048E3	OK		
LLKK	LLKK@MOTION	MOTION	label	0x000048FF	OK		
REGLP	REGLP@MOTION	MOTION	label	0x00004903	OK		
KKKII	KKKII@MOTION	MOTION	label	0x00004912	OK		
RESET_GALIL	RESET_GALIL		code	0x0000491C	OK		
ABORT_RESET_GALIL	ABORT_RESET_GALIL		code	0x00004947	OK		
MOTION_DLPROG	MOTION_DLPROG		code	0x00004965	OK		
WAITMSEC	WAITMSEC@MOTION	MOTION	code	0x000049A2	OK		
WTMLP	WTMLP@MOTION	MOTION	label	0x000049A3	OK		
CME_MASK	CME_MASK@MOTION	MOTION	data	0x000049A6	OK		
CHECK_MOTION_ERROR	CHECK_MOTION_ERROR@MOTION	MOTION	code	0x000049A7	OK		
CME_NO_MOTION_ERRORS	CME_NO_MOTION_ERRORS@MOTION	MOTION	label	0x000049B4	OK		
CLEAR_LATCH_ERROR	CLEAR_LATCH_ERROR		code	0x000049B8	OK		
LATCH_ERROR	LATCH_ERROR		code	0x000049C2	OK		
G_READY	G_READY@MOTION	MOTION	code	0x000049C9	OK		
G_CHAR	G_CHAR@MOTION	MOTION	code	0x000049DF	OK		
GS0	GS0@MOTION	MOTION	label	0x000049FB	OK		
G_STRING	G_STRING@MOTION	MOTION	code	0x000049FB	OK		
NOTPERR	NOTPERR@MOTION	MOTION	label	0x00004A06	OK		
NOTQSTATUS	NOTQSTATUS@MOTION	MOTION	label	0x00004A11	OK		
NOTQQERRORX	NOTQQERRORX@MOTION	MOTION	label	0x00004A15	OK		
NOTQQERRORY	NOTQQERRORY@MOTION	MOTION	label	0x00004A19	OK		
SHOWENCODER	SHOWENCODER@MOTION	MOTION	label	0x00004A1D	OK		
NOTQQERRORZ	NOTQQERRORZ@MOTION	MOTION	label	0x00004A2C	OK		
GS1	GS1@MOTION	MOTION	label	0x00004A32	OK		
GS2	GS2@MOTION	MOTION	label	0x00004A38	OK		
GSX	GSX@MOTION	MOTION	label	0x00004A3E	OK		
G_HEX	G_HEX@MOTION	MOTION	code	0x00004A3F	OK		
GHX	GHX@MOTION	MOTION	label	0x00004A50	OK		
ASCIIHEX	ASCIIHEX@MOTION	MOTION	code	0x00004A52	OK		
AH1	AH1@MOTION	MOTION	label	0x00004A5B	OK		
ASCERR	ASCERR@MOTION	MOTION	label	0x00004A5D	OK		
WAIT_ACK	WAIT_ACK		code	0x00004A5F	OK		
WAIT_ACK_LOOP	WAIT_ACK_LOOP@MOTION	MOTION	label	0x00004A66	OK		
EXITL2	EXITL2@MOTION	MOTION	label	0x00004A6F	OK		
NO_RESPONSE	NO_RESPONSE@MOTION	MOTION	label	0x00004A71	OK		
WAIT_ACK_REAL	WAIT_ACK_REAL@MOTION	MOTION	code	0x00004A76	OK		
WAR0	WAR0@MOTION	MOTION	label	0x00004A77	OK		
WAR1	WAR1@MOTION	MOTION	label	0x00004A7C	OK		
WAR1L	WAR1L@MOTION	MOTION	label	0x00004A7D	OK		
EXITL2A	EXITL2A@MOTION	MOTION	label	0x00004A82	OK		
UPPER_LIMIT_ERROR	UPPER_LIMIT_ERROR@MOTION	MOTION	label	0x00004A83	OK		
ULL1	ULL1@MOTION	MOTION	label	0x00004A9C	OK		
ULL2	ULL2@MOTION	MOTION	label	0x00004AA3	OK		
ULL3	ULL3@MOTION	MOTION	label	0x00004AAA	OK		
LOWER_LIMIT_ERROR	LOWER_LIMIT_ERROR@MOTION	MOTION	label	0x00004AAE	OK		
LLL1	LLL1@MOTION	MOTION	label	0x00004ACD	OK		
LLL2	LLL2@MOTION	MOTION	label	0x00004AD4	OK		
LLL3	LLL3@MOTION	MOTION	label	0x00004ADB	OK		
DATE_STAMP	DATE_STAMP		data	0x00004ADF	OK		
_c_int00	_c_int00		code	0x00004AE6	OK		
LD_RAM	LD_RAM@CUSA	CUSA	label	0x00004B18	OK		
DIAG_RETURN	DIAG_RETURN		code	0x00004B39	OK		
DR1	DR1@CUSA	CUSA	label	0x00004B3C	OK		
LD_RAM2	LD_RAM2@CUSA	CUSA	label	0x00004B50	OK		
NOPEIT	NOPEIT@CUSA	CUSA	label	0x00004BAE	OK		
NODO1	NODO1@CUSA	CUSA	label	0x00004BCA	OK		
MAINLOOP	MAINLOOP@CUSA	CUSA	label	0x00004BD1	OK		
MWAIT0	MWAIT0@CUSA	CUSA	label	0x00004BDF	OK		
MWAIT	MWAIT@CUSA	CUSA	label	0x00004BE5	OK		
ENTER2	ENTER2@CUSA	CUSA	label	0x00004BE7	OK		
DOIT8	DOIT8@CUSA	CUSA	label	0x00004C01	OK		
NHUD	NHUD@CUSA	CUSA	label	0x00004C02	OK		
NODO555	NODO555@CUSA	CUSA	label	0x00004C0E	OK		
COLD_ENTER	COLD_ENTER		code	0x00004C2C	OK		
C_WAIT	C_WAIT@CUSA	CUSA	label	0x00004C3B	OK		
REGIT	REGIT@CUSA	CUSA	label	0x00004C89	OK		
NTEST	NTEST@CUSA	CUSA	label	0x00004C8C	OK		
PAGE1	PAGE1@CUSA	CUSA	label	0x00004C9E	OK		
DN_PAGE	DN_PAGE@CUSA	CUSA	label	0x00004CA0	OK		
NCLRSCR	NCLRSCR@CUSA	CUSA	label	0x00004CA0	OK		
NOSTOPWUPDT	NOSTOPWUPDT@CUSA	CUSA	label	0x00004CA5	OK		
JJ88	JJ88@CUSA	CUSA	label	0x00004CBB	OK		
NOTASEC	NOTASEC@CUSA	CUSA	data	0x00004CC6	OK		
SWRAMI	SWRAMI@CUSA	CUSA	data	0x00004CFF	OK		
READIO	READIO@CUSA	CUSA	code	0x00004D00	OK		
NIGY	NIGY@CUSA	CUSA	label	0x00004D38	OK		
VOL_MINUS	VOL_MINUS@CUSA	CUSA	code	0x00004D39	OK		
VOL_PLUS	VOL_PLUS@CUSA	CUSA	code	0x00004D4E	OK		
VOLJN	VOLJN@CUSA	CUSA	label	0x00004D62	OK		
DIAG_TOGGLE	DIAG_TOGGLE@CUSA	CUSA	code	0x00004D72	OK		
DTXX	DTXX@CUSA	CUSA	label	0x00004D7E	OK		
EXITR	EXITR@CUSA	CUSA	label	0x00004DEA	OK		
SWDISP	SWDISP@CUSA	CUSA	code	0x00004DF7	OK		
SWTLP	SWTLP@CUSA	CUSA	label	0x00004DFE	OK		
NOGPROC	NOGPROC@CUSA	CUSA	label	0x00004E08	OK		
SWSTX	SWSTX@CUSA	CUSA	label	0x00004E0A	OK		
SWTABI	SWTABI@CUSA	CUSA	data	0x00004E0B	OK		
CHECKDIAG	CHECKDIAG		code	0x00004E2C	OK		
PBSS_PTR	PBSS_PTR@CUSA	CUSA	data	0x00004E2F	OK		
PBSS_BSSEND	PBSS_BSSEND@CUSA	CUSA	data	0x00004E30	OK		
CLR_PBSS	CLR_PBSS@CUSA	CUSA	code	0x00004E31	OK		
PRAMCLP	PRAMCLP@CUSA	CUSA	label	0x00004E3C	OK		
RAM_PTR	RAM_PTR@CUSA	CUSA	data	0x00004E44	OK		
RAM_BSSEND	RAM_BSSEND@CUSA	CUSA	data	0x00004E45	OK		
CLR_RAM	CLR_RAM		code	0x00004E46	OK		
RAMCLP	RAMCLP@CUSA	CUSA	label	0x00004E51	OK		
CLEAR_ONCHIPRAM	CLEAR_ONCHIPRAM@CUSA	CUSA	label	0x00004E58	OK		
BUTTONS	BUTTONS@CUSA	CUSA	code	0x00004E60	OK		
JUSTGOON	JUSTGOON@CUSA	CUSA	label	0x00004E6E	OK		
BUT3	BUT3@CUSA	CUSA	label	0x00004E72	OK		
NOSTART	NOSTART@CUSA	CUSA	label	0x00004E83	OK		
PAPAFFD	PAPAFFD@CUSA	CUSA	label	0x00004E87	OK		
BUTLITE	BUTLITE@CUSA	CUSA	label	0x00004E88	OK		
KKDAK	KKDAK@CUSA	CUSA	label	0x00004E9D	OK		
FDDDA	FDDDA@CUSA	CUSA	label	0x00004E9F	OK		
DIAG_BUTTONS	DIAG_BUTTONS@CUSA	CUSA	label	0x00004EAC	OK		
DGBT	DGBT@CUSA	CUSA	label	0x00004EBD	OK		
WAIT_FOR_VBLANK	WAIT_FOR_VBLANK		code	0x00004ED8	OK		
WAIT1	WAIT1@CUSA	CUSA	label	0x00004ED9	OK		
CRT_REG_SETUP_STRI	CRT_REG_SETUP_STRI@CUSA	CUSA	data	0x00004EDC	OK		
CRT_REG_SETUP	CRT_REG_SETUP@CUSA	CUSA	code	0x00004EDD	OK		
CRTRGLP	CRTRGLP@CUSA	CUSA	label	0x00004EE9	OK		
FIFO_RESET	FIFO_RESET		code	0x00004EF4	OK		
TIMER_RESET	TIMER_RESET		code	0x00004F0A	OK		
TIMER_READ	TIMER_READ		code	0x00004F13	OK		
TIMERAMI	TIMERAMI@CUSA	CUSA	data	0x00004F18	OK		
TIMERESET	TIMERESET@CUSA	CUSA	code	0x00004F19	OK		
TIMELP	TIMELP@CUSA	CUSA	label	0x00004F2C	OK		
TIMEL1	TIMEL1@CUSA	CUSA	label	0x00004F2F	OK		
TIMEREC	TIMEREC@CUSA	CUSA	code	0x00004F38	OK		
MESSAGE1	MESSAGE1@CUSA	CUSA	code	0x00004F43	OK		
DODOIBO	DODOIBO@CUSA	CUSA	label	0x00004F80	OK		
HJSADF	HJSADF@CUSA	CUSA	label	0x00004F83	OK		
MSG1	MSG1@CUSA	CUSA	code	0x00004F9F	OK		
MSG2	MSG2@CUSA	CUSA	code	0x00004FB1	OK		
LINKDISABLED	LINKDISABLED@CUSA	CUSA	data	0x00004FBB	OK		
IAMMASTER	IAMMASTER@CUSA	CUSA	data	0x00004FBC	OK		
IAMSLAVE	IAMSLAVE@CUSA	CUSA	data	0x00004FBD	OK		
TPALI	TPALI@CUSA	CUSA	data	0x00004FBE	OK		
TPALNI	TPALNI@CUSA	CUSA	data	0x00004FBF	OK		
MSG3	MSG3@CUSA	CUSA	code	0x00004FC0	OK		
STATE_TABLEI	STATE_TABLEI@CUSA	CUSA	data	0x00004FD1	OK		
STATE_MASK	STATE_MASK@CUSA	CUSA	data	0x00004FD2	OK		
CHECK_STATE	CHECK_STATE@CUSA	CUSA	code	0x00004FD3	OK		
NEXTSTATE	NEXTSTATE@CUSA	CUSA	label	0x00004FEC	OK		
DODIAG	DODIAG@CUSA	CUSA	label	0x00004FF4	OK		
ABORT_STATE	ABORT_STATE@CUSA	CUSA	label	0x00004FF8	OK		
BUTTONI	BUTTONI@CUSA	CUSA	data	0x00004FFC	OK		
DASHLIGHT	DASHLIGHT@CUSA	CUSA	label	0x00005001	OK		
CMOS_ERROR	CMOS_ERROR@CUSA	CUSA	label	0x00005014	OK		
VERSION_UPDATE	VERSION_UPDATE@CUSA	CUSA	label	0x0000502B	OK		
FAKEDIAG	FAKEDIAG		code	0x00005045	OK		
FEED_WATCHDOG	FEED_WATCHDOG		code	0x0000504E	OK		
FEED_WATCHDOG_HARD_CUSA	FEED_WATCHDOG_HARD_CUSA		data	0x00005061	OK		
VERIFY_CODE_INTEGRITY	VERIFY_CODE_INTEGRITY		code	0x00005075	OK		
RACER_PTRI	RACER_PTRI		data	0x000050B3	OK		
DIFF_CHANGE	DIFF_CHANGE		code	0x000050B5	OK		
COMPTRAK	COMPTRAK		code	0x0000528D	OK		
CKAHEAD	CKAHEAD		code	0x0000539A	OK		
SPOS_INIT	SPOS_INIT		code	0x00005522	OK		
LOOP56	LOOP56@RACER	RACER	label	0x0000552C	OK		
LOOP56A	LOOP56A@RACER	RACER	label	0x0000553E	OK		
OFFANDDONE	OFFANDDONE@RACER	RACER	label	0x0000554B	OK		
WRECKST	WRECKST		code	0x00005568	OK		
WRECK	WRECK		code	0x0000558C	OK		
WRECK1	WRECK1@RACER	RACER	label	0x000055B1	OK		
WRECKSLP	WRECKSLP@RACER	RACER	label	0x000055C2	OK		
LOAD_ATTR_LEG	LOAD_ATTR_LEG		code	0x00005A0E	OK		
EPALR	EPALR		data	0x00005A15	OK		
EPALL	EPALL		data	0x00005A16	OK		
TRANSCHOICE	TRANSCHOICE		code	0x00005BE1	OK		
GET_UNIT_WHEEL	GET_UNIT_WHEEL		code	0x00005BEA	OK		
CLEAR_MAP_PALS	CLEAR_MAP_PALS		code	0x00005FCC	OK		
IBOIBO	IBOIBO@MAP	MAP	label	0x00005FD1	OK		
FORMULA1	FORMULA1@MAP	MAP	data	0x00005FEC	OK		
MAPPAL_ILLUM	MAPPAL_ILLUM@MAP	MAP	code	0x00005FFD	OK		
JAJA4	JAJA4@MAP	MAP	label	0x0000605E	OK		
JAJA5	JAJA5@MAP	MAP	label	0x000060B1	OK		
COLONI	COLONI@MAP	MAP	data	0x000060C0	OK		
tmp_bufferI	tmp_bufferI@MAP	MAP	data	0x000060C3	OK		
TIME2STR	TIME2STR		code	0x000060C4	OK		
MINFACT	MINFACT@MAP	MAP	data	0x000060E5	OK		
SECFACT	SECFACT@MAP	MAP	data	0x000060E6	OK		
HUNFACT	HUNFACT@MAP	MAP	data	0x000060E7	OK		
CVTTIME	CVTTIME		code	0x000060E8	OK		
RADAR_PLOT	RADAR_PLOT		code	0x0000610A	OK		
RADAR_LP	RADAR_LP@MAP	MAP	label	0x00006128	OK		
GL14	GL14@MAP	MAP	label	0x00006181	OK		
GL15	GL15@MAP	MAP	label	0x00006197	OK		
ISBEHIND	ISBEHIND@MAP	MAP	label	0x000061A9	OK		
DADA4	DADA4@MAP	MAP	label	0x000061B0	OK		
NOTTHEOPLYR	NOTTHEOPLYR@MAP	MAP	label	0x000061B4	OK		
RADAR_X	RADAR_X@MAP	MAP	label	0x000061CE	OK		
NODOAP	NODOAP@MAP	MAP	label	0x000061EB	OK		
CHIPTEST_TABLEI	CHIPTEST_TABLEI@MEMTEST	MEMTEST	data	0x000061ED	OK		
CHIPTEST_TABLE	CHIPTEST_TABLE@MEMTEST	MEMTEST	data	0x000061EE	OK		
STATIC_TABLE	STATIC_TABLE@MEMTEST	MEMTEST	data	0x00006218	OK		
TESTING_CHIPS	TESTING_CHIPS@MEMTEST	MEMTEST	data	0x00006234	OK		
CMOS_CHIP	CMOS_CHIP@MEMTEST	MEMTEST	data	0x000062F9	OK		
TEST_STATIC_CHIPS	TEST_STATIC_CHIPS		code	0x00006300	OK		
GET_AR4_DIGITS	GET_AR4_DIGITS@MEMTEST	MEMTEST	code	0x00006322	OK		
R1R2ZER	R1R2ZER@MEMTEST	MEMTEST	label	0x00006335	OK		
R3ZERO	R3ZERO@MEMTEST	MEMTEST	label	0x00006336	OK		
NZERO	NZERO@MEMTEST	MEMTEST	label	0x00006337	OK		
BLINK_AND_CONTINUE	BLINK_AND_CONTINUE@MEMTEST	MEMTEST	code	0x00006338	OK		
ELOOP	ELOOP@MEMTEST	MEMTEST	label	0x0000634A	OK		
LLED_ON	LLED_ON@MEMTEST	MEMTEST	code	0x0000634C	OK		
LLED_OFF	LLED_OFF@MEMTEST	MEMTEST	code	0x00006353	OK		
BLINK_DIGITS	BLINK_DIGITS@MEMTEST	MEMTEST	code	0x0000635A	OK		
BDL1X	BDL1X@MEMTEST	MEMTEST	label	0x00006370	OK		
BDL2X	BDL2X@MEMTEST	MEMTEST	label	0x00006386	OK		
BDL3X	BDL3X@MEMTEST	MEMTEST	label	0x0000639C	OK		
TEST_CHIPS	TEST_CHIPS		code	0x000063AC	OK		
TESTLP1	TESTLP1@MEMTEST	MEMTEST	label	0x000063C4	OK		
CHECK_AS_RAM	CHECK_AS_RAM@MEMTEST	MEMTEST	label	0x000063D2	OK		
DN_CHK	DN_CHK@MEMTEST	MEMTEST	label	0x000063E3	OK		
TEST_CHIPSX	TEST_CHIPSX@MEMTEST	MEMTEST	label	0x000063FB	OK		
PLOT_OUTLINE_OF_CHIPS	PLOT_OUTLINE_OF_CHIPS@MEMTEST	MEMTEST	code	0x000063FD	OK		
POOCL	POOCL@MEMTEST	MEMTEST	label	0x000063FE	OK		
CMOS_CHIP_DISPLAY	CMOS_CHIP_DISPLAY@MEMTEST	MEMTEST	code	0x00006417	OK		
CMOS_CHIP_TEST	CMOS_CHIP_TEST@MEMTEST	MEMTEST	code	0x0000642E	OK		
RND2	RND2@MEMTEST	MEMTEST	label	0x00006451	OK		
CM_ISERROR	CM_ISERROR@MEMTEST	MEMTEST	label	0x00006456	OK		
KKJJ	KKJJ@MEMTEST	MEMTEST	label	0x00006458	OK		
TEST_BASICS	TEST_BASICS@MEMTEST	MEMTEST	code	0x00006478	OK		
RAMTEST	RAMTEST@MEMTEST	MEMTEST	code	0x00006527	OK		
COPY_RAMTEST	COPY_RAMTEST@MEMTEST	MEMTEST	code	0x00006573	OK		
GENERATE_CHECKSUM	GENERATE_CHECKSUM@MEMTEST	MEMTEST	code	0x0000657D	OK		
LANEPI	LANEPI		data	0x000065BF	OK		
FIND_PLAYERS_POSITION	FIND_PLAYERS_POSITION		code	0x000065D0	OK		
FPPLP	FPPLP@DRONES	DRONES	label	0x000065D7	OK		
NNEG	NNEG@DRONES	DRONES	label	0x000065DE	OK		
FPP1	FPP1@DRONES	DRONES	label	0x000065F4	OK		
FPP2	FPP2@DRONES	DRONES	label	0x000065FC	OK		
NXTLP1	NXTLP1@DRONES	DRONES	label	0x00006610	OK		
NXTLP	NXTLP@DRONES	DRONES	label	0x00006612	OK		
FPPX	FPPX@DRONES	DRONES	label	0x00006615	OK		
SET_DRONE_PAL	SET_DRONE_PAL		code	0x000066B7	OK		
NO_EPALS	NO_EPALS@DRONES	DRONES	label	0x000066CF	OK		
GET_LANES	GET_LANES		code	0x000066D2	OK		
GL_FND	GL_FND@DRONES	DRONES	label	0x000066E1	OK		
DIST_TO_PLYR	DIST_TO_PLYR		code	0x000066E7	OK		
GET_TRACK_POS	GET_TRACK_POS		code	0x0000671E	OK		
TRKP2	TRKP2@DRONES	DRONES	label	0x00006725	OK		
SF_ENTER2	SF_ENTER2@DRONES	DRONES	label	0x00006740	OK		
DELTA_JOININ	DELTA_JOININ@DRONES	DRONES	label	0x00006754	OK		
DELTA_SUB_FUNCTION	DELTA_SUB_FUNCTION		code	0x0000676B	OK		
SFENTER66	SFENTER66@DRONES	DRONES	label	0x00006771	OK		
INIT_DRONES	INIT_DRONES		code	0x0000677F	OK		
ADD_DRONE	ADD_DRONE		code	0x0000678D	OK		
FREE_DRONE	FREE_DRONE		code	0x00006796	OK		
FREELP	FREELP@DRONES	DRONES	label	0x0000679B	OK		
FREEDR_X	FREEDR_X@DRONES	DRONES	label	0x000067A5	OK		
EXP_PUFFLP	EXP_PUFFLP@DRONES	DRONES	label	0x000067C4	OK		
EXP_DIE	EXP_DIE@DRONES	DRONES	label	0x000067D7	OK		
EXP_ANII	EXP_ANII@DRONES	DRONES	data	0x000067DA	OK		
PRECOLLIDE_PLYR	PRECOLLIDE_PLYR		code	0x000067DB	OK		
NOT_IMMINENT	NOT_IMMINENT@DRONES	DRONES	label	0x0000680C	OK		
DRONE_RIDE_RIGHT	DRONE_RIDE_RIGHT		code	0x0000680E	OK		
PLYR_RIDE_RIGHT	PLYR_RIDE_RIGHT		code	0x00006817	OK		
RIDE_RIGHT_JOININ	RIDE_RIGHT_JOININ@DRONES	DRONES	label	0x00006823	OK		
PRR_ONRITE	PRR_ONRITE@DRONES	DRONES	label	0x00006843	OK		
PRR_X	PRR_X@DRONES	DRONES	label	0x00006844	OK		
TEXTTABSI	TEXTTABSI		data	0x00006915	OK		
TITLES	TITLES		data	0x0000691A	OK		
AHEAD_OF_PLAYER_P	AHEAD_OF_PLAYER_P		code	0x0000691F	OK		
ISBEHIND	ISBEHIND@DRONES	DRONES	label	0x0000693C	OK		
AHEADOF	AHEADOF@DRONES	DRONES	label	0x00006941	OK		
PLYRROADKILL	PLYRROADKILL		code	0x00006946	OK		
FINDLP	FINDLP@ROADKILL	ROADKILL	label	0x0000694C	OK		
PLYRKX	PLYRKX@ROADKILL	ROADKILL	label	0x00006953	OK		
CHECK_COLLISION	CHECK_COLLISION@ROADKILL	ROADKILL	code	0x00006957	OK		
CCOLLX	CCOLLX@ROADKILL	ROADKILL	label	0x00006967	OK		
CHECK_OFFSET	CHECK_OFFSET@ROADKILL	ROADKILL	code	0x00006968	OK		
COFFX	COFFX@ROADKILL	ROADKILL	label	0x00006982	OK		
ROADKILL_FLYERP	ROADKILL_FLYERP		code	0x00006984	OK		
NORMAL_ROADKILL	NORMAL_ROADKILL@ROADKILL	ROADKILL	label	0x0000698F	OK		
RKFP	RKFP@ROADKILL	ROADKILL	label	0x00006997	OK		
RKFPX	RKFPX@ROADKILL	ROADKILL	label	0x00006998	OK		
ROADKILL_HIT	ROADKILL_HIT		code	0x0000699C	OK		
DO_PLYR	DO_PLYR@ROADKILL	ROADKILL	label	0x000069B7	OK		
PKQ	PKQ@ROADKILL	ROADKILL	label	0x000069BD	OK		
ROADKILL_SETKILL	ROADKILL_SETKILL		code	0x000069C2	OK		
NNWAY	NNWAY@ROADKILL	ROADKILL	label	0x000069D0	OK		
OBJ_MOVE_GROUND	OBJ_MOVE_GROUND		code	0x000069D3	OK		
OMGX	OMGX@ROADKILL	ROADKILL	label	0x000069EB	OK		
GET_ROADKILL_TRACK	GET_ROADKILL_TRACK		code	0x000069EC	OK		
OUT_OF_TRACK	OUT_OF_TRACK@ROADKILL	ROADKILL	label	0x000069F5	OK		
PROC_COUNT	PROC_COUNT		code	0x00006A01	OK		
PCLP	PCLP@ROADKILL	ROADKILL	label	0x00006A04	OK		
PC1	PC1@ROADKILL	ROADKILL	label	0x00006A09	OK		
CSPSLEEP	CSPSLEEP@ROADKILL	ROADKILL	label	0x00006A17	OK		
CSPLP	CSPLP@ROADKILL	ROADKILL	label	0x00006A1C	OK		
CSPX	CSPX@ROADKILL	ROADKILL	label	0x00006A29	OK		
COW_WAIT	COW_WAIT@ROADKILL	ROADKILL	label	0x00006A31	OK		
COW_SLEEP	COW_SLEEP@ROADKILL	ROADKILL	label	0x00006A44	OK		
COW_DIE	COW_DIE@ROADKILL	ROADKILL	label	0x00006A47	OK		
DEER_SPAWNER_PROC	DEER_SPAWNER_PROC		code	0x00006A48	OK		
DSPLP	DSPLP@ROADKILL	ROADKILL	label	0x00006A51	OK		
DSPX	DSPX@ROADKILL	ROADKILL	label	0x00006A5E	OK		
DEERANI_LOOP	DEERANI_LOOP@ROADKILL	ROADKILL	label	0x00006A63	OK		
DEER_DIE	DEER_DIE@ROADKILL	ROADKILL	label	0x00006A6A	OK		
INIT_DEER	INIT_DEER@ROADKILL	ROADKILL	code	0x00006A6B	OK		
INIT_COW	INIT_COW@ROADKILL	ROADKILL	code	0x00006A6D	OK		
INIT_DEERX	INIT_DEERX@ROADKILL	ROADKILL	label	0x00006A90	OK		
DEER_EXPLODE	DEER_EXPLODE		code	0x00006A91	OK		
MAKE_PARTSLP	MAKE_PARTSLP@ROADKILL	ROADKILL	label	0x00006A9C	OK		
DEER_EXPX	DEER_EXPX@ROADKILL	ROADKILL	label	0x00006AB3	OK		
NO_NEG	NO_NEG@ROADKILL	ROADKILL	label	0x00006AC1	OK		
NO_SPINOUT	NO_SPINOUT@ROADKILL	ROADKILL	label	0x00006ACC	OK		
MAKE_NOCOLL	MAKE_NOCOLL@ROADKILL	ROADKILL	code	0x00006AD1	OK		
FLYING_PARTS	FLYING_PARTS		code	0x00006AFE	OK		
FLY_PARTS	FLY_PARTS@ROADKILL	ROADKILL	code	0x00006B04	OK		
FLY_PARTSX	FLY_PARTSX@ROADKILL	ROADKILL	label	0x00006B3E	OK		
DELETE_SPLAT	DELETE_SPLAT		code	0x00006C7D	OK		
DBSLP	DBSLP@ROADKILL	ROADKILL	label	0x00006C7D	OK		
DBSX	DBSX@ROADKILL	ROADKILL	label	0x00006C83	OK		
CRUISE2	CRUISE2@TRACKSEL	TRACKSEL	data	0x00006CB8	OK		
CRUISE3	CRUISE3@TRACKSEL	TRACKSEL	data	0x00006CB9	OK		
MOTION_SCREWED	MOTION_SCREWED		data	0x00006D0E	OK		
CLEANUP_TRACKSEL_PALS	CLEANUP_TRACKSEL_PALS		code	0x00006E26	OK		
RESTORE_HIDDEN	RESTORE_HIDDEN@TRACKSEL	TRACKSEL	code	0x00006E29	OK		
NHT1	NHT1@TRACKSEL	TRACKSEL	label	0x00006E4D	OK		
NHT2	NHT2@TRACKSEL	TRACKSEL	label	0x00006E5F	OK		
NHT3	NHT3@TRACKSEL	TRACKSEL	label	0x00006E73	OK		
HIDDTX	HIDDTX@TRACKSEL	TRACKSEL	label	0x00006E79	OK		
NDDR	NDDR@TRACKSEL	TRACKSEL	label	0x00006E7F	OK		
NSND	NSND@TRACKSEL	TRACKSEL	label	0x00006E85	OK		
R55	R55@TRACKSEL	TRACKSEL	label	0x00006E8F	OK		
R56	R56@TRACKSEL	TRACKSEL	label	0x00006E95	OK		
R66	R66@TRACKSEL	TRACKSEL	label	0x00006E9A	OK		
NH	NH@TRACKSEL	TRACKSEL	label	0x00006E9D	OK		
KK88	KK88@TRACKSEL	TRACKSEL	label	0x00006E9F	OK		
NOTTHEWH	NOTTHEWH@TRACKSEL	TRACKSEL	label	0x00006ECC	OK		
TRACK_SELECTION_LISTI	TRACK_SELECTION_LISTI@TRACKSEL	TRACKSEL	data	0x00006FF0	OK		
OFREEI	OFREEI		data	0x00007014	OK		
OBJSTRI	OBJSTRI		data	0x00007015	OK		
OBJ_INIT	OBJ_INIT		code	0x00007016	OK		
OINITL	OINITL@OBJ	OBJ	label	0x0000702E	OK		
OBJ_GETE	OBJ_GETE		code	0x00007035	OK		
NOT_ILLUM	NOT_ILLUM@OBJ	OBJ	label	0x00007042	OK		
NOT_1PAL	NOT_1PAL@OBJ	OBJ	label	0x0000704C	OK		
OBJ_GET	OBJ_GET		code	0x00007050	OK		
NOOBJ	NOOBJ@OBJ	OBJ	label	0x00007078	OK		
GETDIST	GETDIST@OBJ	OBJ	code	0x00007083	OK		
OBJ_INSERTP	OBJ_INSERTP		code	0x0000709B	OK		
INSOBJLP	INSOBJLP@OBJ	OBJ	label	0x000070A5	OK		
INS_AT_ENDP	INS_AT_ENDP@OBJ	OBJ	label	0x000070AB	OK		
OBJ_INSERTHP	OBJ_INSERTHP		code	0x000070B8	OK		
OBJ_INSERT	OBJ_INSERT		code	0x000070BE	OK		
INSIDLE	INSIDLE@OBJ	OBJ	label	0x000070C8	OK		
INSACT	INSACT@OBJ	OBJ	label	0x000070D0	OK		
INSOBJL	INSOBJL@OBJ	OBJ	label	0x000070D5	OK		
INS_AT_END	INS_AT_END@OBJ	OBJ	label	0x000070DB	OK		
INSOBJX	INSOBJX@OBJ	OBJ	label	0x000070DD	OK		
OBJ_FIND_FIRST_PRIORITY	OBJ_FIND_FIRST_PRIORITY		code	0x000070E3	OK		
OBJ_FIND_FIRST	OBJ_FIND_FIRST		code	0x000070E6	OK		
L89	L89@OBJ	OBJ	label	0x000070E8	OK		
FF_LP	FF_LP@OBJ	OBJ	label	0x000070EA	OK		
FF_ERR	FF_ERR@OBJ	OBJ	label	0x000070EF	OK		
FF_OK	FF_OK@OBJ	OBJ	label	0x000070F2	OK		
OBJ_FREE_GROUND	OBJ_FREE_GROUND		code	0x000070F5	OK		
OBJ_FREE_SIGN	OBJ_FREE_SIGN		code	0x000070FA	OK		
DELSLP	DELSLP@OBJ	OBJ	label	0x000070FE	OK		
NOT_ON_SUPPXLIST	NOT_ON_SUPPXLIST@OBJ	OBJ	label	0x0000710D	OK		
OBJ_FREE_DRIVE	OBJ_FREE_DRIVE		code	0x00007110	OK		
DELRLP	DELRLP@OBJ	OBJ	label	0x00007114	OK		
NOT_ON_SUPPROADLIST	NOT_ON_SUPPROADLIST@OBJ	OBJ	label	0x00007123	OK		
OBJ_FREE_PROC	OBJ_FREE_PROC		code	0x00007126	OK		
OBJ_DELETE	OBJ_DELETE		code	0x0000712B	OK		
DYNDEL	DYNDEL@OBJ	OBJ	label	0x00007134	OK		
NOTDYNAMIC	NOTDYNAMIC@OBJ	OBJ	label	0x0000713B	OK		
DELLP	DELLP@OBJ	OBJ	code	0x00007151	OK		
DELOBJX	DELOBJX@OBJ	OBJ	label	0x00007169	OK		
ODC	ODC@OBJ	OBJ	label	0x00007176	OK		
ODCL2	ODCL2@OBJ	OBJ	label	0x00007179	OK		
ODCX	ODCX@OBJ	OBJ	label	0x00007183	OK		
OBJ_PULL	OBJ_PULL		code	0x0000718A	OK		
PULLP	PULLP@OBJ	OBJ	label	0x00007195	OK		
PULOBJ_X	PULOBJ_X@OBJ	OBJ	label	0x000071A7	OK		
ZSORTWT	ZSORTWT		code	0x000071B2	OK		
ZSORTWL	ZSORTWL@OBJ	OBJ	label	0x000071B4	OK		
ZWPRIOK	ZWPRIOK@OBJ	OBJ	label	0x000071CE	OK		
ZSWTX	ZSWTX@OBJ	OBJ	label	0x000071D4	OK		
ZSWTXX	ZSWTXX@OBJ	OBJ	label	0x000071D4	OK		
PLYRDLINK	PLYRDLINK@OBJ	OBJ	code	0x000071DE	OK		
PSORTNXT	PSORTNXT@OBJ	OBJ	label	0x000071DF	OK		
PLYRSORT	PLYRSORT@OBJ	OBJ	code	0x000071EA	OK		
PSRT2A	PSRT2A@OBJ	OBJ	label	0x000071FF	OK		
PSRT2	PSRT2@OBJ	OBJ	label	0x00007203	OK		
PSRT1NXT	PSRT1NXT@OBJ	OBJ	label	0x00007208	OK		
DRONESORT	DRONESORT@OBJ	OBJ	code	0x0000720F	OK		
DSORTNXT	DSORTNXT@OBJ	OBJ	label	0x0000721B	OK		
NXTDRONE	NXTDRONE@OBJ	OBJ	label	0x00007222	OK		
DSORTL1	DSORTL1@OBJ	OBJ	label	0x0000724E	OK		
DSORTL1X	DSORTL1X@OBJ	OBJ	label	0x00007250	OK		
DSORTL2	DSORTL2@OBJ	OBJ	label	0x00007256	OK		
DZSORTUP	DZSORTUP@OBJ	OBJ	label	0x00007259	OK		
DSL000	DSL000@OBJ	OBJ	label	0x00007265	OK		
DSL00	DSL00@OBJ	OBJ	label	0x00007267	OK		
DSL11	DSL11@OBJ	OBJ	label	0x00007268	OK		
DZSORTUP1	DZSORTUP1@OBJ	OBJ	label	0x0000726E	OK		
DSL1	DSL1@OBJ	OBJ	label	0x00007272	OK		
DSDONE	DSDONE@OBJ	OBJ	label	0x00007277	OK		
DSORTXX	DSORTXX@OBJ	OBJ	label	0x0000727C	OK		
ACTIVEHI1	ACTIVEHI1@OBJ	OBJ	data	0x0000727D	OK		
ACTIVEHI	ACTIVEHI@OBJ	OBJ	data	0x0000727E	OK		
OSCAN	OSCAN		code	0x0000727F	OK		
OSCANACT	OSCANACT@OBJ	OBJ	label	0x0000728B	OK		
OSCANNXT	OSCANNXT@OBJ	OBJ	label	0x00007294	OK		
ISCAN	ISCAN		code	0x0000729A	OK		
ISCANNXT	ISCANNXT@OBJ	OBJ	label	0x000072BD	OK		
RESCAN	RESCAN		code	0x000072C3	OK		
RESCAN0	RESCAN0@OBJ	OBJ	label	0x000072CB	OK		
RESCAN1	RESCAN1@OBJ	OBJ	label	0x000072D7	OK		
ZSORTA1P	ZSORTA1P@OBJ	OBJ	label	0x000072DE	OK		
ZSLPP	ZSLPP@OBJ	OBJ	label	0x000072E7	OK		
PRIOKP	PRIOKP@OBJ	OBJ	label	0x000072F4	OK		
ZSORTXP	ZSORTXP@OBJ	OBJ	label	0x000072FA	OK		
ZSORTA1	ZSORTA1@OBJ	OBJ	label	0x000072FD	OK		
ZSORTACT	ZSORTACT@OBJ	OBJ	code	0x000072FD	OK		
ZSLP	ZSLP@OBJ	OBJ	label	0x00007306	OK		
PRIOK	PRIOK@OBJ	OBJ	label	0x00007313	OK		
ZSORTX	ZSORTX@OBJ	OBJ	label	0x00007319	OK		
OBJ_QMAKE	OBJ_QMAKE		code	0x00007334	OK		
GETCOIN	GETCOIN@COIN	COIN	code	0x000073CB	OK		
USE_STANDARD	USE_STANDARD@COIN	COIN	label	0x000073D1	OK		
GET_THIS_COIN	GET_THIS_COIN@COIN	COIN	code	0x000073D4	OK		
GETCOINX	GETCOINX@COIN	COIN	label	0x000073DA	OK		
GET_THIS_COINTXT	GET_THIS_COINTXT@COIN	COIN	code	0x000073DB	OK		
GETCOINTXT	GETCOINTXT		code	0x000073DE	OK		
GETCOIN_DEFAULT	GETCOIN_DEFAULT@COIN	COIN	code	0x000073E2	OK		
INVBLP	INVBLP@COIN	COIN	label	0x000073EF	OK		
SET_COINAGE_ADJ	SET_COINAGE_ADJ@COIN	COIN	code	0x00007401	OK		
INIT_CUSTOM_COIN	INIT_CUSTOM_COIN		code	0x00007434	OK		
INICC	INICC@COIN	COIN	code	0x0000744C	OK		
INICC_LP	INICC_LP@COIN	COIN	label	0x0000744D	OK		
CUSTOM_COINTABI	CUSTOM_COINTABI@COIN	COIN	data	0x00007458	OK		
CTS_STRI	CTS_STRI@COIN	COIN	data	0x0000745B	OK		
CTC_STRI	CTC_STRI@COIN	COIN	data	0x0000745F	OK		
FCBI	FCBI@COIN	COIN	data	0x00007464	OK		
PCBI	PCBI@COIN	COIN	data	0x00007465	OK		
CREDITBUFFI	CREDITBUFFI@COIN	COIN	data	0x00007466	OK		
TOSTARTBUFFI	TOSTARTBUFFI@COIN	COIN	data	0x00007467	OK		
NCBI	NCBI@COIN	COIN	data	0x00007468	OK		
SPCI	SPCI@COIN	COIN	data	0x0000746A	OK		
DBLSPCI	DBLSPCI@COIN	COIN	data	0x0000746C	OK		
CWI	CWI@COIN	COIN	data	0x0000746E	OK		
CWSI	CWSI@COIN	COIN	data	0x00007471	OK		
SCI	SCI@COIN	COIN	data	0x00007474	OK		
MSG_NULLI	MSG_NULLI@COIN	COIN	data	0x00007475	OK		
FONT18REDDS	FONT18REDDS@COIN	COIN	code	0x0000747B	OK		
INSERTCOINSI	INSERTCOINSI@COIN	COIN	data	0x00007480	OK		
HITSTARTI	HITSTARTI@COIN	COIN	data	0x00007485	OK		
INSERT_COINS	INSERT_COINS		code	0x00007489	OK		
SHOW_COINAGE	SHOW_COINAGE@COIN	COIN	label	0x000074A1	OK		
NO_START	NO_START@COIN	COIN	label	0x000074AE	OK		
SHOW_CREDITS	SHOW_CREDITS@COIN	COIN	label	0x000074B0	OK		
GODO_CREDITS	GODO_CREDITS@COIN	COIN	label	0x000074BA	OK		
DO_COINAGE	DO_COINAGE@COIN	COIN	label	0x000074C6	OK		
FLASH_INSERTCOINS	FLASH_INSERTCOINS@COIN	COIN	label	0x000074CA	OK		
SHOW_INSERTCOINS	SHOW_INSERTCOINS@COIN	COIN	code	0x000074D0	OK		
NO_INSERTCOINS	NO_INSERTCOINS@COIN	COIN	label	0x000074DC	OK		
FLASH_INSERTCOINSX	FLASH_INSERTCOINSX@COIN	COIN	label	0x000074E1	OK		
FLASH_START	FLASH_START@COIN	COIN	code	0x000074E2	OK		
START_SKIP	START_SKIP@COIN	COIN	label	0x000074F6	OK		
FLASH_STARTX	FLASH_STARTX@COIN	COIN	label	0x000074FB	OK		
PRINT_COINAGE	PRINT_COINAGE@COIN	COIN	code	0x000074FC	OK		
PRINT_COINAGEX	PRINT_COINAGEX@COIN	COIN	label	0x00007526	OK		
GET_COINAGE_HIGHT	GET_COINAGE_HIGHT@COIN	COIN	code	0x00007527	OK		
GCHX	GCHX@COIN	COIN	label	0x00007532	OK		
WHITE10FNT	WHITE10FNT@COIN	COIN	code	0x00007536	OK		
PRINT_CREDITS	PRINT_CREDITS@COIN	COIN	code	0x0000753B	OK		
DO_CREDITS	DO_CREDITS@COIN	COIN	label	0x00007545	OK		
CHKPCREDITS	CHKPCREDITS@COIN	COIN	label	0x0000754E	OK		
NO_PCREDITS	NO_PCREDITS@COIN	COIN	label	0x00007567	OK		
FLASH_TO_START	FLASH_TO_START@COIN	COIN	code	0x0000756F	OK		
NO_TOSTART	NO_TOSTART@COIN	COIN	label	0x00007577	OK		
PRINT_TOSTART	PRINT_TOSTART@COIN	COIN	label	0x00007583	OK		
FLASH_TOSTARTX	FLASH_TOSTARTX@COIN	COIN	label	0x0000758E	OK		
TOSTART_STRING	TOSTART_STRING@COIN	COIN	code	0x0000758F	OK		
TOCONT_STRING	TOCONT_STRING@COIN	COIN	code	0x000075A6	OK		
VOLUME_TXT	VOLUME_TXT@COIN	COIN	data	0x000075BD	OK		
VOLUME_DISPLAY	VOLUME_DISPLAY		code	0x000075BF	OK		
ISMCC	ISMCC@COIN	COIN	label	0x000075E9	OK		
INSERT_COINSXM	INSERT_COINSXM@COIN	COIN	label	0x000075F5	OK		
FLASH_INSERTCOINSM	FLASH_INSERTCOINSM@COIN	COIN	code	0x000075F7	OK		
NO_INSERTCOINSM	NO_INSERTCOINSM@COIN	COIN	label	0x00007609	OK		
FLASH_INSERTCOINSXM	FLASH_INSERTCOINSXM@COIN	COIN	label	0x0000760E	OK		
PRINT_TOCONT	PRINT_TOCONT@COIN	COIN	code	0x0000760F	OK		
COIN_COUNTER	COIN_COUNTER		code	0x0000761C	OK		
NOINC1	NOINC1@COIN	COIN	label	0x00007634	OK		
NOINC2	NOINC2@COIN	COIN	label	0x0000763A	OK		
CLEARIT	CLEARIT@COIN	COIN	label	0x00007647	OK		
MOTIONDIS	MOTIONDIS@COIN	COIN	data	0x00007658	OK		
MOTION_VALID	MOTION_VALID@COIN	COIN	data	0x00007659	OK		
SEND_BUFFER_AI	SEND_BUFFER_AI		data	0x00007669	OK		
COMMQ_TMP_BUFFI	COMMQ_TMP_BUFFI		data	0x0000766A	OK		
CLEAR_LINK	CLEAR_LINK		code	0x0000766B	OK		
DECODE_BUFFER	DECODE_BUFFER		code	0x0000767D	OK		
DECODE_LP	DECODE_LP@COMMQ	COMMQ	label	0x0000768A	OK		
DECLPX	DECLPX@COMMQ	COMMQ	label	0x00007692	OK		
ISDONE	ISDONE@COMMQ	COMMQ	label	0x00007694	OK		
DECODE_BLOCKI	DECODE_BLOCKI@COMMQ	COMMQ	data	0x00007697	OK		
COMMQ_PACKET_INIT	COMMQ_PACKET_INIT		code	0x000076BB	OK		
COMMQ_READY_TO_SEND	COMMQ_READY_TO_SEND		code	0x000076C1	OK		
MESSAGE_ADD	MESSAGE_ADD		code	0x000076CA	OK		
JJAG	JJAG@COMMQ	COMMQ	label	0x000076DB	OK		
MESSADDX	MESSADDX@COMMQ	COMMQ	label	0x000076DC	OK		
MESSAGE_ADD_SB	MESSAGE_ADD_SB		code	0x000076E1	OK		
MASBX	MASBX@COMMQ	COMMQ	label	0x000076EE	OK		
DC_M_NOP	DC_M_NOP@COMMQ	COMMQ	label	0x0000774B	OK		
DWAI	DWAI@COMMQ	COMMQ	label	0x00007754	OK		
DCMX	DCMX@COMMQ	COMMQ	label	0x00007764	OK		
NONEWCP	NONEWCP@COMMQ	COMMQ	label	0x00007764	OK		
SEND_CHECKPOINT	SEND_CHECKPOINT		code	0x00007768	OK		
SEND_MODE	SEND_MODE		code	0x00007773	OK		
SEND_RACENUM	SEND_RACENUM		code	0x000077CA	OK		
SEND_FLY_POS	SEND_FLY_POS		code	0x00007801	OK		
SEND_PLAYERS_POS	SEND_PLAYERS_POS		code	0x0000780D	OK		
SEND_CAR_POS	SEND_CAR_POS@COMMQ	COMMQ	label	0x0000780E	OK		
SEND_CP0	SEND_CP0@COMMQ	COMMQ	label	0x00007812	OK		
SENDXYZ	SENDXYZ@COMMQ	COMMQ	label	0x0000781D	OK		
MATLP	MATLP@COMMQ	COMMQ	label	0x00007827	OK		
FIND_DRONE	FIND_DRONE		code	0x00007866	OK		
FD1	FD1@COMMQ	COMMQ	label	0x0000786F	OK		
SEND_CHANGE_MUSIC	SEND_CHANGE_MUSIC		code	0x00007939	OK		
TEXT_FREEI	TEXT_FREEI		data	0x00007969	OK		
TEXT_ACTIVEI	TEXT_ACTIVEI		data	0x0000796A	OK		
TEXT_LISTI	TEXT_LISTI@TEXT	TEXT	data	0x0000796B	OK		
FIXEDFONT_A	FIXEDFONT_A@TEXT	TEXT	data	0x0000796C	OK		
TEXTTABLEFIXEDI	TEXTTABLEFIXEDI@TEXT	TEXT	data	0x0000796D	OK		
FONTDIGITLG_A	FONTDIGITLG_A@TEXT	TEXT	data	0x0000796E	OK		
FONTDIGITSM_A	FONTDIGITSM_A@TEXT	TEXT	data	0x0000796E	OK		
FONT18_A	FONT18_A@TEXT	TEXT	data	0x0000796F	OK		
TEXTTABLEFONT18	TEXTTABLEFONT18@TEXT	TEXT	data	0x00007970	OK		
FONT40_A	FONT40_A@TEXT	TEXT	data	0x00007971	OK		
FONT10_A	FONT10_A@TEXT	TEXT	data	0x00007972	OK		
TEXT_INIT	TEXT_INIT		code	0x00007973	OK		
TEXT_ADDDS	TEXT_ADDDS		code	0x0000797C	OK		
TEXT_ADD	TEXT_ADD		code	0x0000798B	OK		
SETSMDIGITFONT	SETSMDIGITFONT		code	0x000079A1	OK		
SETSMDIGITFONTDS	SETSMDIGITFONTDS		code	0x000079AB	OK		
SETLGDIGITFONTDS	SETLGDIGITFONTDS		code	0x000079C3	OK		
FONTN43_A	FONTN43_A@TEXT	TEXT	data	0x000079D1	OK		
SETN43FONT	SETN43FONT		code	0x000079D2	OK		
SET40FONT	SET40FONT		code	0x000079EA	OK		
SET40FONTDS	SET40FONTDS		code	0x000079F4	OK		
OGSMFONT_TABI	OGSMFONT_TABI@TEXT	TEXT	data	0x00007A02	OK		
SET12FONT	SET12FONT		code	0x00007A03	OK		
SET12FONTDS	SET12FONTDS		code	0x00007A0D	OK		
SET18FONT	SET18FONT		code	0x00007A1B	OK		
SET18FONTDS	SET18FONTDS		code	0x00007A25	OK		
SETFIXEDFONTDS	SETFIXEDFONTDS		code	0x00007A3D	OK		
STRLEN	STRLEN@TEXT	TEXT	code	0x00007A4B	OK		
STRLP	STRLP@TEXT	TEXT	label	0x00007A53	OK		
STLP2	STLP2@TEXT	TEXT	label	0x00007A57	OK		
STRLENNCHAR	STRLENNCHAR@TEXT	TEXT	label	0x00007A6C	OK		
STRLENX	STRLENX@TEXT	TEXT	label	0x00007A6E	OK		
TEXT_OUTPUT	TEXT_OUTPUT		code	0x00007A75	OK		
TEXTLP	TEXTLP@TEXT	TEXT	label	0x00007A7D	OK		
NO_CENTER	NO_CENTER@TEXT	TEXT	label	0x00007A88	OK		
NO_RIGHT	NO_RIGHT@TEXT	TEXT	label	0x00007A8C	OK		
TEXT_RET	TEXT_RET@TEXT	TEXT	label	0x00007A8C	OK		
OLP	OLP@TEXT	TEXT	label	0x00007A8D	OK		
REGLP	REGLP@TEXT	TEXT	label	0x00007A91	OK		
IBO1	IBO1@TEXT	TEXT	label	0x00007AA2	OK		
IBO2	IBO2@TEXT	TEXT	label	0x00007AA3	OK		
NXTCHAR	NXTCHAR@TEXT	TEXT	label	0x00007AD1	OK		
OUCX	OUCX@TEXT	TEXT	label	0x00007AD3	OK		
ISFROZEN	ISFROZEN@TEXT	TEXT	label	0x00007ADB	OK		
DELLP	DELLP@TEXT	TEXT	code	0x00007AE3	OK		
NODELETE	NODELETE@TEXT	TEXT	label	0x00007AF3	OK		
NXTGRP	NXTGRP@TEXT	TEXT	label	0x00007AF4	OK		
TXTOUT	TXTOUT@TEXT	TEXT	label	0x00007AF6	OK		
STRCPY	STRCPY		code	0x00007AFC	OK		
SCPLP0	SCPLP0@TEXT	TEXT	label	0x00007B01	OK		
REGPLP0	REGPLP0@TEXT	TEXT	label	0x00007B06	OK		
STRCAT	STRCAT		code	0x00007B12	OK		
SCLP0	SCLP0@TEXT	TEXT	label	0x00007B1D	OK		
REGLP0	REGLP0@TEXT	TEXT	label	0x00007B21	OK		
SCLP1	SCLP1@TEXT	TEXT	label	0x00007B29	OK		
REGLP1	REGLP1@TEXT	TEXT	label	0x00007B2D	OK		
REGLP2	REGLP2@TEXT	TEXT	label	0x00007B3D	OK		
COMM_INIT	COMM_INIT		code	0x00007F3F	OK		
RECEIVE_BUFFERI	RECEIVE_BUFFERI		data	0x00007F4F	OK		
COMM_IOI	COMM_IOI@COMM	COMM	data	0x00007F50	OK		
COMM_ENABLE_INT2	COMM_ENABLE_INT2		code	0x00007F51	OK		
BABA	BABA@COMM	COMM	label	0x00007F5A	OK		
COMM_MASTER_SEND_SYNC	COMM_MASTER_SEND_SYNC		code	0x00007F5E	OK		
CLRONE	CLRONE		code	0x00007F86	OK		
ONEX	ONEX@COMM	COMM	label	0x00007F90	OK		
COMM_ROUTINE	COMM_ROUTINE		code	0x00007F96	OK		
COMM_HOLDFORA2D	COMM_HOLDFORA2D@COMM	COMM	label	0x00007FA1	OK		
CM1	CM1@COMM	COMM	label	0x00007FAD	OK		
WTLPMI	WTLPMI@COMM	COMM	label	0x00007FC1	OK		
CM2	CM2@COMM	COMM	label	0x00007FC9	OK		
CM3	CM3@COMM	COMM	label	0x00007FCE	OK		
WTLPMI2	WTLPMI2@COMM	COMM	label	0x00007FD6	OK		
WTLPMI3	WTLPMI3@COMM	COMM	label	0x00007FE5	OK		
CML1XX	CML1XX@COMM	COMM	label	0x00008039	OK		
COMM_MASTER_ERR_X	COMM_MASTER_ERR_X@COMM	COMM	label	0x000080A8	OK		
CMERROR3	CMERROR3@COMM	COMM	label	0x000080B5	OK		
CMERROR8	CMERROR8@COMM	COMM	label	0x000080BA	OK		
CMERROR10	CMERROR10@COMM	COMM	label	0x000080BC	OK		
CMERRORL	CMERRORL@COMM	COMM	label	0x000080BD	OK		
CMERRORDEAD	CMERRORDEAD@COMM	COMM	label	0x000080BE	OK		
COMM_MASTER_ERROR	COMM_MASTER_ERROR@COMM	COMM	label	0x000080C1	OK		
DO_SLAVE_SYNC	DO_SLAVE_SYNC@COMM	COMM	label	0x000080D5	OK		
WTLP	WTLP@COMM	COMM	label	0x000080E2	OK		
COMM_SLAVE	COMM_SLAVE@COMM	COMM	label	0x000080FA	OK		
CS1	CS1@COMM	COMM	label	0x00008102	OK		
CS2	CS2@COMM	COMM	label	0x00008108	OK		
CS20	CS20@COMM	COMM	label	0x0000810F	OK		
WTLPI	WTLPI@COMM	COMM	label	0x00008114	OK		
CS3	CS3@COMM	COMM	label	0x00008123	OK		
CML1S	CML1S@COMM	COMM	label	0x00008191	OK		
CML1WT	CML1WT@COMM	COMM	label	0x000081E8	OK		
COMM_SLAVE_ERR_X	COMM_SLAVE_ERR_X@COMM	COMM	label	0x000081F2	OK		
CSERROR3	CSERROR3@COMM	COMM	label	0x000081FF	OK		
CSERROR8	CSERROR8@COMM	COMM	label	0x00008204	OK		
CSERROR9	CSERROR9@COMM	COMM	label	0x00008205	OK		
CSERROR11	CSERROR11@COMM	COMM	label	0x00008206	OK		
CSERRORDEAD	CSERRORDEAD@COMM	COMM	label	0x00008207	OK		
COMM_SLAVE_ERROR	COMM_SLAVE_ERROR@COMM	COMM	label	0x0000820A	OK		
FIND_HIGHEST_ROADY	FIND_HIGHEST_ROADY@INFIN	INFIN	code	0x00008212	OK		
FHRYLP	FHRYLP@INFIN	INFIN	label	0x0000821F	OK		
NOCHANCE	NOCHANCE@INFIN	INFIN	label	0x0000824D	OK		
FHRY_X	FHRY_X@INFIN	INFIN	label	0x00008255	OK		
FORMULA	FORMULA@INFIN	INFIN	data	0x0000825D	OK		
HIGHVAL	HIGHVAL@INFIN	INFIN	data	0x0000825F	OK		
LOIVAL	LOIVAL@INFIN	INFIN	data	0x00008260	OK		
HIGHIVAL	HIGHIVAL@INFIN	INFIN	data	0x00008261	OK		
INFPROJ	INFPROJ@INFIN	INFIN	data	0x00008262	OK		
INFVAL	INFVAL@INFIN	INFIN	data	0x00008263	OK		
INFINITY	INFINITY		code	0x00008264	OK		
INFF0	INFF0@INFIN	INFIN	label	0x00008270	OK		
INFF1	INFF1@INFIN	INFIN	label	0x00008275	OK		
OK23	OK23@INFIN	INFIN	label	0x0000827B	OK		
OK554	OK554@INFIN	INFIN	label	0x0000827E	OK		
LOOP	LOOP@INFIN	INFIN	label	0x000082A3	OK		
II33	II33@INFIN	INFIN	label	0x000082D0	OK		
II	II@INFIN	INFIN	label	0x000082D2	OK		
III44	III44@INFIN	INFIN	label	0x000082D3	OK		
NOCLIPPING	NOCLIPPING@INFIN	INFIN	label	0x00008306	OK		
PLOT_CONSTANTS	PLOT_CONSTANTS@INFIN	INFIN	label	0x00008324	OK		
LOOP1	LOOP1@INFIN	INFIN	label	0x0000832D	OK		
INFINITY_POINTS	INFINITY_POINTS@INFIN	INFIN	data	0x00008354	OK		
INFIN_POLYGONSI	INFIN_POLYGONSI@INFIN	INFIN	data	0x000083BB	OK		
TRANS_PTS	TRANS_PTS@INFIN	INFIN	code	0x000083D4	OK		
LKJ2	LKJ2@INFIN	INFIN	label	0x000083DC	OK		
LKJ25	LKJ25@INFIN	INFIN	label	0x000083F6	OK		
WATER_INFINITY	WATER_INFINITY@INFIN	INFIN	code	0x0000840A	OK		
ok23a	ok23a@INFIN	INFIN	label	0x00008411	OK		
ok24a	ok24a@INFIN	INFIN	label	0x00008415	OK		
LOOPA	LOOPA@INFIN	INFIN	label	0x0000843F	OK		
WATERPOSI	WATERPOSI@INFIN	INFIN	data	0x00008469	OK		
SORT_SMOKE	SORT_SMOKE		code	0x00008574	OK		
SSLOOP	SSLOOP@SMOKE	SMOKE	label	0x0000857B	OK		
UNLINK	UNLINK@SMOKE	SMOKE	label	0x00008587	OK		
LINK	LINK@SMOKE	SMOKE	label	0x00008589	OK		
SSLOOPEND	SSLOOPEND@SMOKE	SMOKE	label	0x0000858F	OK		
SORT_SMOKEX	SORT_SMOKEX@SMOKE	SMOKE	label	0x00008592	OK		
INIT_SPARK	INIT_SPARK		code	0x00008593	OK		
IS_LOOP	IS_LOOP@SMOKE	SMOKE	label	0x000085A4	OK		
IS_LOOPX	IS_LOOPX@SMOKE	SMOKE	label	0x000085D7	OK		
INIT_SPARKX	INIT_SPARKX@SMOKE	SMOKE	label	0x000085DA	OK		
REPLICATE_SPARK	REPLICATE_SPARK@SMOKE	SMOKE	code	0x000085DC	OK		
FIND_LAST_SPARKLP	FIND_LAST_SPARKLP@SMOKE	SMOKE	label	0x000085E2	OK		
REPSPARKX	REPSPARKX@SMOKE	SMOKE	label	0x0000861B	OK		
SSANI_LOOP	SSANI_LOOP@SMOKE	SMOKE	label	0x0000861E	OK		
SS1	SS1@SMOKE	SMOKE	label	0x00008620	OK		
NEXT_SPARK	NEXT_SPARK@SMOKE	SMOKE	label	0x00008653	OK		
KLUDGE_MOFO	KLUDGE_MOFO@SMOKE	SMOKE	label	0x0000865F	OK		
SPARK_DIE	SPARK_DIE@SMOKE	SMOKE	label	0x00008660	OK		
SPARK_ANIX	SPARK_ANIX@SMOKE	SMOKE	label	0x00008661	OK		
NO_OBJ	NO_OBJ@SMOKE	SMOKE	label	0x0000866D	OK		
INIT_COLLA_OBJS	INIT_COLLA_OBJS@SMOKE	SMOKE	code	0x0000866E	OK		
ICO_LOOP	ICO_LOOP@SMOKE	SMOKE	label	0x0000866F	OK		
ICO_LOOPX	ICO_LOOPX@SMOKE	SMOKE	label	0x0000869F	OK		
INIT_SPARK_KILL	INIT_SPARK_KILL@SMOKE	SMOKE	label	0x000086A3	OK		
WALL_SPARK	WALL_SPARK		code	0x000086A7	OK		
FACINGFRONT	FACINGFRONT@SMOKE	SMOKE	label	0x000086CD	OK		
LEFT_SIDE	LEFT_SIDE@SMOKE	SMOKE	label	0x000086D4	OK		
WALLS1	WALLS1@SMOKE	SMOKE	label	0x000086D8	OK		
WALL_SPARKX	WALL_SPARKX@SMOKE	SMOKE	label	0x000086E2	OK		
IMPACT_SPARK	IMPACT_SPARK		code	0x000086E4	OK		
IMPACTED_PLAYER	IMPACTED_PLAYER@SMOKE	SMOKE	label	0x000086EF	OK		
IMPACT_SPARKX	IMPACT_SPARKX@SMOKE	SMOKE	label	0x00008705	OK		
ROAD_IMPACT_SPARK	ROAD_IMPACT_SPARK		code	0x00008707	OK		
SKID_SPARK	SKID_SPARK		code	0x00008708	OK		
TOO_MANY_SPARKS	TOO_MANY_SPARKS@SMOKE	SMOKE	code	0x00008709	OK		
TMS_LP	TMS_LP@SMOKE	SMOKE	label	0x0000870C	OK		
TMSLPE	TMSLPE@SMOKE	SMOKE	label	0x00008714	OK		
TMSXCC	TMSXCC@SMOKE	SMOKE	label	0x0000871A	OK		
OBJ_MOVE	OBJ_MOVE		code	0x0000871C	OK		
FULLSETUP_TABLEI	FULLSETUP_TABLEI		data	0x00008C3A	OK		
LOADSECTION_TABLEI	LOADSECTION_TABLEI		data	0x00008C3B	OK		
LINE255I	LINE255I@UTIL	UTIL	data	0x00008E71	OK		
LINE511I	LINE511I@UTIL	UTIL	data	0x00008E72	OK		
SCREEN0I	SCREEN0I@UTIL	UTIL	data	0x00008E73	OK		
SCREEN1I	SCREEN1I@UTIL	UTIL	data	0x00008E74	OK		
SCRSIZI	SCRSIZI@UTIL	UTIL	data	0x00008E75	OK		
SETPAGE0	SETPAGE0		code	0x00008E76	OK		
SETPAGE1	SETPAGE1		code	0x00008E81	OK		
PAGEWORD	PAGEWORD@UTIL	UTIL	data	0x00008E8C	OK		
P1	P1@UTIL	UTIL	label	0x00008E8D	OK		
FASTCLR0	FASTCLR0		code	0x00008E95	OK		
FASTCLR1	FASTCLR1		code	0x00008E95	OK		
CLRSCRN	CLRSCRN		code	0x00008EA1	OK		
CLRSCRN0	CLRSCRN0		code	0x00008EA5	OK		
CLRSC00	CLRSC00@UTIL	UTIL	label	0x00008EA7	OK		
CLRSC01	CLRSC01@UTIL	UTIL	label	0x00008EA9	OK		
FILSIZI	FILSIZI@UTIL	UTIL	data	0x00008EBE	OK		
FILWORD	FILWORD@UTIL	UTIL	data	0x00008EBF	OK		
SCREEN_FILL	SCREEN_FILL		code	0x00008EC0	OK		
CLRSCL	CLRSCL@UTIL	UTIL	label	0x00008ECF	OK		
RANDOM	RANDOM		code	0x00008EDF	OK		
RND2	RND2@UTIL	UTIL	label	0x00008EE6	OK		
FRAND	FRAND		code	0x00008EEA	OK		
SFRAND	SFRAND		code	0x00008EF9	OK		
RANDU0	RANDU0		code	0x00008F03	OK		
RANDPER	RANDPER		code	0x00008F11	OK		
RANDPX	RANDPX@UTIL	UTIL	label	0x00008F18	OK		
INIT_LINKED_LIST	INIT_LINKED_LIST		code	0x00008F19	OK		
INIT_LL	INIT_LL@UTIL	UTIL	label	0x00008F23	OK		
GET_LLIST	GET_LLIST		code	0x00008F29	OK		
GETLL_X	GETLL_X@UTIL	UTIL	label	0x00008F36	OK		
GETLL_ERR	GETLL_ERR@UTIL	UTIL	label	0x00008F39	OK		
ALLOCLIST_X	ALLOCLIST_X@UTIL	UTIL	label	0x00008F43	OK		
ALLOCLIST_ISERROR	ALLOCLIST_ISERROR@UTIL	UTIL	label	0x00008F45	OK		
VEHICLE_ANI_INIT	VEHICLE_ANI_INIT		code	0x00008F66	OK		
WHEELLP	WHEELLP@UTIL	UTIL	label	0x00008F84	OK		
VANIX	VANIX@UTIL	UTIL	label	0x00008F8C	OK		
CARPROCI	CARPROCI@UTIL	UTIL	data	0x00008F8F	OK		
DYNALISTI	DYNALISTI		data	0x00009015	OK		
DYNAFREEI	DYNAFREEI		data	0x00009016	OK		
NULLI	NULLI		data	0x00009017	OK		
DYNAOBJ_INIT	DYNAOBJ_INIT		code	0x00009018	OK		
GETDYNA	GETDYNA		code	0x00009029	OK		
GETDYNA_X	GETDYNA_X@UTIL	UTIL	label	0x00009035	OK		
GETDYNA_ERR	GETDYNA_ERR@UTIL	UTIL	label	0x00009037	OK		
DELDYNA	DELDYNA		code	0x00009039	OK		
CARLISTI	CARLISTI		data	0x0000903F	OK		
CARFREEI	CARFREEI		data	0x00009040	OK		
CARB_INIT	CARB_INIT		code	0x00009041	OK		
CARINTL	CARINTL@UTIL	UTIL	label	0x00009047	OK		
GETCAR	GETCAR		code	0x0000904C	OK		
GETCAR_X	GETCAR_X@UTIL	UTIL	label	0x00009056	OK		
GETCAR_ERR	GETCAR_ERR@UTIL	UTIL	label	0x00009058	OK		
DELCAR	DELCAR		code	0x0000905A	OK		
SCAN_OBJECTS	SCAN_OBJECTS		code	0x00009063	OK		
PUSHALL	PUSHALL		code	0x0000906A	OK		
POPALL	POPALL		code	0x00009084	OK		
DISTANCE_2D	DISTANCE_2D		code	0x0000909E	OK		
OVELADD	OVELADD		code	0x000090A9	OK		
OVELNADD	OVELNADD		code	0x000090B3	OK		
FORWARD	FORWARD		code	0x000090C1	OK		
SNDTABI	SNDTABI		data	0x000090CE	OK		
STATION_LISTI	STATION_LISTI@SND	SND	data	0x000090CF	OK		
CHANGE_STATION	CHANGE_STATION		code	0x00009105	OK		
RESUME_TUNE	RESUME_TUNE		code	0x00009118	OK		
ISTHERE	ISTHERE@SND	SND	label	0x00009124	OK		
NOOMUS	NOOMUS@SND	SND	label	0x0000912D	OK		
RESUME_TUNE_NT	RESUME_TUNE_NT		code	0x00009130	OK		
SET_MASTER_VOL	SET_MASTER_VOL		code	0x00009137	OK		
SET_TRACK_VOL	SET_TRACK_VOL		code	0x0000913C	OK		
JI1	JI1@SND	SND	label	0x00009148	OK		
RESET_SNDBRD	RESET_SNDBRD		code	0x00009159	OK		
WAITIT	WAITIT@SND	SND	label	0x00009180	OK		
SILENT	SILENT		code	0x0000918E	OK		
SNDSTRI	SNDSTRI		data	0x0000919D	OK		
CLRSNDDB	CLRSNDDB		code	0x0000919E	OK		
VOLSNDFX	VOLSNDFX		code	0x000091AE	OK		
ONESNDFX	ONESNDFX		code	0x000091B0	OK		
SNDFX	SNDFX@SND	SND	label	0x000091B1	OK		
ONESNDFX2	ONESNDFX2@SND	SND	label	0x000091CE	OK		
NOVOL	NOVOL@SND	SND	label	0x000091D7	OK		
SNDLDXFX	SNDLDXFX@SND	SND	label	0x000091E0	OK		
L88	L88@SND	SND	label	0x000091E1	OK		
NOSOUND_FX	NOSOUND_FX@SND	SND	label	0x000091E7	OK		
KILLSNDFX	KILLSNDFX		code	0x000091E9	OK		
KILSFX1	KILSFX1@SND	SND	label	0x000091EF	OK		
KILSFX2	KILSFX2@SND	SND	label	0x000091F5	OK		
KILSFX3	KILSFX3@SND	SND	label	0x000091F6	OK		
PLYR_ENGINE	PLYR_ENGINE		code	0x000091F8	OK		
HARDSND	HARDSND		code	0x00009202	OK		
ONESND	ONESND		code	0x00009208	OK		
SNDLD1	SNDLD1@SND	SND	label	0x00009222	OK		
NOTRESETVOL	NOTRESETVOL@SND	SND	label	0x0000922A	OK		
SNDLDX	SNDLDX@SND	SND	label	0x00009232	OK		
SENDSND	SENDSND		code	0x00009239	OK		
NIRM	NIRM@SND	SND	label	0x0000923F	OK		
RESETMUNGE	RESETMUNGE@SND	SND	label	0x0000926F	OK		
NOT_F1	NOT_F1@SND	SND	label	0x000092B9	OK		
NOT_F4	NOT_F4@SND	SND	label	0x000092C8	OK		
NOT_F6	NOT_F6@SND	SND	label	0x000092D2	OK		
RESETMUNGE_X	RESETMUNGE_X@SND	SND	label	0x000092D2	OK		
SND_RESET_QUIET	SND_RESET_QUIET		code	0x000092D5	OK		
SNDPROC	SNDPROC		code	0x000092DB	OK		
SNDLP	SNDLP@SND	SND	label	0x000092E4	OK		
SNDPLP	SNDPLP@SND	SND	label	0x000092E9	OK		
SNDUPD	SNDUPD@SND	SND	code	0x000092EF	OK		
JUSTGO	JUSTGO@SND	SND	label	0x000092FA	OK		
SNDCLRE	SNDCLRE@SND	SND	label	0x00009301	OK		
SNDUPX	SNDUPX@SND	SND	label	0x00009305	OK		
WAVE	WAVE		code	0x00009307	OK		
LD_RAM	LD_RAM@WAVE	WAVE	label	0x00009328	OK		
_ATTR_WAVETABI	_ATTR_WAVETABI@WAVE	WAVE	data	0x0000935F	OK		
HEAD2HEADWATCH	HEAD2HEADWATCH@WAVE	WAVE	label	0x00009367	OK		
ISTRUE	ISTRUE@WAVE	WAVE	label	0x00009373	OK		
HIGH_SCORE	HIGH_SCORE@WAVE	WAVE	label	0x0000937D	OK		
CREDITS	CREDITS@WAVE	WAVE	label	0x000093BD	OK		
LOAD_HIGH_SCORE	LOAD_HIGH_SCORE@WAVE	WAVE	code	0x000093C3	OK		
BEGIN_GAME	BEGIN_GAME@WAVE	WAVE	label	0x000093CB	OK		
INIT_SYSTEM	INIT_SYSTEM		code	0x000093D2	OK		
LOAD_FIXED_PALETTES	LOAD_FIXED_PALETTES		code	0x000093FC	OK		
VEHICLE_TABLEI	VEHICLE_TABLEI		data	0x00009422	OK		
LOAD_VARIOUS_PALETTES	LOAD_VARIOUS_PALETTES@WAVE	WAVE	code	0x00009506	OK		
_COSI	_COSI		code	0x0000952D	OK		
_SINE	_SINE		code	0x00009530	OK		
SINE0	SINE0@MATH	MATH	label	0x00009531	OK		
NOTNEG	NOTNEG@MATH	MATH	label	0x00009535	OK		
PERFECT2	PERFECT2@MATH	MATH	label	0x00009540	OK		
ALLOK	ALLOK@MATH	MATH	label	0x00009545	OK		
PERFECT	PERFECT@MATH	MATH	label	0x00009549	OK		
FORMULA	FORMULA@MATH	MATH	data	0x0000954E	OK		
SINTABLEI	SINTABLEI@MATH	MATH	data	0x0000954F	OK		
HALFPII	HALFPII		data	0x00009550	OK		
PII	PII		data	0x00009551	OK		
TWOPII	TWOPII		data	0x00009552	OK		
RADFORM	RADFORM@MATH	MATH	data	0x00009554	OK		
RADFORMI	RADFORMI@MATH	MATH	data	0x00009555	OK		
NORMITS	NORMITS		code	0x00009556	OK		
NMS1	NMS1@MATH	MATH	label	0x0000955E	OK		
NORMIT	NORMIT		code	0x00009561	OK		
ARCTANF	ARCTANF		code	0x00009568	OK		
ATF0	ATF0@MATH	MATH	label	0x0000957B	OK		
AT1	AT1@MATH	MATH	label	0x0000957D	OK		
ATTABV	ATTABV@MATH	MATH	data	0x0000958E	OK		
OFFTABV	OFFTABV@MATH	MATH	data	0x0000958F	OK		
LOCTEMPER_MAT2I	LOCTEMPER_MAT2I@MATH	MATH	data	0x00009590	OK		
FM1	FM1@MATH	MATH	label	0x000095A2	OK		
FIND_XMATRIX	FIND_XMATRIX		code	0x000095C5	OK		
FIND_YMATRIX	FIND_YMATRIX		code	0x000095D8	OK		
HPFIND_YMATRIX	HPFIND_YMATRIX		code	0x000095EB	OK		
FIND_ZMATRIX	FIND_ZMATRIX		code	0x00009612	OK		
INITMAT	INITMAT		code	0x00009625	OK		
VECTLEN	VECTLEN		code	0x00009636	OK		
CPYMAT	CPYMAT		code	0x0000963F	OK		
CPYIMAT	CPYIMAT		code	0x0000964B	OK		
CLR_VECTORA	CLR_VECTORA		code	0x00009662	OK		
MATRIX_MUL	MATRIX_MUL		code	0x0000966C	OK		
NORMALIZE	NORMALIZE		code	0x00009689	OK		
NORMROW	NORMROW@MATH	MATH	label	0x000096AB	OK		
GEN_NORMAL	GEN_NORMAL		code	0x000096B4	OK		
CONCATMATV	CONCATMATV		code	0x000096CD	OK		
CONCAT201	CONCAT201		code	0x000096CF	OK		
INLP2	INLP2@MATH	MATH	label	0x000096E0	OK		
CONCATMAT	CONCATMAT		code	0x000096E2	OK		
GETTHETADIFF	GETTHETADIFF		code	0x000096F5	OK		
NONEG	NONEG@MATH	MATH	label	0x00009700	OK		
DIST_PT2LINE	DIST_PT2LINE		code	0x00009702	OK		
GETLINE_EQ_2D	GETLINE_EQ_2D		code	0x00009717	OK		
RHO_DIE	RHO_DIE		code	0x000098CC	OK		
RHO_DIE0	RHO_DIE0@RHO	RHO	label	0x000098D2	OK		
RHO_DIE1	RHO_DIE1@RHO	RHO	label	0x000098D4	OK		
NODYNALEAN	NODYNALEAN@RHO	RHO	label	0x000098E1	OK		
SEND_RHO_XSFER	SEND_RHO_XSFER@RHO	RHO	code	0x0000990F	OK		
DECRHOX2	DECRHOX2@RHO	RHO	label	0x00009929	OK		
DECRHOX	DECRHOX@RHO	RHO	label	0x0000992B	OK		
RHO_ACTIVE_XSFERI	RHO_ACTIVE_XSFERI@RHO	RHO	data	0x0000992D	OK		
SEND_RHO_KILL	SEND_RHO_KILL@RHO	RHO	code	0x0000994F	OK		
CMOSI	CMOSI		data	0x00009961	OK		
HSTDEC	HSTDEC		code	0x00009962	OK		
CMOS_ON_C	CMOS_ON_C		code	0x0000996A	OK		
CMOS_OFF_C	CMOS_OFF_C		code	0x00009970	OK		
CMOS_WPON_C	CMOS_WPON_C		code	0x00009976	OK		
CMOS_WPOFF_C	CMOS_WPOFF_C		code	0x0000997E	OK		
VALIDATE_CMOS	VALIDATE_CMOS		code	0x00009987	OK		
RESET_BOOKKEEPING	RESET_BOOKKEEPING		code	0x0000999D	OK		
VERIFY_ADJUSTMENTS_ACCURACY	VERIFY_ADJUSTMENTS_ACCURACY@CMOS	CMOS	code	0x000099AC	OK		
VAALP	VAALP@CMOS	CMOS	label	0x000099B6	OK		
DORST	DORST@CMOS	CMOS	label	0x000099BF	OK		
NORST	NORST@CMOS	CMOS	label	0x000099C2	OK		
RESET_ADJUSTMENTS	RESET_ADJUSTMENTS		code	0x000099CE	OK		
VAALP2	VAALP2@CMOS	CMOS	label	0x000099D7	OK		
CHECKSUMGEN_ADJ	CHECKSUMGEN_ADJ@CMOS	CMOS	code	0x000099F5	OK		
VAALP3	VAALP3@CMOS	CMOS	label	0x000099FA	OK		
AUDIT_INC	AUDIT_INC		code	0x00009A05	OK		
ADJUSTMENT_READ	ADJUSTMENT_READ		code	0x00009A14	OK		
AUDIT_READ	AUDIT_READ		code	0x00009A14	OK		
ADJUSTMENT_WRITE	ADJUSTMENT_WRITE		code	0x00009A19	OK		
AUDIT_WRITE	AUDIT_WRITE		code	0x00009A1F	OK		
AUDIT_WRITE_ADJ	AUDIT_WRITE_ADJ@CMOS	CMOS	code	0x00009A1F	OK		
_rd_cw	_rd_cw		code	0x00009A24	OK		
_wr_cw	_wr_cw		code	0x00009A38	OK		
DEFAULT_TABLE	DEFAULT_TABLE@CMOS	CMOS	data	0x00009A79	OK		
DEFAULT_TABLE_TOTALI	DEFAULT_TABLE_TOTALI@CMOS	CMOS	data	0x00009A8D	OK		
INIT_LASTHS_TABLE	INIT_LASTHS_TABLE		code	0x00009AA2	OK		
UPDATE_LASTHS	UPDATE_LASTHS@CMOS	CMOS	code	0x00009AAA	OK		
INIT_HSTD_TABLES	INIT_HSTD_TABLES		code	0x00009AC4	OK		
VALIDATE_HSTD_TABLES	VALIDATE_HSTD_TABLES		code	0x00009AD4	OK		
J1	J1@CMOS	CMOS	label	0x00009AE1	OK		
J2	J2@CMOS	CMOS	label	0x00009AE7	OK		
J3	J3@CMOS	CMOS	label	0x00009AED	OK		
RESETALL	RESETALL@CMOS	CMOS	label	0x00009AFB	OK		
GET_TABLE_ADDR	GET_TABLE_ADDR		code	0x00009AFD	OK		
TABLE_ENTRY_WRITE	TABLE_ENTRY_WRITE@CMOS	CMOS	code	0x00009B07	OK		
TABLE_ENTRY_WRITE0	TABLE_ENTRY_WRITE0@CMOS	CMOS	code	0x00009B16	OK		
TEWL1	TEWL1@CMOS	CMOS	label	0x00009B1A	OK		
TABLE_ENTRY_READ	TABLE_ENTRY_READ		code	0x00009B31	OK		
CHECK_RACE_TABLE	CHECK_RACE_TABLE		code	0x00009B43	OK		
NXTENT	NXTENT@CMOS	CMOS	label	0x00009B49	OK		
INSERT_HERE	INSERT_HERE@CMOS	CMOS	label	0x00009B51	OK		
INSERT_TABLE_ENTRY	INSERT_TABLE_ENTRY		code	0x00009B53	OK		
ITEL	ITEL@CMOS	CMOS	label	0x00009B5D	OK		
ITLX	ITLX@CMOS	CMOS	label	0x00009B63	OK		
FLYTRAIN	FLYTRAIN		code	0x00009C1A	OK		
MPH_BUFFERI	MPH_BUFFERI@HUD	HUD	data	0x00009D0C	OK		
STOPBUFFI	STOPBUFFI@HUD	HUD	data	0x00009D0D	OK		
MOVEIN_HUD_EQUIP	MOVEIN_HUD_EQUIP		code	0x00009D0E	OK		
LIU8	LIU8@HUD	HUD	label	0x00009D10	OK		
M2L	M2L@HUD	HUD	label	0x00009D16	OK		
MOVEOUT_HUD_EQUIP	MOVEOUT_HUD_EQUIP		code	0x00009D20	OK		
HUD	HUD		code	0x00009D2A	OK		
BLAHBLAH	BLAHBLAH@HUD	HUD	label	0x00009D41	OK		
NOMOTIONMSGS	NOMOTIONMSGS@HUD	HUD	label	0x00009D41	OK		
NOTLOST	NOTLOST@HUD	HUD	label	0x00009D57	OK		
OFJN	OFJN@HUD	HUD	label	0x00009D63	OK		
NOT_OFFROAD	NOT_OFFROAD@HUD	HUD	label	0x00009D70	OK		
ISAUTOTRNS	ISAUTOTRNS@HUD	HUD	label	0x00009D80	OK		
DNDNL	DNDNL@HUD	HUD	label	0x00009D86	OK		
ISMPHT	ISMPHT@HUD	HUD	label	0x00009DA2	OK		
ISDNN	ISDNN@HUD	HUD	label	0x00009DA8	OK		
NOINITBP	NOINITBP@HUD	HUD	label	0x00009DCD	OK		
NBEEP	NBEEP@HUD	HUD	label	0x00009DD5	OK		
ISMPH	ISMPH@HUD	HUD	label	0x00009DDD	OK		
ISKPH	ISKPH@HUD	HUD	label	0x00009DDE	OK		
HARDalloc_section	HARDalloc_section		code	0x00009E21	OK		
alloc_section	alloc_section		code	0x00009E21	OK		
dealloc_section	dealloc_section		code	0x00009E29	OK		
TACH_GRADIENT	TACH_GRADIENT@HUD	HUD	data	0x00009E37	OK		
TACHOMETER_ANIMATE	TACHOMETER_ANIMATE@HUD	HUD	code	0x00009E4D	OK		
LP89	LP89@HUD	HUD	label	0x00009E52	OK		
GEARPAL	GEARPAL@HUD	HUD	data	0x00009E7C	OK		
FILL_DITHER	FILL_DITHER		code	0x00009E84	OK		
ENTER2	ENTER2@HUD	HUD	label	0x00009E93	OK		
PALROMI	PALROMI		data	0x00009EA6	OK		
PTTRAMI	PTTRAMI@PALL	PALL	data	0x00009EA7	OK		
PALRAMI	PALRAMI@PALL	PALL	data	0x00009EA8	OK		
RAWLOCSI	RAWLOCSI@PALL	PALL	data	0x00009EAA	OK		
PAL_INIT	PAL_INIT		code	0x00009EAB	OK		
PAL_XFER	PAL_XFER		code	0x00009EC2	OK		
NOTCLR	NOTCLR@PALL	PALL	label	0x00009EC8	OK		
PALTR0	PALTR0@PALL	PALL	label	0x00009ECA	OK		
I889	I889@PALL	PALL	label	0x00009ECF	OK		
PACBLK	PACBLK@PALL	PALL	label	0x00009EDE	OK		
NOT_PACKED_PAL	NOT_PACKED_PAL@PALL	PALL	label	0x00009EE0	OK		
REGDOIT	REGDOIT@PALL	PALL	label	0x00009EE7	OK		
PALTRX	PALTRX@PALL	PALL	label	0x00009EEC	OK		
PAL_OVERWRITE	PAL_OVERWRITE		code	0x00009EED	OK		
PAL_FIND	PAL_FIND		code	0x00009EF8	OK		
FPLXEX	FPLXEX@PALL	PALL	label	0x00009F03	OK		
PAL_FIND_RAW	PAL_FIND_RAW		code	0x00009F06	OK		
FINDRLP	FINDRLP@PALL	PALL	label	0x00009F0A	OK		
FOUNDRAW	FOUNDRAW@PALL	PALL	label	0x00009F13	OK		
PAL_DELETE_RAW	PAL_DELETE_RAW		code	0x00009F17	OK		
PAL_ALLOC	PAL_ALLOC		code	0x00009F25	OK		
GPL0	GPL0@PALL	PALL	label	0x00009F31	OK		
GPLP	GPLP@PALL	PALL	label	0x00009F37	OK		
GETPL	GETPL@PALL	PALL	label	0x00009F41	OK		
GPLX	GPLX@PALL	PALL	label	0x00009F52	OK		
PAL_ALLOC_RAW	PAL_ALLOC_RAW		code	0x00009F5A	OK		
RPLP	RPLP@PALL	PALL	label	0x00009F65	OK		
RAWPL	RAWPL@PALL	PALL	label	0x00009F6F	OK		
RAWPEX	RAWPEX@PALL	PALL	label	0x00009F80	OK		
PAL_SET	PAL_SET		code	0x00009F87	OK		
PALXFER_ACTIVEI	PALXFER_ACTIVEI@PALL	PALL	data	0x00009F9A	OK		
PALXFER_FREEI	PALXFER_FREEI@PALL	PALL	data	0x00009F9B	OK		
PALXFER_STRI	PALXFER_STRI@PALL	PALL	data	0x00009F9C	OK		
PALXFER_INIT	PALXFER_INIT@PALL	PALL	code	0x00009F9D	OK		
PXIL	PXIL@PALL	PALL	label	0x00009FA8	OK		
PALXFER_GET	PALXFER_GET@PALL	PALL	code	0x00009FAF	OK		
PALXFER_DEL	PALXFER_DEL@PALL	PALL	code	0x00009FBA	OK		
PXFLP	PXFLP@PALL	PALL	label	0x00009FBD	OK		
PXXX	PXXX@PALL	PALL	label	0x00009FC7	OK		
PAL_DELETE	PAL_DELETE		code	0x00009FCA	OK		
DELP2	DELP2@PALL	PALL	label	0x00009FDE	OK		
PAL_DIMMER	PAL_DIMMER		code	0x00009FE1	OK		
TYCO_TRKI	TYCO_TRKI		data	0x0000A12E	OK		
_SECshared	_SECshared		data	0x0000A130	OK		
_SECskys	_SECskys@CUSA	CUSA	data	0x0000A132	OK		
_SECgeneral	_SECgeneral@CUSA	CUSA	data	0x0000A138	OK		
_SECpress	_SECpress		data	0x0000A15E	OK		
shared_PALETTES	shared_PALETTES@BONUS	BONUS	data	0x0000A16A	OK		
crace_PALETTES	crace_PALETTES		data	0x0000A18C	OK		
dc_shared_PALETTES	dc_shared_PALETTES@BONUS	BONUS	data	0x0000A190	OK		
finale_PALETTES	finale_PALETTES@BONUS	BONUS	data	0x0000A194	OK		
press_PALETTES	press_PALETTES@HSTDP	HSTDP	data	0x0000A198	OK		
DICTI	DICTI@COMP	COMP	data	0x0000A2D8	OK		
DECODE_STACKI	DECODE_STACKI@COMP	COMP	data	0x0000A2D9	OK		
LINEBUFFERI	LINEBUFFERI@COMP	COMP	data	0x0000A2DA	OK		
INPUT_BITS	INPUT_BITS@COMP	COMP	code	0x0000A2DB	OK		
MULTIWORD	MULTIWORD@COMP	COMP	label	0x0000A2E5	OK		
PUTC	PUTC@COMP	COMP	code	0x0000A2F4	OK		
WVWRLP2	WVWRLP2@COMP	COMP	label	0x0000A316	OK		
DECOMPRESS	DECOMPRESS		code	0x0000A324	OK		
NOHARDLOAD	NOHARDLOAD@COMP	COMP	label	0x0000A340	OK		
DECOMPRESS_TOPLP	DECOMPRESS_TOPLP@COMP	COMP	label	0x0000A342	OK		
CONT	CONT@COMP	COMP	label	0x0000A34B	OK		
DECOMPRESS_PROC	DECOMPRESS_PROC		code	0x0000A34E	OK		
DECOMPRESS_TOPLP3	DECOMPRESS_TOPLP3@COMP	COMP	label	0x0000A35F	OK		
DECOMPRESSLP	DECOMPRESSLP@COMP	COMP	label	0x0000A36D	OK		
NOBUMP	NOBUMP@COMP	COMP	label	0x0000A377	OK		
NODSRT	NODSRT@COMP	COMP	label	0x0000A381	OK		
DECODEL3i	DECODEL3i@COMP	COMP	label	0x0000A383	OK		
DECODEL1i	DECODEL1i@COMP	COMP	label	0x0000A38A	OK		
BLOOPER	BLOOPER@COMP	COMP	label	0x0000A392	OK		
DECOMPRESSX	DECOMPRESSX@COMP	COMP	label	0x0000A399	OK		
SAVESPCI	SAVESPCI@COMP	COMP	data	0x0000A39E	OK		
SAVE_DECOMP_REGS	SAVE_DECOMP_REGS@COMP	COMP	code	0x0000A39F	OK		
RESTORE_DECOMP_REGS	RESTORE_DECOMP_REGS@COMP	COMP	code	0x0000A3B7	OK		
BOOT_PACIFY_SCREEN_P	BOOT_PACIFY_SCREEN_P		data	0x0000A3CF	OK		
BOOT_PACIFY_SCREEN	BOOT_PACIFY_SCREEN@COMP	COMP	code	0x0000A3D0	OK		
LL	LL@COMP	COMP	label	0x0000A3E7	OK		
LLL	LLL@COMP	COMP	label	0x0000A3EB	OK		
LOAD_SECTION_REQ	LOAD_SECTION_REQ		code	0x0000A3ED	OK		
NOWTLD	NOWTLD@COMP	COMP	label	0x0000A3FC	OK		
NOLOAD	NOLOAD@COMP	COMP	label	0x0000A3FF	OK		
REQWAIT	REQWAIT@COMP	COMP	label	0x0000A402	OK		
SIGMA_LISTI	SIGMA_LISTI@SIGMA	SIGMA	data	0x0000A409	OK		
SIGMA_DRONE	SIGMA_DRONE		code	0x0000A42A	OK		
GOAHEAD	GOAHEAD@SIGMA	SIGMA	label	0x0000A42F	OK		
NOT_COP	NOT_COP@SIGMA	SIGMA	label	0x0000A433	OK		
WORIT	WORIT@SIGMA	SIGMA	label	0x0000A433	OK		
DONTWORRY	DONTWORRY@SIGMA	SIGMA	label	0x0000A440	OK		
NOTWEAVER	NOTWEAVER@SIGMA	SIGMA	label	0x0000A47C	OK		
SIGMA_LP	SIGMA_LP@SIGMA	SIGMA	label	0x0000A47C	OK		
NOTPSYCHO_LP	NOTPSYCHO_LP@SIGMA	SIGMA	label	0x0000A494	OK		
NOSL2DIE	NOSL2DIE@SIGMA	SIGMA	label	0x0000A4A7	OK		
NOSL2DIE2	NOSL2DIE2@SIGMA	SIGMA	label	0x0000A4A9	OK		
NOBUMP	NOBUMP@SIGMA	SIGMA	label	0x0000A4B0	OK		
NOYELL	NOYELL@SIGMA	SIGMA	label	0x0000A4CA	OK		
CHECK_DIST	CHECK_DIST@SIGMA	SIGMA	label	0x0000A4D6	OK		
THIS_PIECE	THIS_PIECE@SIGMA	SIGMA	label	0x0000A4EA	OK		
NODIV	NODIV@SIGMA	SIGMA	label	0x0000A501	OK		
NOTPRECOL	NOTPRECOL@SIGMA	SIGMA	label	0x0000A508	OK		
L99	L99@SIGMA	SIGMA	label	0x0000A510	OK		
SIGMASLP	SIGMASLP@SIGMA	SIGMA	label	0x0000A516	OK		
BREAKDOWN	BREAKDOWN@SIGMA	SIGMA	label	0x0000A519	OK		
BREAKDOWNLP	BREAKDOWNLP@SIGMA	SIGMA	label	0x0000A51D	OK		
NOSMK	NOSMK@SIGMA	SIGMA	label	0x0000A526	OK		
BREAKDNSLP	BREAKDNSLP@SIGMA	SIGMA	label	0x0000A530	OK		
SIGMA_DIE	SIGMA_DIE@SIGMA	SIGMA	label	0x0000A533	OK		
DIV_F	DIV_F		code	0x0000A534	OK		
DIV_F30	DIV_F30		code	0x0000A534	OK		
DIV_I	DIV_I		code	0x0000A55C	OK		
DIV_I30	DIV_I30		code	0x0000A55C	OK		
return	return@ROUTS	ROUTS	label	0x0000A573	OK		
DIV_U30	DIV_U30		code	0x0000A57F	OK		
zerob	zerob@ROUTS	ROUTS	label	0x0000A5AE	OK		
INV_F30	INV_F30		code	0x0000A5B0	OK		
MOD_I30	MOD_I30		code	0x0000A5D4	OK		
MOD_U30	MOD_U30		code	0x0000A5F4	OK		
SQRT	SQRT		code	0x0000A61C	OK		
COMM_DRONE_PTR_SORT	COMM_DRONE_PTR_SORT		code	0x0000A723	OK		
OM_DRONE	OM_DRONE		code	0x0000A743	OK		
OM_DRONEL	OM_DRONEL@COMMDRNE	COMMDRNE	label	0x0000A745	OK		
DRONELL	DRONELL@COMMDRNE	COMMDRNE	label	0x0000A75A	OK		
_font1I	_font1I@FONT1A	FONT1A	data	0x0000A75B	OK		
ENABLEGIE	ENABLEGIE		code	0x0000A75C	OK		
POINT	POINT@FONT1A	FONT1A	data	0x0000A75D	OK		
_itoaLZ	_itoaLZ		code	0x0000A779	OK		
_itoa	_itoa		code	0x0000A78D	OK		
itoa1	itoa1@FONT1A	FONT1A	label	0x0000A79E	OK		
NOLEADINGZERO	NOLEADINGZERO@FONT1A	FONT1A	label	0x0000A7AE	OK		
LOOP2	LOOP2@FONT1A	FONT1A	label	0x0000A7B4	OK		
NOTNEG	NOTNEG@FONT1A	FONT1A	label	0x0000A7B4	OK		
DALOP	DALOP@FONT1A	FONT1A	label	0x0000A7BD	OK		
itoaX	itoaX@FONT1A	FONT1A	label	0x0000A7C4	OK		
HEX2ASC	HEX2ASC		code	0x0000A7D7	OK		
htoa1	htoa1@FONT1A	FONT1A	label	0x0000A7E4	OK		
DDJ	DDJ@FONT1A	FONT1A	label	0x0000A7EA	OK		
JJK	JJK@FONT1A	FONT1A	label	0x0000A7EB	OK		
LOOP2H	LOOP2H@FONT1A	FONT1A	label	0x0000A7F1	OK		
HDALOP	HDALOP@FONT1A	FONT1A	label	0x0000A7FA	OK		
htoaX	htoaX@FONT1A	FONT1A	label	0x0000A801	OK		
_fill	_fill		code	0x0000A810	OK		
FILLLP1	FILLLP1@FONT1A	FONT1A	label	0x0000A811	OK		
_outtextxyc	_outtextxyc		code	0x0000A81F	OK		
OLP	OLP@FONT1A	FONT1A	label	0x0000A823	OK		
REGLP	REGLP@FONT1A	FONT1A	label	0x0000A827	OK		
OUTRLP	OUTRLP@FONT1A	FONT1A	label	0x0000A833	OK		
LOOP1	LOOP1@FONT1A	FONT1A	label	0x0000A836	OK		
NPLOT	NPLOT@FONT1A	FONT1A	label	0x0000A842	OK		
NXTCHAR	NXTCHAR@FONT1A	FONT1A	label	0x0000A84A	OK		
oucX	oucX@FONT1A	FONT1A	label	0x0000A84C	OK		
_pixel	_pixel		code	0x0000A84F	OK		
PACTIVEI	PACTIVEI		data	0x0000A86B	OK		
PFREEI	PFREEI@MPROC	MPROC	data	0x0000A86C	OK		
PRCSTRI	PRCSTRI@MPROC	MPROC	data	0x0000A86D	OK		
PRC_CREATE	PRC_CREATE		code	0x0000A86F	OK		
GETPROC0	GETPROC0@MPROC	MPROC	label	0x0000A87C	OK		
GETPROCX	GETPROCX@MPROC	MPROC	label	0x0000A891	OK		
PRC_CREATE_CHILD	PRC_CREATE_CHILD		code	0x0000A893	OK		
PRC_DISPATCH	PRC_DISPATCH		code	0x0000A89D	OK		
PRC_SLEEP	PRC_SLEEP		code	0x0000A89F	OK		
SLEEP	SLEEP		code	0x0000A89F	OK		
NEXTPRC	NEXTPRC@MPROC	MPROC	label	0x0000A8AC	OK		
PRC_SUICIDE	PRC_SUICIDE		code	0x0000A8C1	OK		
SUICIDE	SUICIDE		code	0x0000A8C1	OK		
DIELP	DIELP@MPROC	MPROC	label	0x0000A8C6	OK		
PRC_KILL	PRC_KILL		code	0x0000A8D7	OK		
KILLP	KILLP@MPROC	MPROC	label	0x0000A8E4	OK		
KILL_X	KILL_X@MPROC	MPROC	label	0x0000A8F7	OK		
PRC_KILLALL	PRC_KILLALL		code	0x0000A8FA	OK		
KILLALLP	KILLALLP@MPROC	MPROC	label	0x0000A8FE	OK		
KLP0	KLP0@MPROC	MPROC	label	0x0000A8FF	OK		
KADONE	KADONE@MPROC	MPROC	label	0x0000A90E	OK		
PRC_INIT	PRC_INIT		code	0x0000A920	OK		
PINITL	PINITL@MPROC	MPROC	label	0x0000A92C	OK		
PRC_FIND	PRC_FIND		code	0x0000A93D	OK		
FINDE	FINDE@MPROC	MPROC	label	0x0000A943	OK		
FINDPROCX	FINDPROCX@MPROC	MPROC	label	0x0000A948	OK		
PRC_FOLLOW	PRC_FOLLOW		code	0x0000A94A	OK		
PFOLLP	PFOLLP@MPROC	MPROC	label	0x0000A94F	OK		
PROC_FOLLOW_X	PROC_FOLLOW_X@MPROC	MPROC	label	0x0000A961	OK		
ERROR_LOG	ERROR_LOG		code	0x0000AB4A	OK		
ERROR_X	ERROR_X@ERROR	ERROR	label	0x0000AB99	OK		
ERROR_LOG_DISPLAY	ERROR_LOG_DISPLAY		code	0x0000ABA9	OK		
ERRLOG_D	ERRLOG_D@ERROR	ERROR	label	0x0000ABBC	OK		
NEXT_PAGE	NEXT_PAGE@ERROR	ERROR	label	0x0000ABC0	OK		
ERRLOG_D2	ERRLOG_D2@ERROR	ERROR	label	0x0000ABD1	OK		
BIGLOOP	BIGLOOP@ERROR	ERROR	label	0x0000ABD4	OK		
ION	ION@ERROR	ERROR	label	0x0000AC01	OK		
LLPPT	LLPPT@ERROR	ERROR	label	0x0000AC08	OK		
NOCLEAR	NOCLEAR@ERROR	ERROR	label	0x0000AC17	OK		
NOT_NEXT_PAGE	NOT_NEXT_PAGE@ERROR	ERROR	label	0x0000AC20	OK		
BOOKX2	BOOKX2@ERROR	ERROR	label	0x0000AC23	OK		
BOOKX	BOOKX@ERROR	ERROR	label	0x0000AC28	OK		
_rectangle	_rectangle		code	0x0000AC2C	OK		
_line	_line		code	0x0000AC53	OK		
L5	L5@LINE	LINE	data	0x0000AC7E	OK		
L10	L10@LINE	LINE	data	0x0000AC8F	OK		
L14	L14@LINE	LINE	data	0x0000AC9D	OK		
L16	L16@LINE	LINE	data	0x0000ACA5	OK		
L17	L17@LINE	LINE	data	0x0000ACB2	OK		
L22	L22@LINE	LINE	data	0x0000ACC3	OK		
L26	L26@LINE	LINE	data	0x0000ACD1	OK		
L28	L28@LINE	LINE	data	0x0000ACD6	OK		
L40	L40@LINE	LINE	data	0x0000ACDA	OK		
L32	L32@LINE	LINE	data	0x0000ACE2	OK		
L34	L34@LINE	LINE	data	0x0000ACE6	OK		
L39	L39@LINE	LINE	data	0x0000ACEA	OK		
L38	L38@LINE	LINE	label	0x0000ACF1	OK		
SECTION_ROUTINE	SECTION_ROUTINE		code	0x0000ACFA	OK		
ROUTINE_TABLEI	ROUTINE_TABLEI@OVERLAY	OVERLAY	data	0x0000AD00	OK		
CHECKPOINT_HIT_R	CHECKPOINT_HIT_R		code	0x0000AD30	OK		
CHECKPOINT_HIT	CHECKPOINT_HIT		code	0x0000AD33	OK		
JJGH	JJGH@OVERLAY	OVERLAY	label	0x0000AD3A	OK		
CPHX	CPHX@OVERLAY	OVERLAY	label	0x0000AD47	OK		
BRIDGE_OFF	BRIDGE_OFF@OVERLAY	OVERLAY	code	0x0000AD62	OK		
FLAMESORT	FLAMESORT		code	0x0000AE35	OK		
FLMSORTX	FLMSORTX@FLAME	FLAME	label	0x0000AE4E	OK		
GETCARBODY	GETCARBODY		code	0x0000AE4F	OK		
FBLOOP	FBLOOP@FLAME	FLAME	label	0x0000AE50	OK		
FOUND_BODY	FOUND_BODY@FLAME	FLAME	label	0x0000AE55	OK		
FIND_NEXT_OBJ	FIND_NEXT_OBJ		code	0x0000AE57	OK		
OFN	OFN@FLAME	FLAME	label	0x0000AE5B	OK		
OFNX	OFNX@FLAME	FLAME	label	0x0000AE62	OK		
OFNX1	OFNX1@FLAME	FLAME	label	0x0000AE66	OK		
DELTA_OINIT	DELTA_OINIT		code	0x0000AE6A	OK		
NOTDEGRADE	NOTDEGRADE@DELTA	DELTA	label	0x0000AE92	OK		
NODYNAX1	NODYNAX1@DELTA	DELTA	label	0x0000AE99	OK		
DDYNA_INIT	DDYNA_INIT@DELTA	DELTA	code	0x0000AE9A	OK		
WHEELLP	WHEELLP@DELTA	DELTA	label	0x0000AEBB	OK		
VANIX	VANIX@DELTA	DELTA	label	0x0000AED0	OK		
DRONE_DANI_PROCI	DRONE_DANI_PROCI@DELTA	DELTA	data	0x0000AED7	OK		
CARPROCL	CARPROCL@DELTA	DELTA	label	0x0000AEDD	OK		
CDTOP	CDTOP@DELTA	DELTA	label	0x0000AEEC	OK		
CARSLP	CARSLP@DELTA	DELTA	label	0x0000AEF8	OK		
_rdma	_rdma		code	0x0000AEFC	OK		
_stuff_fpga	_stuff_fpga		code	0x0000AF06	OK		
STUFFWT	STUFFWT@TOTALA	TOTALA	label	0x0000AF0E	OK		
BLTMOD2D	BLTMOD2D		code	0x0000AF43	OK		
BLTMOD2D_DS	BLTMOD2D_DS		code	0x0000AF78	OK		
ROAD_DEBRISI	ROAD_DEBRISI		data	0x0000AF84	OK		
INIT_RDDEBRIS	INIT_RDDEBRIS		code	0x0000AF85	OK		
ADD_RDDEBRIS	ADD_RDDEBRIS		code	0x0000AF88	OK		
FREE_RDDEBRIS	FREE_RDDEBRIS		code	0x0000AF96	OK		
FREELP	FREELP@ROADBLCK	ROADBLCK	label	0x0000AF9A	OK		
FREEDR_X	FREEDR_X@ROADBLCK	ROADBLCK	label	0x0000AFA1	OK		
DEBRIS_SORT	DEBRIS_SORT		code	0x0000AFA5	OK		
DSORTNXT	DSORTNXT@ROADBLCK	ROADBLCK	label	0x0000AFB1	OK		
GETRK0	GETRK0@ROADBLCK	ROADBLCK	label	0x0000AFC2	OK		
GETLINK	GETLINK@ROADBLCK	ROADBLCK	label	0x0000AFD4	OK		
SHLOOP	SHLOOP@ROADBLCK	ROADBLCK	label	0x0000AFDD	OK		
SHDONE	SHDONE@ROADBLCK	ROADBLCK	label	0x0000AFE8	OK		
IDBX	IDBX@ROADBLCK	ROADBLCK	label	0x0000AFF1	OK		
NUWHEEL	NUWHEEL		code	0x0000AFF2	OK		
NUWHL1	NUWHL1@WHEEL	WHEEL	label	0x0000AFFD	OK		
NBON	NBON@WHEEL	WHEEL	label	0x0000B001	OK		
NIC	NIC@WHEEL	WHEEL	label	0x0000B005	OK		
NUWHL2	NUWHL2@WHEEL	WHEEL	label	0x0000B009	OK		
NUWHL3	NUWHL3@WHEEL	WHEEL	label	0x0000B00D	OK		
NUWHL	NUWHL@WHEEL	WHEEL	label	0x0000B010	OK		
TOWHEEL	TOWHEEL		code	0x0000B031	OK		
_HPsin	_HPsin		code	0x0000B04A	OK		
LL3	LL3@HPMATH	HPMATH	label	0x0000B05A	OK		
_HPcos	_HPcos		code	0x0000B072	OK		
SCREENWIPE_OPEN	SCREENWIPE_OPEN		code	0x0000B09F	OK		
COIN_TABLEI	COIN_TABLEI		data	0x0000B0B0	OK		
COIN_TABLEENDI	COIN_TABLEENDI@COINTAB	COINTAB	data	0x0000B0B1	OK		
COUNTRY_TABI	COUNTRY_TABI@COINTAB	COINTAB	data	0x0000B0B2	OK		
COUNTRY_DEFAULTSI	COUNTRY_DEFAULTSI@COINTAB	COINTAB	data	0x0000B0B3	OK		
COINMSGC_TABI	COINMSGC_TABI@COINTAB	COINTAB	data	0x0000B0B4	OK		
COUNTRY_DEFAULTS_ENDI	COUNTRY_DEFAULTS_ENDI@COINTAB	COINTAB	data	0x0000B0B5	OK		
FONTDIGLGI	FONTDIGLGI		data	0x0000B0B6	OK		
FONTDIGSMI	FONTDIGSMI		data	0x0000B0B7	OK		
FONTN43TABI	FONTN43TABI		data	0x0000B0B8	OK		
FONT40TABI	FONT40TABI		data	0x0000B0B9	OK		
_SEChead2head	_SEChead2head		data	0x0000B0BC	OK		
_SECshared_ptr_0000B0BF	_SECshared_ptr_0000B0BF		data	0x0000B0BF	OK		
_SECskys_ptr_0000B0C0	_SECskys_ptr_0000B0C0		data	0x0000B0C0	OK		
_SECgeneral_ptr_0000B0C1	_SECgeneral_ptr_0000B0C1		data	0x0000B0C1	OK		
_SEChead2head_ptr_0000B0C2	_SEChead2head_ptr_0000B0C2		data	0x0000B0C2	OK		
_SECpress_ptr_0000B0C3	_SECpress_ptr_0000B0C3		data	0x0000B0C3	OK		
FLOAT_TIK	FLOAT_TIK@CUSA	CUSA	data	0x0000B0C4	OK		
startup0_ptr_0000B0C5	startup0_ptr_0000B0C5		data	0x0000B0C5	OK		
startup1_ptr_0000B0C6	startup1_ptr_0000B0C6		data	0x0000B0C6	OK		
startup2_ptr_0000B0C7	startup2_ptr_0000B0C7		data	0x0000B0C7	OK		
startup3_ptr_0000B0C8	startup3_ptr_0000B0C8		data	0x0000B0C8	OK		
dlts_ptr_0000B0C9	dlts_ptr_0000B0C9		data	0x0000B0C9	OK		
VERSION_STAMP_ptr_0000B0CA	VERSION_STAMP_ptr_0000B0CA		data	0x0000B0CA	OK		
INTERNAL_VERS_ptr_0000B0CB	INTERNAL_VERS_ptr_0000B0CB		data	0x0000B0CB	OK		
DATE_STAMP_ptr_0000B0CC	DATE_STAMP_ptr_0000B0CC		data	0x0000B0CC	OK		
M1_ptr_0000B0CD	M1_ptr_0000B0CD		data	0x0000B0CD	OK		
M2_ptr_0000B0CE	M2_ptr_0000B0CE		data	0x0000B0CE	OK		
M3_ptr_0000B0CF	M3_ptr_0000B0CF		data	0x0000B0CF	OK		
M4_ptr_0000B0D0	M4_ptr_0000B0D0		data	0x0000B0D0	OK		
M5_ptr_0000B0D1	M5_ptr_0000B0D1		data	0x0000B0D1	OK		
M6_ptr_0000B0D2	M6_ptr_0000B0D2		data	0x0000B0D2	OK		
M7_ptr_0000B0D3	M7_ptr_0000B0D3		data	0x0000B0D3	OK		
M8_ptr_0000B0D4	M8_ptr_0000B0D4		data	0x0000B0D4	OK		
M9_ptr_0000B0D5	M9_ptr_0000B0D5		data	0x0000B0D5	OK		
DIAGPAL_ptr_0000B0DA	DIAGPAL_ptr_0000B0DA		data	0x0000B0DA	OK		
ATTR_WAVETABI	ATTR_WAVETABI@ATTRDRNE	ATTRDRNE	data	0x0000B0DD	OK		
cornpops_ptr_0000B0F3	cornpops_ptr_0000B0F3		data	0x0000B0F3	OK		
LVAL	LVAL@BACKGRND	BACKGRND	data	0x0000B0F4	OK		
CORNPAL_ptr_0000B0F5	CORNPAL_ptr_0000B0F5		data	0x0000B0F5	OK		
SINGLE_SECTION_TEMPPTR_ptr_0000B101	SINGLE_SECTION_TEMPPTR_ptr_0000B101		data	0x0000B101	OK		
SINGLE_SECTION_TEMPPTR_ptr_0000B105	SINGLE_SECTION_TEMPPTR_ptr_0000B105		data	0x0000B105	OK		
BHDDFAS_ptr_0000B108	BHDDFAS_ptr_0000B108		data	0x0000B108	OK		
font18_white_ptr_0000B109	font18_white_ptr_0000B109		data	0x0000B109	OK		
big2_ptr_0000B10A	big2_ptr_0000B10A		data	0x0000B10A	OK		
H2HPAL3_ptr_0000B10B	H2HPAL3_ptr_0000B10B		data	0x0000B10B	OK		
redhd1_ptr_0000B10C	redhd1_ptr_0000B10C		data	0x0000B10C	OK		
H2HPAL2_ptr_0000B10D	H2HPAL2_ptr_0000B10D		data	0x0000B10D	OK		
yelhd1_ptr_0000B10E	yelhd1_ptr_0000B10E		data	0x0000B10E	OK		
H2HPAL2_ptr_0000B10F	H2HPAL2_ptr_0000B10F		data	0x0000B10F	OK		
shared_PALETTES_ptr_0000B122	shared_PALETTES_ptr_0000B122		data	0x0000B122	OK		
shared_PALETTES_ptr_0000B123	shared_PALETTES_ptr_0000B123		data	0x0000B123	OK		
_SECshared_ptr_0000B124	_SECshared_ptr_0000B124		data	0x0000B124	OK		
dc_shared_PALETTES_ptr_0000B133	dc_shared_PALETTES_ptr_0000B133		data	0x0000B133	OK		
finale_PALETTES_ptr_0000B134	finale_PALETTES_ptr_0000B134		data	0x0000B134	OK		
WINT1_ptr_0000B139	WINT1_ptr_0000B139		data	0x0000B139	OK		
font18_white_ptr_0000B13A	font18_white_ptr_0000B13A		data	0x0000B13A	OK		
WINT2_ptr_0000B13B	WINT2_ptr_0000B13B		data	0x0000B13B	OK		
font18_white_ptr_0000B13C	font18_white_ptr_0000B13C		data	0x0000B13C	OK		
FRA1_ptr_0000B13D	FRA1_ptr_0000B13D		data	0x0000B13D	OK		
FRA2_ptr_0000B13E	FRA2_ptr_0000B13E		data	0x0000B13E	OK		
FRA1_ptr_0000B13F	FRA1_ptr_0000B13F		data	0x0000B13F	OK		
star_ptr_0000B140	star_ptr_0000B140		data	0x0000B140	OK		
BT1_ptr_0000B142	BT1_ptr_0000B142		data	0x0000B142	OK		
BT1A_ptr_0000B143	BT1A_ptr_0000B143		data	0x0000B143	OK		
dnums_amber_ptr_0000B144	dnums_amber_ptr_0000B144		data	0x0000B144	OK		
RT2_ptr_0000B145	RT2_ptr_0000B145		data	0x0000B145	OK		
HH1_ptr_0000B146	HH1_ptr_0000B146		data	0x0000B146	OK		
HH2_ptr_0000B147	HH2_ptr_0000B147		data	0x0000B147	OK		
font18_white_ptr_0000B148	font18_white_ptr_0000B148		data	0x0000B148	OK		
NULLSTR5_ptr_0000B149	NULLSTR5_ptr_0000B149		data	0x0000B149	OK		
BT2_ptr_0000B14A	BT2_ptr_0000B14A		data	0x0000B14A	OK		
EXPIRED_ptr_0000B14B	EXPIRED_ptr_0000B14B		data	0x0000B14B	OK		
font18_white_ptr_0000B14C	font18_white_ptr_0000B14C		data	0x0000B14C	OK		
font18_white_ptr_0000B152	font18_white_ptr_0000B152		data	0x0000B152	OK		
osg10fnt_white_ptr_0000B153	osg10fnt_white_ptr_0000B153		data	0x0000B153	OK		
VOLUME_COUNT_ptr_0000B154	VOLUME_COUNT_ptr_0000B154		data	0x0000B154	OK		
VOLUME_TXT_ptr_0000B155	VOLUME_TXT_ptr_0000B155		data	0x0000B155	OK		
COMMQ_TMP_BUFF_ptr_0000B15A	COMMQ_TMP_BUFF_ptr_0000B15A		data	0x0000B15A	OK		
TIBO	TIBO@ERROR	ERROR	data	0x0000B170	OK		
TIBO_ptr_0000B171	TIBO_ptr_0000B171		data	0x0000B171	OK		
PLATE_LETTERSI	PLATE_LETTERSI@HSTDP	HSTDP	data	0x0000B198	OK		
THREED_LETTERSI	THREED_LETTERSI@HSTDP	HSTDP	data	0x0000B199	OK		
DELISTI	DELISTI@HSTDP	HSTDP	data	0x0000B19C	OK		
NUMTABI	NUMTABI@HSTDP	HSTDP	data	0x0000B19D	OK		
plate_darkp_ptr_0000B1A9	plate_darkp_ptr_0000B1A9		data	0x0000B1A9	OK		
plate_medp_ptr_0000B1AA	plate_medp_ptr_0000B1AA		data	0x0000B1AA	OK		
plate_lightp_ptr_0000B1AB	plate_lightp_ptr_0000B1AB		data	0x0000B1AB	OK		
plate_lightp1_ptr_0000B1AC	plate_lightp1_ptr_0000B1AC		data	0x0000B1AC	OK		
press_PALETTES_ptr_0000B1AF	press_PALETTES_ptr_0000B1AF		data	0x0000B1AF	OK		
LONGEST_TIME	LONGEST_TIME@HSTDP	HSTDP	data	0x0000B1B0	OK		
dcol_ptr_0000B1B1	dcol_ptr_0000B1B1		data	0x0000B1B1	OK		
scroll_white_ptr_0000B1B2	scroll_white_ptr_0000B1B2		data	0x0000B1B2	OK		
plate_darkp_ptr_0000B1B3	plate_darkp_ptr_0000B1B3		data	0x0000B1B3	OK		
plate_medp_ptr_0000B1B4	plate_medp_ptr_0000B1B4		data	0x0000B1B4	OK		
plate_lightp_ptr_0000B1B5	plate_lightp_ptr_0000B1B5		data	0x0000B1B5	OK		
plate_lightp1_ptr_0000B1B6	plate_lightp1_ptr_0000B1B6		data	0x0000B1B6	OK		
press_PALETTES_ptr_0000B1B7	press_PALETTES_ptr_0000B1B7		data	0x0000B1B7	OK		
scroll_white_ptr_0000B1B9	scroll_white_ptr_0000B1B9		data	0x0000B1B9	OK		
press_grp_ptr_0000B1BA	press_grp_ptr_0000B1BA		data	0x0000B1BA	OK		
SAFETSI	SAFETSI@HUD	HUD	data	0x0000B1BC	OK		
YOURLOSTTXT_ptr_0000B1BD	YOURLOSTTXT_ptr_0000B1BD		data	0x0000B1BD	OK		
OFFROADTXT_ptr_0000B1BE	OFFROADTXT_ptr_0000B1BE		data	0x0000B1BE	OK		
OFFROADBUFF_ptr_0000B1BF	OFFROADBUFF_ptr_0000B1BF		data	0x0000B1BF	OK		
rpm_ptr_0000B1C0	rpm_ptr_0000B1C0		data	0x0000B1C0	OK		
rpmman_ptr_0000B1C1	rpmman_ptr_0000B1C1		data	0x0000B1C1	OK		
rpmauto_ptr_0000B1C2	rpmauto_ptr_0000B1C2		data	0x0000B1C2	OK		
GEARI	GEARI@HUD	HUD	data	0x0000B1C3	OK		
mph_ptr_0000B1CE	mph_ptr_0000B1CE		data	0x0000B1CE	OK		
kph_ptr_0000B1CF	kph_ptr_0000B1CF		data	0x0000B1CF	OK		
mphmph_ptr_0000B1D0	mphmph_ptr_0000B1D0		data	0x0000B1D0	OK		
time_ptr_0000B1D1	time_ptr_0000B1D1		data	0x0000B1D1	OK		
lgnum43_coolyelo_ptr_0000B1D2	lgnum43_coolyelo_ptr_0000B1D2		data	0x0000B1D2	OK		
dnums_amber_ptr_0000B1D3	dnums_amber_ptr_0000B1D3		data	0x0000B1D3	OK		
elap_ptr_0000B1D4	elap_ptr_0000B1D4		data	0x0000B1D4	OK		
POS_TABLEI	POS_TABLEI		data	0x0000B1D5	OK		
TACH_GRADIENT_ptr_0000B1F4	TACH_GRADIENT_ptr_0000B1F4		data	0x0000B1F4	OK		
TACHOMETER_PAL_ptr_0000B1F5	TACHOMETER_PAL_ptr_0000B1F5		data	0x0000B1F5	OK		
TACHOMETER_PAL_ptr_0000B1F6	TACHOMETER_PAL_ptr_0000B1F6		data	0x0000B1F6	OK		
TACHOMETER_PAL_ptr_0000B1F7	TACHOMETER_PAL_ptr_0000B1F7		data	0x0000B1F7	OK		
GEARPAL_ptr_0000B1F8	GEARPAL_ptr_0000B1F8		data	0x0000B1F8	OK		
crace_PALETTES_ptr_0000B231	crace_PALETTES_ptr_0000B231		data	0x0000B231	OK		
XOFFSETI	XOFFSETI@INTRO	INTRO	data	0x0000B232	OK		
CAR_ARRAY_ptr_0000B237	CAR_ARRAY_ptr_0000B237		data	0x0000B237	OK		
time_ptr_0000B23F	time_ptr_0000B23F		data	0x0000B23F	OK		
CAR_ARRAY_ptr_0000B240	CAR_ARRAY_ptr_0000B240		data	0x0000B240	OK		
TITLES_ptr_0000B241	TITLES_ptr_0000B241		data	0x0000B241	OK		
flour_lghtof_ptr_0000B242	flour_lghtof_ptr_0000B242		data	0x0000B242	OK		
CAR1PAL_ptr_0000B243	CAR1PAL_ptr_0000B243		data	0x0000B243	OK		
CAR2PAL_ptr_0000B244	CAR2PAL_ptr_0000B244		data	0x0000B244	OK		
CAR3PAL_ptr_0000B245	CAR3PAL_ptr_0000B245		data	0x0000B245	OK		
CAR4PAL_ptr_0000B246	CAR4PAL_ptr_0000B246		data	0x0000B246	OK		
CAR1PAL_ptr_0000B247	CAR1PAL_ptr_0000B247		data	0x0000B247	OK		
CAR2PAL_ptr_0000B248	CAR2PAL_ptr_0000B248		data	0x0000B248	OK		
CAR3PAL_ptr_0000B249	CAR3PAL_ptr_0000B249		data	0x0000B249	OK		
CAR4PAL_ptr_0000B24A	CAR4PAL_ptr_0000B24A		data	0x0000B24A	OK		
flour_lghtof_ptr_0000B24C	flour_lghtof_ptr_0000B24C		data	0x0000B24C	OK		
flour_lghtof_ptr_0000B24D	flour_lghtof_ptr_0000B24D		data	0x0000B24D	OK		
redhd1_ptr_0000B257	redhd1_ptr_0000B257		data	0x0000B257	OK		
H2HPAL2_ptr_0000B258	H2HPAL2_ptr_0000B258		data	0x0000B258	OK		
yelhd1_ptr_0000B259	yelhd1_ptr_0000B259		data	0x0000B259	OK		
H2HPAL2_ptr_0000B25A	H2HPAL2_ptr_0000B25A		data	0x0000B25A	OK		
big2_ptr_0000B25B	big2_ptr_0000B25B		data	0x0000B25B	OK		
H2HPAL3_ptr_0000B25C	H2HPAL3_ptr_0000B25C		data	0x0000B25C	OK		
H2HPAL1_ptr_0000C646	H2HPAL1_ptr_0000C646		data	0x0000C646	OK		
h2p1a_I_ptr_0000C647	h2p1a_I_ptr_0000C647		data	0x0000C647	OK		
h2p2b_I_ptr_0000C648	h2p2b_I_ptr_0000C648		data	0x0000C648	OK		
tower_bgrey_ptr_0000C64A	tower_bgrey_ptr_0000C64A		data	0x0000C64A	OK		
VIEW0I	VIEW0I		data	0x0000C64B	OK		
VIEW1I	VIEW1I		data	0x0000C64C	OK		
VIEW2I	VIEW2I		data	0x0000C64D	OK		
ROADKILL_TABI	ROADKILL_TABI@ROADKILL	ROADKILL	data	0x0000C65B	OK		
SOUNDTIME	SOUNDTIME@ROADKILL	ROADKILL	data	0x0000C65C	OK		
cow_pal_ptr_0000C65D	cow_pal_ptr_0000C65D		data	0x0000C65D	OK		
kow3_ptr_0000C65F	kow3_ptr_0000C65F		data	0x0000C65F	OK		
DEERANII	DEERANII@ROADKILL	ROADKILL	data	0x0000C660	OK		
SPINSPEEDF	SPINSPEEDF@ROADKILL	ROADKILL	data	0x0000C662	OK		
SPARKANII	SPARKANII@SMOKE	SMOKE	data	0x0000C6F0	OK		
dnums_p_ptr_0000C6F4	dnums_p_ptr_0000C6F4		data	0x0000C6F4	OK		
dnums_p_ptr_0000C6F5	dnums_p_ptr_0000C6F5		data	0x0000C6F5	OK		
dnums_p_ptr_0000C6F6	dnums_p_ptr_0000C6F6		data	0x0000C6F6	OK		
dnums_p_ptr_0000C6F7	dnums_p_ptr_0000C6F7		data	0x0000C6F7	OK		
lgnum43_p_ptr_0000C6F8	lgnum43_p_ptr_0000C6F8		data	0x0000C6F8	OK		
lgnum43_p_ptr_0000C6F9	lgnum43_p_ptr_0000C6F9		data	0x0000C6F9	OK		
ommdfont_p_ptr_0000C6FA	ommdfont_p_ptr_0000C6FA		data	0x0000C6FA	OK		
ommdfont_p_ptr_0000C6FB	ommdfont_p_ptr_0000C6FB		data	0x0000C6FB	OK		
font18_p_ptr_0000C6FC	font18_p_ptr_0000C6FC		data	0x0000C6FC	OK		
font18_p_ptr_0000C6FD	font18_p_ptr_0000C6FD		data	0x0000C6FD	OK		
fixedfnt_tPAL_ptr_0000C6FF	fixedfnt_tPAL_ptr_0000C6FF		data	0x0000C6FF	OK		
crace_PALETTES_ptr_0000C726	crace_PALETTES_ptr_0000C726		data	0x0000C726	OK		
mpcesy_ptr_0000C727	mpcesy_ptr_0000C727		data	0x0000C727	OK		
mpcmed_ptr_0000C728	mpcmed_ptr_0000C728		data	0x0000C728	OK		
mpcexp_ptr_0000C729	mpcexp_ptr_0000C729		data	0x0000C729	OK		
_SECpress_ptr_0000C737	_SECpress_ptr_0000C737		data	0x0000C737	OK		
_SECpress_ptr_0000C73E	_SECpress_ptr_0000C73E		data	0x0000C73E	OK		
caravan_redyelo_ptr_0000C74E	caravan_redyelo_ptr_0000C74E		data	0x0000C74E	OK		
caravan_yelogrey_ptr_0000C74F	caravan_yelogrey_ptr_0000C74F		data	0x0000C74F	OK		
hotrod_yellow_ptr_0000C750	hotrod_yellow_ptr_0000C750		data	0x0000C750	OK		
hotrod_brtblue_ptr_0000C751	hotrod_brtblue_ptr_0000C751		data	0x0000C751	OK		
missle_yellow_ptr_0000C752	missle_yellow_ptr_0000C752		data	0x0000C752	OK		
missle_red_ptr_0000C753	missle_red_ptr_0000C753		data	0x0000C753	OK		
missle_blue_ptr_0000C754	missle_blue_ptr_0000C754		data	0x0000C754	OK		
jeep_red_ptr_0000C755	jeep_red_ptr_0000C755		data	0x0000C755	OK		
jeep_yellow_ptr_0000C756	jeep_yellow_ptr_0000C756		data	0x0000C756	OK		
cvette_blue_ptr_0000C757	cvette_blue_ptr_0000C757		data	0x0000C757	OK		
cvette_red_ptr_0000C758	cvette_red_ptr_0000C758		data	0x0000C758	OK		
cvette_purple_ptr_0000C759	cvette_purple_ptr_0000C759		data	0x0000C759	OK		
testor_blue_ptr_0000C75A	testor_blue_ptr_0000C75A		data	0x0000C75A	OK		
testor_grape_ptr_0000C75B	testor_grape_ptr_0000C75B		data	0x0000C75B	OK		
gtruck_bluep_ptr_0000C75C	gtruck_bluep_ptr_0000C75C		data	0x0000C75C	OK		
muscle_yellow_ptr_0000C75D	muscle_yellow_ptr_0000C75D		data	0x0000C75D	OK		
muscle_green_ptr_0000C75E	muscle_green_ptr_0000C75E		data	0x0000C75E	OK		
ptruckg_purple_ptr_0000C75F	ptruckg_purple_ptr_0000C75F		data	0x0000C75F	OK		
ptruckg_yellr_ptr_0000C760	ptruckg_yellr_ptr_0000C760		data	0x0000C760	OK		
POINT_ptr_0000C761	POINT_ptr_0000C761		data	0x0000C761	OK		
ftoa_tmp_ptr_0000C762	ftoa_tmp_ptr_0000C762		data	0x0000C762	OK		
VERIFY_ADJUSTMENTS_ACCURACYTAB_ptr_0000C763	VERIFY_ADJUSTMENTS_ACCURACYTAB_ptr_0000C763		data	0x0000C763	OK		
VERIFY_ADJUSTMENTS_ACCURACYTAB_ptr_0000C764	VERIFY_ADJUSTMENTS_ACCURACYTAB_ptr_0000C764		data	0x0000C764	OK		
VERIFY_ADJUSTMENTS_ACCURACYTAB_ptr_0000C765	VERIFY_ADJUSTMENTS_ACCURACYTAB_ptr_0000C765		data	0x0000C765	OK		
DEFAULT_TABLE_ptr_0000C766	DEFAULT_TABLE_ptr_0000C766		data	0x0000C766	OK		
DEFAULT_TABLE_ptr_0000C767	DEFAULT_TABLE_ptr_0000C767		data	0x0000C767	OK		
TESTING_CHIPS_ptr_0000C794	TESTING_CHIPS_ptr_0000C794		data	0x0000C794	OK		
CMOS_CHIP_ptr_0000C795	CMOS_CHIP_ptr_0000C795		data	0x0000C795	OK		
CMOS_CHIP_ptr_0000C796	CMOS_CHIP_ptr_0000C796		data	0x0000C796	OK		
BASICS_RAM_ptr_0000C798	BASICS_RAM_ptr_0000C798		data	0x0000C798	OK		
CHIPTEST_TABLE_ptr_0000C799	CHIPTEST_TABLE_ptr_0000C799		data	0x0000C799	OK		
MEMTST1_ptr_0000C79A	MEMTST1_ptr_0000C79A		data	0x0000C79A	OK		
DATE_STAMP_ptr_0000C79B	DATE_STAMP_ptr_0000C79B		data	0x0000C79B	OK		
VERSION_STAMP_ptr_0000C79C	VERSION_STAMP_ptr_0000C79C		data	0x0000C79C	OK		
BASICS_RAM_ptr_0000C79D	BASICS_RAM_ptr_0000C79D		data	0x0000C79D	OK		
CHIPTEST_TABLE_ptr_0000C79E	CHIPTEST_TABLE_ptr_0000C79E		data	0x0000C79E	OK		
STATIC_TABLE_ptr_0000C79F	STATIC_TABLE_ptr_0000C79F		data	0x0000C79F	OK		
BLOWLIST_ptr_0000C7A0	BLOWLIST_ptr_0000C7A0		data	0x0000C7A0	OK		
MINIT10_ptr_0000C7A6	MINIT10_ptr_0000C7A6		data	0x0000C7A6	OK		
MINIT11_ptr_0000C7A7	MINIT11_ptr_0000C7A7		data	0x0000C7A7	OK		
MINIT12_ptr_0000C7A8	MINIT12_ptr_0000C7A8		data	0x0000C7A8	OK		
MINIT13_ptr_0000C7A9	MINIT13_ptr_0000C7A9		data	0x0000C7A9	OK		
MINIT9DIAG_ptr_0000C7AA	MINIT9DIAG_ptr_0000C7AA		data	0x0000C7AA	OK		
MINIT9_ptr_0000C7AB	MINIT9_ptr_0000C7AB		data	0x0000C7AB	OK		
MINIT1_ptr_0000C7AE	MINIT1_ptr_0000C7AE		data	0x0000C7AE	OK		
MINITQX_ptr_0000C7AF	MINITQX_ptr_0000C7AF		data	0x0000C7AF	OK		
MINITQY_ptr_0000C7B0	MINITQY_ptr_0000C7B0		data	0x0000C7B0	OK		
MINITQZ_ptr_0000C7B1	MINITQZ_ptr_0000C7B1		data	0x0000C7B1	OK		
MINIT1L_ptr_0000C7B3	MINIT1L_ptr_0000C7B3		data	0x0000C7B3	OK		
MINITQX_ptr_0000C7B4	MINITQX_ptr_0000C7B4		data	0x0000C7B4	OK		
MINITQY_ptr_0000C7B5	MINITQY_ptr_0000C7B5		data	0x0000C7B5	OK		
MINITQZ_ptr_0000C7B6	MINITQZ_ptr_0000C7B6		data	0x0000C7B6	OK		
PP_ptr_0000C7B7	PP_ptr_0000C7B7		data	0x0000C7B7	OK		
PP1_ptr_0000C7B8	PP1_ptr_0000C7B8		data	0x0000C7B8	OK		
PP2_ptr_0000C7B9	PP2_ptr_0000C7B9		data	0x0000C7B9	OK		
PP3_ptr_0000C7BA	PP3_ptr_0000C7BA		data	0x0000C7BA	OK		
PP4_ptr_0000C7BB	PP4_ptr_0000C7BB		data	0x0000C7BB	OK		
MOTOROFF12_ptr_0000C7BD	MOTOROFF12_ptr_0000C7BD		data	0x0000C7BD	OK		
MOTOROFF0_ptr_0000C7BE	MOTOROFF0_ptr_0000C7BE		data	0x0000C7BE	OK		
MOTOFF_PROG_ptr_0000C7BF	MOTOFF_PROG_ptr_0000C7BF		data	0x0000C7BF	OK		
ABORTQ_ptr_0000C7C8	ABORTQ_ptr_0000C7C8		data	0x0000C7C8	OK		
XQ_ptr_0000C7CB	XQ_ptr_0000C7CB		data	0x0000C7CB	OK		
LLG6X	LLG6X@MOTION	MOTION	data	0x0000C804	OK		
LLG6Y	LLG6Y@MOTION	MOTION	data	0x0000C805	OK		
LLG6Z	LLG6Z@MOTION	MOTION	data	0x0000C806	OK		
DIAGPAL_ptr_0000C810	DIAGPAL_ptr_0000C810		data	0x0000C810	OK		
MAIN_MENU_ptr_0000C811	MAIN_MENU_ptr_0000C811		data	0x0000C811	OK		
MAIN_MENU_ptr_0000C812	MAIN_MENU_ptr_0000C812		data	0x0000C812	OK		
toexit_ptr_0000C813	toexit_ptr_0000C813		data	0x0000C813	OK		
DIAGPAL_ptr_0000C814	DIAGPAL_ptr_0000C814		data	0x0000C814	OK		
ISON	ISON@DIAG	DIAG	data	0x0000C830	OK		
ISOFF	ISOFF@DIAG	DIAG	data	0x0000C831	OK		
DIPTMP_ptr_0000C832	DIPTMP_ptr_0000C832		data	0x0000C832	OK		
DNSUPI	DNSUPI@DIAG	DIAG	data	0x0000C834	OK		
DSUPI	DSUPI@DIAG	DIAG	data	0x0000C835	OK		
COINCNTR1I	COINCNTR1I@DIAG	DIAG	data	0x0000C83B	OK		
COINCNTR2I	COINCNTR2I@DIAG	DIAG	data	0x0000C83C	OK		
MOTION_MENU_ptr_0000C847	MOTION_MENU_ptr_0000C847		data	0x0000C847	OK		
ADJUSTMENT_MENU_ptr_0000C848	ADJUSTMENT_MENU_ptr_0000C848		data	0x0000C848	OK		
UTILITIES_MENU_ptr_0000C849	UTILITIES_MENU_ptr_0000C849		data	0x0000C849	OK		
DIAGNOSTIC_MENU_ptr_0000C84A	DIAGNOSTIC_MENU_ptr_0000C84A		data	0x0000C84A	OK		
title_ptr_0000C84B	title_ptr_0000C84B		data	0x0000C84B	OK		
inst1_ptr_0000C84C	inst1_ptr_0000C84C		data	0x0000C84C	OK		
inst2_ptr_0000C84D	inst2_ptr_0000C84D		data	0x0000C84D	OK		
MAIN_MENU_ptr_0000C84E	MAIN_MENU_ptr_0000C84E		data	0x0000C84E	OK		
MUSIC_TAB_ptr_0000C86E	MUSIC_TAB_ptr_0000C86E		data	0x0000C86E	OK		
EFFECTS_TAB_ptr_0000C86F	EFFECTS_TAB_ptr_0000C86F		data	0x0000C86F	OK		
MUSIC_TAB_ptr_0000C872	MUSIC_TAB_ptr_0000C872		data	0x0000C872	OK		
EFFECTS_TAB_ptr_0000C873	EFFECTS_TAB_ptr_0000C873		data	0x0000C873	OK		
sct_ptr_0000C885	sct_ptr_0000C885		data	0x0000C885	OK		
sct_ptr_0000C888	sct_ptr_0000C888		data	0x0000C888	OK		
sct_ptr_0000C88A	sct_ptr_0000C88A		data	0x0000C88A	OK		
sct_ptr_0000C88C	sct_ptr_0000C88C		data	0x0000C88C	OK		
sct_ptr_0000C88E	sct_ptr_0000C88E		data	0x0000C88E	OK		
INCIDENTI	INCIDENTI@DIAG	DIAG	data	0x0000C896	OK		
FFR	FFR@DIAG	DIAG	data	0x0000C89D	OK		
FFR_ptr_0000C8A3	FFR_ptr_0000C8A3		data	0x0000C8A3	OK		
RDA	RDA@DIAG	DIAG	data	0x0000C8A4	OK		
RDA_ptr_0000C8AB	RDA_ptr_0000C8AB		data	0x0000C8AB	OK		
STANDARD_PRICING_MENU_ptr_0000C8BD	STANDARD_PRICING_MENU_ptr_0000C8BD		data	0x0000C8BD	OK		
SELTP	SELTP@DIAG	DIAG	data	0x0000C8BE	OK		
SELTP_ptr_0000C8C3	SELTP_ptr_0000C8C3		data	0x0000C8C3	OK		
CUSTOM_PRICING_MENU_ptr_0000C8C4	CUSTOM_PRICING_MENU_ptr_0000C8C4		data	0x0000C8C4	OK		
FRACYN	FRACYN@DIAG	DIAG	data	0x0000C8C5	OK		
FRACYN_ptr_0000C8C9	FRACYN_ptr_0000C8C9		data	0x0000C8C9	OK		
LAMP_MENU_ptr_0000C8D1	LAMP_MENU_ptr_0000C8D1		data	0x0000C8D1	OK		
MOTION_SAFETY_CODES_ptr_0000C8D2	MOTION_SAFETY_CODES_ptr_0000C8D2		data	0x0000C8D2	OK		
IBOIBOT_ptr_0000C8E9	IBOIBOT_ptr_0000C8E9		data	0x0000C8E9	OK		
AUDIT_LIST_ptr_0000C8EC	AUDIT_LIST_ptr_0000C8EC		data	0x0000C8EC	OK		
_MODE	_MODE		data	0x0000C8F5	OK		
SYSCNTL	SYSCNTL		data	0x0000C8F7	OK		
_pot0	_pot0		data	0x0000C8F8	OK		
_newbut	_newbut		data	0x0000C8F9	OK		
DIPRAM	DIPRAM		data	0x0000C8FC	OK		
BUTTON_STATUS	BUTTON_STATUS		data	0x0000C8FD	OK		
RAND	RAND		data	0x0000C8FE	OK		
ATTRWAVE	ATTRWAVE		data	0x0000C8FF	OK		
ONEFLAG	ONEFLAG@COMM	COMM	data	0x0000C900	OK		
TRANSMISSION_ACTIVE	TRANSMISSION_ACTIVE		data	0x0000C901	OK		
TRANSMISSION_DEAD	TRANSMISSION_DEAD@COMM	COMM	data	0x0000C902	OK		
SEND_BUFFER_A_LEN	SEND_BUFFER_A_LEN		data	0x0000C903	OK		
RBUFF_LEN	RBUFF_LEN		data	0x0000C904	OK		
OM_DIFF	OM_DIFF		data	0x0000C905	OK		
OM_MODE	OM_MODE		data	0x0000C906	OK		
OM_CHOSEN_RACE	OM_CHOSEN_RACE		data	0x0000C907	OK		
OM_VEHICLE	OM_VEHICLE		data	0x0000C908	OK		
OM_STATE	OM_STATE		data	0x0000C909	OK		
MY_STATE	MY_STATE		data	0x0000C90A	OK		
OM_ATTR_MODE	OM_ATTR_MODE		data	0x0000C90B	OK		
OLD_OM_ATTR_MODE	OLD_OM_ATTR_MODE		data	0x0000C90C	OK		
OM_LINKWAIT	OM_LINKWAIT		data	0x0000C90D	OK		
LINKEDP	LINKEDP		data	0x0000C90E	OK		
OM_POSITION	OM_POSITION		data	0x0000C912	OK		
HEAD2HEAD_ON	HEAD2HEAD_ON		data	0x0000C913	OK		
BONUS_WAITFLAG	BONUS_WAITFLAG		data	0x0000C914	OK		
OM_BONUS_WAITFLAG	OM_BONUS_WAITFLAG		data	0x0000C915	OK		
TEASE_COUNT	TEASE_COUNT		data	0x0000C916	OK		
LOADED	LOADED		data	0x0000C919	OK		
WHEELPWR	WHEELPWR		data	0x0000C91B	OK		
WHEELVEL	WHEELVEL		data	0x0000C91C	OK		
BREAKOBJ	BREAKOBJ@DIRQ	DIRQ	data	0x0000C95E	OK		
NFRAMES	NFRAMES		data	0x0000C95F	OK		
INFRAMES	INFRAMES		data	0x0000C960	OK		
FRAMRATE	FRAMRATE		data	0x0000C961	OK		
IFRAMES	IFRAMES@CUSA	CUSA	data	0x0000C962	OK		
ERRORN	ERRORN@CUSA	CUSA	data	0x0000C964	OK		
ERRORO	ERRORO@CUSA	CUSA	data	0x0000C965	OK		
FRAMETIME	FRAMETIME		data	0x0000C966	OK		
SWITCHBUTS	SWITCHBUTS		data	0x0000C967	OK		
BGNDCOLA	BGNDCOLA		data	0x0000C968	OK		
DIAG_ACTIVE	DIAG_ACTIVE		data	0x0000C969	OK		
GAME_TIMER	GAME_TIMER		data	0x0000C96A	OK		
_pot1	_pot1		data	0x0000C96B	OK		
_pot2	_pot2		data	0x0000C96C	OK		
RDPOT	RDPOT		data	0x0000C96D	OK		
_sectime	_sectime		data	0x0000C96E	OK		
CLEARRDY	CLEARRDY		data	0x0000C96F	OK		
NOAERASE	NOAERASE		data	0x0000C970	OK		
NOSWAP	NOSWAP		data	0x0000C971	OK		
DISPLAY_PAGE	DISPLAY_PAGE		data	0x0000C972	OK		
OLD_BUTTON_STATUS	OLD_BUTTON_STATUS		data	0x0000C973	OK		
TIMEFRAME	TIMEFRAME@CUSA	CUSA	data	0x0000C974	OK		
TIMEX	TIMEX@CUSA	CUSA	data	0x0000C975	OK		
TIMECLR	TIMECLR		data	0x0000C976	OK		
STATE_NUM	STATE_NUM@CUSA	CUSA	data	0x0000C9AA	OK		
STATE_TIK	STATE_TIK@CUSA	CUSA	data	0x0000C9AB	OK		
BUTTON_IBO	BUTTON_IBO@CUSA	CUSA	data	0x0000C9AC	OK		
BUTTON_TIK	BUTTON_TIK@CUSA	CUSA	data	0x0000C9AD	OK		
CURRENT_PROC	CURRENT_PROC		data	0x0000C9AE	OK		
OLDSP	OLDSP		data	0x0000C9AF	OK		
PACTIVE	PACTIVE		data	0x0000C9B0	OK		
PFREE	PFREE		data	0x0000C9B1	OK		
OACTIVE	OACTIVE		data	0x0000C9B2	OK		
OFREE	OFREE		data	0x0000C9B3	OK		
IDLE_LIST	IDLE_LIST		data	0x0000C9B4	OK		
OACTIVE_PRIORITY	OACTIVE_PRIORITY		data	0x0000C9B5	OK		
OLOW_PRIORITY	OLOW_PRIORITY		data	0x0000C9B6	OK		
OHIGH_PRIORITY	OHIGH_PRIORITY		data	0x0000C9B7	OK		
OACTIVECNT	OACTIVECNT		data	0x0000C9B8	OK		
OFREECNT	OFREECNT		data	0x0000C9B9	OK		
OMAX_OBJECTS	OMAX_OBJECTS		data	0x0000C9BA	OK		
COMM_DRONE_PTR	COMM_DRONE_PTR		data	0x0000C9BB	OK		
PLYRTEMP	PLYRTEMP@OBJ	OBJ	data	0x0000C9BC	OK		
PALXFER_ACTIVE	PALXFER_ACTIVE@PALL	PALL	data	0x0000CC3F	OK		
PALXFER_FREE	PALXFER_FREE@PALL	PALL	data	0x0000CC40	OK		
PALXFER_AVAILABLE_P	PALXFER_AVAILABLE_P@PALL	PALL	data	0x0000CC41	OK		
ACTIVE_SCREEN	ACTIVE_SCREEN		data	0x0000CE43	OK		
DYNAFREE	DYNAFREE		data	0x0000DB41	OK		
CARFREE	CARFREE		data	0x0000E426	OK		
CAR_COUNT	CAR_COUNT		data	0x0000E427	OK		
CAMRADY	CAMRADY@INFIN	INFIN	data	0x0000E428	OK		
HIGHEST_ROADY	HIGHEST_ROADY@INFIN	INFIN	data	0x0000E429	OK		
HIGHEST_ROADY_X	HIGHEST_ROADY_X@INFIN	INFIN	data	0x0000E42A	OK		
VAR_ROAD_KFACTOR	VAR_ROAD_KFACTOR		data	0x0000E42B	OK		
AMOUNT_CLIPPED	AMOUNT_CLIPPED@INFIN	INFIN	data	0x0000E42C	OK		
INFIN_CORRECT	INFIN_CORRECT		data	0x0000E42D	OK		
STARTSECTION	STARTSECTION		data	0x0000E42E	OK		
START_POS	START_POS		data	0x0000E42F	OK		
DRIVE_LIST	DRIVE_LIST		data	0x0000E433	OK		
CAR_LIST	CAR_LIST		data	0x0000E434	OK		
SIGN_LIST	SIGN_LIST		data	0x0000E435	OK		
GROUND_LIST	GROUND_LIST		data	0x0000E436	OK		
NEW_GROUP	NEW_GROUP@BACKGRND	BACKGRND	data	0x0000E437	OK		
DGROUP_COUNT	DGROUP_COUNT		data	0x0000E49C	OK		
DGROUP_AW	DGROUP_AW		data	0x0000E49D	OK		
DYNALIST_TRUEBEGIN	DYNALIST_TRUEBEGIN		data	0x0000E49E	OK		
DYNALIST_BEGIN	DYNALIST_BEGIN		data	0x0000E49F	OK		
DYNALIST_END	DYNALIST_END		data	0x0000E4A0	OK		
SUBLIST_BEGIN	SUBLIST_BEGIN@BACKGRND	BACKGRND	data	0x0000E4A1	OK		
SUBLIST_END	SUBLIST_END@BACKGRND	BACKGRND	data	0x0000E4A2	OK		
STARTS	STARTS		data	0x0000E4A3	OK		
SECTIONIDX	SECTIONIDX		data	0x0000E4A4	OK		
TYCO_TRACK	TYCO_TRACK		data	0x0000E4A5	OK		
TYCO_TRACK_NTL	TYCO_TRACK_NTL		data	0x0000E4A6	OK		
TYCO_NTL_IDX	TYCO_NTL_IDX@BACKGRND	BACKGRND	data	0x0000E4A7	OK		
NEWSUBLIST_TOPB	NEWSUBLIST_TOPB@BACKGRND	BACKGRND	data	0x0000E4A8	OK		
TYCOFLAG	TYCOFLAG@BACKGRND	BACKGRND	data	0x0000E4AA	OK		
PASS1	PASS1@BACKGRND	BACKGRND	data	0x0000E4AB	OK		
SECRADY	SECRADY@BACKGRND	BACKGRND	data	0x0000E4AC	OK		
SINGLE_SECTION_TEMPPTR	SINGLE_SECTION_TEMPPTR		data	0x0000E4AD	OK		
MAXMPH	MAXMPH		data	0x0000E4AE	OK		
NEXT_STARTUP	NEXT_STARTUP		data	0x0000E4B0	OK		
DO_FOLDFLAG	DO_FOLDFLAG		data	0x0000E4B3	OK		
UNFOLDFLAG	UNFOLDFLAG@BONUS	BONUS	data	0x0000E56B	OK		
SAVED_COUNTDOWN	SAVED_COUNTDOWN@BONUS	BONUS	data	0x0000E56C	OK		
WAS_HEAD2HEAD_ON	WAS_HEAD2HEAD_ON		data	0x0000E56E	OK		
DID_TIMED_OUT	DID_TIMED_OUT		data	0x0000E56F	OK		
HELI_ABORT	HELI_ABORT		data	0x0000E570	OK		
COINOFF	COINOFF		data	0x0000E571	OK		
CREDITBUFFER	CREDITBUFFER@COIN	COIN	data	0x0000E58B	OK		
TOSTARTBUFFER	TOSTARTBUFFER@COIN	COIN	data	0x0000E593	OK		
ICF	ICF		data	0x0000E59C	OK		
VOLUME_ACTIVE	VOLUME_ACTIVE		data	0x0000E59D	OK		
VOLUME_COUNT	VOLUME_COUNT@COIN	COIN	data	0x0000E59E	OK		
CMOS_WP_WORD_SHADOW	CMOS_WP_WORD_SHADOW		data	0x0000E5A2	OK		
COIN_COUNTER1	COIN_COUNTER1		data	0x0000E5A3	OK		
COIN_COUNTER2	COIN_COUNTER2		data	0x0000E5A4	OK		
COUNTER_IDX	COUNTER_IDX		data	0x0000E5A5	OK		
COUNTER_MODE	COUNTER_MODE		data	0x0000E5A6	OK		
VL	VL@COLLA	COLLA	data	0x0000E5A7	OK		
COLVEL	COLVEL@COLLA	COLLA	data	0x0000E5BD	OK		
PMULT	PMULT@COLLA	COLLA	data	0x0000E5BE	OK		
SPINTEMP	SPINTEMP@COLLA	COLLA	data	0x0000E5BF	OK		
PLYRBEHIND	PLYRBEHIND@COLLA	COLLA	data	0x0000E5C0	OK		
COMMFLAG	COMMFLAG@COMM	COMM	data	0x0000E5C1	OK		
PLY2CAR	PLY2CAR		data	0x0000E5C2	OK		
IGNORE_UPDATES	IGNORE_UPDATES		data	0x0000E5C3	OK		
MY_LINKWAIT	MY_LINKWAIT		data	0x0000E5C4	OK		
SAVED_PLY2CAR	SAVED_PLY2CAR		data	0x0000E5C6	OK		
DECOMP_ACTIVE	DECOMP_ACTIVE		data	0x0000E5FA	OK		
HARD_SECTION_LOAD	HARD_SECTION_LOAD		data	0x0000E5FB	OK		
FLUSH_COUNT	FLUSH_COUNT@COMP	COMP	data	0x0000E5FC	OK		
PACIFY_COUNT	PACIFY_COUNT@COMP	COMP	data	0x0000E5FD	OK		
NEXT_BUMP_CODE	NEXT_BUMP_CODE@COMP	COMP	data	0x0000E5FE	OK		
SAVESPC	SAVESPC@COMP	COMP	data	0x0000E5FF	OK		
PREVX	PREVX		data	0x0000E618	OK		
DELTA	DELTA		data	0x0000E619	OK		
SUSPEND_MODE	SUSPEND_MODE		data	0x0000E61C	OK		
RACER_GRID_START	RACER_GRID_START		data	0x0000E61D	OK		
DRONE_COUNT	DRONE_COUNT		data	0x0000E61E	OK		
ONCSCREEN_CARS	ONCSCREEN_CARS@DRONES	DRONES	data	0x0000E621	OK		
DD_SLP	DD_SLP		data	0x0000E622	OK		
DD_VAR	DD_VAR		data	0x0000E623	OK		
DD_MAX_DRONES	DD_MAX_DRONES		data	0x0000E624	OK		
SMOKE_COUNT	SMOKE_COUNT		data	0x0000E626	OK		
SCREENWIPE_DONE	SCREENWIPE_DONE		data	0x0000E628	OK		
RADIO_HS_SHADOW	RADIO_HS_SHADOW@HSTDP	HSTDP	data	0x0000E62E	OK		
RADIO_HS_SWITCH	RADIO_HS_SWITCH@HSTDP	HSTDP	data	0x0000E62F	OK		
_countdown	_countdown		data	0x0000E634	OK		
_MPH	_MPH		data	0x0000E635	OK		
SCORE	SCORE		data	0x0000E636	OK		
POSITION	POSITION		data	0x0000E637	OK		
MAXMPH_COUNT	MAXMPH_COUNT		data	0x0000E638	OK		
OFFROADBUFF	OFFROADBUFF@HUD	HUD	data	0x0000E63D	OK		
MOVEIN_OFFSET	MOVEIN_OFFSET		data	0x0000E63F	OK		
LASTSEC	LASTSEC@HUD	HUD	data	0x0000E640	OK		
TACHOMETER_PAL	TACHOMETER_PAL@HUD	HUD	data	0x0000E641	OK		
START_HIT	START_HIT		data	0x0000E661	OK		
CHOSEN_VEHICLE	CHOSEN_VEHICLE		data	0x0000E662	OK		
CHOSEN_TRANSMISSION	CHOSEN_TRANSMISSION		data	0x0000E663	OK		
CHOSEN_RACE	CHOSEN_RACE		data	0x0000E664	OK		
END_OF_GAMEP	END_OF_GAMEP		data	0x0000E665	OK		
RACE_MODE	RACE_MODE		data	0x0000E666	OK		
FIRST_RACE	FIRST_RACE		data	0x0000E667	OK		
POSES	POSES		data	0x0000E668	OK		
GAMEDIFF	GAMEDIFF		data	0x0000E669	OK		
CHECKPOINT_NUM	CHECKPOINT_NUM		data	0x0000E66A	OK		
H2H_FLAGSTATE	H2H_FLAGSTATE		data	0x0000E66B	OK		
DCALL	DCALL@INTRO	INTRO	data	0x0000E66E	OK		
START_NOW_P	START_NOW_P		data	0x0000E66F	OK		
CHOOSENCAR	CHOOSENCAR		data	0x0000E670	OK		
CAR_CHOICE_GOTTEN	CAR_CHOICE_GOTTEN@INTRO	INTRO	data	0x0000E671	OK		
CAR_ARRAY	CAR_ARRAY@INTRO	INTRO	data	0x0000E672	OK		
CAR1PAL	CAR1PAL@INTRO	INTRO	data	0x0000E676	OK		
CAR2PAL	CAR2PAL@INTRO	INTRO	data	0x0000E6F7	OK		
CAR3PAL	CAR3PAL@INTRO	INTRO	data	0x0000E778	OK		
CAR4PAL	CAR4PAL@INTRO	INTRO	data	0x0000E7F9	OK		
IS_HIDDEN	IS_HIDDEN@INTRO	INTRO	data	0x0000E87A	OK		
SPINCURR	SPINCURR@INTRO	INTRO	data	0x0000E87B	OK		
_timer	_timer		data	0x0000E87F	OK		
MAPPAL13	MAPPAL13@MAP	MAP	data	0x0000E88D	OK		
MAPPAL24	MAPPAL24@MAP	MAP	data	0x0000E88E	OK		
STOPWATCH	STOPWATCH		data	0x0000E88F	OK		
STOPWATCH_CNTL	STOPWATCH_CNTL		data	0x0000E890	OK		
THIS_MACHINE_AHEAD	THIS_MACHINE_AHEAD		data	0x0000E897	OK		
CHECKPOINT_TIME_BONUS	CHECKPOINT_TIME_BONUS		data	0x0000E898	OK		
REAL_CHECKPOINTS	REAL_CHECKPOINTS		data	0x0000E899	OK		
OFFROAD_TMR	OFFROAD_TMR		data	0x0000E89A	OK		
ZOOMD	ZOOMD		data	0x0000E89B	OK		
ZOOMDD	ZOOMDD@PLYR	PLYR	data	0x0000E89C	OK		
ZOOMDG	ZOOMDG@PLYR	PLYR	data	0x0000E89D	OK		
ZOOMH	ZOOMH@PLYR	PLYR	data	0x0000E89E	OK		
ZOOMHD	ZOOMHD@PLYR	PLYR	data	0x0000E89F	OK		
ZOOMHG	ZOOMHG@PLYR	PLYR	data	0x0000E8A0	OK		
CAMVIEW	CAMVIEW		data	0x0000E8A1	OK		
BRAKEON	BRAKEON@PLYR	PLYR	data	0x0000E8A2	OK		
WRECKFLG	WRECKFLG		data	0x0000E8A3	OK		
REVFLG	REVFLG@PLYR	PLYR	data	0x0000E8A4	OK		
PLYCAR	PLYCAR		data	0x0000E8A6	OK		
PLYPROC	PLYPROC		data	0x0000E8A7	OK		
PLYCBLK	PLYCBLK		data	0x0000E8A8	OK		
OLDPLYSPD	OLDPLYSPD@PLYR	PLYR	data	0x0000E8A9	OK		
OLDPLYAIR	OLDPLYAIR@PLYR	PLYR	data	0x0000E8AA	OK		
PLYRFIRST	PLYRFIRST		data	0x0000E8AB	OK		
PLAIRTIM	PLAIRTIM@PLYR	PLYR	data	0x0000E8AC	OK		
CHEATACC	CHEATACC@PLYR	PLYR	data	0x0000E8AD	OK		
CHEAT	CHEAT		data	0x0000E8AE	OK		
ENGVOL	ENGVOL@PLYR	PLYR	data	0x0000E8C7	OK		
WHLTIM	WHLTIM@PLYR	PLYR	data	0x0000E8C8	OK		
WHLOLD	WHLOLD@PLYR	PLYR	data	0x0000E8C9	OK		
PEDALMN	PEDALMN		data	0x0000E8CA	OK		
PEDALMX	PEDALMX		data	0x0000E8CB	OK		
STEERMN	STEERMN		data	0x0000E8CC	OK		
STEERMX	STEERMX		data	0x0000E8CD	OK		
STEERCT	STEERCT		data	0x0000E8CE	OK		
BRAKEMN	BRAKEMN@PLYR	PLYR	data	0x0000E8CF	OK		
BRAKEMX	BRAKEMX@PLYR	PLYR	data	0x0000E8D0	OK		
STEERFR	STEERFR		data	0x0000E8D1	OK		
NOLONG_VEHICLES	NOLONG_VEHICLES		data	0x0000E913	OK		
FREEZE_IT	FREEZE_IT		data	0x0000E916	OK		
ROAD_DEBRIS	ROAD_DEBRIS		data	0x0000E91C	OK		
ROADKILLXZ	ROADKILLXZ@ROADKILL	ROADKILL	data	0x0000E91D	OK		
ROADKILL_SOUND_TIMER	ROADKILL_SOUND_TIMER		data	0x0000E91F	OK		
STATION_TIMEOUT	STATION_TIMEOUT@SND	SND	data	0x0000E944	OK		
RS_X	RS_X@SND	SND	data	0x0000E945	OK		
TUNE_IDX	TUNE_IDX		data	0x0000E946	OK		
DO_NOT_REENABLE_INT	DO_NOT_REENABLE_INT@SND	SND	data	0x0000E947	OK		
TIRE_SMOKE_COUNT	TIRE_SMOKE_COUNT		data	0x0000E948	OK		
TEXT_FREE_COUNT	TEXT_FREE_COUNT		data	0x0000E94B	OK		
TEXT_FREEZE	TEXT_FREEZE		data	0x0000E94C	OK		
GUWP	GUWP@TRANS	TRANS	data	0x0000EA52	OK		
CT_WHEEL	CT_WHEEL@TRANS	TRANS	data	0x0000EA54	OK		
HIDDEN_ON	HIDDEN_ON		data	0x0000EA60	OK		
_ACNTL	_ACNTL		data	0x0000EA64	OK		
_ACMAP	_ACMAP		data	0x0000EA65	OK		
_AIVI	_AIVI		data	0x0000EA72	OK		
_ADDRL	_ADDRL		data	0x0000EA76	OK		
POSE	POSE		data	0x0000EA77	OK		
WHEELPOS	WHEELPOS		data	0x0000EA78	OK		
ftoa_tmp	ftoa_tmp@FONT1A	FONT1A	data	0x0000EB7C	OK		
MOTION_STOP_HIT	MOTION_STOP_HIT		data	0x0000EB7F	OK		
MOTION_RCV_TIKS	MOTION_RCV_TIKS		data	0x0000EB80	OK		
ABORT_QUERY	ABORT_QUERY@MOTION	MOTION	data	0x0000EB81	OK		
WAITTIK	WAITTIK		data	0x0000EB82	OK		
MOTION_SAFETY_ON	MOTION_SAFETY_ON		data	0x0000EB83	OK		
MOTION_SAFETY_TYPE	MOTION_SAFETY_TYPE		data	0x0000EB84	OK		
LATCHED_ERROR	LATCHED_ERROR@MOTION	MOTION	data	0x0000EBE7	OK		
GALIL_STATUS_X	GALIL_STATUS_X@MOTION	MOTION	data	0x0000EBE8	OK		
GALIL_STATUS_Y	GALIL_STATUS_Y@MOTION	MOTION	data	0x0000EBE9	OK		
GALIL_STATUS_Z	GALIL_STATUS_Z@MOTION	MOTION	data	0x0000EBEA	OK		
SOFT_AUDIT	SOFT_AUDIT		data	0x0000EBEB	OK		
_opot0	_opot0@DIAG	DIAG	data	0x0000EC00	OK		
_opot1	_opot1@DIAG	DIAG	data	0x0000EC01	OK		
_opot2	_opot2@DIAG	DIAG	data	0x0000EC02	OK		
_onebut	_onebut@DIAG	DIAG	data	0x0000EC03	OK		
LASTSHIFT	LASTSHIFT@DIAG	DIAG	data	0x0000EC04	OK		
LASTDIPPLOT	LASTDIPPLOT@DIAG	DIAG	data	0x0000EC0B	OK		
DIPTMP	DIPTMP@DIAG	DIAG	data	0x0000EC0C	OK		
MENU_SCROLL	MENU_SCROLL@DIAG	DIAG	data	0x0000EC0E	OK		
COUNTRY	COUNTRY@DIAG	DIAG	data	0x0000EC0F	OK		
PSLAST	PSLAST@DIAG	DIAG	data	0x0000EC10	OK		
REPEAT_SW	REPEAT_SW@DIAG	DIAG	data	0x0000EC11	OK		
REPEAT_TIME	REPEAT_TIME@DIAG	DIAG	data	0x0000EC12	OK		
OLD_MOTION_CODE	OLD_MOTION_CODE@DIAG	DIAG	data	0x0000EC13	OK		
IBOIBOT	IBOIBOT@DIAG	DIAG	data	0x0000EC14	OK		
OLDDIP	OLDDIP@AUDITS	AUDITS	data	0x0000EC16	OK		
FIFO_ADDR	FIFO_ADDR		data	0x00600000	OK		
SW_VIEW3	SW_VIEW3		data	0x00800000	OK		
TIMER_CNTL1	TIMER_CNTL1		data	0x00808020	OK		
TIMER_CNTR1	TIMER_CNTR1		data	0x00808024	OK		
TIMER_PERIOD1	TIMER_PERIOD1		data	0x00808028	OK		
CPU_WS	CPU_WS		data	0x00808064	OK		
COMMINTM	COMMINTM		data	0x008099DF	OK		
MPROC_TIK	MPROC_TIK@CUSA	CUSA	data	0x008099E0	OK		
WDHIT	WDHIT@CUSA	CUSA	data	0x008099E1	OK		
BUTTON_TIKS	BUTTON_TIKS@CUSA	CUSA	data	0x008099E2	OK		
COMM_MASTER_ERROR_CNT	COMM_MASTER_ERROR_CNT		data	0x00809A16	OK		
COMM_MASTER_TRANSES	COMM_MASTER_TRANSES		data	0x00809A17	OK		
COMM_SLAVE_ERROR_CNT	COMM_SLAVE_ERROR_CNT		data	0x00809A18	OK		
COMM_SLAVE_TRANSES	COMM_SLAVE_TRANSES		data	0x00809A19	OK		
COMMQ_TMP_BUFF	COMMQ_TMP_BUFF		data	0x00809A1B	OK		
IN_RESET_MODE	IN_RESET_MODE		data	0x00809A79	OK		
BASICS_RAM	BASICS_RAM@MEMTEST	MEMTEST	data	0x00809A7A	OK		
RESET_TIMER	RESET_TIMER@SND	SND	data	0x00809A7A	OK		
BLOWLIST	BLOWLIST		data	0x00809D00	OK		
RAMTEST_END_ptr_0080C7A2	RAMTEST_END_ptr_0080C7A2		data	0x0080C7A2	OK		
START_RADY	START_RADY		data	0x0080E432	OK		
CHALLENGE_RACE	CHALLENGE_RACE		data	0x0080E4AF	OK		
DRONE_DISPATCH_P	DRONE_DISPATCH_P		data	0x0080E61B	OK		
SCREEN	SCREEN		data	0x00900000	OK		
SCREEN0	SCREEN0		data	0x00900000	OK		
SCREEN1	SCREEN1		data	0x00940000	OK		
DMA_CTRL	DMA_CTRL		data	0x00980000	OK		
FIFO_CNTR	FIFO_CNTR		data	0x00980000	OK		
DMA_CMAP	DMA_CMAP		data	0x00980001	OK		
DMA_AX	DMA_AX		data	0x00980002	OK		
DMA_AY	DMA_AY		data	0x00980003	OK		
DMA_AZ	DMA_AZ		data	0x00980004	OK		
DMA_BX	DMA_BX		data	0x00980005	OK		
DMA_BY	DMA_BY		data	0x00980006	OK		
DMA_BZ	DMA_BZ		data	0x00980007	OK		
DMA_CX	DMA_CX		data	0x00980008	OK		
DMA_CY	DMA_CY		data	0x00980009	OK		
DMA_CZ	DMA_CZ		data	0x0098000A	OK		
DMA_DX	DMA_DX		data	0x0098000B	OK		
DMA_DY	DMA_DY		data	0x0098000C	OK		
DMA_DZ	DMA_DZ		data	0x0098000D	OK		
DMA_IVA	DMA_IVA		data	0x0098000E	OK		
DMA_IVB	DMA_IVB		data	0x0098000F	OK		
DMA_IVC	DMA_IVC		data	0x00980010	OK		
DMA_IVD	DMA_IVD		data	0x00980011	OK		
DMA_LINE	DMA_LINE		data	0x00980012	OK		
CRT_SETUP	CRT_SETUP		data	0x00980020	OK		
CRT_VCNT	CRT_VCNT		data	0x00980020	OK		
CRT_HADDRINC	CRT_HADDRINC		data	0x00980021	OK		
CRT_HBLKSTART	CRT_HBLKSTART		data	0x00980022	OK		
CRT_HSYNCSTART	CRT_HSYNCSTART		data	0x00980023	OK		
CRT_HSYNCEND	CRT_HSYNCEND		data	0x00980024	OK		
CRT_HBLKEND	CRT_HBLKEND		data	0x00980025	OK		
CRT_HTTL	CRT_HTTL		data	0x00980026	OK		
CRT_VBLKSTART	CRT_VBLKSTART		data	0x00980027	OK		
CRT_SYNCSTART	CRT_SYNCSTART		data	0x00980028	OK		
CRT_SYNCEND	CRT_SYNCEND		data	0x00980029	OK		
CRT_VBLK	CRT_VBLK		data	0x0098002A	OK		
CRT_VTTL	CRT_VTTL		data	0x0098002B	OK		
DMA_SETUP	DMA_SETUP		data	0x00980040	OK		
FIFO_SIZE	FIFO_SIZE		data	0x00980041	OK		
LIGHTIY	LIGHTIY		data	0x00980049	OK		
FIFO_CONTROL	FIFO_CONTROL		data	0x00980080	OK		
FIFO_STATUS	FIFO_STATUS		data	0x00980082	OK		
FIFO_INC	FIFO_INC		data	0x00980083	OK		
GAMETRAKI	GAMETRAKI		data	0x00983963	OK		
MAXDIST	MAXDIST@ROADBLCK	ROADBLCK	data	0x0098AFA4	OK		
DIAGPAL_ptr_0098C80F	DIAGPAL_ptr_0098C80F		data	0x0098C80F	OK		
lpot0	lpot0		data	0x0098C91A	OK		
BONUS_WAVE	BONUS_WAVE		data	0x0098E4B1	OK		
ETIME	ETIME		data	0x0098E4EC	OK		
WHEELOUT	WHEELOUT@WHEEL	WHEEL	data	0x0098EA79	OK		
WHEELMAX	WHEELMAX		data	0x0098EA7A	OK		
DAMPPWR	DAMPPWR@WHEEL	WHEEL	data	0x0098EA7B	OK		
COMMPAL	COMMPAL		data	0x00990000	OK		
SWITCH3	SWITCH3		data	0x00991030	OK		
SWITCH2	SWITCH2		data	0x00991050	OK		
SWITCH1	SWITCH1		data	0x00991060	OK		
DIPSW	DIPSW		data	0x00992000	OK		
ATOD_R	ATOD_R		data	0x00993000	OK		
SYSCNTLR	SYSCNTLR		data	0x00994000	OK		
SOUND	SOUND		data	0x00995000	OK		
WHEEL	WHEEL		data	0x00995000	OK		
CMOS_WP_WORD	CMOS_WP_WORD		data	0x00995020	OK		
OUT1	OUT1		data	0x00996000	OK		
COMMDP	COMMDP		data	0x00997000	OK		
COMM_IO	COMM_IO		data	0x00997000	OK		
COMM_CTL	COMM_CTL		data	0x00997001	OK		
COUNTDOWN_BUFI	COUNTDOWN_BUFI		data	0x00999D0B	OK		
lgnum43_coolyelo_ptr_0099B255	lgnum43_coolyelo_ptr_0099B255		data	0x0099B255	OK		
sPOTVALUE_ptr_0099C7E7	sPOTVALUE_ptr_0099C7E7		data	0x0099C7E7	OK		
PZC1_ptr_0099C7E8	PZC1_ptr_0099C7E8		data	0x0099C7E8	OK		
MOTION_CMDSTR_ptr_0099C7E9	MOTION_CMDSTR_ptr_0099C7E9		data	0x0099C7E9	OK		
MOTION_CMDSTR_ptr_0099C7EA	MOTION_CMDSTR_ptr_0099C7EA		data	0x0099C7EA	OK		
sPOTVALUE_ptr_0099C7EB	sPOTVALUE_ptr_0099C7EB		data	0x0099C7EB	OK		
MOTION_CMDSTR_ptr_0099C7EC	MOTION_CMDSTR_ptr_0099C7EC		data	0x0099C7EC	OK		
PZC2_ptr_0099C7ED	PZC2_ptr_0099C7ED		data	0x0099C7ED	OK		
sPOTVALUE_ptr_0099C7EE	sPOTVALUE_ptr_0099C7EE		data	0x0099C7EE	OK		
PYC1_ptr_0099C7EF	PYC1_ptr_0099C7EF		data	0x0099C7EF	OK		
MOTION_CMDSTR_ptr_0099C7F0	MOTION_CMDSTR_ptr_0099C7F0		data	0x0099C7F0	OK		
MOTION_CMDSTR_ptr_0099C7F1	MOTION_CMDSTR_ptr_0099C7F1		data	0x0099C7F1	OK		
sPOTVALUE_ptr_0099C7F2	sPOTVALUE_ptr_0099C7F2		data	0x0099C7F2	OK		
MOTION_CMDSTR_ptr_0099C7F3	MOTION_CMDSTR_ptr_0099C7F3		data	0x0099C7F3	OK		
PYC2_ptr_0099C7F4	PYC2_ptr_0099C7F4		data	0x0099C7F4	OK		
sPOTVALUE_ptr_0099C7F5	sPOTVALUE_ptr_0099C7F5		data	0x0099C7F5	OK		
PXC1_ptr_0099C7F6	PXC1_ptr_0099C7F6		data	0x0099C7F6	OK		
MOTION_CMDSTR_ptr_0099C7F7	MOTION_CMDSTR_ptr_0099C7F7		data	0x0099C7F7	OK		
MOTION_CMDSTR_ptr_0099C7F8	MOTION_CMDSTR_ptr_0099C7F8		data	0x0099C7F8	OK		
sPOTVALUE_ptr_0099C7F9	sPOTVALUE_ptr_0099C7F9		data	0x0099C7F9	OK		
MOTION_CMDSTR_ptr_0099C7FA	MOTION_CMDSTR_ptr_0099C7FA		data	0x0099C7FA	OK		
PXC2_ptr_0099C7FB	PXC2_ptr_0099C7FB		data	0x0099C7FB	OK		
ENDED_ptr_0099C7FC	ENDED_ptr_0099C7FC		data	0x0099C7FC	OK		
XQ_ptr_0099C7FD	XQ_ptr_0099C7FD		data	0x0099C7FD	OK		
XQ_ptr_0099C7FE	XQ_ptr_0099C7FE		data	0x0099C7FE	OK		
THEPROGL_ptr_0099C7FF	THEPROGL_ptr_0099C7FF		data	0x0099C7FF	OK		
_ATTR_MODE	_ATTR_MODE		data	0x0099C918	OK		
MOTION_NOT_ON	MOTION_NOT_ON@MOTION	MOTION	data	0x0099EB7E	OK		
LAST_ZF	LAST_ZF@MOTION	MOTION	data	0x0099EBE4	OK		
LAST_XL	LAST_XL@MOTION	MOTION	data	0x0099EBE5	OK		
LAST_YR	LAST_YR@MOTION	MOTION	data	0x0099EBE6	OK		
SND2	SND2		data	0x009A0000	OK		
CMOS	CMOS		data	0x009C0000	OK		
WAVERAM	WAVERAM		data	0x00A00000	OK		
GET_COIN1	GET_COIN1@COIN	COIN	code	0x00C1000F	OK		
GET_COIN2	GET_COIN2@COIN	COIN	code	0x00C1001B	OK		
GET_COIN3	GET_COIN3@COIN	COIN	code	0x00C10028	OK		
GET_COIN4	GET_COIN4@COIN	COIN	code	0x00C10035	OK		
GET_UNITS_PER_CREDIT	GET_UNITS_PER_CREDIT@COIN	COIN	code	0x00C10042	OK		
GET_UNITS_FOR_BONUS	GET_UNITS_FOR_BONUS@COIN	COIN	code	0x00C1004E	OK		
GET_MIN_UNITS	GET_MIN_UNITS@COIN	COIN	code	0x00C1005B	OK		
GET_CREDITS_TO_START	GET_CREDITS_TO_START@COIN	COIN	code	0x00C10068	OK		
GET_CREDITS_TO_CONTINUE	GET_CREDITS_TO_CONTINUE@COIN	COIN	code	0x00C10075	OK		
GET_SHOW_PARTIAL	GET_SHOW_PARTIAL@COIN	COIN	code	0x00C10081	OK		
GET_COIN1_COUNTER	GET_COIN1_COUNTER@COIN	COIN	code	0x00C1008E	OK		
GET_COIN2_COUNTER	GET_COIN2_COUNTER@COIN	COIN	code	0x00C10096	OK		
GET_COIN3_COUNTER	GET_COIN3_COUNTER@COIN	COIN	code	0x00C1009F	OK		
GET_COIN4_COUNTER	GET_COIN4_COUNTER@COIN	COIN	code	0x00C100A8	OK		
startup0	startup0@CUSA	CUSA	data	0x00C10253	OK		
startup1	startup1@CUSA	CUSA	data	0x00C1025E	OK		
startup2	startup2@CUSA	CUSA	data	0x00C1026B	OK		
startup3	startup3@CUSA	CUSA	data	0x00C10279	OK		
dlts	dlts@CUSA	CUSA	data	0x00C10282	OK		
VERSION_STAMP	VERSION_STAMP		data	0x00C10288	OK		
INTERNAL_VERS	INTERNAL_VERS@CUSA	CUSA	data	0x00C1028C	OK		
M1	M1@CUSA	CUSA	data	0x00C1028E	OK		
M2	M2@CUSA	CUSA	data	0x00C10293	OK		
M3	M3@CUSA	CUSA	data	0x00C1029E	OK		
M4	M4@CUSA	CUSA	data	0x00C102A9	OK		
M5	M5@CUSA	CUSA	data	0x00C102B4	OK		
M6	M6@CUSA	CUSA	data	0x00C102BA	OK		
M7	M7@CUSA	CUSA	data	0x00C102C5	OK		
M8	M8@CUSA	CUSA	data	0x00C102CC	OK		
M9	M9@CUSA	CUSA	data	0x00C102D3	OK		
WINT1	WINT1@BONUS	BONUS	data	0x00C10659	OK		
WINT2	WINT2@BONUS	BONUS	data	0x00C1065D	OK		
EXPIRED	EXPIRED@BONUS	BONUS	data	0x00C10660	OK		
BHDDFAS	BHDDFAS@BONUS	BONUS	data	0x00C10680	OK		
FRA1	FRA1@BONUS	BONUS	data	0x00C10682	OK		
FRA2	FRA2@BONUS	BONUS	data	0x00C10685	OK		
BT1	BT1@BONUS	BONUS	data	0x00C106AB	OK		
BT1A	BT1A@BONUS	BONUS	data	0x00C106AF	OK		
RT2	RT2@BONUS	BONUS	data	0x00C106B3	OK		
HH1	HH1@BONUS	BONUS	data	0x00C106B7	OK		
HH2	HH2@BONUS	BONUS	data	0x00C106BB	OK		
NULLSTR5	NULLSTR5@BONUS	BONUS	data	0x00C106BF	OK		
BT2	BT2@BONUS	BONUS	data	0x00C106C0	OK		
scroll_white	scroll_white@HSTDP	HSTDP	data	0x00C10A04	OK		
plate_darkp	plate_darkp@HSTDP	HSTDP	data	0x00C10B06	OK		
plate_medp	plate_medp@HSTDP	HSTDP	data	0x00C10B87	OK		
plate_lightp	plate_lightp@HSTDP	HSTDP	data	0x00C10C08	OK		
plate_lightp1	plate_lightp1@HSTDP	HSTDP	data	0x00C10C89	OK		
YOURLOSTTXT	YOURLOSTTXT@HUD	HUD	data	0x00C10D5D	OK		
OFFROADTXT	OFFROADTXT@HUD	HUD	data	0x00C10D61	OK		
cow_pal	cow_pal@ROADKILL	ROADKILL	data	0x00C10F6E	OK		
lgnum43_coolyelo	lgnum43_coolyelo		data	0x00C113B9	OK		
font18_white	font18_white		data	0x00C1143A	OK		
dnums_amber	dnums_amber		data	0x00C114BB	OK		
osg10fnt_white	osg10fnt_white		data	0x00C115BD	OK		
jeep_red	jeep_red@WAVE	WAVE	data	0x00C11721	OK		
jeep_yellow	jeep_yellow@WAVE	WAVE	data	0x00C117A2	OK		
testor_blue	testor_blue		data	0x00C11823	OK		
testor_grape	testor_grape		data	0x00C118A4	OK		
gtruck_bluep	gtruck_bluep@WAVE	WAVE	data	0x00C11A27	OK		
hotrod_yellow	hotrod_yellow		data	0x00C11AA8	OK		
hotrod_brtblue	hotrod_brtblue		data	0x00C11B29	OK		
missle_yellow	missle_yellow		data	0x00C11C2B	OK		
missle_red	missle_red		data	0x00C11CAC	OK		
missle_blue	missle_blue		data	0x00C11D2D	OK		
caravan_redyelo	caravan_redyelo@WAVE	WAVE	data	0x00C11DAE	OK		
caravan_yelogrey	caravan_yelogrey@WAVE	WAVE	data	0x00C11E2F	OK		
cvette_blue	cvette_blue		data	0x00C11EB0	OK		
cvette_red	cvette_red		data	0x00C11F31	OK		
cvette_purple	cvette_purple		data	0x00C11FB2	OK		
muscle_yellow	muscle_yellow		data	0x00C12033	OK		
muscle_green	muscle_green		data	0x00C120B4	OK		
ptruckg_yellr	ptruckg_yellr		data	0x00C12135	OK		
ptruckg_purple	ptruckg_purple		data	0x00C121B6	OK		
tower_bgrey	tower_bgrey		data	0x00C12237	OK		
VERIFY_ADJUSTMENTS_ACCURACYTAB	VERIFY_ADJUSTMENTS_ACCURACYTAB@CMOS	CMOS	data	0x00C12447	OK		
MEMTST1	MEMTST1@MEMTEST	MEMTEST	data	0x00C12C8C	OK		
MINIT10	MINIT10@MOTION	MOTION	data	0x00C12C96	OK		
MINIT11	MINIT11@MOTION	MOTION	data	0x00C12C9D	OK		
MINIT12	MINIT12@MOTION	MOTION	data	0x00C12CA4	OK		
MINIT13	MINIT13@MOTION	MOTION	data	0x00C12CAD	OK		
MINIT9	MINIT9@MOTION	MOTION	data	0x00C12CB1	OK		
MINIT9DIAG	MINIT9DIAG@MOTION	MOTION	data	0x00C12CC1	OK		
MINIT1	MINIT1@MOTION	MOTION	data	0x00C12CC8	OK		
MINITQX	MINITQX@MOTION	MOTION	data	0x00C12CD3	OK		
MINITQY	MINITQY@MOTION	MOTION	data	0x00C12CD9	OK		
MINITQZ	MINITQZ@MOTION	MOTION	data	0x00C12CDF	OK		
MINIT1L	MINIT1L@MOTION	MOTION	data	0x00C12CF7	OK		
MOTOROFF0	MOTOROFF0@MOTION	MOTION	data	0x00C12D09	OK		
MOTOROFF12	MOTOROFF12@MOTION	MOTION	data	0x00C12D60	OK		
MOTOFF_PROG	MOTOFF_PROG@MOTION	MOTION	data	0x00C12D63	OK		
ABORTQ	ABORTQ@MOTION	MOTION	data	0x00C12DC8	OK		
PP	PP@MOTION	MOTION	data	0x00C12E52	OK		
PP1	PP1@MOTION	MOTION	data	0x00C12E63	OK		
PP2	PP2@MOTION	MOTION	data	0x00C12E6F	OK		
PP3	PP3@MOTION	MOTION	data	0x00C12E78	OK		
PP4	PP4@MOTION	MOTION	data	0x00C12E7F	OK		
XQ	XQ		data	0x00C12FD7	OK		
inst1	inst1@DIAG	DIAG	data	0x00C12FE0	OK		
inst2	inst2@DIAG	DIAG	data	0x00C12FE8	OK		
title	title@DIAG	DIAG	data	0x00C12FED	OK		
toexit	toexit		code	0x00C12FF4	OK		
sct	sct@DIAG	DIAG	data	0x00C132A6	OK		
H2HPAL1	H2HPAL1		data	0x00C14000	OK		
H2HPAL2	H2HPAL2		data	0x00C1404E	OK		
redhd1	redhd1		data	0x00C140D0	OK		
yelhd1	yelhd1		data	0x00C140E0	OK		
H2HPAL3	H2HPAL3		data	0x00C140EF	OK		
big2	big2		data	0x00C14171	OK		
CORNPAL	CORNPAL		data	0x00C14400	OK		
cornpops	cornpops		data	0x00C14482	OK		
star	star@BONUS	BONUS	data	0x00C2EE73	OK		
elap	elap@HUD	HUD	data	0x00C2FBF8	OK		
time	time		data	0x00C2FC08	OK		
rpm	rpm@HUD	HUD	data	0x00C32B01	OK		
mph	mph		data	0x00C32B11	OK		
rpmauto	rpmauto@HUD	HUD	data	0x00C32BC2	OK		
rpmman	rpmman@HUD	HUD	data	0x00C32BD2	OK		
mphmph	mphmph@HUD	HUD	data	0x00C32BE2	OK		
kph	kph@HUD	HUD	data	0x00C32BF2	OK		
fixedfnt_tPAL	fixedfnt_tPAL@TEXT	TEXT	data	0x00C3AF60	OK		
kow3	kow3@ROADKILL	ROADKILL	data	0x00C95ABC	OK		
mpcmed	mpcmed@TRACKSEL	TRACKSEL	data	0x00CBE38C	OK		
mpcesy	mpcesy@TRACKSEL	TRACKSEL	data	0x00CBE41D	OK		
mpcexp	mpcexp@TRACKSEL	TRACKSEL	data	0x00CBE4BE	OK		
dcol	dcol@HSTDP	HSTDP	data	0x00CD1EF0	OK		
press_grp	press_grp@HSTDP	HSTDP	data	0x00CD3661	OK		
