symbol,ref_count,example1,example2,example3
SOND,212,/Users/j.harris/code/cruisin-usa/STABLE.INC:27,/Users/j.harris/code/cruisin-usa/STABLE.INC:29,/Users/j.harris/code/cruisin-usa/STABLE.INC:30
_MODE,178,/Users/j.harris/code/cruisin-usa/OBJ.ASM:828,/Users/j.harris/code/cruisin-usa/HEADS.ASM:213,/Users/j.harris/code/cruisin-usa/DIAG.ASM:206
ENDM,137,/Users/j.harris/code/cruisin-usa/DIAG.ASM:1193,/Users/j.harris/code/cruisin-usa/DIAG.ASM:1512,/Users/j.harris/code/cruisin-usa/DIAG.ASM:3781
REG,117,/Users/j.harris/code/cruisin-usa/INTRO.ASM:283,/Users/j.harris/code/cruisin-usa/INTRO.ASM:287,/Users/j.harris/code/cruisin-usa/INTRO.ASM:290
LDFGT,111,/Users/j.harris/code/cruisin-usa/WHEEL.ASM:106,/Users/j.harris/code/cruisin-usa/WHEEL.ASM:122,/Users/j.harris/code/cruisin-usa/SIGMA.ASM:448
LDIEQ,93,/Users/j.harris/code/cruisin-usa/OBJ.ASM:611,/Users/j.harris/code/cruisin-usa/OBJ.ASM:614,/Users/j.harris/code/cruisin-usa/OBJ.ASM:717
_ARPS,90,/Users/j.harris/code/cruisin-usa/MAP.ASM:1256,/Users/j.harris/code/cruisin-usa/MAP.ASM:1257,/Users/j.harris/code/cruisin-usa/MAP.ASM:1261
MPYF3,83,/Users/j.harris/code/cruisin-usa/COLLA.ASM:826,/Users/j.harris/code/cruisin-usa/COLLA.ASM:828,/Users/j.harris/code/cruisin-usa/COLLA.ASM:829
NFRAMES,79,/Users/j.harris/code/cruisin-usa/HOTTUB.ASM:509,/Users/j.harris/code/cruisin-usa/HOTTUB.ASM:540,/Users/j.harris/code/cruisin-usa/HOTTUB.ASM:604
line,60,/Users/j.harris/code/cruisin-usa/LINE.ASM:38,/Users/j.harris/code/cruisin-usa/LINE.ASM:45,/Users/j.harris/code/cruisin-usa/LINE.ASM:49
HEAD2HEAD_ON,58,/Users/j.harris/code/cruisin-usa/MAP.ASM:1331,/Users/j.harris/code/cruisin-usa/MAP.ASM:1578,/Users/j.harris/code/cruisin-usa/BONUS.ASM:523
sym,58,/Users/j.harris/code/cruisin-usa/LINE.ASM:11,/Users/j.harris/code/cruisin-usa/LINE.ASM:24,/Users/j.harris/code/cruisin-usa/LINE.ASM:25
MACS,56,/Users/j.harris/code/cruisin-usa/OBJ.ASM:15,/Users/j.harris/code/cruisin-usa/HEADS.ASM:9,/Users/j.harris/code/cruisin-usa/MAP.ASM:9
_countdown,55,/Users/j.harris/code/cruisin-usa/BONUS.ASM:449,/Users/j.harris/code/cruisin-usa/BONUS.ASM:955,/Users/j.harris/code/cruisin-usa/INTRO.ASM:395
LDIZ,55,/Users/j.harris/code/cruisin-usa/OBJ.ASM:1010,/Users/j.harris/code/cruisin-usa/OBJ.ASM:1012,/Users/j.harris/code/cruisin-usa/OBJ.ASM:1014
BNZD,54,/Users/j.harris/code/cruisin-usa/OBJ.ASM:807,/Users/j.harris/code/cruisin-usa/OBJ.ASM:820,/Users/j.harris/code/cruisin-usa/OBJ.ASM:923
GLOBALS,54,/Users/j.harris/code/cruisin-usa/OBJ.ASM:17,/Users/j.harris/code/cruisin-usa/HEADS.ASM:16,/Users/j.harris/code/cruisin-usa/MAP.ASM:15
VUNIT,53,/Users/j.harris/code/cruisin-usa/OBJ.ASM:9,/Users/j.harris/code/cruisin-usa/HEADS.ASM:12,/Users/j.harris/code/cruisin-usa/MAP.ASM:12
PLYCAR,51,/Users/j.harris/code/cruisin-usa/MAP.ASM:1248,/Users/j.harris/code/cruisin-usa/BONUS.ASM:236,/Users/j.harris/code/cruisin-usa/COLLA.ASM:1571
SYS,51,/Users/j.harris/code/cruisin-usa/OBJ.ASM:14,/Users/j.harris/code/cruisin-usa/HEADS.ASM:15,/Users/j.harris/code/cruisin-usa/MAP.ASM:14
ADDF3,47,/Users/j.harris/code/cruisin-usa/COLLA.ASM:830,/Users/j.harris/code/cruisin-usa/COLLA.ASM:833,/Users/j.harris/code/cruisin-usa/COLLA.ASM:838
DIPRAM,46,/Users/j.harris/code/cruisin-usa/MAP.ASM:1386,/Users/j.harris/code/cruisin-usa/DIAG.ASM:966,/Users/j.harris/code/cruisin-usa/DIAG.ASM:1007
MPROC,46,/Users/j.harris/code/cruisin-usa/OBJ.ASM:10,/Users/j.harris/code/cruisin-usa/HEADS.ASM:10,/Users/j.harris/code/cruisin-usa/MAP.ASM:11
OBJECTS,46,/Users/j.harris/code/cruisin-usa/HEADS.ASM:19,/Users/j.harris/code/cruisin-usa/MAP.ASM:18,/Users/j.harris/code/cruisin-usa/DIAG.ASM:19
SYSID,44,/Users/j.harris/code/cruisin-usa/OBJ.ASM:13,/Users/j.harris/code/cruisin-usa/HEADS.ASM:14,/Users/j.harris/code/cruisin-usa/MAP.ASM:13
MEM,43,/Users/j.harris/code/cruisin-usa/MACS.EQU:112,/Users/j.harris/code/cruisin-usa/MACS.EQU:114,/Users/j.harris/code/cruisin-usa/MACS.EQU:125
PALL,43,/Users/j.harris/code/cruisin-usa/OBJ.ASM:12,/Users/j.harris/code/cruisin-usa/HEADS.ASM:18,/Users/j.harris/code/cruisin-usa/MAP.ASM:17
LDINZ,42,/Users/j.harris/code/cruisin-usa/DIAG.ASM:662,/Users/j.harris/code/cruisin-usa/DIAG.ASM:934,/Users/j.harris/code/cruisin-usa/DIAG.ASM:1009
COUNT,40,/Users/j.harris/code/cruisin-usa/ROUTS.ASM:180,/Users/j.harris/code/cruisin-usa/ROUTS.ASM:208,/Users/j.harris/code/cruisin-usa/ROUTS.ASM:211
SUBRF,40,/Users/j.harris/code/cruisin-usa/MAP.ASM:813,/Users/j.harris/code/cruisin-usa/MAP.ASM:821,/Users/j.harris/code/cruisin-usa/HOTTUB.ASM:305
PLYCBLK,39,/Users/j.harris/code/cruisin-usa/MAP.ASM:1467,/Users/j.harris/code/cruisin-usa/MAP.ASM:1582,/Users/j.harris/code/cruisin-usa/SIGMA.ASM:318
START_HIT,38,/Users/j.harris/code/cruisin-usa/BONUS.ASM:506,/Users/j.harris/code/cruisin-usa/BONUS.ASM:603,/Users/j.harris/code/cruisin-usa/BONUS.ASM:716
_newbut,37,/Users/j.harris/code/cruisin-usa/DIAG.ASM:29,/Users/j.harris/code/cruisin-usa/DIAG.ASM:37,/Users/j.harris/code/cruisin-usa/DIAG.ASM:613
BN,36,/Users/j.harris/code/cruisin-usa/HEADS.ASM:122,/Users/j.harris/code/cruisin-usa/HOTTUB.ASM:733,/Users/j.harris/code/cruisin-usa/HOTTUB.ASM:820
OBJ,36,/Users/j.harris/code/cruisin-usa/OBJ.ASM:11,/Users/j.harris/code/cruisin-usa/HEADS.ASM:11,/Users/j.harris/code/cruisin-usa/MAP.ASM:10
SYSCNTL,36,/Users/j.harris/code/cruisin-usa/MEMTEST.ASM:340,/Users/j.harris/code/cruisin-usa/MEMTEST.ASM:342,/Users/j.harris/code/cruisin-usa/MEMTEST.ASM:349
V,35,/Users/j.harris/code/cruisin-usa/CMOS.ASM:675,/Users/j.harris/code/cruisin-usa/CMOS.ASM:683,/Users/j.harris/code/cruisin-usa/CMOS.ASM:689
BUTTON_STATUS,33,/Users/j.harris/code/cruisin-usa/DIAG.ASM:267,/Users/j.harris/code/cruisin-usa/DIAG.ASM:3722,/Users/j.harris/code/cruisin-usa/DIAG.ASM:3723
X1,32,/Users/j.harris/code/cruisin-usa/DIAG.EQU:93,/Users/j.harris/code/cruisin-usa/DIAG.EQU:94,/Users/j.harris/code/cruisin-usa/DIAG.EQU:102
Y1,32,/Users/j.harris/code/cruisin-usa/DIAG.EQU:93,/Users/j.harris/code/cruisin-usa/DIAG.EQU:95,/Users/j.harris/code/cruisin-usa/DIAG.EQU:102
ref,31,/Users/j.harris/code/cruisin-usa/DIAG.ASM:1088,/Users/j.harris/code/cruisin-usa/DIAG.ASM:1122,/Users/j.harris/code/cruisin-usa/DIAG.ASM:1741
LDIGE,30,/Users/j.harris/code/cruisin-usa/DIAG.ASM:1441,/Users/j.harris/code/cruisin-usa/DIAG.ASM:2097,/Users/j.harris/code/cruisin-usa/DIAG.ASM:2099
MOVEIN_OFFSET,30,/Users/j.harris/code/cruisin-usa/MAP.ASM:1255,/Users/j.harris/code/cruisin-usa/MAP.ASM:1260,/Users/j.harris/code/cruisin-usa/MAP.ASM:1347
SNDSTR,30,/Users/j.harris/code/cruisin-usa/PLYR.ASM:3179,/Users/j.harris/code/cruisin-usa/PLYR.ASM:3181,/Users/j.harris/code/cruisin-usa/PLYR.ASM:3240
BONUS_WAVE,29,/Users/j.harris/code/cruisin-usa/BONUS.ASM:30,/Users/j.harris/code/cruisin-usa/BONUS.ASM:184,/Users/j.harris/code/cruisin-usa/BONUS.ASM:214
CAMVIEW,29,/Users/j.harris/code/cruisin-usa/COLLA.ASM:29,/Users/j.harris/code/cruisin-usa/COLLA.ASM:2108,/Users/j.harris/code/cruisin-usa/COLLA.ASM:3565
EXP,29,/Users/j.harris/code/cruisin-usa/ROUTS.ASM:182,/Users/j.harris/code/cruisin-usa/ROUTS.ASM:204,/Users/j.harris/code/cruisin-usa/ROUTS.ASM:210
LABEL,29,/Users/j.harris/code/cruisin-usa/DIAG.ASM:1188,/Users/j.harris/code/cruisin-usa/MACS.EQU:80,/Users/j.harris/code/cruisin-usa/MACS.EQU:85
LDINE,28,/Users/j.harris/code/cruisin-usa/MAP.ASM:1299,/Users/j.harris/code/cruisin-usa/DIAG.ASM:2151,/Users/j.harris/code/cruisin-usa/SIGMA.ASM:251
TEMP,28,/Users/j.harris/code/cruisin-usa/ROUTS.ASM:179,/Users/j.harris/code/cruisin-usa/ROUTS.ASM:202,/Users/j.harris/code/cruisin-usa/ROUTS.ASM:203
CHOSEN_RACE,27,/Users/j.harris/code/cruisin-usa/COMMDRNE.ASM:260,/Users/j.harris/code/cruisin-usa/BONUS.ASM:857,/Users/j.harris/code/cruisin-usa/BONUS.ASM:888
RETSNZ,27,/Users/j.harris/code/cruisin-usa/OBJ.ASM:830,/Users/j.harris/code/cruisin-usa/DIAG.ASM:900,/Users/j.harris/code/cruisin-usa/DIAG.ASM:4121
SUICIDE,27,/Users/j.harris/code/cruisin-usa/HOTTUB.ASM:776,/Users/j.harris/code/cruisin-usa/COMMDRNE.ASM:101,/Users/j.harris/code/cruisin-usa/SIGMA.ASM:127
X2,26,/Users/j.harris/code/cruisin-usa/DIAG.EQU:93,/Users/j.harris/code/cruisin-usa/DIAG.EQU:96,/Users/j.harris/code/cruisin-usa/DIAG.EQU:102
Y2,26,/Users/j.harris/code/cruisin-usa/DIAG.EQU:93,/Users/j.harris/code/cruisin-usa/DIAG.EQU:97,/Users/j.harris/code/cruisin-usa/DIAG.EQU:102
COMMINTM,25,/Users/j.harris/code/cruisin-usa/COMM.ASM:99,/Users/j.harris/code/cruisin-usa/COMM.ASM:100,/Users/j.harris/code/cruisin-usa/COMM.ASM:101
INFIN_CORRECT,25,/Users/j.harris/code/cruisin-usa/HOTTUB.ASM:53,/Users/j.harris/code/cruisin-usa/BONUS.ASM:107,/Users/j.harris/code/cruisin-usa/SETUPS.ASM:285
START_POS,25,/Users/j.harris/code/cruisin-usa/INTRO.ASM:1093,/Users/j.harris/code/cruisin-usa/INTRO.ASM:1094,/Users/j.harris/code/cruisin-usa/INTRO.ASM:1095
DELTA,24,/Users/j.harris/code/cruisin-usa/COMMDRNE.ASM:21,/Users/j.harris/code/cruisin-usa/BONUS.ASM:21,/Users/j.harris/code/cruisin-usa/COLLA.ASM:22
TUNE_IDX,24,/Users/j.harris/code/cruisin-usa/INTRO.ASM:921,/Users/j.harris/code/cruisin-usa/SETUPS.ASM:323,/Users/j.harris/code/cruisin-usa/SETUPS.ASM:356
_AIVI,23,/Users/j.harris/code/cruisin-usa/MAP.ASM:1413,/Users/j.harris/code/cruisin-usa/MAP.ASM:1415,/Users/j.harris/code/cruisin-usa/MAP.ASM:1417
POSITION,23,/Users/j.harris/code/cruisin-usa/BONUS.ASM:208,/Users/j.harris/code/cruisin-usa/BONUS.ASM:271,/Users/j.harris/code/cruisin-usa/BONUS.ASM:533
CHOSEN_VEHICLE,22,/Users/j.harris/code/cruisin-usa/INTRO.ASM:31,/Users/j.harris/code/cruisin-usa/INTRO.ASM:1351,/Users/j.harris/code/cruisin-usa/INTRO.ASM:1438
COIN_TABLE,22,/Users/j.harris/code/cruisin-usa/COINTAB.ASM:46,/Users/j.harris/code/cruisin-usa/COINTAB.ASM:350,/Users/j.harris/code/cruisin-usa/COINTAB.ASM:1523
NEGI,22,/Users/j.harris/code/cruisin-usa/MAP.ASM:1359,/Users/j.harris/code/cruisin-usa/MAP.ASM:1534,/Users/j.harris/code/cruisin-usa/DIAG.ASM:3557
BZD,21,/Users/j.harris/code/cruisin-usa/OBJ.ASM:791,/Users/j.harris/code/cruisin-usa/OBJ.ASM:853,/Users/j.harris/code/cruisin-usa/OBJ.ASM:883
DD_SLP,21,/Users/j.harris/code/cruisin-usa/DRONES.ASM:214,/Users/j.harris/code/cruisin-usa/DRONES.ASM:230,/Users/j.harris/code/cruisin-usa/DRONES.ASM:402
DD_VAR,21,/Users/j.harris/code/cruisin-usa/DRONES.ASM:215,/Users/j.harris/code/cruisin-usa/DRONES.ASM:228,/Users/j.harris/code/cruisin-usa/DRONES.ASM:400
pal,21,/Users/j.harris/code/cruisin-usa/BONUS.ASM:1272,/Users/j.harris/code/cruisin-usa/INTRO.ASM:2533,/Users/j.harris/code/cruisin-usa/INTRO.ASM:3694
RACE_MODE,21,/Users/j.harris/code/cruisin-usa/SYS.EQU:22,/Users/j.harris/code/cruisin-usa/BONUS.ASM:658,/Users/j.harris/code/cruisin-usa/BONUS.ASM:674
asg,20,/Users/j.harris/code/cruisin-usa/ROUTS.ASM:178,/Users/j.harris/code/cruisin-usa/ROUTS.ASM:179,/Users/j.harris/code/cruisin-usa/ROUTS.ASM:180
BD,20,/Users/j.harris/code/cruisin-usa/OBJ.ASM:372,/Users/j.harris/code/cruisin-usa/COLLA.ASM:302,/Users/j.harris/code/cruisin-usa/COLLA.ASM:1202
C30,20,/Users/j.harris/code/cruisin-usa/DIAG.ASM:9,/Users/j.harris/code/cruisin-usa/CMOS.ASM:11,/Users/j.harris/code/cruisin-usa/MEMTEST.ASM:20
NOLONG_VEHICLES,20,/Users/j.harris/code/cruisin-usa/SIGMA.ASM:110,/Users/j.harris/code/cruisin-usa/BONUS.ASM:777,/Users/j.harris/code/cruisin-usa/RHO.ASM:45
START_RADY,20,/Users/j.harris/code/cruisin-usa/INTRO.ASM:1142,/Users/j.harris/code/cruisin-usa/INTRO.ASM:1375,/Users/j.harris/code/cruisin-usa/INTRO.ASM:1621
SUSPEND_MODE,20,/Users/j.harris/code/cruisin-usa/SIGMA.ASM:207,/Users/j.harris/code/cruisin-usa/SIGMA.ASM:489,/Users/j.harris/code/cruisin-usa/COLLA.ASM:2209
_ATTR_MODE,19,/Users/j.harris/code/cruisin-usa/BONUS.ASM:1110,/Users/j.harris/code/cruisin-usa/INTRO.ASM:232,/Users/j.harris/code/cruisin-usa/INTRO.ASM:779
COIN_COUNTER1,19,/Users/j.harris/code/cruisin-usa/GLOBALS.EQU:127,/Users/j.harris/code/cruisin-usa/COIN.ASM:33,/Users/j.harris/code/cruisin-usa/COIN.ASM:34
DYNALIST_TRUEBEGIN,19,/Users/j.harris/code/cruisin-usa/COMMDRNE.ASM:161,/Users/j.harris/code/cruisin-usa/SIGMA.ASM:346,/Users/j.harris/code/cruisin-usa/COLLA.ASM:2748
LDFZ,19,/Users/j.harris/code/cruisin-usa/COLLA.ASM:3718,/Users/j.harris/code/cruisin-usa/COLLA.ASM:3734,/Users/j.harris/code/cruisin-usa/PLYR.ASM:715
MOTION_CMDSTR,19,/Users/j.harris/code/cruisin-usa/MOTION.ASM:1234,/Users/j.harris/code/cruisin-usa/MOTION.ASM:1258,/Users/j.harris/code/cruisin-usa/MOTION.ASM:1261
NOAERASE,19,/Users/j.harris/code/cruisin-usa/HEADS.ASM:219,/Users/j.harris/code/cruisin-usa/HOTTUB.ASM:46,/Users/j.harris/code/cruisin-usa/HOTTUB.ASM:171
BGNDCOLA,18,/Users/j.harris/code/cruisin-usa/HEADS.ASM:218,/Users/j.harris/code/cruisin-usa/DIAG.ASM:203,/Users/j.harris/code/cruisin-usa/DIAG.ASM:408
BNN,18,/Users/j.harris/code/cruisin-usa/DIAG.ASM:1603,/Users/j.harris/code/cruisin-usa/DIAG.ASM:1621,/Users/j.harris/code/cruisin-usa/MEMTEST.ASM:665
DGROUP_COUNT,18,/Users/j.harris/code/cruisin-usa/SIGMA.ASM:368,/Users/j.harris/code/cruisin-usa/DRONES.ASM:527,/Users/j.harris/code/cruisin-usa/RROAD.ASM:209
font18_white,18,/Users/j.harris/code/cruisin-usa/HEADS.ASM:192,/Users/j.harris/code/cruisin-usa/HEADS.ASM:193,/Users/j.harris/code/cruisin-usa/HOTTUB.ASM:570
ICF,18,/Users/j.harris/code/cruisin-usa/INTRO.ASM:200,/Users/j.harris/code/cruisin-usa/GLOBALS.EQU:117,/Users/j.harris/code/cruisin-usa/COIN.ASM:725
SECTIONIDX,18,/Users/j.harris/code/cruisin-usa/SIGMA.ASM:367,/Users/j.harris/code/cruisin-usa/RROAD.ASM:208,/Users/j.harris/code/cruisin-usa/RHO.ASM:452
ACTIVE_SCREEN,17,/Users/j.harris/code/cruisin-usa/DIAG.ASM:212,/Users/j.harris/code/cruisin-usa/DIAG.ASM:1501,/Users/j.harris/code/cruisin-usa/MEMTEST.ASM:457
CHALLENGE_RACE,17,/Users/j.harris/code/cruisin-usa/BONUS.ASM:28,/Users/j.harris/code/cruisin-usa/INTRO.ASM:1020,/Users/j.harris/code/cruisin-usa/SETUPS.ASM:334
OFREECNT,17,/Users/j.harris/code/cruisin-usa/OBJ.ASM:30,/Users/j.harris/code/cruisin-usa/OBJ.ASM:49,/Users/j.harris/code/cruisin-usa/OBJ.ASM:167
VALUE,17,/Users/j.harris/code/cruisin-usa/MACS.EQU:95,/Users/j.harris/code/cruisin-usa/MACS.EQU:96,/Users/j.harris/code/cruisin-usa/MACS.EQU:97
WAITMSEC,17,/Users/j.harris/code/cruisin-usa/MOTION.ASM:181,/Users/j.harris/code/cruisin-usa/MOTION.ASM:481,/Users/j.harris/code/cruisin-usa/MOTION.ASM:498
_pot0,16,/Users/j.harris/code/cruisin-usa/DIAG.ASM:810,/Users/j.harris/code/cruisin-usa/DIAG.ASM:818,/Users/j.harris/code/cruisin-usa/DIAG.ASM:2225
CHEAT,16,/Users/j.harris/code/cruisin-usa/COLLA.ASM:28,/Users/j.harris/code/cruisin-usa/COLLA.ASM:2085,/Users/j.harris/code/cruisin-usa/COLLA.ASM:2086
DYNALIST_END,16,/Users/j.harris/code/cruisin-usa/SIGMA.ASM:148,/Users/j.harris/code/cruisin-usa/COLLA.ASM:2743,/Users/j.harris/code/cruisin-usa/RHO.ASM:174
NOSWAP,16,/Users/j.harris/code/cruisin-usa/BONUS.ASM:763,/Users/j.harris/code/cruisin-usa/BONUS.ASM:776,/Users/j.harris/code/cruisin-usa/BONUS.ASM:1088
NULLSTR,16,/Users/j.harris/code/cruisin-usa/DIAG.ASM:1704,/Users/j.harris/code/cruisin-usa/DIAG.ASM:2450,/Users/j.harris/code/cruisin-usa/DIAG.ASM:2481
PLY2CAR,16,/Users/j.harris/code/cruisin-usa/MAP.ASM:1333,/Users/j.harris/code/cruisin-usa/MAP.ASM:1580,/Users/j.harris/code/cruisin-usa/COMMDRNE.ASM:68
RUN_COUNTRY,16,/Users/j.harris/code/cruisin-usa/DIAG.ASM:1771,/Users/j.harris/code/cruisin-usa/DIAG.ASM:1772,/Users/j.harris/code/cruisin-usa/DIAG.ASM:1773
BGTD,15,/Users/j.harris/code/cruisin-usa/COLLA.ASM:909,/Users/j.harris/code/cruisin-usa/COLLA.ASM:919,/Users/j.harris/code/cruisin-usa/COLLA.ASM:929
CLEARRDY,15,/Users/j.harris/code/cruisin-usa/OBJ.ASM:775,/Users/j.harris/code/cruisin-usa/OBJ.ASM:790,/Users/j.harris/code/cruisin-usa/INTRO.ASM:3039
CMOS_WP_WORD_SHADOW,15,/Users/j.harris/code/cruisin-usa/CMOS.ASM:54,/Users/j.harris/code/cruisin-usa/CMOS.ASM:55,/Users/j.harris/code/cruisin-usa/CMOS.ASM:56
FINISH_LINE,15,/Users/j.harris/code/cruisin-usa/BONUS.ASM:31,/Users/j.harris/code/cruisin-usa/SETUPS.ASM:339,/Users/j.harris/code/cruisin-usa/SETUPS.ASM:382
HARD_SECTION_LOAD,15,/Users/j.harris/code/cruisin-usa/HEADS.ASM:110,/Users/j.harris/code/cruisin-usa/HOTTUB.ASM:93,/Users/j.harris/code/cruisin-usa/HOTTUB.ASM:98
sky1_p,15,/Users/j.harris/code/cruisin-usa/INFIN.ASM:270,/Users/j.harris/code/cruisin-usa/INFIN.ASM:496,/Users/j.harris/code/cruisin-usa/INFIN.ASM:611
SWITCHBUTS,15,/Users/j.harris/code/cruisin-usa/BONUS.ASM:646,/Users/j.harris/code/cruisin-usa/INTRO.ASM:477,/Users/j.harris/code/cruisin-usa/INTRO.ASM:2348
ATTRWAVE,14,/Users/j.harris/code/cruisin-usa/ATTRACTA.ASM:40,/Users/j.harris/code/cruisin-usa/ATTRACTA.ASM:270,/Users/j.harris/code/cruisin-usa/GLOBALS.EQU:18
INFRAMES,14,/Users/j.harris/code/cruisin-usa/COMM.ASM:260,/Users/j.harris/code/cruisin-usa/COMM.ASM:278,/Users/j.harris/code/cruisin-usa/COMM.ASM:294
l,14,/Users/j.harris/code/cruisin-usa/DIAG.ASM:1190,/Users/j.harris/code/cruisin-usa/DIAG.ASM:1192,/Users/j.harris/code/cruisin-usa/DIAG.ASM:1509
LDIN,14,/Users/j.harris/code/cruisin-usa/DIAG.ASM:1443,/Users/j.harris/code/cruisin-usa/MEMTEST.ASM:951,/Users/j.harris/code/cruisin-usa/MEMTEST.ASM:975
NUMBER,14,/Users/j.harris/code/cruisin-usa/MACS.EQU:55,/Users/j.harris/code/cruisin-usa/MACS.EQU:56,/Users/j.harris/code/cruisin-usa/MACS.EQU:233
OACTIVE,14,/Users/j.harris/code/cruisin-usa/OBJ.ASM:22,/Users/j.harris/code/cruisin-usa/OBJ.ASM:53,/Users/j.harris/code/cruisin-usa/BONUS.ASM:749
OFREE,14,/Users/j.harris/code/cruisin-usa/OBJ.ASM:23,/Users/j.harris/code/cruisin-usa/OBJ.ASM:36,/Users/j.harris/code/cruisin-usa/OBJ.ASM:160
OM_MODE,14,/Users/j.harris/code/cruisin-usa/INTRO.ASM:244,/Users/j.harris/code/cruisin-usa/INTRO.ASM:412,/Users/j.harris/code/cruisin-usa/INTRO.ASM:563
POSE,14,/Users/j.harris/code/cruisin-usa/WHEEL.ASM:19,/Users/j.harris/code/cruisin-usa/INTRO.ASM:2647,/Users/j.harris/code/cruisin-usa/INTRO.ASM:2666
SWRAM,14,/Users/j.harris/code/cruisin-usa/GLOBALS.EQU:222,/Users/j.harris/code/cruisin-usa/CUSA.ASM:907,/Users/j.harris/code/cruisin-usa/CUSA.ASM:908
TRANSMISSION_ACTIVE,14,/Users/j.harris/code/cruisin-usa/COMM.ASM:44,/Users/j.harris/code/cruisin-usa/COMM.ASM:152,/Users/j.harris/code/cruisin-usa/COMM.ASM:172
WRECKFLG,14,/Users/j.harris/code/cruisin-usa/COLLA.ASM:28,/Users/j.harris/code/cruisin-usa/COLLA.ASM:2096,/Users/j.harris/code/cruisin-usa/PLYR.ASM:46
_ACNTL,13,/Users/j.harris/code/cruisin-usa/MAP.ASM:1252,/Users/j.harris/code/cruisin-usa/MAP.ASM:1300,/Users/j.harris/code/cruisin-usa/MAP.ASM:1384
_pot1,13,/Users/j.harris/code/cruisin-usa/DIAG.ASM:828,/Users/j.harris/code/cruisin-usa/DIAG.ASM:836,/Users/j.harris/code/cruisin-usa/DIAG.ASM:2218
CAR_LIST,13,/Users/j.harris/code/cruisin-usa/OBJ.ASM:62,/Users/j.harris/code/cruisin-usa/COLLA.ASM:1162,/Users/j.harris/code/cruisin-usa/COLLA.ASM:2906
COMM,13,/Users/j.harris/code/cruisin-usa/COMMDRNE.ASM:22,/Users/j.harris/code/cruisin-usa/BONUS.ASM:22,/Users/j.harris/code/cruisin-usa/COMM.ASM:22
COMM_MASTER_ERROR,13,/Users/j.harris/code/cruisin-usa/COMM.ASM:625,/Users/j.harris/code/cruisin-usa/COMM.ASM:626,/Users/j.harris/code/cruisin-usa/COMM.ASM:627
COMPTRAK,13,/Users/j.harris/code/cruisin-usa/COLLA.ASM:2571,/Users/j.harris/code/cruisin-usa/COLLA.ASM:2772,/Users/j.harris/code/cruisin-usa/DRONES.ASM:456
DGROUP_AW,13,/Users/j.harris/code/cruisin-usa/DRONES.ASM:285,/Users/j.harris/code/cruisin-usa/GLOBALS.EQU:41,/Users/j.harris/code/cruisin-usa/BACKGRND.ASM:52
DRIVE_LIST,13,/Users/j.harris/code/cruisin-usa/OBJ.ASM:61,/Users/j.harris/code/cruisin-usa/COLLA.ASM:61,/Users/j.harris/code/cruisin-usa/COLLA.ASM:166
FIRST_RACE,13,/Users/j.harris/code/cruisin-usa/SYS.EQU:23,/Users/j.harris/code/cruisin-usa/BONUS.ASM:224,/Users/j.harris/code/cruisin-usa/INTRO.ASM:36
IN_RESET_MODE,13,/Users/j.harris/code/cruisin-usa/BONUS.ASM:514,/Users/j.harris/code/cruisin-usa/BONUS.ASM:515,/Users/j.harris/code/cruisin-usa/INTRO.ASM:924
MY_STATE,13,/Users/j.harris/code/cruisin-usa/BONUS.ASM:201,/Users/j.harris/code/cruisin-usa/BONUS.ASM:203,/Users/j.harris/code/cruisin-usa/COMMQ.ASM:48
OM_CHOSEN_RACE,13,/Users/j.harris/code/cruisin-usa/COMM.EQU:155,/Users/j.harris/code/cruisin-usa/COMMQ.ASM:45,/Users/j.harris/code/cruisin-usa/COMMQ.ASM:93
RETSEQ,13,/Users/j.harris/code/cruisin-usa/DIAG.ASM:694,/Users/j.harris/code/cruisin-usa/DIAG.ASM:757,/Users/j.harris/code/cruisin-usa/DIAG.ASM:968
sPOTVALUE,13,/Users/j.harris/code/cruisin-usa/MOTION.ASM:1233,/Users/j.harris/code/cruisin-usa/MOTION.ASM:1254,/Users/j.harris/code/cruisin-usa/MOTION.ASM:1262
WHEELPOS,13,/Users/j.harris/code/cruisin-usa/WHEEL.ASM:22,/Users/j.harris/code/cruisin-usa/WHEEL.ASM:92,/Users/j.harris/code/cruisin-usa/BONUS.ASM:758
CHOSEN_TRANSMISSION,12,/Users/j.harris/code/cruisin-usa/INTRO.ASM:32,/Users/j.harris/code/cruisin-usa/PLYR.ASM:329,/Users/j.harris/code/cruisin-usa/HUD.ASM:221
COMM_SLAVE_ERROR,12,/Users/j.harris/code/cruisin-usa/COMM.ASM:1157,/Users/j.harris/code/cruisin-usa/COMM.ASM:1158,/Users/j.harris/code/cruisin-usa/COMM.ASM:1159
deerc1,12,/Users/j.harris/code/cruisin-usa/ROADKILL.ASM:37,/Users/j.harris/code/cruisin-usa/ROADKILL.ASM:39,/Users/j.harris/code/cruisin-usa/ROADKILL.ASM:602
DID_TIMED_OUT,12,/Users/j.harris/code/cruisin-usa/BONUS.ASM:489,/Users/j.harris/code/cruisin-usa/BONUS.ASM:530,/Users/j.harris/code/cruisin-usa/BONUS.ASM:572
IGNORE_UPDATES,12,/Users/j.harris/code/cruisin-usa/BONUS.ASM:466,/Users/j.harris/code/cruisin-usa/RHO.ASM:821,/Users/j.harris/code/cruisin-usa/RHO.ASM:912
ITEM,12,/Users/j.harris/code/cruisin-usa/MACS.EQU:325,/Users/j.harris/code/cruisin-usa/MACS.EQU:327,/Users/j.harris/code/cruisin-usa/MACS.EQU:328
LDFN,12,/Users/j.harris/code/cruisin-usa/COLLA.ASM:3513,/Users/j.harris/code/cruisin-usa/PLYR.ASM:1248,/Users/j.harris/code/cruisin-usa/PLYR.ASM:2579
LDFNZ,12,/Users/j.harris/code/cruisin-usa/COLLA.ASM:3719,/Users/j.harris/code/cruisin-usa/COLLA.ASM:3735,/Users/j.harris/code/cruisin-usa/PLYR.ASM:1013
OP,12,/Users/j.harris/code/cruisin-usa/MACS.EQU:535,/Users/j.harris/code/cruisin-usa/MACS.EQU:537,/Users/j.harris/code/cruisin-usa/MACS.EQU:540
RDPOT,12,/Users/j.harris/code/cruisin-usa/COMM.ASM:212,/Users/j.harris/code/cruisin-usa/GLOBALS.EQU:241,/Users/j.harris/code/cruisin-usa/CUSA.ASM:141
RND,12,/Users/j.harris/code/cruisin-usa/LINE.ASM:154,/Users/j.harris/code/cruisin-usa/LINE.ASM:178,/Users/j.harris/code/cruisin-usa/LINE.ASM:237
SIZEOF,12,/Users/j.harris/code/cruisin-usa/MACS.EQU:574,/Users/j.harris/code/cruisin-usa/MACS.EQU:575,/Users/j.harris/code/cruisin-usa/MACS.EQU:578
TL,12,/Users/j.harris/code/cruisin-usa/MOTION.ASM:440,/Users/j.harris/code/cruisin-usa/MOTION.ASM:441,/Users/j.harris/code/cruisin-usa/MOTION.ASM:442
TYCOFLAG,12,/Users/j.harris/code/cruisin-usa/BACKGRND.ASM:190,/Users/j.harris/code/cruisin-usa/BACKGRND.ASM:231,/Users/j.harris/code/cruisin-usa/BACKGRND.ASM:375
WAITTIK,12,/Users/j.harris/code/cruisin-usa/INTRO.ASM:2900,/Users/j.harris/code/cruisin-usa/INTRO.ASM:2902,/Users/j.harris/code/cruisin-usa/INTRO.ASM:3393
BND,11,/Users/j.harris/code/cruisin-usa/DIRQ.ASM:914,/Users/j.harris/code/cruisin-usa/DIRQ.ASM:1375,/Users/j.harris/code/cruisin-usa/DIRQ.ASM:1601
BUTTON_TIKS,11,/Users/j.harris/code/cruisin-usa/CUSA.ASM:1425,/Users/j.harris/code/cruisin-usa/CUSA.ASM:1459,/Users/j.harris/code/cruisin-usa/CUSA.ASM:1460
DD_MAX_DRONES,11,/Users/j.harris/code/cruisin-usa/SIGMA.ASM:79,/Users/j.harris/code/cruisin-usa/BONUS.ASM:230,/Users/j.harris/code/cruisin-usa/DRONES.ASM:216
FRAMRATE,11,/Users/j.harris/code/cruisin-usa/INTRO.ASM:62,/Users/j.harris/code/cruisin-usa/INTRO.ASM:196,/Users/j.harris/code/cruisin-usa/INTRO.ASM:1013
GAME_TIMER,11,/Users/j.harris/code/cruisin-usa/INTRO.ASM:1005,/Users/j.harris/code/cruisin-usa/INTRO.ASM:3399,/Users/j.harris/code/cruisin-usa/INTRO.ASM:3635
LDFLE,11,/Users/j.harris/code/cruisin-usa/SIGMA.ASM:398,/Users/j.harris/code/cruisin-usa/COLLA.ASM:1392,/Users/j.harris/code/cruisin-usa/COLLA.ASM:2133
LDIC,11,/Users/j.harris/code/cruisin-usa/DIAG.ASM:3280,/Users/j.harris/code/cruisin-usa/DIAG.ASM:3301,/Users/j.harris/code/cruisin-usa/SIGMA.ASM:212
NUM_PROCS_ACTIVE,11,/Users/j.harris/code/cruisin-usa/MPROC.ASM:19,/Users/j.harris/code/cruisin-usa/MPROC.ASM:43,/Users/j.harris/code/cruisin-usa/MPROC.ASM:107
NUM_PROCS_IDLE,11,/Users/j.harris/code/cruisin-usa/MPROC.ASM:20,/Users/j.harris/code/cruisin-usa/MPROC.ASM:44,/Users/j.harris/code/cruisin-usa/MPROC.ASM:111
ROADKILLXZ,11,/Users/j.harris/code/cruisin-usa/ROADKILL.ASM:43,/Users/j.harris/code/cruisin-usa/ROADKILL.ASM:71,/Users/j.harris/code/cruisin-usa/ROADKILL.ASM:72
WT,11,/Users/j.harris/code/cruisin-usa/MOTION.ASM:2379,/Users/j.harris/code/cruisin-usa/MOTION.ASM:2380,/Users/j.harris/code/cruisin-usa/MOTION.ASM:2381
_pot2,10,/Users/j.harris/code/cruisin-usa/DIAG.ASM:846,/Users/j.harris/code/cruisin-usa/DIAG.ASM:854,/Users/j.harris/code/cruisin-usa/DIAG.ASM:2221
BLTD,10,/Users/j.harris/code/cruisin-usa/DIRQ.ASM:350,/Users/j.harris/code/cruisin-usa/DIRQ.ASM:375,/Users/j.harris/code/cruisin-usa/DIRQ.ASM:387
CALLC,10,/Users/j.harris/code/cruisin-usa/OBJ.ASM:581,/Users/j.harris/code/cruisin-usa/OBJ.ASM:585,/Users/j.harris/code/cruisin-usa/OBJ.ASM:589
CASE,10,/Users/j.harris/code/cruisin-usa/VANTAB.INC:12,/Users/j.harris/code/cruisin-usa/VANTAB.INC:13,/Users/j.harris/code/cruisin-usa/VANTAB.INC:18
COIN_COUNTER2,10,/Users/j.harris/code/cruisin-usa/GLOBALS.EQU:127,/Users/j.harris/code/cruisin-usa/COIN.ASM:72,/Users/j.harris/code/cruisin-usa/COIN.ASM:73
DBUD,10,/Users/j.harris/code/cruisin-usa/MEMTEST.ASM:954,/Users/j.harris/code/cruisin-usa/MEMTEST.ASM:997,/Users/j.harris/code/cruisin-usa/COMM.ASM:404
DECOMP_ACTIVE,10,/Users/j.harris/code/cruisin-usa/ATTRACTA.ASM:148,/Users/j.harris/code/cruisin-usa/GLOBALS.EQU:136,/Users/j.harris/code/cruisin-usa/HSTDP.ASM:120
deerc2,10,/Users/j.harris/code/cruisin-usa/ROADKILL.ASM:602,/Users/j.harris/code/cruisin-usa/ROADKILL.ASM:602,/Users/j.harris/code/cruisin-usa/ROADKILL.ASM:603
DO_FOLDFLAG,10,/Users/j.harris/code/cruisin-usa/HOTTUB.ASM:42,/Users/j.harris/code/cruisin-usa/HOTTUB.ASM:43,/Users/j.harris/code/cruisin-usa/BONUS.ASM:32
L,10,/Users/j.harris/code/cruisin-usa/CMOS.ASM:676,/Users/j.harris/code/cruisin-usa/CMOS.ASM:678,/Users/j.harris/code/cruisin-usa/CMOS.ASM:690
label,10,/Users/j.harris/code/cruisin-usa/MPROC.EQU:64,/Users/j.harris/code/cruisin-usa/MPROC.EQU:67,/Users/j.harris/code/cruisin-usa/MPROC.EQU:70
MOTION_SAFETY_ON,10,/Users/j.harris/code/cruisin-usa/INTRO.ASM:3390,/Users/j.harris/code/cruisin-usa/INTRO.ASM:3392,/Users/j.harris/code/cruisin-usa/HUD.ASM:52
NOT1ST,10,/Users/j.harris/code/cruisin-usa/DIAG.ASM:779,/Users/j.harris/code/cruisin-usa/DIAG.ASM:781,/Users/j.harris/code/cruisin-usa/BONUS.ASM:833
OM_LINKWAIT,10,/Users/j.harris/code/cruisin-usa/INTRO.ASM:255,/Users/j.harris/code/cruisin-usa/INTRO.ASM:557,/Users/j.harris/code/cruisin-usa/INTRO.ASM:856
SEND_BUFFER_A_LEN,10,/Users/j.harris/code/cruisin-usa/COMM.ASM:235,/Users/j.harris/code/cruisin-usa/COMM.ASM:1012,/Users/j.harris/code/cruisin-usa/COMMQ.ASM:32
SIGN,10,/Users/j.harris/code/cruisin-usa/ROUTS.ASM:181,/Users/j.harris/code/cruisin-usa/ROUTS.ASM:190,/Users/j.harris/code/cruisin-usa/ROUTS.ASM:234
SIGN_LIST,10,/Users/j.harris/code/cruisin-usa/OBJ.ASM:63,/Users/j.harris/code/cruisin-usa/COLLA.ASM:1972,/Users/j.harris/code/cruisin-usa/COLLA.ASM:1973
U,10,/Users/j.harris/code/cruisin-usa/OBJ.ASM:208,/Users/j.harris/code/cruisin-usa/PALL.ASM:371,/Users/j.harris/code/cruisin-usa/PALL.ASM:431
WT_NSTART,10,/Users/j.harris/code/cruisin-usa/DIAG.ASM:35,/Users/j.harris/code/cruisin-usa/DIAG.ASM:44,/Users/j.harris/code/cruisin-usa/DIAG.ASM:1662
_ACMAP,9,/Users/j.harris/code/cruisin-usa/MAP.ASM:1275,/Users/j.harris/code/cruisin-usa/MAP.ASM:1380,/Users/j.harris/code/cruisin-usa/MAP.ASM:1511
_ADDRL,9,/Users/j.harris/code/cruisin-usa/MAP.ASM:1272,/Users/j.harris/code/cruisin-usa/MAP.ASM:1391,/Users/j.harris/code/cruisin-usa/MAP.ASM:1425
_SECdeserts,9,/Users/j.harris/code/cruisin-usa/SETUPS.ASM:129,/Users/j.harris/code/cruisin-usa/SETUPS.ASM:167,/Users/j.harris/code/cruisin-usa/SETUPS.ASM:172
_SECiowa_b2,9,/Users/j.harris/code/cruisin-usa/SETUPS.ASM:183,/Users/j.harris/code/cruisin-usa/SETUPS.ASM:198,/Users/j.harris/code/cruisin-usa/SETUPS.ASM:206
_sectime,9,/Users/j.harris/code/cruisin-usa/COMMQ.ASM:372,/Users/j.harris/code/cruisin-usa/COMMQ.ASM:392,/Users/j.harris/code/cruisin-usa/COMMQ.ASM:731
BOILEROBJ,9,/Users/j.harris/code/cruisin-usa/INTRO.ASM:362,/Users/j.harris/code/cruisin-usa/INTRO.ASM:364,/Users/j.harris/code/cruisin-usa/INTRO.ASM:524
CHOOSENCAR,9,/Users/j.harris/code/cruisin-usa/INTRO.ASM:1271,/Users/j.harris/code/cruisin-usa/INTRO.ASM:1468,/Users/j.harris/code/cruisin-usa/PLYR.ASM:276
COLSGCX,9,/Users/j.harris/code/cruisin-usa/COLLA.ASM:1275,/Users/j.harris/code/cruisin-usa/COLLA.ASM:1460,/Users/j.harris/code/cruisin-usa/COLLA.ASM:1479
COUNTER_IDX,9,/Users/j.harris/code/cruisin-usa/GLOBALS.EQU:128,/Users/j.harris/code/cruisin-usa/COIN.ASM:1278,/Users/j.harris/code/cruisin-usa/COIN.ASM:1297
DBNZ,9,/Users/j.harris/code/cruisin-usa/COMM.ASM:477,/Users/j.harris/code/cruisin-usa/COMM.ASM:498,/Users/j.harris/code/cruisin-usa/COMM.ASM:556
DECCARX,9,/Users/j.harris/code/cruisin-usa/COMMQ.ASM:1073,/Users/j.harris/code/cruisin-usa/COMMQ.ASM:1080,/Users/j.harris/code/cruisin-usa/COMMQ.ASM:1086
DIV_F30,9,/Users/j.harris/code/cruisin-usa/COLLA.ASM:644,/Users/j.harris/code/cruisin-usa/RROAD.ASM:265,/Users/j.harris/code/cruisin-usa/RROAD.ASM:272
DIV_I30,9,/Users/j.harris/code/cruisin-usa/INTRO.ASM:3410,/Users/j.harris/code/cruisin-usa/AUDITS.ASM:76,/Users/j.harris/code/cruisin-usa/AUDITS.ASM:95
DO_NOT_REENABLE_INT,9,/Users/j.harris/code/cruisin-usa/SND.ASM:236,/Users/j.harris/code/cruisin-usa/SND.ASM:249,/Users/j.harris/code/cruisin-usa/SND.ASM:256
DYNALIST_BEGIN,9,/Users/j.harris/code/cruisin-usa/DRONES.ASM:597,/Users/j.harris/code/cruisin-usa/PLYR.ASM:2518,/Users/j.harris/code/cruisin-usa/INFIN.ASM:54
ERROR,9,/Users/j.harris/code/cruisin-usa/OBJ.ASM:16,/Users/j.harris/code/cruisin-usa/DIAG.ASM:23,/Users/j.harris/code/cruisin-usa/PALL.ASM:19
ETIME,9,/Users/j.harris/code/cruisin-usa/BONUS.ASM:84,/Users/j.harris/code/cruisin-usa/BONUS.ASM:492,/Users/j.harris/code/cruisin-usa/BONUS.ASM:494
GROUND_LIST,9,/Users/j.harris/code/cruisin-usa/OBJ.ASM:64,/Users/j.harris/code/cruisin-usa/COLLA.ASM:66,/Users/j.harris/code/cruisin-usa/COLLA.ASM:169
MOTION_STOP_HIT,9,/Users/j.harris/code/cruisin-usa/INTRO.ASM:1181,/Users/j.harris/code/cruisin-usa/INTRO.ASM:3390,/Users/j.harris/code/cruisin-usa/INTRO.ASM:3391
MY_LINKWAIT,9,/Users/j.harris/code/cruisin-usa/INTRO.ASM:509,/Users/j.harris/code/cruisin-usa/INTRO.ASM:857,/Users/j.harris/code/cruisin-usa/COMMQ.ASM:52
NOPAL,9,/Users/j.harris/code/cruisin-usa/WAVE.ASM:759,/Users/j.harris/code/cruisin-usa/WAVE.ASM:767,/Users/j.harris/code/cruisin-usa/WAVE.ASM:775
OFFROAD_TMR,9,/Users/j.harris/code/cruisin-usa/PLYR.ASM:34,/Users/j.harris/code/cruisin-usa/PLYR.ASM:336,/Users/j.harris/code/cruisin-usa/PLYR.ASM:1709
OM_VEHICLE,9,/Users/j.harris/code/cruisin-usa/INTRO.ASM:425,/Users/j.harris/code/cruisin-usa/COMMQ.ASM:46,/Users/j.harris/code/cruisin-usa/COMMQ.ASM:94
PEDALMN,9,/Users/j.harris/code/cruisin-usa/INTRO.ASM:2624,/Users/j.harris/code/cruisin-usa/INTRO.ASM:2691,/Users/j.harris/code/cruisin-usa/INTRO.ASM:2692
PFREE,9,/Users/j.harris/code/cruisin-usa/MPROC.EQU:27,/Users/j.harris/code/cruisin-usa/MPROC.ASM:29,/Users/j.harris/code/cruisin-usa/MPROC.ASM:34
RBUFF_LEN,9,/Users/j.harris/code/cruisin-usa/COMM.ASM:535,/Users/j.harris/code/cruisin-usa/COMM.ASM:649,/Users/j.harris/code/cruisin-usa/COMM.ASM:910
RHO_DLP,9,/Users/j.harris/code/cruisin-usa/DRONES.ASM:393,/Users/j.harris/code/cruisin-usa/DRONES.ASM:413,/Users/j.harris/code/cruisin-usa/DRONES.ASM:417
SIGDSP_LP,9,/Users/j.harris/code/cruisin-usa/DRONES.ASM:227,/Users/j.harris/code/cruisin-usa/DRONES.ASM:243,/Users/j.harris/code/cruisin-usa/DRONES.ASM:248
STARTSECTION,9,/Users/j.harris/code/cruisin-usa/BONUS.ASM:972,/Users/j.harris/code/cruisin-usa/INTRO.ASM:941,/Users/j.harris/code/cruisin-usa/INTRO.ASM:1107
STEERCT,9,/Users/j.harris/code/cruisin-usa/BONUS.ASM:757,/Users/j.harris/code/cruisin-usa/BONUS.ASM:1085,/Users/j.harris/code/cruisin-usa/PLYR.ASM:338
STOPWATCH,9,/Users/j.harris/code/cruisin-usa/MAP.ASM:1077,/Users/j.harris/code/cruisin-usa/BONUS.ASM:493,/Users/j.harris/code/cruisin-usa/BONUS.ASM:2094
STOPWATCH_CNTL,9,/Users/j.harris/code/cruisin-usa/MAP.ASM:1078,/Users/j.harris/code/cruisin-usa/BONUS.ASM:458,/Users/j.harris/code/cruisin-usa/INTRO.ASM:2731
TEXT_FREE_COUNT,9,/Users/j.harris/code/cruisin-usa/HEADS.ASM:56,/Users/j.harris/code/cruisin-usa/HEADS.ASM:58,/Users/j.harris/code/cruisin-usa/TEXT.ASM:21
THE_TRAIN_SPEED,9,/Users/j.harris/code/cruisin-usa/RROAD.ASM:27,/Users/j.harris/code/cruisin-usa/RROAD.ASM:98,/Users/j.harris/code/cruisin-usa/RROAD.ASM:271
TRANSMISSION_DEAD,9,/Users/j.harris/code/cruisin-usa/COMM.ASM:46,/Users/j.harris/code/cruisin-usa/COMM.ASM:256,/Users/j.harris/code/cruisin-usa/COMM.ASM:272
TYCO_TRACK,9,/Users/j.harris/code/cruisin-usa/GLOBALS.EQU:47,/Users/j.harris/code/cruisin-usa/BACKGRND.ASM:69,/Users/j.harris/code/cruisin-usa/BACKGRND.ASM:107
UCASE,9,/Users/j.harris/code/cruisin-usa/MACS.EQU:622,/Users/j.harris/code/cruisin-usa/MACS.EQU:624,/Users/j.harris/code/cruisin-usa/MACS.EQU:627
WHEELPWR,9,/Users/j.harris/code/cruisin-usa/WHEEL.ASM:21,/Users/j.harris/code/cruisin-usa/WHEEL.ASM:50,/Users/j.harris/code/cruisin-usa/WHEEL.ASM:51
WT_START,9,/Users/j.harris/code/cruisin-usa/DIAG.ASM:27,/Users/j.harris/code/cruisin-usa/DIAG.ASM:43,/Users/j.harris/code/cruisin-usa/DIAG.ASM:1663
ZOOMD,9,/Users/j.harris/code/cruisin-usa/BONUS.ASM:1190,/Users/j.harris/code/cruisin-usa/PLYR.ASM:37,/Users/j.harris/code/cruisin-usa/PLYR.ASM:583
ZOOMX,9,/Users/j.harris/code/cruisin-usa/PLYR.ASM:2465,/Users/j.harris/code/cruisin-usa/PLYR.ASM:2471,/Users/j.harris/code/cruisin-usa/ATTRDRNE.ASM:1382
_MPH,8,/Users/j.harris/code/cruisin-usa/INTRO.ASM:940,/Users/j.harris/code/cruisin-usa/PLYR.ASM:306,/Users/j.harris/code/cruisin-usa/PLYR.ASM:735
_plyr1,8,/Users/j.harris/code/cruisin-usa/COLLA.ASM:1136,/Users/j.harris/code/cruisin-usa/COLLA.ASM:1144,/Users/j.harris/code/cruisin-usa/COLLA.ASM:2843
align,8,/Users/j.harris/code/cruisin-usa/DIRQ.ASM:582,/Users/j.harris/code/cruisin-usa/DIRQ.ASM:783,/Users/j.harris/code/cruisin-usa/DIRQ.ASM:1031
BEEP,8,/Users/j.harris/code/cruisin-usa/DIAG.ASM:47,/Users/j.harris/code/cruisin-usa/DIAG.ASM:1664,/Users/j.harris/code/cruisin-usa/DIAG.ASM:1687
CARSLP,8,/Users/j.harris/code/cruisin-usa/UTIL.ASM:753,/Users/j.harris/code/cruisin-usa/UTIL.ASM:758,/Users/j.harris/code/cruisin-usa/UTIL.ASM:832
COUNTER_MODE,8,/Users/j.harris/code/cruisin-usa/GLOBALS.EQU:128,/Users/j.harris/code/cruisin-usa/COIN.ASM:1279,/Users/j.harris/code/cruisin-usa/COIN.ASM:1309
CURRENT_PROC,8,/Users/j.harris/code/cruisin-usa/MPROC.EQU:30,/Users/j.harris/code/cruisin-usa/ERROR.ASM:100,/Users/j.harris/code/cruisin-usa/ERROR.ASM:134
DBZ,8,/Users/j.harris/code/cruisin-usa/COMM.ASM:467,/Users/j.harris/code/cruisin-usa/COMM.ASM:488,/Users/j.harris/code/cruisin-usa/COMM.ASM:543
DGROUPS,8,/Users/j.harris/code/cruisin-usa/SIGMA.ASM:503,/Users/j.harris/code/cruisin-usa/GLOBALS.EQU:39,/Users/j.harris/code/cruisin-usa/BACKGRND.ASM:49
DOIT,8,/Users/j.harris/code/cruisin-usa/DRONES.ASM:252,/Users/j.harris/code/cruisin-usa/DRONES.ASM:259,/Users/j.harris/code/cruisin-usa/DRONES.ASM:265
DOORLIST,8,/Users/j.harris/code/cruisin-usa/GLOBALS.EQU:618,/Users/j.harris/code/cruisin-usa/TRANS.ASM:482,/Users/j.harris/code/cruisin-usa/TRANS.ASM:483
DRONESND1,8,/Users/j.harris/code/cruisin-usa/COLLA.ASM:30,/Users/j.harris/code/cruisin-usa/COLLA.ASM:1655,/Users/j.harris/code/cruisin-usa/COLLA.ASM:2481
DTLP2,8,/Users/j.harris/code/cruisin-usa/HEADS.ASM:251,/Users/j.harris/code/cruisin-usa/HEADS.ASM:281,/Users/j.harris/code/cruisin-usa/HEADS.ASM:292
E,8,/Users/j.harris/code/cruisin-usa/CMOS.ASM:676,/Users/j.harris/code/cruisin-usa/CMOS.ASM:677,/Users/j.harris/code/cruisin-usa/CMOS.ASM:681
elseif,8,/Users/j.harris/code/cruisin-usa/VANTAB.INC:18,/Users/j.harris/code/cruisin-usa/VANTAB.INC:20,/Users/j.harris/code/cruisin-usa/VANTAB.INC:25
GAMEDIFF,8,/Users/j.harris/code/cruisin-usa/INTRO.ASM:38,/Users/j.harris/code/cruisin-usa/INTRO.ASM:905,/Users/j.harris/code/cruisin-usa/COMMQ.ASM:612
GS0,8,/Users/j.harris/code/cruisin-usa/MOTION.ASM:1903,/Users/j.harris/code/cruisin-usa/MOTION.ASM:1916,/Users/j.harris/code/cruisin-usa/MOTION.ASM:1924
H2H_FLAGSTATE,8,/Users/j.harris/code/cruisin-usa/INTRO.ASM:40,/Users/j.harris/code/cruisin-usa/INTRO.ASM:1182,/Users/j.harris/code/cruisin-usa/INTRO.ASM:2807
HIDDTX,8,/Users/j.harris/code/cruisin-usa/TRACKSEL.ASM:648,/Users/j.harris/code/cruisin-usa/TRACKSEL.ASM:667,/Users/j.harris/code/cruisin-usa/TRACKSEL.ASM:675
IS_HIDDEN,8,/Users/j.harris/code/cruisin-usa/INTRO.ASM:945,/Users/j.harris/code/cruisin-usa/INTRO.ASM:1440,/Users/j.harris/code/cruisin-usa/INTRO.ASM:2330
labelI,8,/Users/j.harris/code/cruisin-usa/MPROC.EQU:72,/Users/j.harris/code/cruisin-usa/MPROC.EQU:74,/Users/j.harris/code/cruisin-usa/MPROC.EQU:82
LDFEQ,8,/Users/j.harris/code/cruisin-usa/MAP.ASM:201,/Users/j.harris/code/cruisin-usa/MAP.ASM:210,/Users/j.harris/code/cruisin-usa/MAP.ASM:546
LIST,8,/Users/j.harris/code/cruisin-usa/MACS.EQU:324,/Users/j.harris/code/cruisin-usa/MACS.EQU:327,/Users/j.harris/code/cruisin-usa/MACS.EQU:332
LONG_VALUE,8,/Users/j.harris/code/cruisin-usa/MACS.EQU:8,/Users/j.harris/code/cruisin-usa/MACS.EQU:10,/Users/j.harris/code/cruisin-usa/MACS.EQU:15
M,8,/Users/j.harris/code/cruisin-usa/CMOS.ASM:678,/Users/j.harris/code/cruisin-usa/CMOS.ASM:682,/Users/j.harris/code/cruisin-usa/CMOS.ASM:683
MAXMPH,8,/Users/j.harris/code/cruisin-usa/BONUS.ASM:27,/Users/j.harris/code/cruisin-usa/BONUS.ASM:1714,/Users/j.harris/code/cruisin-usa/BONUS.ASM:1718
MOTION_RCV_TIKS,8,/Users/j.harris/code/cruisin-usa/GLOBALS.EQU:476,/Users/j.harris/code/cruisin-usa/CUSA.ASM:762,/Users/j.harris/code/cruisin-usa/CUSA.ASM:763
NO_SPLAT,8,/Users/j.harris/code/cruisin-usa/ROADKILL.ASM:1091,/Users/j.harris/code/cruisin-usa/ROADKILL.ASM:1094,/Users/j.harris/code/cruisin-usa/ROADKILL.ASM:1097
OHIGH_PRIORITY,8,/Users/j.harris/code/cruisin-usa/OBJ.ASM:27,/Users/j.harris/code/cruisin-usa/OBJ.ASM:59,/Users/j.harris/code/cruisin-usa/OBJ.ASM:336
OLOW_PRIORITY,8,/Users/j.harris/code/cruisin-usa/OBJ.ASM:26,/Users/j.harris/code/cruisin-usa/OBJ.ASM:58,/Users/j.harris/code/cruisin-usa/OBJ.ASM:315
PALXFER_ACTIVE,8,/Users/j.harris/code/cruisin-usa/PALL.ASM:91,/Users/j.harris/code/cruisin-usa/PALL.ASM:92,/Users/j.harris/code/cruisin-usa/PALL.ASM:100
POSES,8,/Users/j.harris/code/cruisin-usa/INTRO.ASM:37,/Users/j.harris/code/cruisin-usa/INTRO.ASM:2639,/Users/j.harris/code/cruisin-usa/INTRO.ASM:2668
SPINBUMP,8,/Users/j.harris/code/cruisin-usa/COLLA.ASM:3553,/Users/j.harris/code/cruisin-usa/COLLA.ASM:3570,/Users/j.harris/code/cruisin-usa/COLLA.ASM:3580
SUBRI,8,/Users/j.harris/code/cruisin-usa/HUD.ASM:589,/Users/j.harris/code/cruisin-usa/BACKGRND.ASM:830,/Users/j.harris/code/cruisin-usa/LEG.ASM:500
TYCO_NTL_IDX,8,/Users/j.harris/code/cruisin-usa/BACKGRND.ASM:71,/Users/j.harris/code/cruisin-usa/BACKGRND.ASM:110,/Users/j.harris/code/cruisin-usa/BACKGRND.ASM:136
usect,8,/Users/j.harris/code/cruisin-usa/MACS.EQU:575,/Users/j.harris/code/cruisin-usa/MACS.EQU:579,/Users/j.harris/code/cruisin-usa/MACS.EQU:583
VAL,8,/Users/j.harris/code/cruisin-usa/INTRO.ASM:283,/Users/j.harris/code/cruisin-usa/INTRO.ASM:285,/Users/j.harris/code/cruisin-usa/INTRO.ASM:290
VALUEI,8,/Users/j.harris/code/cruisin-usa/MACS.EQU:10,/Users/j.harris/code/cruisin-usa/MACS.EQU:12,/Users/j.harris/code/cruisin-usa/MACS.EQU:17
WAS_HEAD2HEAD_ON,8,/Users/j.harris/code/cruisin-usa/BONUS.ASM:267,/Users/j.harris/code/cruisin-usa/BONUS.ASM:522,/Users/j.harris/code/cruisin-usa/BONUS.ASM:524
BONUS_WAITFLAG,7,/Users/j.harris/code/cruisin-usa/INTRO.ASM:575,/Users/j.harris/code/cruisin-usa/INTRO.ASM:662,/Users/j.harris/code/cruisin-usa/INTRO.ASM:688
bottom2_gtmp_p,7,/Users/j.harris/code/cruisin-usa/INTRO.ASM:3681,/Users/j.harris/code/cruisin-usa/SETUPS.ASM:551,/Users/j.harris/code/cruisin-usa/SETUPS.ASM:552
CARFREE,7,/Users/j.harris/code/cruisin-usa/GLOBALS.EQU:662,/Users/j.harris/code/cruisin-usa/UTIL.ASM:1051,/Users/j.harris/code/cruisin-usa/UTIL.ASM:1054
COCONUT_COUNT,7,/Users/j.harris/code/cruisin-usa/DRONES.ASM:1523,/Users/j.harris/code/cruisin-usa/DRONES.ASM:1525,/Users/j.harris/code/cruisin-usa/DRONES.ASM:1529
COLL_POS,7,/Users/j.harris/code/cruisin-usa/RROAD.ASM:26,/Users/j.harris/code/cruisin-usa/RROAD.ASM:87,/Users/j.harris/code/cruisin-usa/RROAD.ASM:95
DGROUPSI,7,/Users/j.harris/code/cruisin-usa/DRONES.ASM:529,/Users/j.harris/code/cruisin-usa/GLOBALS.EQU:38,/Users/j.harris/code/cruisin-usa/BACKGRND.ASM:48
DIAG_ACTIVE,7,/Users/j.harris/code/cruisin-usa/GLOBALS.EQU:232,/Users/j.harris/code/cruisin-usa/GLOBALS.EQU:239,/Users/j.harris/code/cruisin-usa/CUSA.ASM:133
DRONE_COUNT,7,/Users/j.harris/code/cruisin-usa/DRONES.ASM:45,/Users/j.harris/code/cruisin-usa/DRONES.ASM:245,/Users/j.harris/code/cruisin-usa/DRONES.ASM:415
dth,7,/Users/j.harris/code/cruisin-usa/HUD.ASM:458,/Users/j.harris/code/cruisin-usa/HUD.ASM:459,/Users/j.harris/code/cruisin-usa/HUD.ASM:460
DYNAFREE,7,/Users/j.harris/code/cruisin-usa/GLOBALS.EQU:659,/Users/j.harris/code/cruisin-usa/UTIL.ASM:960,/Users/j.harris/code/cruisin-usa/UTIL.ASM:963
FPLE,7,/Users/j.harris/code/cruisin-usa/HSTDP.ASM:1507,/Users/j.harris/code/cruisin-usa/HSTDP.ASM:1515,/Users/j.harris/code/cruisin-usa/HSTDP.ASM:1525
G,7,/Users/j.harris/code/cruisin-usa/CMOS.ASM:675,/Users/j.harris/code/cruisin-usa/CMOS.ASM:679,/Users/j.harris/code/cruisin-usa/CMOS.ASM:689
GALIL_STATUS_X,7,/Users/j.harris/code/cruisin-usa/MOTION.ASM:196,/Users/j.harris/code/cruisin-usa/MOTION.ASM:223,/Users/j.harris/code/cruisin-usa/MOTION.ASM:319
GALIL_STATUS_Y,7,/Users/j.harris/code/cruisin-usa/MOTION.ASM:197,/Users/j.harris/code/cruisin-usa/MOTION.ASM:226,/Users/j.harris/code/cruisin-usa/MOTION.ASM:322
GALIL_STATUS_Z,7,/Users/j.harris/code/cruisin-usa/MOTION.ASM:198,/Users/j.harris/code/cruisin-usa/MOTION.ASM:229,/Users/j.harris/code/cruisin-usa/MOTION.ASM:325
GHX,7,/Users/j.harris/code/cruisin-usa/MOTION.ASM:2021,/Users/j.harris/code/cruisin-usa/MOTION.ASM:2024,/Users/j.harris/code/cruisin-usa/MOTION.ASM:2027
JAJA5,7,/Users/j.harris/code/cruisin-usa/MAP.ASM:1052,/Users/j.harris/code/cruisin-usa/MAP.ASM:1056,/Users/j.harris/code/cruisin-usa/DIAG.ASM:1357
LDFGE,7,/Users/j.harris/code/cruisin-usa/COLLA.ASM:2464,/Users/j.harris/code/cruisin-usa/COLLA.ASM:3519,/Users/j.harris/code/cruisin-usa/COLLA.ASM:3727
LDINC,7,/Users/j.harris/code/cruisin-usa/SIGMA.ASM:213,/Users/j.harris/code/cruisin-usa/PLYR.ASM:1197,/Users/j.harris/code/cruisin-usa/PLYR.ASM:1201
LEG_MAP,7,/Users/j.harris/code/cruisin-usa/SYS.EQU:220,/Users/j.harris/code/cruisin-usa/RACER.EQU:12,/Users/j.harris/code/cruisin-usa/GLOBALS.EQU:433
lgnum43_coolyelo,7,/Users/j.harris/code/cruisin-usa/INTRO.ASM:2970,/Users/j.harris/code/cruisin-usa/INTRO.ASM:2971,/Users/j.harris/code/cruisin-usa/INTRO.ASM:3658
MENU_SCROLL,7,/Users/j.harris/code/cruisin-usa/DIAG.ASM:1271,/Users/j.harris/code/cruisin-usa/DIAG.ASM:1276,/Users/j.harris/code/cruisin-usa/DIAG.ASM:1317
MPROC_TIK,7,/Users/j.harris/code/cruisin-usa/CUSA.ASM:148,/Users/j.harris/code/cruisin-usa/CUSA.ASM:581,/Users/j.harris/code/cruisin-usa/CUSA.ASM:582
NBEEP,7,/Users/j.harris/code/cruisin-usa/HUD.ASM:341,/Users/j.harris/code/cruisin-usa/HUD.ASM:345,/Users/j.harris/code/cruisin-usa/HUD.ASM:349
NEWSUBLIST_TOPB,7,/Users/j.harris/code/cruisin-usa/BACKGRND.ASM:507,/Users/j.harris/code/cruisin-usa/BACKGRND.ASM:508,/Users/j.harris/code/cruisin-usa/BACKGRND.ASM:616
NEXT_STARTUP,7,/Users/j.harris/code/cruisin-usa/BONUS.ASM:29,/Users/j.harris/code/cruisin-usa/BONUS.ASM:183,/Users/j.harris/code/cruisin-usa/BONUS.ASM:971
NOGAME,7,/Users/j.harris/code/cruisin-usa/INTRO.ASM:725,/Users/j.harris/code/cruisin-usa/INTRO.ASM:743,/Users/j.harris/code/cruisin-usa/INTRO.ASM:745
NOTPRECOL,7,/Users/j.harris/code/cruisin-usa/SIGMA.ASM:432,/Users/j.harris/code/cruisin-usa/SIGMA.ASM:439,/Users/j.harris/code/cruisin-usa/RHO.ASM:528
NOYELL,7,/Users/j.harris/code/cruisin-usa/SIGMA.ASM:301,/Users/j.harris/code/cruisin-usa/SIGMA.ASM:304,/Users/j.harris/code/cruisin-usa/SIGMA.ASM:313
NUWHL,7,/Users/j.harris/code/cruisin-usa/WHEEL.ASM:53,/Users/j.harris/code/cruisin-usa/WHEEL.ASM:60,/Users/j.harris/code/cruisin-usa/WHEEL.ASM:67
PLYPROC,7,/Users/j.harris/code/cruisin-usa/PLYR.ASM:52,/Users/j.harris/code/cruisin-usa/PLYR.ASM:274,/Users/j.harris/code/cruisin-usa/GLOBALS.EQU:514
PLYRFIRST,7,/Users/j.harris/code/cruisin-usa/PLYR.ASM:30,/Users/j.harris/code/cruisin-usa/PLYR.ASM:56,/Users/j.harris/code/cruisin-usa/PLYR.ASM:608
PREVX,7,/Users/j.harris/code/cruisin-usa/GLOBALS.EQU:139,/Users/j.harris/code/cruisin-usa/CUSA.ASM:354,/Users/j.harris/code/cruisin-usa/COMP.ASM:590
RADAR_LP,7,/Users/j.harris/code/cruisin-usa/MAP.ASM:1289,/Users/j.harris/code/cruisin-usa/MAP.ASM:1512,/Users/j.harris/code/cruisin-usa/MAP.ASM:1517
RETI,7,/Users/j.harris/code/cruisin-usa/COMM.ASM:678,/Users/j.harris/code/cruisin-usa/COMM.ASM:741,/Users/j.harris/code/cruisin-usa/FONT1A.ASM:34
RETSNE,7,/Users/j.harris/code/cruisin-usa/DIAG.ASM:2015,/Users/j.harris/code/cruisin-usa/BONUS.ASM:190,/Users/j.harris/code/cruisin-usa/PLYR.ASM:3140
ROAD_DEBRIS,7,/Users/j.harris/code/cruisin-usa/COLLA.ASM:1814,/Users/j.harris/code/cruisin-usa/GLOBALS.EQU:535,/Users/j.harris/code/cruisin-usa/ROADBLCK.ASM:48
RS30,7,/Users/j.harris/code/cruisin-usa/COLLA.ASM:543,/Users/j.harris/code/cruisin-usa/COLLA.ASM:546,/Users/j.harris/code/cruisin-usa/COLLA.ASM:557
SCORE,7,/Users/j.harris/code/cruisin-usa/INTRO.ASM:938,/Users/j.harris/code/cruisin-usa/HUD.ASM:36,/Users/j.harris/code/cruisin-usa/GLOBALS.EQU:361
SCREENWIPE_DONE,7,/Users/j.harris/code/cruisin-usa/INTRO.ASM:1018,/Users/j.harris/code/cruisin-usa/EFFECTS.ASM:57,/Users/j.harris/code/cruisin-usa/EFFECTS.ASM:62
SECRADY,7,/Users/j.harris/code/cruisin-usa/BACKGRND.ASM:512,/Users/j.harris/code/cruisin-usa/BACKGRND.ASM:602,/Users/j.harris/code/cruisin-usa/BACKGRND.ASM:606
SEND_FLY_POS,7,/Users/j.harris/code/cruisin-usa/COLLA.ASM:2331,/Users/j.harris/code/cruisin-usa/COLLA.ASM:2509,/Users/j.harris/code/cruisin-usa/COLLA.ASM:2536
shared_PALETTES,7,/Users/j.harris/code/cruisin-usa/BONUS.ASM:665,/Users/j.harris/code/cruisin-usa/BONUS.ASM:667,/Users/j.harris/code/cruisin-usa/SETUPS.ASM:325
SINGLE_SECTION_TEMPPTR,7,/Users/j.harris/code/cruisin-usa/INTRO.ASM:1389,/Users/j.harris/code/cruisin-usa/GLOBALS.EQU:49,/Users/j.harris/code/cruisin-usa/BACKGRND.ASM:1937
SMOKE_COUNT,7,/Users/j.harris/code/cruisin-usa/INTRO.ASM:1177,/Users/j.harris/code/cruisin-usa/DRONES.ASM:1404,/Users/j.harris/code/cruisin-usa/DRONES.ASM:1406
SOFT_AUDIT,7,/Users/j.harris/code/cruisin-usa/DIAG.ASM:198,/Users/j.harris/code/cruisin-usa/DIAG.ASM:215,/Users/j.harris/code/cruisin-usa/DIAG.ASM:256
SPINTEMP,7,/Users/j.harris/code/cruisin-usa/COLLA.ASM:48,/Users/j.harris/code/cruisin-usa/COLLA.ASM:3521,/Users/j.harris/code/cruisin-usa/COLLA.ASM:3669
ST_POLYGONS,7,/Users/j.harris/code/cruisin-usa/DIRQ.ASM:164,/Users/j.harris/code/cruisin-usa/DIRQ.ASM:1301,/Users/j.harris/code/cruisin-usa/DIRQ.ASM:1302
STARTS,7,/Users/j.harris/code/cruisin-usa/GLOBALS.EQU:45,/Users/j.harris/code/cruisin-usa/BACKGRND.ASM:62,/Users/j.harris/code/cruisin-usa/BACKGRND.ASM:184
STATE_NUM,7,/Users/j.harris/code/cruisin-usa/CUSA.ASM:1998,/Users/j.harris/code/cruisin-usa/CUSA.ASM:2012,/Users/j.harris/code/cruisin-usa/CUSA.ASM:2022
STEERMN,7,/Users/j.harris/code/cruisin-usa/INTRO.ASM:2650,/Users/j.harris/code/cruisin-usa/PLYR.ASM:3484,/Users/j.harris/code/cruisin-usa/PLYR.ASM:3514
VOLUME_ACTIVE,7,/Users/j.harris/code/cruisin-usa/GLOBALS.EQU:124,/Users/j.harris/code/cruisin-usa/COIN.ASM:1150,/Users/j.harris/code/cruisin-usa/COIN.ASM:1154
WDHIT,7,/Users/j.harris/code/cruisin-usa/CUSA.ASM:183,/Users/j.harris/code/cruisin-usa/CUSA.ASM:188,/Users/j.harris/code/cruisin-usa/CUSA.ASM:189
ZOOMH,7,/Users/j.harris/code/cruisin-usa/PLYR.ASM:40,/Users/j.harris/code/cruisin-usa/PLYR.ASM:580,/Users/j.harris/code/cruisin-usa/PLYR.ASM:1016
_PALLIST,6,/Users/j.harris/code/cruisin-usa/PALL.ASM:34,/Users/j.harris/code/cruisin-usa/DIRQ.ASM:109,/Users/j.harris/code/cruisin-usa/PALL.EQU:23
_SECmwest_bottom,6,/Users/j.harris/code/cruisin-usa/SETUPS.ASM:212,/Users/j.harris/code/cruisin-usa/SETUPS.ASM:220,/Users/j.harris/code/cruisin-usa/SETUPS.ASM:228
_t,6,/Users/j.harris/code/cruisin-usa/LINE.ASM:128,/Users/j.harris/code/cruisin-usa/LINE.ASM:129,/Users/j.harris/code/cruisin-usa/LINE.ASM:130
BGED,6,/Users/j.harris/code/cruisin-usa/DIRQ.ASM:1367,/Users/j.harris/code/cruisin-usa/DIRQ.ASM:2285,/Users/j.harris/code/cruisin-usa/LINE.ASM:201
bnout1_smoke,6,/Users/j.harris/code/cruisin-usa/DRONES.ASM:25,/Users/j.harris/code/cruisin-usa/DRONES.ASM:1431,/Users/j.harris/code/cruisin-usa/GLOBALS.EQU:683
BP,6,/Users/j.harris/code/cruisin-usa/ROADKILL.ASM:1269,/Users/j.harris/code/cruisin-usa/ATTRDRNE.ASM:248,/Users/j.harris/code/cruisin-usa/ATTRDRNE.ASM:843
BSSSTART,6,/Users/j.harris/code/cruisin-usa/BSSSTART.ASM:11,/Users/j.harris/code/cruisin-usa/BSSSTART.ASM:12,/Users/j.harris/code/cruisin-usa/GLOBALS.EQU:54
CAR_CHOICE_GOTTEN,6,/Users/j.harris/code/cruisin-usa/INTRO.ASM:942,/Users/j.harris/code/cruisin-usa/INTRO.ASM:1333,/Users/j.harris/code/cruisin-usa/INTRO.ASM:1513
CAR_COUNT,6,/Users/j.harris/code/cruisin-usa/GLOBALS.EQU:662,/Users/j.harris/code/cruisin-usa/UTIL.ASM:1052,/Users/j.harris/code/cruisin-usa/UTIL.ASM:1070
CARCHKX,6,/Users/j.harris/code/cruisin-usa/RACER.ASM:638,/Users/j.harris/code/cruisin-usa/RACER.ASM:1669,/Users/j.harris/code/cruisin-usa/RACER.ASM:1683
CEBT,6,/Users/j.harris/code/cruisin-usa/INTRO.ASM:552,/Users/j.harris/code/cruisin-usa/INTRO.ASM:555,/Users/j.harris/code/cruisin-usa/INTRO.ASM:558
CHECKPOINT_NUM,6,/Users/j.harris/code/cruisin-usa/INTRO.ASM:39,/Users/j.harris/code/cruisin-usa/INTRO.ASM:1179,/Users/j.harris/code/cruisin-usa/COMMQ.ASM:560
CLIPOP,6,/Users/j.harris/code/cruisin-usa/DIRQ.ASM:1696,/Users/j.harris/code/cruisin-usa/DIRQ.ASM:1734,/Users/j.harris/code/cruisin-usa/DIRQ.ASM:1748
COINOFF,6,/Users/j.harris/code/cruisin-usa/HEADS.ASM:216,/Users/j.harris/code/cruisin-usa/ATTRACTA.ASM:374,/Users/j.harris/code/cruisin-usa/GLOBALS.EQU:123
COMM_DRONE_PTR,6,/Users/j.harris/code/cruisin-usa/OBJ.ASM:34,/Users/j.harris/code/cruisin-usa/OBJ.ASM:66,/Users/j.harris/code/cruisin-usa/COMMDRNE.ASM:241
COUNTRY,6,/Users/j.harris/code/cruisin-usa/DIAG.ASM:1983,/Users/j.harris/code/cruisin-usa/DIAG.ASM:1992,/Users/j.harris/code/cruisin-usa/DIAG.ASM:2032
CT_AUTO,6,/Users/j.harris/code/cruisin-usa/TRANS.ASM:348,/Users/j.harris/code/cruisin-usa/TRANS.ASM:411,/Users/j.harris/code/cruisin-usa/TRANS.ASM:442
CT_MAN,6,/Users/j.harris/code/cruisin-usa/TRANS.ASM:347,/Users/j.harris/code/cruisin-usa/TRANS.ASM:410,/Users/j.harris/code/cruisin-usa/TRANS.ASM:440
DENMARK1,6,/Users/j.harris/code/cruisin-usa/COINTAB.ASM:1363,/Users/j.harris/code/cruisin-usa/COINTAB.ASM:1540,/Users/j.harris/code/cruisin-usa/COINTAB.ASM:1593
deserts_PALETTES,6,/Users/j.harris/code/cruisin-usa/SETUPS.ASM:42,/Users/j.harris/code/cruisin-usa/SETUPS.ASM:368,/Users/j.harris/code/cruisin-usa/SETUPS.ASM:397
dnums_amber,6,/Users/j.harris/code/cruisin-usa/BONUS.ASM:1732,/Users/j.harris/code/cruisin-usa/BONUS.ASM:1733,/Users/j.harris/code/cruisin-usa/HUD.ASM:392
DOORTHETA,6,/Users/j.harris/code/cruisin-usa/TRANS.ASM:227,/Users/j.harris/code/cruisin-usa/TRANS.ASM:265,/Users/j.harris/code/cruisin-usa/TRANS.ASM:267
DRONE_DISPATCH_P,6,/Users/j.harris/code/cruisin-usa/INTRO.ASM:1015,/Users/j.harris/code/cruisin-usa/DRONES.ASM:39,/Users/j.harris/code/cruisin-usa/DRONES.ASM:237
DSORTNXT,6,/Users/j.harris/code/cruisin-usa/OBJ.ASM:949,/Users/j.harris/code/cruisin-usa/OBJ.ASM:958,/Users/j.harris/code/cruisin-usa/OBJ.ASM:967
FDL,6,/Users/j.harris/code/cruisin-usa/COMMQ.ASM:1051,/Users/j.harris/code/cruisin-usa/COMMQ.ASM:1058,/Users/j.harris/code/cruisin-usa/ATTRDRNE.ASM:1063
FIND_LP,6,/Users/j.harris/code/cruisin-usa/ROADKILL.ASM:1404,/Users/j.harris/code/cruisin-usa/ROADKILL.ASM:1407,/Users/j.harris/code/cruisin-usa/ATTRDRNE.ASM:1105
FINISH_ID,6,/Users/j.harris/code/cruisin-usa/RACER.EQU:12,/Users/j.harris/code/cruisin-usa/GLOBALS.EQU:434,/Users/j.harris/code/cruisin-usa/LEG.ASM:19
FINLAND1,6,/Users/j.harris/code/cruisin-usa/COINTAB.ASM:1307,/Users/j.harris/code/cruisin-usa/COINTAB.ASM:1537,/Users/j.harris/code/cruisin-usa/COINTAB.ASM:1590
FLAME_DIE,6,/Users/j.harris/code/cruisin-usa/FLAME.ASM:48,/Users/j.harris/code/cruisin-usa/FLAME.ASM:52,/Users/j.harris/code/cruisin-usa/FLAME.ASM:56
FR1,6,/Users/j.harris/code/cruisin-usa/ATTRDRNE.ASM:955,/Users/j.harris/code/cruisin-usa/ATTRDRNE.ASM:962,/Users/j.harris/code/cruisin-usa/ATTRDRNE.ASM:967
FREEZE_IT,6,/Users/j.harris/code/cruisin-usa/RROAD.ASM:24,/Users/j.harris/code/cruisin-usa/RROAD.ASM:54,/Users/j.harris/code/cruisin-usa/RROAD.ASM:213
FULLSETUP_TABLEI,6,/Users/j.harris/code/cruisin-usa/BONUS.ASM:808,/Users/j.harris/code/cruisin-usa/INTRO.ASM:1086,/Users/j.harris/code/cruisin-usa/INTRO.ASM:1300
GETRK,6,/Users/j.harris/code/cruisin-usa/PLYR.ASM:2529,/Users/j.harris/code/cruisin-usa/PLYR.ASM:2542,/Users/j.harris/code/cruisin-usa/CHOPPER.ASM:1642
HELI_ABORT,6,/Users/j.harris/code/cruisin-usa/GLOBALS.EQU:89,/Users/j.harris/code/cruisin-usa/OVERLAY.ASM:177,/Users/j.harris/code/cruisin-usa/OVERLAY.ASM:182
HSTDEC,6,/Users/j.harris/code/cruisin-usa/CMOS.ASM:26,/Users/j.harris/code/cruisin-usa/BONUS.ASM:885,/Users/j.harris/code/cruisin-usa/INTRO.ASM:898
HUNGARY1,6,/Users/j.harris/code/cruisin-usa/COINTAB.ASM:1377,/Users/j.harris/code/cruisin-usa/COINTAB.ASM:1541,/Users/j.harris/code/cruisin-usa/COINTAB.ASM:1594
IMPACT_SPARKX,6,/Users/j.harris/code/cruisin-usa/SMOKE.ASM:863,/Users/j.harris/code/cruisin-usa/SMOKE.ASM:871,/Users/j.harris/code/cruisin-usa/SMOKE.ASM:876
KABOSH,6,/Users/j.harris/code/cruisin-usa/INTRO.ASM:149,/Users/j.harris/code/cruisin-usa/INTRO.ASM:167,/Users/j.harris/code/cruisin-usa/INTRO.ASM:173
KEYPAUSE,6,/Users/j.harris/code/cruisin-usa/DIAG.ASM:42,/Users/j.harris/code/cruisin-usa/DIAG.ASM:320,/Users/j.harris/code/cruisin-usa/DIAG.ASM:331
LDFNN,6,/Users/j.harris/code/cruisin-usa/COLLA.ASM:3514,/Users/j.harris/code/cruisin-usa/PLYR.ASM:1249,/Users/j.harris/code/cruisin-usa/PLYR.ASM:2893
LDILE,6,/Users/j.harris/code/cruisin-usa/MAP.ASM:1587,/Users/j.harris/code/cruisin-usa/COLLA.ASM:3434,/Users/j.harris/code/cruisin-usa/PLYR.ASM:1067
LINKEDP,6,/Users/j.harris/code/cruisin-usa/INTRO.ASM:827,/Users/j.harris/code/cruisin-usa/INTRO.ASM:843,/Users/j.harris/code/cruisin-usa/COMMQ.ASM:53
map1_p,6,/Users/j.harris/code/cruisin-usa/MAP.ASM:373,/Users/j.harris/code/cruisin-usa/MAP.ASM:374,/Users/j.harris/code/cruisin-usa/MAP.ASM:761
MAPPAL13,6,/Users/j.harris/code/cruisin-usa/MAP.ASM:176,/Users/j.harris/code/cruisin-usa/MAP.ASM:187,/Users/j.harris/code/cruisin-usa/MAP.ASM:189
MAPPAL24,6,/Users/j.harris/code/cruisin-usa/MAP.ASM:174,/Users/j.harris/code/cruisin-usa/MAP.ASM:184,/Users/j.harris/code/cruisin-usa/MAP.ASM:186
MAXMPH_COUNT,6,/Users/j.harris/code/cruisin-usa/BONUS.ASM:1719,/Users/j.harris/code/cruisin-usa/BONUS.ASM:1741,/Users/j.harris/code/cruisin-usa/HUD.ASM:38
miniidle,6,/Users/j.harris/code/cruisin-usa/INTRO.ASM:387,/Users/j.harris/code/cruisin-usa/INTRO.ASM:3460,/Users/j.harris/code/cruisin-usa/INTRO.ASM:3522
MOTION_SAFETY_TYPE,6,/Users/j.harris/code/cruisin-usa/HUD.ASM:143,/Users/j.harris/code/cruisin-usa/HUD.ASM:144,/Users/j.harris/code/cruisin-usa/MOTION.ASM:1011
NH,6,/Users/j.harris/code/cruisin-usa/TRACKSEL.ASM:755,/Users/j.harris/code/cruisin-usa/TRACKSEL.ASM:761,/Users/j.harris/code/cruisin-usa/TRACKSEL.ASM:769
NO_MUSIC,6,/Users/j.harris/code/cruisin-usa/COMMQ.ASM:1503,/Users/j.harris/code/cruisin-usa/COMMQ.ASM:1505,/Users/j.harris/code/cruisin-usa/ATTRDRNE.ASM:1549
NOCHANCE,6,/Users/j.harris/code/cruisin-usa/INFIN.ASM:62,/Users/j.harris/code/cruisin-usa/INFIN.ASM:109,/Users/j.harris/code/cruisin-usa/INFIN.ASM:112
NONOISE,6,/Users/j.harris/code/cruisin-usa/RHO.ASM:410,/Users/j.harris/code/cruisin-usa/RHO.ASM:419,/Users/j.harris/code/cruisin-usa/RHO.ASM:423
NORWAY1,6,/Users/j.harris/code/cruisin-usa/COINTAB.ASM:1349,/Users/j.harris/code/cruisin-usa/COINTAB.ASM:1539,/Users/j.harris/code/cruisin-usa/COINTAB.ASM:1592
NOWAY,6,/Users/j.harris/code/cruisin-usa/BONUS.ASM:649,/Users/j.harris/code/cruisin-usa/BONUS.ASM:655,/Users/j.harris/code/cruisin-usa/BONUS.ASM:659
OLD_BUTTON_STATUS,6,/Users/j.harris/code/cruisin-usa/WAVE.ASM:209,/Users/j.harris/code/cruisin-usa/WAVE.ASM:211,/Users/j.harris/code/cruisin-usa/CUSA.ASM:1427
OLDSP,6,/Users/j.harris/code/cruisin-usa/MPROC.EQU:30,/Users/j.harris/code/cruisin-usa/MPROC.ASM:25,/Users/j.harris/code/cruisin-usa/MPROC.ASM:195
OM_ATTR_MODE,6,/Users/j.harris/code/cruisin-usa/COMMQ.ASM:49,/Users/j.harris/code/cruisin-usa/COMMQ.ASM:472,/Users/j.harris/code/cruisin-usa/COMMQ.ASM:474
OM_HIDDEN_ON,6,/Users/j.harris/code/cruisin-usa/COMMQ.ASM:54,/Users/j.harris/code/cruisin-usa/COMMQ.ASM:766,/Users/j.harris/code/cruisin-usa/GLOBALS.EQU:169
OM_RACE_MODE,6,/Users/j.harris/code/cruisin-usa/INTRO.ASM:2925,/Users/j.harris/code/cruisin-usa/COMMQ.ASM:55,/Users/j.harris/code/cruisin-usa/COMMQ.ASM:771
OM_STATE,6,/Users/j.harris/code/cruisin-usa/COMMQ.ASM:47,/Users/j.harris/code/cruisin-usa/COMMQ.ASM:79,/Users/j.harris/code/cruisin-usa/COMMQ.ASM:457
ONEFLAG,6,/Users/j.harris/code/cruisin-usa/COMM.ASM:42,/Users/j.harris/code/cruisin-usa/COMM.ASM:57,/Users/j.harris/code/cruisin-usa/COMM.ASM:154
P,6,/Users/j.harris/code/cruisin-usa/CMOS.ASM:676,/Users/j.harris/code/cruisin-usa/CMOS.ASM:677,/Users/j.harris/code/cruisin-usa/CMOS.ASM:684
PACTIVE,6,/Users/j.harris/code/cruisin-usa/MPROC.EQU:27,/Users/j.harris/code/cruisin-usa/MPROC.ASM:28,/Users/j.harris/code/cruisin-usa/MPROC.ASM:33
PAL,6,/Users/j.harris/code/cruisin-usa/HUD.ASM:562,/Users/j.harris/code/cruisin-usa/MACS.EQU:33,/Users/j.harris/code/cruisin-usa/MACS.EQU:40
PALXFER_FREE,6,/Users/j.harris/code/cruisin-usa/PALL.ASM:536,/Users/j.harris/code/cruisin-usa/PALL.ASM:541,/Users/j.harris/code/cruisin-usa/PALL.ASM:584
PASS1,6,/Users/j.harris/code/cruisin-usa/BACKGRND.ASM:511,/Users/j.harris/code/cruisin-usa/BACKGRND.ASM:574,/Users/j.harris/code/cruisin-usa/BACKGRND.ASM:861
pid,6,/Users/j.harris/code/cruisin-usa/MPROC.EQU:70,/Users/j.harris/code/cruisin-usa/MPROC.EQU:75,/Users/j.harris/code/cruisin-usa/MPROC.EQU:80
PLAINANI_LP,6,/Users/j.harris/code/cruisin-usa/HOTTUB.ASM:499,/Users/j.harris/code/cruisin-usa/HOTTUB.ASM:510,/Users/j.harris/code/cruisin-usa/BACKGRND.ASM:1862
RAND,6,/Users/j.harris/code/cruisin-usa/GLOBALS.EQU:275,/Users/j.harris/code/cruisin-usa/GLOBALS.EQU:647,/Users/j.harris/code/cruisin-usa/UTIL.ASM:28
REGLP,6,/Users/j.harris/code/cruisin-usa/TEXT.ASM:509,/Users/j.harris/code/cruisin-usa/TEXT.ASM:512,/Users/j.harris/code/cruisin-usa/FONT1A.ASM:357
RESET_TIMER,6,/Users/j.harris/code/cruisin-usa/SND.ASM:23,/Users/j.harris/code/cruisin-usa/SND.ASM:766,/Users/j.harris/code/cruisin-usa/SND.ASM:767
RETSLT,6,/Users/j.harris/code/cruisin-usa/PLYR.ASM:1562,/Users/j.harris/code/cruisin-usa/ATTRDRNE.ASM:1363,/Users/j.harris/code/cruisin-usa/COIN.ASM:1303
ROUTINE,6,/Users/j.harris/code/cruisin-usa/DIAG.ASM:1188,/Users/j.harris/code/cruisin-usa/DIAG.ASM:1192,/Users/j.harris/code/cruisin-usa/DIAG.ASM:3779
RPASSX,6,/Users/j.harris/code/cruisin-usa/RACER.ASM:1918,/Users/j.harris/code/cruisin-usa/RACER.ASM:1924,/Users/j.harris/code/cruisin-usa/RACER.ASM:1926
SAVESPC,6,/Users/j.harris/code/cruisin-usa/COMP.ASM:515,/Users/j.harris/code/cruisin-usa/COMP.ASM:516,/Users/j.harris/code/cruisin-usa/COMP.ASM:519
SPARK_ANIX,6,/Users/j.harris/code/cruisin-usa/SMOKE.ASM:588,/Users/j.harris/code/cruisin-usa/SMOKE.ASM:592,/Users/j.harris/code/cruisin-usa/SMOKE.ASM:596
ST_VERTICES,6,/Users/j.harris/code/cruisin-usa/DIRQ.ASM:562,/Users/j.harris/code/cruisin-usa/DIRQ.ASM:565,/Users/j.harris/code/cruisin-usa/DIRQ.ASM:897
START_NOW_P,6,/Users/j.harris/code/cruisin-usa/INTRO.ASM:978,/Users/j.harris/code/cruisin-usa/INTRO.ASM:1045,/Users/j.harris/code/cruisin-usa/INTRO.ASM:1610
STATE_TIK,6,/Users/j.harris/code/cruisin-usa/CUSA.ASM:1999,/Users/j.harris/code/cruisin-usa/CUSA.ASM:2031,/Users/j.harris/code/cruisin-usa/CUSA.ASM:2034
SUBC,6,/Users/j.harris/code/cruisin-usa/ROUTS.ASM:218,/Users/j.harris/code/cruisin-usa/ROUTS.ASM:315,/Users/j.harris/code/cruisin-usa/ROUTS.ASM:367
SUBLIST_BEGIN,6,/Users/j.harris/code/cruisin-usa/BACKGRND.ASM:59,/Users/j.harris/code/cruisin-usa/BACKGRND.ASM:571,/Users/j.harris/code/cruisin-usa/BACKGRND.ASM:1089
SWEDEN1,6,/Users/j.harris/code/cruisin-usa/COINTAB.ASM:1293,/Users/j.harris/code/cruisin-usa/COINTAB.ASM:1536,/Users/j.harris/code/cruisin-usa/COINTAB.ASM:1589
THIS_PIECE,6,/Users/j.harris/code/cruisin-usa/SIGMA.ASM:380,/Users/j.harris/code/cruisin-usa/SIGMA.ASM:396,/Users/j.harris/code/cruisin-usa/RHO.ASM:477
TIMECLR,6,/Users/j.harris/code/cruisin-usa/INTRO.ASM:1014,/Users/j.harris/code/cruisin-usa/GLOBALS.EQU:244,/Users/j.harris/code/cruisin-usa/ATTRDRNE.ASM:96
TIMEX,6,/Users/j.harris/code/cruisin-usa/CUSA.ASM:1793,/Users/j.harris/code/cruisin-usa/CUSA.ASM:1807,/Users/j.harris/code/cruisin-usa/CUSA.ASM:1819
TIRE_SMOKE_COUNT,6,/Users/j.harris/code/cruisin-usa/BONUS.ASM:463,/Users/j.harris/code/cruisin-usa/GLOBALS.EQU:575,/Users/j.harris/code/cruisin-usa/SMOKE.ASM:21
TOSLP2,6,/Users/j.harris/code/cruisin-usa/INTRO.ASM:3528,/Users/j.harris/code/cruisin-usa/INTRO.ASM:3531,/Users/j.harris/code/cruisin-usa/INTRO.ASM:3536
TSEL_HEAD,6,/Users/j.harris/code/cruisin-usa/TRACKSEL.ASM:448,/Users/j.harris/code/cruisin-usa/TRACKSEL.ASM:460,/Users/j.harris/code/cruisin-usa/TRACKSEL.ASM:914
TYCO_TRACK_NTL,6,/Users/j.harris/code/cruisin-usa/GLOBALS.EQU:48,/Users/j.harris/code/cruisin-usa/BACKGRND.ASM:70,/Users/j.harris/code/cruisin-usa/BACKGRND.ASM:197
WALL_SPARKX,6,/Users/j.harris/code/cruisin-usa/SMOKE.ASM:775,/Users/j.harris/code/cruisin-usa/SMOKE.ASM:778,/Users/j.harris/code/cruisin-usa/SMOKE.ASM:781
ZOOMDG,6,/Users/j.harris/code/cruisin-usa/PLYR.ASM:39,/Users/j.harris/code/cruisin-usa/PLYR.ASM:584,/Users/j.harris/code/cruisin-usa/PLYR.ASM:2444
_SECshared,5,/Users/j.harris/code/cruisin-usa/BONUS.ASM:669,/Users/j.harris/code/cruisin-usa/INTRO.ASM:3674,/Users/j.harris/code/cruisin-usa/SETUPS.ASM:329
_x,5,/Users/j.harris/code/cruisin-usa/LINE.ASM:121,/Users/j.harris/code/cruisin-usa/HPMATH.ASM:20,/Users/j.harris/code/cruisin-usa/HPMATH.ASM:26
BABE_CONTROL,5,/Users/j.harris/code/cruisin-usa/HOTTUB.ASM:799,/Users/j.harris/code/cruisin-usa/INTRO.ASM:2726,/Users/j.harris/code/cruisin-usa/INTRO.ASM:2734
bottom_gtmp_p,5,/Users/j.harris/code/cruisin-usa/INTRO.ASM:3677,/Users/j.harris/code/cruisin-usa/SETUPS.ASM:709,/Users/j.harris/code/cruisin-usa/SETUPS.ASM:805
BRAKEON,5,/Users/j.harris/code/cruisin-usa/PLYR.ASM:45,/Users/j.harris/code/cruisin-usa/PLYR.ASM:606,/Users/j.harris/code/cruisin-usa/PLYR.ASM:2177
CALLGE,5,/Users/j.harris/code/cruisin-usa/COIN.ASM:770,/Users/j.harris/code/cruisin-usa/COMP.ASM:427,/Users/j.harris/code/cruisin-usa/COMP.ASM:491
CAMRADY,5,/Users/j.harris/code/cruisin-usa/INFIN.ASM:18,/Users/j.harris/code/cruisin-usa/INFIN.ASM:209,/Users/j.harris/code/cruisin-usa/INFIN.ASM:235
CHECKPOINT_TIME_BONUS,5,/Users/j.harris/code/cruisin-usa/BONUS.ASM:233,/Users/j.harris/code/cruisin-usa/INTRO.ASM:1028,/Users/j.harris/code/cruisin-usa/GLOBALS.EQU:499
CLIPX,5,/Users/j.harris/code/cruisin-usa/DIRQ.ASM:1601,/Users/j.harris/code/cruisin-usa/DIRQ.ASM:1615,/Users/j.harris/code/cruisin-usa/DIRQ.ASM:1629
CNR_ENTER,5,/Users/j.harris/code/cruisin-usa/BONUS.ASM:513,/Users/j.harris/code/cruisin-usa/BONUS.ASM:519,/Users/j.harris/code/cruisin-usa/INTRO.ASM:923
COINDROP,5,/Users/j.harris/code/cruisin-usa/INTRO.ASM:403,/Users/j.harris/code/cruisin-usa/INTRO.ASM:406,/Users/j.harris/code/cruisin-usa/COMMQ.ASM:1436
COMM_MASTER_TRANSES,5,/Users/j.harris/code/cruisin-usa/COMM.ASM:29,/Users/j.harris/code/cruisin-usa/COMM.ASM:36,/Users/j.harris/code/cruisin-usa/COMM.ASM:604
COMMFLAG,5,/Users/j.harris/code/cruisin-usa/COMM.ASM:40,/Users/j.harris/code/cruisin-usa/COMM.ASM:112,/Users/j.harris/code/cruisin-usa/COMM.ASM:217
COOLRET,5,/Users/j.harris/code/cruisin-usa/BONUS.ASM:535,/Users/j.harris/code/cruisin-usa/BONUS.ASM:537,/Users/j.harris/code/cruisin-usa/BONUS.ASM:541
CT_CURSOR,5,/Users/j.harris/code/cruisin-usa/TRANS.ASM:123,/Users/j.harris/code/cruisin-usa/TRANS.ASM:579,/Users/j.harris/code/cruisin-usa/TRANS.ASM:596
CT_PUSHTOCYCLE,5,/Users/j.harris/code/cruisin-usa/TRANS.ASM:321,/Users/j.harris/code/cruisin-usa/TRANS.ASM:401,/Users/j.harris/code/cruisin-usa/TRANS.ASM:821
CT_TURNTOSEL,5,/Users/j.harris/code/cruisin-usa/TRANS.ASM:326,/Users/j.harris/code/cruisin-usa/TRANS.ASM:398,/Users/j.harris/code/cruisin-usa/TRANS.ASM:826
CT_WHEEL,5,/Users/j.harris/code/cruisin-usa/TRANS.ASM:316,/Users/j.harris/code/cruisin-usa/TRANS.ASM:404,/Users/j.harris/code/cruisin-usa/TRANS.ASM:738
cvette_blue,5,/Users/j.harris/code/cruisin-usa/WAVE.ASM:940,/Users/j.harris/code/cruisin-usa/WAVE.ASM:941,/Users/j.harris/code/cruisin-usa/WAVE.ASM:981
cvette_purple,5,/Users/j.harris/code/cruisin-usa/WAVE.ASM:940,/Users/j.harris/code/cruisin-usa/WAVE.ASM:941,/Users/j.harris/code/cruisin-usa/WAVE.ASM:985
cvette_red,5,/Users/j.harris/code/cruisin-usa/WAVE.ASM:940,/Users/j.harris/code/cruisin-usa/WAVE.ASM:941,/Users/j.harris/code/cruisin-usa/WAVE.ASM:983
DCALL,5,/Users/j.harris/code/cruisin-usa/INTRO.ASM:963,/Users/j.harris/code/cruisin-usa/INTRO.ASM:965,/Users/j.harris/code/cruisin-usa/INTRO.ASM:970
deerc3,5,/Users/j.harris/code/cruisin-usa/ROADKILL.ASM:602,/Users/j.harris/code/cruisin-usa/ROADKILL.ASM:603,/Users/j.harris/code/cruisin-usa/ROADKILL.ASM:604
deerc4,5,/Users/j.harris/code/cruisin-usa/ROADKILL.ASM:602,/Users/j.harris/code/cruisin-usa/ROADKILL.ASM:603,/Users/j.harris/code/cruisin-usa/ROADKILL.ASM:604
DIAG,5,/Users/j.harris/code/cruisin-usa/DIAG.ASM:22,/Users/j.harris/code/cruisin-usa/MEMTEST.ASM:25,/Users/j.harris/code/cruisin-usa/AUDITS.ASM:20
DOITANY4,5,/Users/j.harris/code/cruisin-usa/INTRO.ASM:774,/Users/j.harris/code/cruisin-usa/INTRO.ASM:777,/Users/j.harris/code/cruisin-usa/INTRO.ASM:781
DONELISTS,5,/Users/j.harris/code/cruisin-usa/BACKGRND.ASM:784,/Users/j.harris/code/cruisin-usa/BACKGRND.ASM:799,/Users/j.harris/code/cruisin-usa/BACKGRND.ASM:811
DRONENUM,5,/Users/j.harris/code/cruisin-usa/DRONES.ASM:312,/Users/j.harris/code/cruisin-usa/DRONES.ASM:319,/Users/j.harris/code/cruisin-usa/DRONES.ASM:323
END_OF_GAMEP,5,/Users/j.harris/code/cruisin-usa/INTRO.ASM:34,/Users/j.harris/code/cruisin-usa/INTRO.ASM:939,/Users/j.harris/code/cruisin-usa/PLYR.ASM:621
FBLOOP,5,/Users/j.harris/code/cruisin-usa/FLAME.ASM:252,/Users/j.harris/code/cruisin-usa/FLAME.ASM:257,/Users/j.harris/code/cruisin-usa/SMOKE.ASM:227
FLMSORTX,5,/Users/j.harris/code/cruisin-usa/FLAME.ASM:209,/Users/j.harris/code/cruisin-usa/FLAME.ASM:213,/Users/j.harris/code/cruisin-usa/FLAME.ASM:216
FLYCARPXX,5,/Users/j.harris/code/cruisin-usa/COLLA.ASM:2217,/Users/j.harris/code/cruisin-usa/COLLA.ASM:2351,/Users/j.harris/code/cruisin-usa/COLLA.ASM:2545
FLYCARSLP,5,/Users/j.harris/code/cruisin-usa/COLLA.ASM:2211,/Users/j.harris/code/cruisin-usa/COLLA.ASM:2271,/Users/j.harris/code/cruisin-usa/COLLA.ASM:2274
FLYCSLP,5,/Users/j.harris/code/cruisin-usa/COLLA.ASM:1729,/Users/j.harris/code/cruisin-usa/COLLA.ASM:1741,/Users/j.harris/code/cruisin-usa/COLLA.ASM:1746
FRAMELAG,5,/Users/j.harris/code/cruisin-usa/INTRO.ASM:354,/Users/j.harris/code/cruisin-usa/INTRO.ASM:360,/Users/j.harris/code/cruisin-usa/INTRO.ASM:435
G_HEX,5,/Users/j.harris/code/cruisin-usa/MOTION.ASM:1921,/Users/j.harris/code/cruisin-usa/MOTION.ASM:1989,/Users/j.harris/code/cruisin-usa/MOTION.ASM:1996
GEESE_DONE,5,/Users/j.harris/code/cruisin-usa/ROADKILL.ASM:1059,/Users/j.harris/code/cruisin-usa/ROADKILL.ASM:1070,/Users/j.harris/code/cruisin-usa/ROADKILL.ASM:1080
GETRKL,5,/Users/j.harris/code/cruisin-usa/PLYR.ASM:2540,/Users/j.harris/code/cruisin-usa/CHOPPER.ASM:1646,/Users/j.harris/code/cruisin-usa/CHOPPER.ASM:1658
GSX,5,/Users/j.harris/code/cruisin-usa/MOTION.ASM:1905,/Users/j.harris/code/cruisin-usa/MOTION.ASM:1990,/Users/j.harris/code/cruisin-usa/MOTION.ASM:1997
H2HOBJ,5,/Users/j.harris/code/cruisin-usa/MAP.ASM:20,/Users/j.harris/code/cruisin-usa/COMMDRNE.ASM:24,/Users/j.harris/code/cruisin-usa/BONUS.ASM:23
HEND,5,/Users/j.harris/code/cruisin-usa/BACKGRND.ASM:1668,/Users/j.harris/code/cruisin-usa/BACKGRND.ASM:1677,/Users/j.harris/code/cruisin-usa/CHOPPER.ASM:1597
HIDDEN_ON,5,/Users/j.harris/code/cruisin-usa/COMMQ.ASM:745,/Users/j.harris/code/cruisin-usa/GLOBALS.EQU:633,/Users/j.harris/code/cruisin-usa/TRACKSEL.ASM:378
HIDDEN_VEHICLES_LP,5,/Users/j.harris/code/cruisin-usa/INTRO.ASM:2340,/Users/j.harris/code/cruisin-usa/INTRO.ASM:2363,/Users/j.harris/code/cruisin-usa/INTRO.ASM:2378
HIGHEST_ROADY,5,/Users/j.harris/code/cruisin-usa/INFIN.ASM:34,/Users/j.harris/code/cruisin-usa/INFIN.ASM:50,/Users/j.harris/code/cruisin-usa/INFIN.ASM:144
hotrod_brtblue,5,/Users/j.harris/code/cruisin-usa/WAVE.ASM:939,/Users/j.harris/code/cruisin-usa/WAVE.ASM:954,/Users/j.harris/code/cruisin-usa/WAVE.ASM:963
hotrod_yellow,5,/Users/j.harris/code/cruisin-usa/WAVE.ASM:939,/Users/j.harris/code/cruisin-usa/WAVE.ASM:953,/Users/j.harris/code/cruisin-usa/WAVE.ASM:961
IDLE_LIST,5,/Users/j.harris/code/cruisin-usa/OBJ.ASM:24,/Users/j.harris/code/cruisin-usa/OBJ.ASM:54,/Users/j.harris/code/cruisin-usa/DIRQ.ASM:65
L_LEG11_BEGIN,5,/Users/j.harris/code/cruisin-usa/BONUS.ASM:145,/Users/j.harris/code/cruisin-usa/INTRO.ASM:1287,/Users/j.harris/code/cruisin-usa/SETUPS.ASM:767
L_LEG5_BEGIN,5,/Users/j.harris/code/cruisin-usa/BONUS.ASM:169,/Users/j.harris/code/cruisin-usa/INTRO.ASM:1281,/Users/j.harris/code/cruisin-usa/SETUPS.ASM:479
L_LEG9_BEGIN,5,/Users/j.harris/code/cruisin-usa/BONUS.ASM:153,/Users/j.harris/code/cruisin-usa/INTRO.ASM:1285,/Users/j.harris/code/cruisin-usa/SETUPS.ASM:665
LAST_ZF,5,/Users/j.harris/code/cruisin-usa/MOTION.ASM:1236,/Users/j.harris/code/cruisin-usa/MOTION.ASM:1247,/Users/j.harris/code/cruisin-usa/MOTION.ASM:1253
LASTDIPPLOT,5,/Users/j.harris/code/cruisin-usa/DIAG.ASM:492,/Users/j.harris/code/cruisin-usa/DIAG.ASM:881,/Users/j.harris/code/cruisin-usa/DIAG.ASM:891
LASTSEC,5,/Users/j.harris/code/cruisin-usa/HUD.ASM:342,/Users/j.harris/code/cruisin-usa/HUD.ASM:347,/Users/j.harris/code/cruisin-usa/HUD.ASM:350
LLPPT,5,/Users/j.harris/code/cruisin-usa/ERROR.ASM:228,/Users/j.harris/code/cruisin-usa/ERROR.ASM:231,/Users/j.harris/code/cruisin-usa/ERROR.ASM:301
MNX,5,/Users/j.harris/code/cruisin-usa/MEMTEST.ASM:109,/Users/j.harris/code/cruisin-usa/MEMTEST.ASM:113,/Users/j.harris/code/cruisin-usa/MEMTEST.ASM:116
MNY,5,/Users/j.harris/code/cruisin-usa/MEMTEST.ASM:109,/Users/j.harris/code/cruisin-usa/MEMTEST.ASM:113,/Users/j.harris/code/cruisin-usa/MEMTEST.ASM:116
MP2,5,/Users/j.harris/code/cruisin-usa/DIAG.ASM:2644,/Users/j.harris/code/cruisin-usa/DIAG.ASM:2652,/Users/j.harris/code/cruisin-usa/DIAG.ASM:3587
MSBQ,5,/Users/j.harris/code/cruisin-usa/ROUTS.ASM:276,/Users/j.harris/code/cruisin-usa/ROUTS.ASM:356,/Users/j.harris/code/cruisin-usa/ROUTS.ASM:357
NANAD,5,/Users/j.harris/code/cruisin-usa/INTRO.ASM:2887,/Users/j.harris/code/cruisin-usa/INTRO.ASM:2889,/Users/j.harris/code/cruisin-usa/INTRO.ASM:2898
NO_BOMBS,5,/Users/j.harris/code/cruisin-usa/CHOPPER.ASM:974,/Users/j.harris/code/cruisin-usa/CHOPPER.ASM:980,/Users/j.harris/code/cruisin-usa/CHOPPER.ASM:983
NO_NINTENDO,5,/Users/j.harris/code/cruisin-usa/ATTRACTA.ASM:39,/Users/j.harris/code/cruisin-usa/ATTRACTA.ASM:41,/Users/j.harris/code/cruisin-usa/ATTRACTA.ASM:44
NO_SMOKE,5,/Users/j.harris/code/cruisin-usa/PLYR.ASM:3227,/Users/j.harris/code/cruisin-usa/PLYR.ASM:3229,/Users/j.harris/code/cruisin-usa/SMOKE.ASM:172
NOOVERLAYGROUP,5,/Users/j.harris/code/cruisin-usa/BACKGRND.ASM:887,/Users/j.harris/code/cruisin-usa/BACKGRND.ASM:894,/Users/j.harris/code/cruisin-usa/BACKGRND.ASM:936
NOSL2DIE,5,/Users/j.harris/code/cruisin-usa/SIGMA.ASM:265,/Users/j.harris/code/cruisin-usa/SIGMA.ASM:268,/Users/j.harris/code/cruisin-usa/SIGMA.ASM:271
NOTLINKED,5,/Users/j.harris/code/cruisin-usa/COLLA.ASM:2005,/Users/j.harris/code/cruisin-usa/COLLA.ASM:2010,/Users/j.harris/code/cruisin-usa/RACER.ASM:183
OACTIVE_PRIORITY,5,/Users/j.harris/code/cruisin-usa/OBJ.ASM:25,/Users/j.harris/code/cruisin-usa/OBJ.ASM:55,/Users/j.harris/code/cruisin-usa/DIRQ.ASM:66
OM_BONUS_WAITFLAG,5,/Users/j.harris/code/cruisin-usa/INTRO.ASM:554,/Users/j.harris/code/cruisin-usa/INTRO.ASM:576,/Users/j.harris/code/cruisin-usa/INTRO.ASM:776
OM_BSYNC,5,/Users/j.harris/code/cruisin-usa/INTRO.ASM:2778,/Users/j.harris/code/cruisin-usa/INTRO.ASM:2782,/Users/j.harris/code/cruisin-usa/COMMQ.ASM:57
OM_DIFF,5,/Users/j.harris/code/cruisin-usa/COMMQ.ASM:43,/Users/j.harris/code/cruisin-usa/COMMQ.ASM:481,/Users/j.harris/code/cruisin-usa/GLOBALS.EQU:163
OM_TRACK_HI,5,/Users/j.harris/code/cruisin-usa/COMMQ.ASM:1326,/Users/j.harris/code/cruisin-usa/COMMQ.ASM:1330,/Users/j.harris/code/cruisin-usa/RACER.ASM:50
OM_TRACK_LO,5,/Users/j.harris/code/cruisin-usa/COMMQ.ASM:1318,/Users/j.harris/code/cruisin-usa/COMMQ.ASM:1330,/Users/j.harris/code/cruisin-usa/RACER.ASM:50
PACIFY_COUNT,5,/Users/j.harris/code/cruisin-usa/COMP.ASM:28,/Users/j.harris/code/cruisin-usa/COMP.ASM:216,/Users/j.harris/code/cruisin-usa/COMP.ASM:218
PEDHIT,5,/Users/j.harris/code/cruisin-usa/HSTDP.ASM:285,/Users/j.harris/code/cruisin-usa/HSTDP.ASM:287,/Users/j.harris/code/cruisin-usa/HSTDP.ASM:373
PLAINANI_LP_SLOW,5,/Users/j.harris/code/cruisin-usa/BACKGRND.ASM:1753,/Users/j.harris/code/cruisin-usa/BACKGRND.ASM:1774,/Users/j.harris/code/cruisin-usa/BACKGRND.ASM:1825
PLYRBEHIND,5,/Users/j.harris/code/cruisin-usa/COLLA.ASM:3419,/Users/j.harris/code/cruisin-usa/COLLA.ASM:3423,/Users/j.harris/code/cruisin-usa/COLLA.ASM:3599
press_PALETTES,5,/Users/j.harris/code/cruisin-usa/SETUPS.ASM:80,/Users/j.harris/code/cruisin-usa/ATTRDRNE.ASM:1581,/Users/j.harris/code/cruisin-usa/HSTDP.ASM:172
PSLAST,5,/Users/j.harris/code/cruisin-usa/DIAG.ASM:1987,/Users/j.harris/code/cruisin-usa/DIAG.ASM:2012,/Users/j.harris/code/cruisin-usa/DIAG.ASM:2016
PSRT1NXT,5,/Users/j.harris/code/cruisin-usa/OBJ.ASM:893,/Users/j.harris/code/cruisin-usa/OBJ.ASM:897,/Users/j.harris/code/cruisin-usa/OBJ.ASM:902
QMASK,5,/Users/j.harris/code/cruisin-usa/ROUTS.ASM:277,/Users/j.harris/code/cruisin-usa/ROUTS.ASM:350,/Users/j.harris/code/cruisin-usa/ROUTS.ASM:351
RADIO_HS_SWITCH,5,/Users/j.harris/code/cruisin-usa/HSTDP.ASM:2653,/Users/j.harris/code/cruisin-usa/HSTDP.ASM:2679,/Users/j.harris/code/cruisin-usa/HSTDP.ASM:2993
REAL_CHECKPOINTS,5,/Users/j.harris/code/cruisin-usa/INTRO.ASM:1180,/Users/j.harris/code/cruisin-usa/GLOBALS.EQU:382,/Users/j.harris/code/cruisin-usa/GLOBALS.EQU:494
REPEAT_SW,5,/Users/j.harris/code/cruisin-usa/DIAG.ASM:3077,/Users/j.harris/code/cruisin-usa/DIAG.ASM:3105,/Users/j.harris/code/cruisin-usa/DIAG.ASM:3181
REPEAT_TIME,5,/Users/j.harris/code/cruisin-usa/DIAG.ASM:3078,/Users/j.harris/code/cruisin-usa/DIAG.ASM:3103,/Users/j.harris/code/cruisin-usa/DIAG.ASM:3173
RETSGT,5,/Users/j.harris/code/cruisin-usa/COLLA.ASM:3027,/Users/j.harris/code/cruisin-usa/COLLA.ASM:3041,/Users/j.harris/code/cruisin-usa/PLYR.ASM:2642
ROADKILL_SOUND_TIMER,5,/Users/j.harris/code/cruisin-usa/INTRO.ASM:1187,/Users/j.harris/code/cruisin-usa/GLOBALS.EQU:542,/Users/j.harris/code/cruisin-usa/ROADKILL.ASM:190
ROT3D,5,/Users/j.harris/code/cruisin-usa/DIRQ.ASM:409,/Users/j.harris/code/cruisin-usa/DIRQ.ASM:411,/Users/j.harris/code/cruisin-usa/DIRQ.ASM:414
RS301,5,/Users/j.harris/code/cruisin-usa/COLLA.ASM:552,/Users/j.harris/code/cruisin-usa/COLLA.ASM:558,/Users/j.harris/code/cruisin-usa/COLLA.ASM:568
S,5,/Users/j.harris/code/cruisin-usa/CMOS.ASM:679,/Users/j.harris/code/cruisin-usa/CMOS.ASM:680,/Users/j.harris/code/cruisin-usa/CMOS.ASM:693
SBT_UPDT,5,/Users/j.harris/code/cruisin-usa/DIAG.ASM:1546,/Users/j.harris/code/cruisin-usa/DIAG.ASM:1603,/Users/j.harris/code/cruisin-usa/DIAG.ASM:1605
SMOKE_DIE,5,/Users/j.harris/code/cruisin-usa/DRONES.ASM:1450,/Users/j.harris/code/cruisin-usa/DRONES.ASM:1463,/Users/j.harris/code/cruisin-usa/DRONES.ASM:1474
SPLAT_DONE,5,/Users/j.harris/code/cruisin-usa/ROADKILL.ASM:1239,/Users/j.harris/code/cruisin-usa/ROADKILL.ASM:1266,/Users/j.harris/code/cruisin-usa/ROADKILL.ASM:1282
ST_OBJECTS,5,/Users/j.harris/code/cruisin-usa/DIRQ.ASM:163,/Users/j.harris/code/cruisin-usa/DIRQ.ASM:237,/Users/j.harris/code/cruisin-usa/DIRQ.ASM:239
STATION_TIMEOUT,5,/Users/j.harris/code/cruisin-usa/SND.ASM:60,/Users/j.harris/code/cruisin-usa/SND.ASM:83,/Users/j.harris/code/cruisin-usa/SND.ASM:85
STEERFR,5,/Users/j.harris/code/cruisin-usa/INTRO.ASM:2641,/Users/j.harris/code/cruisin-usa/PLYR.ASM:2354,/Users/j.harris/code/cruisin-usa/PLYR.ASM:3489
STEERMX,5,/Users/j.harris/code/cruisin-usa/PLYR.ASM:3485,/Users/j.harris/code/cruisin-usa/PLYR.ASM:3513,/Users/j.harris/code/cruisin-usa/GLOBALS.EQU:509
TEASE_COUNT,5,/Users/j.harris/code/cruisin-usa/INTRO.ASM:3144,/Users/j.harris/code/cruisin-usa/INTRO.ASM:3148,/Users/j.harris/code/cruisin-usa/GLOBALS.EQU:680
testor_blue,5,/Users/j.harris/code/cruisin-usa/WAVE.ASM:936,/Users/j.harris/code/cruisin-usa/WAVE.ASM:954,/Users/j.harris/code/cruisin-usa/WAVE.ASM:988
testor_grape,5,/Users/j.harris/code/cruisin-usa/WAVE.ASM:936,/Users/j.harris/code/cruisin-usa/WAVE.ASM:953,/Users/j.harris/code/cruisin-usa/WAVE.ASM:990
TEXT_FREEZE,5,/Users/j.harris/code/cruisin-usa/HEADS.ASM:301,/Users/j.harris/code/cruisin-usa/HEADS.ASM:304,/Users/j.harris/code/cruisin-usa/TEXT.ASM:23
VL,5,/Users/j.harris/code/cruisin-usa/COLLA.ASM:35,/Users/j.harris/code/cruisin-usa/COLLA.ASM:36,/Users/j.harris/code/cruisin-usa/COLLA.ASM:958
VLINLP,5,/Users/j.harris/code/cruisin-usa/COLLA.ASM:876,/Users/j.harris/code/cruisin-usa/COLLA.ASM:909,/Users/j.harris/code/cruisin-usa/COLLA.ASM:919
VT,5,/Users/j.harris/code/cruisin-usa/DIRQ.ASM:443,/Users/j.harris/code/cruisin-usa/DIRQ.ASM:459,/Users/j.harris/code/cruisin-usa/DIRQ.ASM:484
WHEELVEL,5,/Users/j.harris/code/cruisin-usa/WHEEL.ASM:25,/Users/j.harris/code/cruisin-usa/WHEEL.ASM:109,/Users/j.harris/code/cruisin-usa/WHEEL.ASM:113
ZOOMDD,5,/Users/j.harris/code/cruisin-usa/PLYR.ASM:38,/Users/j.harris/code/cruisin-usa/PLYR.ASM:577,/Users/j.harris/code/cruisin-usa/PLYR.ASM:2460
ZOOMHD,5,/Users/j.harris/code/cruisin-usa/PLYR.ASM:41,/Users/j.harris/code/cruisin-usa/PLYR.ASM:578,/Users/j.harris/code/cruisin-usa/PLYR.ASM:2461
_color,4,/Users/j.harris/code/cruisin-usa/LINE.ASM:28,/Users/j.harris/code/cruisin-usa/LINE.ASM:35,/Users/j.harris/code/cruisin-usa/LINE.ASM:101
_font1,4,/Users/j.harris/code/cruisin-usa/FONT1A.ASM:21,/Users/j.harris/code/cruisin-usa/FONT1A.ASM:30,/Users/j.harris/code/cruisin-usa/FONT.ASM:11
_onebut,4,/Users/j.harris/code/cruisin-usa/DIAG.ASM:491,/Users/j.harris/code/cruisin-usa/DIAG.ASM:687,/Users/j.harris/code/cruisin-usa/DIAG.ASM:692
_opot0,4,/Users/j.harris/code/cruisin-usa/DIAG.ASM:480,/Users/j.harris/code/cruisin-usa/DIAG.ASM:488,/Users/j.harris/code/cruisin-usa/DIAG.ASM:812
_opot1,4,/Users/j.harris/code/cruisin-usa/DIAG.ASM:481,/Users/j.harris/code/cruisin-usa/DIAG.ASM:489,/Users/j.harris/code/cruisin-usa/DIAG.ASM:830
_opot2,4,/Users/j.harris/code/cruisin-usa/DIAG.ASM:482,/Users/j.harris/code/cruisin-usa/DIAG.ASM:490,/Users/j.harris/code/cruisin-usa/DIAG.ASM:848
_SECdc_shared,4,/Users/j.harris/code/cruisin-usa/HOTTUB.ASM:94,/Users/j.harris/code/cruisin-usa/HOTTUB.ASM:102,/Users/j.harris/code/cruisin-usa/SETUPS.ASM:237
_SECggate,4,/Users/j.harris/code/cruisin-usa/SETUPS.ASM:114,/Users/j.harris/code/cruisin-usa/SETUPS.ASM:122,/Users/j.harris/code/cruisin-usa/SETUPS.ASM:264
_SECmwest,4,/Users/j.harris/code/cruisin-usa/SETUPS.ASM:186,/Users/j.harris/code/cruisin-usa/SETUPS.ASM:209,/Users/j.harris/code/cruisin-usa/SETUPS.ASM:698
_SECpress,4,/Users/j.harris/code/cruisin-usa/HSTDP.ASM:185,/Users/j.harris/code/cruisin-usa/WAVE.ASM:250,/Users/j.harris/code/cruisin-usa/WAVE.ASM:296
_SECthetrains,4,/Users/j.harris/code/cruisin-usa/SETUPS.ASM:158,/Users/j.harris/code/cruisin-usa/SETUPS.ASM:192,/Users/j.harris/code/cruisin-usa/SETUPS.ASM:536
_timer,4,/Users/j.harris/code/cruisin-usa/INTRO.ASM:3359,/Users/j.harris/code/cruisin-usa/INTRO.ASM:3361,/Users/j.harris/code/cruisin-usa/GLOBALS.EQU:403
_x1,4,/Users/j.harris/code/cruisin-usa/LINE.ASM:24,/Users/j.harris/code/cruisin-usa/LINE.ASM:36,/Users/j.harris/code/cruisin-usa/LINE.ASM:97
_x2,4,/Users/j.harris/code/cruisin-usa/LINE.ASM:26,/Users/j.harris/code/cruisin-usa/LINE.ASM:37,/Users/j.harris/code/cruisin-usa/LINE.ASM:99
_y1,4,/Users/j.harris/code/cruisin-usa/LINE.ASM:25,/Users/j.harris/code/cruisin-usa/LINE.ASM:34,/Users/j.harris/code/cruisin-usa/LINE.ASM:98
_y2,4,/Users/j.harris/code/cruisin-usa/LINE.ASM:27,/Users/j.harris/code/cruisin-usa/LINE.ASM:33,/Users/j.harris/code/cruisin-usa/LINE.ASM:100
ABORT_QUERY,4,/Users/j.harris/code/cruisin-usa/MOTION.ASM:854,/Users/j.harris/code/cruisin-usa/MOTION.ASM:856,/Users/j.harris/code/cruisin-usa/MOTION.ASM:860
ASCERR,4,/Users/j.harris/code/cruisin-usa/MOTION.ASM:2054,/Users/j.harris/code/cruisin-usa/MOTION.ASM:2057,/Users/j.harris/code/cruisin-usa/MOTION.ASM:2062
AUDITI,4,/Users/j.harris/code/cruisin-usa/AUDITS.ASM:32,/Users/j.harris/code/cruisin-usa/AUDITS.ASM:33,/Users/j.harris/code/cruisin-usa/AUDITS.ASM:50
BACKCKX,4,/Users/j.harris/code/cruisin-usa/PLYR.ASM:2559,/Users/j.harris/code/cruisin-usa/PLYR.ASM:2563,/Users/j.harris/code/cruisin-usa/PLYR.ASM:2572
BASICS_RAM,4,/Users/j.harris/code/cruisin-usa/MEMTEST.ASM:231,/Users/j.harris/code/cruisin-usa/MEMTEST.ASM:735,/Users/j.harris/code/cruisin-usa/MEMTEST.ASM:737
BELGIUM1,4,/Users/j.harris/code/cruisin-usa/COINTAB.ASM:1250,/Users/j.harris/code/cruisin-usa/COINTAB.ASM:1535,/Users/j.harris/code/cruisin-usa/COINTAB.ASM:1588
BIT,4,/Users/j.harris/code/cruisin-usa/MACS.EQU:68,/Users/j.harris/code/cruisin-usa/MACS.EQU:70,/Users/j.harris/code/cruisin-usa/MACS.EQU:74
BONUS14,4,/Users/j.harris/code/cruisin-usa/BONUS.ASM:122,/Users/j.harris/code/cruisin-usa/BONUS.ASM:130,/Users/j.harris/code/cruisin-usa/GLOBALS.EQU:76
BREAK,4,/Users/j.harris/code/cruisin-usa/MACS.EQU:327,/Users/j.harris/code/cruisin-usa/MACS.EQU:335,/Users/j.harris/code/cruisin-usa/MACS.EQU:348
BSPLP,4,/Users/j.harris/code/cruisin-usa/ROADKILL.ASM:1181,/Users/j.harris/code/cruisin-usa/ROADKILL.ASM:1184,/Users/j.harris/code/cruisin-usa/ROADKILL.ASM:1188
btomwt_gtmp_p,4,/Users/j.harris/code/cruisin-usa/SETUPS.ASM:714,/Users/j.harris/code/cruisin-usa/SETUPS.ASM:786,/Users/j.harris/code/cruisin-usa/SETUPS.ASM:842
buffer,4,/Users/j.harris/code/cruisin-usa/DIAG.ASM:477,/Users/j.harris/code/cruisin-usa/DIAG.ASM:478,/Users/j.harris/code/cruisin-usa/COIN.ASM:656
BUSTUP,4,/Users/j.harris/code/cruisin-usa/DIRQ.ASM:1680,/Users/j.harris/code/cruisin-usa/DIRQ.ASM:1796,/Users/j.harris/code/cruisin-usa/DIRQ.ASM:1802
BUTTON_TIK,4,/Users/j.harris/code/cruisin-usa/CUSA.ASM:2067,/Users/j.harris/code/cruisin-usa/CUSA.ASM:2073,/Users/j.harris/code/cruisin-usa/CUSA.ASM:2076
CALLEQ,4,/Users/j.harris/code/cruisin-usa/INFIN.ASM:191,/Users/j.harris/code/cruisin-usa/ROADKILL.ASM:66,/Users/j.harris/code/cruisin-usa/HSTDP.ASM:570
CAM1XX,4,/Users/j.harris/code/cruisin-usa/PLYR.ASM:1303,/Users/j.harris/code/cruisin-usa/PLYR.ASM:1307,/Users/j.harris/code/cruisin-usa/PLYR.ASM:1311
CAMOK,4,/Users/j.harris/code/cruisin-usa/PLYR.ASM:932,/Users/j.harris/code/cruisin-usa/PLYR.ASM:954,/Users/j.harris/code/cruisin-usa/PLYR.ASM:963
CANADA1,4,/Users/j.harris/code/cruisin-usa/COINTAB.ASM:793,/Users/j.harris/code/cruisin-usa/COINTAB.ASM:1526,/Users/j.harris/code/cruisin-usa/COINTAB.ASM:1579
CANWT,4,/Users/j.harris/code/cruisin-usa/INTRO.ASM:3509,/Users/j.harris/code/cruisin-usa/INTRO.ASM:3541,/Users/j.harris/code/cruisin-usa/INTRO.ASM:3545
CAR1PAL,4,/Users/j.harris/code/cruisin-usa/INTRO.ASM:2034,/Users/j.harris/code/cruisin-usa/INTRO.ASM:2043,/Users/j.harris/code/cruisin-usa/INTRO.ASM:2061
CAR2PAL,4,/Users/j.harris/code/cruisin-usa/INTRO.ASM:2035,/Users/j.harris/code/cruisin-usa/INTRO.ASM:2043,/Users/j.harris/code/cruisin-usa/INTRO.ASM:2066
CAR3PAL,4,/Users/j.harris/code/cruisin-usa/INTRO.ASM:2036,/Users/j.harris/code/cruisin-usa/INTRO.ASM:2043,/Users/j.harris/code/cruisin-usa/INTRO.ASM:2071
CAR4PAL,4,/Users/j.harris/code/cruisin-usa/INTRO.ASM:2037,/Users/j.harris/code/cruisin-usa/INTRO.ASM:2043,/Users/j.harris/code/cruisin-usa/INTRO.ASM:2076
CARPROCL,4,/Users/j.harris/code/cruisin-usa/UTIL.ASM:736,/Users/j.harris/code/cruisin-usa/UTIL.ASM:841,/Users/j.harris/code/cruisin-usa/DELTA.ASM:233
CDTOP,4,/Users/j.harris/code/cruisin-usa/UTIL.ASM:792,/Users/j.harris/code/cruisin-usa/UTIL.ASM:830,/Users/j.harris/code/cruisin-usa/DELTA.ASM:262
CHEATACC,4,/Users/j.harris/code/cruisin-usa/PLYR.ASM:59,/Users/j.harris/code/cruisin-usa/PLYR.ASM:612,/Users/j.harris/code/cruisin-usa/PLYR.ASM:1120
CHIPTEST_TABLE,4,/Users/j.harris/code/cruisin-usa/MEMTEST.ASM:130,/Users/j.harris/code/cruisin-usa/MEMTEST.ASM:131,/Users/j.harris/code/cruisin-usa/MEMTEST.ASM:739
CKBOUNCE,4,/Users/j.harris/code/cruisin-usa/COLLA.ASM:3552,/Users/j.harris/code/cruisin-usa/COLLA.ASM:3562,/Users/j.harris/code/cruisin-usa/COLLA.ASM:3578
COLDISP0,4,/Users/j.harris/code/cruisin-usa/COLLA.ASM:3116,/Users/j.harris/code/cruisin-usa/COLLA.ASM:3134,/Users/j.harris/code/cruisin-usa/COLLA.ASM:3142
COMM_SLAVE_ERROR_CNT,4,/Users/j.harris/code/cruisin-usa/COMM.ASM:30,/Users/j.harris/code/cruisin-usa/COMM.ASM:37,/Users/j.harris/code/cruisin-usa/COMM.ASM:1174
COMM_SLAVE_TRANSES,4,/Users/j.harris/code/cruisin-usa/COMM.ASM:31,/Users/j.harris/code/cruisin-usa/COMM.ASM:38,/Users/j.harris/code/cruisin-usa/COMM.ASM:1136
COMMQ_TMP_BUFF,4,/Users/j.harris/code/cruisin-usa/COMM.EQU:131,/Users/j.harris/code/cruisin-usa/COMMQ.ASM:27,/Users/j.harris/code/cruisin-usa/COMMQ.ASM:63
CONTINUE,4,/Users/j.harris/code/cruisin-usa/BONUS.ASM:517,/Users/j.harris/code/cruisin-usa/BONUS.ASM:520,/Users/j.harris/code/cruisin-usa/INTRO.ASM:927
crace_PALETTES,4,/Users/j.harris/code/cruisin-usa/INTRO.ASM:1339,/Users/j.harris/code/cruisin-usa/SETUPS.ASM:82,/Users/j.harris/code/cruisin-usa/TRACKSEL.ASM:75
CSPLP,4,/Users/j.harris/code/cruisin-usa/ROADKILL.ASM:411,/Users/j.harris/code/cruisin-usa/ROADKILL.ASM:416,/Users/j.harris/code/cruisin-usa/ROADKILL.ASM:421
CTTP,4,/Users/j.harris/code/cruisin-usa/MEMTEST.ASM:109,/Users/j.harris/code/cruisin-usa/MEMTEST.ASM:113,/Users/j.harris/code/cruisin-usa/MEMTEST.ASM:116
CURR_FLAGSTATE,4,/Users/j.harris/code/cruisin-usa/INTRO.ASM:2729,/Users/j.harris/code/cruisin-usa/INTRO.ASM:2772,/Users/j.harris/code/cruisin-usa/INTRO.ASM:2804
DBG_LEGCNT,4,/Users/j.harris/code/cruisin-usa/LEG.ASM:113,/Users/j.harris/code/cruisin-usa/LEG.ASM:114,/Users/j.harris/code/cruisin-usa/LEG.ASM:130
dc_shared_PALETTES,4,/Users/j.harris/code/cruisin-usa/HOTTUB.ASM:81,/Users/j.harris/code/cruisin-usa/BONUS.ASM:1067,/Users/j.harris/code/cruisin-usa/SETUPS.ASM:71
DCMX,4,/Users/j.harris/code/cruisin-usa/COMMQ.ASM:495,/Users/j.harris/code/cruisin-usa/COMMQ.ASM:517,/Users/j.harris/code/cruisin-usa/COMMQ.ASM:524
DECODE_FLY_KILL,4,/Users/j.harris/code/cruisin-usa/COLLA.ASM:2656,/Users/j.harris/code/cruisin-usa/COLLA.ASM:2771,/Users/j.harris/code/cruisin-usa/COMMQ.ASM:185
DECODE_FLY_XSFER,4,/Users/j.harris/code/cruisin-usa/COLLA.ASM:2710,/Users/j.harris/code/cruisin-usa/COLLA.ASM:2771,/Users/j.harris/code/cruisin-usa/COMMQ.ASM:186
DECRKX,4,/Users/j.harris/code/cruisin-usa/COMMQ.ASM:1292,/Users/j.harris/code/cruisin-usa/COMMQ.ASM:1294,/Users/j.harris/code/cruisin-usa/COMMQ.ASM:1299
DELOBJX,4,/Users/j.harris/code/cruisin-usa/OBJ.ASM:619,/Users/j.harris/code/cruisin-usa/OBJ.ASM:638,/Users/j.harris/code/cruisin-usa/BONUS.ASM:413
DIAGVALUE,4,/Users/j.harris/code/cruisin-usa/COMMQ.ASM:1453,/Users/j.harris/code/cruisin-usa/COMMQ.ASM:1468,/Users/j.harris/code/cruisin-usa/COMMQ.ASM:1480
DISPLAY_PAGE,4,/Users/j.harris/code/cruisin-usa/GLOBALS.EQU:242,/Users/j.harris/code/cruisin-usa/CUSA.ASM:146,/Users/j.harris/code/cruisin-usa/CUSA.ASM:770
dnums_p,4,/Users/j.harris/code/cruisin-usa/TEXT.ASM:136,/Users/j.harris/code/cruisin-usa/TEXT.ASM:152,/Users/j.harris/code/cruisin-usa/TEXT.ASM:173
DOITR,4,/Users/j.harris/code/cruisin-usa/DRONES.ASM:421,/Users/j.harris/code/cruisin-usa/DRONES.ASM:428,/Users/j.harris/code/cruisin-usa/DRONES.ASM:434
DONTDO,4,/Users/j.harris/code/cruisin-usa/MACS.EQU:646,/Users/j.harris/code/cruisin-usa/MACS.EQU:654,/Users/j.harris/code/cruisin-usa/MACS.EQU:667
DRKX,4,/Users/j.harris/code/cruisin-usa/COLLA.ASM:2659,/Users/j.harris/code/cruisin-usa/COLLA.ASM:2664,/Users/j.harris/code/cruisin-usa/RHO.ASM:916
DRONEPT1,4,/Users/j.harris/code/cruisin-usa/COLLA.ASM:1169,/Users/j.harris/code/cruisin-usa/COLLA.ASM:1172,/Users/j.harris/code/cruisin-usa/COLLA.ASM:1176
DRONESPIN,4,/Users/j.harris/code/cruisin-usa/COLLA.ASM:3537,/Users/j.harris/code/cruisin-usa/COLLA.ASM:3647,/Users/j.harris/code/cruisin-usa/PLYR.ASM:1845
DROPCOCOKILL,4,/Users/j.harris/code/cruisin-usa/DRONES.ASM:1594,/Users/j.harris/code/cruisin-usa/DRONES.ASM:1597,/Users/j.harris/code/cruisin-usa/DRONES.ASM:1685
DSDONE,4,/Users/j.harris/code/cruisin-usa/OBJ.ASM:1081,/Users/j.harris/code/cruisin-usa/OBJ.ASM:1091,/Users/j.harris/code/cruisin-usa/OBJ.ASM:1101
DSORTL,4,/Users/j.harris/code/cruisin-usa/OBJ.ASM:955,/Users/j.harris/code/cruisin-usa/OBJ.ASM:969,/Users/j.harris/code/cruisin-usa/ROADBLCK.ASM:152
DSPLP,4,/Users/j.harris/code/cruisin-usa/ROADKILL.ASM:496,/Users/j.harris/code/cruisin-usa/ROADKILL.ASM:501,/Users/j.harris/code/cruisin-usa/ROADKILL.ASM:506
else,4,/Users/j.harris/code/cruisin-usa/MEMTEST.ASM:1137,/Users/j.harris/code/cruisin-usa/COLLA.ASM:1943,/Users/j.harris/code/cruisin-usa/PLYR.ASM:76
endfunc,4,/Users/j.harris/code/cruisin-usa/LINE.ASM:80,/Users/j.harris/code/cruisin-usa/LINE.ASM:364,/Users/j.harris/code/cruisin-usa/HPMATH.ASM:80
ENDIT,4,/Users/j.harris/code/cruisin-usa/MACS.EQU:84,/Users/j.harris/code/cruisin-usa/MACS.EQU:92,/Users/j.harris/code/cruisin-usa/LEG.ASM:190
ENDLOOP,4,/Users/j.harris/code/cruisin-usa/MACS.EQU:329,/Users/j.harris/code/cruisin-usa/MACS.EQU:337,/Users/j.harris/code/cruisin-usa/MACS.EQU:350
ENDTHROB,4,/Users/j.harris/code/cruisin-usa/INTRO.ASM:311,/Users/j.harris/code/cruisin-usa/INTRO.ASM:325,/Users/j.harris/code/cruisin-usa/INTRO.ASM:336
ENGVOL,4,/Users/j.harris/code/cruisin-usa/PLYR.ASM:309,/Users/j.harris/code/cruisin-usa/PLYR.ASM:1471,/Users/j.harris/code/cruisin-usa/PLYR.ASM:1558
ENTER2,4,/Users/j.harris/code/cruisin-usa/HUD.ASM:666,/Users/j.harris/code/cruisin-usa/HUD.ASM:684,/Users/j.harris/code/cruisin-usa/CUSA.ASM:518
FCR1,4,/Users/j.harris/code/cruisin-usa/ATTRDRNE.ASM:1016,/Users/j.harris/code/cruisin-usa/ATTRDRNE.ASM:1023,/Users/j.harris/code/cruisin-usa/ATTRDRNE.ASM:1037
FDLX,4,/Users/j.harris/code/cruisin-usa/ATTRDRNE.ASM:1066,/Users/j.harris/code/cruisin-usa/ATTRDRNE.ASM:1070,/Users/j.harris/code/cruisin-usa/RACER.ASM:1232
FFRSUB,4,/Users/j.harris/code/cruisin-usa/DIAG.ASM:2454,/Users/j.harris/code/cruisin-usa/DIAG.ASM:2455,/Users/j.harris/code/cruisin-usa/CUSA.ASM:2147
FFX,4,/Users/j.harris/code/cruisin-usa/ATTRDRNE.ASM:1210,/Users/j.harris/code/cruisin-usa/ATTRDRNE.ASM:1213,/Users/j.harris/code/cruisin-usa/ATTRDRNE.ASM:1219
FINDLP,4,/Users/j.harris/code/cruisin-usa/ROADKILL.ASM:61,/Users/j.harris/code/cruisin-usa/ROADKILL.ASM:68,/Users/j.harris/code/cruisin-usa/MPROC.ASM:572
FINISHNUM,4,/Users/j.harris/code/cruisin-usa/RACER.ASM:45,/Users/j.harris/code/cruisin-usa/RACER.ASM:171,/Users/j.harris/code/cruisin-usa/RACER.ASM:562
FKABOSH,4,/Users/j.harris/code/cruisin-usa/INTRO.ASM:247,/Users/j.harris/code/cruisin-usa/INTRO.ASM:249,/Users/j.harris/code/cruisin-usa/INTRO.ASM:251
FLASH_LP,4,/Users/j.harris/code/cruisin-usa/HSTDP.ASM:2842,/Users/j.harris/code/cruisin-usa/HSTDP.ASM:2846,/Users/j.harris/code/cruisin-usa/CUSA.ASM:2101
FLYCAR1,4,/Users/j.harris/code/cruisin-usa/COLLA.ASM:2027,/Users/j.harris/code/cruisin-usa/COLLA.ASM:2030,/Users/j.harris/code/cruisin-usa/COLLA.ASM:2038
FLYCARPXXX,4,/Users/j.harris/code/cruisin-usa/COLLA.ASM:2263,/Users/j.harris/code/cruisin-usa/COLLA.ASM:2572,/Users/j.harris/code/cruisin-usa/COLLA.ASM:2577
FLYCARSLPA,4,/Users/j.harris/code/cruisin-usa/RROAD.ASM:625,/Users/j.harris/code/cruisin-usa/RROAD.ASM:628,/Users/j.harris/code/cruisin-usa/RROAD.ASM:634
FLYCARSTOP,4,/Users/j.harris/code/cruisin-usa/COLLA.ASM:2341,/Users/j.harris/code/cruisin-usa/COLLA.ASM:2511,/Users/j.harris/code/cruisin-usa/COLLA.ASM:2564
FLYCSTP0,4,/Users/j.harris/code/cruisin-usa/COLLA.ASM:2426,/Users/j.harris/code/cruisin-usa/COLLA.ASM:2434,/Users/j.harris/code/cruisin-usa/COLLA.ASM:2446
FLYCSTP0A,4,/Users/j.harris/code/cruisin-usa/RROAD.ASM:746,/Users/j.harris/code/cruisin-usa/RROAD.ASM:754,/Users/j.harris/code/cruisin-usa/RROAD.ASM:766
FONTUSED,4,/Users/j.harris/code/cruisin-usa/HEADS.ASM:243,/Users/j.harris/code/cruisin-usa/HEADS.ASM:267,/Users/j.harris/code/cruisin-usa/HEADS.ASM:444
FREEDR_X,4,/Users/j.harris/code/cruisin-usa/DRONES.ASM:992,/Users/j.harris/code/cruisin-usa/DRONES.ASM:1006,/Users/j.harris/code/cruisin-usa/ROADBLCK.ASM:120
FTSLX,4,/Users/j.harris/code/cruisin-usa/TRACKSEL.ASM:920,/Users/j.harris/code/cruisin-usa/TRACKSEL.ASM:1027,/Users/j.harris/code/cruisin-usa/TRANS.ASM:840
func,4,/Users/j.harris/code/cruisin-usa/LINE.ASM:14,/Users/j.harris/code/cruisin-usa/LINE.ASM:85,/Users/j.harris/code/cruisin-usa/HPMATH.ASM:14
GETRKX,4,/Users/j.harris/code/cruisin-usa/PLYR.ASM:2519,/Users/j.harris/code/cruisin-usa/PLYR.ASM:2550,/Users/j.harris/code/cruisin-usa/CHOPPER.ASM:1633
GETSK1,4,/Users/j.harris/code/cruisin-usa/PLYR.ASM:1654,/Users/j.harris/code/cruisin-usa/PLYR.ASM:1659,/Users/j.harris/code/cruisin-usa/PLYR.ASM:1661
GETSPD2,4,/Users/j.harris/code/cruisin-usa/PLYR.ASM:1962,/Users/j.harris/code/cruisin-usa/PLYR.ASM:1971,/Users/j.harris/code/cruisin-usa/PLYR.ASM:2126
ggate_PALETTES,4,/Users/j.harris/code/cruisin-usa/SETUPS.ASM:45,/Users/j.harris/code/cruisin-usa/SETUPS.ASM:278,/Users/j.harris/code/cruisin-usa/SETUPS.ASM:304
GODISP,4,/Users/j.harris/code/cruisin-usa/DRONES.ASM:461,/Users/j.harris/code/cruisin-usa/DRONES.ASM:465,/Users/j.harris/code/cruisin-usa/DRONES.ASM:469
GUWP,4,/Users/j.harris/code/cruisin-usa/TRANS.ASM:109,/Users/j.harris/code/cruisin-usa/TRANS.ASM:750,/Users/j.harris/code/cruisin-usa/TRANS.ASM:753
H,4,/Users/j.harris/code/cruisin-usa/DIAG.EQU:112,/Users/j.harris/code/cruisin-usa/DIAG.EQU:116,/Users/j.harris/code/cruisin-usa/DIAG.EQU:318
HI_STEALTH,4,/Users/j.harris/code/cruisin-usa/RACER.ASM:373,/Users/j.harris/code/cruisin-usa/RACER.ASM:410,/Users/j.harris/code/cruisin-usa/RACER.ASM:650
HMER,4,/Users/j.harris/code/cruisin-usa/DIAG.ASM:284,/Users/j.harris/code/cruisin-usa/DIAG.ASM:1280,/Users/j.harris/code/cruisin-usa/DIAG.ASM:1446
HOLDTOSLEEP,4,/Users/j.harris/code/cruisin-usa/DRONES.ASM:1642,/Users/j.harris/code/cruisin-usa/DRONES.ASM:1659,/Users/j.harris/code/cruisin-usa/DRONES.ASM:1683
i,4,/Users/j.harris/code/cruisin-usa/MACS.EQU:308,/Users/j.harris/code/cruisin-usa/MACS.EQU:310,/Users/j.harris/code/cruisin-usa/MACS.EQU:641
IBO2,4,/Users/j.harris/code/cruisin-usa/HOTTUB.ASM:805,/Users/j.harris/code/cruisin-usa/HOTTUB.ASM:808,/Users/j.harris/code/cruisin-usa/TEXT.ASM:536
iffl,4,/Users/j.harris/code/cruisin-usa/MACS.EQU:547,/Users/j.harris/code/cruisin-usa/MACS.EQU:549,/Users/j.harris/code/cruisin-usa/MACS.EQU:555
ILLUM_PLOTPOLYLP,4,/Users/j.harris/code/cruisin-usa/DIRQ.ASM:2702,/Users/j.harris/code/cruisin-usa/DIRQ.ASM:2817,/Users/j.harris/code/cruisin-usa/DIRQ.ASM:2823
INIT_SPARKX,4,/Users/j.harris/code/cruisin-usa/SMOKE.ASM:389,/Users/j.harris/code/cruisin-usa/SMOKE.ASM:392,/Users/j.harris/code/cruisin-usa/SMOKE.ASM:396
IS_T1,4,/Users/j.harris/code/cruisin-usa/BACKGRND.ASM:1657,/Users/j.harris/code/cruisin-usa/BACKGRND.ASM:1664,/Users/j.harris/code/cruisin-usa/CHOPPER.ASM:1573
IS_T2,4,/Users/j.harris/code/cruisin-usa/BACKGRND.ASM:1659,/Users/j.harris/code/cruisin-usa/BACKGRND.ASM:1672,/Users/j.harris/code/cruisin-usa/CHOPPER.ASM:1575
ISBEHIND,4,/Users/j.harris/code/cruisin-usa/MAP.ASM:1471,/Users/j.harris/code/cruisin-usa/MAP.ASM:1491,/Users/j.harris/code/cruisin-usa/DRONES.ASM:1782
ISCANNXT,4,/Users/j.harris/code/cruisin-usa/OBJ.ASM:1194,/Users/j.harris/code/cruisin-usa/OBJ.ASM:1209,/Users/j.harris/code/cruisin-usa/OBJ.ASM:1217
ISMEMBER,4,/Users/j.harris/code/cruisin-usa/MACS.EQU:327,/Users/j.harris/code/cruisin-usa/MACS.EQU:335,/Users/j.harris/code/cruisin-usa/MACS.EQU:348
ISOVER,4,/Users/j.harris/code/cruisin-usa/BACKGRND.ASM:657,/Users/j.harris/code/cruisin-usa/BACKGRND.ASM:659,/Users/j.harris/code/cruisin-usa/LEG.ASM:406
ISZERO,4,/Users/j.harris/code/cruisin-usa/BACKGRND.ASM:1070,/Users/j.harris/code/cruisin-usa/BACKGRND.ASM:1073,/Users/j.harris/code/cruisin-usa/FONT1A.ASM:125
IT,4,/Users/j.harris/code/cruisin-usa/MACS.EQU:494,/Users/j.harris/code/cruisin-usa/MACS.EQU:498,/Users/j.harris/code/cruisin-usa/MACS.EQU:506
ITALY1,4,/Users/j.harris/code/cruisin-usa/COINTAB.ASM:879,/Users/j.harris/code/cruisin-usa/COINTAB.ASM:1528,/Users/j.harris/code/cruisin-usa/COINTAB.ASM:1581
JAPAN1,4,/Users/j.harris/code/cruisin-usa/COINTAB.ASM:1107,/Users/j.harris/code/cruisin-usa/COINTAB.ASM:1532,/Users/j.harris/code/cruisin-usa/COINTAB.ASM:1585
JG,4,/Users/j.harris/code/cruisin-usa/MOTION.ASM:439,/Users/j.harris/code/cruisin-usa/MOTION.ASM:2286,/Users/j.harris/code/cruisin-usa/MOTION.ASM:2290
JJ88,4,/Users/j.harris/code/cruisin-usa/CUSA.ASM:798,/Users/j.harris/code/cruisin-usa/CUSA.ASM:801,/Users/j.harris/code/cruisin-usa/CUSA.ASM:805
JUSTGOON,4,/Users/j.harris/code/cruisin-usa/INTRO.ASM:3493,/Users/j.harris/code/cruisin-usa/INTRO.ASM:3505,/Users/j.harris/code/cruisin-usa/CUSA.ASM:1439
l1,4,/Users/j.harris/code/cruisin-usa/MACS.EQU:282,/Users/j.harris/code/cruisin-usa/MACS.EQU:285,/Users/j.harris/code/cruisin-usa/VANTAB.INC:32
l4,4,/Users/j.harris/code/cruisin-usa/MACS.EQU:282,/Users/j.harris/code/cruisin-usa/MACS.EQU:283,/Users/j.harris/code/cruisin-usa/VANTAB.INC:46
L894,4,/Users/j.harris/code/cruisin-usa/MAP.ASM:865,/Users/j.harris/code/cruisin-usa/MAP.ASM:940,/Users/j.harris/code/cruisin-usa/TRANS.ASM:1235
L894D,4,/Users/j.harris/code/cruisin-usa/MAP.ASM:971,/Users/j.harris/code/cruisin-usa/MAP.ASM:1046,/Users/j.harris/code/cruisin-usa/TRANS.ASM:1364
L99,4,/Users/j.harris/code/cruisin-usa/SIGMA.ASM:437,/Users/j.harris/code/cruisin-usa/SIGMA.ASM:451,/Users/j.harris/code/cruisin-usa/RHO.ASM:583
LAST_END_CACHE,4,/Users/j.harris/code/cruisin-usa/LEG.ASM:64,/Users/j.harris/code/cruisin-usa/LEG.ASM:85,/Users/j.harris/code/cruisin-usa/LEG.ASM:223
LAST_END_INDEX,4,/Users/j.harris/code/cruisin-usa/LEG.ASM:65,/Users/j.harris/code/cruisin-usa/LEG.ASM:83,/Users/j.harris/code/cruisin-usa/LEG.ASM:224
LAST_XL,4,/Users/j.harris/code/cruisin-usa/MOTION.ASM:1237,/Users/j.harris/code/cruisin-usa/MOTION.ASM:1304,/Users/j.harris/code/cruisin-usa/MOTION.ASM:1310
LAST_YR,4,/Users/j.harris/code/cruisin-usa/MOTION.ASM:1238,/Users/j.harris/code/cruisin-usa/MOTION.ASM:1275,/Users/j.harris/code/cruisin-usa/MOTION.ASM:1281
LASTSHIFT,4,/Users/j.harris/code/cruisin-usa/DIAG.ASM:493,/Users/j.harris/code/cruisin-usa/DIAG.ASM:752,/Users/j.harris/code/cruisin-usa/DIAG.ASM:756
LATCHED_ERROR,4,/Users/j.harris/code/cruisin-usa/MOTION.ASM:403,/Users/j.harris/code/cruisin-usa/MOTION.ASM:1816,/Users/j.harris/code/cruisin-usa/MOTION.ASM:1819
LEGFREE,4,/Users/j.harris/code/cruisin-usa/LEG.ASM:94,/Users/j.harris/code/cruisin-usa/LEG.ASM:107,/Users/j.harris/code/cruisin-usa/LEG.ASM:137
LEGLL,4,/Users/j.harris/code/cruisin-usa/LEG.ASM:95,/Users/j.harris/code/cruisin-usa/LEG.ASM:110,/Users/j.harris/code/cruisin-usa/LEG.ASM:155
LINKRECX,4,/Users/j.harris/code/cruisin-usa/RACER.ASM:858,/Users/j.harris/code/cruisin-usa/RACER.ASM:860,/Users/j.harris/code/cruisin-usa/RACER.ASM:865
LL,4,/Users/j.harris/code/cruisin-usa/MACS.EQU:62,/Users/j.harris/code/cruisin-usa/MACS.EQU:64,/Users/j.harris/code/cruisin-usa/COMP.ASM:629
LOADED,4,/Users/j.harris/code/cruisin-usa/ATTRACTA.ASM:166,/Users/j.harris/code/cruisin-usa/GLOBALS.EQU:672,/Users/j.harris/code/cruisin-usa/WAVE.ASM:31
LOGOX,4,/Users/j.harris/code/cruisin-usa/ATTRDRNE.ASM:169,/Users/j.harris/code/cruisin-usa/ATTRDRNE.ASM:250,/Users/j.harris/code/cruisin-usa/HSTDP.ASM:2966
LONG,4,/Users/j.harris/code/cruisin-usa/MACS.EQU:545,/Users/j.harris/code/cruisin-usa/MACS.EQU:547,/Users/j.harris/code/cruisin-usa/MACS.EQU:553
lpot0,4,/Users/j.harris/code/cruisin-usa/WHEEL.ASM:12,/Users/j.harris/code/cruisin-usa/WHEEL.ASM:20,/Users/j.harris/code/cruisin-usa/WHEEL.ASM:97
missle,4,/Users/j.harris/code/cruisin-usa/DRONES.ASM:1706,/Users/j.harris/code/cruisin-usa/ATTRACTA.ASM:247,/Users/j.harris/code/cruisin-usa/WAVE.ASM:731
missle_blue,4,/Users/j.harris/code/cruisin-usa/WAVE.ASM:937,/Users/j.harris/code/cruisin-usa/WAVE.ASM:973,/Users/j.harris/code/cruisin-usa/RACER.ASM:30
missle_red,4,/Users/j.harris/code/cruisin-usa/WAVE.ASM:937,/Users/j.harris/code/cruisin-usa/WAVE.ASM:971,/Users/j.harris/code/cruisin-usa/RACER.ASM:30
missle_yellow,4,/Users/j.harris/code/cruisin-usa/WAVE.ASM:937,/Users/j.harris/code/cruisin-usa/WAVE.ASM:969,/Users/j.harris/code/cruisin-usa/RACER.ASM:30
MOTION_BURNIN_J,4,/Users/j.harris/code/cruisin-usa/MOTION.ASM:681,/Users/j.harris/code/cruisin-usa/MOTION.ASM:684,/Users/j.harris/code/cruisin-usa/MOTION.ASM:687
MP1,4,/Users/j.harris/code/cruisin-usa/DIAG.ASM:2643,/Users/j.harris/code/cruisin-usa/DIAG.ASM:2650,/Users/j.harris/code/cruisin-usa/HSTDP.ASM:2207
MSLP3,4,/Users/j.harris/code/cruisin-usa/ATTRACTA.ASM:150,/Users/j.harris/code/cruisin-usa/ATTRACTA.ASM:156,/Users/j.harris/code/cruisin-usa/HSTDP.ASM:121
MXX,4,/Users/j.harris/code/cruisin-usa/MEMTEST.ASM:109,/Users/j.harris/code/cruisin-usa/MEMTEST.ASM:113,/Users/j.harris/code/cruisin-usa/MEMTEST.ASM:116
MXY,4,/Users/j.harris/code/cruisin-usa/MEMTEST.ASM:109,/Users/j.harris/code/cruisin-usa/MEMTEST.ASM:113,/Users/j.harris/code/cruisin-usa/MEMTEST.ASM:116
NCS,4,/Users/j.harris/code/cruisin-usa/UTIL.ASM:741,/Users/j.harris/code/cruisin-usa/UTIL.ASM:745,/Users/j.harris/code/cruisin-usa/UTIL.ASM:750
NETHERLAND1,4,/Users/j.harris/code/cruisin-usa/COINTAB.ASM:1321,/Users/j.harris/code/cruisin-usa/COINTAB.ASM:1538,/Users/j.harris/code/cruisin-usa/COINTAB.ASM:1591
NEW_GROUP,4,/Users/j.harris/code/cruisin-usa/BACKGRND.ASM:44,/Users/j.harris/code/cruisin-usa/BACKGRND.ASM:45,/Users/j.harris/code/cruisin-usa/BACKGRND.ASM:575
NO,4,/Users/j.harris/code/cruisin-usa/DIAG.ASM:2164,/Users/j.harris/code/cruisin-usa/DIAG.ASM:2665,/Users/j.harris/code/cruisin-usa/DIAG.ASM:2732
NO_EPALS,4,/Users/j.harris/code/cruisin-usa/DRONES.ASM:487,/Users/j.harris/code/cruisin-usa/DRONES.ASM:495,/Users/j.harris/code/cruisin-usa/DRONES.ASM:500
NO_WHOOSH,4,/Users/j.harris/code/cruisin-usa/ATTRDRNE.ASM:546,/Users/j.harris/code/cruisin-usa/ATTRDRNE.ASM:549,/Users/j.harris/code/cruisin-usa/ATTRDRNE.ASM:553
NOASK_LINK,4,/Users/j.harris/code/cruisin-usa/INTRO.ASM:373,/Users/j.harris/code/cruisin-usa/INTRO.ASM:860,/Users/j.harris/code/cruisin-usa/INTRO.ASM:862
NOBUMP,4,/Users/j.harris/code/cruisin-usa/SIGMA.ASM:285,/Users/j.harris/code/cruisin-usa/SIGMA.ASM:293,/Users/j.harris/code/cruisin-usa/COMP.ASM:444
NOCLIPPING,4,/Users/j.harris/code/cruisin-usa/INFIN.ASM:313,/Users/j.harris/code/cruisin-usa/INFIN.ASM:317,/Users/j.harris/code/cruisin-usa/INFIN.ASM:361
NODOHOTTIME,4,/Users/j.harris/code/cruisin-usa/BONUS.ASM:573,/Users/j.harris/code/cruisin-usa/BONUS.ASM:576,/Users/j.harris/code/cruisin-usa/BONUS.ASM:580
NOLOAD,4,/Users/j.harris/code/cruisin-usa/RHO.ASM:565,/Users/j.harris/code/cruisin-usa/RHO.ASM:570,/Users/j.harris/code/cruisin-usa/COMP.ASM:672
NOSMK,4,/Users/j.harris/code/cruisin-usa/SIGMA.ASM:495,/Users/j.harris/code/cruisin-usa/SIGMA.ASM:497,/Users/j.harris/code/cruisin-usa/RHO.ASM:733
NOSOUND_FX,4,/Users/j.harris/code/cruisin-usa/SND.ASM:470,/Users/j.harris/code/cruisin-usa/SND.ASM:474,/Users/j.harris/code/cruisin-usa/SND.ASM:477
NOSPUTSND,4,/Users/j.harris/code/cruisin-usa/PLYR.ASM:3306,/Users/j.harris/code/cruisin-usa/PLYR.ASM:3310,/Users/j.harris/code/cruisin-usa/PLYR.ASM:3315
NOSTART,4,/Users/j.harris/code/cruisin-usa/CUSA.ASM:1457,/Users/j.harris/code/cruisin-usa/CUSA.ASM:1465,/Users/j.harris/code/cruisin-usa/CUSA.ASM:1469
NOT_T2,4,/Users/j.harris/code/cruisin-usa/BACKGRND.ASM:1671,/Users/j.harris/code/cruisin-usa/BACKGRND.ASM:1676,/Users/j.harris/code/cruisin-usa/CHOPPER.ASM:1600
NOTASEC,4,/Users/j.harris/code/cruisin-usa/CUSA.ASM:791,/Users/j.harris/code/cruisin-usa/CUSA.ASM:822,/Users/j.harris/code/cruisin-usa/CUSA.ASM:826
NOTDYNAROAD,4,/Users/j.harris/code/cruisin-usa/BACKGRND.ASM:815,/Users/j.harris/code/cruisin-usa/BACKGRND.ASM:851,/Users/j.harris/code/cruisin-usa/LEG.ASM:476
NOTREVERSED,4,/Users/j.harris/code/cruisin-usa/BACKGRND.ASM:645,/Users/j.harris/code/cruisin-usa/BACKGRND.ASM:703,/Users/j.harris/code/cruisin-usa/LEG.ASM:395
NOTRVSTRK,4,/Users/j.harris/code/cruisin-usa/BACKGRND.ASM:829,/Users/j.harris/code/cruisin-usa/BACKGRND.ASM:831,/Users/j.harris/code/cruisin-usa/LEG.ASM:499
NOTYETLNKD,4,/Users/j.harris/code/cruisin-usa/TRACKSEL.ASM:386,/Users/j.harris/code/cruisin-usa/TRACKSEL.ASM:390,/Users/j.harris/code/cruisin-usa/TRACKSEL.ASM:401
NXTLP1,4,/Users/j.harris/code/cruisin-usa/DRONES.ASM:113,/Users/j.harris/code/cruisin-usa/DRONES.ASM:149,/Users/j.harris/code/cruisin-usa/DRONES.ASM:156
ODCX,4,/Users/j.harris/code/cruisin-usa/OBJ.ASM:670,/Users/j.harris/code/cruisin-usa/OBJ.ASM:684,/Users/j.harris/code/cruisin-usa/HOTTUB.ASM:355
OFNX,4,/Users/j.harris/code/cruisin-usa/HSTDP.ASM:2000,/Users/j.harris/code/cruisin-usa/HSTDP.ASM:2006,/Users/j.harris/code/cruisin-usa/FLAME.ASM:271
OFNX1,4,/Users/j.harris/code/cruisin-usa/HSTDP.ASM:2009,/Users/j.harris/code/cruisin-usa/HSTDP.ASM:2011,/Users/j.harris/code/cruisin-usa/FLAME.ASM:279
OLD_MOTION_CODE,4,/Users/j.harris/code/cruisin-usa/DIAG.ASM:4099,/Users/j.harris/code/cruisin-usa/DIAG.ASM:4114,/Users/j.harris/code/cruisin-usa/DIAG.ASM:4148
OLD_OM_ATTR_MODE,4,/Users/j.harris/code/cruisin-usa/COMMQ.ASM:50,/Users/j.harris/code/cruisin-usa/COMMQ.ASM:473,/Users/j.harris/code/cruisin-usa/GLOBALS.EQU:182
OLDDIP,4,/Users/j.harris/code/cruisin-usa/AUDITS.ASM:221,/Users/j.harris/code/cruisin-usa/AUDITS.ASM:286,/Users/j.harris/code/cruisin-usa/AUDITS.ASM:290
OLDPLYAIR,4,/Users/j.harris/code/cruisin-usa/PLYR.ASM:55,/Users/j.harris/code/cruisin-usa/PLYR.ASM:307,/Users/j.harris/code/cruisin-usa/PLYR.ASM:3214
OM_POSITION,4,/Users/j.harris/code/cruisin-usa/BONUS.ASM:270,/Users/j.harris/code/cruisin-usa/COMMQ.ASM:58,/Users/j.harris/code/cruisin-usa/COMMQ.ASM:466
OSCANNXT,4,/Users/j.harris/code/cruisin-usa/OBJ.ASM:1135,/Users/j.harris/code/cruisin-usa/OBJ.ASM:1146,/Users/j.harris/code/cruisin-usa/OBJ.ASM:1149
osg10fnt_white,4,/Users/j.harris/code/cruisin-usa/COIN.ASM:953,/Users/j.harris/code/cruisin-usa/COIN.ASM:955,/Users/j.harris/code/cruisin-usa/WAVE.ASM:385
PALTR0,4,/Users/j.harris/code/cruisin-usa/PALL.ASM:102,/Users/j.harris/code/cruisin-usa/PALL.ASM:154,/Users/j.harris/code/cruisin-usa/PALL.ASM:174
PAPA35X,4,/Users/j.harris/code/cruisin-usa/BONUS.ASM:736,/Users/j.harris/code/cruisin-usa/BONUS.ASM:739,/Users/j.harris/code/cruisin-usa/HSTDP.ASM:719
PC1,4,/Users/j.harris/code/cruisin-usa/HOTTUB.ASM:545,/Users/j.harris/code/cruisin-usa/HOTTUB.ASM:552,/Users/j.harris/code/cruisin-usa/ROADKILL.ASM:369
PEDALMX,4,/Users/j.harris/code/cruisin-usa/PLYR.ASM:2273,/Users/j.harris/code/cruisin-usa/PLYR.ASM:3483,/Users/j.harris/code/cruisin-usa/GLOBALS.EQU:509
PLAIRTIM,4,/Users/j.harris/code/cruisin-usa/PLYR.ASM:57,/Users/j.harris/code/cruisin-usa/PLYR.ASM:308,/Users/j.harris/code/cruisin-usa/PLYR.ASM:3194
plate_lightp,4,/Users/j.harris/code/cruisin-usa/HSTDP.ASM:1393,/Users/j.harris/code/cruisin-usa/HSTDP.ASM:2643,/Users/j.harris/code/cruisin-usa/HSTDP.ASM:2801
PLOTPOLYLP,4,/Users/j.harris/code/cruisin-usa/DIRQ.ASM:1336,/Users/j.harris/code/cruisin-usa/DIRQ.ASM:1342,/Users/j.harris/code/cruisin-usa/DIRQ.ASM:1454
PLOTPOLYLP_1,4,/Users/j.harris/code/cruisin-usa/DIRQ.ASM:2252,/Users/j.harris/code/cruisin-usa/DIRQ.ASM:2259,/Users/j.harris/code/cruisin-usa/DIRQ.ASM:2376
PLT1PAL1,4,/Users/j.harris/code/cruisin-usa/DIRQ.ASM:2419,/Users/j.harris/code/cruisin-usa/DIRQ.ASM:2426,/Users/j.harris/code/cruisin-usa/DIRQ.ASM:2435
PMULT,4,/Users/j.harris/code/cruisin-usa/COLLA.ASM:47,/Users/j.harris/code/cruisin-usa/COLLA.ASM:2879,/Users/j.harris/code/cruisin-usa/COLLA.ASM:3311
POLYLP,4,/Users/j.harris/code/cruisin-usa/DIRQ.ASM:1375,/Users/j.harris/code/cruisin-usa/DIRQ.ASM:1399,/Users/j.harris/code/cruisin-usa/DIRQ.ASM:1415
POLYLP_1,4,/Users/j.harris/code/cruisin-usa/DIRQ.ASM:2293,/Users/j.harris/code/cruisin-usa/DIRQ.ASM:2319,/Users/j.harris/code/cruisin-usa/DIRQ.ASM:2335
PR5A,4,/Users/j.harris/code/cruisin-usa/HSTDP.ASM:1356,/Users/j.harris/code/cruisin-usa/HSTDP.ASM:1362,/Users/j.harris/code/cruisin-usa/HSTDP.ASM:1368
PRR_ONRITE,4,/Users/j.harris/code/cruisin-usa/DRONES.ASM:1337,/Users/j.harris/code/cruisin-usa/DRONES.ASM:1344,/Users/j.harris/code/cruisin-usa/DRONES.ASM:1377
RADIO_HS_SHADOW,4,/Users/j.harris/code/cruisin-usa/HSTDP.ASM:2654,/Users/j.harris/code/cruisin-usa/HSTDP.ASM:2680,/Users/j.harris/code/cruisin-usa/HSTDP.ASM:2682
RAMROM,4,/Users/j.harris/code/cruisin-usa/MEMTEST.ASM:109,/Users/j.harris/code/cruisin-usa/MEMTEST.ASM:113,/Users/j.harris/code/cruisin-usa/MEMTEST.ASM:116
RAW_CHOOSENTRK,4,/Users/j.harris/code/cruisin-usa/TRACKSEL.ASM:40,/Users/j.harris/code/cruisin-usa/TRACKSEL.ASM:528,/Users/j.harris/code/cruisin-usa/TRACKSEL.ASM:551
RECEIVE_BUFFER,4,/Users/j.harris/code/cruisin-usa/COMM.ASM:77,/Users/j.harris/code/cruisin-usa/COMM.EQU:134,/Users/j.harris/code/cruisin-usa/COMMQ.ASM:37
retrn,4,/Users/j.harris/code/cruisin-usa/MPROC.EQU:103,/Users/j.harris/code/cruisin-usa/MPROC.EQU:112,/Users/j.harris/code/cruisin-usa/MPROC.EQU:117
retrnI,4,/Users/j.harris/code/cruisin-usa/MPROC.EQU:103,/Users/j.harris/code/cruisin-usa/MPROC.EQU:106,/Users/j.harris/code/cruisin-usa/MPROC.EQU:117
RETSNC,4,/Users/j.harris/code/cruisin-usa/MAP.ASM:747,/Users/j.harris/code/cruisin-usa/MOTION.ASM:1824,/Users/j.harris/code/cruisin-usa/MOTION.ASM:1867
REVFLG,4,/Users/j.harris/code/cruisin-usa/PLYR.ASM:47,/Users/j.harris/code/cruisin-usa/PLYR.ASM:3152,/Users/j.harris/code/cruisin-usa/PLYR.ASM:3168
RHO_DIE0,4,/Users/j.harris/code/cruisin-usa/RHO.ASM:654,/Users/j.harris/code/cruisin-usa/RHO.ASM:659,/Users/j.harris/code/cruisin-usa/RHO.ASM:860
RHO_START,4,/Users/j.harris/code/cruisin-usa/RHO.ASM:97,/Users/j.harris/code/cruisin-usa/RHO.ASM:105,/Users/j.harris/code/cruisin-usa/COMMQ.ASM:1258
RHOFLAG,4,/Users/j.harris/code/cruisin-usa/RHO.ASM:95,/Users/j.harris/code/cruisin-usa/RHO.ASM:107,/Users/j.harris/code/cruisin-usa/RHO.ASM:114
S000,4,/Users/j.harris/code/cruisin-usa/RACER.ASM:1504,/Users/j.harris/code/cruisin-usa/RACER.ASM:1513,/Users/j.harris/code/cruisin-usa/RACER.ASM:1519
scroll_white,4,/Users/j.harris/code/cruisin-usa/HSTDP.ASM:188,/Users/j.harris/code/cruisin-usa/HSTDP.ASM:2634,/Users/j.harris/code/cruisin-usa/HSTDP.ASM:2714
SEND_BUFFER_A,4,/Users/j.harris/code/cruisin-usa/COMM.EQU:132,/Users/j.harris/code/cruisin-usa/COMMQ.ASM:29,/Users/j.harris/code/cruisin-usa/COMMQ.ASM:31
SEND_FLY_KILL,4,/Users/j.harris/code/cruisin-usa/COLLA.ASM:2580,/Users/j.harris/code/cruisin-usa/COLLA.ASM:2643,/Users/j.harris/code/cruisin-usa/COLLA.ASM:2771
SEND_OM_TRACK,4,/Users/j.harris/code/cruisin-usa/COMMDRNE.ASM:307,/Users/j.harris/code/cruisin-usa/COMM.EQU:158,/Users/j.harris/code/cruisin-usa/COMMQ.ASM:1331
SHLOOP,4,/Users/j.harris/code/cruisin-usa/ROADBLCK.ASM:235,/Users/j.harris/code/cruisin-usa/ROADBLCK.ASM:243,/Users/j.harris/code/cruisin-usa/ROADBLCK.ASM:245
SHOW_VOLUME,4,/Users/j.harris/code/cruisin-usa/DIAG.ASM:2332,/Users/j.harris/code/cruisin-usa/DIAG.ASM:2394,/Users/j.harris/code/cruisin-usa/DIAG.ASM:2419
SHOWENCODER,4,/Users/j.harris/code/cruisin-usa/MOTION.ASM:1938,/Users/j.harris/code/cruisin-usa/MOTION.ASM:1945,/Users/j.harris/code/cruisin-usa/MOTION.ASM:1952
SIGMASLP,4,/Users/j.harris/code/cruisin-usa/SIGMA.ASM:209,/Users/j.harris/code/cruisin-usa/SIGMA.ASM:339,/Users/j.harris/code/cruisin-usa/SIGMA.ASM:374
SKIDX,4,/Users/j.harris/code/cruisin-usa/PLYR.ASM:3261,/Users/j.harris/code/cruisin-usa/PLYR.ASM:3273,/Users/j.harris/code/cruisin-usa/PLYR.ASM:3276
SMOKE_PUFFLP,4,/Users/j.harris/code/cruisin-usa/DRONES.ASM:1447,/Users/j.harris/code/cruisin-usa/DRONES.ASM:1473,/Users/j.harris/code/cruisin-usa/SMOKE.ASM:59
SNDLDX,4,/Users/j.harris/code/cruisin-usa/SND.ASM:631,/Users/j.harris/code/cruisin-usa/SND.ASM:639,/Users/j.harris/code/cruisin-usa/SND.ASM:641
SOFTVELX,4,/Users/j.harris/code/cruisin-usa/PLYR.ASM:2920,/Users/j.harris/code/cruisin-usa/PLYR.ASM:2970,/Users/j.harris/code/cruisin-usa/PLYR.ASM:2976
SORT_SMOKEX,4,/Users/j.harris/code/cruisin-usa/SMOKE.ASM:319,/Users/j.harris/code/cruisin-usa/SMOKE.ASM:326,/Users/j.harris/code/cruisin-usa/SMOKE.ASM:328
SPINBOUNCE,4,/Users/j.harris/code/cruisin-usa/COLLA.ASM:3554,/Users/j.harris/code/cruisin-usa/COLLA.ASM:3563,/Users/j.harris/code/cruisin-usa/COLLA.ASM:3579
SPINCURR,4,/Users/j.harris/code/cruisin-usa/INTRO.ASM:2221,/Users/j.harris/code/cruisin-usa/INTRO.ASM:2416,/Users/j.harris/code/cruisin-usa/INTRO.ASM:2451
SR0,4,/Users/j.harris/code/cruisin-usa/HSTDP.ASM:1803,/Users/j.harris/code/cruisin-usa/HSTDP.ASM:1812,/Users/j.harris/code/cruisin-usa/RACER.ASM:1548
SUBLIST_END,4,/Users/j.harris/code/cruisin-usa/BACKGRND.ASM:60,/Users/j.harris/code/cruisin-usa/BACKGRND.ASM:1096,/Users/j.harris/code/cruisin-usa/BACKGRND.ASM:1132
SWISS1,4,/Users/j.harris/code/cruisin-usa/COINTAB.ASM:836,/Users/j.harris/code/cruisin-usa/COINTAB.ASM:1527,/Users/j.harris/code/cruisin-usa/COINTAB.ASM:1580
T,4,/Users/j.harris/code/cruisin-usa/CMOS.ASM:675,/Users/j.harris/code/cruisin-usa/CMOS.ASM:681,/Users/j.harris/code/cruisin-usa/CMOS.ASM:689
TACHOMETER_PAL,4,/Users/j.harris/code/cruisin-usa/HUD.ASM:564,/Users/j.harris/code/cruisin-usa/HUD.ASM:570,/Users/j.harris/code/cruisin-usa/HUD.ASM:591
TAIWAN1,4,/Users/j.harris/code/cruisin-usa/COINTAB.ASM:1150,/Users/j.harris/code/cruisin-usa/COINTAB.ASM:1533,/Users/j.harris/code/cruisin-usa/COINTAB.ASM:1586
THIS_MACHINE_AHEAD,4,/Users/j.harris/code/cruisin-usa/MAP.ASM:1242,/Users/j.harris/code/cruisin-usa/MAP.ASM:1588,/Users/j.harris/code/cruisin-usa/GLOBALS.EQU:462
tiks,4,/Users/j.harris/code/cruisin-usa/MPROC.EQU:55,/Users/j.harris/code/cruisin-usa/MPROC.EQU:56,/Users/j.harris/code/cruisin-usa/MPROC.EQU:64
time,4,/Users/j.harris/code/cruisin-usa/INTRO.ASM:1538,/Users/j.harris/code/cruisin-usa/HUD.ASM:306,/Users/j.harris/code/cruisin-usa/TRACKSEL.ASM:335
TIMEFRAME,4,/Users/j.harris/code/cruisin-usa/CUSA.ASM:1792,/Users/j.harris/code/cruisin-usa/CUSA.ASM:1812,/Users/j.harris/code/cruisin-usa/CUSA.ASM:1814
TKABOSH,4,/Users/j.harris/code/cruisin-usa/INTRO.ASM:242,/Users/j.harris/code/cruisin-usa/INTRO.ASM:253,/Users/j.harris/code/cruisin-usa/INTRO.ASM:256
TOSTARTBUFFER,4,/Users/j.harris/code/cruisin-usa/COIN.ASM:675,/Users/j.harris/code/cruisin-usa/COIN.ASM:676,/Users/j.harris/code/cruisin-usa/COIN.ASM:1085
TRKP2,4,/Users/j.harris/code/cruisin-usa/DRONES.ASM:639,/Users/j.harris/code/cruisin-usa/DRONES.ASM:648,/Users/j.harris/code/cruisin-usa/DRONES.ASM:657
trmeng1_p,4,/Users/j.harris/code/cruisin-usa/TRANS.ASM:1160,/Users/j.harris/code/cruisin-usa/TRANS.ASM:1180,/Users/j.harris/code/cruisin-usa/TRANS.ASM:1224
TSEL_THEONE,4,/Users/j.harris/code/cruisin-usa/TRACKSEL.ASM:1036,/Users/j.harris/code/cruisin-usa/TRACKSEL.ASM:1051,/Users/j.harris/code/cruisin-usa/TRACKSEL.ASM:1066
TSLPX,4,/Users/j.harris/code/cruisin-usa/TRACKSEL.ASM:320,/Users/j.harris/code/cruisin-usa/TRACKSEL.ASM:326,/Users/j.harris/code/cruisin-usa/TRACKSEL.ASM:361
tt,4,/Users/j.harris/code/cruisin-usa/MEMTEST.ASM:111,/Users/j.harris/code/cruisin-usa/MEMTEST.ASM:113,/Users/j.harris/code/cruisin-usa/MEMTEST.ASM:118
UK1,4,/Users/j.harris/code/cruisin-usa/COINTAB.ASM:922,/Users/j.harris/code/cruisin-usa/COINTAB.ASM:1529,/Users/j.harris/code/cruisin-usa/COINTAB.ASM:1582
UNFOLDFLAG,4,/Users/j.harris/code/cruisin-usa/BONUS.ASM:275,/Users/j.harris/code/cruisin-usa/BONUS.ASM:340,/Users/j.harris/code/cruisin-usa/BONUS.ASM:342
VANIX,4,/Users/j.harris/code/cruisin-usa/UTIL.ASM:643,/Users/j.harris/code/cruisin-usa/UTIL.ASM:688,/Users/j.harris/code/cruisin-usa/DELTA.ASM:129
VAR,4,/Users/j.harris/code/cruisin-usa/MACS.EQU:325,/Users/j.harris/code/cruisin-usa/MACS.EQU:333,/Users/j.harris/code/cruisin-usa/MACS.EQU:346
VAR_ROAD_KFACTOR,4,/Users/j.harris/code/cruisin-usa/INFIN.ASM:37,/Users/j.harris/code/cruisin-usa/INFIN.ASM:140,/Users/j.harris/code/cruisin-usa/GLOBALS.EQU:369
VARIABLE,4,/Users/j.harris/code/cruisin-usa/MACS.EQU:48,/Users/j.harris/code/cruisin-usa/MACS.EQU:50,/Users/j.harris/code/cruisin-usa/MACS.EQU:51
VERIFY_ADJUSTMENTS_ACCURACYTAB,4,/Users/j.harris/code/cruisin-usa/CMOS.ASM:153,/Users/j.harris/code/cruisin-usa/CMOS.ASM:219,/Users/j.harris/code/cruisin-usa/CMOS.ASM:264
WFCLPXXX,4,/Users/j.harris/code/cruisin-usa/INTRO.ASM:371,/Users/j.harris/code/cruisin-usa/INTRO.ASM:374,/Users/j.harris/code/cruisin-usa/INTRO.ASM:432
WHEELMAX,4,/Users/j.harris/code/cruisin-usa/WHEEL.ASM:24,/Users/j.harris/code/cruisin-usa/WHEEL.ASM:90,/Users/j.harris/code/cruisin-usa/WHEEL.ASM:120
whel2,4,/Users/j.harris/code/cruisin-usa/TRACKSEL.ASM:1216,/Users/j.harris/code/cruisin-usa/TRACKSEL.ASM:1216,/Users/j.harris/code/cruisin-usa/TRANS.ASM:1099
whel3,4,/Users/j.harris/code/cruisin-usa/TRACKSEL.ASM:1216,/Users/j.harris/code/cruisin-usa/TRACKSEL.ASM:1216,/Users/j.harris/code/cruisin-usa/TRANS.ASM:1099
WHLOLD,4,/Users/j.harris/code/cruisin-usa/PLYR.ASM:3032,/Users/j.harris/code/cruisin-usa/PLYR.ASM:3040,/Users/j.harris/code/cruisin-usa/PLYR.ASM:3058
WHLTIM,4,/Users/j.harris/code/cruisin-usa/PLYR.ASM:3031,/Users/j.harris/code/cruisin-usa/PLYR.ASM:3039,/Users/j.harris/code/cruisin-usa/PLYR.ASM:3081
wt,4,/Users/j.harris/code/cruisin-usa/DIAG.EQU:68,/Users/j.harris/code/cruisin-usa/DIAG.EQU:71,/Users/j.harris/code/cruisin-usa/DIAG.EQU:81
wt2,4,/Users/j.harris/code/cruisin-usa/MACS.EQU:154,/Users/j.harris/code/cruisin-usa/MACS.EQU:156,/Users/j.harris/code/cruisin-usa/MACS.EQU:168
YES,4,/Users/j.harris/code/cruisin-usa/DIAG.ASM:2161,/Users/j.harris/code/cruisin-usa/DIAG.ASM:2664,/Users/j.harris/code/cruisin-usa/DIAG.ASM:2731
YINCREMENT,4,/Users/j.harris/code/cruisin-usa/HEADS.ASM:203,/Users/j.harris/code/cruisin-usa/HEADS.ASM:246,/Users/j.harris/code/cruisin-usa/HEADS.ASM:252
ZOOMHG,4,/Users/j.harris/code/cruisin-usa/PLYR.ASM:42,/Users/j.harris/code/cruisin-usa/PLYR.ASM:581,/Users/j.harris/code/cruisin-usa/PLYR.ASM:2445
ZSORTX,4,/Users/j.harris/code/cruisin-usa/OBJ.ASM:1348,/Users/j.harris/code/cruisin-usa/OBJ.ASM:1352,/Users/j.harris/code/cruisin-usa/OBJ.ASM:1371
_SECbevhnred,3,/Users/j.harris/code/cruisin-usa/SETUPS.ASM:143,/Users/j.harris/code/cruisin-usa/SETUPS.ASM:401,/Users/j.harris/code/cruisin-usa/SETUPS.ASM:451
_SECh280,3,/Users/j.harris/code/cruisin-usa/SETUPS.ASM:131,/Users/j.harris/code/cruisin-usa/SETUPS.ASM:350,/Users/j.harris/code/cruisin-usa/SETUPS.ASM:394
_SECiowa_bottom,3,/Users/j.harris/code/cruisin-usa/SETUPS.ASM:180,/Users/j.harris/code/cruisin-usa/SETUPS.ASM:195,/Users/j.harris/code/cruisin-usa/SETUPS.ASM:692
_startX,3,/Users/j.harris/code/cruisin-usa/INTRO.ASM:3138,/Users/j.harris/code/cruisin-usa/INTRO.ASM:3146,/Users/j.harris/code/cruisin-usa/INTRO.ASM:3207
ACTIVATE_X,3,/Users/j.harris/code/cruisin-usa/BACKGRND.ASM:631,/Users/j.harris/code/cruisin-usa/BACKGRND.ASM:858,/Users/j.harris/code/cruisin-usa/LEG.ASM:531
AGENTANI_LP,3,/Users/j.harris/code/cruisin-usa/HOTTUB.ASM:526,/Users/j.harris/code/cruisin-usa/HOTTUB.ASM:534,/Users/j.harris/code/cruisin-usa/HOTTUB.ASM:541
AHEADOF,3,/Users/j.harris/code/cruisin-usa/DRONES.ASM:1781,/Users/j.harris/code/cruisin-usa/DRONES.ASM:1806,/Users/j.harris/code/cruisin-usa/DRONES.ASM:1814
AMOUNT_CLIPPED,3,/Users/j.harris/code/cruisin-usa/INFIN.ASM:170,/Users/j.harris/code/cruisin-usa/INFIN.ASM:255,/Users/j.harris/code/cruisin-usa/INFIN.ASM:284
AREUSURE,3,/Users/j.harris/code/cruisin-usa/DIAG.ASM:2669,/Users/j.harris/code/cruisin-usa/DIAG.ASM:2676,/Users/j.harris/code/cruisin-usa/DIAG.ASM:3220
ATTR_WAVETAB,3,/Users/j.harris/code/cruisin-usa/ATTRDRNE.ASM:30,/Users/j.harris/code/cruisin-usa/ATTRDRNE.ASM:1534,/Users/j.harris/code/cruisin-usa/ATTRDRNE.ASM:1544
AUSTRALIA1,3,/Users/j.harris/code/cruisin-usa/COINTAB.ASM:1050,/Users/j.harris/code/cruisin-usa/COINTAB.ASM:1531,/Users/j.harris/code/cruisin-usa/COINTAB.ASM:1584
AUSTRIA1,3,/Users/j.harris/code/cruisin-usa/COINTAB.ASM:1193,/Users/j.harris/code/cruisin-usa/COINTAB.ASM:1534,/Users/j.harris/code/cruisin-usa/COINTAB.ASM:1587
BABA66,3,/Users/j.harris/code/cruisin-usa/INTRO.ASM:1224,/Users/j.harris/code/cruisin-usa/INTRO.ASM:1227,/Users/j.harris/code/cruisin-usa/INTRO.ASM:1230
BABAD666,3,/Users/j.harris/code/cruisin-usa/INTRO.ASM:2870,/Users/j.harris/code/cruisin-usa/INTRO.ASM:2873,/Users/j.harris/code/cruisin-usa/INTRO.ASM:2875
BABADUY,3,/Users/j.harris/code/cruisin-usa/INTRO.ASM:1847,/Users/j.harris/code/cruisin-usa/INTRO.ASM:1850,/Users/j.harris/code/cruisin-usa/INTRO.ASM:1854
BEGIN_RELEASING,3,/Users/j.harris/code/cruisin-usa/DRONES.ASM:367,/Users/j.harris/code/cruisin-usa/DRONES.ASM:384,/Users/j.harris/code/cruisin-usa/DRONES.ASM:387
BEVHILL_LIST,3,/Users/j.harris/code/cruisin-usa/ATTRDRNE.ASM:265,/Users/j.harris/code/cruisin-usa/ATTRDRNE.ASM:269,/Users/j.harris/code/cruisin-usa/ATTRDRNE.ASM:283
bevhnred_PALETTES,3,/Users/j.harris/code/cruisin-usa/SETUPS.ASM:49,/Users/j.harris/code/cruisin-usa/SETUPS.ASM:403,/Users/j.harris/code/cruisin-usa/SETUPS.ASM:460
BLED,3,/Users/j.harris/code/cruisin-usa/OBJ.ASM:1209,/Users/j.harris/code/cruisin-usa/DIRQ.ASM:459,/Users/j.harris/code/cruisin-usa/DIRQ.ASM:711
BNND,3,/Users/j.harris/code/cruisin-usa/DIRQ.ASM:2214,/Users/j.harris/code/cruisin-usa/DIRQ.ASM:2539,/Users/j.harris/code/cruisin-usa/DIRQ.ASM:2662
bnout2,3,/Users/j.harris/code/cruisin-usa/DRONES.ASM:1495,/Users/j.harris/code/cruisin-usa/SMOKE.ASM:28,/Users/j.harris/code/cruisin-usa/SMOKE.ASM:30
bnout4,3,/Users/j.harris/code/cruisin-usa/DRONES.ASM:1499,/Users/j.harris/code/cruisin-usa/SMOKE.ASM:28,/Users/j.harris/code/cruisin-usa/SMOKE.ASM:30
bnout6,3,/Users/j.harris/code/cruisin-usa/DRONES.ASM:1503,/Users/j.harris/code/cruisin-usa/SMOKE.ASM:28,/Users/j.harris/code/cruisin-usa/SMOKE.ASM:30
bnout8,3,/Users/j.harris/code/cruisin-usa/DRONES.ASM:1507,/Users/j.harris/code/cruisin-usa/SMOKE.ASM:28,/Users/j.harris/code/cruisin-usa/SMOKE.ASM:30
BOXSCSUB,3,/Users/j.harris/code/cruisin-usa/COLLA.ASM:167,/Users/j.harris/code/cruisin-usa/COLLA.ASM:170,/Users/j.harris/code/cruisin-usa/COLLA.ASM:190
BSYNC,3,/Users/j.harris/code/cruisin-usa/COMMQ.ASM:56,/Users/j.harris/code/cruisin-usa/COMMQ.ASM:1380,/Users/j.harris/code/cruisin-usa/GLOBALS.EQU:168
BUT3,3,/Users/j.harris/code/cruisin-usa/CUSA.ASM:1435,/Users/j.harris/code/cruisin-usa/CUSA.ASM:1444,/Users/j.harris/code/cruisin-usa/CUSA.ASM:1453
BUTTON_IBO,3,/Users/j.harris/code/cruisin-usa/CUSA.ASM:2066,/Users/j.harris/code/cruisin-usa/CUSA.ASM:2083,/Users/j.harris/code/cruisin-usa/CUSA.ASM:2089
BWLX,3,/Users/j.harris/code/cruisin-usa/PLYR.ASM:244,/Users/j.harris/code/cruisin-usa/PLYR.ASM:249,/Users/j.harris/code/cruisin-usa/PLYR.ASM:251
CAM3RD0,3,/Users/j.harris/code/cruisin-usa/PLYR.ASM:905,/Users/j.harris/code/cruisin-usa/PLYR.ASM:908,/Users/j.harris/code/cruisin-usa/PLYR.ASM:957
CAR_ARRAY,3,/Users/j.harris/code/cruisin-usa/INTRO.ASM:1412,/Users/j.harris/code/cruisin-usa/INTRO.ASM:1902,/Users/j.harris/code/cruisin-usa/INTRO.ASM:1908
CARLIST,3,/Users/j.harris/code/cruisin-usa/GLOBALS.EQU:662,/Users/j.harris/code/cruisin-usa/UTIL.ASM:1050,/Users/j.harris/code/cruisin-usa/UTIL.ASM:1053
CARSCL,3,/Users/j.harris/code/cruisin-usa/COLLA.ASM:1213,/Users/j.harris/code/cruisin-usa/COLLA.ASM:1217,/Users/j.harris/code/cruisin-usa/COLLA.ASM:1227
CARTMP1,3,/Users/j.harris/code/cruisin-usa/RACER.ASM:1663,/Users/j.harris/code/cruisin-usa/RACER.ASM:1665,/Users/j.harris/code/cruisin-usa/RACER.ASM:1802
CCLPX,3,/Users/j.harris/code/cruisin-usa/INTRO.ASM:1529,/Users/j.harris/code/cruisin-usa/INTRO.ASM:1546,/Users/j.harris/code/cruisin-usa/INTRO.ASM:1552
CCOLLX,3,/Users/j.harris/code/cruisin-usa/ROADKILL.ASM:81,/Users/j.harris/code/cruisin-usa/ROADKILL.ASM:83,/Users/j.harris/code/cruisin-usa/ROADKILL.ASM:96
CDLP,3,/Users/j.harris/code/cruisin-usa/UTIL.ASM:795,/Users/j.harris/code/cruisin-usa/UTIL.ASM:814,/Users/j.harris/code/cruisin-usa/UTIL.ASM:828
CHECKTHEREG,3,/Users/j.harris/code/cruisin-usa/DIRQ.ASM:436,/Users/j.harris/code/cruisin-usa/DIRQ.ASM:439,/Users/j.harris/code/cruisin-usa/DIRQ.ASM:446
CHICAGO_LIST,3,/Users/j.harris/code/cruisin-usa/ATTRDRNE.ASM:267,/Users/j.harris/code/cruisin-usa/ATTRDRNE.ASM:271,/Users/j.harris/code/cruisin-usa/ATTRDRNE.ASM:302
CKBNCX,3,/Users/j.harris/code/cruisin-usa/COLLA.ASM:3829,/Users/j.harris/code/cruisin-usa/COLLA.ASM:3836,/Users/j.harris/code/cruisin-usa/COLLA.ASM:3839
CKCAROFF,3,/Users/j.harris/code/cruisin-usa/RHO.ASM:436,/Users/j.harris/code/cruisin-usa/RHO.ASM:611,/Users/j.harris/code/cruisin-usa/RHO.ASM:622
CKCXFAIL,3,/Users/j.harris/code/cruisin-usa/RHO.ASM:626,/Users/j.harris/code/cruisin-usa/RHO.ASM:631,/Users/j.harris/code/cruisin-usa/RHO.ASM:637
CKPX,3,/Users/j.harris/code/cruisin-usa/RACER.ASM:624,/Users/j.harris/code/cruisin-usa/RACER.ASM:643,/Users/j.harris/code/cruisin-usa/RACER.ASM:645
CKRANGE,3,/Users/j.harris/code/cruisin-usa/RACER.ASM:777,/Users/j.harris/code/cruisin-usa/RACER.ASM:786,/Users/j.harris/code/cruisin-usa/RACER.ASM:793
CKRFAIL,3,/Users/j.harris/code/cruisin-usa/RACER.ASM:796,/Users/j.harris/code/cruisin-usa/RACER.ASM:798,/Users/j.harris/code/cruisin-usa/RACER.ASM:801
CLDSCAN,3,/Users/j.harris/code/cruisin-usa/COLLA.ASM:1104,/Users/j.harris/code/cruisin-usa/COLLA.ASM:1125,/Users/j.harris/code/cruisin-usa/COLLA.ASM:2905
CLDSCL,3,/Users/j.harris/code/cruisin-usa/COLLA.ASM:2916,/Users/j.harris/code/cruisin-usa/COLLA.ASM:2931,/Users/j.harris/code/cruisin-usa/COLLA.ASM:2943
CLDSCL0,3,/Users/j.harris/code/cruisin-usa/COLLA.ASM:2907,/Users/j.harris/code/cruisin-usa/COLLA.ASM:2934,/Users/j.harris/code/cruisin-usa/COLLA.ASM:2952
CMERRORDEAD,3,/Users/j.harris/code/cruisin-usa/COMM.ASM:280,/Users/j.harris/code/cruisin-usa/COMM.ASM:295,/Users/j.harris/code/cruisin-usa/COMM.ASM:637
CMOS_CHIP,3,/Users/j.harris/code/cruisin-usa/MEMTEST.ASM:188,/Users/j.harris/code/cruisin-usa/MEMTEST.ASM:593,/Users/j.harris/code/cruisin-usa/MEMTEST.ASM:627
CMSX,3,/Users/j.harris/code/cruisin-usa/COLLA.ASM:73,/Users/j.harris/code/cruisin-usa/COLLA.ASM:101,/Users/j.harris/code/cruisin-usa/COLLA.ASM:118
COFFX,3,/Users/j.harris/code/cruisin-usa/ROADKILL.ASM:93,/Users/j.harris/code/cruisin-usa/ROADKILL.ASM:129,/Users/j.harris/code/cruisin-usa/ROADKILL.ASM:136
COLSCAN,3,/Users/j.harris/code/cruisin-usa/COLLA.ASM:1103,/Users/j.harris/code/cruisin-usa/COLLA.ASM:2841,/Users/j.harris/code/cruisin-usa/GLOBALS.EQU:106
COLSCL,3,/Users/j.harris/code/cruisin-usa/COLLA.ASM:2849,/Users/j.harris/code/cruisin-usa/COLLA.ASM:2865,/Users/j.harris/code/cruisin-usa/COLLA.ASM:2886
COLSCL0,3,/Users/j.harris/code/cruisin-usa/COLLA.ASM:2842,/Users/j.harris/code/cruisin-usa/COLLA.ASM:2867,/Users/j.harris/code/cruisin-usa/COLLA.ASM:2881
COLSGCX0,3,/Users/j.harris/code/cruisin-usa/COLLA.ASM:1583,/Users/j.harris/code/cruisin-usa/COLLA.ASM:1650,/Users/j.harris/code/cruisin-usa/COLLA.ASM:1654
COLVEL,3,/Users/j.harris/code/cruisin-usa/COLLA.ASM:46,/Users/j.harris/code/cruisin-usa/COLLA.ASM:3530,/Users/j.harris/code/cruisin-usa/COLLA.ASM:3758
COMM_MASTER_ERROR_CNT,3,/Users/j.harris/code/cruisin-usa/COMM.ASM:28,/Users/j.harris/code/cruisin-usa/COMM.ASM:35,/Users/j.harris/code/cruisin-usa/COMM.ASM:645
CPHX,3,/Users/j.harris/code/cruisin-usa/OVERLAY.ASM:131,/Users/j.harris/code/cruisin-usa/OVERLAY.ASM:145,/Users/j.harris/code/cruisin-usa/OVERLAY.ASM:149
CREDITBUFFER,3,/Users/j.harris/code/cruisin-usa/COIN.ASM:672,/Users/j.harris/code/cruisin-usa/COIN.ASM:673,/Users/j.harris/code/cruisin-usa/COIN.ASM:969
CRLX,3,/Users/j.harris/code/cruisin-usa/HSTDP.ASM:2470,/Users/j.harris/code/cruisin-usa/HSTDP.ASM:2473,/Users/j.harris/code/cruisin-usa/HSTDP.ASM:2508
CRT_REG_SETUP_STRI,3,/Users/j.harris/code/cruisin-usa/CUSA.ASM:1591,/Users/j.harris/code/cruisin-usa/CUSA.ASM:1629,/Users/j.harris/code/cruisin-usa/CUSA.ASM:1630
CSOX,3,/Users/j.harris/code/cruisin-usa/SMOKE.ASM:196,/Users/j.harris/code/cruisin-usa/SMOKE.ASM:208,/Users/j.harris/code/cruisin-usa/SMOKE.ASM:213
CSPSLEEP,3,/Users/j.harris/code/cruisin-usa/ROADKILL.ASM:399,/Users/j.harris/code/cruisin-usa/ROADKILL.ASM:405,/Users/j.harris/code/cruisin-usa/ROADKILL.ASM:409
CT_LENG,3,/Users/j.harris/code/cruisin-usa/TRANS.ASM:56,/Users/j.harris/code/cruisin-usa/TRANS.ASM:822,/Users/j.harris/code/cruisin-usa/TRANS.ASM:923
CT_RENG,3,/Users/j.harris/code/cruisin-usa/TRANS.ASM:64,/Users/j.harris/code/cruisin-usa/TRANS.ASM:823,/Users/j.harris/code/cruisin-usa/TRANS.ASM:929
CTLPX,3,/Users/j.harris/code/cruisin-usa/TRANS.ASM:121,/Users/j.harris/code/cruisin-usa/TRANS.ASM:144,/Users/j.harris/code/cruisin-usa/TRANS.ASM:150
cvette,3,/Users/j.harris/code/cruisin-usa/ATTRACTA.ASM:247,/Users/j.harris/code/cruisin-usa/WAVE.ASM:715,/Users/j.harris/code/cruisin-usa/WAVE.ASM:927
DADA4,3,/Users/j.harris/code/cruisin-usa/MAP.ASM:1455,/Users/j.harris/code/cruisin-usa/MAP.ASM:1489,/Users/j.harris/code/cruisin-usa/MAP.ASM:1507
DAMPPWR,3,/Users/j.harris/code/cruisin-usa/WHEEL.ASM:26,/Users/j.harris/code/cruisin-usa/WHEEL.ASM:91,/Users/j.harris/code/cruisin-usa/WHEEL.ASM:116
DB,3,/Users/j.harris/code/cruisin-usa/COLLA.ASM:239,/Users/j.harris/code/cruisin-usa/COLLA.ASM:584,/Users/j.harris/code/cruisin-usa/PLYR.ASM:1867
dc_PALETTES,3,/Users/j.harris/code/cruisin-usa/HOTTUB.ASM:78,/Users/j.harris/code/cruisin-usa/SETUPS.ASM:69,/Users/j.harris/code/cruisin-usa/SETUPS.ASM:915
dcbus,3,/Users/j.harris/code/cruisin-usa/BACKGRND.ASM:1354,/Users/j.harris/code/cruisin-usa/BACKGRND.ASM:1354,/Users/j.harris/code/cruisin-usa/WAVE.ASM:763
DCRHOX,3,/Users/j.harris/code/cruisin-usa/COMMQ.ASM:1261,/Users/j.harris/code/cruisin-usa/COMMQ.ASM:1264,/Users/j.harris/code/cruisin-usa/COMMQ.ASM:1279
DEADLP,3,/Users/j.harris/code/cruisin-usa/COLLA.ASM:2622,/Users/j.harris/code/cruisin-usa/COLLA.ASM:2636,/Users/j.harris/code/cruisin-usa/COLLA.ASM:2767
DEBSCAN,3,/Users/j.harris/code/cruisin-usa/COLLA.ASM:1110,/Users/j.harris/code/cruisin-usa/COLLA.ASM:1128,/Users/j.harris/code/cruisin-usa/COLLA.ASM:1813
DEBSCL,3,/Users/j.harris/code/cruisin-usa/COLLA.ASM:1818,/Users/j.harris/code/cruisin-usa/COLLA.ASM:1823,/Users/j.harris/code/cruisin-usa/COLLA.ASM:1828
DEBSCL1,3,/Users/j.harris/code/cruisin-usa/COLLA.ASM:1815,/Users/j.harris/code/cruisin-usa/COLLA.ASM:1827,/Users/j.harris/code/cruisin-usa/COLLA.ASM:1830
DECOMPRESS_TOPLP3,3,/Users/j.harris/code/cruisin-usa/COMP.ASM:350,/Users/j.harris/code/cruisin-usa/COMP.ASM:360,/Users/j.harris/code/cruisin-usa/COMP.ASM:409
DECOMPRESSLP,3,/Users/j.harris/code/cruisin-usa/COMP.ASM:433,/Users/j.harris/code/cruisin-usa/COMP.ASM:447,/Users/j.harris/code/cruisin-usa/COMP.ASM:499
DECOMPRESSX,3,/Users/j.harris/code/cruisin-usa/COMP.ASM:418,/Users/j.harris/code/cruisin-usa/COMP.ASM:438,/Users/j.harris/code/cruisin-usa/COMP.ASM:505
DEER_EXPX,3,/Users/j.harris/code/cruisin-usa/ROADKILL.ASM:631,/Users/j.harris/code/cruisin-usa/ROADKILL.ASM:634,/Users/j.harris/code/cruisin-usa/ROADKILL.ASM:659
DELP2,3,/Users/j.harris/code/cruisin-usa/PALL.ASM:661,/Users/j.harris/code/cruisin-usa/PALL.ASM:668,/Users/j.harris/code/cruisin-usa/PALL.ASM:678
DFX1,3,/Users/j.harris/code/cruisin-usa/COLLA.ASM:2746,/Users/j.harris/code/cruisin-usa/COLLA.ASM:2751,/Users/j.harris/code/cruisin-usa/COLLA.ASM:2760
DGBT,3,/Users/j.harris/code/cruisin-usa/CUSA.ASM:1534,/Users/j.harris/code/cruisin-usa/CUSA.ASM:1538,/Users/j.harris/code/cruisin-usa/CUSA.ASM:1544
dgtruck,3,/Users/j.harris/code/cruisin-usa/BACKGRND.ASM:1354,/Users/j.harris/code/cruisin-usa/WAVE.ASM:747,/Users/j.harris/code/cruisin-usa/WAVE.ASM:844
dheada,3,/Users/j.harris/code/cruisin-usa/ROADKILL.ASM:608,/Users/j.harris/code/cruisin-usa/ROADKILL.ASM:609,/Users/j.harris/code/cruisin-usa/ROADKILL.ASM:609
DHSLOOP,3,/Users/j.harris/code/cruisin-usa/HSTDP.ASM:2657,/Users/j.harris/code/cruisin-usa/HSTDP.ASM:2696,/Users/j.harris/code/cruisin-usa/HSTDP.ASM:2708
DHSLOOPX,3,/Users/j.harris/code/cruisin-usa/HSTDP.ASM:2694,/Users/j.harris/code/cruisin-usa/HSTDP.ASM:2697,/Users/j.harris/code/cruisin-usa/HSTDP.ASM:2702
DIRTY_SHARED,3,/Users/j.harris/code/cruisin-usa/INTRO.ASM:3669,/Users/j.harris/code/cruisin-usa/INTRO.ASM:3672,/Users/j.harris/code/cruisin-usa/GLOBALS.EQU:411
DODIE,3,/Users/j.harris/code/cruisin-usa/BONUS.ASM:268,/Users/j.harris/code/cruisin-usa/BONUS.ASM:272,/Users/j.harris/code/cruisin-usa/BONUS.ASM:396
DOGENRLB,3,/Users/j.harris/code/cruisin-usa/COMMDRNE.ASM:91,/Users/j.harris/code/cruisin-usa/PLYR.ASM:278,/Users/j.harris/code/cruisin-usa/PLYR.ASM:292
DOIT6,3,/Users/j.harris/code/cruisin-usa/INTRO.ASM:764,/Users/j.harris/code/cruisin-usa/INTRO.ASM:766,/Users/j.harris/code/cruisin-usa/INTRO.ASM:769
DONE,3,/Users/j.harris/code/cruisin-usa/RACER.ASM:1578,/Users/j.harris/code/cruisin-usa/RACER.ASM:1599,/Users/j.harris/code/cruisin-usa/RACER.ASM:1611
DONE_ENTRY,3,/Users/j.harris/code/cruisin-usa/HSTDP.ASM:434,/Users/j.harris/code/cruisin-usa/HSTDP.ASM:438,/Users/j.harris/code/cruisin-usa/HSTDP.ASM:465
DONE_MODE_MSG,3,/Users/j.harris/code/cruisin-usa/DIAG.ASM:1105,/Users/j.harris/code/cruisin-usa/DIAG.ASM:1113,/Users/j.harris/code/cruisin-usa/DIAG.ASM:1119
DONE_MSG,3,/Users/j.harris/code/cruisin-usa/DIAG.ASM:2044,/Users/j.harris/code/cruisin-usa/DIAG.ASM:2051,/Users/j.harris/code/cruisin-usa/DIAG.ASM:2055
DONTWORRY,3,/Users/j.harris/code/cruisin-usa/SIGMA.ASM:111,/Users/j.harris/code/cruisin-usa/SIGMA.ASM:114,/Users/j.harris/code/cruisin-usa/SIGMA.ASM:119
DOTRIG,3,/Users/j.harris/code/cruisin-usa/HSTDP.ASM:360,/Users/j.harris/code/cruisin-usa/HSTDP.ASM:364,/Users/j.harris/code/cruisin-usa/HSTDP.ASM:386
DRONDEBRIS,3,/Users/j.harris/code/cruisin-usa/COLLA.ASM:1108,/Users/j.harris/code/cruisin-usa/COLLA.ASM:1127,/Users/j.harris/code/cruisin-usa/COLLA.ASM:1151
DRONINBX,3,/Users/j.harris/code/cruisin-usa/PLYR.ASM:2698,/Users/j.harris/code/cruisin-usa/PLYR.ASM:2702,/Users/j.harris/code/cruisin-usa/PLYR.ASM:2706
DRONSIGN,3,/Users/j.harris/code/cruisin-usa/COLLA.ASM:1107,/Users/j.harris/code/cruisin-usa/COLLA.ASM:1126,/Users/j.harris/code/cruisin-usa/COLLA.ASM:1158
DSS,3,/Users/j.harris/code/cruisin-usa/DIAG.ASM:704,/Users/j.harris/code/cruisin-usa/DIAG.ASM:710,/Users/j.harris/code/cruisin-usa/DIAG.ASM:721
DVLOOP,3,/Users/j.harris/code/cruisin-usa/DIAG.ASM:3135,/Users/j.harris/code/cruisin-usa/DIAG.ASM:3189,/Users/j.harris/code/cruisin-usa/DIAG.ASM:3196
DWAI,3,/Users/j.harris/code/cruisin-usa/COMMQ.ASM:502,/Users/j.harris/code/cruisin-usa/COMMQ.ASM:506,/Users/j.harris/code/cruisin-usa/COMMQ.ASM:518
DYNALIST,3,/Users/j.harris/code/cruisin-usa/GLOBALS.EQU:659,/Users/j.harris/code/cruisin-usa/UTIL.ASM:959,/Users/j.harris/code/cruisin-usa/UTIL.ASM:962
DYNALPX,3,/Users/j.harris/code/cruisin-usa/DIRQ.ASM:1114,/Users/j.harris/code/cruisin-usa/DIRQ.ASM:1260,/Users/j.harris/code/cruisin-usa/DIRQ.ASM:1274
DYNREG,3,/Users/j.harris/code/cruisin-usa/DIRQ.ASM:916,/Users/j.harris/code/cruisin-usa/DIRQ.ASM:1171,/Users/j.harris/code/cruisin-usa/DIRQ.ASM:1175
EFFECTS_TAB,3,/Users/j.harris/code/cruisin-usa/DIAG.ASM:1519,/Users/j.harris/code/cruisin-usa/DIAG.ASM:1541,/Users/j.harris/code/cruisin-usa/DIAG.ASM:1622
EMIL1A,3,/Users/j.harris/code/cruisin-usa/HSTDP.ASM:348,/Users/j.harris/code/cruisin-usa/HSTDP.ASM:352,/Users/j.harris/code/cruisin-usa/HSTDP.ASM:355
EPALRL,3,/Users/j.harris/code/cruisin-usa/GLOBALS.EQU:613,/Users/j.harris/code/cruisin-usa/TRANS.ASM:27,/Users/j.harris/code/cruisin-usa/TRANS.ASM:30
EPALRR,3,/Users/j.harris/code/cruisin-usa/GLOBALS.EQU:613,/Users/j.harris/code/cruisin-usa/TRANS.ASM:26,/Users/j.harris/code/cruisin-usa/TRANS.ASM:29
ERRLOG_D,3,/Users/j.harris/code/cruisin-usa/ERROR.ASM:200,/Users/j.harris/code/cruisin-usa/ERROR.ASM:234,/Users/j.harris/code/cruisin-usa/ERROR.ASM:337
EXITL2,3,/Users/j.harris/code/cruisin-usa/MOTION.ASM:2083,/Users/j.harris/code/cruisin-usa/MOTION.ASM:2089,/Users/j.harris/code/cruisin-usa/MOTION.ASM:2094
EXITR,3,/Users/j.harris/code/cruisin-usa/CUSA.ASM:1165,/Users/j.harris/code/cruisin-usa/CUSA.ASM:1207,/Users/j.harris/code/cruisin-usa/CUSA.ASM:1236
EXP_DIE,3,/Users/j.harris/code/cruisin-usa/DRONES.ASM:1057,/Users/j.harris/code/cruisin-usa/DRONES.ASM:1069,/Users/j.harris/code/cruisin-usa/DRONES.ASM:1078
FGLL,3,/Users/j.harris/code/cruisin-usa/INTRO.ASM:2746,/Users/j.harris/code/cruisin-usa/INTRO.ASM:2753,/Users/j.harris/code/cruisin-usa/INTRO.ASM:2756
FILLLP1,3,/Users/j.harris/code/cruisin-usa/FONT1A.ASM:315,/Users/j.harris/code/cruisin-usa/FONT1A.ASM:324,/Users/j.harris/code/cruisin-usa/FONT1A.ASM:330
finale_PALETTES,3,/Users/j.harris/code/cruisin-usa/HOTTUB.ASM:83,/Users/j.harris/code/cruisin-usa/BONUS.ASM:1069,/Users/j.harris/code/cruisin-usa/SETUPS.ASM:74
FINDX,3,/Users/j.harris/code/cruisin-usa/ROADKILL.ASM:1408,/Users/j.harris/code/cruisin-usa/ATTRDRNE.ASM:1109,/Users/j.harris/code/cruisin-usa/RACER.ASM:1267
fixedfnt_tPAL,3,/Users/j.harris/code/cruisin-usa/TEXT.ASM:363,/Users/j.harris/code/cruisin-usa/TEXT.ASM:380,/Users/j.harris/code/cruisin-usa/WAVE.ASM:403
FLAME_ANIX,3,/Users/j.harris/code/cruisin-usa/FLAME.ASM:107,/Users/j.harris/code/cruisin-usa/FLAME.ASM:131,/Users/j.harris/code/cruisin-usa/FLAME.ASM:137
FLASH_LOCK,3,/Users/j.harris/code/cruisin-usa/HSTDP.ASM:2810,/Users/j.harris/code/cruisin-usa/HSTDP.ASM:2829,/Users/j.harris/code/cruisin-usa/HSTDP.ASM:2831
FLASH_STARTX,3,/Users/j.harris/code/cruisin-usa/COIN.ASM:862,/Users/j.harris/code/cruisin-usa/COIN.ASM:869,/Users/j.harris/code/cruisin-usa/COIN.ASM:871
flour_lghtof,3,/Users/j.harris/code/cruisin-usa/INTRO.ASM:2055,/Users/j.harris/code/cruisin-usa/INTRO.ASM:2537,/Users/j.harris/code/cruisin-usa/INTRO.ASM:2569
FLY0,3,/Users/j.harris/code/cruisin-usa/COLLA.ASM:2097,/Users/j.harris/code/cruisin-usa/COLLA.ASM:2101,/Users/j.harris/code/cruisin-usa/COLLA.ASM:2107
FLYCAR0,3,/Users/j.harris/code/cruisin-usa/COLLA.ASM:2015,/Users/j.harris/code/cruisin-usa/COLLA.ASM:2018,/Users/j.harris/code/cruisin-usa/COLLA.ASM:2024
FLYCAR0A,3,/Users/j.harris/code/cruisin-usa/RROAD.ASM:451,/Users/j.harris/code/cruisin-usa/RROAD.ASM:454,/Users/j.harris/code/cruisin-usa/RROAD.ASM:462
FLYCARPXXXX,3,/Users/j.harris/code/cruisin-usa/COLLA.ASM:2569,/Users/j.harris/code/cruisin-usa/COLLA.ASM:2582,/Users/j.harris/code/cruisin-usa/COLLA.ASM:2667
FLYCARSTOPA,3,/Users/j.harris/code/cruisin-usa/RROAD.ASM:674,/Users/j.harris/code/cruisin-usa/RROAD.ASM:826,/Users/j.harris/code/cruisin-usa/RROAD.ASM:857
FLYCARSTP,3,/Users/j.harris/code/cruisin-usa/COLLA.ASM:2497,/Users/j.harris/code/cruisin-usa/COLLA.ASM:2505,/Users/j.harris/code/cruisin-usa/COLLA.ASM:2513
FLYCARSTPA,3,/Users/j.harris/code/cruisin-usa/RROAD.ASM:817,/Users/j.harris/code/cruisin-usa/RROAD.ASM:823,/Users/j.harris/code/cruisin-usa/RROAD.ASM:828
FLYCCC,3,/Users/j.harris/code/cruisin-usa/COLLA.ASM:2442,/Users/j.harris/code/cruisin-usa/COLLA.ASM:2449,/Users/j.harris/code/cruisin-usa/COLLA.ASM:2488
FLYCCCA,3,/Users/j.harris/code/cruisin-usa/RROAD.ASM:762,/Users/j.harris/code/cruisin-usa/RROAD.ASM:769,/Users/j.harris/code/cruisin-usa/RROAD.ASM:808
FLYSTOP,3,/Users/j.harris/code/cruisin-usa/COLLA.ASM:1726,/Users/j.harris/code/cruisin-usa/COLLA.ASM:1752,/Users/j.harris/code/cruisin-usa/COLLA.ASM:1794
FONTDIGITLG_A,3,/Users/j.harris/code/cruisin-usa/TEXT.ASM:33,/Users/j.harris/code/cruisin-usa/TEXT.ASM:170,/Users/j.harris/code/cruisin-usa/TEXT.ASM:185
FORMNX,3,/Users/j.harris/code/cruisin-usa/HSTDP.ASM:2436,/Users/j.harris/code/cruisin-usa/HSTDP.ASM:2440,/Users/j.harris/code/cruisin-usa/HSTDP.ASM:2444
FRAMETIME,3,/Users/j.harris/code/cruisin-usa/GLOBALS.EQU:245,/Users/j.harris/code/cruisin-usa/CUSA.ASM:129,/Users/j.harris/code/cruisin-usa/CUSA.ASM:531
FRENCH1,3,/Users/j.harris/code/cruisin-usa/COINTAB.ASM:633,/Users/j.harris/code/cruisin-usa/COINTAB.ASM:1525,/Users/j.harris/code/cruisin-usa/COINTAB.ASM:1578
FRIC0,3,/Users/j.harris/code/cruisin-usa/PLYR.ASM:2079,/Users/j.harris/code/cruisin-usa/PLYR.ASM:2083,/Users/j.harris/code/cruisin-usa/PLYR.ASM:2090
FRL1,3,/Users/j.harris/code/cruisin-usa/PLYR.ASM:2063,/Users/j.harris/code/cruisin-usa/PLYR.ASM:2066,/Users/j.harris/code/cruisin-usa/PLYR.ASM:2069
GAMETRAK,3,/Users/j.harris/code/cruisin-usa/BONUS.ASM:82,/Users/j.harris/code/cruisin-usa/BONUS.ASM:83,/Users/j.harris/code/cruisin-usa/GLOBALS.EQU:77
GCANYON_LIST,3,/Users/j.harris/code/cruisin-usa/ATTRDRNE.ASM:266,/Users/j.harris/code/cruisin-usa/ATTRDRNE.ASM:270,/Users/j.harris/code/cruisin-usa/ATTRDRNE.ASM:292
GCHX,3,/Users/j.harris/code/cruisin-usa/COIN.ASM:941,/Users/j.harris/code/cruisin-usa/COIN.ASM:944,/Users/j.harris/code/cruisin-usa/COIN.ASM:946
GENERAL1,3,/Users/j.harris/code/cruisin-usa/COINTAB.ASM:1393,/Users/j.harris/code/cruisin-usa/COINTAB.ASM:1542,/Users/j.harris/code/cruisin-usa/COINTAB.ASM:1595
GERMAN1,3,/Users/j.harris/code/cruisin-usa/COINTAB.ASM:519,/Users/j.harris/code/cruisin-usa/COINTAB.ASM:1524,/Users/j.harris/code/cruisin-usa/COINTAB.ASM:1577
GETBX,3,/Users/j.harris/code/cruisin-usa/PLYR.ASM:2178,/Users/j.harris/code/cruisin-usa/PLYR.ASM:2187,/Users/j.harris/code/cruisin-usa/PLYR.ASM:2192
GETPOWER,3,/Users/j.harris/code/cruisin-usa/RACER.ASM:498,/Users/j.harris/code/cruisin-usa/RACER.ASM:1007,/Users/j.harris/code/cruisin-usa/RACER.ASM:1022
GETSK0,3,/Users/j.harris/code/cruisin-usa/PLYR.ASM:1619,/Users/j.harris/code/cruisin-usa/PLYR.ASM:1624,/Users/j.harris/code/cruisin-usa/PLYR.ASM:1629
GETSKXX,3,/Users/j.harris/code/cruisin-usa/PLYR.ASM:1614,/Users/j.harris/code/cruisin-usa/PLYR.ASM:1626,/Users/j.harris/code/cruisin-usa/PLYR.ASM:1696
GGPARK_LIST,3,/Users/j.harris/code/cruisin-usa/ATTRDRNE.ASM:264,/Users/j.harris/code/cruisin-usa/ATTRDRNE.ASM:268,/Users/j.harris/code/cruisin-usa/ATTRDRNE.ASM:273
GOOSE_ME,3,/Users/j.harris/code/cruisin-usa/ROADKILL.ASM:910,/Users/j.harris/code/cruisin-usa/ROADKILL.ASM:916,/Users/j.harris/code/cruisin-usa/ROADKILL.ASM:929
GOTCOL,3,/Users/j.harris/code/cruisin-usa/COLLA.ASM:3977,/Users/j.harris/code/cruisin-usa/COLLA.ASM:4002,/Users/j.harris/code/cruisin-usa/COLLA.ASM:4015
GPLX,3,/Users/j.harris/code/cruisin-usa/PALL.ASM:358,/Users/j.harris/code/cruisin-usa/PALL.ASM:375,/Users/j.harris/code/cruisin-usa/PALL.ASM:398
GSKD1,3,/Users/j.harris/code/cruisin-usa/PLYR.ASM:746,/Users/j.harris/code/cruisin-usa/PLYR.ASM:748,/Users/j.harris/code/cruisin-usa/PLYR.ASM:753
gtruck,3,/Users/j.harris/code/cruisin-usa/INTRO.ASM:2333,/Users/j.harris/code/cruisin-usa/WAVE.ASM:747,/Users/j.harris/code/cruisin-usa/WAVE.ASM:923
h280_PALETTES,3,/Users/j.harris/code/cruisin-usa/SETUPS.ASM:47,/Users/j.harris/code/cruisin-usa/SETUPS.ASM:370,/Users/j.harris/code/cruisin-usa/SETUPS.ASM:399
HANMENL,3,/Users/j.harris/code/cruisin-usa/DIAG.ASM:1316,/Users/j.harris/code/cruisin-usa/DIAG.ASM:1449,/Users/j.harris/code/cruisin-usa/DIAG.ASM:1459
HARDCOL3,3,/Users/j.harris/code/cruisin-usa/COLLA.ASM:1419,/Users/j.harris/code/cruisin-usa/COLLA.ASM:1431,/Users/j.harris/code/cruisin-usa/COLLA.ASM:1458
HI_ST_END,3,/Users/j.harris/code/cruisin-usa/RACER.ASM:689,/Users/j.harris/code/cruisin-usa/RACER.ASM:694,/Users/j.harris/code/cruisin-usa/RACER.ASM:983
HIGHEST_ROADY_X,3,/Users/j.harris/code/cruisin-usa/INFIN.ASM:35,/Users/j.harris/code/cruisin-usa/INFIN.ASM:145,/Users/j.harris/code/cruisin-usa/INFIN.ASM:346
HM_WT,3,/Users/j.harris/code/cruisin-usa/DIAG.ASM:1389,/Users/j.harris/code/cruisin-usa/DIAG.ASM:1393,/Users/j.harris/code/cruisin-usa/DIAG.ASM:1404
HMSTAND,3,/Users/j.harris/code/cruisin-usa/DIAG.ASM:1296,/Users/j.harris/code/cruisin-usa/DIAG.ASM:1298,/Users/j.harris/code/cruisin-usa/DIAG.ASM:1301
hotrod,3,/Users/j.harris/code/cruisin-usa/ATTRACTA.ASM:247,/Users/j.harris/code/cruisin-usa/WAVE.ASM:723,/Users/j.harris/code/cruisin-usa/WAVE.ASM:924
HUNGH_NOPAL,3,/Users/j.harris/code/cruisin-usa/BACKGRND.ASM:1734,/Users/j.harris/code/cruisin-usa/BACKGRND.ASM:1740,/Users/j.harris/code/cruisin-usa/BACKGRND.ASM:1746
I,3,/Users/j.harris/code/cruisin-usa/MACS.EQU:50,/Users/j.harris/code/cruisin-usa/MACS.EQU:51,/Users/j.harris/code/cruisin-usa/HSTDP.ASM:2577
IFRAMES,3,/Users/j.harris/code/cruisin-usa/CUSA.ASM:125,/Users/j.harris/code/cruisin-usa/CUSA.ASM:760,/Users/j.harris/code/cruisin-usa/CUSA.ASM:842
ii,3,/Users/j.harris/code/cruisin-usa/MACS.EQU:641,/Users/j.harris/code/cruisin-usa/MACS.EQU:651,/Users/j.harris/code/cruisin-usa/MACS.EQU:652
INBNDS,3,/Users/j.harris/code/cruisin-usa/DIRQ.ASM:1367,/Users/j.harris/code/cruisin-usa/DIRQ.ASM:1380,/Users/j.harris/code/cruisin-usa/DIRQ.ASM:1384
INBNDS_1,3,/Users/j.harris/code/cruisin-usa/DIRQ.ASM:2285,/Users/j.harris/code/cruisin-usa/DIRQ.ASM:2299,/Users/j.harris/code/cruisin-usa/DIRQ.ASM:2304
INIT_SPARK_KILL,3,/Users/j.harris/code/cruisin-usa/SMOKE.ASM:469,/Users/j.harris/code/cruisin-usa/SMOKE.ASM:753,/Users/j.harris/code/cruisin-usa/SMOKE.ASM:757
INSERT_COINSXM,3,/Users/j.harris/code/cruisin-usa/COIN.ASM:1202,/Users/j.harris/code/cruisin-usa/COIN.ASM:1212,/Users/j.harris/code/cruisin-usa/COIN.ASM:1224
IS_FLYING,3,/Users/j.harris/code/cruisin-usa/RROAD.ASM:440,/Users/j.harris/code/cruisin-usa/RROAD.ASM:446,/Users/j.harris/code/cruisin-usa/RROAD.ASM:498
ISBEND,3,/Users/j.harris/code/cruisin-usa/CHOPPER.ASM:881,/Users/j.harris/code/cruisin-usa/CHOPPER.ASM:905,/Users/j.harris/code/cruisin-usa/CHOPPER.ASM:934
ISGAME5,3,/Users/j.harris/code/cruisin-usa/INTRO.ASM:582,/Users/j.harris/code/cruisin-usa/INTRO.ASM:681,/Users/j.harris/code/cruisin-usa/INTRO.ASM:686
itoaX,3,/Users/j.harris/code/cruisin-usa/FONT1A.ASM:183,/Users/j.harris/code/cruisin-usa/FONT1A.ASM:197,/Users/j.harris/code/cruisin-usa/FONT1A.ASM:204
JDJFF,3,/Users/j.harris/code/cruisin-usa/INTRO.ASM:2799,/Users/j.harris/code/cruisin-usa/INTRO.ASM:2802,/Users/j.harris/code/cruisin-usa/INTRO.ASM:2814
JJ5,3,/Users/j.harris/code/cruisin-usa/MOTION.ASM:738,/Users/j.harris/code/cruisin-usa/MOTION.ASM:742,/Users/j.harris/code/cruisin-usa/MOTION.ASM:744
JJ6,3,/Users/j.harris/code/cruisin-usa/MOTION.ASM:746,/Users/j.harris/code/cruisin-usa/MOTION.ASM:750,/Users/j.harris/code/cruisin-usa/MOTION.ASM:752
JJ7,3,/Users/j.harris/code/cruisin-usa/MOTION.ASM:754,/Users/j.harris/code/cruisin-usa/MOTION.ASM:758,/Users/j.harris/code/cruisin-usa/MOTION.ASM:760
KILL_TRAIN,3,/Users/j.harris/code/cruisin-usa/RROAD.ASM:28,/Users/j.harris/code/cruisin-usa/RROAD.ASM:242,/Users/j.harris/code/cruisin-usa/RROAD.ASM:315
KILLALLP,3,/Users/j.harris/code/cruisin-usa/MPROC.ASM:390,/Users/j.harris/code/cruisin-usa/MPROC.ASM:400,/Users/j.harris/code/cruisin-usa/MPROC.ASM:403
KILSFX3,3,/Users/j.harris/code/cruisin-usa/SND.ASM:532,/Users/j.harris/code/cruisin-usa/SND.ASM:538,/Users/j.harris/code/cruisin-usa/SND.ASM:541
KKLL,3,/Users/j.harris/code/cruisin-usa/AUDITS.ASM:231,/Users/j.harris/code/cruisin-usa/AUDITS.ASM:237,/Users/j.harris/code/cruisin-usa/AUDITS.ASM:250
l14,3,/Users/j.harris/code/cruisin-usa/MACS.EQU:85,/Users/j.harris/code/cruisin-usa/MACS.EQU:88,/Users/j.harris/code/cruisin-usa/MACS.EQU:89
L987,3,/Users/j.harris/code/cruisin-usa/SND.ASM:157,/Users/j.harris/code/cruisin-usa/SND.ASM:164,/Users/j.harris/code/cruisin-usa/SND.ASM:171
L_LEG10_BEGIN,3,/Users/j.harris/code/cruisin-usa/BONUS.ASM:149,/Users/j.harris/code/cruisin-usa/INTRO.ASM:1286,/Users/j.harris/code/cruisin-usa/SETUPS.ASM:718
L_LEG12_BEGIN,3,/Users/j.harris/code/cruisin-usa/BONUS.ASM:141,/Users/j.harris/code/cruisin-usa/INTRO.ASM:1288,/Users/j.harris/code/cruisin-usa/SETUPS.ASM:819
L_LEG13_BEGIN,3,/Users/j.harris/code/cruisin-usa/BONUS.ASM:137,/Users/j.harris/code/cruisin-usa/INTRO.ASM:1289,/Users/j.harris/code/cruisin-usa/SETUPS.ASM:874
L_LEG14_BEGIN,3,/Users/j.harris/code/cruisin-usa/BONUS.ASM:133,/Users/j.harris/code/cruisin-usa/INTRO.ASM:1290,/Users/j.harris/code/cruisin-usa/SETUPS.ASM:927
L_LEG2_BEGIN,3,/Users/j.harris/code/cruisin-usa/BONUS.ASM:181,/Users/j.harris/code/cruisin-usa/INTRO.ASM:1278,/Users/j.harris/code/cruisin-usa/SETUPS.ASM:337
L_LEG3_BEGIN,3,/Users/j.harris/code/cruisin-usa/BONUS.ASM:177,/Users/j.harris/code/cruisin-usa/INTRO.ASM:1279,/Users/j.harris/code/cruisin-usa/SETUPS.ASM:380
L_LEG4_BEGIN,3,/Users/j.harris/code/cruisin-usa/BONUS.ASM:173,/Users/j.harris/code/cruisin-usa/INTRO.ASM:1280,/Users/j.harris/code/cruisin-usa/SETUPS.ASM:428
L_LEG6_BEGIN,3,/Users/j.harris/code/cruisin-usa/BONUS.ASM:165,/Users/j.harris/code/cruisin-usa/INTRO.ASM:1282,/Users/j.harris/code/cruisin-usa/SETUPS.ASM:514
L_LEG7_BEGIN,3,/Users/j.harris/code/cruisin-usa/BONUS.ASM:161,/Users/j.harris/code/cruisin-usa/INTRO.ASM:1283,/Users/j.harris/code/cruisin-usa/SETUPS.ASM:571
L_LEG8_BEGIN,3,/Users/j.harris/code/cruisin-usa/BONUS.ASM:157,/Users/j.harris/code/cruisin-usa/INTRO.ASM:1284,/Users/j.harris/code/cruisin-usa/SETUPS.ASM:618
LASTCHOICE,3,/Users/j.harris/code/cruisin-usa/INTRO.ASM:2984,/Users/j.harris/code/cruisin-usa/GLOBALS.EQU:420,/Users/j.harris/code/cruisin-usa/TRANS.ASM:215
LASTCHOICEA,3,/Users/j.harris/code/cruisin-usa/TRANS.ASM:591,/Users/j.harris/code/cruisin-usa/TRANS.ASM:660,/Users/j.harris/code/cruisin-usa/TRANS.ASM:664
LDIHS,3,/Users/j.harris/code/cruisin-usa/ROUTS.ASM:355,/Users/j.harris/code/cruisin-usa/ROUTS.ASM:356,/Users/j.harris/code/cruisin-usa/ROUTS.ASM:682
LEG_SECTIONIDX,3,/Users/j.harris/code/cruisin-usa/LEG.ASM:334,/Users/j.harris/code/cruisin-usa/LEG.ASM:359,/Users/j.harris/code/cruisin-usa/LEG.ASM:492
LITTLE,3,/Users/j.harris/code/cruisin-usa/CHOPPER.ASM:916,/Users/j.harris/code/cruisin-usa/CHOPPER.ASM:941,/Users/j.harris/code/cruisin-usa/CHOPPER.ASM:951
LO_STEALTH,3,/Users/j.harris/code/cruisin-usa/RACER.ASM:370,/Users/j.harris/code/cruisin-usa/RACER.ASM:699,/Users/j.harris/code/cruisin-usa/RACER.ASM:919
logo,3,/Users/j.harris/code/cruisin-usa/ATTRACTA.ASM:254,/Users/j.harris/code/cruisin-usa/ATTRDRNE.ASM:171,/Users/j.harris/code/cruisin-usa/HSTDP.ASM:2968
LWORD,3,/Users/j.harris/code/cruisin-usa/MACS.EQU:242,/Users/j.harris/code/cruisin-usa/MACS.EQU:243,/Users/j.harris/code/cruisin-usa/MACS.EQU:245
LYTL,3,/Users/j.harris/code/cruisin-usa/AUDITS.ASM:241,/Users/j.harris/code/cruisin-usa/AUDITS.ASM:344,/Users/j.harris/code/cruisin-usa/AUDITS.ASM:353
M1STDI,3,/Users/j.harris/code/cruisin-usa/MAP.ASM:46,/Users/j.harris/code/cruisin-usa/MAP.ASM:291,/Users/j.harris/code/cruisin-usa/MAP.ASM:649
M2STDI,3,/Users/j.harris/code/cruisin-usa/MAP.ASM:49,/Users/j.harris/code/cruisin-usa/MAP.ASM:227,/Users/j.harris/code/cruisin-usa/MAP.ASM:580
MAKEPPP,3,/Users/j.harris/code/cruisin-usa/BACKGRND.ASM:1477,/Users/j.harris/code/cruisin-usa/BACKGRND.ASM:1489,/Users/j.harris/code/cruisin-usa/BACKGRND.ASM:1888
MASBX,3,/Users/j.harris/code/cruisin-usa/COMMQ.ASM:328,/Users/j.harris/code/cruisin-usa/COMMQ.ASM:340,/Users/j.harris/code/cruisin-usa/COMMQ.ASM:351
MESSADDX,3,/Users/j.harris/code/cruisin-usa/COMMQ.ASM:278,/Users/j.harris/code/cruisin-usa/COMMQ.ASM:297,/Users/j.harris/code/cruisin-usa/COMMQ.ASM:307
midwgras_gtmp_p,3,/Users/j.harris/code/cruisin-usa/SETUPS.ASM:806,/Users/j.harris/code/cruisin-usa/SETUPS.ASM:848,/Users/j.harris/code/cruisin-usa/SETUPS.ASM:891
MMT,3,/Users/j.harris/code/cruisin-usa/DIAG.ASM:273,/Users/j.harris/code/cruisin-usa/DIAG.ASM:283,/Users/j.harris/code/cruisin-usa/DIAG.ASM:1256
MOTION_NOT_ON,3,/Users/j.harris/code/cruisin-usa/MOTION.ASM:53,/Users/j.harris/code/cruisin-usa/MOTION.ASM:1085,/Users/j.harris/code/cruisin-usa/MOTION.ASM:1699
MOTOFF_DONE,3,/Users/j.harris/code/cruisin-usa/MOTION.ASM:514,/Users/j.harris/code/cruisin-usa/MOTION.ASM:525,/Users/j.harris/code/cruisin-usa/MOTION.ASM:530
MP3,3,/Users/j.harris/code/cruisin-usa/DIAG.ASM:2645,/Users/j.harris/code/cruisin-usa/DIAG.ASM:2653,/Users/j.harris/code/cruisin-usa/DIAG.ASM:3584
MSLP2,3,/Users/j.harris/code/cruisin-usa/ATTRACTA.ASM:140,/Users/j.harris/code/cruisin-usa/HSTDP.ASM:119,/Users/j.harris/code/cruisin-usa/HSTDP.ASM:127
MSLP_CHECK,3,/Users/j.harris/code/cruisin-usa/ATTRACTA.ASM:142,/Users/j.harris/code/cruisin-usa/ATTRACTA.ASM:145,/Users/j.harris/code/cruisin-usa/ATTRACTA.ASM:322
MSLPX,3,/Users/j.harris/code/cruisin-usa/ATTRACTA.ASM:163,/Users/j.harris/code/cruisin-usa/HSTDP.ASM:124,/Users/j.harris/code/cruisin-usa/HSTDP.ASM:128
MSSD_LP,3,/Users/j.harris/code/cruisin-usa/DIAG.ASM:4118,/Users/j.harris/code/cruisin-usa/DIAG.ASM:4149,/Users/j.harris/code/cruisin-usa/DIAG.ASM:4180
muscle_green,3,/Users/j.harris/code/cruisin-usa/WAVE.ASM:947,/Users/j.harris/code/cruisin-usa/WAVE.ASM:948,/Users/j.harris/code/cruisin-usa/WAVE.ASM:1002
muscle_yellow,3,/Users/j.harris/code/cruisin-usa/WAVE.ASM:947,/Users/j.harris/code/cruisin-usa/WAVE.ASM:948,/Users/j.harris/code/cruisin-usa/WAVE.ASM:1000
MUSIC_TAB,3,/Users/j.harris/code/cruisin-usa/DIAG.ASM:1514,/Users/j.harris/code/cruisin-usa/DIAG.ASM:1540,/Users/j.harris/code/cruisin-usa/DIAG.ASM:1604
mwest_PALETTES,3,/Users/j.harris/code/cruisin-usa/SETUPS.ASM:62,/Users/j.harris/code/cruisin-usa/SETUPS.ASM:706,/Users/j.harris/code/cruisin-usa/SETUPS.ASM:800
N12,3,/Users/j.harris/code/cruisin-usa/INTRO.ASM:2457,/Users/j.harris/code/cruisin-usa/INTRO.ASM:2497,/Users/j.harris/code/cruisin-usa/INTRO.ASM:2507
NCHNG,3,/Users/j.harris/code/cruisin-usa/DIAG.ASM:2798,/Users/j.harris/code/cruisin-usa/DIAG.ASM:2799,/Users/j.harris/code/cruisin-usa/DIAG.ASM:2803
NCHNGDV,3,/Users/j.harris/code/cruisin-usa/DIAG.ASM:3161,/Users/j.harris/code/cruisin-usa/DIAG.ASM:3167,/Users/j.harris/code/cruisin-usa/DIAG.ASM:3172
NCLRSCR,3,/Users/j.harris/code/cruisin-usa/CUSA.ASM:755,/Users/j.harris/code/cruisin-usa/CUSA.ASM:768,/Users/j.harris/code/cruisin-usa/CUSA.ASM:782
NETHERLAND2,3,/Users/j.harris/code/cruisin-usa/COINTAB.ASM:1335,/Users/j.harris/code/cruisin-usa/COINTAB.ASM:1591,/Users/j.harris/code/cruisin-usa/COINTAB.ASM:1591
NEXT_SPARK,3,/Users/j.harris/code/cruisin-usa/SMOKE.ASM:584,/Users/j.harris/code/cruisin-usa/SMOKE.ASM:643,/Users/j.harris/code/cruisin-usa/SMOKE.ASM:679
NEXTRX,3,/Users/j.harris/code/cruisin-usa/ROADKILL.ASM:1362,/Users/j.harris/code/cruisin-usa/ROADKILL.ASM:1366,/Users/j.harris/code/cruisin-usa/ROADKILL.ASM:1369
NHUD,3,/Users/j.harris/code/cruisin-usa/CUSA.ASM:549,/Users/j.harris/code/cruisin-usa/CUSA.ASM:554,/Users/j.harris/code/cruisin-usa/CUSA.ASM:556
NIGY,3,/Users/j.harris/code/cruisin-usa/CUSA.ASM:984,/Users/j.harris/code/cruisin-usa/CUSA.ASM:986,/Users/j.harris/code/cruisin-usa/CUSA.ASM:993
NNEG,3,/Users/j.harris/code/cruisin-usa/DRONES.ASM:97,/Users/j.harris/code/cruisin-usa/DRONES.ASM:99,/Users/j.harris/code/cruisin-usa/DRONES.ASM:101
NO_ACTIVATION,3,/Users/j.harris/code/cruisin-usa/BACKGRND.ASM:297,/Users/j.harris/code/cruisin-usa/BACKGRND.ASM:305,/Users/j.harris/code/cruisin-usa/BACKGRND.ASM:342
NO_DEGRADE,3,/Users/j.harris/code/cruisin-usa/DIRQ.ASM:331,/Users/j.harris/code/cruisin-usa/DIRQ.ASM:341,/Users/j.harris/code/cruisin-usa/DIRQ.ASM:345
NO_LO_LIM_YET,3,/Users/j.harris/code/cruisin-usa/MOTION.ASM:321,/Users/j.harris/code/cruisin-usa/MOTION.ASM:324,/Users/j.harris/code/cruisin-usa/MOTION.ASM:330
NO_OBJ,3,/Users/j.harris/code/cruisin-usa/SMOKE.ASM:671,/Users/j.harris/code/cruisin-usa/SMOKE.ASM:675,/Users/j.harris/code/cruisin-usa/SMOKE.ASM:678
NO_PCREDITS,3,/Users/j.harris/code/cruisin-usa/COIN.ASM:996,/Users/j.harris/code/cruisin-usa/COIN.ASM:999,/Users/j.harris/code/cruisin-usa/COIN.ASM:1029
NO_SCROLL,3,/Users/j.harris/code/cruisin-usa/DIAG.ASM:1428,/Users/j.harris/code/cruisin-usa/DIAG.ASM:1436,/Users/j.harris/code/cruisin-usa/DIAG.ASM:1447
NO_SPINOUT,3,/Users/j.harris/code/cruisin-usa/ROADKILL.ASM:666,/Users/j.harris/code/cruisin-usa/ROADKILL.ASM:682,/Users/j.harris/code/cruisin-usa/ROADKILL.ASM:688
NO_UP_LIM_YET,3,/Users/j.harris/code/cruisin-usa/MOTION.ASM:225,/Users/j.harris/code/cruisin-usa/MOTION.ASM:228,/Users/j.harris/code/cruisin-usa/MOTION.ASM:235
NOBONUS,3,/Users/j.harris/code/cruisin-usa/COIN.ASM:185,/Users/j.harris/code/cruisin-usa/COIN.ASM:187,/Users/j.harris/code/cruisin-usa/COIN.ASM:206
NOBRAKSND,3,/Users/j.harris/code/cruisin-usa/PLYR.ASM:3287,/Users/j.harris/code/cruisin-usa/PLYR.ASM:3291,/Users/j.harris/code/cruisin-usa/PLYR.ASM:3299
NOCHANGE,3,/Users/j.harris/code/cruisin-usa/RROAD.ASM:277,/Users/j.harris/code/cruisin-usa/RROAD.ASM:290,/Users/j.harris/code/cruisin-usa/RROAD.ASM:301
NODEACT,3,/Users/j.harris/code/cruisin-usa/BACKGRND.ASM:427,/Users/j.harris/code/cruisin-usa/BACKGRND.ASM:431,/Users/j.harris/code/cruisin-usa/BACKGRND.ASM:480
NODELETE,3,/Users/j.harris/code/cruisin-usa/TEXT.ASM:621,/Users/j.harris/code/cruisin-usa/TEXT.ASM:624,/Users/j.harris/code/cruisin-usa/TEXT.ASM:655
NODYNAX1,3,/Users/j.harris/code/cruisin-usa/DELTA.ASM:93,/Users/j.harris/code/cruisin-usa/DELTA.ASM:96,/Users/j.harris/code/cruisin-usa/DELTA.ASM:99
NOGRAV,3,/Users/j.harris/code/cruisin-usa/PLYR.ASM:3361,/Users/j.harris/code/cruisin-usa/PLYR.ASM:3366,/Users/j.harris/code/cruisin-usa/PLYR.ASM:3370
NOINC,3,/Users/j.harris/code/cruisin-usa/COIN.ASM:151,/Users/j.harris/code/cruisin-usa/COIN.ASM:155,/Users/j.harris/code/cruisin-usa/COIN.ASM:180
NOLOG,3,/Users/j.harris/code/cruisin-usa/AUDITS.ASM:326,/Users/j.harris/code/cruisin-usa/AUDITS.ASM:329,/Users/j.harris/code/cruisin-usa/AUDITS.ASM:332
NOMOTIONMSGS,3,/Users/j.harris/code/cruisin-usa/HUD.ASM:119,/Users/j.harris/code/cruisin-usa/HUD.ASM:122,/Users/j.harris/code/cruisin-usa/HUD.ASM:156
NONEWCP,3,/Users/j.harris/code/cruisin-usa/COMMQ.ASM:529,/Users/j.harris/code/cruisin-usa/COMMQ.ASM:537,/Users/j.harris/code/cruisin-usa/COMMQ.ASM:541
NONOLONG,3,/Users/j.harris/code/cruisin-usa/RHO.ASM:128,/Users/j.harris/code/cruisin-usa/RHO.ASM:132,/Users/j.harris/code/cruisin-usa/RHO.ASM:135
NOOMUS,3,/Users/j.harris/code/cruisin-usa/SND.ASM:192,/Users/j.harris/code/cruisin-usa/SND.ASM:195,/Users/j.harris/code/cruisin-usa/SND.ASM:197
NOT_IMMINENT,3,/Users/j.harris/code/cruisin-usa/DRONES.ASM:1209,/Users/j.harris/code/cruisin-usa/DRONES.ASM:1277,/Users/j.harris/code/cruisin-usa/DRONES.ASM:1283
NOT_OFFROAD,3,/Users/j.harris/code/cruisin-usa/HUD.ASM:166,/Users/j.harris/code/cruisin-usa/HUD.ASM:170,/Users/j.harris/code/cruisin-usa/HUD.ASM:205
NOT_WEAVER,3,/Users/j.harris/code/cruisin-usa/RHO.ASM:222,/Users/j.harris/code/cruisin-usa/RHO.ASM:226,/Users/j.harris/code/cruisin-usa/RHO.ASM:260
NOT_WEAVER_LP,3,/Users/j.harris/code/cruisin-usa/RHO.ASM:324,/Users/j.harris/code/cruisin-usa/RHO.ASM:352,/Users/j.harris/code/cruisin-usa/RHO.ASM:395
NOTBCKSPC,3,/Users/j.harris/code/cruisin-usa/HSTDP.ASM:400,/Users/j.harris/code/cruisin-usa/HSTDP.ASM:411,/Users/j.harris/code/cruisin-usa/HSTDP.ASM:425
NOTDEGRADE,3,/Users/j.harris/code/cruisin-usa/DELTA.ASM:76,/Users/j.harris/code/cruisin-usa/DELTA.ASM:83,/Users/j.harris/code/cruisin-usa/DELTA.ASM:88
NOTHHHH,3,/Users/j.harris/code/cruisin-usa/INTRO.ASM:2924,/Users/j.harris/code/cruisin-usa/INTRO.ASM:2927,/Users/j.harris/code/cruisin-usa/INTRO.ASM:2932
NOTLEAD,3,/Users/j.harris/code/cruisin-usa/RROAD.ASM:217,/Users/j.harris/code/cruisin-usa/RROAD.ASM:307,/Users/j.harris/code/cruisin-usa/RROAD.ASM:314
NOTNIN2,3,/Users/j.harris/code/cruisin-usa/BONUS.ASM:707,/Users/j.harris/code/cruisin-usa/BONUS.ASM:717,/Users/j.harris/code/cruisin-usa/BONUS.ASM:727
NOTNND,3,/Users/j.harris/code/cruisin-usa/INTRO.ASM:737,/Users/j.harris/code/cruisin-usa/INTRO.ASM:739,/Users/j.harris/code/cruisin-usa/INTRO.ASM:748
NOTOFFX,3,/Users/j.harris/code/cruisin-usa/PLYR.ASM:1725,/Users/j.harris/code/cruisin-usa/PLYR.ASM:1728,/Users/j.harris/code/cruisin-usa/PLYR.ASM:1732
NOTPLYR,3,/Users/j.harris/code/cruisin-usa/COMMDRNE.ASM:259,/Users/j.harris/code/cruisin-usa/COMMDRNE.ASM:262,/Users/j.harris/code/cruisin-usa/COMMDRNE.ASM:286
NOTPSYCHO_LP,3,/Users/j.harris/code/cruisin-usa/SIGMA.ASM:240,/Users/j.harris/code/cruisin-usa/SIGMA.ASM:246,/Users/j.harris/code/cruisin-usa/SIGMA.ASM:257
NOTRIG,3,/Users/j.harris/code/cruisin-usa/HSTDP.ASM:374,/Users/j.harris/code/cruisin-usa/HSTDP.ASM:379,/Users/j.harris/code/cruisin-usa/HSTDP.ASM:459
NOTTHEOPLYR,3,/Users/j.harris/code/cruisin-usa/MAP.ASM:1332,/Users/j.harris/code/cruisin-usa/MAP.ASM:1334,/Users/j.harris/code/cruisin-usa/MAP.ASM:1513
NOTTHEWH,3,/Users/j.harris/code/cruisin-usa/TRACKSEL.ASM:813,/Users/j.harris/code/cruisin-usa/TRACKSEL.ASM:818,/Users/j.harris/code/cruisin-usa/TRACKSEL.ASM:836
NTINLK,3,/Users/j.harris/code/cruisin-usa/INTRO.ASM:834,/Users/j.harris/code/cruisin-usa/INTRO.ASM:848,/Users/j.harris/code/cruisin-usa/INTRO.ASM:859
NULL,3,/Users/j.harris/code/cruisin-usa/GLOBALS.EQU:659,/Users/j.harris/code/cruisin-usa/UTIL.ASM:961,/Users/j.harris/code/cruisin-usa/UTIL.ASM:964
NXTCHARa,3,/Users/j.harris/code/cruisin-usa/TEXT.ASM:916,/Users/j.harris/code/cruisin-usa/TEXT.ASM:938,/Users/j.harris/code/cruisin-usa/TEXT.ASM:1013
OACTIVECNT,3,/Users/j.harris/code/cruisin-usa/OBJ.ASM:29,/Users/j.harris/code/cruisin-usa/OBJ.ASM:56,/Users/j.harris/code/cruisin-usa/OBJ.EQU:35
OBJSTR,3,/Users/j.harris/code/cruisin-usa/OBJ.ASM:32,/Users/j.harris/code/cruisin-usa/OBJ.ASM:37,/Users/j.harris/code/cruisin-usa/OBJ.EQU:38
OBSCLP,3,/Users/j.harris/code/cruisin-usa/RACER.ASM:1342,/Users/j.harris/code/cruisin-usa/RACER.ASM:1346,/Users/j.harris/code/cruisin-usa/RACER.ASM:1350
ODG,3,/Users/j.harris/code/cruisin-usa/HSTDP.ASM:2168,/Users/j.harris/code/cruisin-usa/HSTDP.ASM:2173,/Users/j.harris/code/cruisin-usa/HSTDP.ASM:2177
OFFANDDONE,3,/Users/j.harris/code/cruisin-usa/RACER.ASM:2001,/Users/j.harris/code/cruisin-usa/RACER.ASM:2013,/Users/j.harris/code/cruisin-usa/RACER.ASM:2034
OIX,3,/Users/j.harris/code/cruisin-usa/RACER.ASM:1397,/Users/j.harris/code/cruisin-usa/RACER.ASM:1447,/Users/j.harris/code/cruisin-usa/RACER.ASM:1457
OK_FOUNDIT,3,/Users/j.harris/code/cruisin-usa/ATTRDRNE.ASM:494,/Users/j.harris/code/cruisin-usa/ATTRDRNE.ASM:499,/Users/j.harris/code/cruisin-usa/ATTRDRNE.ASM:502
OMAX_OBJECTS,3,/Users/j.harris/code/cruisin-usa/OBJ.ASM:31,/Users/j.harris/code/cruisin-usa/OBJ.ASM:57,/Users/j.harris/code/cruisin-usa/OBJ.EQU:35
OMYG,3,/Users/j.harris/code/cruisin-usa/HSTDP.ASM:2145,/Users/j.harris/code/cruisin-usa/HSTDP.ASM:2151,/Users/j.harris/code/cruisin-usa/HSTDP.ASM:2156
ONCSCREEN_CARS,3,/Users/j.harris/code/cruisin-usa/DRONES.ASM:57,/Users/j.harris/code/cruisin-usa/DRONES.ASM:205,/Users/j.harris/code/cruisin-usa/DRONES.ASM:442
ONTRACK,3,/Users/j.harris/code/cruisin-usa/RACER.ASM:393,/Users/j.harris/code/cruisin-usa/RACER.ASM:406,/Users/j.harris/code/cruisin-usa/RACER.ASM:422
OTAG0,3,/Users/j.harris/code/cruisin-usa/HSTDP.ASM:2093,/Users/j.harris/code/cruisin-usa/HSTDP.ASM:2105,/Users/j.harris/code/cruisin-usa/HSTDP.ASM:2110
OTAX,3,/Users/j.harris/code/cruisin-usa/HSTDP.ASM:2120,/Users/j.harris/code/cruisin-usa/HSTDP.ASM:2126,/Users/j.harris/code/cruisin-usa/HSTDP.ASM:2131
oucXa,3,/Users/j.harris/code/cruisin-usa/TEXT.ASM:914,/Users/j.harris/code/cruisin-usa/TEXT.ASM:922,/Users/j.harris/code/cruisin-usa/TEXT.ASM:1017
P1,3,/Users/j.harris/code/cruisin-usa/UTIL.ASM:67,/Users/j.harris/code/cruisin-usa/UTIL.ASM:91,/Users/j.harris/code/cruisin-usa/UTIL.ASM:107
PALTRX,3,/Users/j.harris/code/cruisin-usa/PALL.ASM:105,/Users/j.harris/code/cruisin-usa/PALL.ASM:112,/Users/j.harris/code/cruisin-usa/PALL.ASM:184
PALXFER_AVAILABLE_P,3,/Users/j.harris/code/cruisin-usa/PALL.ASM:96,/Users/j.harris/code/cruisin-usa/PALL.ASM:542,/Users/j.harris/code/cruisin-usa/PALL.ASM:582
PC1B,3,/Users/j.harris/code/cruisin-usa/COLLA.ASM:314,/Users/j.harris/code/cruisin-usa/COLLA.ASM:322,/Users/j.harris/code/cruisin-usa/COLLA.ASM:326
PLAIR,3,/Users/j.harris/code/cruisin-usa/PLYR.ASM:3177,/Users/j.harris/code/cruisin-usa/PLYR.ASM:3182,/Users/j.harris/code/cruisin-usa/PLYR.ASM:3187
plate_lightp1,3,/Users/j.harris/code/cruisin-usa/HSTDP.ASM:1397,/Users/j.harris/code/cruisin-usa/HSTDP.ASM:2646,/Users/j.harris/code/cruisin-usa/HSTDP.ASM:2801
plate_medp,3,/Users/j.harris/code/cruisin-usa/HSTDP.ASM:1389,/Users/j.harris/code/cruisin-usa/HSTDP.ASM:2640,/Users/j.harris/code/cruisin-usa/HSTDP.ASM:2801
PLTG1PAL,3,/Users/j.harris/code/cruisin-usa/DIRQ.ASM:2430,/Users/j.harris/code/cruisin-usa/DIRQ.ASM:2437,/Users/j.harris/code/cruisin-usa/DIRQ.ASM:2549
PLTGLP1_2,3,/Users/j.harris/code/cruisin-usa/DIRQ.ASM:2597,/Users/j.harris/code/cruisin-usa/DIRQ.ASM:2611,/Users/j.harris/code/cruisin-usa/DIRQ.ASM:2659
PLYRKX,3,/Users/j.harris/code/cruisin-usa/ROADKILL.ASM:56,/Users/j.harris/code/cruisin-usa/ROADKILL.ASM:60,/Users/j.harris/code/cruisin-usa/ROADKILL.ASM:69
PLYRSND1B,3,/Users/j.harris/code/cruisin-usa/PLYR.ASM:3192,/Users/j.harris/code/cruisin-usa/PLYR.ASM:3199,/Users/j.harris/code/cruisin-usa/PLYR.ASM:3208
PLYRSPD01,3,/Users/j.harris/code/cruisin-usa/PLYR.ASM:685,/Users/j.harris/code/cruisin-usa/PLYR.ASM:699,/Users/j.harris/code/cruisin-usa/PLYR.ASM:702
PLYRTEMP,3,/Users/j.harris/code/cruisin-usa/OBJ.ASM:868,/Users/j.harris/code/cruisin-usa/OBJ.ASM:874,/Users/j.harris/code/cruisin-usa/OBJ.ASM:882
po,3,/Users/j.harris/code/cruisin-usa/HSTDP.ASM:62,/Users/j.harris/code/cruisin-usa/HSTDP.ASM:242,/Users/j.harris/code/cruisin-usa/HSTDP.ASM:252
PR0A,3,/Users/j.harris/code/cruisin-usa/HSTDP.ASM:851,/Users/j.harris/code/cruisin-usa/HSTDP.ASM:868,/Users/j.harris/code/cruisin-usa/HSTDP.ASM:874
PR1,3,/Users/j.harris/code/cruisin-usa/HSTDP.ASM:886,/Users/j.harris/code/cruisin-usa/HSTDP.ASM:912,/Users/j.harris/code/cruisin-usa/HSTDP.ASM:918
PR2A,3,/Users/j.harris/code/cruisin-usa/HSTDP.ASM:984,/Users/j.harris/code/cruisin-usa/HSTDP.ASM:1007,/Users/j.harris/code/cruisin-usa/HSTDP.ASM:1012
PR2A1,3,/Users/j.harris/code/cruisin-usa/HSTDP.ASM:1032,/Users/j.harris/code/cruisin-usa/HSTDP.ASM:1097,/Users/j.harris/code/cruisin-usa/HSTDP.ASM:1183
PR2A3,3,/Users/j.harris/code/cruisin-usa/HSTDP.ASM:1101,/Users/j.harris/code/cruisin-usa/HSTDP.ASM:1187,/Users/j.harris/code/cruisin-usa/HSTDP.ASM:1232
PR3B,3,/Users/j.harris/code/cruisin-usa/HSTDP.ASM:1191,/Users/j.harris/code/cruisin-usa/HSTDP.ASM:1332,/Users/j.harris/code/cruisin-usa/HSTDP.ASM:1351
PR3BA,3,/Users/j.harris/code/cruisin-usa/HSTDP.ASM:1336,/Users/j.harris/code/cruisin-usa/HSTDP.ASM:1341,/Users/j.harris/code/cruisin-usa/HSTDP.ASM:1352
PRA,3,/Users/j.harris/code/cruisin-usa/HSTDP.ASM:795,/Users/j.harris/code/cruisin-usa/HSTDP.ASM:799,/Users/j.harris/code/cruisin-usa/HSTDP.ASM:862
PRES,3,/Users/j.harris/code/cruisin-usa/HOTTUB.ASM:122,/Users/j.harris/code/cruisin-usa/HOTTUB.ASM:125,/Users/j.harris/code/cruisin-usa/HOTTUB.ASM:166
PRINT_COINAGEX,3,/Users/j.harris/code/cruisin-usa/COIN.ASM:901,/Users/j.harris/code/cruisin-usa/COIN.ASM:914,/Users/j.harris/code/cruisin-usa/COIN.ASM:923
PRINTER_LOG_SYMBOLIC,3,/Users/j.harris/code/cruisin-usa/MACS.EQU:653,/Users/j.harris/code/cruisin-usa/FONT1A.ASM:22,/Users/j.harris/code/cruisin-usa/MPROC.ASM:26
PSLP,3,/Users/j.harris/code/cruisin-usa/DIAG.ASM:2084,/Users/j.harris/code/cruisin-usa/DIAG.ASM:2106,/Users/j.harris/code/cruisin-usa/DIAG.ASM:2119
PSPINNIT,3,/Users/j.harris/code/cruisin-usa/COLLA.ASM:3569,/Users/j.harris/code/cruisin-usa/COLLA.ASM:3576,/Users/j.harris/code/cruisin-usa/COLLA.ASM:3612
ptruckg_purple,3,/Users/j.harris/code/cruisin-usa/WAVE.ASM:949,/Users/j.harris/code/cruisin-usa/WAVE.ASM:950,/Users/j.harris/code/cruisin-usa/WAVE.ASM:1005
ptruckg_yellr,3,/Users/j.harris/code/cruisin-usa/WAVE.ASM:949,/Users/j.harris/code/cruisin-usa/WAVE.ASM:950,/Users/j.harris/code/cruisin-usa/WAVE.ASM:1007
PTTRAM,3,/Users/j.harris/code/cruisin-usa/PALL.ASM:25,/Users/j.harris/code/cruisin-usa/PALL.ASM:32,/Users/j.harris/code/cruisin-usa/PALL.EQU:24
QT,3,/Users/j.harris/code/cruisin-usa/LEG.ASM:163,/Users/j.harris/code/cruisin-usa/LEG.ASM:166,/Users/j.harris/code/cruisin-usa/LEG.ASM:170
RACE_FIN,3,/Users/j.harris/code/cruisin-usa/RACER.ASM:355,/Users/j.harris/code/cruisin-usa/RACER.ASM:555,/Users/j.harris/code/cruisin-usa/RACER.ASM:667
RACE_STARTING_POINTS,3,/Users/j.harris/code/cruisin-usa/INTRO.ASM:1274,/Users/j.harris/code/cruisin-usa/INTRO.ASM:1276,/Users/j.harris/code/cruisin-usa/GLOBALS.EQU:30
RACER,3,/Users/j.harris/code/cruisin-usa/COMMDRNE.ASM:23,/Users/j.harris/code/cruisin-usa/INTRO.ASM:1592,/Users/j.harris/code/cruisin-usa/RACER.ASM:21
RACER_GRID_START,3,/Users/j.harris/code/cruisin-usa/INTRO.ASM:1433,/Users/j.harris/code/cruisin-usa/DRONES.ASM:42,/Users/j.harris/code/cruisin-usa/DELTA.EQU:69
RACER_PTR,3,/Users/j.harris/code/cruisin-usa/DELTA.EQU:24,/Users/j.harris/code/cruisin-usa/RACER.ASM:47,/Users/j.harris/code/cruisin-usa/RACER.ASM:48
RD0,3,/Users/j.harris/code/cruisin-usa/RACER.ASM:579,/Users/j.harris/code/cruisin-usa/RACER.ASM:581,/Users/j.harris/code/cruisin-usa/RACER.ASM:590
REENTER,3,/Users/j.harris/code/cruisin-usa/RACER.ASM:676,/Users/j.harris/code/cruisin-usa/RACER.ASM:719,/Users/j.harris/code/cruisin-usa/RACER.ASM:735
REPSPARKX,3,/Users/j.harris/code/cruisin-usa/SMOKE.ASM:485,/Users/j.harris/code/cruisin-usa/SMOKE.ASM:499,/Users/j.harris/code/cruisin-usa/SMOKE.ASM:564
RESETMUNGE_X,3,/Users/j.harris/code/cruisin-usa/SND.ASM:853,/Users/j.harris/code/cruisin-usa/SND.ASM:876,/Users/j.harris/code/cruisin-usa/SND.ASM:893
RETSLE,3,/Users/j.harris/code/cruisin-usa/PLYR.ASM:3402,/Users/j.harris/code/cruisin-usa/PLYR.ASM:3413,/Users/j.harris/code/cruisin-usa/ROUTS.ASM:740
return,3,/Users/j.harris/code/cruisin-usa/ROUTS.ASM:230,/Users/j.harris/code/cruisin-usa/ROUTS.ASM:247,/Users/j.harris/code/cruisin-usa/ROUTS.ASM:585
REV0,3,/Users/j.harris/code/cruisin-usa/PLYR.ASM:1480,/Users/j.harris/code/cruisin-usa/PLYR.ASM:1483,/Users/j.harris/code/cruisin-usa/PLYR.ASM:1489
RHO_DIE1,3,/Users/j.harris/code/cruisin-usa/RHO.ASM:651,/Users/j.harris/code/cruisin-usa/RHO.ASM:664,/Users/j.harris/code/cruisin-usa/RHO.ASM:927
RHO_ISHITLP,3,/Users/j.harris/code/cruisin-usa/RHO.ASM:726,/Users/j.harris/code/cruisin-usa/RHO.ASM:774,/Users/j.harris/code/cruisin-usa/RHO.ASM:892
RHOPAL,3,/Users/j.harris/code/cruisin-usa/RHO.ASM:96,/Users/j.harris/code/cruisin-usa/RHO.ASM:106,/Users/j.harris/code/cruisin-usa/RHO.ASM:266
RKFPX,3,/Users/j.harris/code/cruisin-usa/ROADKILL.ASM:156,/Users/j.harris/code/cruisin-usa/ROADKILL.ASM:162,/Users/j.harris/code/cruisin-usa/ROADKILL.ASM:177
RS1,3,/Users/j.harris/code/cruisin-usa/COLLA.ASM:508,/Users/j.harris/code/cruisin-usa/COLLA.ASM:524,/Users/j.harris/code/cruisin-usa/ROADKILL.ASM:275
SAFETY_ERROR_CHK,3,/Users/j.harris/code/cruisin-usa/MOTION.ASM:154,/Users/j.harris/code/cruisin-usa/MOTION.ASM:243,/Users/j.harris/code/cruisin-usa/MOTION.ASM:339
SAVED_PLY2CAR,3,/Users/j.harris/code/cruisin-usa/COMMQ.ASM:72,/Users/j.harris/code/cruisin-usa/COMMQ.ASM:75,/Users/j.harris/code/cruisin-usa/GLOBALS.EQU:162
SAVEDMODE,3,/Users/j.harris/code/cruisin-usa/INTRO.ASM:3379,/Users/j.harris/code/cruisin-usa/INTRO.ASM:3383,/Users/j.harris/code/cruisin-usa/INTRO.ASM:3625
SHDONE,3,/Users/j.harris/code/cruisin-usa/ROADBLCK.ASM:232,/Users/j.harris/code/cruisin-usa/ROADBLCK.ASM:239,/Users/j.harris/code/cruisin-usa/ROADBLCK.ASM:248
SIDECKX,3,/Users/j.harris/code/cruisin-usa/RACER.ASM:1692,/Users/j.harris/code/cruisin-usa/RACER.ASM:1700,/Users/j.harris/code/cruisin-usa/RACER.ASM:1705
SKIDAMP,3,/Users/j.harris/code/cruisin-usa/PLYR.ASM:3242,/Users/j.harris/code/cruisin-usa/PLYR.ASM:3244,/Users/j.harris/code/cruisin-usa/PLYR.ASM:3262
SKIDAMP1,3,/Users/j.harris/code/cruisin-usa/PLYR.ASM:3247,/Users/j.harris/code/cruisin-usa/PLYR.ASM:3249,/Users/j.harris/code/cruisin-usa/PLYR.ASM:3266
SMPUFFLP1,3,/Users/j.harris/code/cruisin-usa/SMOKE.ASM:63,/Users/j.harris/code/cruisin-usa/SMOKE.ASM:115,/Users/j.harris/code/cruisin-usa/SMOKE.ASM:141
SPAIN1,3,/Users/j.harris/code/cruisin-usa/COINTAB.ASM:965,/Users/j.harris/code/cruisin-usa/COINTAB.ASM:1530,/Users/j.harris/code/cruisin-usa/COINTAB.ASM:1583
SPINL,3,/Users/j.harris/code/cruisin-usa/PLYR.ASM:1832,/Users/j.harris/code/cruisin-usa/PLYR.ASM:1853,/Users/j.harris/code/cruisin-usa/PLYR.ASM:1866
SPINL0,3,/Users/j.harris/code/cruisin-usa/PLYR.ASM:1808,/Users/j.harris/code/cruisin-usa/PLYR.ASM:1822,/Users/j.harris/code/cruisin-usa/PLYR.ASM:1867
SPINNIT,3,/Users/j.harris/code/cruisin-usa/COLLA.ASM:3534,/Users/j.harris/code/cruisin-usa/COLLA.ASM:3615,/Users/j.harris/code/cruisin-usa/COLLA.ASM:3703
SPINX,3,/Users/j.harris/code/cruisin-usa/COLLA.ASM:3698,/Users/j.harris/code/cruisin-usa/COLLA.ASM:3738,/Users/j.harris/code/cruisin-usa/COLLA.ASM:3787
SPM,3,/Users/j.harris/code/cruisin-usa/DIAG.ASM:1999,/Users/j.harris/code/cruisin-usa/DIAG.ASM:3203,/Users/j.harris/code/cruisin-usa/DIAG.ASM:3207
SPUTSNDX,3,/Users/j.harris/code/cruisin-usa/PLYR.ASM:3320,/Users/j.harris/code/cruisin-usa/PLYR.ASM:3322,/Users/j.harris/code/cruisin-usa/PLYR.ASM:3327
SSLOOP,3,/Users/j.harris/code/cruisin-usa/SMOKE.ASM:324,/Users/j.harris/code/cruisin-usa/SMOKE.ASM:349,/Users/j.harris/code/cruisin-usa/SMOKE.ASM:353
STATIC_TABLE,3,/Users/j.harris/code/cruisin-usa/MEMTEST.ASM:142,/Users/j.harris/code/cruisin-usa/MEMTEST.ASM:233,/Users/j.harris/code/cruisin-usa/MEMTEST.ASM:844
SWTLP,3,/Users/j.harris/code/cruisin-usa/CUSA.ASM:1268,/Users/j.harris/code/cruisin-usa/CUSA.ASM:1271,/Users/j.harris/code/cruisin-usa/CUSA.ASM:1282
testor,3,/Users/j.harris/code/cruisin-usa/ATTRACTA.ASM:247,/Users/j.harris/code/cruisin-usa/WAVE.ASM:739,/Users/j.harris/code/cruisin-usa/WAVE.ASM:922
TEXTLP,3,/Users/j.harris/code/cruisin-usa/TEXT.ASM:482,/Users/j.harris/code/cruisin-usa/TEXT.ASM:651,/Users/j.harris/code/cruisin-usa/TEXT.ASM:660
TF_DISP_S,3,/Users/j.harris/code/cruisin-usa/DRONES.ASM:398,/Users/j.harris/code/cruisin-usa/DRONES.ASM:404,/Users/j.harris/code/cruisin-usa/DRONES.ASM:409
thetrains_PALETTES,3,/Users/j.harris/code/cruisin-usa/SETUPS.ASM:40,/Users/j.harris/code/cruisin-usa/SETUPS.ASM:561,/Users/j.harris/code/cruisin-usa/SETUPS.ASM:753
TMSLPE,3,/Users/j.harris/code/cruisin-usa/SMOKE.ASM:991,/Users/j.harris/code/cruisin-usa/SMOKE.ASM:994,/Users/j.harris/code/cruisin-usa/SMOKE.ASM:996
TMSXCC,3,/Users/j.harris/code/cruisin-usa/SMOKE.ASM:986,/Users/j.harris/code/cruisin-usa/SMOKE.ASM:1001,/Users/j.harris/code/cruisin-usa/SMOKE.ASM:1004
TRAINX,3,/Users/j.harris/code/cruisin-usa/BACKGRND.ASM:2208,/Users/j.harris/code/cruisin-usa/BACKGRND.ASM:2294,/Users/j.harris/code/cruisin-usa/BACKGRND.ASM:2298
TREESHKL,3,/Users/j.harris/code/cruisin-usa/COLLA.ASM:1896,/Users/j.harris/code/cruisin-usa/COLLA.ASM:1908,/Users/j.harris/code/cruisin-usa/COLLA.ASM:1915
tunnel2_PALETTES,3,/Users/j.harris/code/cruisin-usa/SETUPS.ASM:35,/Users/j.harris/code/cruisin-usa/SETUPS.ASM:244,/Users/j.harris/code/cruisin-usa/SETUPS.ASM:306
tunnel_PALETTES,3,/Users/j.harris/code/cruisin-usa/SETUPS.ASM:37,/Users/j.harris/code/cruisin-usa/SETUPS.ASM:437,/Users/j.harris/code/cruisin-usa/SETUPS.ASM:583
TXTXX,3,/Users/j.harris/code/cruisin-usa/HEADS.ASM:33,/Users/j.harris/code/cruisin-usa/HEADS.ASM:65,/Users/j.harris/code/cruisin-usa/HEADS.ASM:68
VECTORTRANSFULL,3,/Users/j.harris/code/cruisin-usa/DIRQ.ASM:552,/Users/j.harris/code/cruisin-usa/DIRQ.ASM:852,/Users/j.harris/code/cruisin-usa/DIRQ.ASM:859
WATCHOBJ,3,/Users/j.harris/code/cruisin-usa/HOTTUB.ASM:271,/Users/j.harris/code/cruisin-usa/HOTTUB.ASM:460,/Users/j.harris/code/cruisin-usa/HOTTUB.ASM:477
WF1,3,/Users/j.harris/code/cruisin-usa/BACKGRND.ASM:1613,/Users/j.harris/code/cruisin-usa/BACKGRND.ASM:1620,/Users/j.harris/code/cruisin-usa/BACKGRND.ASM:1625
WFCLP,3,/Users/j.harris/code/cruisin-usa/INTRO.ASM:400,/Users/j.harris/code/cruisin-usa/INTRO.ASM:465,/Users/j.harris/code/cruisin-usa/INTRO.ASM:505
ZSLP,3,/Users/j.harris/code/cruisin-usa/OBJ.ASM:1354,/Users/j.harris/code/cruisin-usa/OBJ.ASM:1370,/Users/j.harris/code/cruisin-usa/OBJ.ASM:1378
ZSLPP,3,/Users/j.harris/code/cruisin-usa/OBJ.ASM:1306,/Users/j.harris/code/cruisin-usa/OBJ.ASM:1322,/Users/j.harris/code/cruisin-usa/OBJ.ASM:1330
ZSORTWL,3,/Users/j.harris/code/cruisin-usa/OBJ.ASM:777,/Users/j.harris/code/cruisin-usa/OBJ.ASM:816,/Users/j.harris/code/cruisin-usa/OBJ.ASM:825
ZSWTLP,3,/Users/j.harris/code/cruisin-usa/OBJ.ASM:788,/Users/j.harris/code/cruisin-usa/OBJ.ASM:807,/Users/j.harris/code/cruisin-usa/OBJ.ASM:820
ZSWTX,3,/Users/j.harris/code/cruisin-usa/OBJ.ASM:782,/Users/j.harris/code/cruisin-usa/OBJ.ASM:785,/Users/j.harris/code/cruisin-usa/OBJ.ASM:826
ZSWTXX,3,/Users/j.harris/code/cruisin-usa/OBJ.ASM:791,/Users/j.harris/code/cruisin-usa/OBJ.ASM:814,/Users/j.harris/code/cruisin-usa/OBJ.ASM:827
_ATTR_WAVETAB,2,/Users/j.harris/code/cruisin-usa/WAVE.ASM:169,/Users/j.harris/code/cruisin-usa/WAVE.ASM:177,
_HSTD_DISP,2,/Users/j.harris/code/cruisin-usa/CMOS.EQU:343,/Users/j.harris/code/cruisin-usa/GLOBALS.EQU:344,
_SECappl,2,/Users/j.harris/code/cruisin-usa/SETUPS.ASM:223,/Users/j.harris/code/cruisin-usa/SETUPS.ASM:870,
_SECarizona,2,/Users/j.harris/code/cruisin-usa/SETUPS.ASM:164,/Users/j.harris/code/cruisin-usa/SETUPS.ASM:595,
_SECchicago,2,/Users/j.harris/code/cruisin-usa/SETUPS.ASM:201,/Users/j.harris/code/cruisin-usa/SETUPS.ASM:736,
_SECdc,2,/Users/j.harris/code/cruisin-usa/SETUPS.ASM:234,/Users/j.harris/code/cruisin-usa/SETUPS.ASM:922,
_SECdeathvalley,2,/Users/j.harris/code/cruisin-usa/SETUPS.ASM:155,/Users/j.harris/code/cruisin-usa/SETUPS.ASM:533,
_SEClafreeway,2,/Users/j.harris/code/cruisin-usa/SETUPS.ASM:149,/Users/j.harris/code/cruisin-usa/SETUPS.ASM:494,
_SECmtrush,2,/Users/j.harris/code/cruisin-usa/SETUPS.ASM:175,/Users/j.harris/code/cruisin-usa/SETUPS.ASM:634,
_sgn,2,/Users/j.harris/code/cruisin-usa/HPMATH.ASM:27,/Users/j.harris/code/cruisin-usa/HPMATH.ASM:102,
_xn,2,/Users/j.harris/code/cruisin-usa/HPMATH.ASM:30,/Users/j.harris/code/cruisin-usa/HPMATH.ASM:99,
ABORTWEAVE,2,/Users/j.harris/code/cruisin-usa/RHO.ASM:331,/Users/j.harris/code/cruisin-usa/RHO.ASM:345,
ADDNOBJ_AT_END,2,/Users/j.harris/code/cruisin-usa/BACKGRND.ASM:1055,/Users/j.harris/code/cruisin-usa/BACKGRND.ASM:1061,
ADDNOBJL,2,/Users/j.harris/code/cruisin-usa/BACKGRND.ASM:1052,/Users/j.harris/code/cruisin-usa/BACKGRND.ASM:1059,
ADELTA2,2,/Users/j.harris/code/cruisin-usa/ATTRDRNE.ASM:120,/Users/j.harris/code/cruisin-usa/ATTRDRNE.ASM:154,
ADELTA2A,2,/Users/j.harris/code/cruisin-usa/ATTRDRNE.ASM:125,/Users/j.harris/code/cruisin-usa/ATTRDRNE.ASM:128,
aDELTA_LOOP,2,/Users/j.harris/code/cruisin-usa/ATTRDRNE.ASM:116,/Users/j.harris/code/cruisin-usa/ATTRDRNE.ASM:131,
ADJRL,2,/Users/j.harris/code/cruisin-usa/HSTDP.ASM:1747,/Users/j.harris/code/cruisin-usa/HSTDP.ASM:1767,
ADJTAB,2,/Users/j.harris/code/cruisin-usa/DIAG.ASM:1212,/Users/j.harris/code/cruisin-usa/DIAG.ASM:1214,
ADJUSTMENT_MENU,2,/Users/j.harris/code/cruisin-usa/DIAG.ASM:1206,/Users/j.harris/code/cruisin-usa/DIAG.ASM:3640,
AH1,2,/Users/j.harris/code/cruisin-usa/MOTION.ASM:2060,/Users/j.harris/code/cruisin-usa/MOTION.ASM:2065,
ALL_DONE,2,/Users/j.harris/code/cruisin-usa/DIAG.ASM:3758,/Users/j.harris/code/cruisin-usa/DIAG.ASM:3769,
ALL_JOINUP,2,/Users/j.harris/code/cruisin-usa/INTRO.ASM:981,/Users/j.harris/code/cruisin-usa/INTRO.ASM:1127,
ALL_TIME_HSTDI,2,/Users/j.harris/code/cruisin-usa/CMOS.EQU:306,/Users/j.harris/code/cruisin-usa/GLOBALS.EQU:95,
ALLDN,2,/Users/j.harris/code/cruisin-usa/TRACKSEL.ASM:1129,/Users/j.harris/code/cruisin-usa/TRACKSEL.ASM:1154,
ALLDN7,2,/Users/j.harris/code/cruisin-usa/BONUS.ASM:1656,/Users/j.harris/code/cruisin-usa/BONUS.ASM:1669,
ALLDNA,2,/Users/j.harris/code/cruisin-usa/TRACKSEL.ASM:454,/Users/j.harris/code/cruisin-usa/TRACKSEL.ASM:459,
alloc_LPA,2,/Users/j.harris/code/cruisin-usa/HUD.ASM:524,/Users/j.harris/code/cruisin-usa/HUD.ASM:528,
ALLOCLIST_ISERROR,2,/Users/j.harris/code/cruisin-usa/UTIL.ASM:535,/Users/j.harris/code/cruisin-usa/UTIL.ASM:548,
ALLOCLIST_X,2,/Users/j.harris/code/cruisin-usa/UTIL.ASM:544,/Users/j.harris/code/cruisin-usa/UTIL.ASM:550,
ALLOK,2,/Users/j.harris/code/cruisin-usa/MATH.ASM:61,/Users/j.harris/code/cruisin-usa/MATH.ASM:77,
ALLOK66,2,/Users/j.harris/code/cruisin-usa/RHO.ASM:455,/Users/j.harris/code/cruisin-usa/RHO.ASM:459,
ALLREG,2,/Users/j.harris/code/cruisin-usa/TEXT.ASM:921,/Users/j.harris/code/cruisin-usa/TEXT.ASM:940,
AMLP,2,/Users/j.harris/code/cruisin-usa/TRACKSEL.ASM:1169,/Users/j.harris/code/cruisin-usa/TRACKSEL.ASM:1175,
AMODES,2,/Users/j.harris/code/cruisin-usa/DIAG.ASM:1697,/Users/j.harris/code/cruisin-usa/DIAG.ASM:1703,
AMT,2,/Users/j.harris/code/cruisin-usa/DIAG.ASM:1204,/Users/j.harris/code/cruisin-usa/DIAG.ASM:1208,
ANGM1,2,/Users/j.harris/code/cruisin-usa/COLLA.ASM:3805,/Users/j.harris/code/cruisin-usa/COLLA.ASM:3810,
antler,2,/Users/j.harris/code/cruisin-usa/ROADKILL.ASM:608,/Users/j.harris/code/cruisin-usa/ROADKILL.ASM:608,
APHSTD,2,/Users/j.harris/code/cruisin-usa/DIAG.ASM:2573,/Users/j.harris/code/cruisin-usa/DIAG.ASM:2580,
APHSTD2,2,/Users/j.harris/code/cruisin-usa/DIAG.ASM:2574,/Users/j.harris/code/cruisin-usa/DIAG.ASM:2581,
appl_PALETTES,2,/Users/j.harris/code/cruisin-usa/SETUPS.ASM:67,/Users/j.harris/code/cruisin-usa/SETUPS.ASM:867,
arizona_PALETTES,2,/Users/j.harris/code/cruisin-usa/SETUPS.ASM:57,/Users/j.harris/code/cruisin-usa/SETUPS.ASM:590,
AT1,2,/Users/j.harris/code/cruisin-usa/MATH.ASM:219,/Users/j.harris/code/cruisin-usa/MATH.ASM:228,
ATBLP,2,/Users/j.harris/code/cruisin-usa/DIAG.ASM:659,/Users/j.harris/code/cruisin-usa/DIAG.ASM:677,
ATEXT,2,/Users/j.harris/code/cruisin-usa/AUDITS.ASM:32,/Users/j.harris/code/cruisin-usa/AUDITS.ASM:50,
ATF0,2,/Users/j.harris/code/cruisin-usa/MATH.ASM:217,/Users/j.harris/code/cruisin-usa/MATH.ASM:224,
ATOFFTAB,2,/Users/j.harris/code/cruisin-usa/MATH.ASM:255,/Users/j.harris/code/cruisin-usa/MATH.ASM:261,
ATTAB,2,/Users/j.harris/code/cruisin-usa/MATH.ASM:254,/Users/j.harris/code/cruisin-usa/MATH.ASM:282,
ATTR_COLLISION,2,/Users/j.harris/code/cruisin-usa/COLLA.ASM:1094,/Users/j.harris/code/cruisin-usa/COLLA.ASM:1114,
ATTR_MODEL,2,/Users/j.harris/code/cruisin-usa/GLOBALS.EQU:680,/Users/j.harris/code/cruisin-usa/WAVE.ASM:29,
AUDIT_LIST,2,/Users/j.harris/code/cruisin-usa/AUDITS.ASM:99,/Users/j.harris/code/cruisin-usa/AUDITS.ASM:240,
AUSTRALIA2,2,/Users/j.harris/code/cruisin-usa/COINTAB.ASM:1064,/Users/j.harris/code/cruisin-usa/COINTAB.ASM:1584,
AUSTRALIA3,2,/Users/j.harris/code/cruisin-usa/COINTAB.ASM:1078,/Users/j.harris/code/cruisin-usa/COINTAB.ASM:1584,
AUSTRALIA4,2,/Users/j.harris/code/cruisin-usa/COINTAB.ASM:1092,/Users/j.harris/code/cruisin-usa/COINTAB.ASM:1584,
AUSTRALIA_MENU,2,/Users/j.harris/code/cruisin-usa/DIAG.ASM:1889,/Users/j.harris/code/cruisin-usa/DIAG.ASM:1975,
AUSTRIA2,2,/Users/j.harris/code/cruisin-usa/COINTAB.ASM:1207,/Users/j.harris/code/cruisin-usa/COINTAB.ASM:1587,
AUSTRIA3,2,/Users/j.harris/code/cruisin-usa/COINTAB.ASM:1221,/Users/j.harris/code/cruisin-usa/COINTAB.ASM:1587,
AUSTRIA4,2,/Users/j.harris/code/cruisin-usa/COINTAB.ASM:1235,/Users/j.harris/code/cruisin-usa/COINTAB.ASM:1587,
AUSTRIA_MENU,2,/Users/j.harris/code/cruisin-usa/DIAG.ASM:1917,/Users/j.harris/code/cruisin-usa/DIAG.ASM:1978,
BABA1,2,/Users/j.harris/code/cruisin-usa/HOTTUB.ASM:28,/Users/j.harris/code/cruisin-usa/HOTTUB.ASM:129,
BABA2,2,/Users/j.harris/code/cruisin-usa/HOTTUB.ASM:29,/Users/j.harris/code/cruisin-usa/HOTTUB.ASM:137,
BABAB,2,/Users/j.harris/code/cruisin-usa/INTRO.ASM:423,/Users/j.harris/code/cruisin-usa/INTRO.ASM:427,
BABADUY4,2,/Users/j.harris/code/cruisin-usa/INTRO.ASM:1874,/Users/j.harris/code/cruisin-usa/INTRO.ASM:1888,
BABAHH,2,/Users/j.harris/code/cruisin-usa/INTRO.ASM:463,/Users/j.harris/code/cruisin-usa/INTRO.ASM:466,
BABE_ANIKK,2,/Users/j.harris/code/cruisin-usa/HOTTUB.ASM:731,/Users/j.harris/code/cruisin-usa/HOTTUB.ASM:737,
BABE_FLAG_SCRIPT,2,/Users/j.harris/code/cruisin-usa/HOTTUB.ASM:753,/Users/j.harris/code/cruisin-usa/HOTTUB.ASM:817,
BABE_LP,2,/Users/j.harris/code/cruisin-usa/HOTTUB.ASM:641,/Users/j.harris/code/cruisin-usa/HOTTUB.ASM:662,
BABE_LP2,2,/Users/j.harris/code/cruisin-usa/HOTTUB.ASM:675,/Users/j.harris/code/cruisin-usa/HOTTUB.ASM:680,
BABE_LP3,2,/Users/j.harris/code/cruisin-usa/HOTTUB.ASM:702,/Users/j.harris/code/cruisin-usa/HOTTUB.ASM:718,
BABE_LPWF,2,/Users/j.harris/code/cruisin-usa/HOTTUB.ASM:818,/Users/j.harris/code/cruisin-usa/HOTTUB.ASM:824,
BABE_PALIST,2,/Users/j.harris/code/cruisin-usa/BACKGRND.ASM:1703,/Users/j.harris/code/cruisin-usa/BACKGRND.ASM:1705,
BABE_TROPHY_SCRIPT,2,/Users/j.harris/code/cruisin-usa/HOTTUB.ASM:637,/Users/j.harris/code/cruisin-usa/HOTTUB.ASM:743,
BABEGO,2,/Users/j.harris/code/cruisin-usa/HOTTUB.ASM:800,/Users/j.harris/code/cruisin-usa/HOTTUB.ASM:813,
BABEOFF,2,/Users/j.harris/code/cruisin-usa/HOTTUB.ASM:831,/Users/j.harris/code/cruisin-usa/HOTTUB.ASM:842,
BABERST,2,/Users/j.harris/code/cruisin-usa/HOTTUB.ASM:816,/Users/j.harris/code/cruisin-usa/HOTTUB.ASM:820,
BABEWTLP,2,/Users/j.harris/code/cruisin-usa/HOTTUB.ASM:798,/Users/j.harris/code/cruisin-usa/HOTTUB.ASM:811,
BABO,2,/Users/j.harris/code/cruisin-usa/TRACKSEL.ASM:284,/Users/j.harris/code/cruisin-usa/TRACKSEL.ASM:288,
BACKCK,2,/Users/j.harris/code/cruisin-usa/PLYR.ASM:774,/Users/j.harris/code/cruisin-usa/PLYR.ASM:2557,
BACKLP,2,/Users/j.harris/code/cruisin-usa/BONUS.ASM:1202,/Users/j.harris/code/cruisin-usa/BONUS.ASM:1223,
BACKREV,2,/Users/j.harris/code/cruisin-usa/PLYR.ASM:3153,/Users/j.harris/code/cruisin-usa/PLYR.ASM:3174,
BACKREV1,2,/Users/j.harris/code/cruisin-usa/PLYR.ASM:3180,/Users/j.harris/code/cruisin-usa/PLYR.ASM:3183,
BDL1,2,/Users/j.harris/code/cruisin-usa/MEMTEST.ASM:368,/Users/j.harris/code/cruisin-usa/MEMTEST.ASM:379,
BDL1X,2,/Users/j.harris/code/cruisin-usa/MEMTEST.ASM:367,/Users/j.harris/code/cruisin-usa/MEMTEST.ASM:380,
BDL2,2,/Users/j.harris/code/cruisin-usa/MEMTEST.ASM:393,/Users/j.harris/code/cruisin-usa/MEMTEST.ASM:403,
BDL2X,2,/Users/j.harris/code/cruisin-usa/MEMTEST.ASM:392,/Users/j.harris/code/cruisin-usa/MEMTEST.ASM:404,
BDL3X,2,/Users/j.harris/code/cruisin-usa/MEMTEST.ASM:414,/Users/j.harris/code/cruisin-usa/MEMTEST.ASM:425,
BEHINDCK,2,/Users/j.harris/code/cruisin-usa/COLLA.ASM:3547,/Users/j.harris/code/cruisin-usa/COLLA.ASM:3584,
BELGIUM2,2,/Users/j.harris/code/cruisin-usa/COINTAB.ASM:1264,/Users/j.harris/code/cruisin-usa/COINTAB.ASM:1588,
BELGIUM3,2,/Users/j.harris/code/cruisin-usa/COINTAB.ASM:1278,/Users/j.harris/code/cruisin-usa/COINTAB.ASM:1588,
BELGIUM_MENU,2,/Users/j.harris/code/cruisin-usa/DIAG.ASM:1927,/Users/j.harris/code/cruisin-usa/DIAG.ASM:1979,
BFLP1,2,/Users/j.harris/code/cruisin-usa/BONUS.ASM:1122,/Users/j.harris/code/cruisin-usa/BONUS.ASM:1168,
BGD_RFND,2,/Users/j.harris/code/cruisin-usa/BACKGRND.ASM:1307,/Users/j.harris/code/cruisin-usa/BACKGRND.ASM:1314,
BGD_SLP,2,/Users/j.harris/code/cruisin-usa/BACKGRND.ASM:269,/Users/j.harris/code/cruisin-usa/BACKGRND.ASM:279,
BHI,2,/Users/j.harris/code/cruisin-usa/ROUTS.ASM:284,/Users/j.harris/code/cruisin-usa/ROUTS.ASM:614,
BHID,2,/Users/j.harris/code/cruisin-usa/ROUTS.ASM:196,/Users/j.harris/code/cruisin-usa/ROUTS.ASM:537,
BIGBUFFER,2,/Users/j.harris/code/cruisin-usa/BONUS.ASM:88,/Users/j.harris/code/cruisin-usa/BONUS.ASM:89,
BIGLOOP,2,/Users/j.harris/code/cruisin-usa/ERROR.ASM:223,/Users/j.harris/code/cruisin-usa/ERROR.ASM:302,
BLAHBLAH,2,/Users/j.harris/code/cruisin-usa/HUD.ASM:127,/Users/j.harris/code/cruisin-usa/HUD.ASM:153,
BML,2,/Users/j.harris/code/cruisin-usa/BONUS.ASM:1748,/Users/j.harris/code/cruisin-usa/BONUS.ASM:1793,
BML2,2,/Users/j.harris/code/cruisin-usa/BONUS.ASM:1820,/Users/j.harris/code/cruisin-usa/BONUS.ASM:1844,
BNED,2,/Users/j.harris/code/cruisin-usa/ROADBLCK.ASM:258,/Users/j.harris/code/cruisin-usa/CUSA.ASM:1173,
bnout1,2,/Users/j.harris/code/cruisin-usa/DRONES.ASM:1493,/Users/j.harris/code/cruisin-usa/SMOKE.ASM:30,
bnout10,2,/Users/j.harris/code/cruisin-usa/SMOKE.ASM:28,/Users/j.harris/code/cruisin-usa/SMOKE.ASM:30,
bnout12,2,/Users/j.harris/code/cruisin-usa/SMOKE.ASM:28,/Users/j.harris/code/cruisin-usa/SMOKE.ASM:31,
bnout14,2,/Users/j.harris/code/cruisin-usa/SMOKE.ASM:28,/Users/j.harris/code/cruisin-usa/SMOKE.ASM:31,
bnout16,2,/Users/j.harris/code/cruisin-usa/SMOKE.ASM:28,/Users/j.harris/code/cruisin-usa/SMOKE.ASM:31,
bnout3,2,/Users/j.harris/code/cruisin-usa/DRONES.ASM:1497,/Users/j.harris/code/cruisin-usa/SMOKE.ASM:30,
bnout5,2,/Users/j.harris/code/cruisin-usa/DRONES.ASM:1501,/Users/j.harris/code/cruisin-usa/SMOKE.ASM:30,
bnout7,2,/Users/j.harris/code/cruisin-usa/DRONES.ASM:1505,/Users/j.harris/code/cruisin-usa/SMOKE.ASM:30,
bnout9,2,/Users/j.harris/code/cruisin-usa/DRONES.ASM:1509,/Users/j.harris/code/cruisin-usa/SMOKE.ASM:30,
BONHTLP,2,/Users/j.harris/code/cruisin-usa/BONUS.ASM:1967,/Users/j.harris/code/cruisin-usa/BONUS.ASM:1998,
BONHTLP2,2,/Users/j.harris/code/cruisin-usa/BONUS.ASM:2001,/Users/j.harris/code/cruisin-usa/BONUS.ASM:2028,
BONUS_POSTLAUNCH,2,/Users/j.harris/code/cruisin-usa/BONUS.ASM:91,/Users/j.harris/code/cruisin-usa/BONUS.ASM:93,
BONUS_WAIT_LP,2,/Users/j.harris/code/cruisin-usa/PLYR.ASM:253,/Users/j.harris/code/cruisin-usa/PLYR.ASM:261,
BOOKR,2,/Users/j.harris/code/cruisin-usa/DIAG.ASM:2530,/Users/j.harris/code/cruisin-usa/DIAG.ASM:2534,
BOTX,2,/Users/j.harris/code/cruisin-usa/PLYR.ASM:3215,/Users/j.harris/code/cruisin-usa/PLYR.ASM:3223,
BOUGHRAU,2,/Users/j.harris/code/cruisin-usa/TRACKSEL.ASM:490,/Users/j.harris/code/cruisin-usa/TRACKSEL.ASM:563,
BOXSCRAM,2,/Users/j.harris/code/cruisin-usa/COLLA.ASM:143,/Users/j.harris/code/cruisin-usa/COLLA.ASM:144,
BPL1,2,/Users/j.harris/code/cruisin-usa/BONUS.ASM:2137,/Users/j.harris/code/cruisin-usa/BONUS.ASM:2159,
BPL2,2,/Users/j.harris/code/cruisin-usa/BONUS.ASM:2164,/Users/j.harris/code/cruisin-usa/BONUS.ASM:2180,
BPL3,2,/Users/j.harris/code/cruisin-usa/BONUS.ASM:2184,/Users/j.harris/code/cruisin-usa/BONUS.ASM:2205,
BRAKEMN,2,/Users/j.harris/code/cruisin-usa/PLYR.ASM:2161,/Users/j.harris/code/cruisin-usa/PLYR.ASM:3487,
BRAKEMX,2,/Users/j.harris/code/cruisin-usa/PLYR.ASM:2167,/Users/j.harris/code/cruisin-usa/PLYR.ASM:3488,
BRAKEOFF,2,/Users/j.harris/code/cruisin-usa/PLYR.ASM:2165,/Users/j.harris/code/cruisin-usa/PLYR.ASM:2184,
BRAKSNDX,2,/Users/j.harris/code/cruisin-usa/PLYR.ASM:3298,/Users/j.harris/code/cruisin-usa/PLYR.ASM:3302,
BREAKDNSLP,2,/Users/j.harris/code/cruisin-usa/SIGMA.ASM:491,/Users/j.harris/code/cruisin-usa/SIGMA.ASM:512,
BREAKDOWNLP,2,/Users/j.harris/code/cruisin-usa/SIGMA.ASM:488,/Users/j.harris/code/cruisin-usa/SIGMA.ASM:514,
BREAKOBJ,2,/Users/j.harris/code/cruisin-usa/DIRQ.ASM:225,/Users/j.harris/code/cruisin-usa/DIRQ.ASM:230,
BS0,2,/Users/j.harris/code/cruisin-usa/COLLA.ASM:194,/Users/j.harris/code/cruisin-usa/COLLA.ASM:242,
BS1,2,/Users/j.harris/code/cruisin-usa/COLLA.ASM:201,/Users/j.harris/code/cruisin-usa/COLLA.ASM:214,
BS10,2,/Users/j.harris/code/cruisin-usa/COLLA.ASM:233,/Users/j.harris/code/cruisin-usa/COLLA.ASM:237,
BS2,2,/Users/j.harris/code/cruisin-usa/COLLA.ASM:210,/Users/j.harris/code/cruisin-usa/COLLA.ASM:224,
BS3X,2,/Users/j.harris/code/cruisin-usa/COLLA.ASM:176,/Users/j.harris/code/cruisin-usa/COLLA.ASM:180,
BSCX,2,/Users/j.harris/code/cruisin-usa/COLLA.ASM:191,/Users/j.harris/code/cruisin-usa/COLLA.ASM:248,
BSPX,2,/Users/j.harris/code/cruisin-usa/ROADKILL.ASM:1174,/Users/j.harris/code/cruisin-usa/ROADKILL.ASM:1198,
BSRDLP,2,/Users/j.harris/code/cruisin-usa/COLLA.ASM:231,/Users/j.harris/code/cruisin-usa/COLLA.ASM:239,
BUILD_LIST,2,/Users/j.harris/code/cruisin-usa/OBJ.EQU:34,/Users/j.harris/code/cruisin-usa/GLOBALS.EQU:34,
bullet_grape,2,/Users/j.harris/code/cruisin-usa/WAVE.ASM:954,/Users/j.harris/code/cruisin-usa/RACER.ASM:28,
bullet_plat,2,/Users/j.harris/code/cruisin-usa/WAVE.ASM:953,/Users/j.harris/code/cruisin-usa/RACER.ASM:27,
BUSTUP0,2,/Users/j.harris/code/cruisin-usa/DIRQ.ASM:1881,/Users/j.harris/code/cruisin-usa/DIRQ.ASM:1886,
BUTLITE,2,/Users/j.harris/code/cruisin-usa/CUSA.ASM:1483,/Users/j.harris/code/cruisin-usa/CUSA.ASM:2093,
BVD,2,/Users/j.harris/code/cruisin-usa/ROUTS.ASM:192,/Users/j.harris/code/cruisin-usa/ROUTS.ASM:533,
CALLLT,2,/Users/j.harris/code/cruisin-usa/PLYR.ASM:669,/Users/j.harris/code/cruisin-usa/COMMQ.ASM:540,
CAM3RD,2,/Users/j.harris/code/cruisin-usa/PLYR.ASM:840,/Users/j.harris/code/cruisin-usa/PLYR.ASM:894,
CAM3RDX,2,/Users/j.harris/code/cruisin-usa/PLYR.ASM:890,/Users/j.harris/code/cruisin-usa/PLYR.ASM:988,
CAMBAD1,2,/Users/j.harris/code/cruisin-usa/PLYR.ASM:951,/Users/j.harris/code/cruisin-usa/PLYR.ASM:956,
CAMROT1,2,/Users/j.harris/code/cruisin-usa/PLYR.ASM:1243,/Users/j.harris/code/cruisin-usa/PLYR.ASM:1246,
CAMROT2,2,/Users/j.harris/code/cruisin-usa/PLYR.ASM:1245,/Users/j.harris/code/cruisin-usa/PLYR.ASM:1250,
CAMSCANS,2,/Users/j.harris/code/cruisin-usa/COLLA.ASM:63,/Users/j.harris/code/cruisin-usa/COLLA.ASM:72,
CANADA2,2,/Users/j.harris/code/cruisin-usa/COINTAB.ASM:807,/Users/j.harris/code/cruisin-usa/COINTAB.ASM:1579,
CANADA3,2,/Users/j.harris/code/cruisin-usa/COINTAB.ASM:821,/Users/j.harris/code/cruisin-usa/COINTAB.ASM:1579,
CANADA_MENU,2,/Users/j.harris/code/cruisin-usa/DIAG.ASM:1841,/Users/j.harris/code/cruisin-usa/DIAG.ASM:1970,
CANILP,2,/Users/j.harris/code/cruisin-usa/CHOPPER.ASM:1173,/Users/j.harris/code/cruisin-usa/CHOPPER.ASM:1188,
CANSTART,2,/Users/j.harris/code/cruisin-usa/INTRO.ASM:3141,/Users/j.harris/code/cruisin-usa/INTRO.ASM:3152,
CAR_FIRE_ANI,2,/Users/j.harris/code/cruisin-usa/BACKGRND.ASM:1500,/Users/j.harris/code/cruisin-usa/BACKGRND.ASM:1501,
caravan,2,/Users/j.harris/code/cruisin-usa/WAVE.ASM:787,/Users/j.harris/code/cruisin-usa/WAVE.ASM:926,
caravan_redyelo,2,/Users/j.harris/code/cruisin-usa/WAVE.ASM:946,/Users/j.harris/code/cruisin-usa/WAVE.ASM:956,
caravan_yelogrey,2,/Users/j.harris/code/cruisin-usa/WAVE.ASM:946,/Users/j.harris/code/cruisin-usa/WAVE.ASM:958,
CARBODY,2,/Users/j.harris/code/cruisin-usa/UTIL.ASM:796,/Users/j.harris/code/cruisin-usa/UTIL.ASM:836,
CARFLP,2,/Users/j.harris/code/cruisin-usa/RROAD.ASM:205,/Users/j.harris/code/cruisin-usa/RROAD.ASM:368,
CARFORWARDLP,2,/Users/j.harris/code/cruisin-usa/BACKGRND.ASM:1428,/Users/j.harris/code/cruisin-usa/BACKGRND.ASM:1452,
CARPARAMTAB1,2,/Users/j.harris/code/cruisin-usa/PLYR.ASM:128,/Users/j.harris/code/cruisin-usa/PLYR.ASM:145,
CARRWHL,2,/Users/j.harris/code/cruisin-usa/UTIL.ASM:802,/Users/j.harris/code/cruisin-usa/UTIL.ASM:818,
CARSCL0,2,/Users/j.harris/code/cruisin-usa/COLLA.ASM:1202,/Users/j.harris/code/cruisin-usa/COLLA.ASM:1223,
CARSCLP0,2,/Users/j.harris/code/cruisin-usa/COLLA.ASM:1208,/Users/j.harris/code/cruisin-usa/COLLA.ASM:1230,
CARSUP,2,/Users/j.harris/code/cruisin-usa/BACKGRND.ASM:1359,/Users/j.harris/code/cruisin-usa/BACKGRND.ASM:1391,
CARV_ERR,2,/Users/j.harris/code/cruisin-usa/PLYR.ASM:180,/Users/j.harris/code/cruisin-usa/PLYR.ASM:236,
cbus,2,/Users/j.harris/code/cruisin-usa/COLLA.ASM:1991,/Users/j.harris/code/cruisin-usa/WAVE.ASM:763,
CCC,2,/Users/j.harris/code/cruisin-usa/INTRO.ASM:3708,/Users/j.harris/code/cruisin-usa/INTRO.ASM:3711,
CCD2A,2,/Users/j.harris/code/cruisin-usa/DIAG.ASM:2685,/Users/j.harris/code/cruisin-usa/DIAG.ASM:2689,
CCK1,2,/Users/j.harris/code/cruisin-usa/PLYR.ASM:1089,/Users/j.harris/code/cruisin-usa/PLYR.ASM:1093,
CCKX,2,/Users/j.harris/code/cruisin-usa/PLYR.ASM:1063,/Users/j.harris/code/cruisin-usa/PLYR.ASM:1119,
CCLP,2,/Users/j.harris/code/cruisin-usa/INTRO.ASM:1527,/Users/j.harris/code/cruisin-usa/INTRO.ASM:1551,
CCTAB,2,/Users/j.harris/code/cruisin-usa/INTRO.ASM:1245,/Users/j.harris/code/cruisin-usa/INTRO.ASM:1251,
CHAHC,2,/Users/j.harris/code/cruisin-usa/INTRO.ASM:378,/Users/j.harris/code/cruisin-usa/INTRO.ASM:383,
CHEATCK,2,/Users/j.harris/code/cruisin-usa/PLYR.ASM:1046,/Users/j.harris/code/cruisin-usa/PLYR.ASM:1058,
CHECK2,2,/Users/j.harris/code/cruisin-usa/BACKGRND.ASM:862,/Users/j.harris/code/cruisin-usa/BACKGRND.ASM:885,
CHECK2II,2,/Users/j.harris/code/cruisin-usa/BACKGRND.ASM:869,/Users/j.harris/code/cruisin-usa/BACKGRND.ASM:934,
CHECK_AS_RAM,2,/Users/j.harris/code/cruisin-usa/MEMTEST.ASM:472,/Users/j.harris/code/cruisin-usa/MEMTEST.ASM:495,
CHECK_CMOS,2,/Users/j.harris/code/cruisin-usa/CMOS.EQU:318,/Users/j.harris/code/cruisin-usa/GLOBALS.EQU:93,
CHECK_CREDITSLP,2,/Users/j.harris/code/cruisin-usa/COIN.ASM:146,/Users/j.harris/code/cruisin-usa/COIN.ASM:179,
CHECK_CREDITSX,2,/Users/j.harris/code/cruisin-usa/COIN.ASM:134,/Users/j.harris/code/cruisin-usa/COIN.ASM:207,
CHECK_SKID,2,/Users/j.harris/code/cruisin-usa/SMOKE.ASM:164,/Users/j.harris/code/cruisin-usa/SMOKE.ASM:169,
CHECKHIT,2,/Users/j.harris/code/cruisin-usa/INTRO.ASM:3481,/Users/j.harris/code/cruisin-usa/INTRO.ASM:3568,
CHECKSUM,2,/Users/j.harris/code/cruisin-usa/MEMTEST.ASM:29,/Users/j.harris/code/cruisin-usa/CUSA.ASM:43,
chicago_PALETTES,2,/Users/j.harris/code/cruisin-usa/SETUPS.ASM:64,/Users/j.harris/code/cruisin-usa/SETUPS.ASM:756,
CHISPRIB,2,/Users/j.harris/code/cruisin-usa/HEADS.ASM:370,/Users/j.harris/code/cruisin-usa/HEADS.ASM:379,
CHKPCREDITS,2,/Users/j.harris/code/cruisin-usa/COIN.ASM:979,/Users/j.harris/code/cruisin-usa/COIN.ASM:993,
CHNG,2,/Users/j.harris/code/cruisin-usa/DIAG.ASM:2796,/Users/j.harris/code/cruisin-usa/DIAG.ASM:2800,
CHNGDV,2,/Users/j.harris/code/cruisin-usa/DIAG.ASM:3159,/Users/j.harris/code/cruisin-usa/DIAG.ASM:3168,
CHOPPER_SLP,2,/Users/j.harris/code/cruisin-usa/CHOPPER.ASM:800,/Users/j.harris/code/cruisin-usa/CHOPPER.ASM:1014,
CHOPPERDYNA,2,/Users/j.harris/code/cruisin-usa/CHOPPER.ASM:60,/Users/j.harris/code/cruisin-usa/CHOPPER.ASM:1122,
CK_LINK_DISP,2,/Users/j.harris/code/cruisin-usa/DRONES.ASM:447,/Users/j.harris/code/cruisin-usa/DRONES.ASM:458,
CKCXPASS,2,/Users/j.harris/code/cruisin-usa/RHO.ASM:636,/Users/j.harris/code/cruisin-usa/RHO.ASM:640,
CKLP,2,/Users/j.harris/code/cruisin-usa/DIRQ.ASM:1542,/Users/j.harris/code/cruisin-usa/DIRQ.ASM:1552,
CKPCOL,2,/Users/j.harris/code/cruisin-usa/RACER.ASM:433,/Users/j.harris/code/cruisin-usa/RACER.ASM:620,
CKSTEALTH,2,/Users/j.harris/code/cruisin-usa/RACER.ASM:359,/Users/j.harris/code/cruisin-usa/RACER.ASM:417,
CKTHX,2,/Users/j.harris/code/cruisin-usa/RACER.ASM:785,/Users/j.harris/code/cruisin-usa/RACER.ASM:788,
CKTLX,2,/Users/j.harris/code/cruisin-usa/RACER.ASM:776,/Users/j.harris/code/cruisin-usa/RACER.ASM:779,
CKTRANSHI,2,/Users/j.harris/code/cruisin-usa/RACER.ASM:679,/Users/j.harris/code/cruisin-usa/RACER.ASM:783,
CKTRANSLO,2,/Users/j.harris/code/cruisin-usa/RACER.ASM:722,/Users/j.harris/code/cruisin-usa/RACER.ASM:774,
CL1,2,/Users/j.harris/code/cruisin-usa/DIAG.ASM:2607,/Users/j.harris/code/cruisin-usa/DIAG.ASM:2612,
CLCKLP,2,/Users/j.harris/code/cruisin-usa/DIRQ.ASM:1782,/Users/j.harris/code/cruisin-usa/DIRQ.ASM:1792,
CLDSCL1,2,/Users/j.harris/code/cruisin-usa/COLLA.ASM:2937,/Users/j.harris/code/cruisin-usa/COLLA.ASM:2950,
CLDSCLP0,2,/Users/j.harris/code/cruisin-usa/COLLA.ASM:2915,/Users/j.harris/code/cruisin-usa/COLLA.ASM:2945,
CLEARIT,2,/Users/j.harris/code/cruisin-usa/COIN.ASM:1311,/Users/j.harris/code/cruisin-usa/COIN.ASM:1343,
CLIP0,2,/Users/j.harris/code/cruisin-usa/DIRQ.ASM:1704,/Users/j.harris/code/cruisin-usa/DIRQ.ASM:1859,
CLIPDONE,2,/Users/j.harris/code/cruisin-usa/DIRQ.ASM:1706,/Users/j.harris/code/cruisin-usa/DIRQ.ASM:2079,
CLIPIT,2,/Users/j.harris/code/cruisin-usa/DIRQ.ASM:1422,/Users/j.harris/code/cruisin-usa/DIRQ.ASM:1476,
CLIPIT_1,2,/Users/j.harris/code/cruisin-usa/DIRQ.ASM:2343,/Users/j.harris/code/cruisin-usa/DIRQ.ASM:2398,
CLLL1,2,/Users/j.harris/code/cruisin-usa/COLLA.ASM:1535,/Users/j.harris/code/cruisin-usa/COLLA.ASM:1537,
CLR_CRED,2,/Users/j.harris/code/cruisin-usa/DIAG.ASM:2663,/Users/j.harris/code/cruisin-usa/DIAG.ASM:2675,
CM1,2,/Users/j.harris/code/cruisin-usa/COMM.ASM:232,/Users/j.harris/code/cruisin-usa/COMM.ASM:234,
CM2,2,/Users/j.harris/code/cruisin-usa/COMM.ASM:268,/Users/j.harris/code/cruisin-usa/COMM.ASM:274,
CM3,2,/Users/j.harris/code/cruisin-usa/COMM.ASM:276,/Users/j.harris/code/cruisin-usa/COMM.ASM:282,
CM_ISERROR,2,/Users/j.harris/code/cruisin-usa/MEMTEST.ASM:660,/Users/j.harris/code/cruisin-usa/MEMTEST.ASM:677,
CME_NO_MOTION_ERRORS,2,/Users/j.harris/code/cruisin-usa/MOTION.ASM:1796,/Users/j.harris/code/cruisin-usa/MOTION.ASM:1803,
CMESSAGE_TAB,2,/Users/j.harris/code/cruisin-usa/DIAG.ASM:3319,/Users/j.harris/code/cruisin-usa/DIAG.ASM:3342,
CMS0,2,/Users/j.harris/code/cruisin-usa/COLLA.ASM:79,/Users/j.harris/code/cruisin-usa/COLLA.ASM:112,
CMS1,2,/Users/j.harris/code/cruisin-usa/COLLA.ASM:83,/Users/j.harris/code/cruisin-usa/COLLA.ASM:95,
CMS1L,2,/Users/j.harris/code/cruisin-usa/COLLA.ASM:107,/Users/j.harris/code/cruisin-usa/COLLA.ASM:109,
CMS2,2,/Users/j.harris/code/cruisin-usa/COLLA.ASM:91,/Users/j.harris/code/cruisin-usa/COLLA.ASM:105,
CNTNA,2,/Users/j.harris/code/cruisin-usa/LEG.ASM:247,/Users/j.harris/code/cruisin-usa/LEG.ASM:249,
CNTNB,2,/Users/j.harris/code/cruisin-usa/LEG.ASM:275,/Users/j.harris/code/cruisin-usa/LEG.ASM:277,
CNTNB2,2,/Users/j.harris/code/cruisin-usa/LEG.ASM:305,/Users/j.harris/code/cruisin-usa/LEG.ASM:307,
CODE,2,/Users/j.harris/code/cruisin-usa/DIAG.ASM:3779,/Users/j.harris/code/cruisin-usa/DIAG.ASM:3780,
COIN_CNTDOWN_LP,2,/Users/j.harris/code/cruisin-usa/INTRO.ASM:3648,/Users/j.harris/code/cruisin-usa/INTRO.ASM:3663,
COIN_TABLEEND,2,/Users/j.harris/code/cruisin-usa/COINTAB.ASM:47,/Users/j.harris/code/cruisin-usa/COINTAB.ASM:1519,
COINMSGC_TAB,2,/Users/j.harris/code/cruisin-usa/COINTAB.ASM:50,/Users/j.harris/code/cruisin-usa/COINTAB.ASM:57,
COLCHKX,2,/Users/j.harris/code/cruisin-usa/COLLA.ASM:4009,/Users/j.harris/code/cruisin-usa/COLLA.ASM:4020,
COLIN1,2,/Users/j.harris/code/cruisin-usa/COLLA.ASM:3157,/Users/j.harris/code/cruisin-usa/COLLA.ASM:3161,
COLSCCX,2,/Users/j.harris/code/cruisin-usa/COLLA.ASM:1097,/Users/j.harris/code/cruisin-usa/COLLA.ASM:1111,
COLSCLP0,2,/Users/j.harris/code/cruisin-usa/COLLA.ASM:2848,/Users/j.harris/code/cruisin-usa/COLLA.ASM:2888,
COLSND,2,/Users/j.harris/code/cruisin-usa/COLLA.ASM:3050,/Users/j.harris/code/cruisin-usa/COLLA.ASM:3849,
COLSND1,2,/Users/j.harris/code/cruisin-usa/COLLA.ASM:3869,/Users/j.harris/code/cruisin-usa/COLLA.ASM:3875,
COLSNDX,2,/Users/j.harris/code/cruisin-usa/COLLA.ASM:3880,/Users/j.harris/code/cruisin-usa/COLLA.ASM:3889,
COMM_HOLDFORA2D,2,/Users/j.harris/code/cruisin-usa/COMM.ASM:211,/Users/j.harris/code/cruisin-usa/COMM.ASM:214,
COMM_MASTER_ERR_X,2,/Users/j.harris/code/cruisin-usa/COMM.ASM:607,/Users/j.harris/code/cruisin-usa/COMM.ASM:655,
COMM_SLAVE_ERR_X,2,/Users/j.harris/code/cruisin-usa/COMM.ASM:1139,/Users/j.harris/code/cruisin-usa/COMM.ASM:1181,
COMM_SLAVE_NREADY,2,/Users/j.harris/code/cruisin-usa/COMM.ASM:32,/Users/j.harris/code/cruisin-usa/COMM.ASM:39,
COMMDRNE_LP,2,/Users/j.harris/code/cruisin-usa/COMMDRNE.ASM:293,/Users/j.harris/code/cruisin-usa/COMMDRNE.ASM:309,
COMMQ_STATUS,2,/Users/j.harris/code/cruisin-usa/COMM.EQU:138,/Users/j.harris/code/cruisin-usa/GLOBALS.EQU:197,
CONSTANT,2,/Users/j.harris/code/cruisin-usa/MACS.EQU:60,/Users/j.harris/code/cruisin-usa/MACS.EQU:62,
CONT,2,/Users/j.harris/code/cruisin-usa/COMP.ASM:355,/Users/j.harris/code/cruisin-usa/COMP.ASM:361,
CONTIN,2,/Users/j.harris/code/cruisin-usa/DRONES.ASM:222,/Users/j.harris/code/cruisin-usa/DRONES.ASM:224,
copcar,2,/Users/j.harris/code/cruisin-usa/INTRO.ASM:2333,/Users/j.harris/code/cruisin-usa/WAVE.ASM:771,
copcar_p,2,/Users/j.harris/code/cruisin-usa/WAVE.ASM:771,/Users/j.harris/code/cruisin-usa/WAVE.ASM:836,
COPCARTAB,2,/Users/j.harris/code/cruisin-usa/WAVE.ASM:454,/Users/j.harris/code/cruisin-usa/WAVE.ASM:836,
CORNOBJ,2,/Users/j.harris/code/cruisin-usa/SETUPS.ASM:20,/Users/j.harris/code/cruisin-usa/BACKGRND.ASM:19,
COUNTDOWN_BUF,2,/Users/j.harris/code/cruisin-usa/HUD.ASM:28,/Users/j.harris/code/cruisin-usa/HUD.ASM:29,
COUNTRY_DEFAULTS,2,/Users/j.harris/code/cruisin-usa/COINTAB.ASM:49,/Users/j.harris/code/cruisin-usa/COINTAB.ASM:1575,
COUNTRY_DEFAULTS_END,2,/Users/j.harris/code/cruisin-usa/COINTAB.ASM:52,/Users/j.harris/code/cruisin-usa/COINTAB.ASM:1597,
COUNTRY_MENUTAB,2,/Users/j.harris/code/cruisin-usa/DIAG.ASM:1963,/Users/j.harris/code/cruisin-usa/DIAG.ASM:1966,
COUNTRY_TAB,2,/Users/j.harris/code/cruisin-usa/COINTAB.ASM:48,/Users/j.harris/code/cruisin-usa/COINTAB.ASM:1550,
COW_DIE,2,/Users/j.harris/code/cruisin-usa/ROADKILL.ASM:436,/Users/j.harris/code/cruisin-usa/ROADKILL.ASM:464,
COW_PARTS,2,/Users/j.harris/code/cruisin-usa/ROADKILL.ASM:37,/Users/j.harris/code/cruisin-usa/ROADKILL.ASM:601,
COW_SLEEP,2,/Users/j.harris/code/cruisin-usa/ROADKILL.ASM:460,/Users/j.harris/code/cruisin-usa/ROADKILL.ASM:462,
COW_WAIT,2,/Users/j.harris/code/cruisin-usa/ROADKILL.ASM:440,/Users/j.harris/code/cruisin-usa/ROADKILL.ASM:458,
CPBTT,2,/Users/j.harris/code/cruisin-usa/DIAG.ASM:2971,/Users/j.harris/code/cruisin-usa/DIAG.ASM:2977,
CPBTT2,2,/Users/j.harris/code/cruisin-usa/DIAG.ASM:2972,/Users/j.harris/code/cruisin-usa/DIAG.ASM:2978,
CPL_LP,2,/Users/j.harris/code/cruisin-usa/INTRO.ASM:3734,/Users/j.harris/code/cruisin-usa/INTRO.ASM:3750,
CPS,2,/Users/j.harris/code/cruisin-usa/DIAG.ASM:3309,/Users/j.harris/code/cruisin-usa/DIAG.ASM:3314,
CRL1,2,/Users/j.harris/code/cruisin-usa/HSTDP.ASM:2517,/Users/j.harris/code/cruisin-usa/HSTDP.ASM:2521,
CRLL,2,/Users/j.harris/code/cruisin-usa/HSTDP.ASM:2515,/Users/j.harris/code/cruisin-usa/HSTDP.ASM:2518,
CRLLOOP,2,/Users/j.harris/code/cruisin-usa/HSTDP.ASM:2466,/Users/j.harris/code/cruisin-usa/HSTDP.ASM:2507,
CRT_REG_SETUP_STR,2,/Users/j.harris/code/cruisin-usa/CUSA.ASM:1592,/Users/j.harris/code/cruisin-usa/CUSA.ASM:1594,
CRTCTLRAM,2,/Users/j.harris/code/cruisin-usa/GLOBALS.EQU:647,/Users/j.harris/code/cruisin-usa/UTIL.ASM:29,
CRUISE,2,/Users/j.harris/code/cruisin-usa/TRACKSEL.ASM:42,/Users/j.harris/code/cruisin-usa/TRACKSEL.ASM:342,
CRUISE2,2,/Users/j.harris/code/cruisin-usa/TRACKSEL.ASM:43,/Users/j.harris/code/cruisin-usa/TRACKSEL.ASM:820,
CRUISE3,2,/Users/j.harris/code/cruisin-usa/TRACKSEL.ASM:44,/Users/j.harris/code/cruisin-usa/TRACKSEL.ASM:828,
CRX,2,/Users/j.harris/code/cruisin-usa/COLLA.ASM:612,/Users/j.harris/code/cruisin-usa/COLLA.ASM:654,
CS1,2,/Users/j.harris/code/cruisin-usa/COMM.ASM:767,/Users/j.harris/code/cruisin-usa/COMM.ASM:770,
CS2,2,/Users/j.harris/code/cruisin-usa/COMM.ASM:772,/Users/j.harris/code/cruisin-usa/COMM.ASM:780,
CS20,2,/Users/j.harris/code/cruisin-usa/COMM.ASM:783,/Users/j.harris/code/cruisin-usa/COMM.ASM:788,
CS3,2,/Users/j.harris/code/cruisin-usa/COMM.ASM:816,/Users/j.harris/code/cruisin-usa/COMM.ASM:822,
CSERRORDEAD,2,/Users/j.harris/code/cruisin-usa/COMM.ASM:798,/Users/j.harris/code/cruisin-usa/COMM.ASM:1168,
CSPX,2,/Users/j.harris/code/cruisin-usa/ROADKILL.ASM:395,/Users/j.harris/code/cruisin-usa/ROADKILL.ASM:424,
CTELP,2,/Users/j.harris/code/cruisin-usa/HSTDP.ASM:629,/Users/j.harris/code/cruisin-usa/HSTDP.ASM:635,
CTEX,2,/Users/j.harris/code/cruisin-usa/HSTDP.ASM:631,/Users/j.harris/code/cruisin-usa/HSTDP.ASM:637,
CTLP,2,/Users/j.harris/code/cruisin-usa/TRANS.ASM:119,/Users/j.harris/code/cruisin-usa/TRANS.ASM:149,
CURBCKL,2,/Users/j.harris/code/cruisin-usa/PLYR.ASM:2606,/Users/j.harris/code/cruisin-usa/PLYR.ASM:2614,
CURBCKX,2,/Users/j.harris/code/cruisin-usa/PLYR.ASM:2608,/Users/j.harris/code/cruisin-usa/PLYR.ASM:2622,
CURBCOL,2,/Users/j.harris/code/cruisin-usa/PLYR.ASM:2726,/Users/j.harris/code/cruisin-usa/PLYR.ASM:2732,
CURBCOL1,2,/Users/j.harris/code/cruisin-usa/PLYR.ASM:2793,/Users/j.harris/code/cruisin-usa/PLYR.ASM:2795,
CURBCOL1A,2,/Users/j.harris/code/cruisin-usa/PLYR.ASM:2802,/Users/j.harris/code/cruisin-usa/PLYR.ASM:2965,
CURBCOL2,2,/Users/j.harris/code/cruisin-usa/PLYR.ASM:2819,/Users/j.harris/code/cruisin-usa/PLYR.ASM:2823,
CURBCOL2A,2,/Users/j.harris/code/cruisin-usa/PLYR.ASM:2813,/Users/j.harris/code/cruisin-usa/PLYR.ASM:2817,
CURBCOLP,2,/Users/j.harris/code/cruisin-usa/PLYR.ASM:2715,/Users/j.harris/code/cruisin-usa/PLYR.ASM:2728,
CURBSPIN1,2,/Users/j.harris/code/cruisin-usa/PLYR.ASM:2840,/Users/j.harris/code/cruisin-usa/PLYR.ASM:2842,
CURR_RCV_BUFFER,2,/Users/j.harris/code/cruisin-usa/COMM.EQU:137,/Users/j.harris/code/cruisin-usa/GLOBALS.EQU:198,
CUSTOM_COINSTR,2,/Users/j.harris/code/cruisin-usa/COIN.ASM:654,/Users/j.harris/code/cruisin-usa/COIN.ASM:655,
CUSTOM_COINTAB,2,/Users/j.harris/code/cruisin-usa/COIN.ASM:652,/Users/j.harris/code/cruisin-usa/COIN.ASM:653,
CUSTOM_NO,2,/Users/j.harris/code/cruisin-usa/DIAG.ASM:3308,/Users/j.harris/code/cruisin-usa/DIAG.ASM:3311,
CUSTOM_PRICING_MENU,2,/Users/j.harris/code/cruisin-usa/DIAG.ASM:2175,/Users/j.harris/code/cruisin-usa/DIAG.ASM:3261,
cvette_p,2,/Users/j.harris/code/cruisin-usa/INTRO.ASM:2044,/Users/j.harris/code/cruisin-usa/WAVE.ASM:715,
cvettem,2,/Users/j.harris/code/cruisin-usa/INTRO.ASM:1252,/Users/j.harris/code/cruisin-usa/DRONES.ASM:1706,
CYCLEOUT,2,/Users/j.harris/code/cruisin-usa/INTRO.ASM:3175,/Users/j.harris/code/cruisin-usa/INTRO.ASM:3185,
CYCLP,2,/Users/j.harris/code/cruisin-usa/TRANS.ASM:1121,/Users/j.harris/code/cruisin-usa/TRANS.ASM:1132,
CYN_YES,2,/Users/j.harris/code/cruisin-usa/DIAG.ASM:2810,/Users/j.harris/code/cruisin-usa/DIAG.ASM:2815,
CYNLOOP,2,/Users/j.harris/code/cruisin-usa/DIAG.ASM:2772,/Users/j.harris/code/cruisin-usa/DIAG.ASM:2805,
d2copcar,2,/Users/j.harris/code/cruisin-usa/WAVE.ASM:771,/Users/j.harris/code/cruisin-usa/WAVE.ASM:836,
d2gtruck,2,/Users/j.harris/code/cruisin-usa/WAVE.ASM:747,/Users/j.harris/code/cruisin-usa/WAVE.ASM:844,
DADA5,2,/Users/j.harris/code/cruisin-usa/DIAG.ASM:2275,/Users/j.harris/code/cruisin-usa/DIAG.ASM:2288,
DAILY_HSTDI,2,/Users/j.harris/code/cruisin-usa/CMOS.EQU:307,/Users/j.harris/code/cruisin-usa/GLOBALS.EQU:95,
DAIRB,2,/Users/j.harris/code/cruisin-usa/PLYR.ASM:1434,/Users/j.harris/code/cruisin-usa/PLYR.ASM:1440,
DAS,2,/Users/j.harris/code/cruisin-usa/DIAG.ASM:2488,/Users/j.harris/code/cruisin-usa/DIAG.ASM:2494,
DBINSLP,2,/Users/j.harris/code/cruisin-usa/ROADBLCK.ASM:186,/Users/j.harris/code/cruisin-usa/ROADBLCK.ASM:258,
DBP_DIE,2,/Users/j.harris/code/cruisin-usa/ROADKILL.ASM:721,/Users/j.harris/code/cruisin-usa/ROADKILL.ASM:761,
DBP_DONE,2,/Users/j.harris/code/cruisin-usa/ROADKILL.ASM:754,/Users/j.harris/code/cruisin-usa/ROADKILL.ASM:758,
DBP_LP,2,/Users/j.harris/code/cruisin-usa/ROADKILL.ASM:751,/Users/j.harris/code/cruisin-usa/ROADKILL.ASM:757,
DBSLP,2,/Users/j.harris/code/cruisin-usa/ROADKILL.ASM:1319,/Users/j.harris/code/cruisin-usa/ROADKILL.ASM:1325,
DBSX,2,/Users/j.harris/code/cruisin-usa/ROADKILL.ASM:1322,/Users/j.harris/code/cruisin-usa/ROADKILL.ASM:1326,
DC_FOUNTAIN_ANI,2,/Users/j.harris/code/cruisin-usa/BACKGRND.ASM:1528,/Users/j.harris/code/cruisin-usa/BACKGRND.ASM:1529,
DC_M_NOP,2,/Users/j.harris/code/cruisin-usa/COMMQ.ASM:487,/Users/j.harris/code/cruisin-usa/COMMQ.ASM:497,
DC_MINIFOUNTAIN_ANI,2,/Users/j.harris/code/cruisin-usa/BACKGRND.ASM:1512,/Users/j.harris/code/cruisin-usa/BACKGRND.ASM:1513,
dcopcar,2,/Users/j.harris/code/cruisin-usa/WAVE.ASM:771,/Users/j.harris/code/cruisin-usa/WAVE.ASM:836,
DCRKX,2,/Users/j.harris/code/cruisin-usa/COMMQ.ASM:1290,/Users/j.harris/code/cruisin-usa/COMMQ.ASM:1304,
DDF1,2,/Users/j.harris/code/cruisin-usa/BONUS.ASM:676,/Users/j.harris/code/cruisin-usa/BONUS.ASM:678,
DDYNA_CARAVAN,2,/Users/j.harris/code/cruisin-usa/WAVE.ASM:792,/Users/j.harris/code/cruisin-usa/WAVE.ASM:891,
DDYNA_CBUS,2,/Users/j.harris/code/cruisin-usa/WAVE.ASM:768,/Users/j.harris/code/cruisin-usa/WAVE.ASM:877,
DDYNA_COPCAR,2,/Users/j.harris/code/cruisin-usa/WAVE.ASM:776,/Users/j.harris/code/cruisin-usa/WAVE.ASM:883,
DDYNA_FTRUCK,2,/Users/j.harris/code/cruisin-usa/WAVE.ASM:760,/Users/j.harris/code/cruisin-usa/WAVE.ASM:873,
DDYNA_GTRUCK,2,/Users/j.harris/code/cruisin-usa/WAVE.ASM:752,/Users/j.harris/code/cruisin-usa/WAVE.ASM:868,
DDYNA_MUSCLE,2,/Users/j.harris/code/cruisin-usa/WAVE.ASM:784,/Users/j.harris/code/cruisin-usa/WAVE.ASM:887,
DDYNA_MUSTANG,2,/Users/j.harris/code/cruisin-usa/WAVE.ASM:816,/Users/j.harris/code/cruisin-usa/WAVE.ASM:903,
DDYNA_PTRUCKG,2,/Users/j.harris/code/cruisin-usa/WAVE.ASM:808,/Users/j.harris/code/cruisin-usa/WAVE.ASM:899,
DDYNA_SBUS,2,/Users/j.harris/code/cruisin-usa/WAVE.ASM:800,/Users/j.harris/code/cruisin-usa/WAVE.ASM:895,
DE1,2,/Users/j.harris/code/cruisin-usa/HSTDP.ASM:467,/Users/j.harris/code/cruisin-usa/HSTDP.ASM:470,
DEADCAR,2,/Users/j.harris/code/cruisin-usa/COLLA.ASM:2515,/Users/j.harris/code/cruisin-usa/COLLA.ASM:2600,
DEADLPA,2,/Users/j.harris/code/cruisin-usa/RROAD.ASM:901,/Users/j.harris/code/cruisin-usa/RROAD.ASM:912,
deal_LP,2,/Users/j.harris/code/cruisin-usa/HUD.ASM:548,/Users/j.harris/code/cruisin-usa/HUD.ASM:552,
deathvalley_PALETTES,2,/Users/j.harris/code/cruisin-usa/SETUPS.ASM:54,/Users/j.harris/code/cruisin-usa/SETUPS.ASM:558,
DEBSCL0,2,/Users/j.harris/code/cruisin-usa/COLLA.ASM:1816,/Users/j.harris/code/cruisin-usa/COLLA.ASM:1832,
DECLPX,2,/Users/j.harris/code/cruisin-usa/COMMQ.ASM:118,/Users/j.harris/code/cruisin-usa/COMMQ.ASM:137,
DECODE_BLOCK,2,/Users/j.harris/code/cruisin-usa/COMMQ.ASM:161,/Users/j.harris/code/cruisin-usa/COMMQ.ASM:162,
DECODE_LP,2,/Users/j.harris/code/cruisin-usa/COMMQ.ASM:120,/Users/j.harris/code/cruisin-usa/COMMQ.ASM:139,
DECODE_NULL,2,/Users/j.harris/code/cruisin-usa/COMMQ.ASM:163,/Users/j.harris/code/cruisin-usa/COMMQ.ASM:357,
DECODE_OM_TRACK,2,/Users/j.harris/code/cruisin-usa/COMMQ.ASM:193,/Users/j.harris/code/cruisin-usa/COMMQ.ASM:1310,
DECODE_STACK,2,/Users/j.harris/code/cruisin-usa/COMP.ASM:111,/Users/j.harris/code/cruisin-usa/COMP.ASM:115,
DECODEL1i,2,/Users/j.harris/code/cruisin-usa/COMP.ASM:471,/Users/j.harris/code/cruisin-usa/COMP.ASM:481,
DECODEL3i,2,/Users/j.harris/code/cruisin-usa/COMP.ASM:472,/Users/j.harris/code/cruisin-usa/COMP.ASM:479,
DECOMPRESS_TOPLP,2,/Users/j.harris/code/cruisin-usa/COMP.ASM:335,/Users/j.harris/code/cruisin-usa/COMP.ASM:441,
DECRHOX,2,/Users/j.harris/code/cruisin-usa/RHO.ASM:825,/Users/j.harris/code/cruisin-usa/RHO.ASM:842,
DECRHOX2,2,/Users/j.harris/code/cruisin-usa/RHO.ASM:822,/Users/j.harris/code/cruisin-usa/RHO.ASM:839,
DEDX,2,/Users/j.harris/code/cruisin-usa/TRANS.ASM:685,/Users/j.harris/code/cruisin-usa/TRANS.ASM:692,
DEER_DIE,2,/Users/j.harris/code/cruisin-usa/ROADKILL.ASM:519,/Users/j.harris/code/cruisin-usa/ROADKILL.ASM:532,
DEER_PARTS,2,/Users/j.harris/code/cruisin-usa/ROADKILL.ASM:39,/Users/j.harris/code/cruisin-usa/ROADKILL.ASM:606,
DEERANI,2,/Users/j.harris/code/cruisin-usa/ROADKILL.ASM:475,/Users/j.harris/code/cruisin-usa/ROADKILL.ASM:478,
DEERANI_LOOP,2,/Users/j.harris/code/cruisin-usa/ROADKILL.ASM:521,/Users/j.harris/code/cruisin-usa/ROADKILL.ASM:531,
DEFAULT,2,/Users/j.harris/code/cruisin-usa/CMOS.ASM:146,/Users/j.harris/code/cruisin-usa/CMOS.ASM:149,
DEL_LLX,2,/Users/j.harris/code/cruisin-usa/UTIL.ASM:600,/Users/j.harris/code/cruisin-usa/UTIL.ASM:613,
DELTA_JOININ,2,/Users/j.harris/code/cruisin-usa/DRONES.ASM:836,/Users/j.harris/code/cruisin-usa/DRONES.ASM:890,
DELTA_LOOP_ENTRY,2,/Users/j.harris/code/cruisin-usa/ATTRDRNE.ASM:114,/Users/j.harris/code/cruisin-usa/ATTRDRNE.ASM:134,
DEMOTHANKS_LIST,2,/Users/j.harris/code/cruisin-usa/ATTRACTA.ASM:358,/Users/j.harris/code/cruisin-usa/ATTRACTA.ASM:365,
DFXX,2,/Users/j.harris/code/cruisin-usa/COLLA.ASM:2713,/Users/j.harris/code/cruisin-usa/COLLA.ASM:2763,
DHHW_LP,2,/Users/j.harris/code/cruisin-usa/BONUS.ASM:341,/Users/j.harris/code/cruisin-usa/BONUS.ASM:386,
DHS0,2,/Users/j.harris/code/cruisin-usa/HSTDP.ASM:2760,/Users/j.harris/code/cruisin-usa/HSTDP.ASM:2766,
DHS1,2,/Users/j.harris/code/cruisin-usa/HSTDP.ASM:2771,/Users/j.harris/code/cruisin-usa/HSTDP.ASM:2787,
DHSNEXT,2,/Users/j.harris/code/cruisin-usa/HSTDP.ASM:2686,/Users/j.harris/code/cruisin-usa/HSTDP.ASM:2699,
DHSNOBUT,2,/Users/j.harris/code/cruisin-usa/HSTDP.ASM:2681,/Users/j.harris/code/cruisin-usa/HSTDP.ASM:2687,
DHSWAIT,2,/Users/j.harris/code/cruisin-usa/HSTDP.ASM:2670,/Users/j.harris/code/cruisin-usa/HSTDP.ASM:2688,
DICT,2,/Users/j.harris/code/cruisin-usa/COMP.ASM:110,/Users/j.harris/code/cruisin-usa/COMP.ASM:114,
DIFFTAB,2,/Users/j.harris/code/cruisin-usa/RACER.ASM:136,/Users/j.harris/code/cruisin-usa/RACER.ASM:137,
DIPLP,2,/Users/j.harris/code/cruisin-usa/DIAG.ASM:895,/Users/j.harris/code/cruisin-usa/DIAG.ASM:903,
DIPTMP,2,/Users/j.harris/code/cruisin-usa/DIAG.ASM:917,/Users/j.harris/code/cruisin-usa/DIAG.ASM:943,
DISPPRCX,2,/Users/j.harris/code/cruisin-usa/MPROC.ASM:224,/Users/j.harris/code/cruisin-usa/MPROC.ASM:255,
div_32,2,/Users/j.harris/code/cruisin-usa/ROUTS.ASM:192,/Users/j.harris/code/cruisin-usa/ROUTS.ASM:243,
div_32b,2,/Users/j.harris/code/cruisin-usa/ROUTS.ASM:291,/Users/j.harris/code/cruisin-usa/ROUTS.ASM:334,
DMOD1,2,/Users/j.harris/code/cruisin-usa/DIAG.ASM:1062,/Users/j.harris/code/cruisin-usa/DIAG.ASM:1175,
DMOD2,2,/Users/j.harris/code/cruisin-usa/DIAG.ASM:1063,/Users/j.harris/code/cruisin-usa/DIAG.ASM:1176,
DMT,2,/Users/j.harris/code/cruisin-usa/DIAG.ASM:1257,/Users/j.harris/code/cruisin-usa/DIAG.ASM:1261,
DN_CHK,2,/Users/j.harris/code/cruisin-usa/MEMTEST.ASM:493,/Users/j.harris/code/cruisin-usa/MEMTEST.ASM:519,
DN_PAGE,2,/Users/j.harris/code/cruisin-usa/CUSA.ASM:777,/Users/j.harris/code/cruisin-usa/CUSA.ASM:781,
DNDNL,2,/Users/j.harris/code/cruisin-usa/HUD.ASM:231,/Users/j.harris/code/cruisin-usa/HUD.ASM:239,
DNF,2,/Users/j.harris/code/cruisin-usa/MOTION.ASM:1463,/Users/j.harris/code/cruisin-usa/MOTION.ASM:1470,
DNFND,2,/Users/j.harris/code/cruisin-usa/LEG.ASM:237,/Users/j.harris/code/cruisin-usa/LEG.ASM:254,
DO_COINAGE,2,/Users/j.harris/code/cruisin-usa/COIN.ASM:784,/Users/j.harris/code/cruisin-usa/COIN.ASM:795,
DO_CREDITS,2,/Users/j.harris/code/cruisin-usa/COIN.ASM:976,/Users/j.harris/code/cruisin-usa/COIN.ASM:980,
DO_DEL,2,/Users/j.harris/code/cruisin-usa/BACKGRND.ASM:428,/Users/j.harris/code/cruisin-usa/BACKGRND.ASM:433,
DO_PLYR,2,/Users/j.harris/code/cruisin-usa/ROADKILL.ASM:219,/Users/j.harris/code/cruisin-usa/ROADKILL.ASM:224,
DO_SMOKE,2,/Users/j.harris/code/cruisin-usa/SMOKE.ASM:160,/Users/j.harris/code/cruisin-usa/SMOKE.ASM:177,
DODIAG,2,/Users/j.harris/code/cruisin-usa/CUSA.ASM:2042,/Users/j.harris/code/cruisin-usa/CUSA.ASM:2048,
DODIEXXX,2,/Users/j.harris/code/cruisin-usa/BONUS.ASM:343,/Users/j.harris/code/cruisin-usa/BONUS.ASM:388,
DOEXIT,2,/Users/j.harris/code/cruisin-usa/DIAG.ASM:2793,/Users/j.harris/code/cruisin-usa/DIAG.ASM:2808,
DOEXITDV,2,/Users/j.harris/code/cruisin-usa/DIAG.ASM:3156,/Users/j.harris/code/cruisin-usa/DIAG.ASM:3198,
DOLSX,2,/Users/j.harris/code/cruisin-usa/TRANS.ASM:437,/Users/j.harris/code/cruisin-usa/TRANS.ASM:460,
DOLX,2,/Users/j.harris/code/cruisin-usa/TRANS.ASM:506,/Users/j.harris/code/cruisin-usa/TRANS.ASM:572,
DOMUS,2,/Users/j.harris/code/cruisin-usa/ATTRACTA.ASM:55,/Users/j.harris/code/cruisin-usa/ATTRACTA.ASM:58,
DONEDSS,2,/Users/j.harris/code/cruisin-usa/DIAG.ASM:708,/Users/j.harris/code/cruisin-usa/DIAG.ASM:722,
DONTABORT,2,/Users/j.harris/code/cruisin-usa/RHO.ASM:339,/Users/j.harris/code/cruisin-usa/RHO.ASM:353,
DONTDEL,2,/Users/j.harris/code/cruisin-usa/SETUPS.ASM:28,/Users/j.harris/code/cruisin-usa/SETUPS.ASM:32,
DOREPEL,2,/Users/j.harris/code/cruisin-usa/COLLA.ASM:1347,/Users/j.harris/code/cruisin-usa/COLLA.ASM:1355,
DORUB,2,/Users/j.harris/code/cruisin-usa/HSTDP.ASM:403,/Users/j.harris/code/cruisin-usa/HSTDP.ASM:412,
DORUT_ANI,2,/Users/j.harris/code/cruisin-usa/BACKGRND.ASM:1723,/Users/j.harris/code/cruisin-usa/BACKGRND.ASM:1812,
DOTEST,2,/Users/j.harris/code/cruisin-usa/ATTRDRNE.ASM:1561,/Users/j.harris/code/cruisin-usa/ATTRDRNE.ASM:1567,
DOTHEMOVE,2,/Users/j.harris/code/cruisin-usa/CHOPPER.ASM:676,/Users/j.harris/code/cruisin-usa/CHOPPER.ASM:680,
DR1,2,/Users/j.harris/code/cruisin-usa/CUSA.ASM:302,/Users/j.harris/code/cruisin-usa/CUSA.ASM:308,
DRCOLSND,2,/Users/j.harris/code/cruisin-usa/COLLA.ASM:3877,/Users/j.harris/code/cruisin-usa/COLLA.ASM:3884,
DRKXX,2,/Users/j.harris/code/cruisin-usa/RHO.ASM:913,/Users/j.harris/code/cruisin-usa/RHO.ASM:923,
DRONELL,2,/Users/j.harris/code/cruisin-usa/COMMDRNE.ASM:399,/Users/j.harris/code/cruisin-usa/COMMDRNE.ASM:401,
DROPLP,2,/Users/j.harris/code/cruisin-usa/DRONES.ASM:1592,/Users/j.harris/code/cruisin-usa/DRONES.ASM:1682,
dsbus,2,/Users/j.harris/code/cruisin-usa/BACKGRND.ASM:1354,/Users/j.harris/code/cruisin-usa/WAVE.ASM:795,
DSL00,2,/Users/j.harris/code/cruisin-usa/OBJ.ASM:1078,/Users/j.harris/code/cruisin-usa/OBJ.ASM:1082,
DSL000,2,/Users/j.harris/code/cruisin-usa/OBJ.ASM:1075,/Users/j.harris/code/cruisin-usa/OBJ.ASM:1079,
DSL1,2,/Users/j.harris/code/cruisin-usa/OBJ.ASM:1099,/Users/j.harris/code/cruisin-usa/OBJ.ASM:1103,
DSL11,2,/Users/j.harris/code/cruisin-usa/OBJ.ASM:1073,/Users/j.harris/code/cruisin-usa/OBJ.ASM:1084,
DSLP,2,/Users/j.harris/code/cruisin-usa/OBJ.ASM:1100,/Users/j.harris/code/cruisin-usa/OBJ.ASM:1105,
DSLP1,2,/Users/j.harris/code/cruisin-usa/OBJ.ASM:1074,/Users/j.harris/code/cruisin-usa/OBJ.ASM:1086,
DSORTL1,2,/Users/j.harris/code/cruisin-usa/OBJ.ASM:1043,/Users/j.harris/code/cruisin-usa/OBJ.ASM:1057,
DSORTL1X,2,/Users/j.harris/code/cruisin-usa/OBJ.ASM:1042,/Users/j.harris/code/cruisin-usa/OBJ.ASM:1046,
DSORTL2,2,/Users/j.harris/code/cruisin-usa/OBJ.ASM:1045,/Users/j.harris/code/cruisin-usa/OBJ.ASM:1054,
DSORTX,2,/Users/j.harris/code/cruisin-usa/OBJ.ASM:976,/Users/j.harris/code/cruisin-usa/ROADBLCK.ASM:173,
DSORTXX,2,/Users/j.harris/code/cruisin-usa/OBJ.ASM:982,/Users/j.harris/code/cruisin-usa/OBJ.ASM:1120,
DSPIN,2,/Users/j.harris/code/cruisin-usa/COLLA.ASM:3656,/Users/j.harris/code/cruisin-usa/COLLA.ASM:3668,
DSPIN0,2,/Users/j.harris/code/cruisin-usa/COLLA.ASM:3690,/Users/j.harris/code/cruisin-usa/COLLA.ASM:3694,
DSPIN1,2,/Users/j.harris/code/cruisin-usa/COLLA.ASM:3680,/Users/j.harris/code/cruisin-usa/COLLA.ASM:3682,
DSPX,2,/Users/j.harris/code/cruisin-usa/ROADKILL.ASM:490,/Users/j.harris/code/cruisin-usa/ROADKILL.ASM:509,
DTLP,2,/Users/j.harris/code/cruisin-usa/ATTRACTA.ASM:381,/Users/j.harris/code/cruisin-usa/ATTRACTA.ASM:390,
DTOLP,2,/Users/j.harris/code/cruisin-usa/TRANS.ASM:417,/Users/j.harris/code/cruisin-usa/TRANS.ASM:424,
DYNALOOP,2,/Users/j.harris/code/cruisin-usa/DIRQ.ASM:909,/Users/j.harris/code/cruisin-usa/DIRQ.ASM:1117,
DYNALP,2,/Users/j.harris/code/cruisin-usa/DIRQ.ASM:1006,/Users/j.harris/code/cruisin-usa/DIRQ.ASM:1032,
DYNASHD,2,/Users/j.harris/code/cruisin-usa/DIRQ.ASM:914,/Users/j.harris/code/cruisin-usa/DIRQ.ASM:1151,
DZSORTUP,2,/Users/j.harris/code/cruisin-usa/OBJ.ASM:1049,/Users/j.harris/code/cruisin-usa/OBJ.ASM:1064,
DZSORTUP1,2,/Users/j.harris/code/cruisin-usa/OBJ.ASM:1068,/Users/j.harris/code/cruisin-usa/OBJ.ASM:1097,
EID,2,/Users/j.harris/code/cruisin-usa/MACS.EQU:662,/Users/j.harris/code/cruisin-usa/MACS.EQU:671,
EIML,2,/Users/j.harris/code/cruisin-usa/HSTDP.ASM:293,/Users/j.harris/code/cruisin-usa/HSTDP.ASM:463,
ELOOP,2,/Users/j.harris/code/cruisin-usa/MEMTEST.ASM:324,/Users/j.harris/code/cruisin-usa/MEMTEST.ASM:326,
EMIL1,2,/Users/j.harris/code/cruisin-usa/HSTDP.ASM:350,/Users/j.harris/code/cruisin-usa/HSTDP.ASM:353,
ENDING,2,/Users/j.harris/code/cruisin-usa/MEMTEST.ASM:1008,/Users/j.harris/code/cruisin-usa/MEMTEST.ASM:1019,
ENGACTAB,2,/Users/j.harris/code/cruisin-usa/PLYR.ASM:1933,/Users/j.harris/code/cruisin-usa/PLYR.ASM:1934,
EQTAB,2,/Users/j.harris/code/cruisin-usa/COLLA.ASM:4152,/Users/j.harris/code/cruisin-usa/COLLA.ASM:4153,
ERRLOG_D2,2,/Users/j.harris/code/cruisin-usa/ERROR.ASM:216,/Users/j.harris/code/cruisin-usa/ERROR.ASM:218,
ERROR_X,2,/Users/j.harris/code/cruisin-usa/ERROR.ASM:86,/Users/j.harris/code/cruisin-usa/ERROR.ASM:157,
ERRORN,2,/Users/j.harris/code/cruisin-usa/CUSA.ASM:127,/Users/j.harris/code/cruisin-usa/CUSA.ASM:491,
ERRORO,2,/Users/j.harris/code/cruisin-usa/CUSA.ASM:128,/Users/j.harris/code/cruisin-usa/CUSA.ASM:490,
ET0,2,/Users/j.harris/code/cruisin-usa/HSTDP.ASM:496,/Users/j.harris/code/cruisin-usa/HSTDP.ASM:498,
EXDONE,2,/Users/j.harris/code/cruisin-usa/MPROC.ASM:459,/Users/j.harris/code/cruisin-usa/MPROC.ASM:467,
EXITL2A,2,/Users/j.harris/code/cruisin-usa/MOTION.ASM:2123,/Users/j.harris/code/cruisin-usa/MOTION.ASM:2129,
EXP_ANI,2,/Users/j.harris/code/cruisin-usa/DRONES.ASM:1086,/Users/j.harris/code/cruisin-usa/DRONES.ASM:1088,
EXP_PUFFLP,2,/Users/j.harris/code/cruisin-usa/DRONES.ASM:1053,/Users/j.harris/code/cruisin-usa/DRONES.ASM:1077,
EXPL,2,/Users/j.harris/code/cruisin-usa/MPROC.ASM:457,/Users/j.harris/code/cruisin-usa/MPROC.ASM:465,
FACINGFRONT,2,/Users/j.harris/code/cruisin-usa/SMOKE.ASM:815,/Users/j.harris/code/cruisin-usa/SMOKE.ASM:818,
FAIL,2,/Users/j.harris/code/cruisin-usa/RACER.ASM:1613,/Users/j.harris/code/cruisin-usa/RACER.ASM:1644,
FARX,2,/Users/j.harris/code/cruisin-usa/BONUS.ASM:2246,/Users/j.harris/code/cruisin-usa/BONUS.ASM:2267,
FBL,2,/Users/j.harris/code/cruisin-usa/HSTDP.ASM:1916,/Users/j.harris/code/cruisin-usa/HSTDP.ASM:1933,
FC00,2,/Users/j.harris/code/cruisin-usa/COLLA.ASM:2146,/Users/j.harris/code/cruisin-usa/COLLA.ASM:2149,
FC01,2,/Users/j.harris/code/cruisin-usa/COLLA.ASM:2148,/Users/j.harris/code/cruisin-usa/COLLA.ASM:2153,
FC02,2,/Users/j.harris/code/cruisin-usa/COLLA.ASM:2151,/Users/j.harris/code/cruisin-usa/COLLA.ASM:2156,
FC03,2,/Users/j.harris/code/cruisin-usa/COLLA.ASM:2155,/Users/j.harris/code/cruisin-usa/COLLA.ASM:2158,
FCB,2,/Users/j.harris/code/cruisin-usa/COIN.ASM:666,/Users/j.harris/code/cruisin-usa/COIN.ASM:667,
fcrx,2,/Users/j.harris/code/cruisin-usa/ATTRDRNE.ASM:765,/Users/j.harris/code/cruisin-usa/ATTRDRNE.ASM:777,
FCRX,2,/Users/j.harris/code/cruisin-usa/ATTRDRNE.ASM:1019,/Users/j.harris/code/cruisin-usa/ATTRDRNE.ASM:1051,
FD1,2,/Users/j.harris/code/cruisin-usa/COMMQ.ASM:1050,/Users/j.harris/code/cruisin-usa/COMMQ.ASM:1057,
FEEDBACKLP,2,/Users/j.harris/code/cruisin-usa/TRACKSEL.ASM:394,/Users/j.harris/code/cruisin-usa/TRACKSEL.ASM:404,
FF_ERR,2,/Users/j.harris/code/cruisin-usa/OBJ.ASM:429,/Users/j.harris/code/cruisin-usa/OBJ.ASM:436,
FF_LP,2,/Users/j.harris/code/cruisin-usa/OBJ.ASM:430,/Users/j.harris/code/cruisin-usa/OBJ.ASM:435,
FF_OK,2,/Users/j.harris/code/cruisin-usa/OBJ.ASM:433,/Users/j.harris/code/cruisin-usa/OBJ.ASM:440,
FFFD,2,/Users/j.harris/code/cruisin-usa/MOTION.ASM:576,/Users/j.harris/code/cruisin-usa/MOTION.ASM:586,
FFRST,2,/Users/j.harris/code/cruisin-usa/DIAG.ASM:2464,/Users/j.harris/code/cruisin-usa/DIAG.ASM:2470,
FFX1,2,/Users/j.harris/code/cruisin-usa/ATTRDRNE.ASM:1225,/Users/j.harris/code/cruisin-usa/ATTRDRNE.ASM:1228,
FFX2,2,/Users/j.harris/code/cruisin-usa/ATTRDRNE.ASM:1227,/Users/j.harris/code/cruisin-usa/ATTRDRNE.ASM:1230,
FFX3,2,/Users/j.harris/code/cruisin-usa/ATTRDRNE.ASM:1236,/Users/j.harris/code/cruisin-usa/ATTRDRNE.ASM:1243,
FGOO1,2,/Users/j.harris/code/cruisin-usa/DIAG.ASM:2555,/Users/j.harris/code/cruisin-usa/DIAG.ASM:2562,
FGOO2,2,/Users/j.harris/code/cruisin-usa/DIAG.ASM:2556,/Users/j.harris/code/cruisin-usa/DIAG.ASM:2563,
FHRY_X,2,/Users/j.harris/code/cruisin-usa/INFIN.ASM:56,/Users/j.harris/code/cruisin-usa/INFIN.ASM:147,
FHRYLP,2,/Users/j.harris/code/cruisin-usa/INFIN.ASM:58,/Users/j.harris/code/cruisin-usa/INFIN.ASM:134,
FIND_LAST_SPARKLP,2,/Users/j.harris/code/cruisin-usa/SMOKE.ASM:489,/Users/j.harris/code/cruisin-usa/SMOKE.ASM:494,
FINDPROCX,2,/Users/j.harris/code/cruisin-usa/MPROC.ASM:574,/Users/j.harris/code/cruisin-usa/MPROC.ASM:583,
FINFIN,2,/Users/j.harris/code/cruisin-usa/BONUS.ASM:860,/Users/j.harris/code/cruisin-usa/BONUS.ASM:890,
FIXPAL1,2,/Users/j.harris/code/cruisin-usa/BONUS.ASM:631,/Users/j.harris/code/cruisin-usa/BONUS.ASM:635,
FIXPALLP,2,/Users/j.harris/code/cruisin-usa/BONUS.ASM:628,/Users/j.harris/code/cruisin-usa/BONUS.ASM:637,
FIXPL,2,/Users/j.harris/code/cruisin-usa/HSTDP.ASM:2875,/Users/j.harris/code/cruisin-usa/HSTDP.ASM:2899,
FIXPL2,2,/Users/j.harris/code/cruisin-usa/HSTDP.ASM:2889,/Users/j.harris/code/cruisin-usa/HSTDP.ASM:2892,
FIXPL3,2,/Users/j.harris/code/cruisin-usa/HSTDP.ASM:2888,/Users/j.harris/code/cruisin-usa/HSTDP.ASM:2893,
FLAG,2,/Users/j.harris/code/cruisin-usa/MACS.EQU:33,/Users/j.harris/code/cruisin-usa/MACS.EQU:34,
flag1,2,/Users/j.harris/code/cruisin-usa/HOTTUB.ASM:754,/Users/j.harris/code/cruisin-usa/HOTTUB.ASM:792,
FLAG_POS_TABLE,2,/Users/j.harris/code/cruisin-usa/BONUS.ASM:1551,/Users/j.harris/code/cruisin-usa/BONUS.ASM:1553,
FLAME_ANI_LOOP,2,/Users/j.harris/code/cruisin-usa/FLAME.ASM:104,/Users/j.harris/code/cruisin-usa/FLAME.ASM:130,
FLAME_POS,2,/Users/j.harris/code/cruisin-usa/FLAME.ASM:22,/Users/j.harris/code/cruisin-usa/FLAME.ASM:25,
FLAMEANI,2,/Users/j.harris/code/cruisin-usa/FLAME.ASM:21,/Users/j.harris/code/cruisin-usa/FLAME.ASM:34,
FLANX1,2,/Users/j.harris/code/cruisin-usa/FLAME.ASM:134,/Users/j.harris/code/cruisin-usa/FLAME.ASM:138,
FLASH_INSERTCOINSX,2,/Users/j.harris/code/cruisin-usa/COIN.ASM:825,/Users/j.harris/code/cruisin-usa/COIN.ASM:834,
FLASH_INSERTCOINSXM,2,/Users/j.harris/code/cruisin-usa/COIN.ASM:1244,/Users/j.harris/code/cruisin-usa/COIN.ASM:1253,
FLASH_LOOP,2,/Users/j.harris/code/cruisin-usa/HSTDP.ASM:2816,/Users/j.harris/code/cruisin-usa/HSTDP.ASM:2827,
FLASH_LP1,2,/Users/j.harris/code/cruisin-usa/CUSA.ASM:2109,/Users/j.harris/code/cruisin-usa/CUSA.ASM:2113,
FLASH_PALS,2,/Users/j.harris/code/cruisin-usa/HSTDP.ASM:2797,/Users/j.harris/code/cruisin-usa/HSTDP.ASM:2800,
FLASH_TOSTARTX,2,/Users/j.harris/code/cruisin-usa/COIN.ASM:1068,/Users/j.harris/code/cruisin-usa/COIN.ASM:1079,
FLASHX,2,/Users/j.harris/code/cruisin-usa/HSTDP.ASM:2841,/Users/j.harris/code/cruisin-usa/HSTDP.ASM:2847,
FLPL,2,/Users/j.harris/code/cruisin-usa/HSTDP.ASM:2912,/Users/j.harris/code/cruisin-usa/HSTDP.ASM:2937,
FLPL2,2,/Users/j.harris/code/cruisin-usa/HSTDP.ASM:2930,/Users/j.harris/code/cruisin-usa/HSTDP.ASM:2933,
FLPL3,2,/Users/j.harris/code/cruisin-usa/HSTDP.ASM:2929,/Users/j.harris/code/cruisin-usa/HSTDP.ASM:2934,
FLUSH_COUNT,2,/Users/j.harris/code/cruisin-usa/COMP.ASM:25,/Users/j.harris/code/cruisin-usa/COMP.ASM:304,
FLY1,2,/Users/j.harris/code/cruisin-usa/COLLA.ASM:2109,/Users/j.harris/code/cruisin-usa/COLLA.ASM:2117,
FLY1A,2,/Users/j.harris/code/cruisin-usa/RROAD.ASM:444,/Users/j.harris/code/cruisin-usa/RROAD.ASM:506,
FLY3,2,/Users/j.harris/code/cruisin-usa/COLLA.ASM:2113,/Users/j.harris/code/cruisin-usa/COLLA.ASM:2125,
FLY_PARTSX,2,/Users/j.harris/code/cruisin-usa/ROADKILL.ASM:844,/Users/j.harris/code/cruisin-usa/ROADKILL.ASM:861,
FLYAWAY_LP,2,/Users/j.harris/code/cruisin-usa/CHOPPER.ASM:1039,/Users/j.harris/code/cruisin-usa/CHOPPER.ASM:1067,
FLYCARP0,2,/Users/j.harris/code/cruisin-usa/COLLA.ASM:2208,/Users/j.harris/code/cruisin-usa/COLLA.ASM:2333,
FLYCARP0A,2,/Users/j.harris/code/cruisin-usa/RROAD.ASM:575,/Users/j.harris/code/cruisin-usa/RROAD.ASM:668,
FLYCARSTOP0,2,/Users/j.harris/code/cruisin-usa/COLLA.ASM:2294,/Users/j.harris/code/cruisin-usa/COLLA.ASM:2337,
FLYCARSTOP0A,2,/Users/j.harris/code/cruisin-usa/RROAD.ASM:644,/Users/j.harris/code/cruisin-usa/RROAD.ASM:673,
FLYCARWT,2,/Users/j.harris/code/cruisin-usa/COLLA.ASM:2533,/Users/j.harris/code/cruisin-usa/COLLA.ASM:2547,
FLYCARWTA,2,/Users/j.harris/code/cruisin-usa/RROAD.ASM:844,/Users/j.harris/code/cruisin-usa/RROAD.ASM:850,
FLYCARX,2,/Users/j.harris/code/cruisin-usa/COLLA.ASM:2124,/Users/j.harris/code/cruisin-usa/COLLA.ASM:2136,
FLYCARXX,2,/Users/j.harris/code/cruisin-usa/COLLA.ASM:2106,/Users/j.harris/code/cruisin-usa/COLLA.ASM:2143,
FLYCOLL1,2,/Users/j.harris/code/cruisin-usa/COLLA.ASM:1572,/Users/j.harris/code/cruisin-usa/COLLA.ASM:1579,
FLYCOLP0,2,/Users/j.harris/code/cruisin-usa/COLLA.ASM:1696,/Users/j.harris/code/cruisin-usa/COLLA.ASM:1793,
FLYCOLPL,2,/Users/j.harris/code/cruisin-usa/COLLA.ASM:1707,/Users/j.harris/code/cruisin-usa/COLLA.ASM:1714,
FLYCSTP00,2,/Users/j.harris/code/cruisin-usa/COLLA.ASM:2437,/Users/j.harris/code/cruisin-usa/COLLA.ASM:2444,
FLYCSTP00A,2,/Users/j.harris/code/cruisin-usa/RROAD.ASM:757,/Users/j.harris/code/cruisin-usa/RROAD.ASM:764,
FLYCSTP1,2,/Users/j.harris/code/cruisin-usa/COLLA.ASM:2455,/Users/j.harris/code/cruisin-usa/COLLA.ASM:2460,
FLYCSTP1A,2,/Users/j.harris/code/cruisin-usa/RROAD.ASM:775,/Users/j.harris/code/cruisin-usa/RROAD.ASM:780,
FLYCSTP2,2,/Users/j.harris/code/cruisin-usa/COLLA.ASM:2458,/Users/j.harris/code/cruisin-usa/COLLA.ASM:2462,
FLYCSTP2A,2,/Users/j.harris/code/cruisin-usa/RROAD.ASM:778,/Users/j.harris/code/cruisin-usa/RROAD.ASM:782,
FLYDONE,2,/Users/j.harris/code/cruisin-usa/RROAD.ASM:492,/Users/j.harris/code/cruisin-usa/RROAD.ASM:502,
FLYSTOPSLP,2,/Users/j.harris/code/cruisin-usa/COLLA.ASM:2345,/Users/j.harris/code/cruisin-usa/COLLA.ASM:2507,
FLYUPL,2,/Users/j.harris/code/cruisin-usa/TRANS.ASM:367,/Users/j.harris/code/cruisin-usa/TRANS.ASM:390,
FN_PAD,2,/Users/j.harris/code/cruisin-usa/HSTDP.ASM:2420,/Users/j.harris/code/cruisin-usa/HSTDP.ASM:2427,
FOLD_LP,2,/Users/j.harris/code/cruisin-usa/MAP.ASM:505,/Users/j.harris/code/cruisin-usa/MAP.ASM:711,
font18_p,2,/Users/j.harris/code/cruisin-usa/TEXT.ASM:326,/Users/j.harris/code/cruisin-usa/TEXT.ASM:343,
FORMN,2,/Users/j.harris/code/cruisin-usa/HSTDP.ASM:2418,/Users/j.harris/code/cruisin-usa/HSTDP.ASM:2424,
FORMN_LOOP,2,/Users/j.harris/code/cruisin-usa/HSTDP.ASM:2406,/Users/j.harris/code/cruisin-usa/HSTDP.ASM:2426,
FOUND_BODY,2,/Users/j.harris/code/cruisin-usa/FLAME.ASM:255,/Users/j.harris/code/cruisin-usa/FLAME.ASM:258,
FOUND_REAR,2,/Users/j.harris/code/cruisin-usa/SMOKE.ASM:235,/Users/j.harris/code/cruisin-usa/SMOKE.ASM:238,
FOUNDL,2,/Users/j.harris/code/cruisin-usa/RACER.ASM:1595,/Users/j.harris/code/cruisin-usa/RACER.ASM:1604,
FOUNDR,2,/Users/j.harris/code/cruisin-usa/RACER.ASM:1554,/Users/j.harris/code/cruisin-usa/RACER.ASM:1560,
FOUNDRAW,2,/Users/j.harris/code/cruisin-usa/PALL.ASM:277,/Users/j.harris/code/cruisin-usa/PALL.ASM:290,
FPLXEX,2,/Users/j.harris/code/cruisin-usa/PALL.ASM:235,/Users/j.harris/code/cruisin-usa/PALL.ASM:242,
FPO1,2,/Users/j.harris/code/cruisin-usa/HSTDP.ASM:1499,/Users/j.harris/code/cruisin-usa/HSTDP.ASM:1508,
FPO1A,2,/Users/j.harris/code/cruisin-usa/HSTDP.ASM:1512,/Users/j.harris/code/cruisin-usa/HSTDP.ASM:1516,
FPO3,2,/Users/j.harris/code/cruisin-usa/HSTDP.ASM:1519,/Users/j.harris/code/cruisin-usa/HSTDP.ASM:1526,
FPO4,2,/Users/j.harris/code/cruisin-usa/HSTDP.ASM:1528,/Users/j.harris/code/cruisin-usa/HSTDP.ASM:1531,
FPO6,2,/Users/j.harris/code/cruisin-usa/HSTDP.ASM:1533,/Users/j.harris/code/cruisin-usa/HSTDP.ASM:1538,
FPOX,2,/Users/j.harris/code/cruisin-usa/HSTDP.ASM:1492,/Users/j.harris/code/cruisin-usa/HSTDP.ASM:1546,
FPP1,2,/Users/j.harris/code/cruisin-usa/DRONES.ASM:108,/Users/j.harris/code/cruisin-usa/DRONES.ASM:144,
FPP2,2,/Users/j.harris/code/cruisin-usa/DRONES.ASM:143,/Users/j.harris/code/cruisin-usa/DRONES.ASM:160,
FPPLP,2,/Users/j.harris/code/cruisin-usa/DRONES.ASM:93,/Users/j.harris/code/cruisin-usa/DRONES.ASM:202,
FPPX,2,/Users/j.harris/code/cruisin-usa/DRONES.ASM:91,/Users/j.harris/code/cruisin-usa/DRONES.ASM:203,
FR0,2,/Users/j.harris/code/cruisin-usa/ATTRDRNE.ASM:950,/Users/j.harris/code/cruisin-usa/ATTRDRNE.ASM:989,
FR2A,2,/Users/j.harris/code/cruisin-usa/ATTRDRNE.ASM:972,/Users/j.harris/code/cruisin-usa/ATTRDRNE.ASM:979,
FR2B,2,/Users/j.harris/code/cruisin-usa/ATTRDRNE.ASM:975,/Users/j.harris/code/cruisin-usa/ATTRDRNE.ASM:980,
FRAL1,2,/Users/j.harris/code/cruisin-usa/BONUS.ASM:1297,/Users/j.harris/code/cruisin-usa/BONUS.ASM:1328,
FREEDE_X,2,/Users/j.harris/code/cruisin-usa/TRANS.ASM:715,/Users/j.harris/code/cruisin-usa/TRANS.ASM:723,
FREEP,2,/Users/j.harris/code/cruisin-usa/INTRO.ASM:3485,/Users/j.harris/code/cruisin-usa/INTRO.ASM:3497,
FREEPLAYT,2,/Users/j.harris/code/cruisin-usa/DIAG.ASM:2539,/Users/j.harris/code/cruisin-usa/DIAG.ASM:2544,
FRENCH2,2,/Users/j.harris/code/cruisin-usa/COINTAB.ASM:647,/Users/j.harris/code/cruisin-usa/COINTAB.ASM:1578,
FRENCH3,2,/Users/j.harris/code/cruisin-usa/COINTAB.ASM:661,/Users/j.harris/code/cruisin-usa/COINTAB.ASM:1578,
FRENCH4,2,/Users/j.harris/code/cruisin-usa/COINTAB.ASM:675,/Users/j.harris/code/cruisin-usa/COINTAB.ASM:1578,
FRENCH_MENU,2,/Users/j.harris/code/cruisin-usa/DIAG.ASM:1824,/Users/j.harris/code/cruisin-usa/DIAG.ASM:1969,
FRIC1,2,/Users/j.harris/code/cruisin-usa/PLYR.ASM:2087,/Users/j.harris/code/cruisin-usa/PLYR.ASM:2094,
FRL,2,/Users/j.harris/code/cruisin-usa/HSTDP.ASM:1782,/Users/j.harris/code/cruisin-usa/HSTDP.ASM:1790,
FRSL,2,/Users/j.harris/code/cruisin-usa/DRONES.ASM:1622,/Users/j.harris/code/cruisin-usa/DRONES.ASM:1680,
FRX,2,/Users/j.harris/code/cruisin-usa/ATTRDRNE.ASM:958,/Users/j.harris/code/cruisin-usa/ATTRDRNE.ASM:984,
FRXX,2,/Users/j.harris/code/cruisin-usa/ATTRDRNE.ASM:991,/Users/j.harris/code/cruisin-usa/ATTRDRNE.ASM:993,
FSDN,2,/Users/j.harris/code/cruisin-usa/BACKGRND.ASM:1092,/Users/j.harris/code/cruisin-usa/BACKGRND.ASM:1095,
FSLP,2,/Users/j.harris/code/cruisin-usa/BACKGRND.ASM:1090,/Users/j.harris/code/cruisin-usa/BACKGRND.ASM:1094,
FSTAT,2,/Users/j.harris/code/cruisin-usa/MACS.EQU:198,/Users/j.harris/code/cruisin-usa/MACS.EQU:199,
ftoa_tmp,2,/Users/j.harris/code/cruisin-usa/FONT1A.ASM:40,/Users/j.harris/code/cruisin-usa/FONT1A.ASM:55,
GA_FALSE,2,/Users/j.harris/code/cruisin-usa/INTRO.ASM:3091,/Users/j.harris/code/cruisin-usa/INTRO.ASM:3100,
GA_TRUE,2,/Users/j.harris/code/cruisin-usa/INTRO.ASM:3083,/Users/j.harris/code/cruisin-usa/INTRO.ASM:3094,
GAGA,2,/Users/j.harris/code/cruisin-usa/BONUS.ASM:2044,/Users/j.harris/code/cruisin-usa/BONUS.ASM:2046,
GALIL_ERR1,2,/Users/j.harris/code/cruisin-usa/MOTION.ASM:694,/Users/j.harris/code/cruisin-usa/MOTION.ASM:1707,
GD1,2,/Users/j.harris/code/cruisin-usa/RACER.ASM:95,/Users/j.harris/code/cruisin-usa/RACER.ASM:106,
GDLP,2,/Users/j.harris/code/cruisin-usa/MOTION.ASM:1713,/Users/j.harris/code/cruisin-usa/MOTION.ASM:1728,
GEARACTAB,2,/Users/j.harris/code/cruisin-usa/PLYR.ASM:1930,/Users/j.harris/code/cruisin-usa/PLYR.ASM:1931,
GEARPAL,2,/Users/j.harris/code/cruisin-usa/HUD.ASM:614,/Users/j.harris/code/cruisin-usa/HUD.ASM:634,
GEESE_DIE,2,/Users/j.harris/code/cruisin-usa/ROADKILL.ASM:951,/Users/j.harris/code/cruisin-usa/ROADKILL.ASM:1155,
GEESELP,2,/Users/j.harris/code/cruisin-usa/ROADKILL.ASM:1010,/Users/j.harris/code/cruisin-usa/ROADKILL.ASM:1148,
GEESERST,2,/Users/j.harris/code/cruisin-usa/ROADKILL.ASM:1007,/Users/j.harris/code/cruisin-usa/ROADKILL.ASM:1012,
GEN_CMOS_CHKSUM,2,/Users/j.harris/code/cruisin-usa/CMOS.EQU:317,/Users/j.harris/code/cruisin-usa/GLOBALS.EQU:96,
GENERAL3,2,/Users/j.harris/code/cruisin-usa/COINTAB.ASM:1421,/Users/j.harris/code/cruisin-usa/COINTAB.ASM:1595,
GENERAL5,2,/Users/j.harris/code/cruisin-usa/COINTAB.ASM:1449,/Users/j.harris/code/cruisin-usa/COINTAB.ASM:1595,
GENERAL7,2,/Users/j.harris/code/cruisin-usa/COINTAB.ASM:1477,/Users/j.harris/code/cruisin-usa/COINTAB.ASM:1595,
GENERAL_MENU,2,/Users/j.harris/code/cruisin-usa/DIAG.ASM:1950,/Users/j.harris/code/cruisin-usa/DIAG.ASM:1981,
GERMAN2,2,/Users/j.harris/code/cruisin-usa/COINTAB.ASM:533,/Users/j.harris/code/cruisin-usa/COINTAB.ASM:1577,
GERMAN3,2,/Users/j.harris/code/cruisin-usa/COINTAB.ASM:547,/Users/j.harris/code/cruisin-usa/COINTAB.ASM:1577,
GERMAN4,2,/Users/j.harris/code/cruisin-usa/COINTAB.ASM:561,/Users/j.harris/code/cruisin-usa/COINTAB.ASM:1577,
GERMAN_MENU,2,/Users/j.harris/code/cruisin-usa/DIAG.ASM:1810,/Users/j.harris/code/cruisin-usa/DIAG.ASM:1968,
GETC0,2,/Users/j.harris/code/cruisin-usa/PLYR.ASM:1912,/Users/j.harris/code/cruisin-usa/PLYR.ASM:1914,
GETC1,2,/Users/j.harris/code/cruisin-usa/PLYR.ASM:1909,/Users/j.harris/code/cruisin-usa/PLYR.ASM:1916,
GETCAR_ERR,2,/Users/j.harris/code/cruisin-usa/UTIL.ASM:1093,/Users/j.harris/code/cruisin-usa/UTIL.ASM:1103,
GETCAR_X,2,/Users/j.harris/code/cruisin-usa/UTIL.ASM:1099,/Users/j.harris/code/cruisin-usa/UTIL.ASM:1105,
GETCHA,2,/Users/j.harris/code/cruisin-usa/INTRO.ASM:2652,/Users/j.harris/code/cruisin-usa/INTRO.ASM:2654,
GETCHX,2,/Users/j.harris/code/cruisin-usa/INTRO.ASM:2660,/Users/j.harris/code/cruisin-usa/INTRO.ASM:2673,
GETCOINX,2,/Users/j.harris/code/cruisin-usa/COIN.ASM:241,/Users/j.harris/code/cruisin-usa/COIN.ASM:244,
GETDIR1,2,/Users/j.harris/code/cruisin-usa/PLYR.ASM:1747,/Users/j.harris/code/cruisin-usa/PLYR.ASM:1753,
GETDIR2,2,/Users/j.harris/code/cruisin-usa/PLYR.ASM:1751,/Users/j.harris/code/cruisin-usa/PLYR.ASM:1797,
GETDYNA_ERR,2,/Users/j.harris/code/cruisin-usa/UTIL.ASM:1009,/Users/j.harris/code/cruisin-usa/UTIL.ASM:1025,
GETDYNA_X,2,/Users/j.harris/code/cruisin-usa/UTIL.ASM:1021,/Users/j.harris/code/cruisin-usa/UTIL.ASM:1027,
GETLINK,2,/Users/j.harris/code/cruisin-usa/ROADBLCK.ASM:192,/Users/j.harris/code/cruisin-usa/ROADBLCK.ASM:220,
GETLL_ERR,2,/Users/j.harris/code/cruisin-usa/UTIL.ASM:497,/Users/j.harris/code/cruisin-usa/UTIL.ASM:516,
GETLL_X,2,/Users/j.harris/code/cruisin-usa/UTIL.ASM:512,/Users/j.harris/code/cruisin-usa/UTIL.ASM:518,
GETPL,2,/Users/j.harris/code/cruisin-usa/PALL.ASM:367,/Users/j.harris/code/cruisin-usa/PALL.ASM:377,
GETPROC0,2,/Users/j.harris/code/cruisin-usa/MPROC.ASM:76,/Users/j.harris/code/cruisin-usa/MPROC.ASM:80,
GETPROCX,2,/Users/j.harris/code/cruisin-usa/MPROC.ASM:79,/Users/j.harris/code/cruisin-usa/MPROC.ASM:118,
GETRK0,2,/Users/j.harris/code/cruisin-usa/ROADBLCK.ASM:189,/Users/j.harris/code/cruisin-usa/ROADBLCK.ASM:193,
GETSK00,2,/Users/j.harris/code/cruisin-usa/PLYR.ASM:1612,/Users/j.harris/code/cruisin-usa/PLYR.ASM:1616,
GETSP22,2,/Users/j.harris/code/cruisin-usa/PLYR.ASM:2122,/Users/j.harris/code/cruisin-usa/RACER.ASM:1188,
GETSPD1,2,/Users/j.harris/code/cruisin-usa/PLYR.ASM:1953,/Users/j.harris/code/cruisin-usa/PLYR.ASM:1965,
GETSPD10,2,/Users/j.harris/code/cruisin-usa/PLYR.ASM:1967,/Users/j.harris/code/cruisin-usa/PLYR.ASM:1974,
GETSURGE,2,/Users/j.harris/code/cruisin-usa/RACER.ASM:1027,/Users/j.harris/code/cruisin-usa/RACER.ASM:1097,
GETTILE_BACKGRND,2,/Users/j.harris/code/cruisin-usa/GLOBALS.EQU:402,/Users/j.harris/code/cruisin-usa/GLOBALS.EQU:412,
GETTOLP,2,/Users/j.harris/code/cruisin-usa/TRACKSEL.ASM:1235,/Users/j.harris/code/cruisin-usa/TRACKSEL.ASM:1248,
GI1,2,/Users/j.harris/code/cruisin-usa/DIAG.ASM:2591,/Users/j.harris/code/cruisin-usa/DIAG.ASM:2596,
GL15,2,/Users/j.harris/code/cruisin-usa/MAP.ASM:1423,/Users/j.harris/code/cruisin-usa/MAP.ASM:1451,
GL_FND,2,/Users/j.harris/code/cruisin-usa/DRONES.ASM:531,/Users/j.harris/code/cruisin-usa/DRONES.ASM:539,
GLDX,2,/Users/j.harris/code/cruisin-usa/LEG.ASM:568,/Users/j.harris/code/cruisin-usa/LEG.ASM:595,
GLP,2,/Users/j.harris/code/cruisin-usa/MOTION.ASM:1746,/Users/j.harris/code/cruisin-usa/MOTION.ASM:1761,
GMSX,2,/Users/j.harris/code/cruisin-usa/ATTRDRNE.ASM:1085,/Users/j.harris/code/cruisin-usa/ATTRDRNE.ASM:1092,
GNNERLP,2,/Users/j.harris/code/cruisin-usa/INTRO.ASM:2008,/Users/j.harris/code/cruisin-usa/INTRO.ASM:2022,
GO_SCROLL,2,/Users/j.harris/code/cruisin-usa/DIAG.ASM:1434,/Users/j.harris/code/cruisin-usa/DIAG.ASM:1437,
GOAHEAD,2,/Users/j.harris/code/cruisin-usa/SIGMA.ASM:80,/Users/j.harris/code/cruisin-usa/SIGMA.ASM:83,
GODO_CREDITS,2,/Users/j.harris/code/cruisin-usa/COIN.ASM:782,/Users/j.harris/code/cruisin-usa/COIN.ASM:785,
GOODENOUGH,2,/Users/j.harris/code/cruisin-usa/HSTDP.ASM:110,/Users/j.harris/code/cruisin-usa/HSTDP.ASM:112,
GOT_ALL_LOWERS,2,/Users/j.harris/code/cruisin-usa/MOTION.ASM:327,/Users/j.harris/code/cruisin-usa/MOTION.ASM:350,
GOT_ALL_UPPERS,2,/Users/j.harris/code/cruisin-usa/MOTION.ASM:232,/Users/j.harris/code/cruisin-usa/MOTION.ASM:254,
GOTONE,2,/Users/j.harris/code/cruisin-usa/RACER.ASM:1704,/Users/j.harris/code/cruisin-usa/RACER.ASM:1774,
GPL0,2,/Users/j.harris/code/cruisin-usa/PALL.ASM:355,/Users/j.harris/code/cruisin-usa/PALL.ASM:359,
GRAVX,2,/Users/j.harris/code/cruisin-usa/PLYR.ASM:3373,/Users/j.harris/code/cruisin-usa/PLYR.ASM:3375,
GRT_FF,2,/Users/j.harris/code/cruisin-usa/ROADKILL.ASM:333,/Users/j.harris/code/cruisin-usa/ROADKILL.ASM:338,
GS1,2,/Users/j.harris/code/cruisin-usa/MOTION.ASM:1988,/Users/j.harris/code/cruisin-usa/MOTION.ASM:1993,
GS2,2,/Users/j.harris/code/cruisin-usa/MOTION.ASM:1995,/Users/j.harris/code/cruisin-usa/MOTION.ASM:2000,
GSLDONE,2,/Users/j.harris/code/cruisin-usa/DIAG.ASM:3486,/Users/j.harris/code/cruisin-usa/DIAG.ASM:3492,
GSLP,2,/Users/j.harris/code/cruisin-usa/DIAG.ASM:3479,/Users/j.harris/code/cruisin-usa/DIAG.ASM:3491,
GSLP1,2,/Users/j.harris/code/cruisin-usa/DIAG.ASM:3482,/Users/j.harris/code/cruisin-usa/DIAG.ASM:3490,
gtruck_bluep,2,/Users/j.harris/code/cruisin-usa/WAVE.ASM:945,/Users/j.harris/code/cruisin-usa/WAVE.ASM:997,
gtruck_p,2,/Users/j.harris/code/cruisin-usa/WAVE.ASM:747,/Users/j.harris/code/cruisin-usa/WAVE.ASM:844,
GTRUCKTABP,2,/Users/j.harris/code/cruisin-usa/WAVE.ASM:604,/Users/j.harris/code/cruisin-usa/WAVE.ASM:844,
H2HLE,2,/Users/j.harris/code/cruisin-usa/INTRO.ASM:56,/Users/j.harris/code/cruisin-usa/INTRO.ASM:59,
H2HLLP,2,/Users/j.harris/code/cruisin-usa/INTRO.ASM:127,/Users/j.harris/code/cruisin-usa/INTRO.ASM:152,
H2HWTLP,2,/Users/j.harris/code/cruisin-usa/INTRO.ASM:2779,/Users/j.harris/code/cruisin-usa/INTRO.ASM:2784,
HANMENL_PLOT,2,/Users/j.harris/code/cruisin-usa/DIAG.ASM:1335,/Users/j.harris/code/cruisin-usa/DIAG.ASM:1349,
HARDCOL00,2,/Users/j.harris/code/cruisin-usa/COLLA.ASM:1371,/Users/j.harris/code/cruisin-usa/COLLA.ASM:1378,
HARDCOL1,2,/Users/j.harris/code/cruisin-usa/COLLA.ASM:1375,/Users/j.harris/code/cruisin-usa/COLLA.ASM:1396,
HARDCOL2,2,/Users/j.harris/code/cruisin-usa/COLLA.ASM:1393,/Users/j.harris/code/cruisin-usa/COLLA.ASM:1404,
here1,2,/Users/j.harris/code/cruisin-usa/HOTTUB.ASM:625,/Users/j.harris/code/cruisin-usa/HOTTUB.ASM:744,
HGF,2,/Users/j.harris/code/cruisin-usa/TRACKSEL.ASM:877,/Users/j.harris/code/cruisin-usa/TRACKSEL.ASM:887,
HHFBF,2,/Users/j.harris/code/cruisin-usa/INTRO.ASM:430,/Users/j.harris/code/cruisin-usa/INTRO.ASM:433,
HHFFD,2,/Users/j.harris/code/cruisin-usa/TRACKSEL.ASM:886,/Users/j.harris/code/cruisin-usa/TRACKSEL.ASM:896,
HHTT,2,/Users/j.harris/code/cruisin-usa/HOTTUB.ASM:361,/Users/j.harris/code/cruisin-usa/HOTTUB.ASM:366,
HI_STLP,2,/Users/j.harris/code/cruisin-usa/RACER.ASM:660,/Users/j.harris/code/cruisin-usa/RACER.ASM:687,
HIGH,2,/Users/j.harris/code/cruisin-usa/CMOS.ASM:146,/Users/j.harris/code/cruisin-usa/CMOS.ASM:148,
HIRED,2,/Users/j.harris/code/cruisin-usa/PLYR.ASM:2196,/Users/j.harris/code/cruisin-usa/PLYR.ASM:2197,
HM_EXECUTE,2,/Users/j.harris/code/cruisin-usa/DIAG.ASM:1379,/Users/j.harris/code/cruisin-usa/DIAG.ASM:1451,
HM_NOTDOWN,2,/Users/j.harris/code/cruisin-usa/DIAG.ASM:1397,/Users/j.harris/code/cruisin-usa/DIAG.ASM:1425,
HM_NOTUP,2,/Users/j.harris/code/cruisin-usa/DIAG.ASM:1382,/Users/j.harris/code/cruisin-usa/DIAG.ASM:1395,
HMNOTSTAND,2,/Users/j.harris/code/cruisin-usa/DIAG.ASM:1300,/Users/j.harris/code/cruisin-usa/DIAG.ASM:1303,
HOLD4LOAD,2,/Users/j.harris/code/cruisin-usa/TRACKSEL.ASM:85,/Users/j.harris/code/cruisin-usa/TRACKSEL.ASM:88,
hotrod_p,2,/Users/j.harris/code/cruisin-usa/INTRO.ASM:2044,/Users/j.harris/code/cruisin-usa/WAVE.ASM:723,
hotrodm,2,/Users/j.harris/code/cruisin-usa/INTRO.ASM:1256,/Users/j.harris/code/cruisin-usa/DRONES.ASM:1706,
HOTRODTAB,2,/Users/j.harris/code/cruisin-usa/WAVE.ASM:485,/Users/j.harris/code/cruisin-usa/WAVE.ASM:723,
HOTTT,2,/Users/j.harris/code/cruisin-usa/HOTTUB.ASM:225,/Users/j.harris/code/cruisin-usa/HOTTUB.ASM:231,
HOTTUB_LPB,2,/Users/j.harris/code/cruisin-usa/HOTTUB.ASM:175,/Users/j.harris/code/cruisin-usa/HOTTUB.ASM:194,
HOTTUB_LPB2,2,/Users/j.harris/code/cruisin-usa/HOTTUB.ASM:214,/Users/j.harris/code/cruisin-usa/HOTTUB.ASM:233,
HSGD,2,/Users/j.harris/code/cruisin-usa/DIAG.ASM:2845,/Users/j.harris/code/cruisin-usa/DIAG.ASM:2852,
HSGD2,2,/Users/j.harris/code/cruisin-usa/DIAG.ASM:2846,/Users/j.harris/code/cruisin-usa/DIAG.ASM:2853,
HSRS,2,/Users/j.harris/code/cruisin-usa/DIAG.ASM:2510,/Users/j.harris/code/cruisin-usa/DIAG.ASM:2514,
HSTD_PAGEI,2,/Users/j.harris/code/cruisin-usa/CMOS.EQU:305,/Users/j.harris/code/cruisin-usa/GLOBALS.EQU:95,
htoa1,2,/Users/j.harris/code/cruisin-usa/FONT1A.ASM:240,/Users/j.harris/code/cruisin-usa/FONT1A.ASM:252,
htoaX,2,/Users/j.harris/code/cruisin-usa/FONT1A.ASM:277,/Users/j.harris/code/cruisin-usa/FONT1A.ASM:290,
I1,2,/Users/j.harris/code/cruisin-usa/CMOS.ASM:668,/Users/j.harris/code/cruisin-usa/CMOS.ASM:670,
I2,2,/Users/j.harris/code/cruisin-usa/CMOS.ASM:668,/Users/j.harris/code/cruisin-usa/CMOS.ASM:670,
I3,2,/Users/j.harris/code/cruisin-usa/CMOS.ASM:668,/Users/j.harris/code/cruisin-usa/CMOS.ASM:670,
IAMMASTER,2,/Users/j.harris/code/cruisin-usa/CUSA.ASM:1911,/Users/j.harris/code/cruisin-usa/CUSA.ASM:1969,
IAMSLAVE,2,/Users/j.harris/code/cruisin-usa/CUSA.ASM:1912,/Users/j.harris/code/cruisin-usa/CUSA.ASM:1970,
IBO654,2,/Users/j.harris/code/cruisin-usa/MOTION.ASM:1460,/Users/j.harris/code/cruisin-usa/MOTION.ASM:1469,
IBODONE,2,/Users/j.harris/code/cruisin-usa/INTRO.ASM:1857,/Users/j.harris/code/cruisin-usa/INTRO.ASM:1871,
IBOIBOJ,2,/Users/j.harris/code/cruisin-usa/TRACKSEL.ASM:151,/Users/j.harris/code/cruisin-usa/TRACKSEL.ASM:159,
IBOIBOT,2,/Users/j.harris/code/cruisin-usa/DIAG.ASM:4158,/Users/j.harris/code/cruisin-usa/DIAG.ASM:4167,
ICCI,2,/Users/j.harris/code/cruisin-usa/INTRO.ASM:3376,/Users/j.harris/code/cruisin-usa/INTRO.ASM:3444,
ICO_LOOP,2,/Users/j.harris/code/cruisin-usa/SMOKE.ASM:687,/Users/j.harris/code/cruisin-usa/SMOKE.ASM:750,
ICO_LOOPX,2,/Users/j.harris/code/cruisin-usa/SMOKE.ASM:691,/Users/j.harris/code/cruisin-usa/SMOKE.ASM:751,
IDB1,2,/Users/j.harris/code/cruisin-usa/ROADBLCK.ASM:178,/Users/j.harris/code/cruisin-usa/ROADBLCK.ASM:257,
IDBX,2,/Users/j.harris/code/cruisin-usa/ROADBLCK.ASM:184,/Users/j.harris/code/cruisin-usa/ROADBLCK.ASM:263,
IDENTITY_ROTATION,2,/Users/j.harris/code/cruisin-usa/DIRQ.ASM:478,/Users/j.harris/code/cruisin-usa/DIRQ.ASM:492,
III,2,/Users/j.harris/code/cruisin-usa/RHO.ASM:357,/Users/j.harris/code/cruisin-usa/RHO.ASM:372,
III4,2,/Users/j.harris/code/cruisin-usa/RHO.ASM:375,/Users/j.harris/code/cruisin-usa/RHO.ASM:380,
IIIL,2,/Users/j.harris/code/cruisin-usa/RHO.ASM:546,/Users/j.harris/code/cruisin-usa/RHO.ASM:569,
ILT_LP,2,/Users/j.harris/code/cruisin-usa/CMOS.ASM:718,/Users/j.harris/code/cruisin-usa/CMOS.ASM:720,
IMPACTED_PLAYER,2,/Users/j.harris/code/cruisin-usa/SMOKE.ASM:868,/Users/j.harris/code/cruisin-usa/SMOKE.ASM:873,
INFF0,2,/Users/j.harris/code/cruisin-usa/INFIN.ASM:198,/Users/j.harris/code/cruisin-usa/INFIN.ASM:202,
INFF1,2,/Users/j.harris/code/cruisin-usa/INFIN.ASM:201,/Users/j.harris/code/cruisin-usa/INFIN.ASM:208,
INFINPOINTS,2,/Users/j.harris/code/cruisin-usa/INFIN.ASM:567,/Users/j.harris/code/cruisin-usa/INFIN.ASM:568,
INICC_LP,2,/Users/j.harris/code/cruisin-usa/COIN.ASM:637,/Users/j.harris/code/cruisin-usa/COIN.ASM:646,
INIT_DEERX,2,/Users/j.harris/code/cruisin-usa/ROADKILL.ASM:547,/Users/j.harris/code/cruisin-usa/ROADKILL.ASM:591,
INIW1,2,/Users/j.harris/code/cruisin-usa/ATTRDRNE.ASM:342,/Users/j.harris/code/cruisin-usa/ATTRDRNE.ASM:348,
INIW2,2,/Users/j.harris/code/cruisin-usa/ATTRDRNE.ASM:346,/Users/j.harris/code/cruisin-usa/ATTRDRNE.ASM:349,
INS_AT_END,2,/Users/j.harris/code/cruisin-usa/OBJ.ASM:389,/Users/j.harris/code/cruisin-usa/OBJ.ASM:395,
INS_AT_ENDP,2,/Users/j.harris/code/cruisin-usa/OBJ.ASM:282,/Users/j.harris/code/cruisin-usa/OBJ.ASM:288,
INSACT,2,/Users/j.harris/code/cruisin-usa/OBJ.ASM:363,/Users/j.harris/code/cruisin-usa/OBJ.ASM:378,
INSERT_HERE,2,/Users/j.harris/code/cruisin-usa/CMOS.ASM:1033,/Users/j.harris/code/cruisin-usa/CMOS.ASM:1042,
INSERT_INITS,2,/Users/j.harris/code/cruisin-usa/HSTDP.ASM:536,/Users/j.harris/code/cruisin-usa/HSTDP.ASM:754,
INSIDLE,2,/Users/j.harris/code/cruisin-usa/OBJ.ASM:360,/Users/j.harris/code/cruisin-usa/OBJ.ASM:365,
INSM1,2,/Users/j.harris/code/cruisin-usa/SMOKE.ASM:259,/Users/j.harris/code/cruisin-usa/SMOKE.ASM:262,
INSMORE_LP,2,/Users/j.harris/code/cruisin-usa/INTRO.ASM:3467,/Users/j.harris/code/cruisin-usa/INTRO.ASM:3564,
INSOBJL,2,/Users/j.harris/code/cruisin-usa/OBJ.ASM:386,/Users/j.harris/code/cruisin-usa/OBJ.ASM:393,
INSOBJLP,2,/Users/j.harris/code/cruisin-usa/OBJ.ASM:279,/Users/j.harris/code/cruisin-usa/OBJ.ASM:286,
INSOBJX,2,/Users/j.harris/code/cruisin-usa/OBJ.ASM:372,/Users/j.harris/code/cruisin-usa/OBJ.ASM:398,
INVBLP,2,/Users/j.harris/code/cruisin-usa/COIN.ASM:523,/Users/j.harris/code/cruisin-usa/COIN.ASM:525,
IPB1,2,/Users/j.harris/code/cruisin-usa/HSTDP.ASM:1898,/Users/j.harris/code/cruisin-usa/HSTDP.ASM:1904,
IPBX,2,/Users/j.harris/code/cruisin-usa/HSTDP.ASM:1900,/Users/j.harris/code/cruisin-usa/HSTDP.ASM:1905,
IS_LOOP,2,/Users/j.harris/code/cruisin-usa/SMOKE.ASM:403,/Users/j.harris/code/cruisin-usa/SMOKE.ASM:466,
IS_LOOPX,2,/Users/j.harris/code/cruisin-usa/SMOKE.ASM:407,/Users/j.harris/code/cruisin-usa/SMOKE.ASM:467,
ISAHED,2,/Users/j.harris/code/cruisin-usa/CHOPPER.ASM:882,/Users/j.harris/code/cruisin-usa/CHOPPER.ASM:909,
ISAUTOTRNS,2,/Users/j.harris/code/cruisin-usa/HUD.ASM:223,/Users/j.harris/code/cruisin-usa/HUD.ASM:232,
ISCANL,2,/Users/j.harris/code/cruisin-usa/OBJ.ASM:1199,/Users/j.harris/code/cruisin-usa/OBJ.ASM:1235,
ISDN2,2,/Users/j.harris/code/cruisin-usa/TRANS.ASM:622,/Users/j.harris/code/cruisin-usa/TRANS.ASM:639,
ISDNN,2,/Users/j.harris/code/cruisin-usa/HUD.ASM:292,/Users/j.harris/code/cruisin-usa/HUD.ASM:301,
ISFREE,2,/Users/j.harris/code/cruisin-usa/BONUS.ASM:1317,/Users/j.harris/code/cruisin-usa/BONUS.ASM:1319,
ISFROZEN,2,/Users/j.harris/code/cruisin-usa/TEXT.ASM:609,/Users/j.harris/code/cruisin-usa/TEXT.ASM:616,
ISL,2,/Users/j.harris/code/cruisin-usa/TRANS.ASM:606,/Users/j.harris/code/cruisin-usa/TRANS.ASM:624,
ISMCC,2,/Users/j.harris/code/cruisin-usa/COIN.ASM:1210,/Users/j.harris/code/cruisin-usa/COIN.ASM:1213,
ISTHERE,2,/Users/j.harris/code/cruisin-usa/SND.ASM:178,/Users/j.harris/code/cruisin-usa/SND.ASM:181,
ISZERO2,2,/Users/j.harris/code/cruisin-usa/FONT1A.ASM:99,/Users/j.harris/code/cruisin-usa/FONT1A.ASM:196,
ISZEROH,2,/Users/j.harris/code/cruisin-usa/FONT1A.ASM:235,/Users/j.harris/code/cruisin-usa/FONT1A.ASM:289,
ITALY2,2,/Users/j.harris/code/cruisin-usa/COINTAB.ASM:893,/Users/j.harris/code/cruisin-usa/COINTAB.ASM:1581,
ITALY3,2,/Users/j.harris/code/cruisin-usa/COINTAB.ASM:907,/Users/j.harris/code/cruisin-usa/COINTAB.ASM:1581,
ITALY_MENU,2,/Users/j.harris/code/cruisin-usa/DIAG.ASM:1859,/Users/j.harris/code/cruisin-usa/DIAG.ASM:1972,
ITD,2,/Users/j.harris/code/cruisin-usa/DIAG.ASM:2935,/Users/j.harris/code/cruisin-usa/DIAG.ASM:2942,
ITD2,2,/Users/j.harris/code/cruisin-usa/DIAG.ASM:2936,/Users/j.harris/code/cruisin-usa/DIAG.ASM:2943,
ITL1,2,/Users/j.harris/code/cruisin-usa/CMOS.ASM:788,/Users/j.harris/code/cruisin-usa/CMOS.ASM:802,
ITL1A,2,/Users/j.harris/code/cruisin-usa/CMOS.ASM:814,/Users/j.harris/code/cruisin-usa/CMOS.ASM:856,
ITL2,2,/Users/j.harris/code/cruisin-usa/CMOS.ASM:794,/Users/j.harris/code/cruisin-usa/CMOS.ASM:800,
ITL2A,2,/Users/j.harris/code/cruisin-usa/CMOS.ASM:818,/Users/j.harris/code/cruisin-usa/CMOS.ASM:853,
ITP1,2,/Users/j.harris/code/cruisin-usa/HSTDP.ASM:572,/Users/j.harris/code/cruisin-usa/HSTDP.ASM:576,
ITP2,2,/Users/j.harris/code/cruisin-usa/HSTDP.ASM:575,/Users/j.harris/code/cruisin-usa/HSTDP.ASM:579,
ITT,2,/Users/j.harris/code/cruisin-usa/MACS.EQU:504,/Users/j.harris/code/cruisin-usa/MACS.EQU:506,
IURENDFL,2,/Users/j.harris/code/cruisin-usa/INTRO.ASM:707,/Users/j.harris/code/cruisin-usa/INTRO.ASM:712,
J,2,/Users/j.harris/code/cruisin-usa/CMOS.ASM:677,/Users/j.harris/code/cruisin-usa/CMOS.ASM:691,
J55,2,/Users/j.harris/code/cruisin-usa/DIAG.ASM:1418,/Users/j.harris/code/cruisin-usa/DIAG.ASM:1422,
J765,2,/Users/j.harris/code/cruisin-usa/BACKGRND.ASM:2252,/Users/j.harris/code/cruisin-usa/BACKGRND.ASM:2259,
jago,2,/Users/j.harris/code/cruisin-usa/MACS.EQU:23,/Users/j.harris/code/cruisin-usa/MACS.EQU:25,
JAJA,2,/Users/j.harris/code/cruisin-usa/MOTION.ASM:730,/Users/j.harris/code/cruisin-usa/MOTION.ASM:734,
JAJA3,2,/Users/j.harris/code/cruisin-usa/COIN.ASM:58,/Users/j.harris/code/cruisin-usa/COIN.ASM:69,
JAJA4,2,/Users/j.harris/code/cruisin-usa/MAP.ASM:946,/Users/j.harris/code/cruisin-usa/MAP.ASM:950,
JAJAD,2,/Users/j.harris/code/cruisin-usa/TRACKSEL.ASM:142,/Users/j.harris/code/cruisin-usa/TRACKSEL.ASM:212,
JAJAKKA,2,/Users/j.harris/code/cruisin-usa/INTRO.ASM:1480,/Users/j.harris/code/cruisin-usa/INTRO.ASM:1482,
JAJD,2,/Users/j.harris/code/cruisin-usa/BONUS.ASM:1102,/Users/j.harris/code/cruisin-usa/BONUS.ASM:1106,
JAPAN2,2,/Users/j.harris/code/cruisin-usa/COINTAB.ASM:1121,/Users/j.harris/code/cruisin-usa/COINTAB.ASM:1585,
JAPAN3,2,/Users/j.harris/code/cruisin-usa/COINTAB.ASM:1135,/Users/j.harris/code/cruisin-usa/COINTAB.ASM:1585,
JAPAN_MENU,2,/Users/j.harris/code/cruisin-usa/DIAG.ASM:1899,/Users/j.harris/code/cruisin-usa/DIAG.ASM:1976,
jeep,2,/Users/j.harris/code/cruisin-usa/WAVE.ASM:827,/Users/j.harris/code/cruisin-usa/WAVE.ASM:921,
jeep_red,2,/Users/j.harris/code/cruisin-usa/WAVE.ASM:943,/Users/j.harris/code/cruisin-usa/WAVE.ASM:976,
jeep_yellow,2,/Users/j.harris/code/cruisin-usa/WAVE.ASM:943,/Users/j.harris/code/cruisin-usa/WAVE.ASM:978,
JEEPTAB,2,/Users/j.harris/code/cruisin-usa/WAVE.ASM:543,/Users/j.harris/code/cruisin-usa/WAVE.ASM:827,
JI1,2,/Users/j.harris/code/cruisin-usa/SND.ASM:225,/Users/j.harris/code/cruisin-usa/SND.ASM:246,
JIJO,2,/Users/j.harris/code/cruisin-usa/MACS.EQU:82,/Users/j.harris/code/cruisin-usa/MACS.EQU:86,
JJ,2,/Users/j.harris/code/cruisin-usa/DIAG.ASM:671,/Users/j.harris/code/cruisin-usa/DIAG.ASM:676,
JJDD,2,/Users/j.harris/code/cruisin-usa/TRACKSEL.ASM:873,/Users/j.harris/code/cruisin-usa/TRACKSEL.ASM:878,
JJFJFJ,2,/Users/j.harris/code/cruisin-usa/INTRO.ASM:481,/Users/j.harris/code/cruisin-usa/INTRO.ASM:487,
JJGH,2,/Users/j.harris/code/cruisin-usa/OVERLAY.ASM:122,/Users/j.harris/code/cruisin-usa/OVERLAY.ASM:133,
JOINUP998,2,/Users/j.harris/code/cruisin-usa/SIGMA.ASM:413,/Users/j.harris/code/cruisin-usa/RHO.ASM:510,
JUSTGO,2,/Users/j.harris/code/cruisin-usa/SND.ASM:972,/Users/j.harris/code/cruisin-usa/SND.ASM:974,
KADONE,2,/Users/j.harris/code/cruisin-usa/MPROC.ASM:394,/Users/j.harris/code/cruisin-usa/MPROC.ASM:425,
KAKAF,2,/Users/j.harris/code/cruisin-usa/TRACKSEL.ASM:475,/Users/j.harris/code/cruisin-usa/TRACKSEL.ASM:477,
KFFDA,2,/Users/j.harris/code/cruisin-usa/INTRO.ASM:3386,/Users/j.harris/code/cruisin-usa/INTRO.ASM:3395,
KIBO,2,/Users/j.harris/code/cruisin-usa/INTRO.ASM:1334,/Users/j.harris/code/cruisin-usa/INTRO.ASM:1337,
KILL_X,2,/Users/j.harris/code/cruisin-usa/MPROC.ASM:342,/Users/j.harris/code/cruisin-usa/MPROC.ASM:355,
KILLME,2,/Users/j.harris/code/cruisin-usa/SND.ASM:81,/Users/j.harris/code/cruisin-usa/SND.ASM:89,
KILLP,2,/Users/j.harris/code/cruisin-usa/MPROC.ASM:338,/Users/j.harris/code/cruisin-usa/MPROC.ASM:345,
KILSFX1,2,/Users/j.harris/code/cruisin-usa/SND.ASM:530,/Users/j.harris/code/cruisin-usa/SND.ASM:533,
KILSFX2,2,/Users/j.harris/code/cruisin-usa/SND.ASM:535,/Users/j.harris/code/cruisin-usa/SND.ASM:539,
KKJJ,2,/Users/j.harris/code/cruisin-usa/MEMTEST.ASM:675,/Users/j.harris/code/cruisin-usa/MEMTEST.ASM:680,
KKKII,2,/Users/j.harris/code/cruisin-usa/MOTION.ASM:1554,/Users/j.harris/code/cruisin-usa/MOTION.ASM:1566,
KKLFF,2,/Users/j.harris/code/cruisin-usa/INTRO.ASM:2813,/Users/j.harris/code/cruisin-usa/INTRO.ASM:2816,
KKLL5,2,/Users/j.harris/code/cruisin-usa/AUDITS.ASM:347,/Users/j.harris/code/cruisin-usa/AUDITS.ASM:354,
KKTIL,2,/Users/j.harris/code/cruisin-usa/BACKGRND.ASM:158,/Users/j.harris/code/cruisin-usa/BACKGRND.ASM:177,
KLFD,2,/Users/j.harris/code/cruisin-usa/COLLA.ASM:1565,/Users/j.harris/code/cruisin-usa/COLLA.ASM:1569,
KLP0,2,/Users/j.harris/code/cruisin-usa/MPROC.ASM:392,/Users/j.harris/code/cruisin-usa/MPROC.ASM:424,
KLUDGE_MO,2,/Users/j.harris/code/cruisin-usa/SMOKE.ASM:126,/Users/j.harris/code/cruisin-usa/SMOKE.ASM:130,
KLUDGE_MOFO,2,/Users/j.harris/code/cruisin-usa/SMOKE.ASM:653,/Users/j.harris/code/cruisin-usa/SMOKE.ASM:656,
l2,2,/Users/j.harris/code/cruisin-usa/VANTAB.INC:32,/Users/j.harris/code/cruisin-usa/VANTAB.INC:35,
l3,2,/Users/j.harris/code/cruisin-usa/VANTAB.INC:38,/Users/j.harris/code/cruisin-usa/VANTAB.INC:40,
l5,2,/Users/j.harris/code/cruisin-usa/VANTAB.INC:27,/Users/j.harris/code/cruisin-usa/VANTAB.INC:30,
l6,2,/Users/j.harris/code/cruisin-usa/VANTAB.INC:28,/Users/j.harris/code/cruisin-usa/VANTAB.INC:30,
l7,2,/Users/j.harris/code/cruisin-usa/VANTAB.INC:22,/Users/j.harris/code/cruisin-usa/VANTAB.INC:24,
l8,2,/Users/j.harris/code/cruisin-usa/VANTAB.INC:15,/Users/j.harris/code/cruisin-usa/VANTAB.INC:17,
l9,2,/Users/j.harris/code/cruisin-usa/VANTAB.INC:51,/Users/j.harris/code/cruisin-usa/VANTAB.INC:53,
lafreeway_PALETTES,2,/Users/j.harris/code/cruisin-usa/SETUPS.ASM:52,/Users/j.harris/code/cruisin-usa/SETUPS.ASM:510,
LAMPT,2,/Users/j.harris/code/cruisin-usa/DIAG.ASM:3679,/Users/j.harris/code/cruisin-usa/DIAG.ASM:3698,
LANEOFF,2,/Users/j.harris/code/cruisin-usa/RACER.EQU:28,/Users/j.harris/code/cruisin-usa/RACER.EQU:30,
LANESI,2,/Users/j.harris/code/cruisin-usa/DELTA.EQU:32,/Users/j.harris/code/cruisin-usa/DELTA.EQU:34,
lap_buffer,2,/Users/j.harris/code/cruisin-usa/MAP.ASM:1088,/Users/j.harris/code/cruisin-usa/MAP.ASM:1090,
LAST_LETTER,2,/Users/j.harris/code/cruisin-usa/HSTDP.ASM:64,/Users/j.harris/code/cruisin-usa/HSTDP.ASM:65,
LDFNE,2,/Users/j.harris/code/cruisin-usa/INFIN.ASM:254,/Users/j.harris/code/cruisin-usa/TRANS.ASM:655,
LEFT_SIDE,2,/Users/j.harris/code/cruisin-usa/SMOKE.ASM:820,/Users/j.harris/code/cruisin-usa/SMOKE.ASM:827,
LEG_ELEMENTS,2,/Users/j.harris/code/cruisin-usa/LEG.ASM:61,/Users/j.harris/code/cruisin-usa/LEG.ASM:81,
LEG_RADY,2,/Users/j.harris/code/cruisin-usa/LEG.ASM:333,/Users/j.harris/code/cruisin-usa/LEG.ASM:377,
LEG_SSLL,2,/Users/j.harris/code/cruisin-usa/LEG.ASM:93,/Users/j.harris/code/cruisin-usa/LEG.ASM:106,
LEQTAB,2,/Users/j.harris/code/cruisin-usa/COLLA.ASM:4171,/Users/j.harris/code/cruisin-usa/COLLA.ASM:4172,
lgnum43_p,2,/Users/j.harris/code/cruisin-usa/TEXT.ASM:211,/Users/j.harris/code/cruisin-usa/TEXT.ASM:227,
LINEBUFFER,2,/Users/j.harris/code/cruisin-usa/COMP.ASM:118,/Users/j.harris/code/cruisin-usa/COMP.ASM:119,
LINK,2,/Users/j.harris/code/cruisin-usa/SMOKE.ASM:339,/Users/j.harris/code/cruisin-usa/SMOKE.ASM:343,
LINKDISABLED,2,/Users/j.harris/code/cruisin-usa/CUSA.ASM:1907,/Users/j.harris/code/cruisin-usa/CUSA.ASM:1968,
LINKREC1,2,/Users/j.harris/code/cruisin-usa/RACER.ASM:897,/Users/j.harris/code/cruisin-usa/RACER.ASM:900,
LINKREC3,2,/Users/j.harris/code/cruisin-usa/RACER.ASM:899,/Users/j.harris/code/cruisin-usa/RACER.ASM:910,
LINLOP,2,/Users/j.harris/code/cruisin-usa/DIAG.ASM:365,/Users/j.harris/code/cruisin-usa/DIAG.ASM:375,
LKAS534,2,/Users/j.harris/code/cruisin-usa/INTRO.ASM:720,/Users/j.harris/code/cruisin-usa/INTRO.ASM:723,
LKJ2,2,/Users/j.harris/code/cruisin-usa/INFIN.ASM:652,/Users/j.harris/code/cruisin-usa/INFIN.ASM:654,
LKJ25,2,/Users/j.harris/code/cruisin-usa/INFIN.ASM:684,/Users/j.harris/code/cruisin-usa/INFIN.ASM:687,
LKJAFSD,2,/Users/j.harris/code/cruisin-usa/INTRO.ASM:2956,/Users/j.harris/code/cruisin-usa/INTRO.ASM:2959,
LKJASDFGD,2,/Users/j.harris/code/cruisin-usa/INTRO.ASM:650,/Users/j.harris/code/cruisin-usa/INTRO.ASM:657,
LL88,2,/Users/j.harris/code/cruisin-usa/COLLA.ASM:1336,/Users/j.harris/code/cruisin-usa/COLLA.ASM:1339,
LLK2,2,/Users/j.harris/code/cruisin-usa/CHOPPER.ASM:350,/Users/j.harris/code/cruisin-usa/CHOPPER.ASM:358,
LLK28,2,/Users/j.harris/code/cruisin-usa/CHOPPER.ASM:176,/Users/j.harris/code/cruisin-usa/CHOPPER.ASM:184,
LLKJ,2,/Users/j.harris/code/cruisin-usa/TRACKSEL.ASM:165,/Users/j.harris/code/cruisin-usa/TRACKSEL.ASM:209,
LLL,2,/Users/j.harris/code/cruisin-usa/COMP.ASM:634,/Users/j.harris/code/cruisin-usa/COMP.ASM:637,
LLL3,2,/Users/j.harris/code/cruisin-usa/MOTION.ASM:2231,/Users/j.harris/code/cruisin-usa/MOTION.ASM:2234,
LLLERR,2,/Users/j.harris/code/cruisin-usa/MOTION.ASM:2208,/Users/j.harris/code/cruisin-usa/MOTION.ASM:2238,
LLRR,2,/Users/j.harris/code/cruisin-usa/AUDITS.ASM:248,/Users/j.harris/code/cruisin-usa/AUDITS.ASM:282,
LO_STLP,2,/Users/j.harris/code/cruisin-usa/RACER.ASM:709,/Users/j.harris/code/cruisin-usa/RACER.ASM:730,
LOAD_LP,2,/Users/j.harris/code/cruisin-usa/LEG.ASM:261,/Users/j.harris/code/cruisin-usa/LEG.ASM:280,
LOAD_LP2,2,/Users/j.harris/code/cruisin-usa/LEG.ASM:291,/Users/j.harris/code/cruisin-usa/LEG.ASM:310,
LOADLPX,2,/Users/j.harris/code/cruisin-usa/RACER.ASM:1811,/Users/j.harris/code/cruisin-usa/RACER.ASM:1815,
LOADSECTION_TABLE,2,/Users/j.harris/code/cruisin-usa/SETUPS.ASM:103,/Users/j.harris/code/cruisin-usa/SETUPS.ASM:105,
LOCTEMPER_MAT2,2,/Users/j.harris/code/cruisin-usa/MATH.ASM:306,/Users/j.harris/code/cruisin-usa/MATH.ASM:307,
LODLP,2,/Users/j.harris/code/cruisin-usa/DIAG.ASM:187,/Users/j.harris/code/cruisin-usa/DIAG.ASM:190,
LOF1X,2,/Users/j.harris/code/cruisin-usa/DIRQ.ASM:1409,/Users/j.harris/code/cruisin-usa/DIRQ.ASM:1416,
LOF2X,2,/Users/j.harris/code/cruisin-usa/DIRQ.ASM:2329,/Users/j.harris/code/cruisin-usa/DIRQ.ASM:2336,
LOF4X,2,/Users/j.harris/code/cruisin-usa/DIRQ.ASM:2605,/Users/j.harris/code/cruisin-usa/DIRQ.ASM:2612,
LOGO2,2,/Users/j.harris/code/cruisin-usa/ATTRDRNE.ASM:198,/Users/j.harris/code/cruisin-usa/ATTRDRNE.ASM:222,
LOGO_LOOP1,2,/Users/j.harris/code/cruisin-usa/ATTRDRNE.ASM:192,/Users/j.harris/code/cruisin-usa/ATTRDRNE.ASM:248,
LOOP56,2,/Users/j.harris/code/cruisin-usa/RACER.ASM:1991,/Users/j.harris/code/cruisin-usa/RACER.ASM:2028,
LOOP56A,2,/Users/j.harris/code/cruisin-usa/RACER.ASM:2016,/Users/j.harris/code/cruisin-usa/RACER.ASM:2031,
LOW,2,/Users/j.harris/code/cruisin-usa/CMOS.ASM:146,/Users/j.harris/code/cruisin-usa/CMOS.ASM:147,
LPP5,2,/Users/j.harris/code/cruisin-usa/BACKGRND.ASM:221,/Users/j.harris/code/cruisin-usa/BACKGRND.ASM:250,
LREG3,2,/Users/j.harris/code/cruisin-usa/BONUS.ASM:2092,/Users/j.harris/code/cruisin-usa/BONUS.ASM:2100,
LS_ACTIVATE_X,2,/Users/j.harris/code/cruisin-usa/BACKGRND.ASM:1965,/Users/j.harris/code/cruisin-usa/BACKGRND.ASM:1993,
LS_ACTIVATE_XO,2,/Users/j.harris/code/cruisin-usa/BACKGRND.ASM:2352,/Users/j.harris/code/cruisin-usa/BACKGRND.ASM:2400,
LS_L12,2,/Users/j.harris/code/cruisin-usa/BACKGRND.ASM:1960,/Users/j.harris/code/cruisin-usa/BACKGRND.ASM:1991,
LS_L12O,2,/Users/j.harris/code/cruisin-usa/BACKGRND.ASM:2347,/Users/j.harris/code/cruisin-usa/BACKGRND.ASM:2398,
macs,2,/Users/j.harris/code/cruisin-usa/COINTAB.ASM:13,/Users/j.harris/code/cruisin-usa/TEXTTAB.ASM:11,
MAKE_PARTSLP,2,/Users/j.harris/code/cruisin-usa/ROADKILL.ASM:629,/Users/j.harris/code/cruisin-usa/ROADKILL.ASM:658,
map1,2,/Users/j.harris/code/cruisin-usa/MAP.ASM:103,/Users/j.harris/code/cruisin-usa/MAP.ASM:432,
map2,2,/Users/j.harris/code/cruisin-usa/MAP.ASM:115,/Users/j.harris/code/cruisin-usa/MAP.ASM:444,
map3,2,/Users/j.harris/code/cruisin-usa/MAP.ASM:127,/Users/j.harris/code/cruisin-usa/MAP.ASM:456,
map4,2,/Users/j.harris/code/cruisin-usa/MAP.ASM:139,/Users/j.harris/code/cruisin-usa/MAP.ASM:468,
MASK,2,/Users/j.harris/code/cruisin-usa/DIAG.ASM:3779,/Users/j.harris/code/cruisin-usa/DIAG.ASM:3780,
MAXACCEL,2,/Users/j.harris/code/cruisin-usa/RACER.EQU:28,/Users/j.harris/code/cruisin-usa/RACER.EQU:31,
MBI_LP,2,/Users/j.harris/code/cruisin-usa/MOTION.ASM:720,/Users/j.harris/code/cruisin-usa/MOTION.ASM:822,
MBVL,2,/Users/j.harris/code/cruisin-usa/COLLA.ASM:1009,/Users/j.harris/code/cruisin-usa/COLLA.ASM:1034,
midway,2,/Users/j.harris/code/cruisin-usa/ATTRACTA.ASM:77,/Users/j.harris/code/cruisin-usa/ATTRACTA.ASM:178,
MIHEL,2,/Users/j.harris/code/cruisin-usa/HUD.ASM:70,/Users/j.harris/code/cruisin-usa/HUD.ASM:76,
MIHEL2,2,/Users/j.harris/code/cruisin-usa/HUD.ASM:89,/Users/j.harris/code/cruisin-usa/HUD.ASM:95,
MILOOP1,2,/Users/j.harris/code/cruisin-usa/MOTION.ASM:201,/Users/j.harris/code/cruisin-usa/MOTION.ASM:249,
MILOOP1LOW,2,/Users/j.harris/code/cruisin-usa/MOTION.ASM:297,/Users/j.harris/code/cruisin-usa/MOTION.ASM:345,
MILOOP2,2,/Users/j.harris/code/cruisin-usa/MOTION.ASM:157,/Users/j.harris/code/cruisin-usa/MOTION.ASM:172,
MIN,2,/Users/j.harris/code/cruisin-usa/CMOS.ASM:668,/Users/j.harris/code/cruisin-usa/CMOS.ASM:669,
MIN_TRACK_TIME,2,/Users/j.harris/code/cruisin-usa/DRONES.ASM:46,/Users/j.harris/code/cruisin-usa/GLOBALS.EQU:262,
MISSILE_TAB,2,/Users/j.harris/code/cruisin-usa/WAVE.ASM:635,/Users/j.harris/code/cruisin-usa/WAVE.ASM:731,
missle_p,2,/Users/j.harris/code/cruisin-usa/INTRO.ASM:2044,/Users/j.harris/code/cruisin-usa/WAVE.ASM:731,
MNLOOP,2,/Users/j.harris/code/cruisin-usa/HSTDP.ASM:2280,/Users/j.harris/code/cruisin-usa/HSTDP.ASM:2310,
mod_32,2,/Users/j.harris/code/cruisin-usa/ROUTS.ASM:533,/Users/j.harris/code/cruisin-usa/ROUTS.ASM:581,
mod_32c,2,/Users/j.harris/code/cruisin-usa/ROUTS.ASM:620,/Users/j.harris/code/cruisin-usa/ROUTS.ASM:662,
MODEL,2,/Users/j.harris/code/cruisin-usa/RACER.EQU:28,/Users/j.harris/code/cruisin-usa/RACER.EQU:29,
MOMT,2,/Users/j.harris/code/cruisin-usa/DIAG.ASM:1196,/Users/j.harris/code/cruisin-usa/DIAG.ASM:1200,
MOTION_MENU,2,/Users/j.harris/code/cruisin-usa/DIAG.ASM:1198,/Users/j.harris/code/cruisin-usa/DIAG.ASM:3666,
MOTIONDIS,2,/Users/j.harris/code/cruisin-usa/COIN.ASM:1362,/Users/j.harris/code/cruisin-usa/COIN.ASM:1373,
MOTOFF_LOOP,2,/Users/j.harris/code/cruisin-usa/MOTION.ASM:501,/Users/j.harris/code/cruisin-usa/MOTION.ASM:528,
MOTOFF_PROG,2,/Users/j.harris/code/cruisin-usa/MOTION.ASM:453,/Users/j.harris/code/cruisin-usa/MOTION.ASM:500,
MOVELOOP,2,/Users/j.harris/code/cruisin-usa/INTRO.ASM:1830,/Users/j.harris/code/cruisin-usa/INTRO.ASM:1869,
MP0,2,/Users/j.harris/code/cruisin-usa/HSTDP.ASM:2204,/Users/j.harris/code/cruisin-usa/HSTDP.ASM:2229,
MPB,2,/Users/j.harris/code/cruisin-usa/HSTDP.ASM:1681,/Users/j.harris/code/cruisin-usa/HSTDP.ASM:1697,
MPH_BUFFER,2,/Users/j.harris/code/cruisin-usa/HUD.ASM:31,/Users/j.harris/code/cruisin-usa/HUD.ASM:32,
MPL1,2,/Users/j.harris/code/cruisin-usa/HSTDP.ASM:1850,/Users/j.harris/code/cruisin-usa/HSTDP.ASM:1866,
MPL2,2,/Users/j.harris/code/cruisin-usa/HSTDP.ASM:1860,/Users/j.harris/code/cruisin-usa/HSTDP.ASM:1864,
MPLX,2,/Users/j.harris/code/cruisin-usa/HSTDP.ASM:1840,/Users/j.harris/code/cruisin-usa/HSTDP.ASM:1867,
MRC1,2,/Users/j.harris/code/cruisin-usa/ATTRDRNE.ASM:638,/Users/j.harris/code/cruisin-usa/ATTRDRNE.ASM:642,
MRCX,2,/Users/j.harris/code/cruisin-usa/ATTRDRNE.ASM:641,/Users/j.harris/code/cruisin-usa/ATTRDRNE.ASM:736,
MSDLP,2,/Users/j.harris/code/cruisin-usa/COMM.ASM:390,/Users/j.harris/code/cruisin-usa/COMM.ASM:404,
MSFX,2,/Users/j.harris/code/cruisin-usa/DIAG.ASM:4133,/Users/j.harris/code/cruisin-usa/DIAG.ASM:4136,
MSLP1,2,/Users/j.harris/code/cruisin-usa/ATTRACTA.ASM:123,/Users/j.harris/code/cruisin-usa/ATTRACTA.ASM:143,
MSLP1a,2,/Users/j.harris/code/cruisin-usa/ATTRACTA.ASM:223,/Users/j.harris/code/cruisin-usa/ATTRACTA.ASM:239,
MSLP4,2,/Users/j.harris/code/cruisin-usa/ATTRACTA.ASM:155,/Users/j.harris/code/cruisin-usa/ATTRACTA.ASM:159,
MSOFF,2,/Users/j.harris/code/cruisin-usa/DIAG.ASM:4130,/Users/j.harris/code/cruisin-usa/DIAG.ASM:4135,
MT1,2,/Users/j.harris/code/cruisin-usa/HSTDP.ASM:2360,/Users/j.harris/code/cruisin-usa/HSTDP.ASM:2363,
MT2,2,/Users/j.harris/code/cruisin-usa/HSTDP.ASM:2362,/Users/j.harris/code/cruisin-usa/HSTDP.ASM:2368,
MT3,2,/Users/j.harris/code/cruisin-usa/HSTDP.ASM:2367,/Users/j.harris/code/cruisin-usa/HSTDP.ASM:2373,
MTLOOP,2,/Users/j.harris/code/cruisin-usa/HSTDP.ASM:2355,/Users/j.harris/code/cruisin-usa/HSTDP.ASM:2396,
mtrush_PALETTES,2,/Users/j.harris/code/cruisin-usa/SETUPS.ASM:59,/Users/j.harris/code/cruisin-usa/SETUPS.ASM:655,
MULTIWORD,2,/Users/j.harris/code/cruisin-usa/COMP.ASM:134,/Users/j.harris/code/cruisin-usa/COMP.ASM:144,
muscle,2,/Users/j.harris/code/cruisin-usa/WAVE.ASM:779,/Users/j.harris/code/cruisin-usa/WAVE.ASM:928,
mustang,2,/Users/j.harris/code/cruisin-usa/WAVE.ASM:811,/Users/j.harris/code/cruisin-usa/WAVE.ASM:811,
MVL,2,/Users/j.harris/code/cruisin-usa/DIAG.ASM:3026,/Users/j.harris/code/cruisin-usa/DIAG.ASM:3034,
MVPBL,2,/Users/j.harris/code/cruisin-usa/TRANS.ASM:1076,/Users/j.harris/code/cruisin-usa/TRANS.ASM:1092,
MXT1,2,/Users/j.harris/code/cruisin-usa/DIAG.ASM:3001,/Users/j.harris/code/cruisin-usa/DIAG.ASM:3007,
MXT2,2,/Users/j.harris/code/cruisin-usa/DIAG.ASM:3002,/Users/j.harris/code/cruisin-usa/DIAG.ASM:3008,
N76,2,/Users/j.harris/code/cruisin-usa/MOTION.ASM:1251,/Users/j.harris/code/cruisin-usa/MOTION.ASM:1273,
N77,2,/Users/j.harris/code/cruisin-usa/MOTION.ASM:1279,/Users/j.harris/code/cruisin-usa/MOTION.ASM:1301,
N78,2,/Users/j.harris/code/cruisin-usa/MOTION.ASM:1308,/Users/j.harris/code/cruisin-usa/MOTION.ASM:1329,
NAS,2,/Users/j.harris/code/cruisin-usa/TRACKSEL.ASM:999,/Users/j.harris/code/cruisin-usa/TRACKSEL.ASM:1009,
NBC,2,/Users/j.harris/code/cruisin-usa/TRACKSEL.ASM:984,/Users/j.harris/code/cruisin-usa/TRACKSEL.ASM:996,
NBON,2,/Users/j.harris/code/cruisin-usa/WHEEL.ASM:56,/Users/j.harris/code/cruisin-usa/WHEEL.ASM:61,
NDO2,2,/Users/j.harris/code/cruisin-usa/INTRO.ASM:1779,/Users/j.harris/code/cruisin-usa/INTRO.ASM:1781,
NDOO,2,/Users/j.harris/code/cruisin-usa/HOTTUB.ASM:290,/Users/j.harris/code/cruisin-usa/HOTTUB.ASM:297,
NEW_GROUPI,2,/Users/j.harris/code/cruisin-usa/BACKGRND.ASM:43,/Users/j.harris/code/cruisin-usa/BACKGRND.ASM:1037,
NEXT_BUMP_CODE,2,/Users/j.harris/code/cruisin-usa/COMP.ASM:116,/Users/j.harris/code/cruisin-usa/COMP.ASM:413,
NEXT_PAGE,2,/Users/j.harris/code/cruisin-usa/ERROR.ASM:206,/Users/j.harris/code/cruisin-usa/ERROR.ASM:339,
NEXT_ROADLP,2,/Users/j.harris/code/cruisin-usa/ROADKILL.ASM:1342,/Users/j.harris/code/cruisin-usa/ROADKILL.ASM:1368,
NEXTSTATE,2,/Users/j.harris/code/cruisin-usa/CUSA.ASM:2020,/Users/j.harris/code/cruisin-usa/CUSA.ASM:2038,
NFTLP,2,/Users/j.harris/code/cruisin-usa/HSTDP.ASM:601,/Users/j.harris/code/cruisin-usa/HSTDP.ASM:607,
NFTX,2,/Users/j.harris/code/cruisin-usa/HSTDP.ASM:604,/Users/j.harris/code/cruisin-usa/HSTDP.ASM:608,
NHT3,2,/Users/j.harris/code/cruisin-usa/TRACKSEL.ASM:695,/Users/j.harris/code/cruisin-usa/TRACKSEL.ASM:718,
NIC,2,/Users/j.harris/code/cruisin-usa/WHEEL.ASM:63,/Users/j.harris/code/cruisin-usa/WHEEL.ASM:68,
NIRM,2,/Users/j.harris/code/cruisin-usa/SND.ASM:699,/Users/j.harris/code/cruisin-usa/SND.ASM:701,
NJ4,2,/Users/j.harris/code/cruisin-usa/DIAG.ASM:3898,/Users/j.harris/code/cruisin-usa/DIAG.ASM:3900,
NJ4A,2,/Users/j.harris/code/cruisin-usa/DIAG.ASM:3934,/Users/j.harris/code/cruisin-usa/DIAG.ASM:3936,
NKLD,2,/Users/j.harris/code/cruisin-usa/DRONES.ASM:396,/Users/j.harris/code/cruisin-usa/DRONES.ASM:399,
NLSLP,2,/Users/j.harris/code/cruisin-usa/RROAD.ASM:214,/Users/j.harris/code/cruisin-usa/RROAD.ASM:365,
NM2B,2,/Users/j.harris/code/cruisin-usa/DIAG.ASM:3963,/Users/j.harris/code/cruisin-usa/DIAG.ASM:3965,
NM2BA,2,/Users/j.harris/code/cruisin-usa/DIAG.ASM:3986,/Users/j.harris/code/cruisin-usa/DIAG.ASM:3988,
NMS1,2,/Users/j.harris/code/cruisin-usa/MATH.ASM:158,/Users/j.harris/code/cruisin-usa/MATH.ASM:161,
NN77,2,/Users/j.harris/code/cruisin-usa/TRACKSEL.ASM:1011,/Users/j.harris/code/cruisin-usa/TRACKSEL.ASM:1015,
NN88,2,/Users/j.harris/code/cruisin-usa/TRACKSEL.ASM:1017,/Users/j.harris/code/cruisin-usa/TRACKSEL.ASM:1022,
NNE1,2,/Users/j.harris/code/cruisin-usa/MOTION.ASM:573,/Users/j.harris/code/cruisin-usa/MOTION.ASM:577,
NNWAY,2,/Users/j.harris/code/cruisin-usa/ROADKILL.ASM:264,/Users/j.harris/code/cruisin-usa/ROADKILL.ASM:278,
NO_ATTR_COL,2,/Users/j.harris/code/cruisin-usa/COLLA.ASM:1121,/Users/j.harris/code/cruisin-usa/COLLA.ASM:1129,
NO_CENTER,2,/Users/j.harris/code/cruisin-usa/TEXT.ASM:491,/Users/j.harris/code/cruisin-usa/TEXT.ASM:497,
NO_CENTERa,2,/Users/j.harris/code/cruisin-usa/TEXT.ASM:885,/Users/j.harris/code/cruisin-usa/TEXT.ASM:891,
NO_COLORS,2,/Users/j.harris/code/cruisin-usa/PLYR.ASM:2239,/Users/j.harris/code/cruisin-usa/PLYR.ASM:2261,
NO_ERRORMIL,2,/Users/j.harris/code/cruisin-usa/MOTION.ASM:164,/Users/j.harris/code/cruisin-usa/MOTION.ASM:178,
NO_ERRORS,2,/Users/j.harris/code/cruisin-usa/DIAG.ASM:3748,/Users/j.harris/code/cruisin-usa/DIAG.ASM:3764,
NO_FLAME,2,/Users/j.harris/code/cruisin-usa/PLYR.ASM:3254,/Users/j.harris/code/cruisin-usa/PLYR.ASM:3256,
NO_HID1,2,/Users/j.harris/code/cruisin-usa/TRACKSEL.ASM:525,/Users/j.harris/code/cruisin-usa/TRACKSEL.ASM:547,
NO_INSERTCOINS,2,/Users/j.harris/code/cruisin-usa/COIN.ASM:810,/Users/j.harris/code/cruisin-usa/COIN.ASM:827,
NO_INSERTCOINSM,2,/Users/j.harris/code/cruisin-usa/COIN.ASM:1230,/Users/j.harris/code/cruisin-usa/COIN.ASM:1246,
NO_LO_SAFETY_ERROR,2,/Users/j.harris/code/cruisin-usa/MOTION.ASM:338,/Users/j.harris/code/cruisin-usa/MOTION.ASM:343,
NO_MOTION_ERRORS,2,/Users/j.harris/code/cruisin-usa/MOTION.ASM:1022,/Users/j.harris/code/cruisin-usa/MOTION.ASM:1080,
NO_NEG,2,/Users/j.harris/code/cruisin-usa/ROADKILL.ASM:672,/Users/j.harris/code/cruisin-usa/ROADKILL.ASM:674,
NO_NEW_MOTION_ERRORS,2,/Users/j.harris/code/cruisin-usa/MOTION.ASM:895,/Users/j.harris/code/cruisin-usa/MOTION.ASM:902,
NO_NEWLOAD,2,/Users/j.harris/code/cruisin-usa/BACKGRND.ASM:998,/Users/j.harris/code/cruisin-usa/BACKGRND.ASM:1001,
NO_OBJINS,2,/Users/j.harris/code/cruisin-usa/ATTRDRNE.ASM:144,/Users/j.harris/code/cruisin-usa/ATTRDRNE.ASM:149,
NO_PREVMOTION_ERRORS,2,/Users/j.harris/code/cruisin-usa/MOTION.ASM:883,/Users/j.harris/code/cruisin-usa/MOTION.ASM:941,
NO_RIGHT,2,/Users/j.harris/code/cruisin-usa/TEXT.ASM:499,/Users/j.harris/code/cruisin-usa/TEXT.ASM:503,
NO_RIGHTa,2,/Users/j.harris/code/cruisin-usa/TEXT.ASM:893,/Users/j.harris/code/cruisin-usa/TEXT.ASM:897,
NO_SLOPE,2,/Users/j.harris/code/cruisin-usa/ATTRDRNE.ASM:692,/Users/j.harris/code/cruisin-usa/ATTRDRNE.ASM:727,
NO_START,2,/Users/j.harris/code/cruisin-usa/COIN.ASM:769,/Users/j.harris/code/cruisin-usa/COIN.ASM:773,
NO_TOSTART,2,/Users/j.harris/code/cruisin-usa/COIN.ASM:1047,/Users/j.harris/code/cruisin-usa/COIN.ASM:1055,
NO_UP_SAFETY_ERROR,2,/Users/j.harris/code/cruisin-usa/MOTION.ASM:242,/Users/j.harris/code/cruisin-usa/MOTION.ASM:247,
NO_XOFFSET,2,/Users/j.harris/code/cruisin-usa/ROADKILL.ASM:971,/Users/j.harris/code/cruisin-usa/ROADKILL.ASM:996,
NOACT,2,/Users/j.harris/code/cruisin-usa/BACKGRND.ASM:363,/Users/j.harris/code/cruisin-usa/BACKGRND.ASM:397,
NOBABE,2,/Users/j.harris/code/cruisin-usa/INTRO.ASM:2766,/Users/j.harris/code/cruisin-usa/INTRO.ASM:2769,
NOBOTTOM,2,/Users/j.harris/code/cruisin-usa/PLYR.ASM:3212,/Users/j.harris/code/cruisin-usa/PLYR.ASM:3221,
NOBREAK_CONTINUE,2,/Users/j.harris/code/cruisin-usa/DIRQ.ASM:231,/Users/j.harris/code/cruisin-usa/DIRQ.ASM:234,
NOBUYIN77,2,/Users/j.harris/code/cruisin-usa/TRACKSEL.ASM:223,/Users/j.harris/code/cruisin-usa/TRACKSEL.ASM:261,
NOCHECK,2,/Users/j.harris/code/cruisin-usa/MOTION.ASM:857,/Users/j.harris/code/cruisin-usa/MOTION.ASM:864,
NOCLEAR,2,/Users/j.harris/code/cruisin-usa/ERROR.ASM:320,/Users/j.harris/code/cruisin-usa/ERROR.ASM:327,
NOCLINTON,2,/Users/j.harris/code/cruisin-usa/BONUS.ASM:1038,/Users/j.harris/code/cruisin-usa/BONUS.ASM:1040,
NODA,2,/Users/j.harris/code/cruisin-usa/HOTTUB.ASM:631,/Users/j.harris/code/cruisin-usa/HOTTUB.ASM:635,
NODIPPLOT,2,/Users/j.harris/code/cruisin-usa/AUDITS.ASM:292,/Users/j.harris/code/cruisin-usa/AUDITS.ASM:316,
NODIV2,2,/Users/j.harris/code/cruisin-usa/CHOPPER.ASM:849,/Users/j.harris/code/cruisin-usa/CHOPPER.ASM:851,
NODIV8,2,/Users/j.harris/code/cruisin-usa/CHOPPER.ASM:162,/Users/j.harris/code/cruisin-usa/CHOPPER.ASM:164,
NODO555,2,/Users/j.harris/code/cruisin-usa/CUSA.ASM:570,/Users/j.harris/code/cruisin-usa/CUSA.ASM:572,
NODO56,2,/Users/j.harris/code/cruisin-usa/INTRO.ASM:2235,/Users/j.harris/code/cruisin-usa/INTRO.ASM:2242,
NODOAP,2,/Users/j.harris/code/cruisin-usa/MAP.ASM:1579,/Users/j.harris/code/cruisin-usa/MAP.ASM:1590,
NODOIT6,2,/Users/j.harris/code/cruisin-usa/INTRO.ASM:768,/Users/j.harris/code/cruisin-usa/INTRO.ASM:771,
NODS,2,/Users/j.harris/code/cruisin-usa/COMP.ASM:451,/Users/j.harris/code/cruisin-usa/COMP.ASM:464,
NODSRT,2,/Users/j.harris/code/cruisin-usa/COMP.ASM:459,/Users/j.harris/code/cruisin-usa/COMP.ASM:467,
NODYNALEAN,2,/Users/j.harris/code/cruisin-usa/RHO.ASM:679,/Users/j.harris/code/cruisin-usa/RHO.ASM:684,
NOENTER,2,/Users/j.harris/code/cruisin-usa/BONUS.ASM:755,/Users/j.harris/code/cruisin-usa/BONUS.ASM:759,
NOEXTRA,2,/Users/j.harris/code/cruisin-usa/BACKGRND.ASM:596,/Users/j.harris/code/cruisin-usa/BACKGRND.ASM:600,
NOGO,2,/Users/j.harris/code/cruisin-usa/DRONES.ASM:464,/Users/j.harris/code/cruisin-usa/DRONES.ASM:470,
NOHARDLOAD,2,/Users/j.harris/code/cruisin-usa/COMP.ASM:324,/Users/j.harris/code/cruisin-usa/COMP.ASM:327,
NOHEAD2HEAD,2,/Users/j.harris/code/cruisin-usa/INTRO.ASM:2776,/Users/j.harris/code/cruisin-usa/INTRO.ASM:2785,
NOHIDE,2,/Users/j.harris/code/cruisin-usa/INTRO.ASM:1442,/Users/j.harris/code/cruisin-usa/INTRO.ASM:1461,
NOINC1,2,/Users/j.harris/code/cruisin-usa/COIN.ASM:1323,/Users/j.harris/code/cruisin-usa/COIN.ASM:1326,
NOINC2,2,/Users/j.harris/code/cruisin-usa/COIN.ASM:1330,/Users/j.harris/code/cruisin-usa/COIN.ASM:1333,
NOINCTIM,2,/Users/j.harris/code/cruisin-usa/INTRO.ASM:3473,/Users/j.harris/code/cruisin-usa/INTRO.ASM:3478,
NOINITBP,2,/Users/j.harris/code/cruisin-usa/HUD.ASM:346,/Users/j.harris/code/cruisin-usa/HUD.ASM:353,
NOINS0,2,/Users/j.harris/code/cruisin-usa/HSTDP.ASM:679,/Users/j.harris/code/cruisin-usa/HSTDP.ASM:682,
NOINS1,2,/Users/j.harris/code/cruisin-usa/HSTDP.ASM:695,/Users/j.harris/code/cruisin-usa/HSTDP.ASM:698,
NOINS2,2,/Users/j.harris/code/cruisin-usa/HSTDP.ASM:708,/Users/j.harris/code/cruisin-usa/HSTDP.ASM:711,
NOJHASD,2,/Users/j.harris/code/cruisin-usa/INTRO.ASM:694,/Users/j.harris/code/cruisin-usa/INTRO.ASM:708,
NOJINMSG,2,/Users/j.harris/code/cruisin-usa/INTRO.ASM:270,/Users/j.harris/code/cruisin-usa/INTRO.ASM:278,
NOLEADINGZERO,2,/Users/j.harris/code/cruisin-usa/FONT1A.ASM:148,/Users/j.harris/code/cruisin-usa/FONT1A.ASM:152,
NOMSG123,2,/Users/j.harris/code/cruisin-usa/INTRO.ASM:491,/Users/j.harris/code/cruisin-usa/INTRO.ASM:502,
NOMSG768,2,/Users/j.harris/code/cruisin-usa/INTRO.ASM:440,/Users/j.harris/code/cruisin-usa/INTRO.ASM:457,
NOMSGG,2,/Users/j.harris/code/cruisin-usa/INTRO.ASM:201,/Users/j.harris/code/cruisin-usa/INTRO.ASM:210,
NONEG,2,/Users/j.harris/code/cruisin-usa/MATH.ASM:980,/Users/j.harris/code/cruisin-usa/MATH.ASM:989,
NONEXTE,2,/Users/j.harris/code/cruisin-usa/DIAG.ASM:1611,/Users/j.harris/code/cruisin-usa/DIAG.ASM:1624,
NONEXTT,2,/Users/j.harris/code/cruisin-usa/DIAG.ASM:1594,/Users/j.harris/code/cruisin-usa/DIAG.ASM:1606,
NOOBJ,2,/Users/j.harris/code/cruisin-usa/OBJ.ASM:162,/Users/j.harris/code/cruisin-usa/OBJ.ASM:207,
NOOBJSSS,2,/Users/j.harris/code/cruisin-usa/INTRO.ASM:590,/Users/j.harris/code/cruisin-usa/INTRO.ASM:652,
NOOTHERPAL,2,/Users/j.harris/code/cruisin-usa/RACER.ASM:224,/Users/j.harris/code/cruisin-usa/RACER.ASM:230,
NOOVERB2,2,/Users/j.harris/code/cruisin-usa/LEG.ASM:298,/Users/j.harris/code/cruisin-usa/LEG.ASM:300,
NOOVERD,2,/Users/j.harris/code/cruisin-usa/BACKGRND.ASM:200,/Users/j.harris/code/cruisin-usa/BACKGRND.ASM:202,
NOPE,2,/Users/j.harris/code/cruisin-usa/COMMQ.ASM:666,/Users/j.harris/code/cruisin-usa/COMMQ.ASM:691,
NOPEIT,2,/Users/j.harris/code/cruisin-usa/CUSA.ASM:452,/Users/j.harris/code/cruisin-usa/CUSA.ASM:454,
NOPLINK,2,/Users/j.harris/code/cruisin-usa/PLYR.ASM:1040,/Users/j.harris/code/cruisin-usa/PLYR.ASM:1047,
NOPLOTpot0,2,/Users/j.harris/code/cruisin-usa/DIAG.ASM:813,/Users/j.harris/code/cruisin-usa/DIAG.ASM:825,
NOPLOTpot1,2,/Users/j.harris/code/cruisin-usa/DIAG.ASM:831,/Users/j.harris/code/cruisin-usa/DIAG.ASM:843,
NOPLOTpot2,2,/Users/j.harris/code/cruisin-usa/DIAG.ASM:849,/Users/j.harris/code/cruisin-usa/DIAG.ASM:861,
NORMAL_ROADKILL,2,/Users/j.harris/code/cruisin-usa/ROADKILL.ASM:160,/Users/j.harris/code/cruisin-usa/ROADKILL.ASM:163,
NOSECRET_CRUISE,2,/Users/j.harris/code/cruisin-usa/INTRO.ASM:3583,/Users/j.harris/code/cruisin-usa/INTRO.ASM:3587,
NOSHAD,2,/Users/j.harris/code/cruisin-usa/DIRQ.ASM:1165,/Users/j.harris/code/cruisin-usa/DIRQ.ASM:1263,
NOSKID,2,/Users/j.harris/code/cruisin-usa/PLYR.ASM:3233,/Users/j.harris/code/cruisin-usa/PLYR.ASM:3277,
NOSL2DIE2,2,/Users/j.harris/code/cruisin-usa/SIGMA.ASM:276,/Users/j.harris/code/cruisin-usa/SIGMA.ASM:281,
NOSND1,2,/Users/j.harris/code/cruisin-usa/INTRO.ASM:157,/Users/j.harris/code/cruisin-usa/INTRO.ASM:159,
NOSND2,2,/Users/j.harris/code/cruisin-usa/INTRO.ASM:317,/Users/j.harris/code/cruisin-usa/INTRO.ASM:319,
NOSTOPWUPDT,2,/Users/j.harris/code/cruisin-usa/CUSA.ASM:785,/Users/j.harris/code/cruisin-usa/CUSA.ASM:787,
NOT0,2,/Users/j.harris/code/cruisin-usa/HEADS.ASM:389,/Users/j.harris/code/cruisin-usa/HEADS.ASM:393,
NOT10,2,/Users/j.harris/code/cruisin-usa/HEADS.ASM:265,/Users/j.harris/code/cruisin-usa/HEADS.ASM:273,
NOT2ND,2,/Users/j.harris/code/cruisin-usa/DIAG.ASM:785,/Users/j.harris/code/cruisin-usa/DIAG.ASM:787,
NOT366,2,/Users/j.harris/code/cruisin-usa/TRANS.ASM:888,/Users/j.harris/code/cruisin-usa/TRANS.ASM:910,
NOT3RD,2,/Users/j.harris/code/cruisin-usa/DIAG.ASM:791,/Users/j.harris/code/cruisin-usa/DIAG.ASM:793,
NOT4TH,2,/Users/j.harris/code/cruisin-usa/DIAG.ASM:797,/Users/j.harris/code/cruisin-usa/DIAG.ASM:799,
NOT_1PAL,2,/Users/j.harris/code/cruisin-usa/OBJ.ASM:125,/Users/j.harris/code/cruisin-usa/OBJ.ASM:135,
NOT_ATOZ,2,/Users/j.harris/code/cruisin-usa/BONUS.ASM:802,/Users/j.harris/code/cruisin-usa/BONUS.ASM:811,
NOT_COP,2,/Users/j.harris/code/cruisin-usa/SIGMA.ASM:90,/Users/j.harris/code/cruisin-usa/SIGMA.ASM:93,
NOT_F1,2,/Users/j.harris/code/cruisin-usa/SND.ASM:772,/Users/j.harris/code/cruisin-usa/SND.ASM:854,
NOT_F4,2,/Users/j.harris/code/cruisin-usa/SND.ASM:859,/Users/j.harris/code/cruisin-usa/SND.ASM:877,
NOT_F6,2,/Users/j.harris/code/cruisin-usa/SND.ASM:879,/Users/j.harris/code/cruisin-usa/SND.ASM:891,
NOT_FIRST_TIME,2,/Users/j.harris/code/cruisin-usa/HSTDP.ASM:590,/Users/j.harris/code/cruisin-usa/HSTDP.ASM:594,
NOT_ILLUM,2,/Users/j.harris/code/cruisin-usa/OBJ.ASM:118,/Users/j.harris/code/cruisin-usa/OBJ.ASM:122,
NOT_NEXT_PAGE,2,/Users/j.harris/code/cruisin-usa/ERROR.ASM:331,/Users/j.harris/code/cruisin-usa/ERROR.ASM:340,
NOT_ON_SUPPROADLIST,2,/Users/j.harris/code/cruisin-usa/OBJ.ASM:491,/Users/j.harris/code/cruisin-usa/OBJ.ASM:498,
NOT_ON_SUPPXLIST,2,/Users/j.harris/code/cruisin-usa/OBJ.ASM:467,/Users/j.harris/code/cruisin-usa/OBJ.ASM:474,
NOT_PACKED_PAL,2,/Users/j.harris/code/cruisin-usa/PALL.ASM:116,/Users/j.harris/code/cruisin-usa/PALL.ASM:156,
NOT_RACE1,2,/Users/j.harris/code/cruisin-usa/TRACKSEL.ASM:104,/Users/j.harris/code/cruisin-usa/TRACKSEL.ASM:110,
NOT_ROADKILL,2,/Users/j.harris/code/cruisin-usa/COLLA.ASM:1803,/Users/j.harris/code/cruisin-usa/COLLA.ASM:1806,
NOT_WEAVER_LP2,2,/Users/j.harris/code/cruisin-usa/RHO.ASM:467,/Users/j.harris/code/cruisin-usa/RHO.ASM:472,
NOTAUTO,2,/Users/j.harris/code/cruisin-usa/TRANS.ASM:971,/Users/j.harris/code/cruisin-usa/TRANS.ASM:1006,
NOTBIGOBJ,2,/Users/j.harris/code/cruisin-usa/BACKGRND.ASM:752,/Users/j.harris/code/cruisin-usa/BACKGRND.ASM:756,
NOTCLR,2,/Users/j.harris/code/cruisin-usa/PALL.ASM:93,/Users/j.harris/code/cruisin-usa/PALL.ASM:99,
NOTCOCONUT,2,/Users/j.harris/code/cruisin-usa/COLLA.ASM:1323,/Users/j.harris/code/cruisin-usa/COLLA.ASM:1349,
NOTCORNFLAKE,2,/Users/j.harris/code/cruisin-usa/BACKGRND.ASM:530,/Users/j.harris/code/cruisin-usa/BACKGRND.ASM:566,
NOTCURSOR,2,/Users/j.harris/code/cruisin-usa/TRANS.ASM:912,/Users/j.harris/code/cruisin-usa/TRANS.ASM:920,
NOTDOWNA,2,/Users/j.harris/code/cruisin-usa/DIAG.ASM:2399,/Users/j.harris/code/cruisin-usa/DIAG.ASM:2421,
NOTDRIVE,2,/Users/j.harris/code/cruisin-usa/BACKGRND.ASM:777,/Users/j.harris/code/cruisin-usa/BACKGRND.ASM:788,
NOTDYNAMIC,2,/Users/j.harris/code/cruisin-usa/OBJ.ASM:547,/Users/j.harris/code/cruisin-usa/OBJ.ASM:563,
NOTFRNT,2,/Users/j.harris/code/cruisin-usa/TRANS.ASM:879,/Users/j.harris/code/cruisin-usa/TRANS.ASM:886,
NOTGO,2,/Users/j.harris/code/cruisin-usa/PLYR.ASM:729,/Users/j.harris/code/cruisin-usa/PLYR.ASM:732,
NOTGROUND,2,/Users/j.harris/code/cruisin-usa/BACKGRND.ASM:791,/Users/j.harris/code/cruisin-usa/BACKGRND.ASM:800,
NOTHELI,2,/Users/j.harris/code/cruisin-usa/COLLA.ASM:3011,/Users/j.harris/code/cruisin-usa/COLLA.ASM:3028,
NOTINITIAL,2,/Users/j.harris/code/cruisin-usa/DRONES.ASM:1625,/Users/j.harris/code/cruisin-usa/DRONES.ASM:1640,
NOTINTRO,2,/Users/j.harris/code/cruisin-usa/INTRO.ASM:3128,/Users/j.harris/code/cruisin-usa/INTRO.ASM:3133,
NOTLEFT,2,/Users/j.harris/code/cruisin-usa/TRANS.ASM:515,/Users/j.harris/code/cruisin-usa/TRANS.ASM:544,
NOTLEN,2,/Users/j.harris/code/cruisin-usa/TRANS.ASM:922,/Users/j.harris/code/cruisin-usa/TRANS.ASM:926,
NOTLINKED3,2,/Users/j.harris/code/cruisin-usa/RACER.ASM:321,/Users/j.harris/code/cruisin-usa/RACER.ASM:336,
NOTLOST,2,/Users/j.harris/code/cruisin-usa/HUD.ASM:173,/Users/j.harris/code/cruisin-usa/HUD.ASM:185,
NOTMAN,2,/Users/j.harris/code/cruisin-usa/TRANS.ASM:934,/Users/j.harris/code/cruisin-usa/TRANS.ASM:969,
NOTNIN,2,/Users/j.harris/code/cruisin-usa/BONUS.ASM:769,/Users/j.harris/code/cruisin-usa/BONUS.ASM:773,
NOTOFF,2,/Users/j.harris/code/cruisin-usa/PLYR.ASM:1717,/Users/j.harris/code/cruisin-usa/PLYR.ASM:1729,
NOTPERR,2,/Users/j.harris/code/cruisin-usa/MOTION.ASM:1909,/Users/j.harris/code/cruisin-usa/MOTION.ASM:1918,
NOTPTCYC,2,/Users/j.harris/code/cruisin-usa/TRANS.ASM:1008,/Users/j.harris/code/cruisin-usa/TRANS.ASM:1033,
NOTQQERRORX,2,/Users/j.harris/code/cruisin-usa/MOTION.ASM:1936,/Users/j.harris/code/cruisin-usa/MOTION.ASM:1940,
NOTQQERRORY,2,/Users/j.harris/code/cruisin-usa/MOTION.ASM:1942,/Users/j.harris/code/cruisin-usa/MOTION.ASM:1946,
NOTQQERRORZ,2,/Users/j.harris/code/cruisin-usa/MOTION.ASM:1949,/Users/j.harris/code/cruisin-usa/MOTION.ASM:1985,
NOTQSTATUS,2,/Users/j.harris/code/cruisin-usa/MOTION.ASM:1920,/Users/j.harris/code/cruisin-usa/MOTION.ASM:1932,
NOTREN,2,/Users/j.harris/code/cruisin-usa/TRANS.ASM:928,/Users/j.harris/code/cruisin-usa/TRANS.ASM:932,
NOTRESETVOL,2,/Users/j.harris/code/cruisin-usa/SND.ASM:646,/Users/j.harris/code/cruisin-usa/SND.ASM:654,
NOTRET,2,/Users/j.harris/code/cruisin-usa/DIAG.ASM:2365,/Users/j.harris/code/cruisin-usa/DIAG.ASM:2369,
NOTSIGN,2,/Users/j.harris/code/cruisin-usa/BACKGRND.ASM:803,/Users/j.harris/code/cruisin-usa/BACKGRND.ASM:812,
NOTSPEC3,2,/Users/j.harris/code/cruisin-usa/HEADS.ASM:351,/Users/j.harris/code/cruisin-usa/HEADS.ASM:385,
NOTSPEC4,2,/Users/j.harris/code/cruisin-usa/HEADS.ASM:298,/Users/j.harris/code/cruisin-usa/HEADS.ASM:307,
NOTSPEC7,2,/Users/j.harris/code/cruisin-usa/HEADS.ASM:286,/Users/j.harris/code/cruisin-usa/HEADS.ASM:293,
NOTSPEC8,2,/Users/j.harris/code/cruisin-usa/HEADS.ASM:276,/Users/j.harris/code/cruisin-usa/HEADS.ASM:282,
NOTSPEC99,2,/Users/j.harris/code/cruisin-usa/HEADS.ASM:310,/Users/j.harris/code/cruisin-usa/HEADS.ASM:348,
NOTTHIS,2,/Users/j.harris/code/cruisin-usa/MOTION.ASM:1056,/Users/j.harris/code/cruisin-usa/MOTION.ASM:1077,
NOTTLRST,2,/Users/j.harris/code/cruisin-usa/MOTION.ASM:959,/Users/j.harris/code/cruisin-usa/MOTION.ASM:1006,
NOTUPA,2,/Users/j.harris/code/cruisin-usa/DIAG.ASM:2373,/Users/j.harris/code/cruisin-usa/DIAG.ASM:2397,
NOTURN,2,/Users/j.harris/code/cruisin-usa/RACER.ASM:519,/Users/j.harris/code/cruisin-usa/RACER.ASM:533,
NOTUSA_RACE,2,/Users/j.harris/code/cruisin-usa/TRACKSEL.ASM:504,/Users/j.harris/code/cruisin-usa/TRACKSEL.ASM:511,
NOTWEAVER,2,/Users/j.harris/code/cruisin-usa/SIGMA.ASM:190,/Users/j.harris/code/cruisin-usa/SIGMA.ASM:198,
NOTWHELTOSEL,2,/Users/j.harris/code/cruisin-usa/TRANS.ASM:1036,/Users/j.harris/code/cruisin-usa/TRANS.ASM:1061,
NOULOG,2,/Users/j.harris/code/cruisin-usa/INTRO.ASM:912,/Users/j.harris/code/cruisin-usa/INTRO.ASM:916,
NOVOL,2,/Users/j.harris/code/cruisin-usa/SND.ASM:486,/Users/j.harris/code/cruisin-usa/SND.ASM:489,
NOWARP,2,/Users/j.harris/code/cruisin-usa/BACKGRND.ASM:89,/Users/j.harris/code/cruisin-usa/BACKGRND.ASM:106,
NOWAY543,2,/Users/j.harris/code/cruisin-usa/TRACKSEL.ASM:849,/Users/j.harris/code/cruisin-usa/TRACKSEL.ASM:852,
NOWORRY,2,/Users/j.harris/code/cruisin-usa/INTRO.ASM:404,/Users/j.harris/code/cruisin-usa/INTRO.ASM:409,
NOWTLD,2,/Users/j.harris/code/cruisin-usa/COMP.ASM:659,/Users/j.harris/code/cruisin-usa/COMP.ASM:673,
NOWTOEXIT,2,/Users/j.harris/code/cruisin-usa/DIAG.ASM:615,/Users/j.harris/code/cruisin-usa/DIAG.ASM:621,
NOXIT,2,/Users/j.harris/code/cruisin-usa/DIAG.ASM:1586,/Users/j.harris/code/cruisin-usa/DIAG.ASM:1590,
NP1,2,/Users/j.harris/code/cruisin-usa/MPROC.ASM:224,/Users/j.harris/code/cruisin-usa/MPROC.ASM:230,
NRST,2,/Users/j.harris/code/cruisin-usa/INTRO.ASM:3516,/Users/j.harris/code/cruisin-usa/INTRO.ASM:3521,
NSC,2,/Users/j.harris/code/cruisin-usa/TRACKSEL.ASM:945,/Users/j.harris/code/cruisin-usa/TRACKSEL.ASM:955,
NSCD,2,/Users/j.harris/code/cruisin-usa/INTRO.ASM:2344,/Users/j.harris/code/cruisin-usa/INTRO.ASM:2346,
NSND1,2,/Users/j.harris/code/cruisin-usa/DRONES.ASM:1556,/Users/j.harris/code/cruisin-usa/DRONES.ASM:1558,
NSND2,2,/Users/j.harris/code/cruisin-usa/DRONES.ASM:1671,/Users/j.harris/code/cruisin-usa/DRONES.ASM:1678,
NSSD,2,/Users/j.harris/code/cruisin-usa/INTRO.ASM:3702,/Users/j.harris/code/cruisin-usa/INTRO.ASM:3704,
NTEST,2,/Users/j.harris/code/cruisin-usa/CUSA.ASM:735,/Users/j.harris/code/cruisin-usa/CUSA.ASM:748,
NTLTS,2,/Users/j.harris/code/cruisin-usa/TRANS.ASM:449,/Users/j.harris/code/cruisin-usa/TRANS.ASM:455,
NTRM1,2,/Users/j.harris/code/cruisin-usa/TRACKSEL.ASM:957,/Users/j.harris/code/cruisin-usa/TRACKSEL.ASM:968,
NTRN,2,/Users/j.harris/code/cruisin-usa/COLLA.ASM:3032,/Users/j.harris/code/cruisin-usa/COLLA.ASM:3035,
NTT1,2,/Users/j.harris/code/cruisin-usa/HOTTUB.ASM:368,/Users/j.harris/code/cruisin-usa/HOTTUB.ASM:372,
NTT1A,2,/Users/j.harris/code/cruisin-usa/HOTTUB.ASM:374,/Users/j.harris/code/cruisin-usa/HOTTUB.ASM:378,
NTT1B,2,/Users/j.harris/code/cruisin-usa/HOTTUB.ASM:380,/Users/j.harris/code/cruisin-usa/HOTTUB.ASM:384,
NUPDE,2,/Users/j.harris/code/cruisin-usa/DIAG.ASM:1565,/Users/j.harris/code/cruisin-usa/DIAG.ASM:1579,
NUPDT,2,/Users/j.harris/code/cruisin-usa/DIAG.ASM:1548,/Users/j.harris/code/cruisin-usa/DIAG.ASM:1562,
NUTHIN,2,/Users/j.harris/code/cruisin-usa/TRANS.ASM:662,/Users/j.harris/code/cruisin-usa/TRANS.ASM:671,
NUTRACK,2,/Users/j.harris/code/cruisin-usa/RACER.ASM:390,/Users/j.harris/code/cruisin-usa/RACER.ASM:408,
NUWHL1,2,/Users/j.harris/code/cruisin-usa/WHEEL.ASM:48,/Users/j.harris/code/cruisin-usa/WHEEL.ASM:54,
NUWHL2,2,/Users/j.harris/code/cruisin-usa/WHEEL.ASM:70,/Users/j.harris/code/cruisin-usa/WHEEL.ASM:75,
NUWHL3,2,/Users/j.harris/code/cruisin-usa/WHEEL.ASM:77,/Users/j.harris/code/cruisin-usa/WHEEL.ASM:82,
NWHEL1,2,/Users/j.harris/code/cruisin-usa/TRACKSEL.ASM:970,/Users/j.harris/code/cruisin-usa/TRACKSEL.ASM:981,
NXTCHK,2,/Users/j.harris/code/cruisin-usa/BACKGRND.ASM:1193,/Users/j.harris/code/cruisin-usa/BACKGRND.ASM:1246,
NXTDRONE,2,/Users/j.harris/code/cruisin-usa/OBJ.ASM:984,/Users/j.harris/code/cruisin-usa/OBJ.ASM:1118,
NXTGRP,2,/Users/j.harris/code/cruisin-usa/TEXT.ASM:475,/Users/j.harris/code/cruisin-usa/TEXT.ASM:658,
NXTLP,2,/Users/j.harris/code/cruisin-usa/DRONES.ASM:104,/Users/j.harris/code/cruisin-usa/DRONES.ASM:199,
NXTNAME,2,/Users/j.harris/code/cruisin-usa/BONUS.ASM:715,/Users/j.harris/code/cruisin-usa/BONUS.ASM:726,
NXTWT,2,/Users/j.harris/code/cruisin-usa/ATTRACTA.ASM:334,/Users/j.harris/code/cruisin-usa/ATTRACTA.ASM:339,
NZERO,2,/Users/j.harris/code/cruisin-usa/MEMTEST.ASM:289,/Users/j.harris/code/cruisin-usa/MEMTEST.ASM:292,
O_FOUND,2,/Users/j.harris/code/cruisin-usa/HSTDP.ASM:1972,/Users/j.harris/code/cruisin-usa/HSTDP.ASM:1979,
O_GFOUND,2,/Users/j.harris/code/cruisin-usa/HSTDP.ASM:2041,/Users/j.harris/code/cruisin-usa/HSTDP.ASM:2049,
OBSCL,2,/Users/j.harris/code/cruisin-usa/RACER.ASM:1339,/Users/j.harris/code/cruisin-usa/RACER.ASM:1352,
OBSCX,2,/Users/j.harris/code/cruisin-usa/RACER.ASM:1338,/Users/j.harris/code/cruisin-usa/RACER.ASM:1353,
ODG1,2,/Users/j.harris/code/cruisin-usa/HSTDP.ASM:2171,/Users/j.harris/code/cruisin-usa/HSTDP.ASM:2176,
OE,2,/Users/j.harris/code/cruisin-usa/MOTION.ASM:103,/Users/j.harris/code/cruisin-usa/MOTION.ASM:2391,
OFFRED,2,/Users/j.harris/code/cruisin-usa/PLYR.ASM:2201,/Users/j.harris/code/cruisin-usa/PLYR.ASM:2202,
OFFRLP,2,/Users/j.harris/code/cruisin-usa/PLYR.ASM:1712,/Users/j.harris/code/cruisin-usa/PLYR.ASM:1722,
OFFROADBUFF,2,/Users/j.harris/code/cruisin-usa/HUD.ASM:47,/Users/j.harris/code/cruisin-usa/HUD.ASM:197,
OFFS,2,/Users/j.harris/code/cruisin-usa/DIAG.ASM:2667,/Users/j.harris/code/cruisin-usa/DIAG.ASM:2738,
OFJN,2,/Users/j.harris/code/cruisin-usa/HUD.ASM:184,/Users/j.harris/code/cruisin-usa/HUD.ASM:194,
OGFNX,2,/Users/j.harris/code/cruisin-usa/HSTDP.ASM:2071,/Users/j.harris/code/cruisin-usa/HSTDP.ASM:2076,
OGFNX1,2,/Users/j.harris/code/cruisin-usa/HSTDP.ASM:2079,/Users/j.harris/code/cruisin-usa/HSTDP.ASM:2081,
OH_GNO,2,/Users/j.harris/code/cruisin-usa/HSTDP.ASM:2034,/Users/j.harris/code/cruisin-usa/HSTDP.ASM:2046,
OH_NO,2,/Users/j.harris/code/cruisin-usa/HSTDP.ASM:1964,/Users/j.harris/code/cruisin-usa/HSTDP.ASM:1977,
OI1,2,/Users/j.harris/code/cruisin-usa/RACER.ASM:1399,/Users/j.harris/code/cruisin-usa/RACER.ASM:1413,
OI10,2,/Users/j.harris/code/cruisin-usa/RACER.ASM:1416,/Users/j.harris/code/cruisin-usa/RACER.ASM:1419,
OI2,2,/Users/j.harris/code/cruisin-usa/RACER.ASM:1418,/Users/j.harris/code/cruisin-usa/RACER.ASM:1425,
OI4,2,/Users/j.harris/code/cruisin-usa/RACER.ASM:1389,/Users/j.harris/code/cruisin-usa/RACER.ASM:1442,
OK,2,/Users/j.harris/code/cruisin-usa/RACER.ASM:1499,/Users/j.harris/code/cruisin-usa/RACER.ASM:1646,
OK23,2,/Users/j.harris/code/cruisin-usa/INFIN.ASM:218,/Users/j.harris/code/cruisin-usa/INFIN.ASM:220,
ok23a,2,/Users/j.harris/code/cruisin-usa/INFIN.ASM:734,/Users/j.harris/code/cruisin-usa/INFIN.ASM:736,
ok24a,2,/Users/j.harris/code/cruisin-usa/INFIN.ASM:740,/Users/j.harris/code/cruisin-usa/INFIN.ASM:742,
OK554,2,/Users/j.harris/code/cruisin-usa/INFIN.ASM:223,/Users/j.harris/code/cruisin-usa/INFIN.ASM:225,
OK_SMOKE,2,/Users/j.harris/code/cruisin-usa/SMOKE.ASM:168,/Users/j.harris/code/cruisin-usa/SMOKE.ASM:173,
OL,2,/Users/j.harris/code/cruisin-usa/OVERLAY.ASM:84,/Users/j.harris/code/cruisin-usa/OVERLAY.ASM:103,
OLDPLYSPD,2,/Users/j.harris/code/cruisin-usa/PLYR.ASM:54,/Users/j.harris/code/cruisin-usa/PLYR.ASM:317,
OM_DIAGVALUE,2,/Users/j.harris/code/cruisin-usa/COMMQ.ASM:1452,/Users/j.harris/code/cruisin-usa/COMMQ.ASM:1465,
OM_DRONEL,2,/Users/j.harris/code/cruisin-usa/COMMDRNE.ASM:372,/Users/j.harris/code/cruisin-usa/COMMDRNE.ASM:404,
OMGX,2,/Users/j.harris/code/cruisin-usa/ROADKILL.ASM:316,/Users/j.harris/code/cruisin-usa/ROADKILL.ASM:321,
ommdfont_p,2,/Users/j.harris/code/cruisin-usa/TEXT.ASM:249,/Users/j.harris/code/cruisin-usa/TEXT.ASM:266,
OMYG1,2,/Users/j.harris/code/cruisin-usa/HSTDP.ASM:2149,/Users/j.harris/code/cruisin-usa/HSTDP.ASM:2155,
ONBUZZ_L,2,/Users/j.harris/code/cruisin-usa/CHOPPER.ASM:260,/Users/j.harris/code/cruisin-usa/CHOPPER.ASM:372,
oncram,2,/Users/j.harris/code/cruisin-usa/MACS.EQU:575,/Users/j.harris/code/cruisin-usa/MACS.EQU:579,
ONE_LOG,2,/Users/j.harris/code/cruisin-usa/ERROR.ASM:271,/Users/j.harris/code/cruisin-usa/ERROR.ASM:293,
ONESNDFX2,2,/Users/j.harris/code/cruisin-usa/SND.ASM:471,/Users/j.harris/code/cruisin-usa/SND.ASM:475,
ONEX,2,/Users/j.harris/code/cruisin-usa/COMM.ASM:161,/Users/j.harris/code/cruisin-usa/COMM.ASM:183,
ONS,2,/Users/j.harris/code/cruisin-usa/DIAG.ASM:2666,/Users/j.harris/code/cruisin-usa/DIAG.ASM:2737,
OSCANACT,2,/Users/j.harris/code/cruisin-usa/OBJ.ASM:1143,/Users/j.harris/code/cruisin-usa/OBJ.ASM:1154,
OSCANL,2,/Users/j.harris/code/cruisin-usa/OBJ.ASM:1140,/Users/j.harris/code/cruisin-usa/OBJ.ASM:1169,
osg10fnt_p,2,/Users/j.harris/code/cruisin-usa/TEXT.ASM:289,/Users/j.harris/code/cruisin-usa/TEXT.ASM:306,
OTA1,2,/Users/j.harris/code/cruisin-usa/HSTDP.ASM:2124,/Users/j.harris/code/cruisin-usa/HSTDP.ASM:2130,
OTAG,2,/Users/j.harris/code/cruisin-usa/HSTDP.ASM:2096,/Users/j.harris/code/cruisin-usa/HSTDP.ASM:2106,
OTAG1,2,/Users/j.harris/code/cruisin-usa/HSTDP.ASM:2100,/Users/j.harris/code/cruisin-usa/HSTDP.ASM:2104,
OTAGX,2,/Users/j.harris/code/cruisin-usa/HSTDP.ASM:2108,/Users/j.harris/code/cruisin-usa/HSTDP.ASM:2111,
OTHER_MENU,2,/Users/j.harris/code/cruisin-usa/DIAG.ASM:1937,/Users/j.harris/code/cruisin-usa/DIAG.ASM:1980,
OUCX,2,/Users/j.harris/code/cruisin-usa/TEXT.ASM:518,/Users/j.harris/code/cruisin-usa/TEXT.ASM:606,
oucX,2,/Users/j.harris/code/cruisin-usa/FONT1A.ASM:366,/Users/j.harris/code/cruisin-usa/FONT1A.ASM:412,
OUT_OF_TRACK,2,/Users/j.harris/code/cruisin-usa/ROADKILL.ASM:337,/Users/j.harris/code/cruisin-usa/ROADKILL.ASM:339,
OUTRLP,2,/Users/j.harris/code/cruisin-usa/FONT1A.ASM:377,/Users/j.harris/code/cruisin-usa/FONT1A.ASM:406,
pa,2,/Users/j.harris/code/cruisin-usa/HSTDP.ASM:62,/Users/j.harris/code/cruisin-usa/HSTDP.ASM:228,
PAIRB,2,/Users/j.harris/code/cruisin-usa/PLYR.ASM:811,/Users/j.harris/code/cruisin-usa/PLYR.ASM:817,
PALRAM,2,/Users/j.harris/code/cruisin-usa/PALL.ASM:23,/Users/j.harris/code/cruisin-usa/PALL.ASM:33,
PALXFER_STR,2,/Users/j.harris/code/cruisin-usa/PALL.ASM:537,/Users/j.harris/code/cruisin-usa/PALL.ASM:543,
PAPA45,2,/Users/j.harris/code/cruisin-usa/BONUS.ASM:602,/Users/j.harris/code/cruisin-usa/BONUS.ASM:610,
PAPA45X,2,/Users/j.harris/code/cruisin-usa/BONUS.ASM:604,/Users/j.harris/code/cruisin-usa/BONUS.ASM:611,
PAPAPA44,2,/Users/j.harris/code/cruisin-usa/BONUS.ASM:531,/Users/j.harris/code/cruisin-usa/BONUS.ASM:542,
PB1,2,/Users/j.harris/code/cruisin-usa/CUSA.ASM:1339,/Users/j.harris/code/cruisin-usa/CUSA.ASM:1342,
PB2,2,/Users/j.harris/code/cruisin-usa/CUSA.ASM:1340,/Users/j.harris/code/cruisin-usa/CUSA.ASM:1343,
PC1A,2,/Users/j.harris/code/cruisin-usa/COLLA.ASM:297,/Users/j.harris/code/cruisin-usa/COLLA.ASM:309,
PC1X0,2,/Users/j.harris/code/cruisin-usa/COLLA.ASM:280,/Users/j.harris/code/cruisin-usa/COLLA.ASM:286,
PC2A,2,/Users/j.harris/code/cruisin-usa/COLLA.ASM:328,/Users/j.harris/code/cruisin-usa/COLLA.ASM:331,
PC3X,2,/Users/j.harris/code/cruisin-usa/COLLA.ASM:466,/Users/j.harris/code/cruisin-usa/COLLA.ASM:489,
PCB,2,/Users/j.harris/code/cruisin-usa/COIN.ASM:669,/Users/j.harris/code/cruisin-usa/COIN.ASM:670,
PCLP,2,/Users/j.harris/code/cruisin-usa/ROADKILL.ASM:365,/Users/j.harris/code/cruisin-usa/ROADKILL.ASM:373,
PCOUT,2,/Users/j.harris/code/cruisin-usa/DIRQ.ASM:1806,/Users/j.harris/code/cruisin-usa/DIRQ.ASM:1882,
PCWT,2,/Users/j.harris/code/cruisin-usa/DIRQ.ASM:1807,/Users/j.harris/code/cruisin-usa/DIRQ.ASM:1810,
PDIST,2,/Users/j.harris/code/cruisin-usa/RACER.ASM:1048,/Users/j.harris/code/cruisin-usa/RACER.ASM:1052,
PDIST1,2,/Users/j.harris/code/cruisin-usa/RACER.ASM:1051,/Users/j.harris/code/cruisin-usa/RACER.ASM:1059,
PDIST1A,2,/Users/j.harris/code/cruisin-usa/RACER.ASM:1071,/Users/j.harris/code/cruisin-usa/RACER.ASM:1077,
PDIST1B,2,/Users/j.harris/code/cruisin-usa/RACER.ASM:1075,/Users/j.harris/code/cruisin-usa/RACER.ASM:1080,
PDIST2,2,/Users/j.harris/code/cruisin-usa/RACER.ASM:1084,/Users/j.harris/code/cruisin-usa/RACER.ASM:1092,
PDLINKX,2,/Users/j.harris/code/cruisin-usa/OBJ.ASM:853,/Users/j.harris/code/cruisin-usa/OBJ.ASM:867,
PDMLP,2,/Users/j.harris/code/cruisin-usa/PALL.ASM:716,/Users/j.harris/code/cruisin-usa/PALL.ASM:773,
PEDALTRUE,2,/Users/j.harris/code/cruisin-usa/INTRO.ASM:2699,/Users/j.harris/code/cruisin-usa/INTRO.ASM:2706,
PERFECT2,2,/Users/j.harris/code/cruisin-usa/MATH.ASM:65,/Users/j.harris/code/cruisin-usa/MATH.ASM:70,
PFOLLP,2,/Users/j.harris/code/cruisin-usa/MPROC.ASM:606,/Users/j.harris/code/cruisin-usa/MPROC.ASM:613,
PFPLP,2,/Users/j.harris/code/cruisin-usa/BONUS.ASM:1639,/Users/j.harris/code/cruisin-usa/BONUS.ASM:1667,
PLANE_FWL,2,/Users/j.harris/code/cruisin-usa/BACKGRND.ASM:2173,/Users/j.harris/code/cruisin-usa/BACKGRND.ASM:2211,
plate_darkp,2,/Users/j.harris/code/cruisin-usa/HSTDP.ASM:1385,/Users/j.harris/code/cruisin-usa/HSTDP.ASM:2637,
PLBIG,2,/Users/j.harris/code/cruisin-usa/COLLA.ASM:3557,/Users/j.harris/code/cruisin-usa/COLLA.ASM:3571,
PLOT_CONSTANTS,2,/Users/j.harris/code/cruisin-usa/INFIN.ASM:445,/Users/j.harris/code/cruisin-usa/INFIN.ASM:491,
PLOTPOLYLP1,2,/Users/j.harris/code/cruisin-usa/DIRQ.ASM:1348,/Users/j.harris/code/cruisin-usa/DIRQ.ASM:1467,
PLOTPOLYLP1_1,2,/Users/j.harris/code/cruisin-usa/DIRQ.ASM:2265,/Users/j.harris/code/cruisin-usa/DIRQ.ASM:2389,
PLSPIN1,2,/Users/j.harris/code/cruisin-usa/COLLA.ASM:3550,/Users/j.harris/code/cruisin-usa/COLLA.ASM:3555,
PLSPIN2,2,/Users/j.harris/code/cruisin-usa/COLLA.ASM:3561,/Users/j.harris/code/cruisin-usa/COLLA.ASM:3564,
PLTGPOLL_2,2,/Users/j.harris/code/cruisin-usa/DIRQ.ASM:2559,/Users/j.harris/code/cruisin-usa/DIRQ.ASM:2656,
PLTGPOLYLP1_2,2,/Users/j.harris/code/cruisin-usa/DIRQ.ASM:2562,/Users/j.harris/code/cruisin-usa/DIRQ.ASM:2662,
PLTGPOLYLP_2,2,/Users/j.harris/code/cruisin-usa/DIRQ.ASM:2551,/Users/j.harris/code/cruisin-usa/DIRQ.ASM:2558,
PLTGWT_2,2,/Users/j.harris/code/cruisin-usa/DIRQ.ASM:2577,/Users/j.harris/code/cruisin-usa/DIRQ.ASM:2582,
PLTLP1,2,/Users/j.harris/code/cruisin-usa/DIRQ.ASM:2152,/Users/j.harris/code/cruisin-usa/DIRQ.ASM:2211,
PLTLP1_2,2,/Users/j.harris/code/cruisin-usa/DIRQ.ASM:2481,/Users/j.harris/code/cruisin-usa/DIRQ.ASM:2536,
PLTPOLL,2,/Users/j.harris/code/cruisin-usa/DIRQ.ASM:2119,/Users/j.harris/code/cruisin-usa/DIRQ.ASM:2205,
PLTPOLL_2,2,/Users/j.harris/code/cruisin-usa/DIRQ.ASM:2448,/Users/j.harris/code/cruisin-usa/DIRQ.ASM:2532,
PLTPOLYLP,2,/Users/j.harris/code/cruisin-usa/DIRQ.ASM:2111,/Users/j.harris/code/cruisin-usa/DIRQ.ASM:2118,
PLTPOLYLP1,2,/Users/j.harris/code/cruisin-usa/DIRQ.ASM:2122,/Users/j.harris/code/cruisin-usa/DIRQ.ASM:2214,
PLTPOLYLP1_2,2,/Users/j.harris/code/cruisin-usa/DIRQ.ASM:2451,/Users/j.harris/code/cruisin-usa/DIRQ.ASM:2539,
PLTPOLYLP_2,2,/Users/j.harris/code/cruisin-usa/DIRQ.ASM:2440,/Users/j.harris/code/cruisin-usa/DIRQ.ASM:2447,
PLTWT,2,/Users/j.harris/code/cruisin-usa/DIRQ.ASM:2132,/Users/j.harris/code/cruisin-usa/DIRQ.ASM:2137,
PLTWT_2,2,/Users/j.harris/code/cruisin-usa/DIRQ.ASM:2461,/Users/j.harris/code/cruisin-usa/DIRQ.ASM:2466,
PLYR_ENTER,2,/Users/j.harris/code/cruisin-usa/PLYR.ASM:262,/Users/j.harris/code/cruisin-usa/PLYR.ASM:427,
PLYR_INTRO_JOIN,2,/Users/j.harris/code/cruisin-usa/PLYR.ASM:424,/Users/j.harris/code/cruisin-usa/PLYR.ASM:571,
PLYRCLOSE,2,/Users/j.harris/code/cruisin-usa/RACER.ASM:1359,/Users/j.harris/code/cruisin-usa/RACER.ASM:1366,
PLYRDEBRIS,2,/Users/j.harris/code/cruisin-usa/COLLA.ASM:1106,/Users/j.harris/code/cruisin-usa/COLLA.ASM:1135,
PLYRDRAFT,2,/Users/j.harris/code/cruisin-usa/PLYR.ASM:30,/Users/j.harris/code/cruisin-usa/RACER.EQU:14,
PLYRSIGN,2,/Users/j.harris/code/cruisin-usa/COLLA.ASM:1105,/Users/j.harris/code/cruisin-usa/COLLA.ASM:1143,
PLYRSND1A,2,/Users/j.harris/code/cruisin-usa/PLYR.ASM:3195,/Users/j.harris/code/cruisin-usa/PLYR.ASM:3205,
PLYRSPD,2,/Users/j.harris/code/cruisin-usa/PLYR.ASM:655,/Users/j.harris/code/cruisin-usa/PLYR.ASM:662,
PLYRSPD0,2,/Users/j.harris/code/cruisin-usa/PLYR.ASM:677,/Users/j.harris/code/cruisin-usa/PLYR.ASM:700,
PLYS1,2,/Users/j.harris/code/cruisin-usa/PLYR.ASM:1027,/Users/j.harris/code/cruisin-usa/PLYR.ASM:1029,
PLYSTAT,2,/Users/j.harris/code/cruisin-usa/PLYR.ASM:50,/Users/j.harris/code/cruisin-usa/GLOBALS.EQU:514,
PNTCKL0,2,/Users/j.harris/code/cruisin-usa/COLLA.ASM:3964,/Users/j.harris/code/cruisin-usa/COLLA.ASM:3980,
PNTCKL1,2,/Users/j.harris/code/cruisin-usa/COLLA.ASM:3989,/Users/j.harris/code/cruisin-usa/COLLA.ASM:4005,
PNTNXT0,2,/Users/j.harris/code/cruisin-usa/COLLA.ASM:3975,/Users/j.harris/code/cruisin-usa/COLLA.ASM:3978,
PNTNXT1,2,/Users/j.harris/code/cruisin-usa/COLLA.ASM:4000,/Users/j.harris/code/cruisin-usa/COLLA.ASM:4003,
POLYPOLY_ENTER,2,/Users/j.harris/code/cruisin-usa/DIRQ.ASM:678,/Users/j.harris/code/cruisin-usa/DIRQ.ASM:830,
POOCL,2,/Users/j.harris/code/cruisin-usa/MEMTEST.ASM:559,/Users/j.harris/code/cruisin-usa/MEMTEST.ASM:584,
PORX,2,/Users/j.harris/code/cruisin-usa/BACKGRND.ASM:1791,/Users/j.harris/code/cruisin-usa/BACKGRND.ASM:1796,
POS,2,/Users/j.harris/code/cruisin-usa/RACER.EQU:28,/Users/j.harris/code/cruisin-usa/RACER.EQU:29,
POS_TABLE,2,/Users/j.harris/code/cruisin-usa/HUD.ASM:453,/Users/j.harris/code/cruisin-usa/HUD.ASM:454,
POSBX,2,/Users/j.harris/code/cruisin-usa/HSTDP.ASM:1729,/Users/j.harris/code/cruisin-usa/HSTDP.ASM:1732,
POSTERMATRIX2D,2,/Users/j.harris/code/cruisin-usa/DIRQ.ASM:82,/Users/j.harris/code/cruisin-usa/DIRQ.ASM:112,
POSTN,2,/Users/j.harris/code/cruisin-usa/CMOS.ASM:668,/Users/j.harris/code/cruisin-usa/CMOS.ASM:670,
POWERX,2,/Users/j.harris/code/cruisin-usa/RACER.ASM:1101,/Users/j.harris/code/cruisin-usa/RACER.ASM:1112,
PR0,2,/Users/j.harris/code/cruisin-usa/HSTDP.ASM:882,/Users/j.harris/code/cruisin-usa/HSTDP.ASM:916,
PR0A2,2,/Users/j.harris/code/cruisin-usa/HSTDP.ASM:871,/Users/j.harris/code/cruisin-usa/HSTDP.ASM:875,
PR1A,2,/Users/j.harris/code/cruisin-usa/HSTDP.ASM:942,/Users/j.harris/code/cruisin-usa/HSTDP.ASM:967,
PR1A1,2,/Users/j.harris/code/cruisin-usa/HSTDP.ASM:925,/Users/j.harris/code/cruisin-usa/HSTDP.ASM:927,
PR1A2,2,/Users/j.harris/code/cruisin-usa/HSTDP.ASM:931,/Users/j.harris/code/cruisin-usa/HSTDP.ASM:933,
PR1A3,2,/Users/j.harris/code/cruisin-usa/HSTDP.ASM:937,/Users/j.harris/code/cruisin-usa/HSTDP.ASM:939,
PR1ZZZ,2,/Users/j.harris/code/cruisin-usa/HSTDP.ASM:946,/Users/j.harris/code/cruisin-usa/HSTDP.ASM:978,
PR2,2,/Users/j.harris/code/cruisin-usa/HSTDP.ASM:980,/Users/j.harris/code/cruisin-usa/HSTDP.ASM:1010,
PR2A2,2,/Users/j.harris/code/cruisin-usa/HSTDP.ASM:1167,/Users/j.harris/code/cruisin-usa/HSTDP.ASM:1178,
PR2AA,2,/Users/j.harris/code/cruisin-usa/HSTDP.ASM:1029,/Users/j.harris/code/cruisin-usa/HSTDP.ASM:1085,
PR3,2,/Users/j.harris/code/cruisin-usa/HSTDP.ASM:1246,/Users/j.harris/code/cruisin-usa/HSTDP.ASM:1325,
PR3A,2,/Users/j.harris/code/cruisin-usa/HSTDP.ASM:1271,/Users/j.harris/code/cruisin-usa/HSTDP.ASM:1279,
PR3DA,2,/Users/j.harris/code/cruisin-usa/HSTDP.ASM:2551,/Users/j.harris/code/cruisin-usa/HSTDP.ASM:2554,
PR3DFS,2,/Users/j.harris/code/cruisin-usa/HSTDP.ASM:2546,/Users/j.harris/code/cruisin-usa/HSTDP.ASM:2560,
PR3DLOOP,2,/Users/j.harris/code/cruisin-usa/HSTDP.ASM:2566,/Users/j.harris/code/cruisin-usa/HSTDP.ASM:2608,
PR3DNEXT,2,/Users/j.harris/code/cruisin-usa/HSTDP.ASM:2572,/Users/j.harris/code/cruisin-usa/HSTDP.ASM:2605,
PR3DX,2,/Users/j.harris/code/cruisin-usa/HSTDP.ASM:2569,/Users/j.harris/code/cruisin-usa/HSTDP.ASM:2609,
PR4A,2,/Users/j.harris/code/cruisin-usa/HSTDP.ASM:1365,/Users/j.harris/code/cruisin-usa/HSTDP.ASM:1381,
PRA0,2,/Users/j.harris/code/cruisin-usa/HSTDP.ASM:792,/Users/j.harris/code/cruisin-usa/HSTDP.ASM:798,
PRA1,2,/Users/j.harris/code/cruisin-usa/HSTDP.ASM:838,/Users/j.harris/code/cruisin-usa/HSTDP.ASM:843,
PRA2,2,/Users/j.harris/code/cruisin-usa/HSTDP.ASM:837,/Users/j.harris/code/cruisin-usa/HSTDP.ASM:844,
PRAJHFS,2,/Users/j.harris/code/cruisin-usa/TRACKSEL.ASM:280,/Users/j.harris/code/cruisin-usa/TRACKSEL.ASM:289,
PRAPA,2,/Users/j.harris/code/cruisin-usa/TRACKSEL.ASM:276,/Users/j.harris/code/cruisin-usa/TRACKSEL.ASM:281,
PRCSTR,2,/Users/j.harris/code/cruisin-usa/MPROC.ASM:30,/Users/j.harris/code/cruisin-usa/MPROC.ASM:35,
PRECEDING,2,/Users/j.harris/code/cruisin-usa/TEXT.EQU:39,/Users/j.harris/code/cruisin-usa/TEXT.EQU:40,
press_grp,2,/Users/j.harris/code/cruisin-usa/HSTDP.ASM:192,/Users/j.harris/code/cruisin-usa/HSTDP.ASM:2736,
PRESSCODEX2,2,/Users/j.harris/code/cruisin-usa/HSTDP.ASM:1404,/Users/j.harris/code/cruisin-usa/HSTDP.ASM:1419,
PRINT_TOSTART,2,/Users/j.harris/code/cruisin-usa/COIN.ASM:1054,/Users/j.harris/code/cruisin-usa/COIN.ASM:1071,
PRINT_VALUEX,2,/Users/j.harris/code/cruisin-usa/DIAG.ASM:3427,/Users/j.harris/code/cruisin-usa/DIAG.ASM:3429,
PRINTER_LOG,2,/Users/j.harris/code/cruisin-usa/MACS.EQU:624,/Users/j.harris/code/cruisin-usa/MPROC.ASM:26,
PRIOK,2,/Users/j.harris/code/cruisin-usa/OBJ.ASM:1357,/Users/j.harris/code/cruisin-usa/OBJ.ASM:1372,
PRIOKP,2,/Users/j.harris/code/cruisin-usa/OBJ.ASM:1309,/Users/j.harris/code/cruisin-usa/OBJ.ASM:1324,
PROC_FOLLOW_X,2,/Users/j.harris/code/cruisin-usa/MPROC.ASM:610,/Users/j.harris/code/cruisin-usa/MPROC.ASM:621,
PRR_X,2,/Users/j.harris/code/cruisin-usa/DRONES.ASM:1382,/Users/j.harris/code/cruisin-usa/DRONES.ASM:1385,
PS_SKIPMENU,2,/Users/j.harris/code/cruisin-usa/DIAG.ASM:2027,/Users/j.harris/code/cruisin-usa/DIAG.ASM:2069,
PSBUSTAB,2,/Users/j.harris/code/cruisin-usa/WAVE.ASM:668,/Users/j.harris/code/cruisin-usa/WAVE.ASM:852,
PSCI,2,/Users/j.harris/code/cruisin-usa/INTRO.ASM:3377,/Users/j.harris/code/cruisin-usa/INTRO.ASM:3498,
PSLP1,2,/Users/j.harris/code/cruisin-usa/DIAG.ASM:2109,/Users/j.harris/code/cruisin-usa/DIAG.ASM:2113,
PSLP1_CHECK,2,/Users/j.harris/code/cruisin-usa/DIAG.ASM:2112,/Users/j.harris/code/cruisin-usa/DIAG.ASM:2117,
PSLPX,2,/Users/j.harris/code/cruisin-usa/DIAG.ASM:2072,/Users/j.harris/code/cruisin-usa/DIAG.ASM:2155,
PSND0,2,/Users/j.harris/code/cruisin-usa/PLYR.ASM:3148,/Users/j.harris/code/cruisin-usa/PLYR.ASM:3151,
PSND1,2,/Users/j.harris/code/cruisin-usa/PLYR.ASM:3144,/Users/j.harris/code/cruisin-usa/PLYR.ASM:3166,
PSND2,2,/Users/j.harris/code/cruisin-usa/PLYR.ASM:3165,/Users/j.harris/code/cruisin-usa/PLYR.ASM:3170,
PSORTNXT,2,/Users/j.harris/code/cruisin-usa/OBJ.ASM:851,/Users/j.harris/code/cruisin-usa/OBJ.ASM:861,
PSORTX,2,/Users/j.harris/code/cruisin-usa/OBJ.ASM:883,/Users/j.harris/code/cruisin-usa/OBJ.ASM:931,
PSRT1L,2,/Users/j.harris/code/cruisin-usa/OBJ.ASM:894,/Users/j.harris/code/cruisin-usa/OBJ.ASM:923,
PSRT2,2,/Users/j.harris/code/cruisin-usa/OBJ.ASM:912,/Users/j.harris/code/cruisin-usa/OBJ.ASM:915,
PSRT2A,2,/Users/j.harris/code/cruisin-usa/OBJ.ASM:910,/Users/j.harris/code/cruisin-usa/OBJ.ASM:914,
PSTAB,2,/Users/j.harris/code/cruisin-usa/DIAG.ASM:3381,/Users/j.harris/code/cruisin-usa/DIAG.ASM:3383,
ptruckg,2,/Users/j.harris/code/cruisin-usa/WAVE.ASM:803,/Users/j.harris/code/cruisin-usa/WAVE.ASM:929,
PULLP,2,/Users/j.harris/code/cruisin-usa/OBJ.ASM:722,/Users/j.harris/code/cruisin-usa/OBJ.ASM:729,
PULOBJ_X,2,/Users/j.harris/code/cruisin-usa/OBJ.ASM:726,/Users/j.harris/code/cruisin-usa/OBJ.ASM:738,
PXXX,2,/Users/j.harris/code/cruisin-usa/PALL.ASM:620,/Users/j.harris/code/cruisin-usa/PALL.ASM:631,
R,2,/Users/j.harris/code/cruisin-usa/MACS.EQU:376,/Users/j.harris/code/cruisin-usa/MACS.EQU:377,
RACE_ON,2,/Users/j.harris/code/cruisin-usa/RACER.ASM:344,/Users/j.harris/code/cruisin-usa/RACER.ASM:350,
RACEDONE,2,/Users/j.harris/code/cruisin-usa/RACER.ASM:575,/Users/j.harris/code/cruisin-usa/RACER.ASM:577,
RACER_DRONE_INITTAB,2,/Users/j.harris/code/cruisin-usa/RACER.ASM:32,/Users/j.harris/code/cruisin-usa/RACER.ASM:33,
RACER_SLP,2,/Users/j.harris/code/cruisin-usa/RACER.ASM:348,/Users/j.harris/code/cruisin-usa/RACER.ASM:543,
RACFIN1,2,/Users/j.harris/code/cruisin-usa/RACER.ASM:557,/Users/j.harris/code/cruisin-usa/RACER.ASM:569,
RADAR_X,2,/Users/j.harris/code/cruisin-usa/MAP.ASM:1291,/Users/j.harris/code/cruisin-usa/MAP.ASM:1553,
RAMPDOWNTRAINSND_DEATH,2,/Users/j.harris/code/cruisin-usa/RROAD.ASM:390,/Users/j.harris/code/cruisin-usa/RROAD.ASM:403,
RAMPDOWNTRAINSND_LP,2,/Users/j.harris/code/cruisin-usa/RROAD.ASM:387,/Users/j.harris/code/cruisin-usa/RROAD.ASM:401,
RAMTST0,2,/Users/j.harris/code/cruisin-usa/MEMTEST.ASM:939,/Users/j.harris/code/cruisin-usa/MEMTEST.ASM:1004,
RAMTST1,2,/Users/j.harris/code/cruisin-usa/MEMTEST.ASM:945,/Users/j.harris/code/cruisin-usa/MEMTEST.ASM:954,
RAMTST3,2,/Users/j.harris/code/cruisin-usa/MEMTEST.ASM:977,/Users/j.harris/code/cruisin-usa/MEMTEST.ASM:997,
RANDPX,2,/Users/j.harris/code/cruisin-usa/UTIL.ASM:425,/Users/j.harris/code/cruisin-usa/UTIL.ASM:427,
RAWLOCS,2,/Users/j.harris/code/cruisin-usa/PALL.ASM:24,/Users/j.harris/code/cruisin-usa/PALL.ASM:35,
RAWPEX,2,/Users/j.harris/code/cruisin-usa/PALL.ASM:436,/Users/j.harris/code/cruisin-usa/PALL.ASM:460,
RAWPL,2,/Users/j.harris/code/cruisin-usa/PALL.ASM:428,/Users/j.harris/code/cruisin-usa/PALL.ASM:438,
RBMCX,2,/Users/j.harris/code/cruisin-usa/HSTDP.ASM:2998,/Users/j.harris/code/cruisin-usa/HSTDP.ASM:3003,
RBMGAME,2,/Users/j.harris/code/cruisin-usa/SND.ASM:103,/Users/j.harris/code/cruisin-usa/SND.ASM:105,
RCMT,2,/Users/j.harris/code/cruisin-usa/DIAG.ASM:3259,/Users/j.harris/code/cruisin-usa/DIAG.ASM:3263,
RDBRAKE,2,/Users/j.harris/code/cruisin-usa/CUSA.ASM:1173,/Users/j.harris/code/cruisin-usa/CUSA.ASM:1214,
RDFOOT,2,/Users/j.harris/code/cruisin-usa/CUSA.ASM:1114,/Users/j.harris/code/cruisin-usa/CUSA.ASM:1171,
RDL,2,/Users/j.harris/code/cruisin-usa/RACER.ASM:602,/Users/j.harris/code/cruisin-usa/RACER.ASM:615,
RDLP,2,/Users/j.harris/code/cruisin-usa/INTRO.ASM:1579,/Users/j.harris/code/cruisin-usa/INTRO.ASM:1585,
RDSCNX,2,/Users/j.harris/code/cruisin-usa/COLLA.ASM:499,/Users/j.harris/code/cruisin-usa/COLLA.ASM:596,
RDT1,2,/Users/j.harris/code/cruisin-usa/RROAD.ASM:395,/Users/j.harris/code/cruisin-usa/RROAD.ASM:398,
RDTX,2,/Users/j.harris/code/cruisin-usa/RROAD.ASM:397,/Users/j.harris/code/cruisin-usa/RROAD.ASM:406,
reg,2,/Users/j.harris/code/cruisin-usa/MPROC.EQU:115,/Users/j.harris/code/cruisin-usa/MPROC.EQU:124,
REGADD,2,/Users/j.harris/code/cruisin-usa/BACKGRND.ASM:1039,/Users/j.harris/code/cruisin-usa/BACKGRND.ASM:1047,
REGDOIT,2,/Users/j.harris/code/cruisin-usa/PALL.ASM:171,/Users/j.harris/code/cruisin-usa/PALL.ASM:175,
REGLP0,2,/Users/j.harris/code/cruisin-usa/TEXT.ASM:739,/Users/j.harris/code/cruisin-usa/TEXT.ASM:742,
REGLP1,2,/Users/j.harris/code/cruisin-usa/TEXT.ASM:757,/Users/j.harris/code/cruisin-usa/TEXT.ASM:760,
REGLP2,2,/Users/j.harris/code/cruisin-usa/TEXT.ASM:776,/Users/j.harris/code/cruisin-usa/TEXT.ASM:780,
REGLPa,2,/Users/j.harris/code/cruisin-usa/TEXT.ASM:905,/Users/j.harris/code/cruisin-usa/TEXT.ASM:908,
REGPLP0,2,/Users/j.harris/code/cruisin-usa/TEXT.ASM:691,/Users/j.harris/code/cruisin-usa/TEXT.ASM:695,
REGSPIN,2,/Users/j.harris/code/cruisin-usa/PLYR.ASM:1840,/Users/j.harris/code/cruisin-usa/PLYR.ASM:1858,
REGULAR1,2,/Users/j.harris/code/cruisin-usa/DIRQ.ASM:706,/Users/j.harris/code/cruisin-usa/DIRQ.ASM:718,
REL,2,/Users/j.harris/code/cruisin-usa/RACER.EQU:28,/Users/j.harris/code/cruisin-usa/RACER.EQU:32,
RESCAN0,2,/Users/j.harris/code/cruisin-usa/OBJ.ASM:1262,/Users/j.harris/code/cruisin-usa/OBJ.ASM:1270,
RESCAN1,2,/Users/j.harris/code/cruisin-usa/OBJ.ASM:1261,/Users/j.harris/code/cruisin-usa/OBJ.ASM:1279,
RESET_DAILY_CMOS,2,/Users/j.harris/code/cruisin-usa/CMOS.EQU:346,/Users/j.harris/code/cruisin-usa/GLOBALS.EQU:92,
RETSN,2,/Users/j.harris/code/cruisin-usa/PLYR.ASM:3463,/Users/j.harris/code/cruisin-usa/PLYR.ASM:3468,
returnc,2,/Users/j.harris/code/cruisin-usa/ROUTS.ASM:537,/Users/j.harris/code/cruisin-usa/ROUTS.ASM:568,
RETURNTOPLYR,2,/Users/j.harris/code/cruisin-usa/INTRO.ASM:3566,/Users/j.harris/code/cruisin-usa/INTRO.ASM:3624,
REV1,2,/Users/j.harris/code/cruisin-usa/PLYR.ASM:1486,/Users/j.harris/code/cruisin-usa/PLYR.ASM:1508,
REV3,2,/Users/j.harris/code/cruisin-usa/PLYR.ASM:1504,/Users/j.harris/code/cruisin-usa/PLYR.ASM:1513,
REV4,2,/Users/j.harris/code/cruisin-usa/PLYR.ASM:1556,/Users/j.harris/code/cruisin-usa/PLYR.ASM:1563,
REV5,2,/Users/j.harris/code/cruisin-usa/PLYR.ASM:1577,/Users/j.harris/code/cruisin-usa/PLYR.ASM:1579,
RGBTAB_CP,2,/Users/j.harris/code/cruisin-usa/INTRO.ASM:3755,/Users/j.harris/code/cruisin-usa/INTRO.ASM:3757,
RHOISHIT_SLP,2,/Users/j.harris/code/cruisin-usa/RHO.ASM:729,/Users/j.harris/code/cruisin-usa/RHO.ASM:768,
RHOLL1,2,/Users/j.harris/code/cruisin-usa/RHO.ASM:263,/Users/j.harris/code/cruisin-usa/RHO.ASM:273,
RHOPSL,2,/Users/j.harris/code/cruisin-usa/DRONES.ASM:373,/Users/j.harris/code/cruisin-usa/DRONES.ASM:386,
RIDE_RIGHT_JOININ,2,/Users/j.harris/code/cruisin-usa/DRONES.ASM:1324,/Users/j.harris/code/cruisin-usa/DRONES.ASM:1340,
RK1,2,/Users/j.harris/code/cruisin-usa/DIAG.ASM:2622,/Users/j.harris/code/cruisin-usa/DIAG.ASM:2627,
RKFP,2,/Users/j.harris/code/cruisin-usa/ROADKILL.ASM:169,/Users/j.harris/code/cruisin-usa/ROADKILL.ASM:175,
RLL,2,/Users/j.harris/code/cruisin-usa/INTRO.ASM:2229,/Users/j.harris/code/cruisin-usa/INTRO.ASM:2279,
ROADKILL_TAB,2,/Users/j.harris/code/cruisin-usa/ROADKILL.ASM:24,/Users/j.harris/code/cruisin-usa/ROADKILL.ASM:36,
ROADOBSTAB,2,/Users/j.harris/code/cruisin-usa/RACER.ASM:1323,/Users/j.harris/code/cruisin-usa/RACER.ASM:1324,
ROADTRAK1,2,/Users/j.harris/code/cruisin-usa/RACER.ASM:445,/Users/j.harris/code/cruisin-usa/RACER.ASM:447,
ROUNDERLP,2,/Users/j.harris/code/cruisin-usa/INTRO.ASM:2225,/Users/j.harris/code/cruisin-usa/INTRO.ASM:2284,
RPASS1,2,/Users/j.harris/code/cruisin-usa/RACER.ASM:1901,/Users/j.harris/code/cruisin-usa/RACER.ASM:1907,
RPASS2,2,/Users/j.harris/code/cruisin-usa/RACER.ASM:1914,/Users/j.harris/code/cruisin-usa/RACER.ASM:1928,
RPASS3,2,/Users/j.harris/code/cruisin-usa/RACER.ASM:1927,/Users/j.harris/code/cruisin-usa/RACER.ASM:1934,
RPASS4,2,/Users/j.harris/code/cruisin-usa/RACER.ASM:1950,/Users/j.harris/code/cruisin-usa/RACER.ASM:1955,
RRSTART_FLATBED,2,/Users/j.harris/code/cruisin-usa/GLOBALS.EQU:561,/Users/j.harris/code/cruisin-usa/BACKGRND.ASM:2421,
RS0,2,/Users/j.harris/code/cruisin-usa/COLLA.ASM:506,/Users/j.harris/code/cruisin-usa/COLLA.ASM:590,
RS2,2,/Users/j.harris/code/cruisin-usa/COLLA.ASM:520,/Users/j.harris/code/cruisin-usa/COLLA.ASM:533,
RS297,2,/Users/j.harris/code/cruisin-usa/COLLA.ASM:549,/Users/j.harris/code/cruisin-usa/COLLA.ASM:561,
RS299,2,/Users/j.harris/code/cruisin-usa/COLLA.ASM:563,/Users/j.harris/code/cruisin-usa/COLLA.ASM:572,
RS300,2,/Users/j.harris/code/cruisin-usa/COLLA.ASM:539,/Users/j.harris/code/cruisin-usa/COLLA.ASM:576,
RS3LP,2,/Users/j.harris/code/cruisin-usa/COLLA.ASM:537,/Users/j.harris/code/cruisin-usa/COLLA.ASM:584,
RS_X,2,/Users/j.harris/code/cruisin-usa/SND.ASM:61,/Users/j.harris/code/cruisin-usa/SND.ASM:185,
RTU31,2,/Users/j.harris/code/cruisin-usa/MEMTEST.ASM:187,/Users/j.harris/code/cruisin-usa/MEMTEST.ASM:189,
RUNOV0,2,/Users/j.harris/code/cruisin-usa/COLLA.ASM:1634,/Users/j.harris/code/cruisin-usa/COLLA.ASM:1642,
RUNOV00,2,/Users/j.harris/code/cruisin-usa/COLLA.ASM:1641,/Users/j.harris/code/cruisin-usa/COLLA.ASM:1648,
RV1,2,/Users/j.harris/code/cruisin-usa/ATTRDRNE.ASM:582,/Users/j.harris/code/cruisin-usa/ATTRDRNE.ASM:615,
RV1A,2,/Users/j.harris/code/cruisin-usa/ATTRDRNE.ASM:585,/Users/j.harris/code/cruisin-usa/ATTRDRNE.ASM:595,
RV1B,2,/Users/j.harris/code/cruisin-usa/ATTRDRNE.ASM:602,/Users/j.harris/code/cruisin-usa/ATTRDRNE.ASM:604,
S00,2,/Users/j.harris/code/cruisin-usa/RACER.ASM:1508,/Users/j.harris/code/cruisin-usa/RACER.ASM:1528,
S1,2,/Users/j.harris/code/cruisin-usa/VANTAB.INC:12,/Users/j.harris/code/cruisin-usa/VANTAB.INC:19,
SAVED_COUNTDOWN,2,/Users/j.harris/code/cruisin-usa/BONUS.ASM:444,/Users/j.harris/code/cruisin-usa/BONUS.ASM:450,
SBT_LP,2,/Users/j.harris/code/cruisin-usa/DIAG.ASM:1581,/Users/j.harris/code/cruisin-usa/DIAG.ASM:1632,
sbus,2,/Users/j.harris/code/cruisin-usa/COLLA.ASM:1990,/Users/j.harris/code/cruisin-usa/WAVE.ASM:795,
sbus_p,2,/Users/j.harris/code/cruisin-usa/WAVE.ASM:795,/Users/j.harris/code/cruisin-usa/WAVE.ASM:852,
SCROLLBTAB,2,/Users/j.harris/code/cruisin-usa/HSTDP.ASM:31,/Users/j.harris/code/cruisin-usa/HSTDP.ASM:1706,
SCS,2,/Users/j.harris/code/cruisin-usa/COIN.ASM:693,/Users/j.harris/code/cruisin-usa/COIN.ASM:694,
SDASDFA,2,/Users/j.harris/code/cruisin-usa/INTRO.ASM:3730,/Users/j.harris/code/cruisin-usa/INTRO.ASM:3732,
sDELTA_LOOP,2,/Users/j.harris/code/cruisin-usa/ATTRDRNE.ASM:137,/Users/j.harris/code/cruisin-usa/ATTRDRNE.ASM:142,
SDS_LP,2,/Users/j.harris/code/cruisin-usa/DIAG.ASM:931,/Users/j.harris/code/cruisin-usa/DIAG.ASM:954,
SEC,2,/Users/j.harris/code/cruisin-usa/CMOS.ASM:668,/Users/j.harris/code/cruisin-usa/CMOS.ASM:669,
SECIDX,2,/Users/j.harris/code/cruisin-usa/HUD.ASM:474,/Users/j.harris/code/cruisin-usa/HUD.ASM:479,
SECOND_PERSON,2,/Users/j.harris/code/cruisin-usa/ATTRDRNE.ASM:1166,/Users/j.harris/code/cruisin-usa/ATTRDRNE.ASM:1215,
SEND_BUFFER_B,2,/Users/j.harris/code/cruisin-usa/COMM.EQU:133,/Users/j.harris/code/cruisin-usa/GLOBALS.EQU:186,
SEND_CP0,2,/Users/j.harris/code/cruisin-usa/COMMQ.ASM:857,/Users/j.harris/code/cruisin-usa/COMMQ.ASM:888,
SEND_FLY_XSFER,2,/Users/j.harris/code/cruisin-usa/COLLA.ASM:2574,/Users/j.harris/code/cruisin-usa/COLLA.ASM:2676,
set_frame,2,/Users/j.harris/code/cruisin-usa/FLAME.ASM:155,/Users/j.harris/code/cruisin-usa/FLAME.ASM:158,
SET_SLOT1,2,/Users/j.harris/code/cruisin-usa/DIAG.ASM:3334,/Users/j.harris/code/cruisin-usa/DIAG.ASM:3337,
SET_SLOT2,2,/Users/j.harris/code/cruisin-usa/DIAG.ASM:3360,/Users/j.harris/code/cruisin-usa/DIAG.ASM:3363,
SETAS_ORIGINALS,2,/Users/j.harris/code/cruisin-usa/INTRO.ASM:2351,/Users/j.harris/code/cruisin-usa/INTRO.ASM:2379,
SETNN,2,/Users/j.harris/code/cruisin-usa/DIAG.ASM:2342,/Users/j.harris/code/cruisin-usa/DIAG.ASM:2358,
SETVOL_LP,2,/Users/j.harris/code/cruisin-usa/DIAG.ASM:2338,/Users/j.harris/code/cruisin-usa/DIAG.ASM:2422,
SF_ENTER2,2,/Users/j.harris/code/cruisin-usa/DRONES.ASM:797,/Users/j.harris/code/cruisin-usa/DRONES.ASM:807,
SFENTER66,2,/Users/j.harris/code/cruisin-usa/DRONES.ASM:863,/Users/j.harris/code/cruisin-usa/DRONES.ASM:874,
SG_DISP_S,2,/Users/j.harris/code/cruisin-usa/DRONES.ASM:233,/Users/j.harris/code/cruisin-usa/DRONES.ASM:238,
SGD,2,/Users/j.harris/code/cruisin-usa/DIAG.ASM:2898,/Users/j.harris/code/cruisin-usa/DIAG.ASM:2905,
SGD2,2,/Users/j.harris/code/cruisin-usa/DIAG.ASM:2899,/Users/j.harris/code/cruisin-usa/DIAG.ASM:2906,
SHOW_COINAGE,2,/Users/j.harris/code/cruisin-usa/COIN.ASM:743,/Users/j.harris/code/cruisin-usa/COIN.ASM:758,
SHOW_CREDITS,2,/Users/j.harris/code/cruisin-usa/COIN.ASM:772,/Users/j.harris/code/cruisin-usa/COIN.ASM:776,
SIGMA_LIST,2,/Users/j.harris/code/cruisin-usa/SIGMA.ASM:45,/Users/j.harris/code/cruisin-usa/SIGMA.ASM:46,
SIGN_IGNORE,2,/Users/j.harris/code/cruisin-usa/COLLA.ASM:1287,/Users/j.harris/code/cruisin-usa/COLLA.ASM:1657,
SIGNFALL,2,/Users/j.harris/code/cruisin-usa/COLLA.ASM:1841,/Users/j.harris/code/cruisin-usa/COLLA.ASM:1843,
SIGNFALP,2,/Users/j.harris/code/cruisin-usa/COLLA.ASM:1845,/Users/j.harris/code/cruisin-usa/COLLA.ASM:1864,
SIGNFALP0,2,/Users/j.harris/code/cruisin-usa/COLLA.ASM:1848,/Users/j.harris/code/cruisin-usa/COLLA.ASM:1852,
SINTABLE,2,/Users/j.harris/code/cruisin-usa/MATH.ASM:94,/Users/j.harris/code/cruisin-usa/MATH.ASM:132,
SKIDAMP10,2,/Users/j.harris/code/cruisin-usa/PLYR.ASM:3265,/Users/j.harris/code/cruisin-usa/PLYR.ASM:3269,
SKIPKEY,2,/Users/j.harris/code/cruisin-usa/INTRO.ASM:2696,/Users/j.harris/code/cruisin-usa/INTRO.ASM:2700,
SKIPPALENTRY,2,/Users/j.harris/code/cruisin-usa/TOTALA.ASM:180,/Users/j.harris/code/cruisin-usa/TOTALA.ASM:192,
sky1_I,2,/Users/j.harris/code/cruisin-usa/INFIN.ASM:611,/Users/j.harris/code/cruisin-usa/INFIN.ASM:612,
sky2_I,2,/Users/j.harris/code/cruisin-usa/INFIN.ASM:611,/Users/j.harris/code/cruisin-usa/INFIN.ASM:612,
sky3_I,2,/Users/j.harris/code/cruisin-usa/INFIN.ASM:611,/Users/j.harris/code/cruisin-usa/INFIN.ASM:612,
sky4_I,2,/Users/j.harris/code/cruisin-usa/INFIN.ASM:611,/Users/j.harris/code/cruisin-usa/INFIN.ASM:612,
sky5_I,2,/Users/j.harris/code/cruisin-usa/INFIN.ASM:611,/Users/j.harris/code/cruisin-usa/INFIN.ASM:612,
sky6_I,2,/Users/j.harris/code/cruisin-usa/INFIN.ASM:611,/Users/j.harris/code/cruisin-usa/INFIN.ASM:612,
SL0,2,/Users/j.harris/code/cruisin-usa/RACER.ASM:1589,/Users/j.harris/code/cruisin-usa/RACER.ASM:1598,
SL00,2,/Users/j.harris/code/cruisin-usa/RACER.ASM:1585,/Users/j.harris/code/cruisin-usa/RACER.ASM:1587,
SL1,2,/Users/j.harris/code/cruisin-usa/ATTRDRNE.ASM:843,/Users/j.harris/code/cruisin-usa/ATTRDRNE.ASM:845,
SL2,2,/Users/j.harris/code/cruisin-usa/ATTRDRNE.ASM:851,/Users/j.harris/code/cruisin-usa/ATTRDRNE.ASM:856,
SLOWDOWN,2,/Users/j.harris/code/cruisin-usa/RROAD.ASM:276,/Users/j.harris/code/cruisin-usa/RROAD.ASM:291,
SMOKE2ANI,2,/Users/j.harris/code/cruisin-usa/SMOKE.ASM:24,/Users/j.harris/code/cruisin-usa/SMOKE.ASM:29,
SMOKE_DONE,2,/Users/j.harris/code/cruisin-usa/SMOKE.ASM:69,/Users/j.harris/code/cruisin-usa/SMOKE.ASM:134,
SMOKEANI,2,/Users/j.harris/code/cruisin-usa/SMOKE.ASM:23,/Users/j.harris/code/cruisin-usa/SMOKE.ASM:27,
SMOKELP_ENTRY,2,/Users/j.harris/code/cruisin-usa/SMOKE.ASM:58,/Users/j.harris/code/cruisin-usa/SMOKE.ASM:119,
SMOKEN,2,/Users/j.harris/code/cruisin-usa/SMOKE.ASM:123,/Users/j.harris/code/cruisin-usa/SMOKE.ASM:128,
SMOKEX,2,/Users/j.harris/code/cruisin-usa/SMOKE.ASM:118,/Users/j.harris/code/cruisin-usa/SMOKE.ASM:142,
SMOOTH_MATRIX,2,/Users/j.harris/code/cruisin-usa/ATTRDRNE.ASM:1457,/Users/j.harris/code/cruisin-usa/ATTRDRNE.ASM:1465,
SMOOTH_VIEWX,2,/Users/j.harris/code/cruisin-usa/ATTRDRNE.ASM:1369,/Users/j.harris/code/cruisin-usa/ATTRDRNE.ASM:1375,
SMPUFF1,2,/Users/j.harris/code/cruisin-usa/SMOKE.ASM:66,/Users/j.harris/code/cruisin-usa/SMOKE.ASM:111,
SNDCLRE,2,/Users/j.harris/code/cruisin-usa/SND.ASM:963,/Users/j.harris/code/cruisin-usa/SND.ASM:984,
SNDIDX,2,/Users/j.harris/code/cruisin-usa/DIAG.ASM:1507,/Users/j.harris/code/cruisin-usa/DIAG.ASM:1511,
SNDLD1,2,/Users/j.harris/code/cruisin-usa/SND.ASM:637,/Users/j.harris/code/cruisin-usa/SND.ASM:642,
SNDLDXFX,2,/Users/j.harris/code/cruisin-usa/SND.ASM:449,/Users/j.harris/code/cruisin-usa/SND.ASM:500,
SNDLP,2,/Users/j.harris/code/cruisin-usa/SND.ASM:925,/Users/j.harris/code/cruisin-usa/SND.ASM:935,
SNDPLP,2,/Users/j.harris/code/cruisin-usa/SND.ASM:927,/Users/j.harris/code/cruisin-usa/SND.ASM:932,
SNDUPX,2,/Users/j.harris/code/cruisin-usa/SND.ASM:983,/Users/j.harris/code/cruisin-usa/SND.ASM:989,
SOFT10,2,/Users/j.harris/code/cruisin-usa/PLYR.ASM:2930,/Users/j.harris/code/cruisin-usa/PLYR.ASM:2938,
SOFT11,2,/Users/j.harris/code/cruisin-usa/PLYR.ASM:2937,/Users/j.harris/code/cruisin-usa/PLYR.ASM:2944,
SOFTCRB00,2,/Users/j.harris/code/cruisin-usa/PLYR.ASM:2899,/Users/j.harris/code/cruisin-usa/PLYR.ASM:2917,
SOFTCURB0,2,/Users/j.harris/code/cruisin-usa/PLYR.ASM:2896,/Users/j.harris/code/cruisin-usa/PLYR.ASM:2924,
SPAIN2,2,/Users/j.harris/code/cruisin-usa/COINTAB.ASM:979,/Users/j.harris/code/cruisin-usa/COINTAB.ASM:1583,
SPAIN3,2,/Users/j.harris/code/cruisin-usa/COINTAB.ASM:993,/Users/j.harris/code/cruisin-usa/COINTAB.ASM:1583,
SPAIN4,2,/Users/j.harris/code/cruisin-usa/COINTAB.ASM:1007,/Users/j.harris/code/cruisin-usa/COINTAB.ASM:1583,
SPAIN_MENU,2,/Users/j.harris/code/cruisin-usa/DIAG.ASM:1877,/Users/j.harris/code/cruisin-usa/DIAG.ASM:1974,
sparc1,2,/Users/j.harris/code/cruisin-usa/FLAME.ASM:35,/Users/j.harris/code/cruisin-usa/FLAME.ASM:36,
sparc3,2,/Users/j.harris/code/cruisin-usa/FLAME.ASM:35,/Users/j.harris/code/cruisin-usa/FLAME.ASM:36,
sparc5,2,/Users/j.harris/code/cruisin-usa/FLAME.ASM:35,/Users/j.harris/code/cruisin-usa/FLAME.ASM:36,
sparc7,2,/Users/j.harris/code/cruisin-usa/FLAME.ASM:35,/Users/j.harris/code/cruisin-usa/FLAME.ASM:35,
SPARK_DIE,2,/Users/j.harris/code/cruisin-usa/SMOKE.ASM:648,/Users/j.harris/code/cruisin-usa/SMOKE.ASM:659,
SPARKANI,2,/Users/j.harris/code/cruisin-usa/SMOKE.ASM:361,/Users/j.harris/code/cruisin-usa/SMOKE.ASM:364,
SPIN_CAR_WAIT,2,/Users/j.harris/code/cruisin-usa/ATTRACTA.ASM:301,/Users/j.harris/code/cruisin-usa/ATTRACTA.ASM:305,
SPIN_CARLP,2,/Users/j.harris/code/cruisin-usa/ATTRACTA.ASM:308,/Users/j.harris/code/cruisin-usa/ATTRACTA.ASM:323,
SPINB0,2,/Users/j.harris/code/cruisin-usa/COLLA.ASM:3765,/Users/j.harris/code/cruisin-usa/COLLA.ASM:3767,
SPINBUMP1,2,/Users/j.harris/code/cruisin-usa/COLLA.ASM:3774,/Users/j.harris/code/cruisin-usa/COLLA.ASM:3776,
SPINBX,2,/Users/j.harris/code/cruisin-usa/COLLA.ASM:3779,/Users/j.harris/code/cruisin-usa/COLLA.ASM:3784,
SPINLX,2,/Users/j.harris/code/cruisin-usa/PLYR.ASM:1820,/Users/j.harris/code/cruisin-usa/PLYR.ASM:1868,
SPINREC,2,/Users/j.harris/code/cruisin-usa/PLYR.ASM:1814,/Users/j.harris/code/cruisin-usa/PLYR.ASM:1876,
SPINREC0,2,/Users/j.harris/code/cruisin-usa/PLYR.ASM:1865,/Users/j.harris/code/cruisin-usa/PLYR.ASM:1874,
SPINTM0,2,/Users/j.harris/code/cruisin-usa/COLLA.ASM:3712,/Users/j.harris/code/cruisin-usa/COLLA.ASM:3714,
SPINTM1,2,/Users/j.harris/code/cruisin-usa/COLLA.ASM:3723,/Users/j.harris/code/cruisin-usa/COLLA.ASM:3730,
SPINXX,2,/Users/j.harris/code/cruisin-usa/COLLA.ASM:3642,/Users/j.harris/code/cruisin-usa/COLLA.ASM:3789,
SPINXXX,2,/Users/j.harris/code/cruisin-usa/COLLA.ASM:3793,/Users/j.harris/code/cruisin-usa/COLLA.ASM:3796,
SPLAT_LP,2,/Users/j.harris/code/cruisin-usa/ROADKILL.ASM:1236,/Users/j.harris/code/cruisin-usa/ROADKILL.ASM:1256,
SPLAT_LP1,2,/Users/j.harris/code/cruisin-usa/ROADKILL.ASM:1262,/Users/j.harris/code/cruisin-usa/ROADKILL.ASM:1269,
SPLAT_LP2,2,/Users/j.harris/code/cruisin-usa/ROADKILL.ASM:1279,/Users/j.harris/code/cruisin-usa/ROADKILL.ASM:1308,
SR00,2,/Users/j.harris/code/cruisin-usa/RACER.ASM:1541,/Users/j.harris/code/cruisin-usa/RACER.ASM:1543,
SS1,2,/Users/j.harris/code/cruisin-usa/SMOKE.ASM:579,/Users/j.harris/code/cruisin-usa/SMOKE.ASM:646,
SSANI_LOOP,2,/Users/j.harris/code/cruisin-usa/SMOKE.ASM:575,/Users/j.harris/code/cruisin-usa/SMOKE.ASM:657,
SSDLP,2,/Users/j.harris/code/cruisin-usa/COMM.ASM:1079,/Users/j.harris/code/cruisin-usa/COMM.ASM:1093,
SSGD,2,/Users/j.harris/code/cruisin-usa/DIAG.ASM:2822,/Users/j.harris/code/cruisin-usa/DIAG.ASM:2829,
SSGD2,2,/Users/j.harris/code/cruisin-usa/DIAG.ASM:2823,/Users/j.harris/code/cruisin-usa/DIAG.ASM:2830,
SSLOOPEND,2,/Users/j.harris/code/cruisin-usa/SMOKE.ASM:331,/Users/j.harris/code/cruisin-usa/SMOKE.ASM:350,
SSLP,2,/Users/j.harris/code/cruisin-usa/DIAG.ASM:529,/Users/j.harris/code/cruisin-usa/DIAG.ASM:619,
stagent2,2,/Users/j.harris/code/cruisin-usa/HOTTUB.ASM:419,/Users/j.harris/code/cruisin-usa/HOTTUB.ASM:419,
STANDARD_PRICING_MENU,2,/Users/j.harris/code/cruisin-usa/DIAG.ASM:1769,/Users/j.harris/code/cruisin-usa/DIAG.ASM:3205,
START_SKIP,2,/Users/j.harris/code/cruisin-usa/COIN.ASM:845,/Users/j.harris/code/cruisin-usa/COIN.ASM:864,
STATION_TEXT,2,/Users/j.harris/code/cruisin-usa/SND.ASM:45,/Users/j.harris/code/cruisin-usa/SND.ASM:46,
STLP2,2,/Users/j.harris/code/cruisin-usa/TEXT.ASM:421,/Users/j.harris/code/cruisin-usa/TEXT.ASM:424,
STLUP1,2,/Users/j.harris/code/cruisin-usa/RACER.ASM:971,/Users/j.harris/code/cruisin-usa/RACER.ASM:985,
STOPBUFFER,2,/Users/j.harris/code/cruisin-usa/HUD.ASM:40,/Users/j.harris/code/cruisin-usa/HUD.ASM:41,
STP,2,/Users/j.harris/code/cruisin-usa/DIAG.ASM:3250,/Users/j.harris/code/cruisin-usa/DIAG.ASM:3253,
STRLENNCHAR,2,/Users/j.harris/code/cruisin-usa/TEXT.ASM:432,/Users/j.harris/code/cruisin-usa/TEXT.ASM:453,
STRLENX,2,/Users/j.harris/code/cruisin-usa/TEXT.ASM:430,/Users/j.harris/code/cruisin-usa/TEXT.ASM:457,
SUBF3,2,/Users/j.harris/code/cruisin-usa/COLLA.ASM:3445,/Users/j.harris/code/cruisin-usa/COLLA.ASM:3449,
SV1,2,/Users/j.harris/code/cruisin-usa/ATTRDRNE.ASM:1277,/Users/j.harris/code/cruisin-usa/ATTRDRNE.ASM:1286,
SVX,2,/Users/j.harris/code/cruisin-usa/ATTRDRNE.ASM:1284,/Users/j.harris/code/cruisin-usa/ATTRDRNE.ASM:1289,
SWCL1,2,/Users/j.harris/code/cruisin-usa/EFFECTS.ASM:101,/Users/j.harris/code/cruisin-usa/EFFECTS.ASM:193,
SWCL1C,2,/Users/j.harris/code/cruisin-usa/EFFECTS.ASM:229,/Users/j.harris/code/cruisin-usa/EFFECTS.ASM:315,
SWISS2,2,/Users/j.harris/code/cruisin-usa/COINTAB.ASM:850,/Users/j.harris/code/cruisin-usa/COINTAB.ASM:1580,
SWISS3,2,/Users/j.harris/code/cruisin-usa/COINTAB.ASM:864,/Users/j.harris/code/cruisin-usa/COINTAB.ASM:1580,
SWISS_MENU,2,/Users/j.harris/code/cruisin-usa/DIAG.ASM:1850,/Users/j.harris/code/cruisin-usa/DIAG.ASM:1971,
SWSTX,2,/Users/j.harris/code/cruisin-usa/CUSA.ASM:1262,/Users/j.harris/code/cruisin-usa/CUSA.ASM:1283,
SWTAB,2,/Users/j.harris/code/cruisin-usa/CUSA.ASM:1292,/Users/j.harris/code/cruisin-usa/CUSA.ASM:1293,
SWTLP1,2,/Users/j.harris/code/cruisin-usa/DIAG.ASM:1648,/Users/j.harris/code/cruisin-usa/DIAG.ASM:1657,
SWTLP3,2,/Users/j.harris/code/cruisin-usa/DIAG.ASM:1672,/Users/j.harris/code/cruisin-usa/DIAG.ASM:1680,
TAIWAN2,2,/Users/j.harris/code/cruisin-usa/COINTAB.ASM:1164,/Users/j.harris/code/cruisin-usa/COINTAB.ASM:1586,
TAIWAN3,2,/Users/j.harris/code/cruisin-usa/COINTAB.ASM:1178,/Users/j.harris/code/cruisin-usa/COINTAB.ASM:1586,
TAIWAN_MENU,2,/Users/j.harris/code/cruisin-usa/DIAG.ASM:1908,/Users/j.harris/code/cruisin-usa/DIAG.ASM:1977,
TEST_CHIPSX,2,/Users/j.harris/code/cruisin-usa/MEMTEST.ASM:498,/Users/j.harris/code/cruisin-usa/MEMTEST.ASM:548,
TESTING_CHIPS,2,/Users/j.harris/code/cruisin-usa/MEMTEST.ASM:148,/Users/j.harris/code/cruisin-usa/MEMTEST.ASM:469,
TESTLP1,2,/Users/j.harris/code/cruisin-usa/MEMTEST.ASM:470,/Users/j.harris/code/cruisin-usa/MEMTEST.ASM:546,
testor_p,2,/Users/j.harris/code/cruisin-usa/INTRO.ASM:2044,/Users/j.harris/code/cruisin-usa/WAVE.ASM:739,
testorm,2,/Users/j.harris/code/cruisin-usa/INTRO.ASM:1264,/Users/j.harris/code/cruisin-usa/DRONES.ASM:1706,
TESTORTAB,2,/Users/j.harris/code/cruisin-usa/WAVE.ASM:513,/Users/j.harris/code/cruisin-usa/WAVE.ASM:739,
TEWL1,2,/Users/j.harris/code/cruisin-usa/CMOS.ASM:920,/Users/j.harris/code/cruisin-usa/CMOS.ASM:938,
TEXT_ACTIVE,2,/Users/j.harris/code/cruisin-usa/TEXT.ASM:20,/Users/j.harris/code/cruisin-usa/TEXT.ASM:27,
TEXT_FREE,2,/Users/j.harris/code/cruisin-usa/TEXT.ASM:19,/Users/j.harris/code/cruisin-usa/TEXT.ASM:26,
TEXT_LIST,2,/Users/j.harris/code/cruisin-usa/TEXT.ASM:18,/Users/j.harris/code/cruisin-usa/TEXT.ASM:28,
TEXT_RET,2,/Users/j.harris/code/cruisin-usa/TEXT.ASM:496,/Users/j.harris/code/cruisin-usa/TEXT.ASM:505,
text_reta,2,/Users/j.harris/code/cruisin-usa/TEXT.ASM:890,/Users/j.harris/code/cruisin-usa/TEXT.ASM:899,
TEXTDELERLP,2,/Users/j.harris/code/cruisin-usa/HEADS.ASM:31,/Users/j.harris/code/cruisin-usa/HEADS.ASM:38,
THANKS_TABLE,2,/Users/j.harris/code/cruisin-usa/VANTAB.INC:58,/Users/j.harris/code/cruisin-usa/VANTAB.INC:60,
theheads_PALETTES,2,/Users/j.harris/code/cruisin-usa/HEADS.ASM:101,/Users/j.harris/code/cruisin-usa/SETUPS.ASM:76,
THEPROGL,2,/Users/j.harris/code/cruisin-usa/MOTION.ASM:1420,/Users/j.harris/code/cruisin-usa/MOTION.ASM:1690,
THIS_PIECE2,2,/Users/j.harris/code/cruisin-usa/CHOPPER.ASM:296,/Users/j.harris/code/cruisin-usa/CHOPPER.ASM:305,
THIS_PIECE28,2,/Users/j.harris/code/cruisin-usa/CHOPPER.ASM:123,/Users/j.harris/code/cruisin-usa/CHOPPER.ASM:132,
THROBLP1,2,/Users/j.harris/code/cruisin-usa/INTRO.ASM:303,/Users/j.harris/code/cruisin-usa/INTRO.ASM:313,
THROBLP2,2,/Users/j.harris/code/cruisin-usa/INTRO.ASM:330,/Users/j.harris/code/cruisin-usa/INTRO.ASM:338,
TIMEL1,2,/Users/j.harris/code/cruisin-usa/CUSA.ASM:1810,/Users/j.harris/code/cruisin-usa/CUSA.ASM:1834,
TIMERAM,2,/Users/j.harris/code/cruisin-usa/CUSA.ASM:1795,/Users/j.harris/code/cruisin-usa/CUSA.ASM:1797,
TLT_LP,2,/Users/j.harris/code/cruisin-usa/INTRO.ASM:3698,/Users/j.harris/code/cruisin-usa/INTRO.ASM:3717,
TMATRIX,2,/Users/j.harris/code/cruisin-usa/COLLA.ASM:44,/Users/j.harris/code/cruisin-usa/COLLA.ASM:45,
TMATRIXI,2,/Users/j.harris/code/cruisin-usa/COLLA.ASM:43,/Users/j.harris/code/cruisin-usa/COLLA.ASM:676,
tmp_buffer,2,/Users/j.harris/code/cruisin-usa/MAP.ASM:1089,/Users/j.harris/code/cruisin-usa/MAP.ASM:1091,
TMS_LP,2,/Users/j.harris/code/cruisin-usa/SMOKE.ASM:987,/Users/j.harris/code/cruisin-usa/SMOKE.ASM:998,
TNORM,2,/Users/j.harris/code/cruisin-usa/COLLA.ASM:37,/Users/j.harris/code/cruisin-usa/COLLA.ASM:38,
TOJOIN,2,/Users/j.harris/code/cruisin-usa/TRACKSEL.ASM:244,/Users/j.harris/code/cruisin-usa/TRACKSEL.ASM:259,
TOSLP,2,/Users/j.harris/code/cruisin-usa/INTRO.ASM:3513,/Users/j.harris/code/cruisin-usa/INTRO.ASM:3570,
TOSLP3,2,/Users/j.harris/code/cruisin-usa/HSTDP.ASM:308,/Users/j.harris/code/cruisin-usa/HSTDP.ASM:310,
tower_p,2,/Users/j.harris/code/cruisin-usa/OVERLAY.ASM:342,/Users/j.harris/code/cruisin-usa/OVERLAY.ASM:354,
TP_LP,2,/Users/j.harris/code/cruisin-usa/TRANS.ASM:771,/Users/j.harris/code/cruisin-usa/TRANS.ASM:804,
TPALI,2,/Users/j.harris/code/cruisin-usa/CUSA.ASM:1931,/Users/j.harris/code/cruisin-usa/CUSA.ASM:1971,
TPALNI,2,/Users/j.harris/code/cruisin-usa/CUSA.ASM:1932,/Users/j.harris/code/cruisin-usa/CUSA.ASM:1972,
TRACK_SEL_LP,2,/Users/j.harris/code/cruisin-usa/TRACKSEL.ASM:301,/Users/j.harris/code/cruisin-usa/TRACKSEL.ASM:365,
TRACK_SELECTION_LIST,2,/Users/j.harris/code/cruisin-usa/TRACKSEL.ASM:1255,/Users/j.harris/code/cruisin-usa/TRACKSEL.ASM:1256,
TRAIL,2,/Users/j.harris/code/cruisin-usa/TEXT.EQU:39,/Users/j.harris/code/cruisin-usa/TEXT.EQU:40,
TRAIN_FWL,2,/Users/j.harris/code/cruisin-usa/BACKGRND.ASM:2264,/Users/j.harris/code/cruisin-usa/BACKGRND.ASM:2297,
TRANS_HEAD,2,/Users/j.harris/code/cruisin-usa/TRANS.ASM:828,/Users/j.harris/code/cruisin-usa/TRANS.ASM:1065,
TRANS_LP,2,/Users/j.harris/code/cruisin-usa/INFIN.ASM:645,/Users/j.harris/code/cruisin-usa/INFIN.ASM:711,
TRANS_RET,2,/Users/j.harris/code/cruisin-usa/DIRQ.ASM:255,/Users/j.harris/code/cruisin-usa/DIRQ.ASM:265,
TREESHAK,2,/Users/j.harris/code/cruisin-usa/COLLA.ASM:1873,/Users/j.harris/code/cruisin-usa/COLLA.ASM:1875,
TRIGPOTCHK,2,/Users/j.harris/code/cruisin-usa/HSTDP.ASM:370,/Users/j.harris/code/cruisin-usa/HSTDP.ASM:375,
trm2,2,/Users/j.harris/code/cruisin-usa/TRANS.ASM:1117,/Users/j.harris/code/cruisin-usa/TRANS.ASM:1117,
trm3,2,/Users/j.harris/code/cruisin-usa/TRANS.ASM:1117,/Users/j.harris/code/cruisin-usa/TRANS.ASM:1117,
trmeng1_chrome,2,/Users/j.harris/code/cruisin-usa/TRANS.ASM:1228,/Users/j.harris/code/cruisin-usa/TRANS.ASM:1357,
TROI,2,/Users/j.harris/code/cruisin-usa/INTRO.ASM:3375,/Users/j.harris/code/cruisin-usa/INTRO.ASM:3434,
TRU_UNIV,2,/Users/j.harris/code/cruisin-usa/DIRQ.ASM:249,/Users/j.harris/code/cruisin-usa/DIRQ.ASM:260,
TRY_AGAIN,2,/Users/j.harris/code/cruisin-usa/ATTRDRNE.ASM:495,/Users/j.harris/code/cruisin-usa/ATTRDRNE.ASM:501,
TSTBL1,2,/Users/j.harris/code/cruisin-usa/MEMTEST.ASM:741,/Users/j.harris/code/cruisin-usa/MEMTEST.ASM:765,
TSTBL1A,2,/Users/j.harris/code/cruisin-usa/MEMTEST.ASM:235,/Users/j.harris/code/cruisin-usa/MEMTEST.ASM:261,
TSTBL2,2,/Users/j.harris/code/cruisin-usa/MEMTEST.ASM:806,/Users/j.harris/code/cruisin-usa/MEMTEST.ASM:837,
TSTBL2C,2,/Users/j.harris/code/cruisin-usa/MEMTEST.ASM:845,/Users/j.harris/code/cruisin-usa/MEMTEST.ASM:871,
TUNSNDX,2,/Users/j.harris/code/cruisin-usa/PLYR.ASM:3342,/Users/j.harris/code/cruisin-usa/PLYR.ASM:3345,
TVECT1,2,/Users/j.harris/code/cruisin-usa/COLLA.ASM:39,/Users/j.harris/code/cruisin-usa/COLLA.ASM:40,
TVECT2,2,/Users/j.harris/code/cruisin-usa/COLLA.ASM:41,/Users/j.harris/code/cruisin-usa/COLLA.ASM:42,
TVPATCHX,2,/Users/j.harris/code/cruisin-usa/UTIL.ASM:51,/Users/j.harris/code/cruisin-usa/UTIL.ASM:56,
TWO,2,/Users/j.harris/code/cruisin-usa/HEADS.ASM:395,/Users/j.harris/code/cruisin-usa/HEADS.ASM:407,
TXTLPB,2,/Users/j.harris/code/cruisin-usa/ATTRACTA.ASM:345,/Users/j.harris/code/cruisin-usa/ATTRACTA.ASM:347,
TXTOUT,2,/Users/j.harris/code/cruisin-usa/TEXT.ASM:652,/Users/j.harris/code/cruisin-usa/TEXT.ASM:661,
UHNO,2,/Users/j.harris/code/cruisin-usa/BACKGRND.ASM:955,/Users/j.harris/code/cruisin-usa/BACKGRND.ASM:962,
UHNO2,2,/Users/j.harris/code/cruisin-usa/BACKGRND.ASM:905,/Users/j.harris/code/cruisin-usa/BACKGRND.ASM:912,
UK2,2,/Users/j.harris/code/cruisin-usa/COINTAB.ASM:936,/Users/j.harris/code/cruisin-usa/COINTAB.ASM:1582,
UK3,2,/Users/j.harris/code/cruisin-usa/COINTAB.ASM:950,/Users/j.harris/code/cruisin-usa/COINTAB.ASM:1582,
UK_MENU,2,/Users/j.harris/code/cruisin-usa/DIAG.ASM:1868,/Users/j.harris/code/cruisin-usa/DIAG.ASM:1973,
ULL3,2,/Users/j.harris/code/cruisin-usa/MOTION.ASM:2176,/Users/j.harris/code/cruisin-usa/MOTION.ASM:2179,
ULLERR,2,/Users/j.harris/code/cruisin-usa/MOTION.ASM:2155,/Users/j.harris/code/cruisin-usa/MOTION.ASM:2183,
UMT,2,/Users/j.harris/code/cruisin-usa/DIAG.ASM:1248,/Users/j.harris/code/cruisin-usa/DIAG.ASM:1252,
UNFOLD_LP,2,/Users/j.harris/code/cruisin-usa/MAP.ASM:180,/Users/j.harris/code/cruisin-usa/MAP.ASM:345,
UNLINK,2,/Users/j.harris/code/cruisin-usa/SMOKE.ASM:333,/Users/j.harris/code/cruisin-usa/SMOKE.ASM:340,
UPCAMX,2,/Users/j.harris/code/cruisin-usa/ATTRDRNE.ASM:1463,/Users/j.harris/code/cruisin-usa/ATTRDRNE.ASM:1475,
USA3,2,/Users/j.harris/code/cruisin-usa/COINTAB.ASM:378,/Users/j.harris/code/cruisin-usa/COINTAB.ASM:1576,
USA7,2,/Users/j.harris/code/cruisin-usa/COINTAB.ASM:435,/Users/j.harris/code/cruisin-usa/COINTAB.ASM:1576,
USA8,2,/Users/j.harris/code/cruisin-usa/COINTAB.ASM:449,/Users/j.harris/code/cruisin-usa/COINTAB.ASM:1576,
USA_MENU,2,/Users/j.harris/code/cruisin-usa/DIAG.ASM:1792,/Users/j.harris/code/cruisin-usa/DIAG.ASM:1967,
USE_SLOPE,2,/Users/j.harris/code/cruisin-usa/ATTRDRNE.ASM:687,/Users/j.harris/code/cruisin-usa/ATTRDRNE.ASM:693,
USE_STANDARD,2,/Users/j.harris/code/cruisin-usa/COIN.ASM:227,/Users/j.harris/code/cruisin-usa/COIN.ASM:230,
UTP,2,/Users/j.harris/code/cruisin-usa/MEMTEST.ASM:109,/Users/j.harris/code/cruisin-usa/MEMTEST.ASM:116,
VAALP,2,/Users/j.harris/code/cruisin-usa/CMOS.ASM:220,/Users/j.harris/code/cruisin-usa/CMOS.ASM:239,
VAALP2,2,/Users/j.harris/code/cruisin-usa/CMOS.ASM:265,/Users/j.harris/code/cruisin-usa/CMOS.ASM:274,
VAALP3,2,/Users/j.harris/code/cruisin-usa/CMOS.ASM:333,/Users/j.harris/code/cruisin-usa/CMOS.ASM:340,
VANHDLP,2,/Users/j.harris/code/cruisin-usa/HEADS.ASM:120,/Users/j.harris/code/cruisin-usa/HEADS.ASM:152,
VANITY_HEADS_LP,2,/Users/j.harris/code/cruisin-usa/HEADS.ASM:159,/Users/j.harris/code/cruisin-usa/HEADS.ASM:185,
version,2,/Users/j.harris/code/cruisin-usa/LINE.ASM:7,/Users/j.harris/code/cruisin-usa/HPMATH.ASM:7,
VETTTAB,2,/Users/j.harris/code/cruisin-usa/WAVE.ASM:573,/Users/j.harris/code/cruisin-usa/WAVE.ASM:715,
VFLASH_LP,2,/Users/j.harris/code/cruisin-usa/CUSA.ASM:2127,/Users/j.harris/code/cruisin-usa/CUSA.ASM:2142,
VFLASH_LP1,2,/Users/j.harris/code/cruisin-usa/CUSA.ASM:2135,/Users/j.harris/code/cruisin-usa/CUSA.ASM:2139,
VHIX,2,/Users/j.harris/code/cruisin-usa/HEADS.ASM:122,/Users/j.harris/code/cruisin-usa/HEADS.ASM:155,
VIEWLIST,2,/Users/j.harris/code/cruisin-usa/ATTRDRNE.ASM:29,/Users/j.harris/code/cruisin-usa/ATTRDRNE.ASM:263,
VLCOLL,2,/Users/j.harris/code/cruisin-usa/COLLA.ASM:939,/Users/j.harris/code/cruisin-usa/COLLA.ASM:954,
VLINLOP,2,/Users/j.harris/code/cruisin-usa/DIAG.ASM:382,/Users/j.harris/code/cruisin-usa/DIAG.ASM:395,
VLTRI,2,/Users/j.harris/code/cruisin-usa/COLLA.ASM:893,/Users/j.harris/code/cruisin-usa/COLLA.ASM:910,
VOLJN,2,/Users/j.harris/code/cruisin-usa/CUSA.ASM:1026,/Users/j.harris/code/cruisin-usa/CUSA.ASM:1049,
VOLP,2,/Users/j.harris/code/cruisin-usa/HEADS.ASM:162,/Users/j.harris/code/cruisin-usa/HEADS.ASM:182,
VOLUME_COUNT,2,/Users/j.harris/code/cruisin-usa/COIN.ASM:1151,/Users/j.harris/code/cruisin-usa/COIN.ASM:1170,
VT2,2,/Users/j.harris/code/cruisin-usa/DIRQ.ASM:711,/Users/j.harris/code/cruisin-usa/DIRQ.ASM:769,
VTL,2,/Users/j.harris/code/cruisin-usa/DIRQ.ASM:577,/Users/j.harris/code/cruisin-usa/DIRQ.ASM:583,
VTL2,2,/Users/j.harris/code/cruisin-usa/DIRQ.ASM:778,/Users/j.harris/code/cruisin-usa/DIRQ.ASM:784,
WAIT_ACK_LOOP,2,/Users/j.harris/code/cruisin-usa/MOTION.ASM:2081,/Users/j.harris/code/cruisin-usa/MOTION.ASM:2093,
WAIT_FOR_ENDBONUS_LP,2,/Users/j.harris/code/cruisin-usa/INTRO.ASM:660,/Users/j.harris/code/cruisin-usa/INTRO.ASM:685,
WAITX,2,/Users/j.harris/code/cruisin-usa/INTRO.ASM:426,/Users/j.harris/code/cruisin-usa/INTRO.ASM:517,
WALLS1,2,/Users/j.harris/code/cruisin-usa/SMOKE.ASM:826,/Users/j.harris/code/cruisin-usa/SMOKE.ASM:832,
WAR0,2,/Users/j.harris/code/cruisin-usa/MOTION.ASM:2113,/Users/j.harris/code/cruisin-usa/MOTION.ASM:2118,
WAR1,2,/Users/j.harris/code/cruisin-usa/MOTION.ASM:2115,/Users/j.harris/code/cruisin-usa/MOTION.ASM:2119,
WAR1L,2,/Users/j.harris/code/cruisin-usa/MOTION.ASM:2121,/Users/j.harris/code/cruisin-usa/MOTION.ASM:2127,
WATERANI_LP,2,/Users/j.harris/code/cruisin-usa/BACKGRND.ASM:1587,/Users/j.harris/code/cruisin-usa/BACKGRND.ASM:1597,
WATERPOS,2,/Users/j.harris/code/cruisin-usa/INFIN.ASM:865,/Users/j.harris/code/cruisin-usa/INFIN.ASM:866,
WAVEFLAGLP,2,/Users/j.harris/code/cruisin-usa/INTRO.ASM:2796,/Users/j.harris/code/cruisin-usa/INTRO.ASM:2845,
WF0,2,/Users/j.harris/code/cruisin-usa/BACKGRND.ASM:1616,/Users/j.harris/code/cruisin-usa/BACKGRND.ASM:1621,
WFCLP342,2,/Users/j.harris/code/cruisin-usa/INTRO.ASM:199,/Users/j.harris/code/cruisin-usa/INTRO.ASM:214,
WHEELOUT,2,/Users/j.harris/code/cruisin-usa/WHEEL.ASM:23,/Users/j.harris/code/cruisin-usa/WHEEL.ASM:127,
whel1,2,/Users/j.harris/code/cruisin-usa/TRACKSEL.ASM:1216,/Users/j.harris/code/cruisin-usa/TRANS.ASM:1099,
whel4,2,/Users/j.harris/code/cruisin-usa/TRACKSEL.ASM:1216,/Users/j.harris/code/cruisin-usa/TRANS.ASM:1099,
WHOLELP,2,/Users/j.harris/code/cruisin-usa/DIAG.ASM:450,/Users/j.harris/code/cruisin-usa/DIAG.ASM:468,
WL266,2,/Users/j.harris/code/cruisin-usa/AUDITS.ASM:365,/Users/j.harris/code/cruisin-usa/AUDITS.ASM:368,
WL2A,2,/Users/j.harris/code/cruisin-usa/AUDITS.ASM:288,/Users/j.harris/code/cruisin-usa/AUDITS.ASM:361,
WORIT,2,/Users/j.harris/code/cruisin-usa/SIGMA.ASM:95,/Users/j.harris/code/cruisin-usa/SIGMA.ASM:117,
WRECK1,2,/Users/j.harris/code/cruisin-usa/RACER.ASM:2196,/Users/j.harris/code/cruisin-usa/RACER.ASM:2208,
WRECKSLP,2,/Users/j.harris/code/cruisin-usa/RACER.ASM:2227,/Users/j.harris/code/cruisin-usa/RACER.ASM:2233,
WRKST1,2,/Users/j.harris/code/cruisin-usa/RACER.ASM:2091,/Users/j.harris/code/cruisin-usa/RACER.ASM:2096,
WT1,2,/Users/j.harris/code/cruisin-usa/MACS.EQU:199,/Users/j.harris/code/cruisin-usa/MACS.EQU:200,
WT5,2,/Users/j.harris/code/cruisin-usa/DIAG.ASM:3175,/Users/j.harris/code/cruisin-usa/DIAG.ASM:3182,
WT500X,2,/Users/j.harris/code/cruisin-usa/MOTION.ASM:649,/Users/j.harris/code/cruisin-usa/MOTION.ASM:651,
WT_NS1,2,/Users/j.harris/code/cruisin-usa/DIAG.ASM:36,/Users/j.harris/code/cruisin-usa/DIAG.ASM:39,
WT_S1,2,/Users/j.harris/code/cruisin-usa/DIAG.ASM:28,/Users/j.harris/code/cruisin-usa/DIAG.ASM:31,
wta,2,/Users/j.harris/code/cruisin-usa/DIAG.ASM:1407,/Users/j.harris/code/cruisin-usa/DIAG.ASM:1414,
WTA,2,/Users/j.harris/code/cruisin-usa/DIAG.ASM:2395,/Users/j.harris/code/cruisin-usa/DIAG.ASM:2420,
WTD55,2,/Users/j.harris/code/cruisin-usa/HEADS.ASM:387,/Users/j.harris/code/cruisin-usa/HEADS.ASM:421,
WTFORRETVAL,2,/Users/j.harris/code/cruisin-usa/INTRO.ASM:831,/Users/j.harris/code/cruisin-usa/INTRO.ASM:846,
WTLPI,2,/Users/j.harris/code/cruisin-usa/COMM.ASM:796,/Users/j.harris/code/cruisin-usa/COMM.ASM:801,
WTLPI2,2,/Users/j.harris/code/cruisin-usa/COMM.ASM:811,/Users/j.harris/code/cruisin-usa/COMM.ASM:813,
WTLPMI2,2,/Users/j.harris/code/cruisin-usa/COMM.ASM:293,/Users/j.harris/code/cruisin-usa/COMM.ASM:300,
WTMLP,2,/Users/j.harris/code/cruisin-usa/MOTION.ASM:1769,/Users/j.harris/code/cruisin-usa/MOTION.ASM:1771,
wtt,2,/Users/j.harris/code/cruisin-usa/DIAG.EQU:83,/Users/j.harris/code/cruisin-usa/DIAG.EQU:89,
WTT5,2,/Users/j.harris/code/cruisin-usa/DIAG.ASM:3177,/Users/j.harris/code/cruisin-usa/DIAG.ASM:3183,
wtta,2,/Users/j.harris/code/cruisin-usa/DIAG.ASM:1409,/Users/j.harris/code/cruisin-usa/DIAG.ASM:1419,
WTTT5,2,/Users/j.harris/code/cruisin-usa/DIAG.ASM:3185,/Users/j.harris/code/cruisin-usa/DIAG.ASM:3190,
XEND,2,/Users/j.harris/code/cruisin-usa/TEXT.EQU:39,/Users/j.harris/code/cruisin-usa/TEXT.EQU:40,
XSTART,2,/Users/j.harris/code/cruisin-usa/TEXT.EQU:39,/Users/j.harris/code/cruisin-usa/TEXT.EQU:40,
YSTART,2,/Users/j.harris/code/cruisin-usa/TEXT.EQU:39,/Users/j.harris/code/cruisin-usa/TEXT.EQU:40,
ZCLIP,2,/Users/j.harris/code/cruisin-usa/DIRQ.ASM:2728,/Users/j.harris/code/cruisin-usa/DIRQ.ASM:2821,
zero,2,/Users/j.harris/code/cruisin-usa/ROUTS.ASM:196,/Users/j.harris/code/cruisin-usa/ROUTS.ASM:250,
ZIX,2,/Users/j.harris/code/cruisin-usa/TRACKSEL.ASM:865,/Users/j.harris/code/cruisin-usa/TRACKSEL.ASM:898,
ZOOM1,2,/Users/j.harris/code/cruisin-usa/ATTRDRNE.ASM:1403,/Users/j.harris/code/cruisin-usa/ATTRDRNE.ASM:1413,
ZOOMRAM,2,/Users/j.harris/code/cruisin-usa/PLYR.ASM:36,/Users/j.harris/code/cruisin-usa/PLYR.ASM:98,
ZOOMUP1,2,/Users/j.harris/code/cruisin-usa/PLYR.ASM:2480,/Users/j.harris/code/cruisin-usa/PLYR.ASM:2489,
ZSORTA1,2,/Users/j.harris/code/cruisin-usa/OBJ.ASM:1343,/Users/j.harris/code/cruisin-usa/OBJ.ASM:1382,
ZSORTA1P,2,/Users/j.harris/code/cruisin-usa/OBJ.ASM:1295,/Users/j.harris/code/cruisin-usa/OBJ.ASM:1333,
ZTCLP,2,/Users/j.harris/code/cruisin-usa/INTRO.ASM:1627,/Users/j.harris/code/cruisin-usa/INTRO.ASM:1716,
ZWPRIOK,2,/Users/j.harris/code/cruisin-usa/OBJ.ASM:797,/Users/j.harris/code/cruisin-usa/OBJ.ASM:818,
ZZZ1,2,/Users/j.harris/code/cruisin-usa/COLLA.ASM:3309,/Users/j.harris/code/cruisin-usa/COLLA.ASM:3313,
_arctanf,1,/Users/j.harris/code/cruisin-usa/MATH.ASM:198,,
_CAR_LIST,1,/Users/j.harris/code/cruisin-usa/OBJ.EQU:34,,
_CARVCT,1,/Users/j.harris/code/cruisin-usa/GLOBALS.EQU:100,,
_find_pal,1,/Users/j.harris/code/cruisin-usa/GLOBALS.EQU:366,,
_gametime,1,/Users/j.harris/code/cruisin-usa/GLOBALS.EQU:241,,
_hstd_alltime,1,/Users/j.harris/code/cruisin-usa/CMOS.EQU:344,,
_i,1,/Users/j.harris/code/cruisin-usa/LINE.ASM:113,,
_PLAYER_ROAD_COLL,1,/Users/j.harris/code/cruisin-usa/GLOBALS.EQU:101,,
_SECcrace,1,/Users/j.harris/code/cruisin-usa/TRACKSEL.ASM:83,,
_SECctrans,1,/Users/j.harris/code/cruisin-usa/TRACKSEL.ASM:106,,
_SECfinale,1,/Users/j.harris/code/cruisin-usa/HOTTUB.ASM:99,,
_SECgeneral,1,/Users/j.harris/code/cruisin-usa/CUSA.ASM:419,,
_SECskys,1,/Users/j.harris/code/cruisin-usa/CUSA.ASM:411,,
_SECtheheads,1,/Users/j.harris/code/cruisin-usa/HEADS.ASM:111,,
_SECtunnel,1,/Users/j.harris/code/cruisin-usa/SETUPS.ASM:439,,
_SECtunnel2,1,/Users/j.harris/code/cruisin-usa/SETUPS.ASM:242,,
_SYSCNTL,1,/Users/j.harris/code/cruisin-usa/VUNIT.EQU:204,,
_systime,1,/Users/j.harris/code/cruisin-usa/GLOBALS.EQU:241,,
_viewswitch,1,/Users/j.harris/code/cruisin-usa/GLOBALS.EQU:504,,
_xd,1,/Users/j.harris/code/cruisin-usa/LINE.ASM:122,,
_y,1,/Users/j.harris/code/cruisin-usa/LINE.ASM:120,,
_yd,1,/Users/j.harris/code/cruisin-usa/LINE.ASM:123,,
adblud1,1,/Users/j.harris/code/cruisin-usa/ROADKILL.ASM:714,,
adblud1_p,1,/Users/j.harris/code/cruisin-usa/ROADKILL.ASM:397,,
adblud2,1,/Users/j.harris/code/cruisin-usa/ROADKILL.ASM:714,,
adblud3,1,/Users/j.harris/code/cruisin-usa/ROADKILL.ASM:714,,
adblud4,1,/Users/j.harris/code/cruisin-usa/ROADKILL.ASM:714,,
adblud5,1,/Users/j.harris/code/cruisin-usa/ROADKILL.ASM:714,,
adblud6,1,/Users/j.harris/code/cruisin-usa/ROADKILL.ASM:714,,
aflag1,1,/Users/j.harris/code/cruisin-usa/BACKGRND.ASM:1691,,
aflag10,1,/Users/j.harris/code/cruisin-usa/BACKGRND.ASM:1692,,
aflag2,1,/Users/j.harris/code/cruisin-usa/BACKGRND.ASM:1691,,
aflag3,1,/Users/j.harris/code/cruisin-usa/BACKGRND.ASM:1691,,
aflag4,1,/Users/j.harris/code/cruisin-usa/BACKGRND.ASM:1691,,
aflag5,1,/Users/j.harris/code/cruisin-usa/BACKGRND.ASM:1691,,
aflag6,1,/Users/j.harris/code/cruisin-usa/BACKGRND.ASM:1692,,
aflag7,1,/Users/j.harris/code/cruisin-usa/BACKGRND.ASM:1692,,
aflag9,1,/Users/j.harris/code/cruisin-usa/BACKGRND.ASM:1692,,
aft1,1,/Users/j.harris/code/cruisin-usa/BACKGRND.ASM:1514,,
aft2,1,/Users/j.harris/code/cruisin-usa/BACKGRND.ASM:1514,,
aft3,1,/Users/j.harris/code/cruisin-usa/BACKGRND.ASM:1514,,
aft4,1,/Users/j.harris/code/cruisin-usa/BACKGRND.ASM:1514,,
aft5,1,/Users/j.harris/code/cruisin-usa/BACKGRND.ASM:1514,,
aft6,1,/Users/j.harris/code/cruisin-usa/BACKGRND.ASM:1514,,
arrow,1,/Users/j.harris/code/cruisin-usa/HSTDP.ASM:63,,
asm,1,/Users/j.harris/code/cruisin-usa/DIAG.ASM:4187,,
ASM,1,/Users/j.harris/code/cruisin-usa/CUSA.ASM:48,,
audits,1,/Users/j.harris/code/cruisin-usa/DIAG.ASM:4187,,
AVOID_CAR_OBSTACLES,1,/Users/j.harris/code/cruisin-usa/DELTA.EQU:65,,
AWAITING_CHALLENGER,1,/Users/j.harris/code/cruisin-usa/GLOBALS.EQU:82,,
babe,1,/Users/j.harris/code/cruisin-usa/BACKGRND.ASM:1779,,
BABE_TROPHYX,1,/Users/j.harris/code/cruisin-usa/HOTTUB.ASM:691,,
BACKCK1,1,/Users/j.harris/code/cruisin-usa/PLYR.ASM:2573,,
BACKCK2,1,/Users/j.harris/code/cruisin-usa/PLYR.ASM:2582,,
bdst,1,/Users/j.harris/code/cruisin-usa/ROADKILL.ASM:938,,
bdst2,1,/Users/j.harris/code/cruisin-usa/ROADKILL.ASM:938,,
bdst3,1,/Users/j.harris/code/cruisin-usa/ROADKILL.ASM:938,,
bdst4,1,/Users/j.harris/code/cruisin-usa/ROADKILL.ASM:938,,
bdst5,1,/Users/j.harris/code/cruisin-usa/ROADKILL.ASM:938,,
bdst6,1,/Users/j.harris/code/cruisin-usa/ROADKILL.ASM:938,,
bflag1,1,/Users/j.harris/code/cruisin-usa/BACKGRND.ASM:1687,,
bflag10,1,/Users/j.harris/code/cruisin-usa/BACKGRND.ASM:1688,,
bflag2,1,/Users/j.harris/code/cruisin-usa/BACKGRND.ASM:1687,,
bflag3,1,/Users/j.harris/code/cruisin-usa/BACKGRND.ASM:1687,,
bflag4,1,/Users/j.harris/code/cruisin-usa/BACKGRND.ASM:1687,,
bflag5,1,/Users/j.harris/code/cruisin-usa/BACKGRND.ASM:1687,,
bflag6,1,/Users/j.harris/code/cruisin-usa/BACKGRND.ASM:1688,,
bflag7,1,/Users/j.harris/code/cruisin-usa/BACKGRND.ASM:1688,,
bflag9,1,/Users/j.harris/code/cruisin-usa/BACKGRND.ASM:1688,,
BITMAPTEST,1,/Users/j.harris/code/cruisin-usa/CMOS.EQU:300,,
BLOWOUT,1,/Users/j.harris/code/cruisin-usa/DIRQ.ASM:1434,,
BLOWOUT_1,1,/Users/j.harris/code/cruisin-usa/DIRQ.ASM:2356,,
BLTMOD2DH,1,/Users/j.harris/code/cruisin-usa/GLOBALS.EQU:643,,
bnout11,1,/Users/j.harris/code/cruisin-usa/SMOKE.ASM:31,,
bnout15,1,/Users/j.harris/code/cruisin-usa/SMOKE.ASM:31,,
BONUS_NUMBER,1,/Users/j.harris/code/cruisin-usa/GLOBALS.EQU:72,,
bottom3_gtmp_p,1,/Users/j.harris/code/cruisin-usa/SETUPS.ASM:710,,
BUFSTATS,1,/Users/j.harris/code/cruisin-usa/GLOBALS.EQU:192,,
bug1,1,/Users/j.harris/code/cruisin-usa/ROADKILL.ASM:1168,,
bug2,1,/Users/j.harris/code/cruisin-usa/ROADKILL.ASM:1168,,
bug3,1,/Users/j.harris/code/cruisin-usa/ROADKILL.ASM:1168,,
bug4,1,/Users/j.harris/code/cruisin-usa/ROADKILL.ASM:1168,,
bug5,1,/Users/j.harris/code/cruisin-usa/ROADKILL.ASM:1168,,
BUMP_ALLTIME,1,/Users/j.harris/code/cruisin-usa/CMOS.EQU:340,,
BUMP_DAILY,1,/Users/j.harris/code/cruisin-usa/CMOS.EQU:340,,
bvwall_p,1,/Users/j.harris/code/cruisin-usa/BACKGRND.ASM:1707,,
c30,1,/Users/j.harris/code/cruisin-usa/COINTAB.ASM:11,,
CALLLE,1,/Users/j.harris/code/cruisin-usa/PLYR.ASM:633,,
CAM1ST,1,/Users/j.harris/code/cruisin-usa/PLYR.ASM:843,,
CAMCHKRX,1,/Users/j.harris/code/cruisin-usa/PLYR.ASM:1177,,
CAR_COLLS,1,/Users/j.harris/code/cruisin-usa/GLOBALS.EQU:67,,
CAR_COUNTI,1,/Users/j.harris/code/cruisin-usa/GLOBALS.EQU:663,,
caravan_p,1,/Users/j.harris/code/cruisin-usa/WAVE.ASM:787,,
carl,1,/Users/j.harris/code/cruisin-usa/HEADS.ASM:81,,
CARSMASH,1,/Users/j.harris/code/cruisin-usa/GLOBALS.EQU:562,,
cbus_p,1,/Users/j.harris/code/cruisin-usa/WAVE.ASM:763,,
cdd,1,/Users/j.harris/code/cruisin-usa/SND.ASM:71,,
CENTSI,1,/Users/j.harris/code/cruisin-usa/GLOBALS.EQU:293,,
CHALLENGE_ACCEPTED,1,/Users/j.harris/code/cruisin-usa/GLOBALS.EQU:84,,
CHECK_ALLTIME,1,/Users/j.harris/code/cruisin-usa/CMOS.EQU:341,,
CHECK_CHALLENGER,1,/Users/j.harris/code/cruisin-usa/GLOBALS.EQU:81,,
CHECK_DAILY,1,/Users/j.harris/code/cruisin-usa/CMOS.EQU:341,,
CHECK_RAM,1,/Users/j.harris/code/cruisin-usa/CMOS.EQU:301,,
CHECK_TABLE,1,/Users/j.harris/code/cruisin-usa/CMOS.EQU:342,,
CHECKPOINTS_HIT,1,/Users/j.harris/code/cruisin-usa/GLOBALS.EQU:204,,
CHECKPOINTS_RECEIVED,1,/Users/j.harris/code/cruisin-usa/GLOBALS.EQU:205,,
checks_p,1,/Users/j.harris/code/cruisin-usa/INTRO.ASM:3728,,
CHECKSUM_PAGE,1,/Users/j.harris/code/cruisin-usa/CMOS.EQU:327,,
CHKSUM_CMOS,1,/Users/j.harris/code/cruisin-usa/CMOS.EQU:319,,
CHOICENOW,1,/Users/j.harris/code/cruisin-usa/GLOBALS.EQU:394,,
chostrns_grp,1,/Users/j.harris/code/cruisin-usa/TRANS.ASM:52,,
CKSUM,1,/Users/j.harris/code/cruisin-usa/MEMTEST.ASM:26,,
CLR_CMOS,1,/Users/j.harris/code/cruisin-usa/CMOS.EQU:321,,
cmos,1,/Users/j.harris/code/cruisin-usa/COINTAB.ASM:12,,
CMQIX,1,/Users/j.harris/code/cruisin-usa/COMMQ.ASM:226,,
coco1,1,/Users/j.harris/code/cruisin-usa/DRONES.ASM:1544,,
COLDSP30,1,/Users/j.harris/code/cruisin-usa/COLLA.ASM:3385,,
COLDSPX,1,/Users/j.harris/code/cruisin-usa/COLLA.ASM:3399,,
COLLIDE,1,/Users/j.harris/code/cruisin-usa/GLOBALS.EQU:103,,
COLORFORM,1,/Users/j.harris/code/cruisin-usa/GLOBALS.EQU:340,,
COLSCPRC,1,/Users/j.harris/code/cruisin-usa/GLOBALS.EQU:106,,
COMM_MASTER_X,1,/Users/j.harris/code/cruisin-usa/COMM.ASM:602,,
COMM_SLAVE_X,1,/Users/j.harris/code/cruisin-usa/COMM.ASM:1134,,
COMMQ_FREEZE,1,/Users/j.harris/code/cruisin-usa/COMM.EQU:149,,
COMMQ_INIT,1,/Users/j.harris/code/cruisin-usa/COMM.EQU:148,,
COMMQ_INIT_F,1,/Users/j.harris/code/cruisin-usa/COMM.EQU:147,,
COMMQ_READY,1,/Users/j.harris/code/cruisin-usa/COMM.EQU:150,,
const,1,/Users/j.harris/code/cruisin-usa/MACS.EQU:49,,
COPBLOCK,1,/Users/j.harris/code/cruisin-usa/BACKGRND.ASM:2422,,
COPBLOCK2,1,/Users/j.harris/code/cruisin-usa/BACKGRND.ASM:2422,,
copcarp,1,/Users/j.harris/code/cruisin-usa/WAVE.ASM:836,,
cornobj,1,/Users/j.harris/code/cruisin-usa/SETUPS.ASM:111,,
cow,1,/Users/j.harris/code/cruisin-usa/ROADKILL.ASM:384,,
cow_pal,1,/Users/j.harris/code/cruisin-usa/ROADKILL.ASM:401,,
CRAMTEST,1,/Users/j.harris/code/cruisin-usa/CMOS.EQU:300,,
ctrans_PALETTES,1,/Users/j.harris/code/cruisin-usa/TRACKSEL.ASM:108,,
CURBCKLX,1,/Users/j.harris/code/cruisin-usa/PLYR.ASM:2687,,
CYN_NO,1,/Users/j.harris/code/cruisin-usa/DIAG.ASM:2811,,
d2carava,1,/Users/j.harris/code/cruisin-usa/WAVE.ASM:787,,
d2cbus,1,/Users/j.harris/code/cruisin-usa/WAVE.ASM:763,,
d2hotrod,1,/Users/j.harris/code/cruisin-usa/WAVE.ASM:723,,
d2muscle,1,/Users/j.harris/code/cruisin-usa/WAVE.ASM:779,,
d2mustang,1,/Users/j.harris/code/cruisin-usa/WAVE.ASM:811,,
d2ptruck,1,/Users/j.harris/code/cruisin-usa/WAVE.ASM:803,,
d2sbus,1,/Users/j.harris/code/cruisin-usa/WAVE.ASM:795,,
d2testor,1,/Users/j.harris/code/cruisin-usa/WAVE.ASM:739,,
DAILY_DEFAULT,1,/Users/j.harris/code/cruisin-usa/CMOS.EQU:348,,
DAILY_DEFAULTI,1,/Users/j.harris/code/cruisin-usa/CMOS.EQU:309,,
DATE,1,/Users/j.harris/code/cruisin-usa/CUSA.ASM:48,,
dcaravan,1,/Users/j.harris/code/cruisin-usa/WAVE.ASM:787,,
dcol,1,/Users/j.harris/code/cruisin-usa/HSTDP.ASM:2364,,
DEADSLP,1,/Users/j.harris/code/cruisin-usa/COLLA.ASM:2632,,
DEADSLPA,1,/Users/j.harris/code/cruisin-usa/RROAD.ASM:910,,
DECODE_BUFFER_SLAVE,1,/Users/j.harris/code/cruisin-usa/COMM.EQU:152,,
DECOMP_LINE_BUFFER,1,/Users/j.harris/code/cruisin-usa/GLOBALS.EQU:286,,
DECOMPRESS_TOPLP2,1,/Users/j.harris/code/cruisin-usa/COMP.ASM:404,,
DEER_SLEEP,1,/Users/j.harris/code/cruisin-usa/ROADKILL.ASM:529,,
deight,1,/Users/j.harris/code/cruisin-usa/HSTDP.ASM:55,,
delta,1,/Users/j.harris/code/cruisin-usa/SIGMA.ASM:21,,
DELTA_CAR,1,/Users/j.harris/code/cruisin-usa/DIRQ.ASM:1128,,
DELTA_DRONE,1,/Users/j.harris/code/cruisin-usa/GLOBALS.EQU:252,,
dexplo1,1,/Users/j.harris/code/cruisin-usa/DRONES.ASM:1092,,
dexplo10,1,/Users/j.harris/code/cruisin-usa/DRONES.ASM:1093,,
dexplo11,1,/Users/j.harris/code/cruisin-usa/DRONES.ASM:1093,,
dexplo2,1,/Users/j.harris/code/cruisin-usa/DRONES.ASM:1092,,
dexplo3,1,/Users/j.harris/code/cruisin-usa/DRONES.ASM:1092,,
dexplo4,1,/Users/j.harris/code/cruisin-usa/DRONES.ASM:1092,,
dexplo5,1,/Users/j.harris/code/cruisin-usa/DRONES.ASM:1092,,
dexplo6,1,/Users/j.harris/code/cruisin-usa/DRONES.ASM:1093,,
dexplo7,1,/Users/j.harris/code/cruisin-usa/DRONES.ASM:1093,,
dexplo8,1,/Users/j.harris/code/cruisin-usa/DRONES.ASM:1093,,
dexplo9,1,/Users/j.harris/code/cruisin-usa/DRONES.ASM:1093,,
dfive,1,/Users/j.harris/code/cruisin-usa/HSTDP.ASM:55,,
dfour,1,/Users/j.harris/code/cruisin-usa/HSTDP.ASM:55,,
dhotrod,1,/Users/j.harris/code/cruisin-usa/WAVE.ASM:723,,
DIAG_ACTIVEP,1,/Users/j.harris/code/cruisin-usa/GLOBALS.EQU:305,,
DIFF_TRICKLE,1,/Users/j.harris/code/cruisin-usa/GLOBALS.EQU:527,,
DISPLAY_TABLE,1,/Users/j.harris/code/cruisin-usa/GLOBALS.EQU:343,,
DISPLAYX,1,/Users/j.harris/code/cruisin-usa/DIRQ.ASM:688,,
DISPPROC,1,/Users/j.harris/code/cruisin-usa/MPROC.ASM:170,,
DISTANCE_OK,1,/Users/j.harris/code/cruisin-usa/DRONES.ASM:685,,
djeep,1,/Users/j.harris/code/cruisin-usa/WAVE.ASM:827,,
dmuscle,1,/Users/j.harris/code/cruisin-usa/WAVE.ASM:779,,
dmustang,1,/Users/j.harris/code/cruisin-usa/WAVE.ASM:811,,
dnd,1,/Users/j.harris/code/cruisin-usa/HUD.ASM:456,,
dnine,1,/Users/j.harris/code/cruisin-usa/HSTDP.ASM:55,,
dnums2,1,/Users/j.harris/code/cruisin-usa/WAVE.ASM:379,,
dnums_I,1,/Users/j.harris/code/cruisin-usa/TEXT.ASM:34,,
done,1,/Users/j.harris/code/cruisin-usa/HSTDP.ASM:55,,
DONT_TIMEOUT,1,/Users/j.harris/code/cruisin-usa/PLYR.ASM:634,,
DOSWAP,1,/Users/j.harris/code/cruisin-usa/OBJ.ASM:798,,
DOT,1,/Users/j.harris/code/cruisin-usa/GLOBALS.EQU:454,,
dptruckg,1,/Users/j.harris/code/cruisin-usa/WAVE.ASM:803,,
drd,1,/Users/j.harris/code/cruisin-usa/HUD.ASM:457,,
dseven,1,/Users/j.harris/code/cruisin-usa/HSTDP.ASM:55,,
dsix,1,/Users/j.harris/code/cruisin-usa/HSTDP.ASM:55,,
DSORTLLL,1,/Users/j.harris/code/cruisin-usa/OBJ.ASM:1116,,
dst,1,/Users/j.harris/code/cruisin-usa/HUD.ASM:455,,
dtestor,1,/Users/j.harris/code/cruisin-usa/WAVE.ASM:739,,
dthree,1,/Users/j.harris/code/cruisin-usa/HSTDP.ASM:55,,
dtwo,1,/Users/j.harris/code/cruisin-usa/HSTDP.ASM:55,,
dzero,1,/Users/j.harris/code/cruisin-usa/HSTDP.ASM:55,,
edeer,1,/Users/j.harris/code/cruisin-usa/ROADKILL.ASM:479,,
edeer1,1,/Users/j.harris/code/cruisin-usa/ROADKILL.ASM:479,,
edeer2,1,/Users/j.harris/code/cruisin-usa/ROADKILL.ASM:479,,
edeer3,1,/Users/j.harris/code/cruisin-usa/ROADKILL.ASM:479,,
edeer4,1,/Users/j.harris/code/cruisin-usa/ROADKILL.ASM:479,,
edeer5,1,/Users/j.harris/code/cruisin-usa/ROADKILL.ASM:479,,
elap,1,/Users/j.harris/code/cruisin-usa/HUD.ASM:409,,
ENGINE,1,/Users/j.harris/code/cruisin-usa/TRANS.ASM:466,,
ENTER_DIAG2,1,/Users/j.harris/code/cruisin-usa/DIAG.ASM:265,,
eric,1,/Users/j.harris/code/cruisin-usa/HEADS.ASM:84,,
EXEC,1,/Users/j.harris/code/cruisin-usa/MPROC.ASM:236,,
FFX4,1,/Users/j.harris/code/cruisin-usa/ATTRDRNE.ASM:1249,,
FILLBUFF_LEN,1,/Users/j.harris/code/cruisin-usa/GLOBALS.EQU:195,,
FILLBUFF_PTR,1,/Users/j.harris/code/cruisin-usa/GLOBALS.EQU:196,,
FIND_PLYR_RANK,1,/Users/j.harris/code/cruisin-usa/DELTA.EQU:62,,
FINISHED_DRONES,1,/Users/j.harris/code/cruisin-usa/GLOBALS.EQU:262,,
FIRST_PERSON,1,/Users/j.harris/code/cruisin-usa/ATTRDRNE.ASM:1167,,
fixedfnt,1,/Users/j.harris/code/cruisin-usa/TEXT.ASM:30,,
FIXPL1,1,/Users/j.harris/code/cruisin-usa/HSTDP.ASM:2884,,
flag2,1,/Users/j.harris/code/cruisin-usa/HOTTUB.ASM:755,,
flag3,1,/Users/j.harris/code/cruisin-usa/HOTTUB.ASM:756,,
flag4,1,/Users/j.harris/code/cruisin-usa/HOTTUB.ASM:757,,
flag5,1,/Users/j.harris/code/cruisin-usa/HOTTUB.ASM:758,,
flag6,1,/Users/j.harris/code/cruisin-usa/HOTTUB.ASM:759,,
flag7,1,/Users/j.harris/code/cruisin-usa/HOTTUB.ASM:760,,
FLMSORT_LOOP,1,/Users/j.harris/code/cruisin-usa/FLAME.ASM:210,,
FLPL1,1,/Users/j.harris/code/cruisin-usa/HSTDP.ASM:2925,,
FLYCARXA,1,/Users/j.harris/code/cruisin-usa/RROAD.ASM:525,,
FLYCROAD,1,/Users/j.harris/code/cruisin-usa/COLLA.ASM:2278,,
FLYCROAD1,1,/Users/j.harris/code/cruisin-usa/COLLA.ASM:2296,,
FLYCROAD1A,1,/Users/j.harris/code/cruisin-usa/RROAD.ASM:646,,
FLYCROADA,1,/Users/j.harris/code/cruisin-usa/RROAD.ASM:632,,
FLYCSTP,1,/Users/j.harris/code/cruisin-usa/COLLA.ASM:2447,,
FLYCSTPA,1,/Users/j.harris/code/cruisin-usa/RROAD.ASM:767,,
FLYROAD,1,/Users/j.harris/code/cruisin-usa/COLLA.ASM:1733,,
font18,1,/Users/j.harris/code/cruisin-usa/WAVE.ASM:375,,
font18_I,1,/Users/j.harris/code/cruisin-usa/TEXT.ASM:36,,
font43,1,/Users/j.harris/code/cruisin-usa/WAVE.ASM:374,,
FPLX,1,/Users/j.harris/code/cruisin-usa/PALL.ASM:239,,
FPO7,1,/Users/j.harris/code/cruisin-usa/HSTDP.ASM:1543,,
FR2,1,/Users/j.harris/code/cruisin-usa/ATTRDRNE.ASM:976,,
FRAMTEST,1,/Users/j.harris/code/cruisin-usa/CMOS.EQU:300,,
FRENCH10,1,/Users/j.harris/code/cruisin-usa/COINTAB.ASM:764,,
FRENCH11,1,/Users/j.harris/code/cruisin-usa/COINTAB.ASM:778,,
FRENCH5,1,/Users/j.harris/code/cruisin-usa/COINTAB.ASM:689,,
FRENCH6,1,/Users/j.harris/code/cruisin-usa/COINTAB.ASM:704,,
FRENCH7,1,/Users/j.harris/code/cruisin-usa/COINTAB.ASM:719,,
FRENCH8,1,/Users/j.harris/code/cruisin-usa/COINTAB.ASM:734,,
FRENCH9,1,/Users/j.harris/code/cruisin-usa/COINTAB.ASM:749,,
ft2,1,/Users/j.harris/code/cruisin-usa/BACKGRND.ASM:1530,,
ft3,1,/Users/j.harris/code/cruisin-usa/BACKGRND.ASM:1530,,
ft4,1,/Users/j.harris/code/cruisin-usa/BACKGRND.ASM:1530,,
ft5,1,/Users/j.harris/code/cruisin-usa/BACKGRND.ASM:1530,,
ft6,1,/Users/j.harris/code/cruisin-usa/BACKGRND.ASM:1530,,
ftruck,1,/Users/j.harris/code/cruisin-usa/WAVE.ASM:755,,
ftruck_p,1,/Users/j.harris/code/cruisin-usa/WAVE.ASM:755,,
GALIL_NOTPRESENT,1,/Users/j.harris/code/cruisin-usa/GLOBALS.EQU:482,,
GALIL_RESPONSE,1,/Users/j.harris/code/cruisin-usa/GALIL.ASM:22,,
garage_grp,1,/Users/j.harris/code/cruisin-usa/TRANS.ASM:202,,
geese1,1,/Users/j.harris/code/cruisin-usa/ROADKILL.ASM:882,,
GEESE_SLEEP,1,/Users/j.harris/code/cruisin-usa/ROADKILL.ASM:1086,,
geeseb,1,/Users/j.harris/code/cruisin-usa/ROADKILL.ASM:882,,
geesec,1,/Users/j.harris/code/cruisin-usa/ROADKILL.ASM:882,,
geesed,1,/Users/j.harris/code/cruisin-usa/ROADKILL.ASM:882,,
geesee,1,/Users/j.harris/code/cruisin-usa/ROADKILL.ASM:883,,
geesef,1,/Users/j.harris/code/cruisin-usa/ROADKILL.ASM:883,,
geeseg,1,/Users/j.harris/code/cruisin-usa/ROADKILL.ASM:883,,
geeseh,1,/Users/j.harris/code/cruisin-usa/ROADKILL.ASM:883,,
GEN_CHECKSUM511,1,/Users/j.harris/code/cruisin-usa/CMOS.EQU:328,,
GENERAL2,1,/Users/j.harris/code/cruisin-usa/COINTAB.ASM:1407,,
GENERAL4,1,/Users/j.harris/code/cruisin-usa/COINTAB.ASM:1435,,
GENERAL6,1,/Users/j.harris/code/cruisin-usa/COINTAB.ASM:1463,,
GENERAL8,1,/Users/j.harris/code/cruisin-usa/COINTAB.ASM:1491,,
general_PALETTES,1,/Users/j.harris/code/cruisin-usa/WAVE.ASM:438,,
GENMAPLP,1,/Users/j.harris/code/cruisin-usa/LEG.ASM:228,,
GERMAN5,1,/Users/j.harris/code/cruisin-usa/COINTAB.ASM:575,,
GERMAN6,1,/Users/j.harris/code/cruisin-usa/COINTAB.ASM:589,,
GERMAN7,1,/Users/j.harris/code/cruisin-usa/COINTAB.ASM:603,,
GERMAN8,1,/Users/j.harris/code/cruisin-usa/COINTAB.ASM:617,,
GETSKX,1,/Users/j.harris/code/cruisin-usa/PLYR.ASM:1692,,
girl1,1,/Users/j.harris/code/cruisin-usa/HOTTUB.ASM:411,,
girl2,1,/Users/j.harris/code/cruisin-usa/HOTTUB.ASM:411,,
girl3,1,/Users/j.harris/code/cruisin-usa/HOTTUB.ASM:411,,
girl4,1,/Users/j.harris/code/cruisin-usa/HOTTUB.ASM:411,,
girl5,1,/Users/j.harris/code/cruisin-usa/HOTTUB.ASM:411,,
girl6,1,/Users/j.harris/code/cruisin-usa/HOTTUB.ASM:411,,
glen,1,/Users/j.harris/code/cruisin-usa/HEADS.ASM:82,,
glight,1,/Users/j.harris/code/cruisin-usa/INTRO.ASM:2533,,
GPERR,1,/Users/j.harris/code/cruisin-usa/PALL.ASM:369,,
GRAVEL,1,/Users/j.harris/code/cruisin-usa/PLYR.ASM:3362,,
GROUP_RADY,1,/Users/j.harris/code/cruisin-usa/BACKGRND.ASM:509,,
gtruckp,1,/Users/j.harris/code/cruisin-usa/WAVE.ASM:844,,
helli,1,/Users/j.harris/code/cruisin-usa/CHOPPER.ASM:616,,
here2,1,/Users/j.harris/code/cruisin-usa/HOTTUB.ASM:745,,
here3,1,/Users/j.harris/code/cruisin-usa/HOTTUB.ASM:746,,
here4,1,/Users/j.harris/code/cruisin-usa/HOTTUB.ASM:747,,
here5,1,/Users/j.harris/code/cruisin-usa/HOTTUB.ASM:748,,
here6,1,/Users/j.harris/code/cruisin-usa/HOTTUB.ASM:749,,
HIGH_CLIP_LEVELI,1,/Users/j.harris/code/cruisin-usa/GLOBALS.EQU:292,,
hilly1,1,/Users/j.harris/code/cruisin-usa/HOTTUB.ASM:408,,
hilly2,1,/Users/j.harris/code/cruisin-usa/HOTTUB.ASM:408,,
hilly3,1,/Users/j.harris/code/cruisin-usa/HOTTUB.ASM:408,,
hilly4,1,/Users/j.harris/code/cruisin-usa/HOTTUB.ASM:408,,
hilly5,1,/Users/j.harris/code/cruisin-usa/HOTTUB.ASM:408,,
hilly6,1,/Users/j.harris/code/cruisin-usa/HOTTUB.ASM:408,,
HISCAN,1,/Users/j.harris/code/cruisin-usa/GLOBALS.EQU:245,,
hotrod_maroon,1,/Users/j.harris/code/cruisin-usa/RACER.ASM:30,,
HSTD_DEFAULT,1,/Users/j.harris/code/cruisin-usa/CMOS.EQU:347,,
HSTD_DEFAULTI,1,/Users/j.harris/code/cruisin-usa/CMOS.EQU:308,,
htub,1,/Users/j.harris/code/cruisin-usa/HOTTUB.ASM:405,,
htub1,1,/Users/j.harris/code/cruisin-usa/HOTTUB.ASM:405,,
htub2,1,/Users/j.harris/code/cruisin-usa/HOTTUB.ASM:405,,
htub3,1,/Users/j.harris/code/cruisin-usa/HOTTUB.ASM:405,,
htub4,1,/Users/j.harris/code/cruisin-usa/HOTTUB.ASM:405,,
htub5,1,/Users/j.harris/code/cruisin-usa/HOTTUB.ASM:405,,
hungh1,1,/Users/j.harris/code/cruisin-usa/BACKGRND.ASM:1700,,
hungh2,1,/Users/j.harris/code/cruisin-usa/BACKGRND.ASM:1700,,
hungh3,1,/Users/j.harris/code/cruisin-usa/BACKGRND.ASM:1700,,
hungh4,1,/Users/j.harris/code/cruisin-usa/BACKGRND.ASM:1700,,
hungh5,1,/Users/j.harris/code/cruisin-usa/BACKGRND.ASM:1700,,
hungh6,1,/Users/j.harris/code/cruisin-usa/BACKGRND.ASM:1700,,
hungh7,1,/Users/j.harris/code/cruisin-usa/BACKGRND.ASM:1700,,
I_TIMED_OUT,1,/Users/j.harris/code/cruisin-usa/GLOBALS.EQU:60,,
IBO,1,/Users/j.harris/code/cruisin-usa/MOTION.ASM:868,,
ICCX,1,/Users/j.harris/code/cruisin-usa/COIN.ASM:633,,
ILLUM1,1,/Users/j.harris/code/cruisin-usa/DIRQ.ASM:2735,,
ILLUM_POLYLP,1,/Users/j.harris/code/cruisin-usa/DIRQ.ASM:2816,,
INIT_COMM_VALUES,1,/Users/j.harris/code/cruisin-usa/GLOBALS.EQU:209,,
INITIALIZE_GALIL,1,/Users/j.harris/code/cruisin-usa/GLOBALS.EQU:479,,
INITSKIDOBJS,1,/Users/j.harris/code/cruisin-usa/GLOBALS.EQU:571,,
INSERT_COINSX,1,/Users/j.harris/code/cruisin-usa/COIN.ASM:801,,
INSFORM,1,/Users/j.harris/code/cruisin-usa/GLOBALS.EQU:340,,
INSMORE_NOCOUNTDOWN,1,/Users/j.harris/code/cruisin-usa/GLOBALS.EQU:379,,
INTRO_SKY_SPIN,1,/Users/j.harris/code/cruisin-usa/GLOBALS.EQU:407,,
IS_IMMINENT,1,/Users/j.harris/code/cruisin-usa/DRONES.ASM:1279,,
ISCANACT,1,/Users/j.harris/code/cruisin-usa/OBJ.ASM:1221,,
ISOVERA,1,/Users/j.harris/code/cruisin-usa/LEG.ASM:422,,
ISSUED_CHALLENGE,1,/Users/j.harris/code/cruisin-usa/GLOBALS.EQU:83,,
J22A,1,/Users/j.harris/code/cruisin-usa/AUDITS.ASM:268,,
JAJA555,1,/Users/j.harris/code/cruisin-usa/MOTION.ASM:1230,,
jeep_p,1,/Users/j.harris/code/cruisin-usa/WAVE.ASM:827,,
jeepm,1,/Users/j.harris/code/cruisin-usa/INTRO.ASM:2333,,
jeno,1,/Users/j.harris/code/cruisin-usa/HEADS.ASM:74,,
JJDDHH,1,/Users/j.harris/code/cruisin-usa/BONUS.ASM:550,,
JOININGAME,1,/Users/j.harris/code/cruisin-usa/GLOBALS.EQU:400,,
KDS,1,/Users/j.harris/code/cruisin-usa/MOTION.ASM:1078,,
ken,1,/Users/j.harris/code/cruisin-usa/HEADS.ASM:83,,
KKDKA,1,/Users/j.harris/code/cruisin-usa/DRONES.ASM:192,,
KKGK,1,/Users/j.harris/code/cruisin-usa/MOTION.ASM:984,,
kow3,1,/Users/j.harris/code/cruisin-usa/ROADKILL.ASM:433,,
kph,1,/Users/j.harris/code/cruisin-usa/HUD.ASM:286,,
L_LEG10_END,1,/Users/j.harris/code/cruisin-usa/SETUPS.ASM:722,,
L_LEG11_END,1,/Users/j.harris/code/cruisin-usa/SETUPS.ASM:771,,
L_LEG12_END,1,/Users/j.harris/code/cruisin-usa/SETUPS.ASM:823,,
L_LEG13_END,1,/Users/j.harris/code/cruisin-usa/SETUPS.ASM:878,,
L_LEG14_END,1,/Users/j.harris/code/cruisin-usa/SETUPS.ASM:931,,
L_LEG1_END,1,/Users/j.harris/code/cruisin-usa/SETUPS.ASM:290,,
L_LEG2_END,1,/Users/j.harris/code/cruisin-usa/SETUPS.ASM:341,,
L_LEG3_END,1,/Users/j.harris/code/cruisin-usa/SETUPS.ASM:384,,
L_LEG4_END,1,/Users/j.harris/code/cruisin-usa/SETUPS.ASM:432,,
L_LEG5_END,1,/Users/j.harris/code/cruisin-usa/SETUPS.ASM:483,,
L_LEG6_END,1,/Users/j.harris/code/cruisin-usa/SETUPS.ASM:518,,
L_LEG7_END,1,/Users/j.harris/code/cruisin-usa/SETUPS.ASM:575,,
L_LEG8_END,1,/Users/j.harris/code/cruisin-usa/SETUPS.ASM:622,,
L_LEG9_END,1,/Users/j.harris/code/cruisin-usa/SETUPS.ASM:669,,
LANE2MLT,1,/Users/j.harris/code/cruisin-usa/DELTA.EQU:35,,
LANE4MLT,1,/Users/j.harris/code/cruisin-usa/DELTA.EQU:35,,
LAST_ORIENTATION,1,/Users/j.harris/code/cruisin-usa/LEG.ASM:66,,
LASTLOAD,1,/Users/j.harris/code/cruisin-usa/COMP.ASM:652,,
LDILO,1,/Users/j.harris/code/cruisin-usa/ROUTS.ASM:357,,
LEG_FLAG,1,/Users/j.harris/code/cruisin-usa/LEG.ASM:332,,
LENGTHOF0,1,/Users/j.harris/code/cruisin-usa/COMM.ASM:1124,,
LET3D,1,/Users/j.harris/code/cruisin-usa/GLOBALS.EQU:348,,
LET3DI,1,/Users/j.harris/code/cruisin-usa/GLOBALS.EQU:348,,
LGMDFONT_TAB,1,/Users/j.harris/code/cruisin-usa/TEXTTAB.EQU:8,,
lgnum43_I,1,/Users/j.harris/code/cruisin-usa/TEXT.ASM:203,,
lift_p,1,/Users/j.harris/code/cruisin-usa/BACKGRND.ASM:1707,,
light,1,/Users/j.harris/code/cruisin-usa/INTRO.ASM:3694,,
light_greenon,1,/Users/j.harris/code/cruisin-usa/INTRO.ASM:3719,,
light_p,1,/Users/j.harris/code/cruisin-usa/INTRO.ASM:3700,,
light_redon,1,/Users/j.harris/code/cruisin-usa/INTRO.ASM:3719,,
light_yellowon,1,/Users/j.harris/code/cruisin-usa/INTRO.ASM:3719,,
LOAD_LOOK,1,/Users/j.harris/code/cruisin-usa/GLOBALS.EQU:496,,
LOGO,1,/Users/j.harris/code/cruisin-usa/GLOBALS.EQU:402,,
logo_p,1,/Users/j.harris/code/cruisin-usa/BACKGRND.ASM:1706,,
LOOP_TUNE,1,/Users/j.harris/code/cruisin-usa/GLOBALS.EQU:592,,
LOW_CLIP_LEVELI,1,/Users/j.harris/code/cruisin-usa/GLOBALS.EQU:292,,
LOW_TOSS_LEVELI,1,/Users/j.harris/code/cruisin-usa/GLOBALS.EQU:292,,
M0LENGTH,1,/Users/j.harris/code/cruisin-usa/COMM.ASM:600,,
ma,1,/Users/j.harris/code/cruisin-usa/HSTDP.ASM:57,,
marc,1,/Users/j.harris/code/cruisin-usa/HEADS.ASM:75,,
matt,1,/Users/j.harris/code/cruisin-usa/HEADS.ASM:79,,
MAXZI,1,/Users/j.harris/code/cruisin-usa/GLOBALS.EQU:292,,
mb,1,/Users/j.harris/code/cruisin-usa/HSTDP.ASM:57,,
mc,1,/Users/j.harris/code/cruisin-usa/HSTDP.ASM:57,,
md,1,/Users/j.harris/code/cruisin-usa/HSTDP.ASM:57,,
me,1,/Users/j.harris/code/cruisin-usa/HSTDP.ASM:57,,
mf,1,/Users/j.harris/code/cruisin-usa/HSTDP.ASM:57,,
mg,1,/Users/j.harris/code/cruisin-usa/HSTDP.ASM:57,,
mh,1,/Users/j.harris/code/cruisin-usa/HSTDP.ASM:57,,
mhop1,1,/Users/j.harris/code/cruisin-usa/TRACKSEL.ASM:1165,,
mhop2,1,/Users/j.harris/code/cruisin-usa/TRACKSEL.ASM:1165,,
mhop3,1,/Users/j.harris/code/cruisin-usa/TRACKSEL.ASM:1165,,
mhop4,1,/Users/j.harris/code/cruisin-usa/TRACKSEL.ASM:1165,,
mi,1,/Users/j.harris/code/cruisin-usa/HSTDP.ASM:57,,
MISC_COLLS,1,/Users/j.harris/code/cruisin-usa/GLOBALS.EQU:67,,
misslem,1,/Users/j.harris/code/cruisin-usa/INTRO.ASM:1260,,
mj,1,/Users/j.harris/code/cruisin-usa/HSTDP.ASM:57,,
mk,1,/Users/j.harris/code/cruisin-usa/HSTDP.ASM:57,,
MKFXSNDX,1,/Users/j.harris/code/cruisin-usa/PLYR.ASM:3387,,
MKHSTDFORM,1,/Users/j.harris/code/cruisin-usa/GLOBALS.EQU:341,,
ml,1,/Users/j.harris/code/cruisin-usa/HSTDP.ASM:57,,
mm,1,/Users/j.harris/code/cruisin-usa/HSTDP.ASM:57,,
mn,1,/Users/j.harris/code/cruisin-usa/HSTDP.ASM:57,,
mnklh,1,/Users/j.harris/code/cruisin-usa/EFFECTS.ASM:53,,
mnklv,1,/Users/j.harris/code/cruisin-usa/EFFECTS.ASM:51,,
mnkrv,1,/Users/j.harris/code/cruisin-usa/EFFECTS.ASM:50,,
mnkuh,1,/Users/j.harris/code/cruisin-usa/EFFECTS.ASM:52,,
mo,1,/Users/j.harris/code/cruisin-usa/HSTDP.ASM:57,,
MOTION_BURNIN,1,/Users/j.harris/code/cruisin-usa/GLOBALS.EQU:485,,
MOTION_TESTX,1,/Users/j.harris/code/cruisin-usa/GLOBALS.EQU:484,,
MOTION_TESTY,1,/Users/j.harris/code/cruisin-usa/GLOBALS.EQU:484,,
MOTION_TESTZ,1,/Users/j.harris/code/cruisin-usa/GLOBALS.EQU:484,,
mp,1,/Users/j.harris/code/cruisin-usa/HSTDP.ASM:57,,
mpcesy,1,/Users/j.harris/code/cruisin-usa/TRACKSEL.ASM:664,,
mpcexp,1,/Users/j.harris/code/cruisin-usa/TRACKSEL.ASM:714,,
mpcmed,1,/Users/j.harris/code/cruisin-usa/TRACKSEL.ASM:689,,
mph,1,/Users/j.harris/code/cruisin-usa/HUD.ASM:275,,
mphmph,1,/Users/j.harris/code/cruisin-usa/HUD.ASM:295,,
mq,1,/Users/j.harris/code/cruisin-usa/HSTDP.ASM:57,,
mr,1,/Users/j.harris/code/cruisin-usa/HSTDP.ASM:57,,
ms,1,/Users/j.harris/code/cruisin-usa/HSTDP.ASM:58,,
MSG_CNT,1,/Users/j.harris/code/cruisin-usa/CUSA.ASM:1955,,
mt,1,/Users/j.harris/code/cruisin-usa/HSTDP.ASM:58,,
mu,1,/Users/j.harris/code/cruisin-usa/HSTDP.ASM:58,,
muscle_p,1,/Users/j.harris/code/cruisin-usa/WAVE.ASM:779,,
mv,1,/Users/j.harris/code/cruisin-usa/HSTDP.ASM:58,,
mw,1,/Users/j.harris/code/cruisin-usa/HSTDP.ASM:58,,
mx,1,/Users/j.harris/code/cruisin-usa/HSTDP.ASM:58,,
my,1,/Users/j.harris/code/cruisin-usa/HSTDP.ASM:58,,
mz,1,/Users/j.harris/code/cruisin-usa/HSTDP.ASM:58,,
NC,1,/Users/j.harris/code/cruisin-usa/MACS.EQU:616,,
next,1,/Users/j.harris/code/cruisin-usa/TRACKSEL.ASM:1286,,
nintendo,1,/Users/j.harris/code/cruisin-usa/INTRO.ASM:3240,,
nintendo_p,1,/Users/j.harris/code/cruisin-usa/BACKGRND.ASM:1706,,
NOINCCRD,1,/Users/j.harris/code/cruisin-usa/COIN.ASM:177,,
NOLINK,1,/Users/j.harris/code/cruisin-usa/GLOBALS.EQU:142,,
NOLINK_COUNT,1,/Users/j.harris/code/cruisin-usa/GLOBALS.EQU:143,,
NOPLOT,1,/Users/j.harris/code/cruisin-usa/DIAG.ASM:720,,
NORMCHKL,1,/Users/j.harris/code/cruisin-usa/MATH.ASM:181,,
NOSMOOTH1,1,/Users/j.harris/code/cruisin-usa/CUSA.ASM:1149,,
NOT_F2,1,/Users/j.harris/code/cruisin-usa/SND.ASM:857,,
NOTHIDDEN,1,/Users/j.harris/code/cruisin-usa/COMMQ.ASM:777,,
NOTINGAME,1,/Users/j.harris/code/cruisin-usa/CUSA.ASM:838,,
NOTINSRT,1,/Users/j.harris/code/cruisin-usa/INTRO.ASM:3135,,
NOTLINKED4,1,/Users/j.harris/code/cruisin-usa/RACER.ASM:549,,
NOTQQERROR,1,/Users/j.harris/code/cruisin-usa/MOTION.ASM:1986,,
NUM_FIXED,1,/Users/j.harris/code/cruisin-usa/PALL.ASM:26,,
NZ,1,/Users/j.harris/code/cruisin-usa/MACS.EQU:618,,
O,1,/Users/j.harris/code/cruisin-usa/HSTDP.ASM:2574,,
OFF_MAP,1,/Users/j.harris/code/cruisin-usa/ROADKILL.ASM:1064,,
OFRAMES,1,/Users/j.harris/code/cruisin-usa/CUSA.ASM:126,,
OLD_VIEWPOINT,1,/Users/j.harris/code/cruisin-usa/GLOBALS.EQU:518,,
OM_POS,1,/Users/j.harris/code/cruisin-usa/COMM.EQU:157,,
ommdfont,1,/Users/j.harris/code/cruisin-usa/BONUS.ASM:1272,,
ommdfont_I,1,/Users/j.harris/code/cruisin-usa/TEXT.ASM:38,,
osg10fnt,1,/Users/j.harris/code/cruisin-usa/WAVE.ASM:386,,
osg10fnt_I,1,/Users/j.harris/code/cruisin-usa/TEXT.ASM:39,,
p0,1,/Users/j.harris/code/cruisin-usa/HSTDP.ASM:63,,
p1,1,/Users/j.harris/code/cruisin-usa/HSTDP.ASM:63,,
p2,1,/Users/j.harris/code/cruisin-usa/HSTDP.ASM:63,,
p3,1,/Users/j.harris/code/cruisin-usa/HSTDP.ASM:63,,
p4,1,/Users/j.harris/code/cruisin-usa/HSTDP.ASM:63,,
p5,1,/Users/j.harris/code/cruisin-usa/HSTDP.ASM:63,,
p6,1,/Users/j.harris/code/cruisin-usa/HSTDP.ASM:63,,
p7,1,/Users/j.harris/code/cruisin-usa/HSTDP.ASM:63,,
p8,1,/Users/j.harris/code/cruisin-usa/HSTDP.ASM:63,,
p9,1,/Users/j.harris/code/cruisin-usa/HSTDP.ASM:63,,
PA,1,/Users/j.harris/code/cruisin-usa/MOTION.ASM:2289,,
PADDING,1,/Users/j.harris/code/cruisin-usa/COMP.ASM:20,,
PALSXFER,1,/Users/j.harris/code/cruisin-usa/PALL.ASM:88,,
pb,1,/Users/j.harris/code/cruisin-usa/HSTDP.ASM:62,,
pbsse,1,/Users/j.harris/code/cruisin-usa/CUSA.ASM:1340,,
pbsss,1,/Users/j.harris/code/cruisin-usa/CUSA.ASM:1339,,
pc,1,/Users/j.harris/code/cruisin-usa/HSTDP.ASM:62,,
PC1XX,1,/Users/j.harris/code/cruisin-usa/COLLA.ASM:278,,
PC2B,1,/Users/j.harris/code/cruisin-usa/COLLA.ASM:333,,
PC3A,1,/Users/j.harris/code/cruisin-usa/COLLA.ASM:470,,
PCOLLX,1,/Users/j.harris/code/cruisin-usa/COLLA.ASM:369,,
pd,1,/Users/j.harris/code/cruisin-usa/HSTDP.ASM:62,,
pe,1,/Users/j.harris/code/cruisin-usa/HSTDP.ASM:62,,
PEDALFALSE,1,/Users/j.harris/code/cruisin-usa/INTRO.ASM:2702,,
pend,1,/Users/j.harris/code/cruisin-usa/HSTDP.ASM:63,,
pet,1,/Users/j.harris/code/cruisin-usa/HEADS.ASM:76,,
pf,1,/Users/j.harris/code/cruisin-usa/HSTDP.ASM:62,,
pg,1,/Users/j.harris/code/cruisin-usa/HSTDP.ASM:62,,
ph,1,/Users/j.harris/code/cruisin-usa/HSTDP.ASM:62,,
pi,1,/Users/j.harris/code/cruisin-usa/HSTDP.ASM:62,,
pj,1,/Users/j.harris/code/cruisin-usa/HSTDP.ASM:62,,
pk,1,/Users/j.harris/code/cruisin-usa/HSTDP.ASM:62,,
pl,1,/Users/j.harris/code/cruisin-usa/HSTDP.ASM:62,,
plate,1,/Users/j.harris/code/cruisin-usa/HSTDP.ASM:38,,
PLDRAFTVAL,1,/Users/j.harris/code/cruisin-usa/RACER.EQU:14,,
PLMSAV,1,/Users/j.harris/code/cruisin-usa/PLYR.ASM:95,,
PLOTPOLY0,1,/Users/j.harris/code/cruisin-usa/DIRQ.ASM:1323,,
PLSNDX,1,/Users/j.harris/code/cruisin-usa/PLYR.ASM:3376,,
PLTXX,1,/Users/j.harris/code/cruisin-usa/DIRQ.ASM:2219,,
plyr1I,1,/Users/j.harris/code/cruisin-usa/GLOBALS.EQU:99,,
PLYRSPD00,1,/Users/j.harris/code/cruisin-usa/PLYR.ASM:653,,
PLYRSPIN,1,/Users/j.harris/code/cruisin-usa/COLLA.ASM:3546,,
PLYSLP,1,/Users/j.harris/code/cruisin-usa/PLYR.ASM:1037,,
pm,1,/Users/j.harris/code/cruisin-usa/HSTDP.ASM:62,,
PMSAV,1,/Users/j.harris/code/cruisin-usa/PLYR.ASM:96,,
pn,1,/Users/j.harris/code/cruisin-usa/HSTDP.ASM:62,,
POWERUP_INITIALIZE_GALIL,1,/Users/j.harris/code/cruisin-usa/GLOBALS.EQU:483,,
POWERUP_MODE,1,/Users/j.harris/code/cruisin-usa/GLOBALS.EQU:144,,
pp,1,/Users/j.harris/code/cruisin-usa/HSTDP.ASM:62,,
pq,1,/Users/j.harris/code/cruisin-usa/HSTDP.ASM:62,,
pr,1,/Users/j.harris/code/cruisin-usa/HSTDP.ASM:62,,
PR,1,/Users/j.harris/code/cruisin-usa/MOTION.ASM:2284,,
preseal2,1,/Users/j.harris/code/cruisin-usa/HOTTUB.ASM:117,,
PRESS_CODEX,1,/Users/j.harris/code/cruisin-usa/HSTDP.ASM:1412,,
PRR_NONRITE,1,/Users/j.harris/code/cruisin-usa/DRONES.ASM:1380,,
ps,1,/Users/j.harris/code/cruisin-usa/HSTDP.ASM:63,,
PSORTL,1,/Users/j.harris/code/cruisin-usa/OBJ.ASM:859,,
PSYCHO_RHO,1,/Users/j.harris/code/cruisin-usa/DRONES.ASM:47,,
pt,1,/Users/j.harris/code/cruisin-usa/HSTDP.ASM:63,,
ptruckg_p,1,/Users/j.harris/code/cruisin-usa/WAVE.ASM:803,,
PTS,1,/Users/j.harris/code/cruisin-usa/DELTA.EQU:62,,
pu,1,/Users/j.harris/code/cruisin-usa/HSTDP.ASM:63,,
PULFORM,1,/Users/j.harris/code/cruisin-usa/GLOBALS.EQU:340,,
PULINS,1,/Users/j.harris/code/cruisin-usa/GLOBALS.EQU:340,,
pv,1,/Users/j.harris/code/cruisin-usa/HSTDP.ASM:63,,
pw,1,/Users/j.harris/code/cruisin-usa/HSTDP.ASM:63,,
px,1,/Users/j.harris/code/cruisin-usa/HSTDP.ASM:63,,
py,1,/Users/j.harris/code/cruisin-usa/HSTDP.ASM:63,,
pz,1,/Users/j.harris/code/cruisin-usa/HSTDP.ASM:63,,
Q,1,/Users/j.harris/code/cruisin-usa/MOTION.ASM:1948,,
QMAKEOBJ,1,/Users/j.harris/code/cruisin-usa/OBJ.EQU:10,,
racemap_grp,1,/Users/j.harris/code/cruisin-usa/TRACKSEL.ASM:128,,
rad1,1,/Users/j.harris/code/cruisin-usa/HOTTUB.ASM:416,,
rad2,1,/Users/j.harris/code/cruisin-usa/HOTTUB.ASM:416,,
rad3,1,/Users/j.harris/code/cruisin-usa/HOTTUB.ASM:416,,
rad4,1,/Users/j.harris/code/cruisin-usa/HOTTUB.ASM:416,,
rad5,1,/Users/j.harris/code/cruisin-usa/HOTTUB.ASM:416,,
rad6,1,/Users/j.harris/code/cruisin-usa/HOTTUB.ASM:416,,
rad7,1,/Users/j.harris/code/cruisin-usa/HOTTUB.ASM:416,,
rad8,1,/Users/j.harris/code/cruisin-usa/HOTTUB.ASM:416,,
rad9,1,/Users/j.harris/code/cruisin-usa/HOTTUB.ASM:416,,
RAMRPT,1,/Users/j.harris/code/cruisin-usa/MEMTEST.ASM:1003,,
RATING_TAG,1,/Users/j.harris/code/cruisin-usa/GLOBALS.EQU:413,,
RBUFF_PTR,1,/Users/j.harris/code/cruisin-usa/COMM.EQU:142,,
rdflm1,1,/Users/j.harris/code/cruisin-usa/BACKGRND.ASM:1502,,
rdflm10,1,/Users/j.harris/code/cruisin-usa/BACKGRND.ASM:1503,,
rdflm11,1,/Users/j.harris/code/cruisin-usa/BACKGRND.ASM:1503,,
rdflm12,1,/Users/j.harris/code/cruisin-usa/BACKGRND.ASM:1503,,
rdflm2,1,/Users/j.harris/code/cruisin-usa/BACKGRND.ASM:1502,,
rdflm3,1,/Users/j.harris/code/cruisin-usa/BACKGRND.ASM:1502,,
rdflm4,1,/Users/j.harris/code/cruisin-usa/BACKGRND.ASM:1502,,
rdflm5,1,/Users/j.harris/code/cruisin-usa/BACKGRND.ASM:1502,,
rdflm6,1,/Users/j.harris/code/cruisin-usa/BACKGRND.ASM:1502,,
rdflm7,1,/Users/j.harris/code/cruisin-usa/BACKGRND.ASM:1503,,
rdflm8,1,/Users/j.harris/code/cruisin-usa/BACKGRND.ASM:1503,,
rdflm9,1,/Users/j.harris/code/cruisin-usa/BACKGRND.ASM:1503,,
RDYBUFF_PTR,1,/Users/j.harris/code/cruisin-usa/GLOBALS.EQU:194,,
RDYSBUFF_LEN,1,/Users/j.harris/code/cruisin-usa/GLOBALS.EQU:193,,
RECEIVE_BUFFER_SIZE,1,/Users/j.harris/code/cruisin-usa/COMM.EQU:135,,
REGISTER,1,/Users/j.harris/code/cruisin-usa/DELTA.EQU:81,,
REGISTER_RACER,1,/Users/j.harris/code/cruisin-usa/DELTA.EQU:53,,
REGULAR_START,1,/Users/j.harris/code/cruisin-usa/BACKGRND.ASM:161,,
RESET_ALL_TIME_CMOS,1,/Users/j.harris/code/cruisin-usa/CMOS.EQU:345,,
RESET_CMOS,1,/Users/j.harris/code/cruisin-usa/CMOS.EQU:320,,
RESETMOTIONANYWAY,1,/Users/j.harris/code/cruisin-usa/MOTION.ASM:926,,
RESUME_TUNE_MK,1,/Users/j.harris/code/cruisin-usa/GLOBALS.EQU:592,,
RIGHT_SIDE,1,/Users/j.harris/code/cruisin-usa/SMOKE.ASM:821,,
ROLC,1,/Users/j.harris/code/cruisin-usa/COIN.ASM:525,,
ROXX,1,/Users/j.harris/code/cruisin-usa/RACER.ASM:1642,,
rpm,1,/Users/j.harris/code/cruisin-usa/HUD.ASM:213,,
RPM,1,/Users/j.harris/code/cruisin-usa/HUD.ASM:562,,
rpm_p,1,/Users/j.harris/code/cruisin-usa/HUD.ASM:598,,
rpmauto,1,/Users/j.harris/code/cruisin-usa/HUD.ASM:233,,
rpmman,1,/Users/j.harris/code/cruisin-usa/HUD.ASM:225,,
RR_CARSI,1,/Users/j.harris/code/cruisin-usa/GLOBALS.EQU:560,,
RS1L,1,/Users/j.harris/code/cruisin-usa/COLLA.ASM:521,,
RS3L,1,/Users/j.harris/code/cruisin-usa/COLLA.ASM:587,,
rut,1,/Users/j.harris/code/cruisin-usa/BACKGRND.ASM:1698,,
rut2,1,/Users/j.harris/code/cruisin-usa/BACKGRND.ASM:1698,,
rut3,1,/Users/j.harris/code/cruisin-usa/BACKGRND.ASM:1698,,
S2,1,/Users/j.harris/code/cruisin-usa/VANTAB.INC:12,,
SBUFF_LEN,1,/Users/j.harris/code/cruisin-usa/COMM.EQU:141,,
SBUFF_PTR,1,/Users/j.harris/code/cruisin-usa/COMM.EQU:140,,
SBUFF_PTR_STRT,1,/Users/j.harris/code/cruisin-usa/COMM.EQU:140,,
sbusp,1,/Users/j.harris/code/cruisin-usa/WAVE.ASM:852,,
sbuspm,1,/Users/j.harris/code/cruisin-usa/INTRO.ASM:2333,,
scred1,1,/Users/j.harris/code/cruisin-usa/HUD.ASM:455,,
scred10,1,/Users/j.harris/code/cruisin-usa/HUD.ASM:464,,
scred2,1,/Users/j.harris/code/cruisin-usa/HUD.ASM:456,,
scred3,1,/Users/j.harris/code/cruisin-usa/HUD.ASM:457,,
scred4,1,/Users/j.harris/code/cruisin-usa/HUD.ASM:458,,
scred5,1,/Users/j.harris/code/cruisin-usa/HUD.ASM:459,,
scred6,1,/Users/j.harris/code/cruisin-usa/HUD.ASM:460,,
scred7,1,/Users/j.harris/code/cruisin-usa/HUD.ASM:461,,
scred8,1,/Users/j.harris/code/cruisin-usa/HUD.ASM:462,,
scred9,1,/Users/j.harris/code/cruisin-usa/HUD.ASM:463,,
scroll,1,/Users/j.harris/code/cruisin-usa/HSTDP.ASM:37,,
scroll_gr2,1,/Users/j.harris/code/cruisin-usa/HSTDP.ASM:213,,
SECTION_SETUP,1,/Users/j.harris/code/cruisin-usa/GLOBALS.EQU:498,,
SEND_BUFFER_B_LEN,1,/Users/j.harris/code/cruisin-usa/GLOBALS.EQU:184,,
SEND_BUFFER_BI,1,/Users/j.harris/code/cruisin-usa/GLOBALS.EQU:188,,
SEND_BUFFER_SIZE,1,/Users/j.harris/code/cruisin-usa/COMM.EQU:136,,
SET_CHECKSUM,1,/Users/j.harris/code/cruisin-usa/CMOS.EQU:329,,
SETAS_HIDDEN,1,/Users/j.harris/code/cruisin-usa/INTRO.ASM:2353,,
SETFIXEDFONT15DS,1,/Users/j.harris/code/cruisin-usa/TEXT.EQU:17,,
shldr2_gtmp_p,1,/Users/j.harris/code/cruisin-usa/INTRO.ASM:3685,,
SKIDP,1,/Users/j.harris/code/cruisin-usa/GLOBALS.EQU:572,,
SKIP_MIN,1,/Users/j.harris/code/cruisin-usa/COIN.ASM:152,,
smoa,1,/Users/j.harris/code/cruisin-usa/BACKGRND.ASM:1496,,
smob,1,/Users/j.harris/code/cruisin-usa/BACKGRND.ASM:1496,,
smoc,1,/Users/j.harris/code/cruisin-usa/BACKGRND.ASM:1496,,
smod,1,/Users/j.harris/code/cruisin-usa/BACKGRND.ASM:1496,,
smoe,1,/Users/j.harris/code/cruisin-usa/BACKGRND.ASM:1496,,
smof,1,/Users/j.harris/code/cruisin-usa/BACKGRND.ASM:1496,,
smoke,1,/Users/j.harris/code/cruisin-usa/WAVE.ASM:382,,
SMOKE_CONT,1,/Users/j.harris/code/cruisin-usa/SMOKE.ASM:116,,
SNDEND,1,/Users/j.harris/code/cruisin-usa/SND.ASM:28,,
sndtab,1,/Users/j.harris/code/cruisin-usa/SNDTABA.ASM:15,,
space,1,/Users/j.harris/code/cruisin-usa/UTIL.ASM:55,,
SPAIN5,1,/Users/j.harris/code/cruisin-usa/COINTAB.ASM:1021,,
SPAIN6,1,/Users/j.harris/code/cruisin-usa/COINTAB.ASM:1035,,
sparc9,1,/Users/j.harris/code/cruisin-usa/FLAME.ASM:35,,
SPARK_COLLA_PROC,1,/Users/j.harris/code/cruisin-usa/GLOBALS.EQU:608,,
SPEEDHIT,1,/Users/j.harris/code/cruisin-usa/BONUS.ASM:483,,
SPININIT,1,/Users/j.harris/code/cruisin-usa/GLOBALS.EQU:345,,
SPLAT_DIE,1,/Users/j.harris/code/cruisin-usa/ROADKILL.ASM:1313,,
SRAMTEST,1,/Users/j.harris/code/cruisin-usa/CMOS.EQU:300,,
stagent1,1,/Users/j.harris/code/cruisin-usa/HOTTUB.ASM:419,,
stagent3,1,/Users/j.harris/code/cruisin-usa/HOTTUB.ASM:419,,
star,1,/Users/j.harris/code/cruisin-usa/BONUS.ASM:1590,,
startgame,1,/Users/j.harris/code/cruisin-usa/INTRO.ASM:3166,,
STATE,1,/Users/j.harris/code/cruisin-usa/CUSA.ASM:118,,
STR23DF,1,/Users/j.harris/code/cruisin-usa/GLOBALS.EQU:337,,
STR2FORM,1,/Users/j.harris/code/cruisin-usa/GLOBALS.EQU:339,,
STR2FORMOFFSET,1,/Users/j.harris/code/cruisin-usa/GLOBALS.EQU:338,,
SW1BANK,1,/Users/j.harris/code/cruisin-usa/DIAG.ASM:878,,
SW2BANK,1,/Users/j.harris/code/cruisin-usa/DIAG.ASM:879,,
sys,1,/Users/j.harris/code/cruisin-usa/COINTAB.ASM:14,,
SYSCNTL_OC,1,/Users/j.harris/code/cruisin-usa/CUSA.ASM:2199,,
TACH_GRADIENT,1,/Users/j.harris/code/cruisin-usa/HUD.ASM:569,,
ted,1,/Users/j.harris/code/cruisin-usa/HEADS.ASM:78,,
TEXTTAB,1,/Users/j.harris/code/cruisin-usa/TEXT.ASM:15,,
texttab,1,/Users/j.harris/code/cruisin-usa/TEXTTAB.ASM:10,,
THETEXT,1,/Users/j.harris/code/cruisin-usa/MACS.EQU:502,,
TILTWORLD,1,/Users/j.harris/code/cruisin-usa/GLOBALS.EQU:614,,
TOCONTX,1,/Users/j.harris/code/cruisin-usa/COIN.ASM:1269,,
TOFORM,1,/Users/j.harris/code/cruisin-usa/GLOBALS.EQU:340,,
toxic,1,/Users/j.harris/code/cruisin-usa/WAVE.ASM:819,,
TRACK_PIECE,1,/Users/j.harris/code/cruisin-usa/DRONES.ASM:665,,
TRAFFIC,1,/Users/j.harris/code/cruisin-usa/DELTA.EQU:55,,
TREESHKL1,1,/Users/j.harris/code/cruisin-usa/COLLA.ASM:1910,,
trm1,1,/Users/j.harris/code/cruisin-usa/TRANS.ASM:1117,,
trm4,1,/Users/j.harris/code/cruisin-usa/TRANS.ASM:1117,,
TTXT,1,/Users/j.harris/code/cruisin-usa/DIAG.ASM:1507,,
TUNCHKX,1,/Users/j.harris/code/cruisin-usa/PLYR.ASM:2669,,
TURNOBJ,1,/Users/j.harris/code/cruisin-usa/TRACKSEL.ASM:26,,
ungh1_blue,1,/Users/j.harris/code/cruisin-usa/BACKGRND.ASM:1706,,
ungh1_green,1,/Users/j.harris/code/cruisin-usa/BACKGRND.ASM:1706,,
ungh1_silver,1,/Users/j.harris/code/cruisin-usa/BACKGRND.ASM:1706,,
ungh1_skin,1,/Users/j.harris/code/cruisin-usa/BACKGRND.ASM:1707,,
ungh1_yellow,1,/Users/j.harris/code/cruisin-usa/BACKGRND.ASM:1707,,
UPDTFORM,1,/Users/j.harris/code/cruisin-usa/GLOBALS.EQU:342,,
USA10,1,/Users/j.harris/code/cruisin-usa/COINTAB.ASM:477,,
USA11,1,/Users/j.harris/code/cruisin-usa/COINTAB.ASM:491,,
USA12,1,/Users/j.harris/code/cruisin-usa/COINTAB.ASM:505,,
USA4,1,/Users/j.harris/code/cruisin-usa/COINTAB.ASM:392,,
USA5,1,/Users/j.harris/code/cruisin-usa/COINTAB.ASM:406,,
USA6,1,/Users/j.harris/code/cruisin-usa/COINTAB.ASM:420,,
USA9,1,/Users/j.harris/code/cruisin-usa/COINTAB.ASM:463,,
UTEXT,1,/Users/j.harris/code/cruisin-usa/MACS.EQU:638,,
VALID_RACENUM,1,/Users/j.harris/code/cruisin-usa/GLOBALS.EQU:634,,
VANTAB,1,/Users/j.harris/code/cruisin-usa/HEADS.ASM:488,,
VECT_COLL,1,/Users/j.harris/code/cruisin-usa/GLOBALS.EQU:456,,
VEHICLES,1,/Users/j.harris/code/cruisin-usa/DELTA.EQU:36,,
VEHICLESI,1,/Users/j.harris/code/cruisin-usa/DELTA.EQU:36,,
vince,1,/Users/j.harris/code/cruisin-usa/HEADS.ASM:80,,
VLINST,1,/Users/j.harris/code/cruisin-usa/COLLA.ASM:874,,
VLQUAD,1,/Users/j.harris/code/cruisin-usa/COLLA.ASM:899,,
vunit,1,/Users/j.harris/code/cruisin-usa/COINTAB.ASM:10,,
w1,1,/Users/j.harris/code/cruisin-usa/BACKGRND.ASM:1547,,
w10,1,/Users/j.harris/code/cruisin-usa/BACKGRND.ASM:1547,,
w2,1,/Users/j.harris/code/cruisin-usa/BACKGRND.ASM:1547,,
w3,1,/Users/j.harris/code/cruisin-usa/BACKGRND.ASM:1547,,
w4,1,/Users/j.harris/code/cruisin-usa/BACKGRND.ASM:1547,,
w5,1,/Users/j.harris/code/cruisin-usa/BACKGRND.ASM:1547,,
w6,1,/Users/j.harris/code/cruisin-usa/BACKGRND.ASM:1547,,
w7,1,/Users/j.harris/code/cruisin-usa/BACKGRND.ASM:1547,,
w8,1,/Users/j.harris/code/cruisin-usa/BACKGRND.ASM:1547,,
w9,1,/Users/j.harris/code/cruisin-usa/BACKGRND.ASM:1547,,
whitehse_grp,1,/Users/j.harris/code/cruisin-usa/HOTTUB.ASM:151,,
wtra_I,1,/Users/j.harris/code/cruisin-usa/INFIN.ASM:849,,
wtra_p,1,/Users/j.harris/code/cruisin-usa/INFIN.ASM:790,,
WV1,1,/Users/j.harris/code/cruisin-usa/ATTRDRNE.ASM:534,,
x1,1,/Users/j.harris/code/cruisin-usa/SMOKE.ASM:366,,
x10,1,/Users/j.harris/code/cruisin-usa/SMOKE.ASM:366,,
x2,1,/Users/j.harris/code/cruisin-usa/SMOKE.ASM:366,,
x3,1,/Users/j.harris/code/cruisin-usa/SMOKE.ASM:366,,
x4,1,/Users/j.harris/code/cruisin-usa/SMOKE.ASM:366,,
x5,1,/Users/j.harris/code/cruisin-usa/SMOKE.ASM:366,,
x6,1,/Users/j.harris/code/cruisin-usa/SMOKE.ASM:366,,
x7,1,/Users/j.harris/code/cruisin-usa/SMOKE.ASM:366,,
x8,1,/Users/j.harris/code/cruisin-usa/SMOKE.ASM:366,,
x9,1,/Users/j.harris/code/cruisin-usa/SMOKE.ASM:366,,
xion,1,/Users/j.harris/code/cruisin-usa/HEADS.ASM:77,,
XYZ,1,/Users/j.harris/code/cruisin-usa/MOTION.ASM:451,,
ZCLIP1,1,/Users/j.harris/code/cruisin-usa/DIRQ.ASM:2826,,
